{"type": "FeatureCollection", "features": [{"type": "Feature", "properties": {"band_id": "over_60", "order": 0}, "geometry": {"type": "MultiPolygon", "coordinates": [[[[-1.8304835526365264, 55.09251062748355], [-1.8295651311054826, 55.09197570098331], [-1.8282540848013014, 55.09197570098331], [-1.8275985616492108, 55.0915938973194], [-1.8282540848013014, 55.091212093655486], [-1.8295651311054826, 55.091212093655486], [-1.8308761774096638, 55.09044848632766], [-1.8320511930244128, 55.090334423425205], [-1.8304835526365264, 55.09251062748355]]], [[[-1.532140807488463, 55.13762747839096], [-1.531886428078406, 55.13770840466268], [-1.52339357512731, 55.140174456300265], [-1.522990215524174, 55.14028079916774], [-1.5229858372655793, 55.14028195274142], [-1.5214692496228963, 55.13998751172039], [-1.520649845682783, 55.14046476630028], [-1.518355514650466, 55.14122837362811], [-1.518355514650466, 55.13893755164463], [-1.5170444683462847, 55.13741033698898], [-1.5122919254936278, 55.13464226042561], [-1.5052450516086537, 55.13130147836637], [-1.4978704161476344, 55.127006187147344], [-1.4970510122075211, 55.127483441727236], [-1.4970510122075211, 55.12824704905506], [-1.4996731048158836, 55.13053787103854], [-1.508850428945152, 55.13664672966115], [-1.5101614752493333, 55.138173944316804], [-1.5127835678576957, 55.14046476630028], [-1.5143625655169677, 55.14230411275112], [-1.522050094588275, 55.14052850010673], [-1.510878348555858, 55.14310887324498], [-1.499326877445998, 55.14506646099529], [-1.493521963897818, 55.14571304890859], [-1.490588242341418, 55.14627654263608], [-1.479207610298336, 55.147808437758805], [-1.467627742650556, 55.148729743832796], [-1.467602998535121, 55.148731046062416], [-1.453592768681917, 55.14901991683244], [-1.439613266601937, 55.14841581908839], [-1.425837782463112, 55.14692624330831], [-1.425795312742079, 55.14692023269272], [-1.413707859985736, 55.14483651444099], [-1.402045685325968, 55.14207071207527], [-1.390925866380586, 55.138650616331496], [-1.38045995206584, 55.134610583849096], [-1.374013566210381, 55.13154310101383], [-1.372273258631707, 55.13085409540585], [-1.37187862008546, 55.13068264991121], [-1.367277776529422, 55.128585179850354], [-1.367179135721609, 55.12853801482555], [-1.359050595262404, 55.12429296682101], [-1.351599724880227, 55.11965797919321], [-1.351524860728135, 55.119607120463144], [-1.345587961399884, 55.11524509621535], [-1.340251555473553, 55.11063542987034], [-1.340083124089021, 55.11047708261677], [-1.333694861850742, 55.103677869284404], [-1.333638813126278, 55.103609717481845], [-1.329089516717215, 55.09732671381071], [-1.328875294106277, 55.096986408445154], [-1.328317443308135, 55.096081436655545], [-1.32820791911176, 55.09589993121436], [-1.323624129291114, 55.086142039720826], [-1.323592603850124, 55.0860496084586], [-1.321994909187429, 55.079838083852266], [-1.318996517700036, 55.077305128432194], [-1.314012435456128, 55.072268666394905], [-1.313951873895061, 55.072201311392384], [-1.309281719026878, 55.06638853035162], [-1.305594424466418, 55.06046985063001], [-1.299235137643062, 55.05568287767271], [-1.299161821055126, 55.0556218158624], [-1.292588787256842, 55.04951913612348], [-1.287103486853615, 55.04307223716709], [-1.282759522978047, 55.03634474935797], [-1.282209665547398, 55.03513716728323], [-1.279547956584645, 55.030610507274666], [-1.27878412860237, 55.02859626710192], [-1.278080619930722, 55.02803254661098], [-1.278125814442227, 55.02801393514947], [-1.27388913910806, 55.02467028193094], [-1.273588891569633, 55.024376236727456], [-1.270658163708995, 55.02288854110832], [-1.27051186526637, 55.02280443490339], [-1.262214509578004, 55.01753995997923], [-1.254858199709591, 55.011832709677584], [-1.248513718054659, 55.005737921929395], [-1.243241969010355, 54.99931455936171], [-1.239521293916411, 54.99331484385863], [-1.2359263079093, 54.98833680832908], [-1.23221696923388, 54.981200717582105], [-1.231850139423733, 54.98008804246671], [-1.23131508253095, 54.97903166627434], [-1.230905195978257, 54.97772107660165], [-1.228979202196657, 54.97360620573804], [-1.228843859938567, 54.9732434724224], [-1.226665661614722, 54.96524406254254], [-1.226056147609292, 54.957154688845414], [-1.226076706559333, 54.9569827832458], [-1.2260001119846, 54.95622576031582], [-1.226423384324445, 54.94943447118868], [-1.227213358609755, 54.94595272119865], [-1.227360414351794, 54.94448078564379], [-1.228324015884405, 54.940908593807166], [-1.228775551232993, 54.938358226628374], [-1.229512173544441, 54.936255828860816], [-1.22776950380395, 54.930846330931594], [-1.22776378005315, 54.93082122529025], [-1.226822824252898, 54.924663403421704], [-1.226798669778004, 54.918481794383496], [-1.226801075945323, 54.918447597102585], [-1.226815816362816, 54.91834391495384], [-1.225265675292141, 54.91158891031091], [-1.225257950795489, 54.91153200283004], [-1.224896645414412, 54.904582881422286], [-1.225695109863999, 54.89764587807723], [-1.227645371674269, 54.890785096853854], [-1.227722404161881, 54.89061721372766], [-1.227610251006896, 54.89046173879081], [-1.223936924117286, 54.88342691738036], [-1.221521778971969, 54.87621346822484], [-1.220389092263427, 54.868895928013856], [-1.220549863925591, 54.861549868503246], [-1.221022433229912, 54.85917449294248], [-1.221619524904511, 54.853065339385054], [-1.223605685348827, 54.845846262724955], [-1.22684375843205, 54.83877969169384], [-1.231300057300741, 54.831937737498976], [-1.236928528280086, 54.82539018384165], [-1.24367124234552, 54.81920377922588], [-1.251459003737777, 54.813441561360655], [-1.260212068841454, 54.80816222029474], [-1.269840967519029, 54.80341950649453], [-1.280247418261039, 54.79926168959743], [-1.291325327778641, 54.79573107304828], [-1.295562815151068, 54.79468703776717], [-1.297694230984702, 54.7935086350784], [-1.298935471644004, 54.7916178323055], [-1.300899096510787, 54.78602932649395], [-1.303822641463332, 54.78023565946273], [-1.303855788337667, 54.78017889195666], [-1.30749838892497, 54.77468755137636], [-1.3062904844866954, 54.7765085071743], [-1.3110463178018108, 54.77927850023843], [-1.3110463178018108, 54.78004210756626], [-1.3143239335622638, 54.781951125885826], [-1.315634979866445, 54.781951125885826], [-1.317601549322717, 54.783096536877565], [-1.317601549322717, 54.78462375153322], [-1.315634979866445, 54.78576916252496], [-1.3149794567143545, 54.785387358861044], [-1.3149794567143545, 54.78386014420539], [-1.3143239335622638, 54.78347834054148], [-1.3130128872580826, 54.78347834054148], [-1.3103907946497202, 54.781951125885826], [-1.309571390709607, 54.78233292954974], [-1.3082603444054257, 54.785387358861044], [-1.3082603444054257, 54.7869145735167], [-1.309571390709607, 54.789205395500176], [-1.309571390709607, 54.79836868343409], [-1.3108824370137881, 54.80065950541757], [-1.3108824370137881, 54.80218672007322], [-1.3121934833179694, 54.812113615334965], [-1.3148155759263318, 54.814404437318444], [-1.3187487148388755, 54.82127690326888], [-1.3187487148388755, 54.824331332580186], [-1.3200597611430567, 54.826622154563665], [-1.3226818537514191, 54.82967658387497], [-1.3253039463597815, 54.837312657153234], [-1.3266149926639628, 54.83883987180889], [-1.327434396604076, 54.83931712638878], [-1.3305481315765064, 54.84036708646454], [-1.3318591778806876, 54.84189430112019], [-1.3357923167932313, 54.8449487304315], [-1.3384144094015937, 54.847239552414976], [-1.3449696409224998, 54.85487562569324], [-1.346280687226681, 54.857930055004545], [-1.3475917335308623, 54.86556612828281], [-1.3528359187475871, 54.87167498690542], [-1.3541469650517683, 54.8739658088889], [-1.3541469650517683, 54.880838274839334], [-1.3554580113559496, 54.88236548949499], [-1.358080103964312, 54.886947133461945], [-1.3593911502684932, 54.890765170101076], [-1.3593911502684932, 54.89381959941238], [-1.3607021965726744, 54.899164850707166], [-1.3602105542086065, 54.90021481078293], [-1.351524872443406, 54.90527370932978], [-1.3523442763835192, 54.90575096390967], [-1.3528359187475871, 54.90680092398543], [-1.3528359187475871, 54.907564531313255], [-1.3607021965726744, 54.91672781924717], [-1.3615216005127877, 54.91720507382706], [-1.3636520507570822, 54.915964211919345], [-1.3667657857295126, 54.91338703718793], [-1.3703712224960327, 54.91233825683594], [-1.3685684743977617, 54.91443699726369], [-1.3685684743977617, 54.91520060459152], [-1.3672574280935805, 54.917491426575], [-1.3672574280935805, 54.918255033902824], [-1.3662741433654446, 54.918255033902824], [-1.3654547394253314, 54.91777777932293], [-1.362832646816969, 54.91777777932293], [-1.3620132428768557, 54.918255033902824], [-1.3633242891810369, 54.92360028519761], [-1.364635335485218, 54.92512749985326], [-1.364635335485218, 54.93123635847587], [-1.3659463817893993, 54.938872431754135], [-1.3633242891810369, 54.94345407572109], [-1.3593911502684932, 54.947272112360224], [-1.3554580113559496, 54.95032654167153], [-1.3554580113559496, 54.95414457831066], [-1.3541469650517683, 54.95643540029414], [-1.3541469650517683, 54.95796261494979], [-1.3554580113559496, 54.96330786624458], [-1.3567690576601308, 54.96483508090023], [-1.358080103964312, 54.96712590288371], [-1.3593911502684932, 54.96865311753936], [-1.3607021965726744, 54.97094393952284], [-1.3654547394253314, 54.97371201608621], [-1.369879520701943, 54.9755255834898], [-1.3706989246420562, 54.97600283806969], [-1.3777457985270303, 54.9785800128011], [-1.3803678911353927, 54.98087083478458], [-1.3798762487713248, 54.98268440218817], [-1.3790568448312115, 54.98316165676806], [-1.3803678911353927, 54.98545247875154], [-1.381187295075506, 54.98592973333143], [-1.3890535729005933, 54.98898416264274], [-1.3903646192047745, 54.98898416264274], [-1.393478354177205, 54.9900341227185], [-1.3969198507256806, 54.99203859195404], [-1.4013446320022922, 54.99385215935763], [-1.4021640359424055, 54.99432941393752], [-1.4078998635231983, 54.996906588668935], [-1.4105219561315607, 54.999197410652414], [-1.4131440487399232, 55.00377905461937], [-1.411833002435742, 55.00606987660285], [-1.4126524063758552, 55.00654713118274], [-1.41789659159258, 55.00425630919926], [-1.4249434654775541, 55.0075970912585], [-1.4257628694176674, 55.008074345838395], [-1.4310070546343923, 55.00731073851057], [-1.4388733324594796, 55.00501991652709], [-1.4396927363995928, 55.0045426619472], [-1.441003782703774, 55.00225183996372], [-1.441003782703774, 54.996906588668935], [-1.4449369216163177, 54.99232494470198], [-1.4475590142246801, 54.9900341227185], [-1.4488700605288614, 54.988506908062845], [-1.453294841805473, 54.98669334065926], [-1.4559169344138354, 54.98592973333143], [-1.459850073326379, 54.985166126003605], [-1.465094258543104, 54.985166126003605], [-1.4703384437598288, 54.98669334065926], [-1.5122919254936278, 54.98669334065926], [-1.5175361107103527, 54.98592973333143], [-1.52540238853544, 54.98440251867578], [-1.5262217924755532, 54.98392526409589], [-1.5301549313880969, 54.98087083478458], [-1.531465977692278, 54.97934362012893], [-1.5327770239964593, 54.976289190817624], [-1.5340880703006405, 54.96712590288371], [-1.537201805273071, 54.96149429884099], [-1.5411349441856146, 54.96073069151316], [-1.5476901757065207, 54.95996708418534], [-1.5503122683148831, 54.95920347685751], [-1.5533655881881714, 54.95977783203125], [-1.5503122683148831, 54.95977618235338], [-1.5463791294023395, 54.96130339700903], [-1.5424459904897958, 54.96206700433686], [-1.5385128515772521, 54.96359421899251], [-1.5363824013329577, 54.96483508090023], [-1.5350713550287765, 54.971707546850666], [-1.5337603087245952, 54.97934362012893], [-1.532449262420414, 54.98163444211241], [-1.5311382161162328, 54.98316165676806], [-1.5301549313880969, 54.98545247875154], [-1.5293355274479836, 54.98497522417165], [-1.5280244811438024, 54.98497522417165], [-1.5240913422312587, 54.9865024388273], [-1.5175361107103527, 54.98726604615513], [-1.5096698328852654, 54.988029653482954], [-1.4821378604974598, 54.988029653482954], [-1.4559169344138354, 54.98879326081078], [-1.453294841805473, 54.98955686813861], [-1.4511643915611785, 54.990797730046324], [-1.448542298952816, 54.9930885520298], [-1.4472312526486348, 54.99537937401328], [-1.4472312526486348, 54.99614298134111], [-1.4446091600402724, 55.00072462530807], [-1.4446091600402724, 55.00225183996372], [-1.4375622861552984, 55.00788344400644], [-1.4336291472427547, 55.008647051334265], [-1.4314986969984602, 55.00988791324198], [-1.41789659159258, 55.01399230262905], [-1.4157661413482856, 55.01523316453677], [-1.4152744989842176, 55.01628312461253], [-1.4144550950441044, 55.01676037919242], [-1.4157661413482856, 55.01828759384807], [-1.4165855452883989, 55.01876484842796], [-1.4196992802608293, 55.022105630487204], [-1.4249434654775541, 55.02516005979851], [-1.4275655580859166, 55.028214489109814], [-1.4288766043900978, 55.0335597404046], [-1.429696008330211, 55.03403699498449], [-1.430187650694279, 55.03508695506025], [-1.429696008330211, 55.03690052246384], [-1.4288766043900978, 55.03737777704373], [-1.4314986969984602, 55.040432206355035], [-1.434940193546936, 55.04243667559058], [-1.4432981137360912, 55.046541064977646], [-1.4446091600402724, 55.0480682796333], [-1.4472312526486348, 55.04959549428895], [-1.448542298952816, 55.05188631627243], [-1.4498533452569973, 55.05341353092808], [-1.4511643915611785, 55.05570435291156], [-1.4524754378653597, 55.05952238955069], [-1.453786484169541, 55.06181321153417], [-1.4524754378653597, 55.06639485550113], [-1.4511643915611785, 55.069449284812436], [-1.4519837955012918, 55.06992653939233], [-1.4577196230820846, 55.071740106795914], [-1.4590306693862658, 55.07326732145157], [-1.4616527619946282, 55.07479453610722], [-1.4629638082988095, 55.07632175076287], [-1.4629638082988095, 55.07861257274635], [-1.465094258543104, 55.07985343465407], [-1.4695190398197155, 55.08090339472983], [-1.4695190398197155, 55.08472143136896], [-1.4703384437598288, 55.08519868594885], [-1.478696363948984, 55.08701225335244], [-1.4826295028615277, 55.090066682663746], [-1.4852515954698902, 55.092357504647225], [-1.490495780686615, 55.098466363269836], [-1.4931178732949775, 55.100757185253315], [-1.49573996590334, 55.10533882922027], [-1.4970510122075211, 55.10839325853158], [-1.4970510122075211, 55.11602933180984], [-1.4931178732949775, 55.119083761121146], [-1.4970510122075211, 55.121374583104625], [-1.4970510122075211, 55.12519261974376], [-1.4996731048158836, 55.127483441727236], [-1.501803555060178, 55.128724303634954], [-1.5062283363367897, 55.13053787103854], [-1.507047740276903, 55.13101512561843], [-1.5096698328852654, 55.13177873294626], [-1.520158203318715, 55.13636037691322], [-1.5280244811438024, 55.13712398424104], [-1.5358907589688897, 55.134833162257564], [-1.5385128515772521, 55.134833162257564], [-1.5402882124533852, 55.13470390685195], [-1.542846324026736, 55.133785967677255], [-1.532140807488463, 55.13762747839096]]], [[[-1.557159467598634, 54.737725876528245], [-1.566683575720808, 54.741350926917946], [-1.56177550345776, 54.73948282451491], [-1.561674669604763, 54.739570919191465], [-1.5629857159089442, 54.74033452651929], [-1.5629857159089442, 54.74109813384712], [-1.5660448239650577, 54.742879884286296], [-1.567355870269239, 54.74300715216668], [-1.5686669165734202, 54.74377075949451], [-1.5699779628776014, 54.74377075949451], [-1.5712890091817826, 54.744534366822336], [-1.5726000554859638, 54.746825188805815], [-1.5699779628776014, 54.746825188805815], [-1.5686669165734202, 54.746825188805815], [-1.567355870269239, 54.74695245670896], [-1.5634227313566953, 54.74695245670896], [-1.562111685052514, 54.74771606403679], [-1.5608006387483329, 54.74695245670896], [-1.5594895924441516, 54.746825188805815], [-1.5581785461399704, 54.74606158147799], [-1.5568674998357892, 54.74606158147799], [-1.5562119766836986, 54.745679777814075], [-1.555993468940287, 54.74491617048625], [-1.5546824226361058, 54.74415256315842], [-1.5542454072274268, 54.74377075949451], [-1.5516233146190643, 54.74377075949451], [-1.5509677914669737, 54.743388955830596], [-1.5509677914669737, 54.741861741174944], [-1.549001222010702, 54.740716330183204], [-1.5476901757065207, 54.740716330183204], [-1.5457236062502488, 54.739570919191465], [-1.5483456988586113, 54.73804370453581], [-1.5457236062502488, 54.73651648988016], [-1.5457236062502488, 54.73575288255233], [-1.5463791294023395, 54.73537107888842], [-1.5476901757065207, 54.73537107888842], [-1.549001222010702, 54.736134686216246], [-1.5503122683148831, 54.736134686216246], [-1.5507492837235621, 54.73575288255233], [-1.5507594238225042, 54.73574697654162], [-1.557159467598634, 54.737725876528245]]]]}}, {"type": "Feature", "properties": {"band_id": "under_60", "order": 1}, "geometry": {"type": "MultiPolygon", "coordinates": [[[[-1.5385128515772521, 55.134833162257564], [-1.5358907589688897, 55.134833162257564], [-1.5280244811438024, 55.13712398424104], [-1.520158203318715, 55.13636037691322], [-1.5096698328852654, 55.13177873294626], [-1.507047740276903, 55.13101512561843], [-1.5062283363367897, 55.13053787103854], [-1.501803555060178, 55.128724303634954], [-1.4996731048158836, 55.127483441727236], [-1.4970510122075211, 55.12519261974376], [-1.4970510122075211, 55.121374583104625], [-1.4931178732949775, 55.119083761121146], [-1.4970510122075211, 55.11602933180984], [-1.4970510122075211, 55.10839325853158], [-1.49573996590334, 55.10533882922027], [-1.4931178732949775, 55.100757185253315], [-1.490495780686615, 55.098466363269836], [-1.4852515954698902, 55.092357504647225], [-1.4826295028615277, 55.090066682663746], [-1.478696363948984, 55.08701225335244], [-1.4703384437598288, 55.08519868594885], [-1.4695190398197155, 55.08472143136896], [-1.4695190398197155, 55.08090339472983], [-1.465094258543104, 55.07985343465407], [-1.4629638082988095, 55.07861257274635], [-1.4629638082988095, 55.07632175076287], [-1.4616527619946282, 55.07479453610722], [-1.4590306693862658, 55.07326732145157], [-1.4577196230820846, 55.071740106795914], [-1.4519837955012918, 55.06992653939233], [-1.4511643915611785, 55.069449284812436], [-1.4524754378653597, 55.06639485550113], [-1.453786484169541, 55.06181321153417], [-1.4524754378653597, 55.05952238955069], [-1.4511643915611785, 55.05570435291156], [-1.4498533452569973, 55.05341353092808], [-1.448542298952816, 55.05188631627243], [-1.4472312526486348, 55.04959549428895], [-1.4446091600402724, 55.0480682796333], [-1.4432981137360912, 55.046541064977646], [-1.434940193546936, 55.04243667559058], [-1.4314986969984602, 55.040432206355035], [-1.4288766043900978, 55.03737777704373], [-1.429696008330211, 55.03690052246384], [-1.430187650694279, 55.03508695506025], [-1.429696008330211, 55.03403699498449], [-1.4288766043900978, 55.0335597404046], [-1.4275655580859166, 55.028214489109814], [-1.4249434654775541, 55.02516005979851], [-1.4196992802608293, 55.022105630487204], [-1.4165855452883989, 55.01876484842796], [-1.4157661413482856, 55.01828759384807], [-1.4144550950441044, 55.01676037919242], [-1.4152744989842176, 55.01628312461253], [-1.4157661413482856, 55.01523316453677], [-1.41789659159258, 55.01399230262905], [-1.4314986969984602, 55.00988791324198], [-1.4336291472427547, 55.008647051334265], [-1.4375622861552984, 55.00788344400644], [-1.4446091600402724, 55.00225183996372], [-1.4446091600402724, 55.00072462530807], [-1.4472312526486348, 54.99614298134111], [-1.4472312526486348, 54.99537937401328], [-1.448542298952816, 54.9930885520298], [-1.4511643915611785, 54.990797730046324], [-1.453294841805473, 54.98955686813861], [-1.4559169344138354, 54.98879326081078], [-1.4821378604974598, 54.988029653482954], [-1.5096698328852654, 54.988029653482954], [-1.5175361107103527, 54.98726604615513], [-1.5240913422312587, 54.9865024388273], [-1.5280244811438024, 54.98497522417165], [-1.5293355274479836, 54.98497522417165], [-1.5301549313880969, 54.98545247875154], [-1.5311382161162328, 54.98316165676806], [-1.532449262420414, 54.98163444211241], [-1.5337603087245952, 54.97934362012893], [-1.5350713550287765, 54.971707546850666], [-1.5363824013329577, 54.96483508090023], [-1.5385128515772521, 54.96359421899251], [-1.5424459904897958, 54.96206700433686], [-1.5463791294023395, 54.96130339700903], [-1.5503122683148831, 54.95977618235338], [-1.5533655881881714, 54.95977783203125], [-1.5503122683148831, 54.95920347685751], [-1.5476901757065207, 54.95996708418534], [-1.5411349441856146, 54.96073069151316], [-1.537201805273071, 54.96149429884099], [-1.5340880703006405, 54.96712590288371], [-1.5327770239964593, 54.976289190817624], [-1.531465977692278, 54.97934362012893], [-1.5301549313880969, 54.98087083478458], [-1.5262217924755532, 54.98392526409589], [-1.52540238853544, 54.98440251867578], [-1.5175361107103527, 54.98592973333143], [-1.5122919254936278, 54.98669334065926], [-1.4703384437598288, 54.98669334065926], [-1.465094258543104, 54.985166126003605], [-1.459850073326379, 54.985166126003605], [-1.4559169344138354, 54.98592973333143], [-1.453294841805473, 54.98669334065926], [-1.4488700605288614, 54.988506908062845], [-1.4475590142246801, 54.9900341227185], [-1.4449369216163177, 54.99232494470198], [-1.441003782703774, 54.996906588668935], [-1.441003782703774, 55.00225183996372], [-1.4396927363995928, 55.0045426619472], [-1.4388733324594796, 55.00501991652709], [-1.4310070546343923, 55.00731073851057], [-1.4257628694176674, 55.008074345838395], [-1.4249434654775541, 55.0075970912585], [-1.41789659159258, 55.00425630919926], [-1.4126524063758552, 55.00654713118274], [-1.411833002435742, 55.00606987660285], [-1.4131440487399232, 55.00377905461937], [-1.4105219561315607, 54.999197410652414], [-1.4078998635231983, 54.996906588668935], [-1.4021640359424055, 54.99432941393752], [-1.4013446320022922, 54.99385215935763], [-1.3969198507256806, 54.99203859195404], [-1.393478354177205, 54.9900341227185], [-1.3903646192047745, 54.98898416264274], [-1.3890535729005933, 54.98898416264274], [-1.381187295075506, 54.98592973333143], [-1.3803678911353927, 54.98545247875154], [-1.3790568448312115, 54.98316165676806], [-1.3798762487713248, 54.98268440218817], [-1.3803678911353927, 54.98087083478458], [-1.3777457985270303, 54.9785800128011], [-1.3706989246420562, 54.97600283806969], [-1.369879520701943, 54.9755255834898], [-1.3654547394253314, 54.97371201608621], [-1.3607021965726744, 54.97094393952284], [-1.3593911502684932, 54.96865311753936], [-1.358080103964312, 54.96712590288371], [-1.3567690576601308, 54.96483508090023], [-1.3554580113559496, 54.96330786624458], [-1.3541469650517683, 54.95796261494979], [-1.3541469650517683, 54.95643540029414], [-1.3554580113559496, 54.95414457831066], [-1.3554580113559496, 54.95032654167153], [-1.3593911502684932, 54.947272112360224], [-1.3633242891810369, 54.94345407572109], [-1.3659463817893993, 54.938872431754135], [-1.364635335485218, 54.93123635847587], [-1.364635335485218, 54.92512749985326], [-1.3633242891810369, 54.92360028519761], [-1.3620132428768557, 54.918255033902824], [-1.362832646816969, 54.91777777932293], [-1.3654547394253314, 54.91777777932293], [-1.3662741433654446, 54.918255033902824], [-1.3672574280935805, 54.918255033902824], [-1.3672574280935805, 54.917491426575], [-1.3685684743977617, 54.91520060459152], [-1.3685684743977617, 54.91443699726369], [-1.3703712224960327, 54.91233825683594], [-1.3667657857295126, 54.91338703718793], [-1.3636520507570822, 54.915964211919345], [-1.3615216005127877, 54.91720507382706], [-1.3607021965726744, 54.91672781924717], [-1.3528359187475871, 54.907564531313255], [-1.3528359187475871, 54.90680092398543], [-1.3523442763835192, 54.90575096390967], [-1.351524872443406, 54.90527370932978], [-1.3602105542086065, 54.90021481078293], [-1.3607021965726744, 54.899164850707166], [-1.3593911502684932, 54.89381959941238], [-1.3593911502684932, 54.890765170101076], [-1.358080103964312, 54.886947133461945], [-1.3554580113559496, 54.88236548949499], [-1.3541469650517683, 54.880838274839334], [-1.3541469650517683, 54.8739658088889], [-1.3528359187475871, 54.87167498690542], [-1.3475917335308623, 54.86556612828281], [-1.346280687226681, 54.857930055004545], [-1.3449696409224998, 54.85487562569324], [-1.3384144094015937, 54.847239552414976], [-1.3357923167932313, 54.8449487304315], [-1.3318591778806876, 54.84189430112019], [-1.3305481315765064, 54.84036708646454], [-1.327434396604076, 54.83931712638878], [-1.3266149926639628, 54.83883987180889], [-1.3253039463597815, 54.837312657153234], [-1.3226818537514191, 54.82967658387497], [-1.3200597611430567, 54.826622154563665], [-1.3187487148388755, 54.824331332580186], [-1.3187487148388755, 54.82127690326888], [-1.3148155759263318, 54.814404437318444], [-1.3121934833179694, 54.812113615334965], [-1.3108824370137881, 54.80218672007322], [-1.3108824370137881, 54.80065950541757], [-1.309571390709607, 54.79836868343409], [-1.309571390709607, 54.789205395500176], [-1.3082603444054257, 54.7869145735167], [-1.3082603444054257, 54.785387358861044], [-1.309571390709607, 54.78233292954974], [-1.3103907946497202, 54.781951125885826], [-1.3130128872580826, 54.78347834054148], [-1.3143239335622638, 54.78347834054148], [-1.3149794567143545, 54.78386014420539], [-1.3149794567143545, 54.785387358861044], [-1.315634979866445, 54.78576916252496], [-1.317601549322717, 54.78462375153322], [-1.317601549322717, 54.783096536877565], [-1.315634979866445, 54.781951125885826], [-1.3143239335622638, 54.781951125885826], [-1.3110463178018108, 54.78004210756626], [-1.3110463178018108, 54.77927850023843], [-1.3062904844866954, 54.7765085071743], [-1.30749838892497, 54.77468755137636], [-1.311899835943749, 54.769385332924585], [-1.311979204448726, 54.76929890512026], [-1.318434545670684, 54.76304944100148], [-1.32594171604873, 54.75720646723559], [-1.334424446528308, 54.75182900916682], [-1.343796715620634, 54.7469713676206], [-1.353963623327188, 54.74268257643431], [-1.36482234958242, 54.73900591331988], [-1.365427616360978, 54.73884578766505], [-1.366466001221494, 54.738496957110094], [-1.377408585281261, 54.73522616568087], [-1.388852897936534, 54.732593463056745], [-1.40068824258066, 54.73062429710824], [-1.409032357449442, 54.729738078419835], [-1.415082498108573, 54.72883676901337], [-1.426778662390889, 54.72776345037213], [-1.43859753438481, 54.727334678853765], [-1.450433499531602, 54.72755428740775], [-1.45358540719132, 54.727786765899474], [-1.460903046425312, 54.72781557345918], [-1.466281347514923, 54.72730377697732], [-1.466400240101539, 54.72729519162635], [-1.47447636818013, 54.72686525804178], [-1.47465644842763, 54.72685906830462], [-1.492431212429634, 54.7269799799361], [-1.492641042128535, 54.726990061346775], [-1.493975884864696, 54.72708387228892], [-1.496762432870682, 54.72706795317026], [-1.497198059021766, 54.727081028411554], [-1.510195163533885, 54.72786645933397], [-1.522980307468381, 54.729431924797225], [-1.535414321640169, 54.731760389140604], [-1.537498566512326, 54.7322215198925], [-1.546704657911333, 54.73450650768987], [-1.547105661735176, 54.73461722962134], [-1.550759423822508, 54.73574697654162], [-1.5507492837235621, 54.73575288255233], [-1.5503122683148831, 54.736134686216246], [-1.549001222010702, 54.736134686216246], [-1.5476901757065207, 54.73537107888842], [-1.5463791294023395, 54.73537107888842], [-1.5457236062502488, 54.73575288255233], [-1.5457236062502488, 54.73651648988016], [-1.5483456988586113, 54.73804370453581], [-1.5457236062502488, 54.739570919191465], [-1.5476901757065207, 54.740716330183204], [-1.549001222010702, 54.740716330183204], [-1.5509677914669737, 54.741861741174944], [-1.5509677914669737, 54.743388955830596], [-1.5516233146190643, 54.74377075949451], [-1.5542454072274268, 54.74377075949451], [-1.5546824226361058, 54.74415256315842], [-1.555993468940287, 54.74491617048625], [-1.5562119766836986, 54.745679777814075], [-1.5568674998357892, 54.74606158147799], [-1.5581785461399704, 54.74606158147799], [-1.5594895924441516, 54.746825188805815], [-1.5608006387483329, 54.74695245670896], [-1.562111685052514, 54.74771606403679], [-1.5634227313566953, 54.74695245670896], [-1.567355870269239, 54.74695245670896], [-1.5686669165734202, 54.746825188805815], [-1.5699779628776014, 54.746825188805815], [-1.5726000554859638, 54.746825188805815], [-1.5712890091817826, 54.744534366822336], [-1.5699779628776014, 54.74377075949451], [-1.5686669165734202, 54.74377075949451], [-1.567355870269239, 54.74300715216668], [-1.5660448239650577, 54.742879884286296], [-1.5629857159089442, 54.74109813384712], [-1.5629857159089442, 54.74033452651929], [-1.561674669604763, 54.739570919191465], [-1.56177550345776, 54.73948282451491], [-1.566683575720808, 54.741350926917946], [-1.566974179357197, 54.741472851649306], [-1.576790537294198, 54.74604446620443], [-1.585763573878532, 54.75116399164899], [-1.593802087257864, 54.75677958402906], [-1.600824238537652, 54.76283435335628], [-1.601610433429861, 54.76359206555549], [-1.606905362717111, 54.76925050586232], [-1.611310839598539, 54.775158490816224], [-1.614791668369396, 54.781269351202035], [-1.617319917315989, 54.78753479392192], [-1.618875151676362, 54.793905281748565], [-1.61892476283026, 54.79420403328072], [-1.619476171203013, 54.7997916875698], [-1.619368051226844, 54.802844042700706], [-1.622517159473638, 54.807584643910225], [-1.626863904424482, 54.80713973581584], [-1.637064204030912, 54.806586503386534], [-1.637453275679501, 54.8065746356764], [-1.638090839173015, 54.806555268384486], [-1.654038679492899, 54.80665738471475], [-1.654705895959546, 54.806686231882274], [-1.666951697575097, 54.807642762350554], [-1.66758258406308, 54.807672345815995], [-1.668151966879174, 54.80773644755616], [-1.669533334253053, 54.80784425287393], [-1.669606311200678, 54.80785253825048], [-1.670843335714114, 54.808039405914], [-1.68127655425663, 54.80921323154923], [-1.681338653590043, 54.80922231575843], [-1.691095489514499, 54.81089563455421], [-1.70058570897683, 54.813020419972545], [-1.700640136805321, 54.81303409758521], [-1.716900973694111, 54.81796732237196], [-1.716953724957677, 54.81798629368974], [-1.726140689584707, 54.821626824167645], [-1.734732605166967, 54.8257238575018], [-1.734777594560882, 54.82574732654711], [-1.742914752591794, 54.83039864256136], [-1.749970715199066, 54.83524401269013], [-1.750577237115005, 54.83517043800942], [-1.750764112813714, 54.83515466546095], [-1.756262961636041, 54.83485167170043], [-1.762392411978171, 54.833704284959666], [-1.762518609064052, 54.83368481823516], [-1.774107260746841, 54.83223196303229], [-1.774216273554203, 54.83222138143299], [-1.785438121165305, 54.831430189483605], [-1.785593844629635, 54.83142330146576], [-1.793330514698738, 54.8312194529545], [-1.793506399749911, 54.831217955354056], [-1.808397769398701, 54.83160228726114], [-1.80876352514655, 54.83162434770375], [-1.819454386877547, 54.83253926853489], [-1.824306703518627, 54.833205080811155], [-1.824594839773808, 54.83322742740325], [-1.83391900130055, 54.83375402643821], [-1.834887931727647, 54.83378903382874], [-1.835430277638135, 54.83383930980706], [-1.835452844178034, 54.8338405831222], [-1.835796850528458, 54.833871628126246], [-1.83590952023811, 54.83388373392884], [-1.84684840266532, 54.83489718943565], [-1.858568469782658, 54.83666583851147], [-1.869939070897225, 54.83907852823602], [-1.880854345081806, 54.842112811005784], [-1.8818561353954, 54.842426519805116], [-1.892638327758094, 54.84621985595758], [-1.89530572753373, 54.847385623291395], [-1.897098753816246, 54.84775961302665], [-1.897620147886056, 54.84788670430549], [-1.900999386770374, 54.84874439074103], [-1.901242174550915, 54.84880848685381], [-1.913207389383905, 54.85242849790666], [-1.924430058211995, 54.856769585593796], [-1.925220768381413, 54.857112397737396], [-1.936703240108749, 54.86274302037726], [-1.937252686062715, 54.86304703003358], [-1.94721808600513, 54.869244090289754], [-1.955864629383556, 54.87606884568829], [-1.957732993758172, 54.877740136444665], [-1.958583654444247, 54.87851168178782], [-1.958993159328456, 54.878888326263386], [-1.964849660043422, 54.88489142753135], [-1.969690532908397, 54.89118832855751], [-1.973471470059987, 54.89772202329977], [-1.973547801680562, 54.89787834827833], [-1.97595153512018, 54.903720592250764], [-1.977506428495336, 54.90965758582822], [-1.978201393599088, 54.91564842770414], [-1.978207529557164, 54.91578862178471], [-1.977912099163569, 54.92289253739695], [-1.976407161834673, 54.9299454291074], [-1.973706631404922, 54.93687914167855], [-1.969836009425048, 54.94362663699106], [-1.969604791986068, 54.94392685488501], [-1.969352804384158, 54.94435928930179], [-1.965291554891808, 54.94980279573842], [-1.965102445683988, 54.95003007108622], [-1.959144047677785, 54.95630672774041], [-1.95909008697066, 54.95785030877818], [-1.959088434104275, 54.95786551051511], [-1.957874141470778, 54.96433835663971], [-1.955652341305184, 54.97072208281634], [-1.952440589741353, 54.97696488513139], [-1.952428143446584, 54.976985597252], [-1.948621512618619, 54.98256010869368], [-1.944024659971256, 54.98793415824276], [-1.938668885204633, 54.993070792734876], [-1.938642219587574, 54.99309411562883], [-1.938041866714362, 54.993562625308186], [-1.937312068261724, 54.99467874192255], [-1.937183668679327, 54.994850363360044], [-1.931841751697192, 55.00113334313732], [-1.929176452758036, 55.00362415552661], [-1.928709719615535, 55.00436625918139], [-1.923185279044071, 55.01096811917082], [-1.916524935858073, 55.01721449670693], [-1.908796731826823, 55.023041099954895], [-1.900079802061568, 55.028387930874864], [-1.890463570631138, 55.03319990900059], [-1.888265741986245, 55.0340920260593], [-1.884002430339719, 55.03908718041298], [-1.877672712275104, 55.044992238552325], [-1.870385138184011, 55.050521569933046], [-1.864612279658536, 55.0541234336442], [-1.863829324697496, 55.055201974517935], [-1.857808616106178, 55.061596760561905], [-1.850697732854412, 55.06761187044578], [-1.842568279706775, 55.073186334977365], [-1.838485960179797, 55.07547282893504], [-1.838353655123285, 55.076230969765824], [-1.835953450892227, 55.08312659200845], [-1.832395999998103, 55.08985576113678], [-1.832051193024415, 55.090334423425205], [-1.8308761774096638, 55.09044848632766], [-1.8295651311054826, 55.091212093655486], [-1.8282540848013014, 55.091212093655486], [-1.8275985616492108, 55.0915938973194], [-1.8282540848013014, 55.09197570098331], [-1.8295651311054826, 55.09197570098331], [-1.830483552636528, 55.09251062748355], [-1.827714425763689, 55.0963547394274], [-1.821952559210344, 55.10256193928863], [-1.815164541426648, 55.1084185104419], [-1.807414324912833, 55.11386890206159], [-1.799238496647234, 55.11859363895369], [-1.796822681136139, 55.120235051744174], [-1.787967903119299, 55.12517543853256], [-1.778310090547728, 55.129594956117714], [-1.767942037584924, 55.1334510280518], [-1.756963471364132, 55.136706494646084], [-1.745480085280567, 55.1393299758823], [-1.733602510808415, 55.141296178196704], [-1.728135190825124, 55.14187645595655], [-1.725526744071715, 55.142382235439534], [-1.724758716776858, 55.14250714936994], [-1.724398723160248, 55.142563142616645], [-1.721299363704323, 55.14318210207461], [-1.721324043652126, 55.14322043977435], [-1.719842371482522, 55.14353336343599], [-1.716089159629171, 55.14428767263035], [-1.71358583224136, 55.14476547147522], [-1.711198531634091, 55.14522363856607], [-1.709727519008462, 55.145500189975394], [-1.707703996228685, 55.14587272184421], [-1.707467871223995, 55.14591604349105], [-1.70686177053653, 55.146026865470034], [-1.705110060853437, 55.146347008799644], [-1.704316125822015, 55.146490330291], [-1.703648968874736, 55.14662471915858], [-1.693671821571138, 55.148372211003895], [-1.692897359714591, 55.14848801022868], [-1.687849551409021, 55.149179488800975], [-1.687213481675561, 55.1492587262039], [-1.685323731973442, 55.14948546492881], [-1.683800343866148, 55.14966127047835], [-1.680059182175907, 55.15005943073523], [-1.678677293087317, 55.15019416567449], [-1.676931563296182, 55.150357154287384], [-1.674946807661956, 55.1505342633822], [-1.672371686481475, 55.15074846198822], [-1.671380945656608, 55.15082489543709], [-1.664412370564329, 55.15124988964758], [-1.663261712518285, 55.15130157921927], [-1.659624654048027, 55.151315039427146], [-1.657484007466116, 55.15147010430263], [-1.645412105799181, 55.1516777988485], [-1.633360956870624, 55.151222851268926], [-1.621441412738444, 55.15010944721766], [-1.60976309518444, 55.14834782850343], [-1.598433371930641, 55.1459541973592], [-1.587556355222586, 55.14295056508285], [-1.577231932647767, 55.13936454655099], [-1.567554839670163, 55.13522910263817], [-1.567318136371121, 55.13510610494154], [-1.567082282409889, 55.13508782953188], [-1.566952663095267, 55.135072702606266], [-1.566960084540924, 55.135051830450124], [-1.565999290470164, 55.13502315086823], [-1.554134199334247, 55.13401509022348], [-1.550832735890716, 55.133547386420716], [-1.547619477277762, 55.133753325007454], [-1.542846324026736, 55.133785967677255], [-1.5402882124533852, 55.13470390685195], [-1.5385128515772521, 55.134833162257564]]], [[[-1.5127835678576957, 55.14046476630028], [-1.5101614752493333, 55.138173944316804], [-1.508850428945152, 55.13664672966115], [-1.4996731048158836, 55.13053787103854], [-1.4970510122075211, 55.12824704905506], [-1.4970510122075211, 55.127483441727236], [-1.4978704161476344, 55.127006187147344], [-1.5052450516086537, 55.13130147836637], [-1.5122919254936278, 55.13464226042561], [-1.5170444683462847, 55.13741033698898], [-1.518355514650466, 55.13893755164463], [-1.518355514650466, 55.14122837362811], [-1.520649845682783, 55.14046476630028], [-1.5214692496228963, 55.13998751172039], [-1.5229858372655807, 55.14028195274142], [-1.522050094588275, 55.14052850010673], [-1.5143625655169677, 55.14230411275112], [-1.5127835678576957, 55.14046476630028]]]]}}, {"type": "Feature", "properties": {"band_id": "under_45", "order": 2}, "geometry": {"type": "MultiPolygon", "coordinates": [[[[-1.5422825604618993, 55.133705898653716], [-1.541574170725653, 55.133705898653716], [-1.5409838459454477, 55.134048389983946], [-1.5353167280554771, 55.13514436224068], [-1.5296496101655066, 55.13678832062578], [-1.5249270119238645, 55.13678832062578], [-1.5202044136822224, 55.136240334497415], [-1.5183153743855655, 55.13569234836905], [-1.5167805299570318, 55.13480187091045], [-1.5145372957922518, 55.134048389983946], [-1.5098146975506097, 55.131856445470476], [-1.5079256582539529, 55.13130845934211], [-1.5050920993089676, 55.129664500957006], [-1.5022585403639823, 55.12911651482864], [-1.4997791762871202, 55.12767805124167], [-1.4978901369904634, 55.12603409285657], [-1.496945617342135, 55.124938120599836], [-1.496945617342135, 55.122746176086366], [-1.4965914224740118, 55.118704778389656], [-1.4952927079575602, 55.12000624544453], [-1.494702383177355, 55.12034873677476], [-1.4931675387488212, 55.11945825931616], [-1.4960010976938065, 55.11726631480269], [-1.496945617342135, 55.10685457836371], [-1.495056578045478, 55.103566661593504], [-1.4893894601555075, 55.096990828053094], [-1.4884449405071791, 55.094798883539625], [-1.4865559012105223, 55.09370291128289], [-1.4856113815621939, 55.092606939026155], [-1.4799442636722233, 55.088223049999215], [-1.478999744023895, 55.08712707774248], [-1.4739229509141296, 55.08582561068761], [-1.4710893919691443, 55.08582561068761], [-1.470499067188939, 55.08548311935738], [-1.4695545475406107, 55.08438714710064], [-1.4695545475406107, 55.08109923033044], [-1.4644777544308454, 55.079797763275565], [-1.4629429100023117, 55.07890728581697], [-1.4629429100023117, 55.0783592996886], [-1.4619983903539833, 55.07561936904676], [-1.459164831408998, 55.07342742453329], [-1.4521989990025759, 55.06993401296495], [-1.4516086742223706, 55.06959152163472], [-1.4516086742223706, 55.06685159099288], [-1.4521989990025759, 55.06650909966265], [-1.4534977135190275, 55.06137172970921], [-1.4516086742223706, 55.05698784068227], [-1.4497196349257138, 55.053151937783696], [-1.4487751152773853, 55.05150797939859], [-1.447830595629057, 55.05041200714186], [-1.4449970366840716, 55.04822006262839], [-1.4440525170357432, 55.04712409037165], [-1.4421634777390864, 55.04548013198655], [-1.438975723925978, 55.04417866493168], [-1.4374408794974443, 55.04328818747308], [-1.4342531256843358, 55.04198672041821], [-1.432364086387679, 55.04143873428984], [-1.4317737616074737, 55.04109624295961], [-1.4289402026624884, 55.037808326189406], [-1.4289402026624884, 55.03726034006104], [-1.4295305274426937, 55.03691784873081], [-1.4308292419591453, 55.035616381675936], [-1.4295305274426937, 55.033766928492696], [-1.4289402026624884, 55.033424437162466], [-1.4289402026624884, 55.03232846490573], [-1.42799568301416, 55.02849256200716], [-1.4270511633658316, 55.02684860362206], [-1.423273084772518, 55.02356068685185], [-1.4219743702560663, 55.023355192053714], [-1.4200853309594095, 55.023355192053714], [-1.4194950061792042, 55.023012700723484], [-1.4194950061792042, 55.02246471459512], [-1.4153627327177674, 55.018971303026774], [-1.414772407937562, 55.018628811696544], [-1.4157169275858905, 55.01698485331144], [-1.4157169275858905, 55.01479290879797], [-1.4172517720144242, 55.013902431339375], [-1.4317737616074737, 55.009861033642665], [-1.4327182812558021, 55.00876506138593], [-1.4333086060360074, 55.0084225700557], [-1.4380312042776495, 55.00787458392733], [-1.4418092828709632, 55.00623062554223], [-1.4431079973874148, 55.00492915848736], [-1.4440525170357432, 55.00383318623062], [-1.4449970366840716, 55.00054526946042], [-1.4459415563324, 54.99835332494695], [-1.4468860759807285, 54.99725735269021], [-1.4468860759807285, 54.99616138043348], [-1.447830595629057, 54.99396943592001], [-1.4497196349257138, 54.992325477534905], [-1.4506641545740422, 54.99122950527817], [-1.4550325579475611, 54.98869506943447], [-1.4824236277490854, 54.9881470833061], [-1.488090745639056, 54.9881470833061], [-1.501314020715654, 54.98869506943447], [-1.5019043454958592, 54.9890375607647], [-1.5026127352321055, 54.9890375607647], [-1.5032030600123107, 54.98869506943447], [-1.5098146975506097, 54.9881470833061], [-1.517370854737237, 54.987599097177736], [-1.519259894033894, 54.987599097177736], [-1.5249270119238645, 54.98595513879263], [-1.530594129813835, 54.98376319427916], [-1.532837363978615, 54.981365754967555], [-1.5337818836269435, 54.98026978271082], [-1.5347264032752719, 54.97807783819735], [-1.5356709229236003, 54.96766610175837], [-1.5366154425719287, 54.96492617111653], [-1.5390948066487908, 54.963487707529566], [-1.541928365593776, 54.96239173527283], [-1.543817404890433, 54.961843749144464], [-1.5466509638354182, 54.961295763016096], [-1.550429042428732, 54.96019979075936], [-1.5542071210220456, 54.959651804630994], [-1.5579851996153593, 54.961295763016096], [-1.5664858764503151, 54.9645836797863], [-1.5693194353953004, 54.96513166591467], [-1.5777238607406616, 54.96512985229492], [-1.5721529943402857, 54.964172690190026], [-1.5702639550436288, 54.964172690190026], [-1.5655413568019867, 54.96362470406166], [-1.5608187585603446, 54.96143275954819], [-1.5592839141318109, 54.96054228208959], [-1.555151640670374, 54.95869282890635], [-1.5513735620770603, 54.95869282890635], [-1.548540003132075, 54.959788801163086], [-1.5466509638354182, 54.96033678729145], [-1.5409838459454477, 54.96088477341982], [-1.537205767352134, 54.96143275954819], [-1.534962533187354, 54.96328221273143], [-1.5340180135390256, 54.96711811563], [-1.5330734938906971, 54.974789921427146], [-1.5321289742423687, 54.97807783819735], [-1.5311844545940403, 54.979173810454085], [-1.5302399349457119, 54.98081776883919], [-1.5264618563523982, 54.983557699481025], [-1.525871531572193, 54.983900190811255], [-1.5202044136822224, 54.98554414919636], [-1.517370854737237, 54.986092135324725], [-1.468255833024159, 54.986092135324725], [-1.4644777544308454, 54.98499616306799], [-1.4606996758375317, 54.98499616306799], [-1.4588106365408748, 54.98554414919636], [-1.4559770775958896, 54.986092135324725], [-1.450309959705919, 54.98664012145309], [-1.4499557648377959, 54.9873936023796], [-1.4490112451894674, 54.98848957463633], [-1.4471222058928106, 54.990133533021435], [-1.4452331665961538, 54.992325477534905], [-1.443344127299497, 54.99396943592001], [-1.44145508800284, 54.99616138043348], [-1.4405105683545116, 54.99944929720368], [-1.4405105683545116, 55.003285200102255], [-1.4395660487061832, 55.00438117235899], [-1.438975723925978, 55.00472366368922], [-1.4361421649809927, 55.005819635945954], [-1.4342531256843358, 55.00636762207432], [-1.42575244884938, 55.008011580459424], [-1.4251621240691748, 55.007669089129195], [-1.423273084772518, 55.005477144615725], [-1.414418213069439, 55.005819635945954], [-1.4138278882892337, 55.005477144615725], [-1.4128833686409052, 55.00164124171715], [-1.41004980969592, 54.99835332494695], [-1.4072162507509347, 54.99616138043348], [-1.4021394576411694, 54.99376394112187], [-1.401194937992841, 54.99376394112187], [-1.4006046132126357, 54.99342144979164], [-1.3964723397511989, 54.9915719966084], [-1.394583300454542, 54.99102401048003], [-1.3939929756743368, 54.9906815191498], [-1.3930484560260084, 54.9890375607647], [-1.3908052218612283, 54.98883206596656], [-1.387971662916243, 54.98883206596656], [-1.3873813381360378, 54.98848957463633], [-1.3874994030920789, 54.987941588507965], [-1.3874994030920789, 54.98629763012286], [-1.387971662916243, 54.98602363705868], [-1.3898607022129, 54.98602363705868], [-1.3903329620370641, 54.985749643994495], [-1.3898607022129, 54.98547565093031], [-1.3889161825645715, 54.98547565093031], [-1.3874994030920789, 54.98465367173776], [-1.3874994030920789, 54.98410568560939], [-1.3860826236195862, 54.98328370641684], [-1.3851381039712578, 54.98328370641684], [-1.3846658441470936, 54.98300971335266], [-1.3846658441470936, 54.98246172722429], [-1.3837213244987652, 54.98191374109592], [-1.3837213244987652, 54.98081776883919], [-1.3813600253779441, 54.980543775775004], [-1.3807697005977388, 54.98026978271082], [-1.3713245041144546, 54.974789921427146], [-1.3681367503013462, 54.97403644050064], [-1.365303191356361, 54.97348845437227], [-1.360934787982842, 54.97095401852857], [-1.3599902683345135, 54.9687620740151], [-1.3571567093895283, 54.96657012950163], [-1.3552676700928714, 54.96218624047469], [-1.3552676700928714, 54.959446309832856], [-1.3553857350489125, 54.95889832370449], [-1.3553857350489125, 54.957802351447754], [-1.3558579948730767, 54.95752835838357], [-1.356802514521405, 54.95807634451194], [-1.358691553818062, 54.95807634451194], [-1.3591638136422262, 54.957802351447754], [-1.3591638136422262, 54.955062420805916], [-1.3582192939938977, 54.95451443467755], [-1.3582192939938977, 54.952870476292446], [-1.3572747743455693, 54.95232249016408], [-1.3572747743455693, 54.949034573393874], [-1.3577470341697335, 54.948692082063644], [-1.3599902683345135, 54.94629464275204], [-1.3605805931147188, 54.94595215142181], [-1.3637683469278272, 54.9435547121102], [-1.3647128665761556, 54.94136276759673], [-1.3666019058728125, 54.93752686469816], [-1.3666019058728125, 54.93259498954285], [-1.365657386224484, 54.93095103115775], [-1.365657386224484, 54.92656714213081], [-1.3637683469278272, 54.9232792253606], [-1.3628238272794988, 54.92218325310387], [-1.3628238272794988, 54.91944332246203], [-1.3618793076311704, 54.918347350205295], [-1.363414152059704, 54.9174568727467], [-1.3684909451694693, 54.91505943343509], [-1.3684909451694693, 54.913963461178355], [-1.3703799844661262, 54.911771516664885], [-1.3719148288946599, 54.91088103920629], [-1.3823045450262725, 54.91033305307792], [-1.3860826236195862, 54.91033305307792], [-1.3804155057296157, 54.909922063481645], [-1.3775819467846304, 54.91047004961001], [-1.376637427136302, 54.91047004961001], [-1.3747483878396451, 54.909922063481645], [-1.3719148288946599, 54.909922063481645], [-1.370025789598003, 54.91101803573838], [-1.367782555433223, 54.91286748892162], [-1.3662477110046893, 54.91375796638022], [-1.365303191356361, 54.91375796638022], [-1.3649489964882378, 54.91560741956346], [-1.363414152059704, 54.916497897022055], [-1.3615251127630472, 54.91704588315042], [-1.360934787982842, 54.91670339182019], [-1.3581012290378567, 54.91341547504999], [-1.3571567093895283, 54.911771516664885], [-1.3552676700928714, 54.91012755827978], [-1.3539689555764198, 54.909922063481645], [-1.3533786307962146, 54.909579572151415], [-1.3533786307962146, 54.90793561376631], [-1.3514895914995577, 54.90629165538121], [-1.352079916279763, 54.90594916405098], [-1.3528895378112793, 54.90553665161133], [-1.352079916279763, 54.905538174454705], [-1.3514895914995577, 54.905195683124475], [-1.358691553818062, 54.90101728889567], [-1.360934787982842, 54.89916783571243], [-1.3599902683345135, 54.89533193281386], [-1.359045748686185, 54.89368797442876], [-1.3596360734663904, 54.89334548309853], [-1.3599902683345135, 54.89259200217202], [-1.359045748686185, 54.88875609927345], [-1.3571567093895283, 54.885468182503246], [-1.3562121897411998, 54.883276237989776], [-1.3552676700928714, 54.88163227960467], [-1.354323150444543, 54.88053630734794], [-1.354323150444543, 54.87396047380753], [-1.3533786307962146, 54.872316515422426], [-1.3514895914995577, 54.870124570908956], [-1.3505450718512293, 54.868480612523854], [-1.3496005522029009, 54.86738464026712], [-1.347711512906244, 54.865740681882016], [-1.3467669932579156, 54.85806887608487], [-1.3448779539612588, 54.85478095931467], [-1.3392108360712882, 54.84820512577426], [-1.3382663164229598, 54.846561167389154], [-1.336377277126303, 54.84491720900405], [-1.3316546788846608, 54.84162929223385], [-1.3307101592363324, 54.84053331997711], [-1.3284669250715524, 54.83923185292224], [-1.327522405423224, 54.83923185292224], [-1.3269320806430187, 54.83888936159201], [-1.327522405423224, 54.83854687026178], [-1.3289391848957166, 54.837793389335275], [-1.3289391848957166, 54.83669741707854], [-1.3284669250715524, 54.836423424014356], [-1.327522405423224, 54.836423424014356], [-1.3256333661265671, 54.835943936152034], [-1.3250430413463619, 54.835601444821805], [-1.3237443268299103, 54.83539595002367], [-1.323272067005746, 54.83505345869344], [-1.3237443268299103, 54.83471096736321], [-1.3250430413463619, 54.833409500308335], [-1.3250430413463619, 54.8323135280516], [-1.323154002049705, 54.8306695696665], [-1.3222094824013766, 54.82957359740976], [-1.3203204431047197, 54.82628568063956], [-1.3193759234563913, 54.82409373612609], [-1.3193759234563913, 54.82354574999772], [-1.3203204431047197, 54.82190179161262], [-1.3204385080607608, 54.82135380548425], [-1.320910767884925, 54.821079812420066], [-1.3218552875332534, 54.821079812420066], [-1.3223275473574176, 54.82080581935588], [-1.3223275473574176, 54.81970984709915], [-1.3213830277090892, 54.81916186097078], [-1.3213830277090892, 54.81861387484241], [-1.3218552875332534, 54.81833988177823], [-1.3227998071815819, 54.81833988177823], [-1.3237443268299103, 54.81779189564986], [-1.3246888464782387, 54.81779189564986], [-1.325161106302403, 54.81751790258568], [-1.325161106302403, 54.81696991645731], [-1.3256333661265671, 54.81669592339313], [-1.3284669250715524, 54.81669592339313], [-1.3303559643682092, 54.81559995113639], [-1.3313004840165377, 54.81559995113639], [-1.3346063027856871, 54.813681999687105], [-1.3346063027856871, 54.81313401355874], [-1.3360230822581798, 54.81231203436619], [-1.3379121215548366, 54.81231203436619], [-1.340745680499822, 54.810668075981084], [-1.3416902001481503, 54.810668075981084], [-1.3426347197964787, 54.81012008985272], [-1.3435792394448072, 54.81012008985272], [-1.3445237590931356, 54.80957210372435], [-1.3464127983897924, 54.80957210372435], [-1.3473573180381209, 54.81012008985272], [-1.3511353966314346, 54.81012008985272], [-1.352079916279763, 54.810668075981084], [-1.3525521761039272, 54.8103940829169], [-1.3525521761039272, 54.80984609678853], [-1.3534966957522556, 54.809298110660166], [-1.3534966957522556, 54.80820213840343], [-1.3530244359280914, 54.80792814533925], [-1.3483018376864493, 54.80792814533925], [-1.3473573180381209, 54.808476131467614], [-1.3426347197964787, 54.808476131467614], [-1.3416902001481503, 54.80902411759598], [-1.3398011608514935, 54.80902411759598], [-1.338856641203165, 54.80957210372435], [-1.3350785626098514, 54.80957210372435], [-1.334134042961523, 54.81012008985272], [-1.3317727438407019, 54.8087501245318], [-1.3331895233131945, 54.80792814533925], [-1.3350785626098514, 54.80792814533925], [-1.3355508224340156, 54.80765415227506], [-1.3355508224340156, 54.807106166146696], [-1.3360230822581798, 54.80683217308251], [-1.3379121215548366, 54.80683217308251], [-1.3383843813790008, 54.80655818001833], [-1.3383843813790008, 54.80546220776159], [-1.336495342082344, 54.80436623550486], [-1.336495342082344, 54.80327026324812], [-1.3379121215548366, 54.80244828405557], [-1.338856641203165, 54.80299627018394], [-1.340745680499822, 54.80299627018394], [-1.3412179403239861, 54.802722277119756], [-1.3412179403239861, 54.80217429099139], [-1.3416902001481503, 54.801900297927205], [-1.3435792394448072, 54.801900297927205], [-1.3449960189172998, 54.80107831873465], [-1.3449960189172998, 54.79998234647792], [-1.345468278741464, 54.799708353413735], [-1.3464127983897924, 54.799708353413735], [-1.3473573180381209, 54.79916036728537], [-1.3492463573347777, 54.79916036728537], [-1.3501908769831061, 54.799708353413735], [-1.3516076564555988, 54.79888637422118], [-1.3516076564555988, 54.798338388092816], [-1.3506631368072703, 54.79779040196445], [-1.3516076564555988, 54.79724241583608], [-1.3516076564555988, 54.796146443579346], [-1.3511353966314346, 54.79587245051516], [-1.3501908769831061, 54.79587245051516], [-1.349718617158942, 54.79559845745098], [-1.349718617158942, 54.79505047132261], [-1.3487740975106135, 54.79450248519424], [-1.349718617158942, 54.793954499065876], [-1.349718617158942, 54.79340651293751], [-1.3506631368072703, 54.79285852680914], [-1.3501908769831061, 54.79258453374496], [-1.3483018376864493, 54.79258453374496], [-1.347829577862285, 54.79285852680914], [-1.347829577862285, 54.79340651293751], [-1.3473573180381209, 54.79368050600169], [-1.3445237590931356, 54.79368050600169], [-1.3435792394448072, 54.79422849213006], [-1.340745680499822, 54.79422849213006], [-1.3402734206756577, 54.793954499065876], [-1.3402734206756577, 54.79285852680914], [-1.340745680499822, 54.79258453374496], [-1.3416902001481503, 54.79258453374496], [-1.3426347197964787, 54.79203654761659], [-1.3435792394448072, 54.79258453374496], [-1.3440514992689714, 54.792310540680774], [-1.3440514992689714, 54.791762554552406], [-1.3445237590931356, 54.79148856148822], [-1.3464127983897924, 54.79148856148822], [-1.3468850582139567, 54.79121456842404], [-1.3468850582139567, 54.789570610038936], [-1.3464127983897924, 54.78929661697475], [-1.345468278741464, 54.78929661697475], [-1.3445237590931356, 54.78984460310312], [-1.3435792394448072, 54.78984460310312], [-1.343106979620643, 54.790118596167304], [-1.343106979620643, 54.79121456842404], [-1.3426347197964787, 54.79148856148822], [-1.340745680499822, 54.79148856148822], [-1.338856641203165, 54.79039258923149], [-1.3383843813790008, 54.79066658229567], [-1.3383843813790008, 54.79121456842404], [-1.3379121215548366, 54.79148856148822], [-1.3369676019065082, 54.79148856148822], [-1.3360230822581798, 54.790940575359855], [-1.3355508224340156, 54.79121456842404], [-1.3355508224340156, 54.792310540680774], [-1.3350785626098514, 54.79258453374496], [-1.334134042961523, 54.79203654761659], [-1.3331895233131945, 54.79258453374496], [-1.3313004840165377, 54.79148856148822], [-1.3303559643682092, 54.79148856148822], [-1.3294114447198808, 54.790940575359855], [-1.3284669250715524, 54.790940575359855], [-1.3279946652473882, 54.79066658229567], [-1.3279946652473882, 54.789570610038936], [-1.327522405423224, 54.78929661697475], [-1.3265778857748955, 54.78984460310312], [-1.3246888464782387, 54.78984460310312], [-1.3227998071815819, 54.788748630846385], [-1.3218552875332534, 54.78929661697475], [-1.3204385080607608, 54.7884746377822], [-1.3204385080607608, 54.7868306793971], [-1.3190217285882682, 54.78600870020455], [-1.3180772089399397, 54.78600870020455], [-1.3176049491157755, 54.785734707140364], [-1.3176049491157755, 54.78244679037016], [-1.316660429467447, 54.78189880424179], [-1.316660429467447, 54.780802831985056], [-1.3157159098191187, 54.78025484585669], [-1.3157159098191187, 54.77970685972832], [-1.3180772089399397, 54.7783368944074], [-1.3190217285882682, 54.7783368944074], [-1.3194939884124324, 54.77806290134322], [-1.3180772089399397, 54.77724092215067], [-1.3171326892916113, 54.777788908279035], [-1.316660429467447, 54.77751491521485], [-1.316542364511406, 54.776966929086484], [-1.3158339747751597, 54.77641894295812], [-1.3152436499949545, 54.7766929360223], [-1.3147713901707903, 54.77641894295812], [-1.3147713901707903, 54.77532297070138], [-1.3152436499949545, 54.7750489776372], [-1.3171326892916113, 54.7750489776372], [-1.3194939884124324, 54.77367901231628], [-1.3190217285882682, 54.773405019252095], [-1.3180772089399397, 54.773405019252095], [-1.3171326892916113, 54.77285703312373], [-1.3152436499949545, 54.77285703312373], [-1.3138268705224618, 54.77203505393118], [-1.3138268705224618, 54.76984310941771], [-1.314299130346626, 54.76956911635352], [-1.316188169643283, 54.76956911635352], [-1.316660429467447, 54.76929512328934], [-1.316660429467447, 54.768199151032604], [-1.3171326892916113, 54.76792515796842], [-1.3180772089399397, 54.76792515796842], [-1.318549468764104, 54.76765116490424], [-1.3176049491157755, 54.76710317877587], [-1.318549468764104, 54.7665551926475], [-1.318549468764104, 54.76545922039077], [-1.3194939884124324, 54.7649112342624], [-1.3194939884124324, 54.763815262005664], [-1.3190217285882682, 54.76354126894148], [-1.3180772089399397, 54.76408925506985], [-1.317629051719933, 54.763829245719776], [-1.3177011451564873, 54.763759451524635], [-1.3190217285882682, 54.76299328281311], [-1.3204385080607608, 54.763815262005664], [-1.3204385080607608, 54.7649112342624], [-1.320910767884925, 54.76518522732658], [-1.3218552875332534, 54.764637241198216], [-1.3223275473574176, 54.7649112342624], [-1.3213830277090892, 54.76545922039077], [-1.3218552875332534, 54.76573321345495], [-1.3227998071815819, 54.76573321345495], [-1.323272067005746, 54.766007206519134], [-1.323272067005746, 54.7665551926475], [-1.3223275473574176, 54.76710317877587], [-1.3227998071815819, 54.76737717184005], [-1.3237443268299103, 54.76737717184005], [-1.3246888464782387, 54.76792515796842], [-1.3265778857748955, 54.76792515796842], [-1.3284669250715524, 54.769021130225156], [-1.3313004840165377, 54.769021130225156], [-1.332245003664866, 54.76956911635352], [-1.3331895233131945, 54.769021130225156], [-1.334134042961523, 54.769021130225156], [-1.3346063027856871, 54.76874713716097], [-1.3346063027856871, 54.768199151032604], [-1.3336617831373587, 54.76765116490424], [-1.3336617831373587, 54.7665551926475], [-1.3327172634890303, 54.766007206519134], [-1.3331895233131945, 54.76573321345495], [-1.3360230822581798, 54.76573321345495], [-1.336495342082344, 54.76545922039077], [-1.336495342082344, 54.7649112342624], [-1.3355508224340156, 54.76436324813403], [-1.3360230822581798, 54.76408925506985], [-1.3369676019065082, 54.76408925506985], [-1.3374398617306724, 54.763815262005664], [-1.3374398617306724, 54.7632672758773], [-1.3369676019065082, 54.76299328281311], [-1.3360230822581798, 54.76354126894148], [-1.3355508224340156, 54.7632672758773], [-1.336495342082344, 54.76271928974893], [-1.336495342082344, 54.761623317492194], [-1.3360230822581798, 54.76134932442801], [-1.3350785626098514, 54.76134932442801], [-1.334134042961523, 54.76189731055638], [-1.3336617831373587, 54.761623317492194], [-1.3336617831373587, 54.76107533136383], [-1.3346063027856871, 54.76052734523546], [-1.3336617831373587, 54.75997935910709], [-1.3346063027856871, 54.759431372978725], [-1.3346063027856871, 54.75833540072199], [-1.3355508224340156, 54.75778741459362], [-1.3350785626098514, 54.75751342152944], [-1.334134042961523, 54.75751342152944], [-1.3336617831373587, 54.757239428465255], [-1.334134042961523, 54.75696543540107], [-1.3360230822581798, 54.75696543540107], [-1.3374398617306724, 54.75778741459362], [-1.3374398617306724, 54.75997935910709], [-1.3383843813790008, 54.76052734523546], [-1.3383843813790008, 54.76107533136383], [-1.338856641203165, 54.76134932442801], [-1.3393289010273293, 54.76107533136383], [-1.3393289010273293, 54.75888338685036], [-1.3383843813790008, 54.75833540072199], [-1.3393289010273293, 54.75778741459362], [-1.3393289010273293, 54.75669144233689], [-1.340745680499822, 54.755869463144336], [-1.3416902001481503, 54.7564174492727], [-1.343106979620643, 54.75559547008015], [-1.343106979620643, 54.755047483951785], [-1.3421624599723145, 54.75449949782342], [-1.3426347197964787, 54.75422550475923], [-1.3445237590931356, 54.75422550475923], [-1.3449960189172998, 54.75449949782342], [-1.3449960189172998, 54.75559547008015], [-1.345468278741464, 54.755869463144336], [-1.3473573180381209, 54.755869463144336], [-1.3492463573347777, 54.7547734908876], [-1.3511353966314346, 54.7547734908876], [-1.3516076564555988, 54.755047483951785], [-1.3516076564555988, 54.75559547008015], [-1.352079916279763, 54.755869463144336], [-1.3525521761039272, 54.75559547008015], [-1.3525521761039272, 54.75340352556668], [-1.3530244359280914, 54.7531295325025], [-1.3539689555764198, 54.753677518630866], [-1.3549134752247483, 54.7531295325025], [-1.358691553818062, 54.7531295325025], [-1.3591638136422262, 54.752855539438315], [-1.3582192939938977, 54.75230755330995], [-1.3582192939938977, 54.75175956718158], [-1.3553857350489125, 54.75011560879648], [-1.3553857350489125, 54.748471650411375], [-1.3558579948730767, 54.74819765734719], [-1.3596360734663904, 54.74819765734719], [-1.3601083332905546, 54.74792366428301], [-1.3601083332905546, 54.74737567815464], [-1.3605805931147188, 54.747101685090456], [-1.3624696324113756, 54.747101685090456], [-1.3629418922355399, 54.74737567815464], [-1.3629418922355399, 54.74956762266811], [-1.3619973725872114, 54.75011560879648], [-1.3619973725872114, 54.75230755330995], [-1.361052852938883, 54.752855539438315], [-1.361052852938883, 54.75340352556668], [-1.3605805931147188, 54.753677518630866], [-1.3596360734663904, 54.753677518630866], [-1.3591638136422262, 54.75395151169505], [-1.3591638136422262, 54.75449949782342], [-1.3582192939938977, 54.755047483951785], [-1.358691553818062, 54.75532147701597], [-1.3596360734663904, 54.75532147701597], [-1.3601083332905546, 54.75559547008015], [-1.3591638136422262, 54.75614345620852], [-1.3591638136422262, 54.75669144233689], [-1.3582192939938977, 54.757239428465255], [-1.3582192939938977, 54.75997935910709], [-1.3577470341697335, 54.760253352171276], [-1.356802514521405, 54.760253352171276], [-1.356330254697241, 54.76052734523546], [-1.356330254697241, 54.76107533136383], [-1.356802514521405, 54.76134932442801], [-1.3577470341697335, 54.76134932442801], [-1.3582192939938977, 54.761623317492194], [-1.3572747743455693, 54.76217130362056], [-1.3577470341697335, 54.762445296684746], [-1.363414152059704, 54.762445296684746], [-1.3638864118838683, 54.76217130362056], [-1.3619973725872114, 54.76107533136383], [-1.3619973725872114, 54.75997935910709], [-1.363414152059704, 54.75915737991454], [-1.3643586717080325, 54.75915737991454], [-1.3648309315321967, 54.75888338685036], [-1.3648309315321967, 54.75833540072199], [-1.3657754511805251, 54.75778741459362], [-1.3657754511805251, 54.757239428465255], [-1.365303191356361, 54.75696543540107], [-1.3643586717080325, 54.75696543540107], [-1.3638864118838683, 54.75669144233689], [-1.365303191356361, 54.755869463144336], [-1.3662477110046893, 54.7564174492727], [-1.3681367503013462, 54.7564174492727], [-1.3686090101255104, 54.75669144233689], [-1.3667199708288535, 54.75778741459362], [-1.3671922306530178, 54.758061407657806], [-1.3681367503013462, 54.758061407657806], [-1.3686090101255104, 54.75833540072199], [-1.3686090101255104, 54.75888338685036], [-1.367664490477182, 54.759431372978725], [-1.3704980494221672, 54.76107533136383], [-1.3704980494221672, 54.76217130362056], [-1.3709703092463315, 54.762445296684746], [-1.3719148288946599, 54.762445296684746], [-1.372387088718824, 54.76217130362056], [-1.372387088718824, 54.761623317492194], [-1.3714425690704957, 54.76107533136383], [-1.3714425690704957, 54.76052734523546], [-1.372387088718824, 54.75997935910709], [-1.372387088718824, 54.75888338685036], [-1.3728593485429883, 54.75860939378617], [-1.3733316083671525, 54.75888338685036], [-1.3733316083671525, 54.759431372978725], [-1.3752206476638094, 54.76052734523546], [-1.374276128015481, 54.76107533136383], [-1.374276128015481, 54.761623317492194], [-1.3761651673121378, 54.76271928974893], [-1.3756929074879736, 54.76299328281311], [-1.3747483878396451, 54.762445296684746], [-1.3738038681913167, 54.762445296684746], [-1.3733316083671525, 54.76271928974893], [-1.3733316083671525, 54.7632672758773], [-1.3728593485429883, 54.76354126894148], [-1.3719148288946599, 54.76299328281311], [-1.3709703092463315, 54.76299328281311], [-1.3704980494221672, 54.7632672758773], [-1.3704980494221672, 54.763815262005664], [-1.3714425690704957, 54.76436324813403], [-1.3714425690704957, 54.7649112342624], [-1.3719148288946599, 54.76518522732658], [-1.372387088718824, 54.7649112342624], [-1.372387088718824, 54.76436324813403], [-1.3728593485429883, 54.76408925506985], [-1.3733316083671525, 54.76436324813403], [-1.3733316083671525, 54.7649112342624], [-1.372387088718824, 54.76545922039077], [-1.372387088718824, 54.7665551926475], [-1.3733316083671525, 54.76710317877587], [-1.3728593485429883, 54.76737717184005], [-1.3714425690704957, 54.7665551926475], [-1.3714425690704957, 54.766007206519134], [-1.3709703092463315, 54.76573321345495], [-1.370025789598003, 54.76573321345495], [-1.3690812699496746, 54.76628119958332], [-1.3671922306530178, 54.76628119958332], [-1.3657754511805251, 54.76710317877587], [-1.3662477110046893, 54.76737717184005], [-1.3671922306530178, 54.76737717184005], [-1.367664490477182, 54.76765116490424], [-1.365303191356361, 54.769021130225156], [-1.3643586717080325, 54.769021130225156], [-1.3638864118838683, 54.76929512328934], [-1.3638864118838683, 54.76984310941771], [-1.3624696324113756, 54.77066508861026], [-1.3615251127630472, 54.77066508861026], [-1.361052852938883, 54.77093908167444], [-1.361052852938883, 54.77148706780281], [-1.3619973725872114, 54.77203505393118], [-1.3619973725872114, 54.77313102618791], [-1.3615251127630472, 54.773405019252095], [-1.3605805931147188, 54.773405019252095], [-1.3601083332905546, 54.77367901231628], [-1.3601083332905546, 54.77422699844465], [-1.3591638136422262, 54.774774984573014], [-1.3591638136422262, 54.776966929086484], [-1.3601083332905546, 54.77751491521485], [-1.3601083332905546, 54.77806290134322], [-1.3605805931147188, 54.7783368944074], [-1.3624696324113756, 54.77724092215067], [-1.3638864118838683, 54.77806290134322], [-1.3638864118838683, 54.77970685972832], [-1.3629418922355399, 54.78025484585669], [-1.3629418922355399, 54.780802831985056], [-1.363414152059704, 54.78107682504924], [-1.3643586717080325, 54.78052883892087], [-1.3681367503013462, 54.78052883892087], [-1.3686090101255104, 54.78025484585669], [-1.367664490477182, 54.77970685972832], [-1.3709703092463315, 54.777788908279035], [-1.3728593485429883, 54.777788908279035], [-1.3752206476638094, 54.779158873599954], [-1.3752206476638094, 54.77970685972832], [-1.3747483878396451, 54.779980852792505], [-1.3728593485429883, 54.779980852792505], [-1.372387088718824, 54.78025484585669], [-1.372387088718824, 54.780802831985056], [-1.3719148288946599, 54.78107682504924], [-1.3709703092463315, 54.78107682504924], [-1.3704980494221672, 54.781350818113424], [-1.3704980494221672, 54.78189880424179], [-1.3714425690704957, 54.78244679037016], [-1.3704980494221672, 54.782994776498526], [-1.3704980494221672, 54.783542762626894], [-1.3719148288946599, 54.784364741819445], [-1.3747483878396451, 54.784364741819445], [-1.3756929074879736, 54.78381675569108], [-1.3775819467846304, 54.78381675569108], [-1.378998726257123, 54.78463873488363], [-1.3771096869604662, 54.785734707140364], [-1.3775819467846304, 54.78600870020455], [-1.3785264664329588, 54.78600870020455], [-1.378998726257123, 54.78628269326873], [-1.378998726257123, 54.787926651653834], [-1.3785264664329588, 54.78820064471802], [-1.376637427136302, 54.78820064471802], [-1.3756929074879736, 54.78765265858965], [-1.3728593485429883, 54.78765265858965], [-1.3719148288946599, 54.78710467246128], [-1.3709703092463315, 54.78710467246128], [-1.3704980494221672, 54.787378665525466], [-1.3704980494221672, 54.787926651653834], [-1.370025789598003, 54.78820064471802], [-1.3690812699496746, 54.78820064471802], [-1.3686090101255104, 54.7884746377822], [-1.3686090101255104, 54.789570610038936], [-1.3695535297738388, 54.790118596167304], [-1.3695535297738388, 54.791762554552406], [-1.3686090101255104, 54.792310540680774], [-1.3686090101255104, 54.793954499065876], [-1.367664490477182, 54.79450248519424], [-1.367664490477182, 54.79505047132261], [-1.3686090101255104, 54.79559845745098], [-1.3681367503013462, 54.79587245051516], [-1.3671922306530178, 54.79587245051516], [-1.3667199708288535, 54.796146443579346], [-1.3667199708288535, 54.79669442970771], [-1.365303191356361, 54.797516408900265], [-1.3643586717080325, 54.797516408900265], [-1.3629418922355399, 54.798338388092816], [-1.363414152059704, 54.798612381157], [-1.3643586717080325, 54.798612381157], [-1.365303191356361, 54.79806439502863], [-1.3681367503013462, 54.79806439502863], [-1.3690812699496746, 54.797516408900265], [-1.370025789598003, 54.797516408900265], [-1.3709703092463315, 54.79806439502863], [-1.3719148288946599, 54.79806439502863], [-1.372387088718824, 54.798338388092816], [-1.372387088718824, 54.80107831873465], [-1.3719148288946599, 54.80135231179884], [-1.3709703092463315, 54.80135231179884], [-1.3704980494221672, 54.80162630486302], [-1.3704980494221672, 54.80381824937649], [-1.370025789598003, 54.804092242440674], [-1.3681367503013462, 54.804092242440674], [-1.3667199708288535, 54.80327026324812], [-1.3667199708288535, 54.80217429099139], [-1.3662477110046893, 54.801900297927205], [-1.3657754511805251, 54.80217429099139], [-1.3657754511805251, 54.802722277119756], [-1.365303191356361, 54.80299627018394], [-1.3624696324113756, 54.80299627018394], [-1.3615251127630472, 54.80354425631231], [-1.3605805931147188, 54.80354425631231], [-1.3601083332905546, 54.80381824937649], [-1.3601083332905546, 54.804914221633226], [-1.361052852938883, 54.80546220776159], [-1.3601083332905546, 54.80601019388996], [-1.3601083332905546, 54.80655818001833], [-1.361052852938883, 54.807106166146696], [-1.361052852938883, 54.80765415227506], [-1.3605805931147188, 54.80792814533925], [-1.3596360734663904, 54.80792814533925], [-1.3591638136422262, 54.80820213840343], [-1.3591638136422262, 54.809298110660166], [-1.3596360734663904, 54.80957210372435], [-1.3605805931147188, 54.80957210372435], [-1.361052852938883, 54.80984609678853], [-1.361052852938883, 54.8103940829169], [-1.3615251127630472, 54.810668075981084], [-1.3624696324113756, 54.810668075981084], [-1.3629418922355399, 54.81094206904527], [-1.3629418922355399, 54.81258602743037], [-1.363414152059704, 54.812860020494554], [-1.3638864118838683, 54.81258602743037], [-1.3638864118838683, 54.8087501245318], [-1.3648309315321967, 54.80820213840343], [-1.3648309315321967, 54.807106166146696], [-1.365303191356361, 54.80683217308251], [-1.3662477110046893, 54.80738015921088], [-1.3681367503013462, 54.80738015921088], [-1.3690812699496746, 54.80683217308251], [-1.370025789598003, 54.80683217308251], [-1.3709703092463315, 54.806284186954144], [-1.3719148288946599, 54.806284186954144], [-1.3733316083671525, 54.80546220776159], [-1.3733316083671525, 54.804914221633226], [-1.3756929074879736, 54.80354425631231], [-1.3794709860812873, 54.80354425631231], [-1.3823045450262725, 54.801900297927205], [-1.3851381039712578, 54.801900297927205], [-1.3860826236195862, 54.80135231179884], [-1.3889161825645715, 54.80135231179884], [-1.3898607022129, 54.80080432567047], [-1.3908052218612283, 54.80080432567047], [-1.392222001333721, 54.80162630486302], [-1.392222001333721, 54.80217429099139], [-1.3926942611578852, 54.80244828405557], [-1.3931665209820494, 54.80217429099139], [-1.3931665209820494, 54.80107831873465], [-1.392222001333721, 54.800530332606286], [-1.392222001333721, 54.79998234647792], [-1.3898607022129, 54.798612381157], [-1.3889161825645715, 54.798612381157], [-1.387971662916243, 54.79916036728537], [-1.3870271432679147, 54.79916036728537], [-1.3860826236195862, 54.798612381157], [-1.383249064674601, 54.798612381157], [-1.3827768048504367, 54.798338388092816], [-1.3827768048504367, 54.79724241583608], [-1.3841935843229294, 54.79642043664353], [-1.3851381039712578, 54.79642043664353], [-1.3860826236195862, 54.7969684227719], [-1.387971662916243, 54.7969684227719], [-1.3889161825645715, 54.797516408900265], [-1.3898607022129, 54.797516408900265], [-1.3903329620370641, 54.79724241583608], [-1.3893884423887357, 54.79669442970771], [-1.3893884423887357, 54.796146443579346], [-1.3903329620370641, 54.79559845745098], [-1.3903329620370641, 54.793954499065876], [-1.3898607022129, 54.79368050600169], [-1.3889161825645715, 54.79368050600169], [-1.387971662916243, 54.793132519873325], [-1.3870271432679147, 54.793132519873325], [-1.3865548834437504, 54.79285852680914], [-1.3865548834437504, 54.791762554552406], [-1.387971662916243, 54.790940575359855], [-1.3926942611578852, 54.790940575359855], [-1.3941110406303778, 54.791762554552406], [-1.3926942611578852, 54.79258453374496], [-1.3908052218612283, 54.79258453374496], [-1.3903329620370641, 54.79285852680914], [-1.3903329620370641, 54.79340651293751], [-1.3908052218612283, 54.79368050600169], [-1.3917497415095568, 54.793132519873325], [-1.3936387808062136, 54.793132519873325], [-1.394583300454542, 54.79368050600169], [-1.3964723397511989, 54.79368050600169], [-1.3974168593995273, 54.79422849213006], [-1.3983613790478557, 54.79422849213006], [-1.3993058986961842, 54.79477647825843], [-1.4040284969378263, 54.79477647825843], [-1.4045007567619905, 54.79505047132261], [-1.4045007567619905, 54.79559845745098], [-1.40780657553114, 54.795803952249116], [-1.4087510951794684, 54.79587245051516], [-1.4134736934211105, 54.79587245051516], [-1.414418213069439, 54.79642043664353], [-1.4148904728936031, 54.796146443579346], [-1.4148904728936031, 54.79559845745098], [-1.4139459532452747, 54.79505047132261], [-1.4139459532452747, 54.793954499065876], [-1.4158349925419316, 54.79285852680914], [-1.4158349925419316, 54.792310540680774], [-1.4148904728936031, 54.791762554552406], [-1.4148904728936031, 54.79066658229567], [-1.41677951219026, 54.789570610038936], [-1.4163072523660958, 54.78929661697475], [-1.4153627327177674, 54.78929661697475], [-1.4148904728936031, 54.78902262391057], [-1.4148904728936031, 54.787378665525466], [-1.4158349925419316, 54.7868306793971], [-1.4158349925419316, 54.78628269326873], [-1.4153627327177674, 54.78600870020455], [-1.40780657553114, 54.78600870020455], [-1.4063897960586473, 54.785186721011996], [-1.40780657553114, 54.784364741819445], [-1.4087510951794684, 54.784364741819445], [-1.4092233550036326, 54.78409074875526], [-1.4092233550036326, 54.783542762626894], [-1.4106401344761252, 54.78272078343434], [-1.4115846541244537, 54.78272078343434], [-1.4120569139486179, 54.78244679037016], [-1.4111123943002895, 54.78189880424179], [-1.4111123943002895, 54.781350818113424], [-1.4115846541244537, 54.78107682504924], [-1.414418213069439, 54.78107682504924], [-1.4148904728936031, 54.780802831985056], [-1.4139459532452747, 54.78025484585669], [-1.4139459532452747, 54.779158873599954], [-1.4153627327177674, 54.7783368944074], [-1.4163072523660958, 54.77888488053577], [-1.4181962916627526, 54.77888488053577], [-1.4186685514869168, 54.779158873599954], [-1.4186685514869168, 54.77970685972832], [-1.419140811311081, 54.779980852792505], [-1.421029850607738, 54.779980852792505], [-1.421502110431902, 54.77970685972832], [-1.421502110431902, 54.779158873599954], [-1.4243356693768874, 54.77751491521485], [-1.4238634095527232, 54.77724092215067], [-1.4229188899043947, 54.77724092215067], [-1.4224466300802305, 54.776966929086484], [-1.4229188899043947, 54.7766929360223], [-1.4238634095527232, 54.7766929360223], [-1.4252801890252158, 54.77751491521485], [-1.4243356693768874, 54.77806290134322], [-1.4243356693768874, 54.77861088747159], [-1.423391149728559, 54.779158873599954], [-1.423391149728559, 54.781350818113424], [-1.4224466300802305, 54.78189880424179], [-1.4224466300802305, 54.78244679037016], [-1.421502110431902, 54.782994776498526], [-1.4224466300802305, 54.783542762626894], [-1.421502110431902, 54.78409074875526], [-1.4219743702560663, 54.784364741819445], [-1.4229188899043947, 54.784364741819445], [-1.423391149728559, 54.78463873488363], [-1.423391149728559, 54.785186721011996], [-1.4238634095527232, 54.78546071407618], [-1.4248079292010516, 54.78546071407618], [-1.4266969684977084, 54.784364741819445], [-1.4276414881460369, 54.78491272794781], [-1.4285860077943653, 54.78491272794781], [-1.4295305274426937, 54.78546071407618], [-1.4304750470910221, 54.78546071407618], [-1.4314195667393506, 54.78491272794781], [-1.432364086387679, 54.78491272794781], [-1.4333086060360074, 54.78546071407618], [-1.4351976453326643, 54.78546071407618], [-1.4356699051568285, 54.785734707140364], [-1.4356699051568285, 54.787926651653834], [-1.4351976453326643, 54.78820064471802], [-1.4342531256843358, 54.78765265858965], [-1.4333086060360074, 54.78765265858965], [-1.4304750470910221, 54.78929661697475], [-1.4295305274426937, 54.78929661697475], [-1.4290582676185295, 54.789570610038936], [-1.4290582676185295, 54.79066658229567], [-1.4285860077943653, 54.790940575359855], [-1.42575244884938, 54.790940575359855], [-1.4252801890252158, 54.79121456842404], [-1.4252801890252158, 54.79340651293751], [-1.4248079292010516, 54.79368050600169], [-1.4229188899043947, 54.79368050600169], [-1.4224466300802305, 54.793954499065876], [-1.4224466300802305, 54.79505047132261], [-1.4229188899043947, 54.795324464386795], [-1.4238634095527232, 54.795324464386795], [-1.4262247086735442, 54.79669442970771], [-1.4262247086735442, 54.79724241583608], [-1.4271692283218727, 54.79779040196445], [-1.4271692283218727, 54.79888637422118], [-1.4262247086735442, 54.79943436034955], [-1.4262247086735442, 54.79998234647792], [-1.4276414881460369, 54.80080432567047], [-1.4285860077943653, 54.8002563395421], [-1.4295305274426937, 54.8002563395421], [-1.4304750470910221, 54.799708353413735], [-1.4361421649809927, 54.799708353413735], [-1.437086684629321, 54.8002563395421], [-1.4380312042776495, 54.8002563395421], [-1.4399202435743064, 54.80135231179884], [-1.4408647632226348, 54.80135231179884], [-1.4418092828709632, 54.80080432567047], [-1.4427538025192916, 54.80080432567047], [-1.44369832216762, 54.8002563395421], [-1.445587361464277, 54.8002563395421], [-1.4460596212884411, 54.79998234647792], [-1.4451151016401127, 54.79943436034955], [-1.4451151016401127, 54.79724241583608], [-1.4460596212884411, 54.79669442970771], [-1.4451151016401127, 54.796146443579346], [-1.4451151016401127, 54.79559845745098], [-1.4474764007609338, 54.79422849213006], [-1.4484209204092622, 54.79477647825843], [-1.4493654400575906, 54.79477647825843], [-1.4498376998817548, 54.79505047132261], [-1.4498376998817548, 54.79559845745098], [-1.4507822195300832, 54.796146443579346], [-1.4507822195300832, 54.79724241583608], [-1.4512544793542475, 54.797516408900265], [-1.4521989990025759, 54.797516408900265], [-1.45267125882674, 54.79724241583608], [-1.45267125882674, 54.796146443579346], [-1.4517267391784117, 54.79559845745098], [-1.45267125882674, 54.79505047132261], [-1.45267125882674, 54.79450248519424], [-1.4517267391784117, 54.793954499065876], [-1.4517267391784117, 54.79340651293751], [-1.4507822195300832, 54.79285852680914], [-1.4507822195300832, 54.79066658229567], [-1.4540880382992327, 54.788748630846385], [-1.4578661168925464, 54.788748630846385], [-1.4602274160133675, 54.790118596167304], [-1.4602274160133675, 54.791762554552406], [-1.4621164553100243, 54.79285852680914], [-1.4621164553100243, 54.79340651293751], [-1.4625887151341885, 54.79368050600169], [-1.4663667937275022, 54.79368050600169], [-1.468255833024159, 54.79258453374496], [-1.4692003526724875, 54.79258453374496], [-1.4696726124966517, 54.792310540680774], [-1.4696726124966517, 54.79121456842404], [-1.4677835731999949, 54.790118596167304], [-1.4677835731999949, 54.789570610038936], [-1.4687280928483233, 54.78902262391057], [-1.4677835731999949, 54.7884746377822], [-1.4677835731999949, 54.7868306793971], [-1.4673113133758307, 54.786556686332915], [-1.4654222740791738, 54.786556686332915], [-1.4644777544308454, 54.78710467246128], [-1.46164419548586, 54.78710467246128], [-1.459282896365039, 54.785734707140364], [-1.459282896365039, 54.78463873488363], [-1.4602274160133675, 54.78409074875526], [-1.4597551561892033, 54.78381675569108], [-1.4578661168925464, 54.78381675569108], [-1.4564493374200538, 54.782994776498526], [-1.4564493374200538, 54.78189880424179], [-1.4559770775958896, 54.78162481117761], [-1.4540880382992327, 54.78162481117761], [-1.45267125882674, 54.780802831985056], [-1.45267125882674, 54.78025484585669], [-1.4521989990025759, 54.779980852792505], [-1.4512544793542475, 54.779980852792505], [-1.4493654400575906, 54.77888488053577], [-1.4484209204092622, 54.77888488053577], [-1.4474764007609338, 54.7783368944074], [-1.4465318811126053, 54.7783368944074], [-1.445587361464277, 54.77888488053577], [-1.44369832216762, 54.77888488053577], [-1.4427538025192916, 54.77943286666414], [-1.4418092828709632, 54.77943286666414], [-1.4403925033984706, 54.77861088747159], [-1.4403925033984706, 54.77806290134322], [-1.441337023046799, 54.77751491521485], [-1.438975723925978, 54.77614494989393], [-1.437086684629321, 54.77614494989393], [-1.4356699051568285, 54.77532297070138], [-1.4356699051568285, 54.774774984573014], [-1.4361421649809927, 54.77450099150883], [-1.437086684629321, 54.77450099150883], [-1.438975723925978, 54.773405019252095], [-1.4399202435743064, 54.77395300538046], [-1.4403925033984706, 54.77367901231628], [-1.4403925033984706, 54.77313102618791], [-1.4399202435743064, 54.77285703312373], [-1.438975723925978, 54.77285703312373], [-1.4385034641018137, 54.772583040059544], [-1.438975723925978, 54.77230904699536], [-1.4399202435743064, 54.77230904699536], [-1.4408647632226348, 54.77176106086699], [-1.4427538025192916, 54.77176106086699], [-1.4432260623434559, 54.77148706780281], [-1.4432260623434559, 54.77093908167444], [-1.4446428418159485, 54.77011710248189], [-1.445587361464277, 54.77011710248189], [-1.4465318811126053, 54.76956911635352], [-1.4484209204092622, 54.76956911635352], [-1.4488931802334264, 54.76984310941771], [-1.4488931802334264, 54.77093908167444], [-1.4470041409367695, 54.77203505393118], [-1.4470041409367695, 54.772583040059544], [-1.4465318811126053, 54.77285703312373], [-1.445587361464277, 54.77285703312373], [-1.4446428418159485, 54.77230904699536], [-1.44369832216762, 54.77230904699536], [-1.4432260623434559, 54.772583040059544], [-1.4432260623434559, 54.77313102618791], [-1.4418092828709632, 54.77395300538046], [-1.4408647632226348, 54.77395300538046], [-1.4403925033984706, 54.77422699844465], [-1.4403925033984706, 54.774774984573014], [-1.4408647632226348, 54.7750489776372], [-1.4418092828709632, 54.7750489776372], [-1.44369832216762, 54.77614494989393], [-1.4446428418159485, 54.775596963765565], [-1.445587361464277, 54.775596963765565], [-1.4465318811126053, 54.7750489776372], [-1.4484209204092622, 54.7750489776372], [-1.4493654400575906, 54.77450099150883], [-1.450309959705919, 54.77450099150883], [-1.4521989990025759, 54.775596963765565], [-1.4531435186509043, 54.775596963765565], [-1.4536157784750685, 54.77587095682975], [-1.4536157784750685, 54.776966929086484], [-1.4540880382992327, 54.77724092215067], [-1.456921597244218, 54.77724092215067], [-1.4578661168925464, 54.7766929360223], [-1.4583383767167106, 54.776966929086484], [-1.4583383767167106, 54.77751491521485], [-1.4588106365408748, 54.777788908279035], [-1.4606996758375317, 54.777788908279035], [-1.46164419548586, 54.7783368944074], [-1.4625887151341885, 54.7783368944074], [-1.463533234782517, 54.777788908279035], [-1.4692003526724875, 54.777788908279035], [-1.4696726124966517, 54.77751491521485], [-1.4677835731999949, 54.77641894295812], [-1.4687280928483233, 54.77587095682975], [-1.4687280928483233, 54.77532297070138], [-1.4706171321449801, 54.77422699844465], [-1.4706171321449801, 54.77367901231628], [-1.470144872320816, 54.773405019252095], [-1.4663667937275022, 54.773405019252095], [-1.465894533903338, 54.77313102618791], [-1.465894533903338, 54.77203505393118], [-1.4654222740791738, 54.77176106086699], [-1.4578661168925464, 54.77176106086699], [-1.456921597244218, 54.771213074738625], [-1.450309959705919, 54.771213074738625], [-1.4498376998817548, 54.77093908167444], [-1.4498376998817548, 54.76874713716097], [-1.450309959705919, 54.76847314409679], [-1.4559770775958896, 54.76847314409679], [-1.4564493374200538, 54.76874713716097], [-1.4564493374200538, 54.76929512328934], [-1.456921597244218, 54.76956911635352], [-1.4578661168925464, 54.76956911635352], [-1.4583383767167106, 54.76929512328934], [-1.4583383767167106, 54.76874713716097], [-1.4597551561892033, 54.76792515796842], [-1.4625887151341885, 54.76792515796842], [-1.463533234782517, 54.76737717184005], [-1.4663667937275022, 54.76737717184005], [-1.4668390535516664, 54.76710317877587], [-1.4668390535516664, 54.76545922039077], [-1.4654222740791738, 54.764637241198216], [-1.4625887151341885, 54.764637241198216], [-1.461171935661696, 54.763815262005664], [-1.461171935661696, 54.76271928974893], [-1.4606996758375317, 54.762445296684746], [-1.4597551561892033, 54.762445296684746], [-1.459282896365039, 54.76271928974893], [-1.459282896365039, 54.7632672758773], [-1.4602274160133675, 54.763815262005664], [-1.4602274160133675, 54.7649112342624], [-1.4578661168925464, 54.76628119958332], [-1.4573938570683822, 54.766007206519134], [-1.4573938570683822, 54.76545922039077], [-1.4583383767167106, 54.7649112342624], [-1.4583383767167106, 54.76436324813403], [-1.459282896365039, 54.763815262005664], [-1.4588106365408748, 54.76354126894148], [-1.4578661168925464, 54.76354126894148], [-1.456921597244218, 54.76299328281311], [-1.4550325579475611, 54.76299328281311], [-1.4540880382992327, 54.76354126894148], [-1.4531435186509043, 54.76354126894148], [-1.45267125882674, 54.763815262005664], [-1.45267125882674, 54.76436324813403], [-1.4512544793542475, 54.76518522732658], [-1.4498376998817548, 54.76436324813403], [-1.4517267391784117, 54.7632672758773], [-1.4517267391784117, 54.76217130362056], [-1.4521989990025759, 54.76189731055638], [-1.4531435186509043, 54.76189731055638], [-1.4540880382992327, 54.76134932442801], [-1.4559770775958896, 54.76134932442801], [-1.456921597244218, 54.76080133829964], [-1.4578661168925464, 54.76080133829964], [-1.4588106365408748, 54.76134932442801], [-1.4597551561892033, 54.76134932442801], [-1.4606996758375317, 54.76189731055638], [-1.46164419548586, 54.76134932442801], [-1.4644777544308454, 54.76134932442801], [-1.4654222740791738, 54.76080133829964], [-1.4663667937275022, 54.76080133829964], [-1.4673113133758307, 54.760253352171276], [-1.468255833024159, 54.76080133829964], [-1.4692003526724875, 54.760253352171276], [-1.470144872320816, 54.760253352171276], [-1.472506171441637, 54.761623317492194], [-1.472506171441637, 54.7632672758773], [-1.4715616517933086, 54.763815262005664], [-1.4720339116174728, 54.76408925506985], [-1.4729784312658012, 54.76408925506985], [-1.4743952107382938, 54.7649112342624], [-1.4743952107382938, 54.76545922039077], [-1.4753397303866223, 54.766007206519134], [-1.4753397303866223, 54.7665551926475], [-1.477228769683279, 54.76765116490424], [-1.477228769683279, 54.768199151032604], [-1.4781732893316075, 54.76874713716097], [-1.477228769683279, 54.76929512328934], [-1.4777010295074433, 54.76956911635352], [-1.481479108100757, 54.76956911635352], [-1.4824236277490854, 54.77011710248189], [-1.4852571866940707, 54.77011710248189], [-1.4862017063423991, 54.77066508861026], [-1.4890352652873844, 54.77066508861026], [-1.4899797849357128, 54.77011710248189], [-1.492813343880698, 54.77011710248189], [-1.4937578635290265, 54.76956911635352], [-1.4965914224740118, 54.76956911635352], [-1.4984804617706686, 54.76847314409679], [-1.499424981418997, 54.76847314409679], [-1.5008417608914897, 54.76765116490424], [-1.5008417608914897, 54.766007206519134], [-1.5003695010673255, 54.76573321345495], [-1.4975359421223402, 54.76573321345495], [-1.4965914224740118, 54.76518522732658], [-1.4956469028256834, 54.76518522732658], [-1.4932856037048623, 54.763815262005664], [-1.4942301233531907, 54.7632672758773], [-1.4942301233531907, 54.76271928974893], [-1.4937578635290265, 54.762445296684746], [-1.4918688242323697, 54.762445296684746], [-1.4913965644082054, 54.76217130362056], [-1.4913965644082054, 54.761623317492194], [-1.4923410840565339, 54.76107533136383], [-1.4918688242323697, 54.76080133829964], [-1.4899797849357128, 54.76080133829964], [-1.4890352652873844, 54.760253352171276], [-1.4871462259907275, 54.760253352171276], [-1.4852571866940707, 54.75915737991454], [-1.4843126670457423, 54.75970536604291], [-1.4833681473974138, 54.75970536604291], [-1.4824236277490854, 54.75915737991454], [-1.481479108100757, 54.75915737991454], [-1.4810068482765928, 54.75888338685036], [-1.4808887833205517, 54.75778741459362], [-1.4808887833205517, 54.757239428465255], [-1.4805345884524286, 54.75648594753875], [-1.4795900688041002, 54.7564174492727], [-1.4786455491557717, 54.7564174492727], [-1.4781732893316075, 54.75614345620852], [-1.4781732893316075, 54.75559547008015], [-1.4777010295074433, 54.75532147701597], [-1.4767565098591149, 54.75532147701597], [-1.474867470562458, 54.75422550475923], [-1.4739229509141296, 54.75422550475923], [-1.4729784312658012, 54.7547734908876], [-1.4692003526724875, 54.7547734908876], [-1.4687280928483233, 54.75449949782342], [-1.4687280928483233, 54.75395151169505], [-1.4677835731999949, 54.75340352556668], [-1.4687280928483233, 54.752855539438315], [-1.468255833024159, 54.75258154637413], [-1.4663667937275022, 54.75258154637413], [-1.4654222740791738, 54.75203356024576], [-1.463533234782517, 54.75203356024576], [-1.4630609749583527, 54.75175956718158], [-1.4630609749583527, 54.750663594924845], [-1.46164419548586, 54.749841615732294], [-1.4606996758375317, 54.75038960186066], [-1.4597551561892033, 54.75038960186066], [-1.4559770775958896, 54.74819765734719], [-1.4550325579475611, 54.74819765734719], [-1.454560298123397, 54.74792366428301], [-1.454560298123397, 54.74737567815464], [-1.4540880382992327, 54.747101685090456], [-1.4531435186509043, 54.747101685090456], [-1.45267125882674, 54.74682769202627], [-1.45267125882674, 54.746279705897905], [-1.4531435186509043, 54.74600571283372], [-1.4550325579475611, 54.74600571283372], [-1.4559770775958896, 54.74655369896209], [-1.456921597244218, 54.74655369896209], [-1.4588106365408748, 54.747649671218824], [-1.4597551561892033, 54.747649671218824], [-1.4606996758375317, 54.74819765734719], [-1.46164419548586, 54.74819765734719], [-1.463533234782517, 54.749293629603926], [-1.4644777544308454, 54.74874564347556], [-1.4654222740791738, 54.74874564347556], [-1.465894533903338, 54.74901963653974], [-1.465894533903338, 54.74956762266811], [-1.4663667937275022, 54.749841615732294], [-1.4673113133758307, 54.749841615732294], [-1.468255833024159, 54.75038960186066], [-1.4692003526724875, 54.75038960186066], [-1.470144872320816, 54.75093758798903], [-1.4710893919691443, 54.75093758798903], [-1.4720339116174728, 54.751485574117396], [-1.4729784312658012, 54.751485574117396], [-1.4743952107382938, 54.750663594924845], [-1.4743952107382938, 54.74901963653974], [-1.4734506910899654, 54.748471650411375], [-1.4743952107382938, 54.74792366428301], [-1.4743952107382938, 54.74737567815464], [-1.474867470562458, 54.747101685090456], [-1.4758119902107865, 54.747101685090456], [-1.4767565098591149, 54.74655369896209], [-1.4777010295074433, 54.74655369896209], [-1.4786455491557717, 54.74600571283372], [-1.4833681473974138, 54.74600571283372], [-1.4843126670457423, 54.745457726705354], [-1.4862017063423991, 54.745457726705354], [-1.4876184858148918, 54.7446357475128], [-1.4876184858148918, 54.744087761384435], [-1.4871462259907275, 54.74381376832025], [-1.4862017063423991, 54.74381376832025], [-1.485729446518235, 54.74353977525607], [-1.485729446518235, 54.741895816870965], [-1.4852571866940707, 54.74162182380678], [-1.4833681473974138, 54.74162182380678], [-1.481479108100757, 54.740525851550046], [-1.4805345884524286, 54.740525851550046], [-1.4800623286282644, 54.74025185848586], [-1.4800623286282644, 54.739703872357495], [-1.479117808979936, 54.73915588622913], [-1.4810068482765928, 54.73805991397239], [-1.4805345884524286, 54.73778592090821], [-1.4795900688041002, 54.73778592090821], [-1.479117808979936, 54.737511927844025], [-1.479117808979936, 54.73641595558729], [-1.4781732893316075, 54.73586796945892], [-1.4781732893316075, 54.73477199720219], [-1.4777010295074433, 54.734498004138004], [-1.4767565098591149, 54.734498004138004], [-1.4762842500349507, 54.73477199720219], [-1.4762842500349507, 54.73586796945892], [-1.474867470562458, 54.736689948651474], [-1.4739229509141296, 54.736689948651474], [-1.4729784312658012, 54.73614196252311], [-1.4720339116174728, 54.73614196252311], [-1.4715616517933086, 54.73641595558729], [-1.4715616517933086, 54.73696394171566], [-1.4706171321449801, 54.737511927844025], [-1.4706171321449801, 54.73915588622913], [-1.470144872320816, 54.73942987929331], [-1.468255833024159, 54.73942987929331], [-1.4673113133758307, 54.73997786542168], [-1.4654222740791738, 54.73997786542168], [-1.46164419548586, 54.74216980993515], [-1.4602274160133675, 54.7413478307426], [-1.4602274160133675, 54.74025185848586], [-1.46164419548586, 54.73942987929331], [-1.4625887151341885, 54.73942987929331], [-1.4630609749583527, 54.73915588622913], [-1.4630609749583527, 54.73860790010076], [-1.4621164553100243, 54.73805991397239], [-1.4625887151341885, 54.73778592090821], [-1.463533234782517, 54.738333907036576], [-1.4640054946066812, 54.73805991397239], [-1.4640054946066812, 54.737511927844025], [-1.4654222740791738, 54.736689948651474], [-1.4663667937275022, 54.736689948651474], [-1.4677835731999949, 54.73586796945892], [-1.4677835731999949, 54.735319983330555], [-1.4692003526724875, 54.734498004138004], [-1.470144872320816, 54.734498004138004], [-1.4706171321449801, 54.73422401107382], [-1.4696726124966517, 54.73367602494545], [-1.4696726124966517, 54.733128038817085], [-1.472506171441637, 54.73148408043198], [-1.472506171441637, 54.730936094303615], [-1.4720339116174728, 54.73066210123943], [-1.4710893919691443, 54.73066210123943], [-1.4706171321449801, 54.73038810817525], [-1.4706171321449801, 54.72984012204688], [-1.470144872320816, 54.7295661289827], [-1.4692003526724875, 54.7295661289827], [-1.4687280928483233, 54.72929213591851], [-1.4687280928483233, 54.728744149790145], [-1.4673113133758307, 54.727922170597594], [-1.4663667937275022, 54.727922170597594], [-1.465894533903338, 54.72764817753341], [-1.465894533903338, 54.72734058597002], [-1.466281347514923, 54.72730377697732], [-1.466400240101539, 54.72729519162635], [-1.47447636818013, 54.72686525804178], [-1.47465644842763, 54.72685906830462], [-1.492431212429634, 54.7269799799361], [-1.492641042128535, 54.726990061346775], [-1.493975884864696, 54.72708387228892], [-1.496762432870682, 54.72706795317026], [-1.497198059021766, 54.727081028411554], [-1.510195163533885, 54.72786645933397], [-1.522980307468381, 54.729431924797225], [-1.535414321640169, 54.731760389140604], [-1.537498566512326, 54.7322215198925], [-1.541456105769612, 54.733203796574166], [-1.541456105769612, 54.739703872357495], [-1.5424006254179403, 54.74025185848586], [-1.5424006254179403, 54.74079984461423], [-1.541456105769612, 54.7413478307426], [-1.541456105769612, 54.74244380299933], [-1.5381502870004624, 54.74436175444862], [-1.537205767352134, 54.74436175444862], [-1.5367335075279698, 54.7446357475128], [-1.537205767352134, 54.744909740576986], [-1.5400393262971193, 54.744909740576986], [-1.541456105769612, 54.74573171976954], [-1.541456105769612, 54.746279705897905], [-1.541928365593776, 54.74655369896209], [-1.5447619245387614, 54.74655369896209], [-1.546178704011254, 54.74737567815464], [-1.546178704011254, 54.748471650411375], [-1.5452341843629256, 54.74901963653974], [-1.5452341843629256, 54.74956762266811], [-1.5457064441870898, 54.749841615732294], [-1.5475954834837466, 54.749841615732294], [-1.550429042428732, 54.751485574117396], [-1.5513735620770603, 54.751485574117396], [-1.5518458219012246, 54.75175956718158], [-1.5518458219012246, 54.752855539438315], [-1.5523180817253888, 54.7531295325025], [-1.5560961603187025, 54.7531295325025], [-1.557512939791195, 54.75395151169505], [-1.557512939791195, 54.757239428465255], [-1.5579851996153593, 54.75751342152944], [-1.5589297192636877, 54.75751342152944], [-1.5598742389120162, 54.75696543540107], [-1.561763278208673, 54.75696543540107], [-1.564124577329494, 54.75559547008015], [-1.564124577329494, 54.75449949782342], [-1.5645968371536583, 54.75422550475923], [-1.5655413568019867, 54.75422550475923], [-1.5664858764503151, 54.753677518630866], [-1.5674303960986435, 54.753677518630866], [-1.5688471755711362, 54.75449949782342], [-1.5688471755711362, 54.755047483951785], [-1.5693194353953004, 54.75532147701597], [-1.5712084746919572, 54.75532147701597], [-1.573097513988614, 54.75422550475923], [-1.5759310729335994, 54.75422550475923], [-1.5768755925819278, 54.7547734908876], [-1.5778201122302562, 54.7547734908876], [-1.5782923720544204, 54.755047483951785], [-1.5782923720544204, 54.75559547008015], [-1.5787646318785846, 54.755869463144336], [-1.579709151526913, 54.75532147701597], [-1.5825427104718983, 54.75532147701597], [-1.583959489944391, 54.75449949782342], [-1.583959489944391, 54.75395151169505], [-1.5858485292410478, 54.752855539438315], [-1.5849040095927194, 54.75230755330995], [-1.5849040095927194, 54.75175956718158], [-1.585839333446744, 54.751216916217736], [-1.593802087257864, 54.75677958402906], [-1.5971827650209889, 54.75969453462039], [-1.5971827650209889, 54.75997935910709], [-1.597655024845153, 54.760253352171276], [-1.597830865909409, 54.760253352171276], [-1.600824238537652, 54.76283435335628], [-1.601610433429861, 54.76359206555549], [-1.606905362717111, 54.76925050586232], [-1.611310839598539, 54.775158490816224], [-1.614791668369396, 54.781269351202035], [-1.6172115320054443, 54.78726619618126], [-1.6165454178117216, 54.78765265858965], [-1.6146563785150647, 54.78765265858965], [-1.6137118588667363, 54.78710467246128], [-1.6118228195700794, 54.78710467246128], [-1.6094615204492584, 54.785734707140364], [-1.6094615204492584, 54.785186721011996], [-1.6089892606250942, 54.78491272794781], [-1.6071002213284373, 54.78491272794781], [-1.6066279615042731, 54.785186721011996], [-1.60851700080093, 54.78628269326873], [-1.60851700080093, 54.7868306793971], [-1.6113505597459152, 54.7884746377822], [-1.6113505597459152, 54.78902262391057], [-1.6127673392184079, 54.78984460310312], [-1.6137118588667363, 54.78984460310312], [-1.6146563785150647, 54.79039258923149], [-1.6156008981633931, 54.79039258923149], [-1.6160731579875574, 54.79066658229567], [-1.6160731579875574, 54.791762554552406], [-1.6165454178117216, 54.79203654761659], [-1.61748993746005, 54.79203654761659], [-1.6179621972842142, 54.792310540680774], [-1.6179621972842142, 54.79285852680914], [-1.6170176776358858, 54.79340651293751], [-1.61748993746005, 54.79368050600169], [-1.6188202769203892, 54.79368050600169], [-1.618875151676362, 54.793905281748565], [-1.61892476283026, 54.79420403328072], [-1.619476171203013, 54.7997916875698], [-1.619368051226844, 54.802844042700706], [-1.622517159473638, 54.807584643910225], [-1.626863904424482, 54.80713973581584], [-1.637064204030912, 54.806586503386534], [-1.637453275679501, 54.8065746356764], [-1.638090839173015, 54.806555268384486], [-1.654038679492899, 54.80665738471475], [-1.654705895959546, 54.806686231882274], [-1.666951697575097, 54.807642762350554], [-1.66758258406308, 54.807672345815995], [-1.668151966879174, 54.80773644755616], [-1.669533334253053, 54.80784425287393], [-1.669606311200678, 54.80785253825048], [-1.670843335714114, 54.808039405914], [-1.68127655425663, 54.80921323154923], [-1.681338653590043, 54.80922231575843], [-1.691095489514499, 54.81089563455421], [-1.70058570897683, 54.813020419972545], [-1.700640136805321, 54.81303409758521], [-1.716900973694111, 54.81796732237196], [-1.716953724957677, 54.81798629368974], [-1.726140689584707, 54.821626824167645], [-1.734732605166967, 54.8257238575018], [-1.734777594560882, 54.82574732654711], [-1.742914752591794, 54.83039864256136], [-1.749970715199066, 54.83524401269013], [-1.750577237115005, 54.83517043800942], [-1.750764112813714, 54.83515466546095], [-1.756262961636041, 54.83485167170043], [-1.762392411978171, 54.833704284959666], [-1.762518609064052, 54.83368481823516], [-1.774107260746841, 54.83223196303229], [-1.774216273554203, 54.83222138143299], [-1.785438121165305, 54.831430189483605], [-1.785593844629635, 54.83142330146576], [-1.793330514698738, 54.8312194529545], [-1.793506399749911, 54.831217955354056], [-1.808397769398701, 54.83160228726114], [-1.80876352514655, 54.83162434770375], [-1.819454386877547, 54.83253926853489], [-1.824306703518627, 54.833205080811155], [-1.824594839773808, 54.83322742740325], [-1.83391900130055, 54.83375402643821], [-1.834887931727647, 54.83378903382874], [-1.835430277638135, 54.83383930980706], [-1.835452844178034, 54.8338405831222], [-1.835796850528458, 54.833871628126246], [-1.83590952023811, 54.83388373392884], [-1.84684840266532, 54.83489718943565], [-1.858568469782658, 54.83666583851147], [-1.869939070897225, 54.83907852823602], [-1.880854345081806, 54.842112811005784], [-1.8818561353954, 54.842426519805116], [-1.8880948167061433, 54.84462138097654], [-1.8880948167061433, 54.84491720900405], [-1.887150297057815, 54.84546519513242], [-1.887150297057815, 54.846561167389154], [-1.8885670765303075, 54.847383146581706], [-1.8932896747719496, 54.847383146581706], [-1.8941534277606564, 54.84688201920232], [-1.89530572753373, 54.847385623291395], [-1.897098753816246, 54.84775961302665], [-1.897620147886056, 54.84788670430549], [-1.900999386770374, 54.84874439074103], [-1.901242174550915, 54.84880848685381], [-1.9055872873037734, 54.85012307722354], [-1.9055684302002192, 54.85012307722354], [-1.9041516507277265, 54.850945056416094], [-1.9041516507277265, 54.85149304254446], [-1.9055684302002192, 54.85231502173701], [-1.907457469496876, 54.85231502173701], [-1.9084019891452044, 54.851767035608646], [-1.9093465087935328, 54.851767035608646], [-1.9102910284418613, 54.85231502173701], [-1.9121800677385181, 54.85231502173701], [-1.9131245873868465, 54.85286300786538], [-1.914069107035175, 54.85286300786538], [-1.9141737466679294, 54.85280229862833], [-1.9158738270691777, 54.85345991387209], [-1.9154858865076676, 54.85368498705793], [-1.9159581463318318, 54.853958980122115], [-1.9171640233635072, 54.853958980122115], [-1.9192639651009813, 54.85477126740956], [-1.9192639651009813, 54.855328945443034], [-1.9197362249251455, 54.85560293850722], [-1.9214140182617516, 54.85560293850722], [-1.922047858606191, 54.855848116954256], [-1.923042043694295, 54.85642491769977], [-1.923042043694295, 54.85697290382814], [-1.9249310829909518, 54.85806887608487], [-1.9249310829909518, 54.85916484834161], [-1.925403342815116, 54.85943884140579], [-1.9263478624634445, 54.85889085527742], [-1.9282369017601013, 54.85998682753416], [-1.9310704607050866, 54.85998682753416], [-1.931076004660146, 54.85998361107331], [-1.935552574204357, 54.86217877204763], [-1.9329595000017434, 54.86217877204763], [-1.9324872401775792, 54.86245276511181], [-1.9329595000017434, 54.862726758175995], [-1.9339040196500719, 54.862726758175995], [-1.934376279474236, 54.86300075124018], [-1.934376279474236, 54.863548737368546], [-1.9348485392984003, 54.86382273043273], [-1.9357930589467287, 54.86382273043273], [-1.936265318770893, 54.864096723496914], [-1.936265318770893, 54.86464470962528], [-1.9367375785950571, 54.864918702689465], [-1.9376820982433856, 54.864918702689465], [-1.9381543580675498, 54.86519269575365], [-1.9381543580675498, 54.86683665413875], [-1.9390988777158782, 54.86738464026712], [-1.9390988777158782, 54.867932626395486], [-1.9400433973642066, 54.868480612523854], [-1.9400433973642066, 54.86957658478059], [-1.9395711375400424, 54.86985057784477], [-1.9376820982433856, 54.86985057784477], [-1.9372098384192213, 54.86957658478059], [-1.9372098384192213, 54.86902859865222], [-1.936265318770893, 54.868480612523854], [-1.936265318770893, 54.86738464026712], [-1.9372098384192213, 54.86683665413875], [-1.9367375785950571, 54.86656266107457], [-1.9339040196500719, 54.86656266107457], [-1.9334317598259076, 54.866288668010384], [-1.9334317598259076, 54.865740681882016], [-1.9329595000017434, 54.86546668881783], [-1.932014980353415, 54.86546668881783], [-1.9305982008809224, 54.86464470962528], [-1.9305982008809224, 54.864096723496914], [-1.9301259410567582, 54.86382273043273], [-1.9263478624634445, 54.86382273043273], [-1.9258756026392803, 54.864096723496914], [-1.9258756026392803, 54.86464470962528], [-1.9244588231667876, 54.86546668881783], [-1.9225697838701308, 54.86546668881783], [-1.920680744573474, 54.86656266107457], [-1.918791705276817, 54.86656266107457], [-1.9178471856284887, 54.867110647202935], [-1.9150136266835034, 54.867110647202935], [-1.914069107035175, 54.86656266107457], [-1.9135968472110108, 54.86683665413875], [-1.9135968472110108, 54.867932626395486], [-1.9121800677385181, 54.86875460558804], [-1.9102910284418613, 54.86875460558804], [-1.909818768617697, 54.86902859865222], [-1.9107632882660255, 54.86957658478059], [-1.9107632882660255, 54.870672557037324], [-1.909818768617697, 54.87122054316569], [-1.9107632882660255, 54.87176852929406], [-1.9107632882660255, 54.872316515422426], [-1.9079297293210402, 54.87396047380753], [-1.9079297293210402, 54.874508459935896], [-1.9084019891452044, 54.87478245300008], [-1.9093465087935328, 54.87478245300008], [-1.9107632882660255, 54.87560443219263], [-1.9107632882660255, 54.876152418321], [-1.9088742489693686, 54.87724839057773], [-1.9093465087935328, 54.87752238364192], [-1.9102910284418613, 54.87752238364192], [-1.911707807914354, 54.87834436283447], [-1.911707807914354, 54.878892348962836], [-1.9135968472110108, 54.87998832121957], [-1.9121800677385181, 54.88081030041212], [-1.9112355480901897, 54.88081030041212], [-1.9107632882660255, 54.88053630734794], [-1.9107632882660255, 54.8794403350912], [-1.9102910284418613, 54.87916634202702], [-1.9065129498485476, 54.87916634202702], [-1.9060406900243834, 54.878892348962836], [-1.9060406900243834, 54.8777963767061], [-1.9036793909035623, 54.87642641138518], [-1.9027348712552339, 54.87642641138518], [-1.9017903516069055, 54.875878425256815], [-1.8999013123102486, 54.875878425256815], [-1.8980122730135918, 54.87697439751355], [-1.896123233716935, 54.87697439751355], [-1.8951787140686065, 54.87642641138518], [-1.8947064542444423, 54.876700404449366], [-1.8947064542444423, 54.87724839057773], [-1.894234194420278, 54.87752238364192], [-1.8904561158269644, 54.87752238364192], [-1.8899838560028002, 54.8777963767061], [-1.8899838560028002, 54.87834436283447], [-1.8909283756511286, 54.878892348962836], [-1.8899838560028002, 54.8794403350912], [-1.8899838560028002, 54.87998832121957], [-1.8904561158269644, 54.880262314283755], [-1.894234194420278, 54.880262314283755], [-1.8956509738927707, 54.881084293476306], [-1.8956509738927707, 54.88218026573304], [-1.8937619345961139, 54.883276237989776], [-1.8937619345961139, 54.88382422411814], [-1.894234194420278, 54.88409821718233], [-1.8970677533652633, 54.88409821718233], [-1.8975400131894276, 54.88437221024651], [-1.8975400131894276, 54.88492019637488], [-1.8999013123102486, 54.8862901616958], [-1.9017903516069055, 54.8862901616958], [-1.9041516507277265, 54.88492019637488], [-1.9041516507277265, 54.88382422411814], [-1.9065129498485476, 54.882454258797225], [-1.9084019891452044, 54.882454258797225], [-1.9093465087935328, 54.88190627266886], [-1.9102910284418613, 54.88190627266886], [-1.9112355480901897, 54.88135828654049], [-1.9131245873868465, 54.88135828654049], [-1.914069107035175, 54.88081030041212], [-1.9197362249251455, 54.88081030041212], [-1.920680744573474, 54.88135828654049], [-1.9216252642218024, 54.88135828654049], [-1.9220975240459666, 54.88163227960467], [-1.9220975240459666, 54.88218026573304], [-1.9216252642218024, 54.882454258797225], [-1.918791705276817, 54.882454258797225], [-1.9178471856284887, 54.88190627266886], [-1.9173749258043244, 54.88218026573304], [-1.9173749258043244, 54.88272825186141], [-1.9183194454526529, 54.883276237989776], [-1.9183194454526529, 54.88437221024651], [-1.9178471856284887, 54.884646203310695], [-1.9159581463318318, 54.884646203310695], [-1.9154858865076676, 54.88437221024651], [-1.9154858865076676, 54.88382422411814], [-1.9150136266835034, 54.88355023105396], [-1.914069107035175, 54.88355023105396], [-1.9121800677385181, 54.884646203310695], [-1.9102910284418613, 54.884646203310695], [-1.909818768617697, 54.88492019637488], [-1.909818768617697, 54.885468182503246], [-1.9079297293210402, 54.88656415475998], [-1.909818768617697, 54.887660127016716], [-1.909818768617697, 54.88820811314508], [-1.9088742489693686, 54.88875609927345], [-1.9088742489693686, 54.889852071530186], [-1.9093465087935328, 54.89012606459437], [-1.9121800677385181, 54.89012606459437], [-1.9131245873868465, 54.89067405072274], [-1.9169026659801602, 54.89067405072274], [-1.9178471856284887, 54.891222036851104], [-1.920680744573474, 54.891222036851104], [-1.9216252642218024, 54.89177002297947], [-1.9244588231667876, 54.89177002297947], [-1.9249310829909518, 54.89149602991529], [-1.9239865633426234, 54.89094804378692], [-1.9239865633426234, 54.89040005765855], [-1.925403342815116, 54.889578078466], [-1.927292382111773, 54.889578078466], [-1.927764641935937, 54.889852071530186], [-1.927764641935937, 54.89094804378692], [-1.9282369017601013, 54.891222036851104], [-1.9310704607050866, 54.891222036851104], [-1.932014980353415, 54.89177002297947], [-1.9329595000017434, 54.891222036851104], [-1.9348485392984003, 54.891222036851104], [-1.9353207991225645, 54.89094804378692], [-1.9353207991225645, 54.89040005765855], [-1.9357930589467287, 54.89012606459437], [-1.9367375785950571, 54.89012606459437], [-1.9372098384192213, 54.889852071530186], [-1.9372098384192213, 54.88875609927345], [-1.936265318770893, 54.88820811314508], [-1.9372098384192213, 54.887660127016716], [-1.9372098384192213, 54.88656415475998], [-1.9367375785950571, 54.8862901616958], [-1.9357930589467287, 54.8862901616958], [-1.934376279474236, 54.885468182503246], [-1.934376279474236, 54.88492019637488], [-1.9353207991225645, 54.88437221024651], [-1.9353207991225645, 54.883276237989776], [-1.9348485392984003, 54.88300224492559], [-1.9339040196500719, 54.88300224492559], [-1.9334317598259076, 54.88272825186141], [-1.9334317598259076, 54.88218026573304], [-1.9348485392984003, 54.88135828654049], [-1.9367375785950571, 54.882454258797225], [-1.938626617891714, 54.882454258797225], [-1.9390988777158782, 54.88218026573304], [-1.9381543580675498, 54.88163227960467], [-1.9381543580675498, 54.881084293476306], [-1.9395711375400424, 54.880262314283755], [-1.9405156571883708, 54.880262314283755], [-1.940987917012535, 54.87998832121957], [-1.9400433973642066, 54.8794403350912], [-1.9400433973642066, 54.878892348962836], [-1.940987917012535, 54.87834436283447], [-1.940987917012535, 54.87724839057773], [-1.9414601768366992, 54.87697439751355], [-1.9424046964850277, 54.87697439751355], [-1.9428769563091919, 54.876700404449366], [-1.9428769563091919, 54.875056446064264], [-1.943349216133356, 54.87478245300008], [-1.9442937357816845, 54.87478245300008], [-1.945238255430013, 54.87423446687171], [-1.9457105152541772, 54.874508459935896], [-1.9447659956058487, 54.875056446064264], [-1.9447659956058487, 54.8777963767061], [-1.9442937357816845, 54.878070369770285], [-1.943349216133356, 54.878070369770285], [-1.9428769563091919, 54.87834436283447], [-1.9428769563091919, 54.87998832121957], [-1.9424046964850277, 54.880262314283755], [-1.9414601768366992, 54.880262314283755], [-1.940987917012535, 54.88053630734794], [-1.9419324366608635, 54.881084293476306], [-1.9419324366608635, 54.88218026573304], [-1.940987917012535, 54.88272825186141], [-1.9419324366608635, 54.883276237989776], [-1.9419324366608635, 54.88437221024651], [-1.9428769563091919, 54.88492019637488], [-1.9428769563091919, 54.88656415475998], [-1.9424046964850277, 54.886838147824164], [-1.9414601768366992, 54.886838147824164], [-1.940987917012535, 54.88711214088835], [-1.9428769563091919, 54.88820811314508], [-1.9428769563091919, 54.88875609927345], [-1.943349216133356, 54.889030092337634], [-1.945238255430013, 54.889030092337634], [-1.9457105152541772, 54.88930408540182], [-1.9457105152541772, 54.889852071530186], [-1.9466550349025056, 54.89040005765855], [-1.9466550349025056, 54.89094804378692], [-1.9442937357816845, 54.89231800910784], [-1.943349216133356, 54.89231800910784], [-1.9428769563091919, 54.89259200217202], [-1.9428769563091919, 54.89368797442876], [-1.9442937357816845, 54.89450995362131], [-1.945238255430013, 54.89396196749294], [-1.9461827750783414, 54.89396196749294], [-1.9471272947266698, 54.89450995362131], [-1.951849892968312, 54.89450995362131], [-1.9523221527924761, 54.89478394668549], [-1.9523221527924761, 54.896427905070595], [-1.9509053733199835, 54.89724988426315], [-1.949960853671655, 54.89724988426315], [-1.9480718143749982, 54.89615391200641], [-1.947599554550834, 54.896427905070595], [-1.947599554550834, 54.89752387732733], [-1.9485440741991624, 54.8980718634557], [-1.9485440741991624, 54.898619849584065], [-1.951849892968312, 54.90053780103335], [-1.9527944126166403, 54.90053780103335], [-1.9532666724408045, 54.90026380796917], [-1.9532666724408045, 54.8997158218408], [-1.9579892706824467, 54.89697589119896], [-1.9579892706824467, 54.896427905070595], [-1.9584615305066109, 54.89615391200641], [-1.9603505698032677, 54.89615391200641], [-1.960822829627432, 54.896427905070595], [-1.960822829627432, 54.89697589119896], [-1.9627118689240888, 54.8980718634557], [-1.9622396090999246, 54.89834585651988], [-1.960940894583473, 54.898619849584065], [-1.9603505698032677, 54.89889384264825], [-1.9579892706824467, 54.90026380796917], [-1.9594060501549393, 54.90108578716172], [-1.9603505698032677, 54.90108578716172], [-1.9612950894515961, 54.90163377329009], [-1.9622396090999246, 54.90163377329009], [-1.963184128748253, 54.90108578716172], [-1.9669622073415667, 54.90108578716172], [-1.967906726989895, 54.90163377329009], [-1.9688512466382235, 54.90163377329009], [-1.969795766286552, 54.90108578716172], [-1.9707402859348804, 54.90108578716172], [-1.9716848055832088, 54.90163377329009], [-1.9735738448798656, 54.90163377329009], [-1.974518364528194, 54.90108578716172], [-1.974867470652948, 54.90108578716172], [-1.97595153512018, 54.903720592250764], [-1.9761601534815154, 54.90451715225364], [-1.9754628841765225, 54.90492169006029], [-1.974518364528194, 54.904373703931924], [-1.9735738448798656, 54.904373703931924], [-1.9716848055832088, 54.90546967618866], [-1.9669622073415667, 54.90546967618866], [-1.9660176876932383, 54.906017662317026], [-1.963184128748253, 54.906017662317026], [-1.9622396090999246, 54.90546967618866], [-1.9617673492757604, 54.90574366925284], [-1.9617673492757604, 54.90629165538121], [-1.9612950894515961, 54.906565648445394], [-1.9575170108582824, 54.906565648445394], [-1.9570447510341182, 54.90683964150958], [-1.9570447510341182, 54.90793561376631], [-1.9598783099791035, 54.909579572151415], [-1.9598783099791035, 54.91012755827978], [-1.960822829627432, 54.91067554440815], [-1.960822829627432, 54.91231950279325], [-1.9617673492757604, 54.91286748892162], [-1.9617673492757604, 54.913963461178355], [-1.960822829627432, 54.91451144730672], [-1.960822829627432, 54.91505943343509], [-1.9598783099791035, 54.91560741956346], [-1.9598783099791035, 54.91670339182019], [-1.9603505698032677, 54.916977384884376], [-1.9612950894515961, 54.91642939875601], [-1.9650731680449098, 54.91642939875601], [-1.9660176876932383, 54.916977384884376], [-1.9669622073415667, 54.91642939875601], [-1.969795766286552, 54.91642939875601], [-1.9707402859348804, 54.916977384884376], [-1.9735738448798656, 54.916977384884376], [-1.9754628841765225, 54.91807335714111], [-1.976407403824851, 54.91807335714111], [-1.9768796636490151, 54.91779936407693], [-1.9768796636490151, 54.91725137794856], [-1.9773519234731793, 54.916977384884376], [-1.9781580924903976, 54.916977384884376], [-1.977912099163569, 54.92289253739695], [-1.976407161834673, 54.9299454291074], [-1.973706631404922, 54.93687914167855], [-1.969836009425048, 54.94362663699106], [-1.969604791986068, 54.94392685488501], [-1.969352804384158, 54.94435928930179], [-1.965291554891808, 54.94980279573842], [-1.965102445683988, 54.95003007108622], [-1.959144047677785, 54.95630672774041], [-1.95909008697066, 54.95785030877818], [-1.959088434104275, 54.95786551051511], [-1.957874141470778, 54.96433835663971], [-1.955652341305184, 54.97072208281634], [-1.952440589741353, 54.97696488513139], [-1.952428143446584, 54.976985597252], [-1.948621512618619, 54.98256010869368], [-1.944024659971256, 54.98793415824276], [-1.938668885204633, 54.993070792734876], [-1.938642219587574, 54.99309411562883], [-1.938041866714362, 54.993562625308186], [-1.937312068261724, 54.99467874192255], [-1.937183668679327, 54.994850363360044], [-1.931841751697192, 55.00113334313732], [-1.929176452758036, 55.00362415552661], [-1.928709719615535, 55.00436625918139], [-1.923185279044071, 55.01096811917082], [-1.916524935858073, 55.01721449670693], [-1.908796731826823, 55.023041099954895], [-1.900079802061568, 55.028387930874864], [-1.890463570631138, 55.03319990900059], [-1.888265741986245, 55.0340920260593], [-1.884002430339719, 55.03908718041298], [-1.877672712275104, 55.044992238552325], [-1.870385138184011, 55.050521569933046], [-1.864612279658536, 55.0541234336442], [-1.863829324697496, 55.055201974517935], [-1.857808616106178, 55.061596760561905], [-1.850697732854412, 55.06761187044578], [-1.842568279706775, 55.073186334977365], [-1.838485960179797, 55.07547282893504], [-1.838353655123285, 55.076230969765824], [-1.835953450892227, 55.08312659200845], [-1.832395999998103, 55.08985576113678], [-1.8318615716084479, 55.09059765656092], [-1.8309513779822737, 55.09059765656092], [-1.8300068583339453, 55.09068898757687], [-1.8285900788614526, 55.09151096676942], [-1.8304333161920228, 55.09258036589757], [-1.827714425763689, 55.0963547394274], [-1.821952559210344, 55.10256193928863], [-1.815164541426648, 55.1084185104419], [-1.807414324912833, 55.11386890206159], [-1.799238496647234, 55.11859363895369], [-1.796822681136139, 55.120235051744174], [-1.787967903119299, 55.12517543853256], [-1.778310090547728, 55.129594956117714], [-1.767942037584924, 55.1334510280518], [-1.756963471364132, 55.136706494646084], [-1.745480085280567, 55.1393299758823], [-1.733602510808415, 55.141296178196704], [-1.728135190825124, 55.14187645595655], [-1.725526744071715, 55.142382235439534], [-1.724758716776858, 55.14250714936994], [-1.724398723160248, 55.142563142616645], [-1.721299363704323, 55.14318210207461], [-1.721324043652126, 55.14322043977435], [-1.719842371482522, 55.14353336343599], [-1.716089159629171, 55.14428767263035], [-1.71358583224136, 55.14476547147522], [-1.711198531634091, 55.14522363856607], [-1.709727519008462, 55.145500189975394], [-1.707703996228685, 55.14587272184421], [-1.707467871223995, 55.14591604349105], [-1.70686177053653, 55.146026865470034], [-1.705110060853437, 55.146347008799644], [-1.704316125822015, 55.146490330291], [-1.703648968874736, 55.14662471915858], [-1.693671821571138, 55.148372211003895], [-1.692897359714591, 55.14848801022868], [-1.687849551409021, 55.149179488800975], [-1.687213481675561, 55.1492587262039], [-1.685323731973442, 55.14948546492881], [-1.683800343866148, 55.14966127047835], [-1.680059182175907, 55.15005943073523], [-1.678677293087317, 55.15019416567449], [-1.676931563296182, 55.150357154287384], [-1.674946807661956, 55.1505342633822], [-1.672371686481475, 55.15074846198822], [-1.671380945656608, 55.15082489543709], [-1.664412370564329, 55.15124988964758], [-1.663261712518285, 55.15130157921927], [-1.659624654048027, 55.151315039427146], [-1.657484007466116, 55.15147010430263], [-1.645412105799181, 55.1516777988485], [-1.633360956870624, 55.151222851268926], [-1.621441412738444, 55.15010944721766], [-1.60976309518444, 55.14834782850343], [-1.598433371930641, 55.1459541973592], [-1.587556355222586, 55.14295056508285], [-1.577231932647767, 55.13936454655099], [-1.567554839670163, 55.13522910263817], [-1.567318136371121, 55.13510610494154], [-1.567082282409889, 55.13508782953188], [-1.566952663095267, 55.135072702606266], [-1.566960084540924, 55.135051830450124], [-1.565999290470164, 55.13502315086823], [-1.554134199334247, 55.13401509022348], [-1.550832735890716, 55.133547386420716], [-1.547619477277762, 55.133753325007454], [-1.542846324026736, 55.133785967677255], [-1.5425832678225826, 55.13388036136886], [-1.5422825604618993, 55.133705898653716]], [[-1.9235143035184592, 54.91807335714111], [-1.923042043694295, 54.918347350205295], [-1.923042043694295, 54.91889533633366], [-1.925403342815116, 54.92026530165458], [-1.9263478624634445, 54.92026530165458], [-1.927292382111773, 54.92081328778295], [-1.927764641935937, 54.920539294718765], [-1.927764641935937, 54.9199913085904], [-1.9287091615842655, 54.91944332246203], [-1.9287091615842655, 54.91889533633366], [-1.9301259410567582, 54.91807335714111], [-1.9329595000017434, 54.91807335714111], [-1.9339040196500719, 54.91862134326948], [-1.9348485392984003, 54.91862134326948], [-1.9372098384192213, 54.9199913085904], [-1.9372098384192213, 54.92108728084713], [-1.9390988777158782, 54.92218325310387], [-1.9390988777158782, 54.92437519761734], [-1.9381543580675498, 54.924923183745705], [-1.9381543580675498, 54.92547116987407], [-1.938626617891714, 54.925745162938256], [-1.9395711375400424, 54.925745162938256], [-1.9400433973642066, 54.92601915600244], [-1.9390988777158782, 54.92656714213081], [-1.9419324366608635, 54.92821110051591], [-1.940987917012535, 54.92875908664428], [-1.9414601768366992, 54.92903307970846], [-1.9424046964850277, 54.92903307970846], [-1.9428769563091919, 54.929307072772644], [-1.9428769563091919, 54.92985505890101], [-1.9442937357816845, 54.93067703809356], [-1.9461827750783414, 54.93067703809356], [-1.9471272947266698, 54.93122502422193], [-1.9480718143749982, 54.93122502422193], [-1.9490163340233266, 54.93067703809356], [-1.951849892968312, 54.93067703809356], [-1.9523221527924761, 54.93040304502938], [-1.9523221527924761, 54.929307072772644], [-1.9537389322649688, 54.92848509358009], [-1.9556279715616256, 54.92848509358009], [-1.9561002313857898, 54.92821110051591], [-1.9527944126166403, 54.92629314906662], [-1.951849892968312, 54.92629314906662], [-1.9513776331441477, 54.92601915600244], [-1.9523221527924761, 54.92547116987407], [-1.9523221527924761, 54.924923183745705], [-1.9494885938474908, 54.9232792253606], [-1.9513776331441477, 54.92218325310387], [-1.949960853671655, 54.921361273911316], [-1.9490163340233266, 54.921361273911316], [-1.9485440741991624, 54.92108728084713], [-1.9485440741991624, 54.920539294718765], [-1.9466550349025056, 54.91944332246203], [-1.9466550349025056, 54.91505943343509], [-1.9494885938474908, 54.91341547504999], [-1.9485440741991624, 54.91286748892162], [-1.9485440741991624, 54.91231950279325], [-1.9494885938474908, 54.911771516664885], [-1.9494885938474908, 54.91067554440815], [-1.9490163340233266, 54.910401551343966], [-1.9480718143749982, 54.910401551343966], [-1.9471272947266698, 54.910949537472334], [-1.9461827750783414, 54.910401551343966], [-1.9457105152541772, 54.91067554440815], [-1.9457105152541772, 54.91122353053652], [-1.945238255430013, 54.9114975236007], [-1.9414601768366992, 54.9114975236007], [-1.9405156571883708, 54.91204550972907], [-1.9395711375400424, 54.91204550972907], [-1.938626617891714, 54.912593495857436], [-1.9367375785950571, 54.912593495857436], [-1.9357930589467287, 54.91204550972907], [-1.9353207991225645, 54.91231950279325], [-1.9353207991225645, 54.91286748892162], [-1.9348485392984003, 54.913141481985804], [-1.9310704607050866, 54.913141481985804], [-1.9305982008809224, 54.91341547504999], [-1.9305982008809224, 54.913963461178355], [-1.9301259410567582, 54.91423745424254], [-1.9291814214084297, 54.91423745424254], [-1.927292382111773, 54.915333426499274], [-1.925403342815116, 54.915333426499274], [-1.9249310829909518, 54.91560741956346], [-1.9249310829909518, 54.916155405691825], [-1.9258756026392803, 54.91670339182019], [-1.9258756026392803, 54.91725137794856], [-1.9244588231667876, 54.91807335714111], [-1.9235143035184592, 54.91807335714111]], [[-1.927292382111773, 54.89724988426315], [-1.9263478624634445, 54.897797870391514], [-1.9244588231667876, 54.897797870391514], [-1.9235143035184592, 54.89724988426315], [-1.923042043694295, 54.89752387732733], [-1.923042043694295, 54.8980718634557], [-1.9239865633426234, 54.898619849584065], [-1.9239865633426234, 54.89916783571243], [-1.9235143035184592, 54.89944182877662], [-1.9225697838701308, 54.89944182877662], [-1.9220975240459666, 54.8997158218408], [-1.9220975240459666, 54.90026380796917], [-1.9239865633426234, 54.9013597802259], [-1.9239865633426234, 54.90245575248264], [-1.9220975240459666, 54.90355172473937], [-1.9220975240459666, 54.90409971086774], [-1.9216252642218024, 54.904373703931924], [-1.920680744573474, 54.904373703931924], [-1.9202084847493097, 54.90464769699611], [-1.9202084847493097, 54.905195683124475], [-1.9211530043976381, 54.90574366925284], [-1.9211530043976381, 54.90683964150958], [-1.9216252642218024, 54.90711363457376], [-1.9235143035184592, 54.90711363457376], [-1.9249310829909518, 54.90793561376631], [-1.9239865633426234, 54.90848359989468], [-1.9239865633426234, 54.90903158602305], [-1.9244588231667876, 54.90930557908723], [-1.9263478624634445, 54.90930557908723], [-1.9268201222876087, 54.909579572151415], [-1.9268201222876087, 54.91012755827978], [-1.927292382111773, 54.910401551343966], [-1.9282369017601013, 54.910401551343966], [-1.9291814214084297, 54.910949537472334], [-1.929653681232594, 54.91067554440815], [-1.929653681232594, 54.91012755827978], [-1.9310704607050866, 54.90930557908723], [-1.9339040196500719, 54.90930557908723], [-1.9348485392984003, 54.9098535652156], [-1.9353207991225645, 54.909579572151415], [-1.9353207991225645, 54.90848359989468], [-1.9367375785950571, 54.90766162070213], [-1.9395711375400424, 54.90766162070213], [-1.9400433973642066, 54.907387627637945], [-1.9400433973642066, 54.90683964150958], [-1.9405156571883708, 54.906565648445394], [-1.943349216133356, 54.906565648445394], [-1.9438214759575203, 54.90629165538121], [-1.9438214759575203, 54.90574366925284], [-1.9457105152541772, 54.90464769699611], [-1.945238255430013, 54.904373703931924], [-1.9442937357816845, 54.904373703931924], [-1.9438214759575203, 54.90409971086774], [-1.9447659956058487, 54.90355172473937], [-1.9447659956058487, 54.903003738611005], [-1.943349216133356, 54.902181759418454], [-1.9405156571883708, 54.902181759418454], [-1.938626617891714, 54.90327773167519], [-1.9367375785950571, 54.90327773167519], [-1.936265318770893, 54.90355172473937], [-1.936265318770893, 54.90409971086774], [-1.9357930589467287, 54.904373703931924], [-1.932014980353415, 54.904373703931924], [-1.9315427205292508, 54.90409971086774], [-1.9315427205292508, 54.90355172473937], [-1.932014980353415, 54.90327773167519], [-1.9329595000017434, 54.90327773167519], [-1.9339040196500719, 54.90272974554682], [-1.9357930589467287, 54.90272974554682], [-1.936265318770893, 54.90245575248264], [-1.9353207991225645, 54.90190776635427], [-1.9353207991225645, 54.9013597802259], [-1.9367375785950571, 54.90053780103335], [-1.938626617891714, 54.90053780103335], [-1.9390988777158782, 54.90026380796917], [-1.9390988777158782, 54.8997158218408], [-1.9381543580675498, 54.89916783571243], [-1.9381543580675498, 54.8980718634557], [-1.9372098384192213, 54.89752387732733], [-1.9372098384192213, 54.89478394668549], [-1.9381543580675498, 54.894235960557126], [-1.9381543580675498, 54.89368797442876], [-1.9376820982433856, 54.893413981364574], [-1.9357930589467287, 54.893413981364574], [-1.9348485392984003, 54.89396196749294], [-1.9329595000017434, 54.89396196749294], [-1.932014980353415, 54.893413981364574], [-1.9315427205292508, 54.89368797442876], [-1.9315427205292508, 54.894235960557126], [-1.9324872401775792, 54.89478394668549], [-1.9301259410567582, 54.89615391200641], [-1.9291814214084297, 54.89615391200641], [-1.9282369017601013, 54.895605925878044], [-1.927764641935937, 54.89587991894223], [-1.927764641935937, 54.89697589119896], [-1.927292382111773, 54.89724988426315]], [[-1.735554893501103, 55.0917849598336], [-1.7346103738527745, 55.0917849598336], [-1.733665854204446, 55.091236973705236], [-1.7327213345561177, 55.091145642689284], [-1.7324064946639586, 55.09096298064105], [-1.7327213345561177, 55.09068898757687], [-1.7331935943802819, 55.090414994512685], [-1.7327213345561177, 55.0901410014485], [-1.7317768149077892, 55.0901410014485], [-1.7303600354352966, 55.08931902225595], [-1.7303600354352966, 55.08877103612758], [-1.7275264764903113, 55.08712707774248], [-1.7275264764903113, 55.086031105485745], [-1.7284709961386397, 55.08548311935738], [-1.7284709961386397, 55.08329117484391], [-1.7279987363144755, 55.083017181779724], [-1.7270542166661471, 55.08356516790809], [-1.7251651773694903, 55.08356516790809], [-1.7242206577211618, 55.08347383689214], [-1.7232761380728334, 55.08292585076377], [-1.7194980594795197, 55.08292585076377], [-1.7188683796952016, 55.08329117484391], [-1.7185535398311913, 55.08356516790809], [-1.715719980886206, 55.08356516790809], [-1.7147754612378776, 55.083017181779724], [-1.7143032014137134, 55.08329117484391], [-1.7143032014137134, 55.083839160972275], [-1.7152477210620418, 55.08438714710064], [-1.7152477210620418, 55.08493513322901], [-1.7161922407103702, 55.08548311935738], [-1.7161922407103702, 55.086031105485745], [-1.718081280007027, 55.08712707774248], [-1.718081280007027, 55.088223049999215], [-1.7161922407103702, 55.08931902225595], [-1.7161922407103702, 55.08986700838432], [-1.7152477210620418, 55.090414994512685], [-1.7152477210620418, 55.09096298064105], [-1.7143032014137134, 55.09151096676942], [-1.7143032014137134, 55.09315492515452], [-1.7147754612378776, 55.093428918218706], [-1.715719980886206, 55.09288093209034], [-1.7242206577211618, 55.09288093209034], [-1.7251651773694903, 55.093428918218706], [-1.7261096970178187, 55.093428918218706], [-1.7270542166661471, 55.09397690434707], [-1.7279987363144755, 55.09397690434707], [-1.728943255962804, 55.09452489047544], [-1.7294155157869682, 55.09425089741126], [-1.7298877756111324, 55.09406823537935], [-1.7308322952594608, 55.09397690434707], [-1.731304555083625, 55.09370291128289], [-1.7317768149077892, 55.093520249250986], [-1.7327213345561177, 55.093428918218706], [-1.7331935943802819, 55.09315492515452], [-1.733665854204446, 55.09297226312262], [-1.7346103738527745, 55.09297226312262], [-1.735554893501103, 55.09288093209034], [-1.7383884524460882, 55.09288093209034], [-1.7388607122702524, 55.092606939026155], [-1.7383884524460882, 55.09233294596197], [-1.7364994131494313, 55.09233294596197], [-1.735554893501103, 55.0917849598336]], [[-1.867315384442918, 54.855328945443034], [-1.867315384442918, 54.8558769315714], [-1.8677876442670822, 54.856150924635585], [-1.8687321639154106, 54.856150924635585], [-1.8692044237395748, 54.85642491769977], [-1.8692044237395748, 54.85697290382814], [-1.869676683563739, 54.85724689689232], [-1.871565722860396, 54.85724689689232], [-1.8725102425087243, 54.85779488302069], [-1.8734547621570528, 54.85779488302069], [-1.8748715416295454, 54.85861686221324], [-1.8748715416295454, 54.85916484834161], [-1.8758160612778738, 54.859712834469974], [-1.8748715416295454, 54.86026082059834], [-1.8748715416295454, 54.86300075124018], [-1.873927021981217, 54.863548737368546], [-1.873927021981217, 54.864096723496914], [-1.8748715416295454, 54.86464470962528], [-1.8748715416295454, 54.866288668010384], [-1.8753438014537096, 54.86656266107457], [-1.8767605809262022, 54.865740681882016], [-1.8758160612778738, 54.86519269575365], [-1.8758160612778738, 54.86245276511181], [-1.8772328407503664, 54.86163078591926], [-1.8791218800470233, 54.86163078591926], [-1.8800663996953517, 54.86108279979089], [-1.8810109193436801, 54.86108279979089], [-1.8819554389920086, 54.86163078591926], [-1.882899958640337, 54.86163078591926], [-1.8838444782886654, 54.86217877204763], [-1.8847889979369938, 54.86217877204763], [-1.8862057774094865, 54.86300075124018], [-1.885261257761158, 54.863548737368546], [-1.8857335175853223, 54.86382273043273], [-1.887622556881979, 54.86382273043273], [-1.889511596178636, 54.864918702689465], [-1.891872895299457, 54.863548737368546], [-1.891872895299457, 54.86135679285508], [-1.8937619345961139, 54.86026082059834], [-1.8937619345961139, 54.859712834469974], [-1.8947064542444423, 54.85916484834161], [-1.8947064542444423, 54.857520889956504], [-1.8956509738927707, 54.85697290382814], [-1.8956509738927707, 54.85642491769977], [-1.8951787140686065, 54.856150924635585], [-1.8932896747719496, 54.856150924635585], [-1.8928174149477854, 54.8558769315714], [-1.8928174149477854, 54.855328945443034], [-1.8923451551236212, 54.85505495237885], [-1.8914006354752928, 54.85560293850722], [-1.8909283756511286, 54.855328945443034], [-1.8909283756511286, 54.8542329731863], [-1.8914006354752928, 54.853958980122115], [-1.8923451551236212, 54.85450696625048], [-1.8932896747719496, 54.85450696625048], [-1.894234194420278, 54.853958980122115], [-1.8956509738927707, 54.85478095931467], [-1.8956509738927707, 54.855328945443034], [-1.896123233716935, 54.85560293850722], [-1.8965954935410991, 54.855328945443034], [-1.8965954935410991, 54.85368498705793], [-1.8951787140686065, 54.85286300786538], [-1.8932896747719496, 54.85286300786538], [-1.8923451551236212, 54.85231502173701], [-1.887622556881979, 54.85231502173701], [-1.8862057774094865, 54.853137000929564], [-1.8862057774094865, 54.85368498705793], [-1.8857335175853223, 54.853958980122115], [-1.8847889979369938, 54.853958980122115], [-1.8838444782886654, 54.85450696625048], [-1.882899958640337, 54.85450696625048], [-1.8819554389920086, 54.853958980122115], [-1.8810109193436801, 54.853958980122115], [-1.878649620222859, 54.8525890148012], [-1.878649620222859, 54.85204102867283], [-1.880538659519516, 54.850945056416094], [-1.880538659519516, 54.85039707028773], [-1.8791218800470233, 54.849575091095176], [-1.878649620222859, 54.84984908415936], [-1.878649620222859, 54.850945056416094], [-1.8781773603986949, 54.85121904948028], [-1.8772328407503664, 54.85121904948028], [-1.876288321102038, 54.851767035608646], [-1.8753438014537096, 54.851767035608646], [-1.8743992818053812, 54.85231502173701], [-1.8706212032120675, 54.85231502173701], [-1.8701489433879033, 54.8525890148012], [-1.8701489433879033, 54.853137000929564], [-1.8687321639154106, 54.853958980122115], [-1.8677876442670822, 54.853958980122115], [-1.8663708647945896, 54.85478095931467], [-1.867315384442918, 54.855328945443034]], [[-1.709001898765564, 54.9683952331543], [-1.706865109183127, 54.9687620740151], [-1.704385745106265, 54.97020053760207], [-1.6996631468646228, 54.97020053760207], [-1.697774107567966, 54.9696525514737], [-1.6892734307330102, 54.966364634703496], [-1.6873843914363533, 54.96581664857513], [-1.684550832491368, 54.96472067631839], [-1.6807727538980544, 54.96362470406166], [-1.6788837146013975, 54.96362470406166], [-1.6760501556564122, 54.964172690190026], [-1.6675494788214564, 54.96362470406166], [-1.6562152430415154, 54.96143275954819], [-1.6524371644482017, 54.96033678729145], [-1.6477145662065595, 54.95924081503472], [-1.6411029286682606, 54.95869282890635], [-1.6382693697232753, 54.95814484277798], [-1.6344912911299616, 54.95704887052125], [-1.6326022518333048, 54.95704887052125], [-1.6297686928883195, 54.95814484277798], [-1.6278796535916626, 54.95869282890635], [-1.6231570553500205, 54.959788801163086], [-1.6203234964050353, 54.96088477341982], [-1.6184344571083784, 54.96143275954819], [-1.6137118588667363, 54.96362470406166], [-1.6089892606250942, 54.966364634703496], [-1.6118228195700794, 54.966227638171404], [-1.61748993746005, 54.963487707529566], [-1.622212535701692, 54.961295763016096], [-1.6250460946466774, 54.96074777688773], [-1.6269351339433342, 54.96019979075936], [-1.6392138893716037, 54.96019979075936], [-1.6429919679649174, 54.96074777688773], [-1.648659085854888, 54.961295763016096], [-1.6543262037448585, 54.9629397214012], [-1.661882360931486, 54.964035693657934], [-1.6684939984697849, 54.9645836797863], [-1.6741611163597554, 54.96513166591467], [-1.6826617931947112, 54.965679652043036], [-1.686439871788025, 54.966227638171404], [-1.6892734307330102, 54.96732361042814], [-1.6930515093263239, 54.968419582684874], [-1.6936418341065291, 54.9687620740151], [-1.6987186272162944, 54.97115951332671], [-1.7006076665129513, 54.97170749945508], [-1.7028509006777313, 54.97150200465694], [-1.7034412254579365, 54.97115951332671], [-1.709001898765564, 54.9683952331543]], [[-1.8810109193436801, 54.92081328778295], [-1.8814831791678444, 54.920539294718765], [-1.8814831791678444, 54.9199913085904], [-1.8819554389920086, 54.91971731552621], [-1.8847889979369938, 54.91971731552621], [-1.8857335175853223, 54.919169329397846], [-1.8866780372336507, 54.919169329397846], [-1.887622556881979, 54.91971731552621], [-1.8885670765303075, 54.919169329397846], [-1.8904561158269644, 54.919169329397846], [-1.8914006354752928, 54.91862134326948], [-1.896123233716935, 54.91862134326948], [-1.8970677533652633, 54.919169329397846], [-1.8980122730135918, 54.919169329397846], [-1.898484532837756, 54.91944332246203], [-1.898484532837756, 54.9216352669755], [-1.8989567926619202, 54.92190926003968], [-1.8994290524860844, 54.9216352669755], [-1.8994290524860844, 54.92108728084713], [-1.9017903516069055, 54.91971731552621], [-1.9036793909035623, 54.91971731552621], [-1.9041516507277265, 54.91944332246203], [-1.9041516507277265, 54.91889533633366], [-1.905096170376055, 54.918347350205295], [-1.9046239105518907, 54.91807335714111], [-1.9027348712552339, 54.91807335714111], [-1.9017903516069055, 54.917525371012744], [-1.8999013123102486, 54.917525371012744], [-1.8989567926619202, 54.916977384884376], [-1.8970677533652633, 54.916977384884376], [-1.8965954935410991, 54.91670339182019], [-1.8965954935410991, 54.916155405691825], [-1.896123233716935, 54.91588141262764], [-1.894234194420278, 54.91588141262764], [-1.8932896747719496, 54.915333426499274], [-1.889511596178636, 54.915333426499274], [-1.8885670765303075, 54.914785440370906], [-1.887622556881979, 54.914785440370906], [-1.887150297057815, 54.91451144730672], [-1.887150297057815, 54.913963461178355], [-1.8866780372336507, 54.91368946811417], [-1.8838444782886654, 54.91368946811417], [-1.8824276988161728, 54.91286748892162], [-1.8824276988161728, 54.91231950279325], [-1.8819554389920086, 54.91204550972907], [-1.8791218800470233, 54.91204550972907], [-1.8772328407503664, 54.910949537472334], [-1.876288321102038, 54.910949537472334], [-1.8753438014537096, 54.910401551343966], [-1.8734547621570528, 54.910401551343966], [-1.8729825023328885, 54.91012755827978], [-1.8729825023328885, 54.909579572151415], [-1.8725102425087243, 54.90930557908723], [-1.869676683563739, 54.90930557908723], [-1.8692044237395748, 54.90903158602305], [-1.8692044237395748, 54.90848359989468], [-1.8687321639154106, 54.908209606830496], [-1.8668431246187538, 54.908209606830496], [-1.8658986049704254, 54.90766162070213], [-1.86306504602544, 54.90766162070213], [-1.8616482665529475, 54.90848359989468], [-1.8616482665529475, 54.90903158602305], [-1.8621205263771117, 54.90930557908723], [-1.864954085322097, 54.90930557908723], [-1.8692044237395748, 54.911771516664885], [-1.8692044237395748, 54.91505943343509], [-1.8682599040912464, 54.91560741956346], [-1.8682599040912464, 54.916155405691825], [-1.8658986049704254, 54.917525371012744], [-1.864954085322097, 54.917525371012744], [-1.8640095656737685, 54.91807335714111], [-1.86306504602544, 54.91807335714111], [-1.8625927862012759, 54.918347350205295], [-1.86306504602544, 54.91862134326948], [-1.8677876442670822, 54.91862134326948], [-1.8682599040912464, 54.91889533633366], [-1.8682599040912464, 54.9199913085904], [-1.8687321639154106, 54.92026530165458], [-1.8706212032120675, 54.92026530165458], [-1.871565722860396, 54.92081328778295], [-1.8725102425087243, 54.92081328778295], [-1.8734547621570528, 54.921361273911316], [-1.8753438014537096, 54.921361273911316], [-1.876288321102038, 54.92081328778295], [-1.8800663996953517, 54.92081328778295], [-1.8810109193436801, 54.92081328778295]], [[-1.8592869674321264, 54.93560891324887], [-1.8588147076079622, 54.935882906313054], [-1.8588147076079622, 54.93643089244142], [-1.8573979281354696, 54.93725287163397], [-1.8507862905971706, 54.93725287163397], [-1.8498417709488422, 54.936704885505605], [-1.8488972513005137, 54.93725287163397], [-1.8451191727072, 54.93725287163397], [-1.8441746530588716, 54.93780085776234], [-1.8422856137622148, 54.93780085776234], [-1.8418133539380506, 54.93752686469816], [-1.8418133539380506, 54.93697887856979], [-1.8399243146413937, 54.935882906313054], [-1.8399243146413937, 54.93533492018469], [-1.8394520548172295, 54.9350609271205], [-1.838507535168901, 54.9350609271205], [-1.8366184958722442, 54.93396495486377], [-1.8356739762239158, 54.93396495486377], [-1.8352017163997516, 54.93423894792795], [-1.8352017163997516, 54.93478693405632], [-1.8342571967514232, 54.93533492018469], [-1.8342571967514232, 54.935882906313054], [-1.8333126771030948, 54.93643089244142], [-1.833784936927259, 54.936704885505605], [-1.8356739762239158, 54.936704885505605], [-1.83614623604808, 54.93697887856979], [-1.83614623604808, 54.938074850826524], [-1.8352017163997516, 54.93862283695489], [-1.8366184958722442, 54.93944481614744], [-1.8375630155205727, 54.93944481614744], [-1.838507535168901, 54.93999280227581], [-1.8394520548172295, 54.93999280227581], [-1.8413410941138864, 54.938896830019075], [-1.8451191727072, 54.938896830019075], [-1.8460636923555285, 54.93944481614744], [-1.8479527316521853, 54.93944481614744], [-1.8498417709488422, 54.94054078840418], [-1.8507862905971706, 54.94054078840418], [-1.8522030700696632, 54.94136276759673], [-1.8522030700696632, 54.9419107537251], [-1.8531475897179917, 54.942458739853464], [-1.8531475897179917, 54.944650684366934], [-1.8536198495421559, 54.94492467743112], [-1.85409210936632, 54.944650684366934], [-1.85409210936632, 54.94410269823857], [-1.8550366290146485, 54.9435547121102], [-1.8550366290146485, 54.94300672598183], [-1.8564534084871411, 54.94218474678928], [-1.8573979281354696, 54.94218474678928], [-1.8592869674321264, 54.941088774532545], [-1.8621205263771117, 54.941088774532545], [-1.86306504602544, 54.94054078840418], [-1.8640095656737685, 54.94054078840418], [-1.864954085322097, 54.941088774532545], [-1.8658986049704254, 54.941088774532545], [-1.8663708647945896, 54.94081478146836], [-1.8663708647945896, 54.940266795339994], [-1.8692044237395748, 54.93862283695489], [-1.8692044237395748, 54.938074850826524], [-1.8682599040912464, 54.93752686469816], [-1.8682599040912464, 54.93697887856979], [-1.8692044237395748, 54.93643089244142], [-1.8692044237395748, 54.935882906313054], [-1.8701489433879033, 54.93533492018469], [-1.8701489433879033, 54.93423894792795], [-1.869676683563739, 54.93396495486377], [-1.8687321639154106, 54.93396495486377], [-1.8677876442670822, 54.934512940992136], [-1.8658986049704254, 54.934512940992136], [-1.864954085322097, 54.9350609271205], [-1.8621205263771117, 54.9350609271205], [-1.8611760067287832, 54.93560891324887], [-1.8592869674321264, 54.93560891324887]], [[-1.541928365593776, 54.76189731055638], [-1.5424006254179403, 54.761623317492194], [-1.541928365593776, 54.76134932442801], [-1.5409838459454477, 54.76134932442801], [-1.5405115861212835, 54.76107533136383], [-1.541456105769612, 54.76052734523546], [-1.541456105769612, 54.75997935910709], [-1.5424006254179403, 54.759431372978725], [-1.541928365593776, 54.75915737991454], [-1.5409838459454477, 54.75915737991454], [-1.5390948066487908, 54.758061407657806], [-1.537205767352134, 54.758061407657806], [-1.5362612477038056, 54.75751342152944], [-1.5324831691104919, 54.75751342152944], [-1.5310663896379992, 54.75669144233689], [-1.5310663896379992, 54.75614345620852], [-1.5301218699896708, 54.75559547008015], [-1.5301218699896708, 54.75340352556668], [-1.5272883110446855, 54.75175956718158], [-1.5272883110446855, 54.74956762266811], [-1.528232830693014, 54.74901963653974], [-1.5277605708688498, 54.74874564347556], [-1.5268160512205213, 54.74874564347556], [-1.525871531572193, 54.74819765734719], [-1.5249270119238645, 54.74819765734719], [-1.5244547520997003, 54.74792366428301], [-1.5253992717480287, 54.74737567815464], [-1.5249270119238645, 54.747101685090456], [-1.523982492275536, 54.747101685090456], [-1.5230379726272076, 54.74655369896209], [-1.5135927761439234, 54.74655369896209], [-1.5121759966714308, 54.74737567815464], [-1.5121759966714308, 54.74792366428301], [-1.5112314770231023, 54.748471650411375], [-1.5112314770231023, 54.74901963653974], [-1.5093424377264455, 54.75011560879648], [-1.5093424377264455, 54.750663594924845], [-1.5098146975506097, 54.75093758798903], [-1.512648256495595, 54.75093758798903], [-1.5135927761439234, 54.751485574117396], [-1.5145372957922518, 54.751485574117396], [-1.515009555616416, 54.75175956718158], [-1.515009555616416, 54.75230755330995], [-1.5159540752647445, 54.752855539438315], [-1.5159540752647445, 54.75340352556668], [-1.5168985949130729, 54.75395151169505], [-1.5168985949130729, 54.75449949782342], [-1.5159540752647445, 54.755047483951785], [-1.5159540752647445, 54.75559547008015], [-1.5135927761439234, 54.75696543540107], [-1.5107592171989381, 54.75696543540107], [-1.5098146975506097, 54.75751342152944], [-1.5088701779022813, 54.75751342152944], [-1.508397918078117, 54.75778741459362], [-1.5107592171989381, 54.75915737991454], [-1.5117037368472666, 54.75915737991454], [-1.512648256495595, 54.75970536604291], [-1.5145372957922518, 54.75970536604291], [-1.5154818154405802, 54.760253352171276], [-1.5183153743855655, 54.760253352171276], [-1.5197321538580582, 54.759431372978725], [-1.5197321538580582, 54.75888338685036], [-1.5178431145614013, 54.75778741459362], [-1.5178431145614013, 54.757239428465255], [-1.5168985949130729, 54.75669144233689], [-1.5178431145614013, 54.75614345620852], [-1.5178431145614013, 54.75559547008015], [-1.519259894033894, 54.7547734908876], [-1.5202044136822224, 54.7547734908876], [-1.5211489333305508, 54.75422550475923], [-1.5220934529788792, 54.75422550475923], [-1.5230379726272076, 54.7547734908876], [-1.523982492275536, 54.7547734908876], [-1.5244547520997003, 54.755047483951785], [-1.5244547520997003, 54.75669144233689], [-1.5291773503413424, 54.759431372978725], [-1.5291773503413424, 54.76107533136383], [-1.528232830693014, 54.761623317492194], [-1.5287050905171782, 54.76189731055638], [-1.5315386494621634, 54.76189731055638], [-1.5324831691104919, 54.762445296684746], [-1.5343722084071487, 54.762445296684746], [-1.5353167280554771, 54.76189731055638], [-1.5409838459454477, 54.76189731055638], [-1.541928365593776, 54.76189731055638]], [[-1.3374398617306724, 54.779158873599954], [-1.3374398617306724, 54.77806290134322], [-1.3383843813790008, 54.77751491521485], [-1.3383843813790008, 54.776966929086484], [-1.3379121215548366, 54.7766929360223], [-1.3360230822581798, 54.7766929360223], [-1.3350785626098514, 54.77614494989393], [-1.3331895233131945, 54.77614494989393], [-1.3327172634890303, 54.77641894295812], [-1.3327172634890303, 54.77806290134322], [-1.3313004840165377, 54.77888488053577], [-1.3294114447198808, 54.77888488053577], [-1.3279946652473882, 54.77806290134322], [-1.3279946652473882, 54.77641894295812], [-1.327522405423224, 54.77614494989393], [-1.3227998071815819, 54.77614494989393], [-1.3223275473574176, 54.77641894295812], [-1.3223275473574176, 54.776966929086484], [-1.3213830277090892, 54.77751491521485], [-1.3213830277090892, 54.77806290134322], [-1.3204385080607608, 54.77861088747159], [-1.3204385080607608, 54.779158873599954], [-1.3194939884124324, 54.77970685972832], [-1.3199662482365966, 54.779980852792505], [-1.320910767884925, 54.779980852792505], [-1.3223275473574176, 54.780802831985056], [-1.3213830277090892, 54.781350818113424], [-1.3213830277090892, 54.78189880424179], [-1.3194939884124324, 54.782994776498526], [-1.3194939884124324, 54.78463873488363], [-1.3204385080607608, 54.785186721011996], [-1.3204385080607608, 54.78628269326873], [-1.3223275473574176, 54.787378665525466], [-1.3223275473574176, 54.787926651653834], [-1.3227998071815819, 54.78820064471802], [-1.323272067005746, 54.787926651653834], [-1.323272067005746, 54.7868306793971], [-1.3237443268299103, 54.786556686332915], [-1.3246888464782387, 54.78710467246128], [-1.3256333661265671, 54.78710467246128], [-1.3261056259507313, 54.7868306793971], [-1.3261056259507313, 54.785186721011996], [-1.3265778857748955, 54.78491272794781], [-1.327522405423224, 54.78491272794781], [-1.3284669250715524, 54.78546071407618], [-1.3313004840165377, 54.78546071407618], [-1.332245003664866, 54.78491272794781], [-1.3327172634890303, 54.785186721011996], [-1.3327172634890303, 54.78628269326873], [-1.332245003664866, 54.786556686332915], [-1.3313004840165377, 54.78600870020455], [-1.3308282241923735, 54.78628269326873], [-1.3308282241923735, 54.7868306793971], [-1.3313004840165377, 54.78710467246128], [-1.332245003664866, 54.78710467246128], [-1.3331895233131945, 54.78765265858965], [-1.334134042961523, 54.78765265858965], [-1.3346063027856871, 54.787378665525466], [-1.3346063027856871, 54.78628269326873], [-1.3336617831373587, 54.785734707140364], [-1.3336617831373587, 54.782994776498526], [-1.3350785626098514, 54.782172797305975], [-1.3369676019065082, 54.782172797305975], [-1.3379121215548366, 54.78162481117761], [-1.338856641203165, 54.78162481117761], [-1.3393289010273293, 54.781350818113424], [-1.3393289010273293, 54.78025484585669], [-1.3374398617306724, 54.779158873599954]]], [[[-1.5205586085503455, 55.140281732194126], [-1.5205586085503455, 55.13973374606576], [-1.5211489333305508, 55.13939125473553], [-1.521739258110756, 55.13973374606576], [-1.523838399205934, 55.140045293679194], [-1.52339357512731, 55.140174456300265], [-1.522990215524174, 55.14028079916774], [-1.522050094588275, 55.14052850010673], [-1.5209835720976714, 55.14077483814361], [-1.5205586085503455, 55.140281732194126]]], [[[-1.5130024513637181, 55.14082971832249], [-1.5120579317153897, 55.13973374606576], [-1.508279853122076, 55.13644582929555], [-1.5073353334737476, 55.13534985703882], [-1.4978901369904634, 55.129322009626776], [-1.4978901369904634, 55.12877402349841], [-1.4984804617706686, 55.12843153216818], [-1.5003695010673255, 55.128979518296546], [-1.5041475796606392, 55.13062347668165], [-1.5047379044408444, 55.13096596801188], [-1.5066269437375013, 55.13260992639698], [-1.5098146975506097, 55.133911393451854], [-1.510405022330815, 55.13425388478208], [-1.512648256495595, 55.13500736570859], [-1.5145372957922518, 55.135555351836956], [-1.517016659869114, 55.13699381542392], [-1.5189056991657708, 55.13918575993739], [-1.5179611795174424, 55.14082971832249], [-1.5184234817864286, 55.141366150213486], [-1.5146265776125245, 55.1422431330513], [-1.5130024513637181, 55.14082971832249]]]]}}, {"type": "Feature", "properties": {"band_id": "under_30", "order": 3}, "geometry": {"type": "MultiPolygon", "coordinates": [[[[-1.5421954308403656, 55.133817127061775], [-1.5419154897681437, 55.1336554310401], [-1.5424753719125874, 55.13333203899674], [-1.5424753719125874, 55.133008646953385], [-1.5421954308403656, 55.13284695093171], [-1.541635548695922, 55.13284695093171], [-1.5413556076237, 55.13268525491003], [-1.5413556076237, 55.132361862866674], [-1.5410756665514782, 55.132200166844996], [-1.5399559022625908, 55.132200166844996], [-1.539675961190369, 55.132361862866674], [-1.5399559022625908, 55.13252355888835], [-1.5405157844070345, 55.13252355888835], [-1.5407957254792564, 55.13268525491003], [-1.5407957254792564, 55.133008646953385], [-1.5405157844070345, 55.13317034297506], [-1.5399559022625908, 55.13284695093171], [-1.539675961190369, 55.133008646953385], [-1.539675961190369, 55.13333203899674], [-1.5393960201181471, 55.13349373501842], [-1.5391160790459253, 55.13333203899674], [-1.5391160790459253, 55.133008646953385], [-1.5382762558292598, 55.13252355888835], [-1.537716373684816, 55.13252355888835], [-1.5374364326125942, 55.132361862866674], [-1.5374364326125942, 55.131391686736606], [-1.5371564915403724, 55.13122999071493], [-1.5368765504681505, 55.131391686736606], [-1.5368765504681505, 55.13268525491003], [-1.5365966093959287, 55.13284695093171], [-1.5354768451070413, 55.13284695093171], [-1.534357080818154, 55.13349373501842], [-1.5337971986737102, 55.13349373501842], [-1.5332373165292665, 55.13317034297506], [-1.5315576700959355, 55.13317034297506], [-1.5312777290237136, 55.133008646953385], [-1.5318376111681573, 55.13268525491003], [-1.5318376111681573, 55.132361862866674], [-1.5321175522403792, 55.132200166844996], [-1.532397493312601, 55.132361862866674], [-1.532397493312601, 55.13268525491003], [-1.5326774343848228, 55.13284695093171], [-1.5329573754570447, 55.13268525491003], [-1.5329573754570447, 55.131391686736606], [-1.5326774343848228, 55.13122999071493], [-1.5321175522403792, 55.131553382758284], [-1.5315576700959355, 55.131553382758284], [-1.530437905807048, 55.132200166844996], [-1.528758259373717, 55.132200166844996], [-1.5284783183014952, 55.13203847082332], [-1.5284783183014952, 55.13171507877996], [-1.5281983772292733, 55.131553382758284], [-1.5276384950848296, 55.131553382758284], [-1.5273585540126078, 55.131391686736606], [-1.5273585540126078, 55.13042151060654], [-1.5276384950848296, 55.13025981458486], [-1.5279184361570515, 55.13042151060654], [-1.5279184361570515, 55.130744902649894], [-1.5281983772292733, 55.13090659867157], [-1.5284783183014952, 55.130744902649894], [-1.5284783183014952, 55.13009811856318], [-1.528758259373717, 55.129936422541505], [-1.5298780236626044, 55.129936422541505], [-1.530437905807048, 55.13025981458486], [-1.5315576700959355, 55.13025981458486], [-1.5318376111681573, 55.13009811856318], [-1.5318376111681573, 55.12977472651983], [-1.532397493312601, 55.12945133447647], [-1.532397493312601, 55.129127942433115], [-1.5326774343848228, 55.12896624641144], [-1.5332373165292665, 55.12896624641144], [-1.5335172576014884, 55.129127942433115], [-1.5335172576014884, 55.12945133447647], [-1.5337971986737102, 55.12961303049815], [-1.5354768451070413, 55.12961303049815], [-1.536036727251485, 55.12928963845479], [-1.5365966093959287, 55.12928963845479], [-1.5368765504681505, 55.129127942433115], [-1.5368765504681505, 55.1284811583464], [-1.5365966093959287, 55.128319462324725], [-1.5363166683237068, 55.1284811583464], [-1.5363166683237068, 55.12880455038976], [-1.536036727251485, 55.12896624641144], [-1.5349169629625976, 55.12896624641144], [-1.5346370218903758, 55.12880455038976], [-1.5346370218903758, 55.12815776630305], [-1.534077139745932, 55.12783437425969], [-1.534077139745932, 55.127510982216336], [-1.5332373165292665, 55.1270258941513], [-1.5326774343848228, 55.1270258941513], [-1.532397493312601, 55.126864198129624], [-1.5329573754570447, 55.12654080608627], [-1.5329573754570447, 55.12621741404291], [-1.5332373165292665, 55.126055718021234], [-1.5337971986737102, 55.12637911006459], [-1.534357080818154, 55.126055718021234], [-1.5349169629625976, 55.126055718021234], [-1.5351969040348195, 55.12621741404291], [-1.5351969040348195, 55.12654080608627], [-1.5354768451070413, 55.126702502107946], [-1.537716373684816, 55.126702502107946], [-1.537996314757038, 55.12654080608627], [-1.537996314757038, 55.12621741404291], [-1.5382762558292598, 55.126055718021234], [-1.5388361379737034, 55.126055718021234], [-1.5391160790459253, 55.12589402199956], [-1.5391160790459253, 55.1255706299562], [-1.539675961190369, 55.125247237912845], [-1.539675961190369, 55.12492384586949], [-1.5393960201181471, 55.12476214984781], [-1.5388361379737034, 55.12508554189117], [-1.5382762558292598, 55.12508554189117], [-1.537996314757038, 55.12492384586949], [-1.537996314757038, 55.12460045382613], [-1.537716373684816, 55.124438757804455], [-1.5371564915403724, 55.124438757804455], [-1.5349169629625976, 55.12573232597788], [-1.5346370218903758, 55.1255706299562], [-1.5363166683237068, 55.12460045382613], [-1.5363166683237068, 55.12427706178278], [-1.5368765504681505, 55.12395366973942], [-1.5368765504681505, 55.123630277696066], [-1.5371564915403724, 55.12346858167439], [-1.537716373684816, 55.12346858167439], [-1.5385561969014816, 55.122983493609354], [-1.537996314757038, 55.122660101566], [-1.537996314757038, 55.122013317479286], [-1.5385561969014816, 55.12168992543593], [-1.537996314757038, 55.121366533392575], [-1.5382762558292598, 55.1212048373709], [-1.5391160790459253, 55.12168992543593], [-1.5391160790459253, 55.122013317479286], [-1.5393960201181471, 55.122175013500964], [-1.5405157844070345, 55.122175013500964], [-1.5410756665514782, 55.12185162145761], [-1.5413556076237, 55.122013317479286], [-1.5402358433348127, 55.122660101566], [-1.5402358433348127, 55.123630277696066], [-1.5405157844070345, 55.12379197371774], [-1.541635548695922, 55.12379197371774], [-1.5424753719125874, 55.12330688565271], [-1.5424753719125874, 55.122013317479286], [-1.5419154897681437, 55.12168992543593], [-1.5421954308403656, 55.12152822941425], [-1.5427553129848093, 55.12152822941425], [-1.5441550183459185, 55.12233670952264], [-1.5441550183459185, 55.122660101566], [-1.5447149004903622, 55.122983493609354], [-1.5441550183459185, 55.12330688565271], [-1.5447149004903622, 55.123630277696066], [-1.5447149004903622, 55.12395366973942], [-1.5452747826348059, 55.12427706178278], [-1.5452747826348059, 55.12460045382613], [-1.5447149004903622, 55.12492384586949], [-1.544994841562584, 55.12508554189117], [-1.5455547237070277, 55.12508554189117], [-1.5461146058514714, 55.12540893393452], [-1.5466744879959151, 55.12540893393452], [-1.546954429068137, 55.125247237912845], [-1.546954429068137, 55.12492384586949], [-1.5463945469236933, 55.12460045382613], [-1.5466744879959151, 55.124438757804455], [-1.5472343701403588, 55.124438757804455], [-1.5475143112125807, 55.12427706178278], [-1.5475143112125807, 55.12395366973942], [-1.546954429068137, 55.123630277696066], [-1.546954429068137, 55.12330688565271], [-1.5463945469236933, 55.122983493609354], [-1.5463945469236933, 55.12233670952264], [-1.5458346647792496, 55.122013317479286], [-1.5458346647792496, 55.12168992543593], [-1.5455547237070277, 55.12152822941425], [-1.5444349594181404, 55.12152822941425], [-1.5438750772736967, 55.1212048373709], [-1.5427553129848093, 55.1212048373709], [-1.5424753719125874, 55.12104314134922], [-1.5424753719125874, 55.12071974930586], [-1.5421954308403656, 55.120558053284185], [-1.541635548695922, 55.120558053284185], [-1.5410756665514782, 55.12023466124083], [-1.5405157844070345, 55.12023466124083], [-1.5402358433348127, 55.12007296521915], [-1.5405157844070345, 55.11991126919747], [-1.5427553129848093, 55.11991126919747], [-1.5430352540570311, 55.119749573175795], [-1.5430352540570311, 55.11877939704573], [-1.543315195129253, 55.11861770102405], [-1.5435951362014748, 55.11877939704573], [-1.5435951362014748, 55.11942618113244], [-1.5438750772736967, 55.11958787715412], [-1.5444349594181404, 55.11958787715412], [-1.544994841562584, 55.11991126919747], [-1.5466744879959151, 55.11991126919747], [-1.546954429068137, 55.119749573175795], [-1.546954429068137, 55.119102789089084], [-1.5472343701403588, 55.118941093067406], [-1.5477942522848025, 55.118941093067406], [-1.5489140165736899, 55.11958787715412], [-1.5494738987181336, 55.11958787715412], [-1.5500337808625773, 55.11991126919747], [-1.550593663007021, 55.11991126919747], [-1.5517134272959083, 55.120558053284185], [-1.5528331915847957, 55.120558053284185], [-1.5531131326570176, 55.12039635726251], [-1.5531131326570176, 55.119749573175795], [-1.5525532505125739, 55.11942618113244], [-1.5525532505125739, 55.11877939704573], [-1.5528331915847957, 55.11861770102405], [-1.5533930737292394, 55.11861770102405], [-1.5536730148014612, 55.11845600500237], [-1.5536730148014612, 55.11716243682895], [-1.5545128380181268, 55.116677348763915], [-1.5550727201625705, 55.116677348763915], [-1.5553526612347923, 55.11651565274224], [-1.5547927790903486, 55.11619226069888], [-1.5550727201625705, 55.1160305646772], [-1.5556326023070142, 55.1160305646772], [-1.5561924844514579, 55.11570717263385], [-1.5567523665959015, 55.11570717263385], [-1.5573122487403452, 55.1160305646772], [-1.557592189812567, 55.115868868655525], [-1.557592189812567, 55.11554547661217], [-1.5570323076681234, 55.11522208456881], [-1.5570323076681234, 55.1145753004821], [-1.5564724255236797, 55.114251908438746], [-1.5564724255236797, 55.113605124352034], [-1.555912543379236, 55.11328173230868], [-1.555912543379236, 55.11134138004854], [-1.5553526612347923, 55.11101798800519], [-1.5553526612347923, 55.110371203918476], [-1.555912543379236, 55.11004781187512], [-1.555912543379236, 55.10940102778841], [-1.557872130884789, 55.10826915563666], [-1.5584320130292326, 55.10826915563666], [-1.5589918951736763, 55.10794576359331], [-1.5617913058958948, 55.10794576359331], [-1.5623511880403385, 55.10826915563666], [-1.5629110701847821, 55.10826915563666], [-1.563191011257004, 55.108107459614985], [-1.563191011257004, 55.10778406757163], [-1.5637508934014477, 55.10746067552827], [-1.5637508934014477, 55.10681389144156], [-1.5634709523292258, 55.10665219541988], [-1.557872130884789, 55.10665219541988], [-1.5570323076681234, 55.10616710735485], [-1.5570323076681234, 55.10519693122478], [-1.5567523665959015, 55.105035235203104], [-1.5550727201625705, 55.105035235203104], [-1.5547927790903486, 55.10519693122478], [-1.5547927790903486, 55.10552032326814], [-1.5545128380181268, 55.105682019289816], [-1.5533930737292394, 55.105682019289816], [-1.5528331915847957, 55.10600541133317], [-1.5511535451514646, 55.10600541133317], [-1.5508736040792428, 55.10616710735485], [-1.5508736040792428, 55.106490499398205], [-1.5500337808625773, 55.10697558746324], [-1.5494738987181336, 55.10697558746324], [-1.5489140165736899, 55.107298979506595], [-1.5461146058514714, 55.107298979506595], [-1.5455547237070277, 55.10697558746324], [-1.5444349594181404, 55.10762237154995], [-1.5438750772736967, 55.10762237154995], [-1.543315195129253, 55.10794576359331], [-1.5427553129848093, 55.10762237154995], [-1.5399559022625908, 55.10762237154995], [-1.5393960201181471, 55.10794576359331], [-1.5388361379737034, 55.10794576359331], [-1.5382762558292598, 55.10826915563666], [-1.537716373684816, 55.10794576359331], [-1.536036727251485, 55.10794576359331], [-1.5354768451070413, 55.10762237154995], [-1.5351969040348195, 55.10778406757163], [-1.5351969040348195, 55.108107459614985], [-1.5346370218903758, 55.10843085165834], [-1.5346370218903758, 55.108754243701696], [-1.5351969040348195, 55.10907763574505], [-1.534077139745932, 55.109724419831764], [-1.534077139745932, 55.110371203918476], [-1.534357080818154, 55.110532899940154], [-1.5354768451070413, 55.10988611585344], [-1.536036727251485, 55.1102095078968], [-1.5365966093959287, 55.1102095078968], [-1.5374364326125942, 55.11069459596183], [-1.5371564915403724, 55.11085629198351], [-1.5365966093959287, 55.11085629198351], [-1.5354768451070413, 55.11150307607022], [-1.5349169629625976, 55.111179684026865], [-1.534077139745932, 55.1116647720919], [-1.534077139745932, 55.111988164135255], [-1.5326774343848228, 55.112796644243645], [-1.5321175522403792, 55.112796644243645], [-1.5318376111681573, 55.11295834026532], [-1.5318376111681573, 55.113605124352034], [-1.5309977879514918, 55.11409021241707], [-1.530437905807048, 55.11409021241707], [-1.5298780236626044, 55.114413604460424], [-1.5293181415181607, 55.114413604460424], [-1.5290382004459389, 55.114251908438746], [-1.5295980825903825, 55.11392851639539], [-1.5295980825903825, 55.11328173230868], [-1.5293181415181607, 55.113120036287], [-1.5290382004459389, 55.11328173230868], [-1.5290382004459389, 55.113605124352034], [-1.528758259373717, 55.11376682037371], [-1.5284783183014952, 55.113605124352034], [-1.5284783183014952, 55.11295834026532], [-1.5281983772292733, 55.112796644243645], [-1.527078612940386, 55.112796644243645], [-1.526798671868164, 55.11263494822197], [-1.5276384950848296, 55.11214986015693], [-1.5281983772292733, 55.11214986015693], [-1.5284783183014952, 55.111988164135255], [-1.5284783183014952, 55.1116647720919], [-1.528758259373717, 55.11150307607022], [-1.5293181415181607, 55.11150307607022], [-1.5298780236626044, 55.11182646811358], [-1.53071784687927, 55.11134138004854], [-1.5295980825903825, 55.11069459596183], [-1.5295980825903825, 55.11004781187512], [-1.528758259373717, 55.109562723810086], [-1.5281983772292733, 55.10988611585344], [-1.5279184361570515, 55.109724419831764], [-1.5279184361570515, 55.108754243701696], [-1.5273585540126078, 55.10843085165834], [-1.5273585540126078, 55.10778406757163], [-1.526798671868164, 55.10746067552827], [-1.526798671868164, 55.106490499398205], [-1.5242792022181675, 55.105035235203104], [-1.5239992611459456, 55.10519693122478], [-1.5239992611459456, 55.10552032326814], [-1.5237193200737238, 55.105682019289816], [-1.52315943792928, 55.105682019289816], [-1.5225995557848364, 55.10535862724646], [-1.5220396736403927, 55.10535862724646], [-1.521479791495949, 55.105682019289816], [-1.519800145062618, 55.105682019289816], [-1.5195202039903961, 55.105843715311494], [-1.5195202039903961, 55.106490499398205], [-1.5200800861348398, 55.10681389144156], [-1.5195202039903961, 55.10713728348492], [-1.519800145062618, 55.107298979506595], [-1.5203600272070616, 55.107298979506595], [-1.5206399682792835, 55.10713728348492], [-1.5206399682792835, 55.106490499398205], [-1.5209199093515053, 55.10632880337653], [-1.521479791495949, 55.10665219541988], [-1.5220396736403927, 55.10665219541988], [-1.52315943792928, 55.10600541133317], [-1.523439379001502, 55.10616710735485], [-1.5228794968570583, 55.106490499398205], [-1.523439379001502, 55.10681389144156], [-1.523439379001502, 55.10746067552827], [-1.52315943792928, 55.10762237154995], [-1.5225995557848364, 55.107298979506595], [-1.5220396736403927, 55.10762237154995], [-1.521479791495949, 55.10762237154995], [-1.5203600272070616, 55.10826915563666], [-1.5192402629181743, 55.10826915563666], [-1.5186803807737306, 55.10859254768002], [-1.5175606164848432, 55.10859254768002], [-1.5170007343403995, 55.108915939723374], [-1.5167207932681777, 55.108754243701696], [-1.5167207932681777, 55.10843085165834], [-1.516160911123734, 55.108107459614985], [-1.516160911123734, 55.10778406757163], [-1.5158809700515121, 55.10762237154995], [-1.514201323618181, 55.10762237154995], [-1.5136414414737374, 55.10794576359331], [-1.5130815593292937, 55.10794576359331], [-1.5119617950404063, 55.10859254768002], [-1.5114019128959626, 55.10859254768002], [-1.510842030751519, 55.10826915563666], [-1.5102821486070752, 55.10826915563666], [-1.5097222664626315, 55.10794576359331], [-1.5091623843181878, 55.10794576359331], [-1.5086025021737441, 55.10762237154995], [-1.5074827378848568, 55.10762237154995], [-1.507202796812635, 55.10746067552827], [-1.5074827378848568, 55.107298979506595], [-1.5080426200293005, 55.107298979506595], [-1.5091623843181878, 55.10665219541988], [-1.5097222664626315, 55.10665219541988], [-1.5102821486070752, 55.10697558746324], [-1.5114019128959626, 55.10697558746324], [-1.5119617950404063, 55.10665219541988], [-1.51252167718485, 55.10665219541988], [-1.5128016182570718, 55.106490499398205], [-1.5128016182570718, 55.10616710735485], [-1.5122417361126281, 55.105843715311494], [-1.5130815593292937, 55.10535862724646], [-1.5136414414737374, 55.10535862724646], [-1.514201323618181, 55.105035235203104], [-1.5153210879070684, 55.105035235203104], [-1.5158809700515121, 55.10471184315975], [-1.5164408521959558, 55.10471184315975], [-1.5172806754126213, 55.104226755094714], [-1.5172806754126213, 55.10390336305136], [-1.5175606164848432, 55.10374166702968], [-1.5181204986292869, 55.10374166702968], [-1.5189603218459524, 55.10325657896465], [-1.5189603218459524, 55.10293318692129], [-1.519800145062618, 55.10244809885626], [-1.5203600272070616, 55.10244809885626], [-1.5206399682792835, 55.10228640283458], [-1.5206399682792835, 55.10196301079122], [-1.5209199093515053, 55.101801314769546], [-1.521479791495949, 55.101801314769546], [-1.5220396736403927, 55.1021247068129], [-1.5228794968570583, 55.10163961874787], [-1.5228794968570583, 55.10131622670451], [-1.5223196147126146, 55.100992834661156], [-1.5223196147126146, 55.1006694426178], [-1.52315943792928, 55.100184354552766], [-1.5242792022181675, 55.100184354552766], [-1.5248390843626112, 55.09986096250941], [-1.5259588486514986, 55.09986096250941], [-1.5265187307959422, 55.099537570466055], [-1.528758259373717, 55.099537570466055], [-1.5293181415181607, 55.0992141784227], [-1.5309977879514918, 55.0992141784227], [-1.5312777290237136, 55.09937587444438], [-1.5312777290237136, 55.100346050574444], [-1.5321175522403792, 55.10083113863948], [-1.532397493312601, 55.1006694426178], [-1.532397493312601, 55.09937587444438], [-1.5326774343848228, 55.0992141784227], [-1.5337971986737102, 55.0992141784227], [-1.5346370218903758, 55.09969926648773], [-1.5346370218903758, 55.100346050574444], [-1.5349169629625976, 55.10050774659612], [-1.536036727251485, 55.10050774659612], [-1.5365966093959287, 55.100184354552766], [-1.5382762558292598, 55.100184354552766], [-1.5385561969014816, 55.100346050574444], [-1.5385561969014816, 55.1006694426178], [-1.5388361379737034, 55.10083113863948], [-1.5399559022625908, 55.10083113863948], [-1.5405157844070345, 55.10050774659612], [-1.5438750772736967, 55.10050774659612], [-1.5441550183459185, 55.100346050574444], [-1.5441550183459185, 55.10002265853109], [-1.5444349594181404, 55.09986096250941], [-1.5455547237070277, 55.09986096250941], [-1.5461146058514714, 55.099537570466055], [-1.5483541344292462, 55.099537570466055], [-1.548634075501468, 55.09937587444438], [-1.548634075501468, 55.098729090357665], [-1.5480741933570243, 55.09840569831431], [-1.5483541344292462, 55.09824400229263], [-1.5489140165736899, 55.09824400229263], [-1.5494738987181336, 55.097920610249275], [-1.550593663007021, 55.097920610249275], [-1.5511535451514646, 55.09759721820592], [-1.552273309440352, 55.09759721820592], [-1.5525532505125739, 55.09743552218424], [-1.5525532505125739, 55.097112130140886], [-1.550313721934799, 55.09581856196746], [-1.550313721934799, 55.09517177788075], [-1.5514334862236865, 55.09452499379404], [-1.5514334862236865, 55.09387820970733], [-1.5511535451514646, 55.09371651368565], [-1.550593663007021, 55.09371651368565], [-1.5500337808625773, 55.09339312164229], [-1.5494738987181336, 55.09339312164229], [-1.548634075501468, 55.09290803357726], [-1.548634075501468, 55.092584641533904], [-1.5497538397903554, 55.09193785744719], [-1.5494738987181336, 55.091776161425514], [-1.5489140165736899, 55.091776161425514], [-1.5480741933570243, 55.09129107336048], [-1.5480741933570243, 55.090967681317125], [-1.548634075501468, 55.09064428927377], [-1.5483541344292462, 55.09048259325209], [-1.5477942522848025, 55.09048259325209], [-1.546954429068137, 55.08999750518706], [-1.546954429068137, 55.08902732905699], [-1.5475143112125807, 55.08870393701363], [-1.5472343701403588, 55.088542240991956], [-1.5455547237070277, 55.088542240991956], [-1.5447149004903622, 55.08805715292692], [-1.5447149004903622, 55.08741036884021], [-1.5438750772736967, 55.086925280775176], [-1.5421954308403656, 55.086925280775176], [-1.541635548695922, 55.08660188873182], [-1.5405157844070345, 55.08660188873182], [-1.5393960201181471, 55.08595510464511], [-1.5388361379737034, 55.08595510464511], [-1.537996314757038, 55.085470016580075], [-1.537996314757038, 55.08417644840665], [-1.5385561969014816, 55.083853056363296], [-1.5385561969014816, 55.08352966431994], [-1.537716373684816, 55.083044576254906], [-1.5371564915403724, 55.083044576254906], [-1.5365966093959287, 55.08336796829826], [-1.5337971986737102, 55.08336796829826], [-1.5335172576014884, 55.08352966431994], [-1.5335172576014884, 55.083853056363296], [-1.5326774343848228, 55.08433814442833], [-1.5321175522403792, 55.08433814442833], [-1.5315576700959355, 55.084661536471685], [-1.5309977879514918, 55.084661536471685], [-1.5298780236626044, 55.0853083205584], [-1.5293181415181607, 55.0853083205584], [-1.528758259373717, 55.08563171260175], [-1.5281983772292733, 55.08563171260175], [-1.527078612940386, 55.086278496688465], [-1.5265187307959422, 55.086278496688465], [-1.5262387897237204, 55.08644019271014], [-1.5262387897237204, 55.087086976796854], [-1.5259588486514986, 55.08724867281853], [-1.5253989665070549, 55.08724867281853], [-1.5242792022181675, 55.087895456905244], [-1.5237193200737238, 55.087895456905244], [-1.523439379001502, 55.08805715292692], [-1.523439379001502, 55.08838054497028], [-1.52315943792928, 55.088542240991956], [-1.5225995557848364, 55.088542240991956], [-1.5223196147126146, 55.08870393701363], [-1.5223196147126146, 55.0896741131437], [-1.5220396736403927, 55.08983580916538], [-1.5147612057626247, 55.08983580916538], [-1.514201323618181, 55.08951241712202], [-1.5136414414737374, 55.08951241712202], [-1.5130815593292937, 55.08918902507867], [-1.510842030751519, 55.08918902507867], [-1.5102821486070752, 55.08886563303531], [-1.5091623843181878, 55.08886563303531], [-1.5086025021737441, 55.08918902507867], [-1.5074827378848568, 55.08918902507867], [-1.506922855740413, 55.08886563303531], [-1.5058030914515257, 55.08886563303531], [-1.505243209307082, 55.088542240991956], [-1.5046833271626383, 55.088542240991956], [-1.5041234450181946, 55.0882188489486], [-1.503563562873751, 55.0882188489486], [-1.5027237396570854, 55.087733760883566], [-1.5027237396570854, 55.087086976796854], [-1.5024437985848635, 55.086925280775176], [-1.5007641521515325, 55.086925280775176], [-1.499644387862645, 55.08757206486189], [-1.4985246235737577, 55.08757206486189], [-1.497964741429314, 55.087895456905244], [-1.496285094995983, 55.087895456905244], [-1.4957252128515393, 55.0882188489486], [-1.4940455664182082, 55.0882188489486], [-1.4937656253459863, 55.08838054497028], [-1.4937656253459863, 55.08999750518706], [-1.4915260967682116, 55.09129107336048], [-1.4915260967682116, 55.09193785744719], [-1.4904063324793242, 55.092584641533904], [-1.4904063324793242, 55.09290803357726], [-1.4898464503348805, 55.093231425620615], [-1.4901263914071023, 55.09339312164229], [-1.490686273551546, 55.09339312164229], [-1.4918060378404334, 55.09274633755558], [-1.492365919984877, 55.09306972959894], [-1.4929258021293208, 55.09306972959894], [-1.4932057432015426, 55.093231425620615], [-1.4932057432015426, 55.09355481766397], [-1.49432550749043, 55.09420160175068], [-1.4937656253459863, 55.09452499379404], [-1.4937656253459863, 55.094848385837395], [-1.496005153923761, 55.09614195401082], [-1.496005153923761, 55.096465346054174], [-1.4954452717793174, 55.09678873809753], [-1.4954452717793174, 55.097112130140886], [-1.49432550749043, 55.0977589142276], [-1.4946054485626519, 55.097920610249275], [-1.496285094995983, 55.097920610249275], [-1.4971249182126485, 55.09840569831431], [-1.4971249182126485, 55.098729090357665], [-1.4976848003570922, 55.09905248240102], [-1.4971249182126485, 55.09937587444438], [-1.4971249182126485, 55.09969926648773], [-1.4982446825015359, 55.100346050574444], [-1.4982446825015359, 55.100992834661156], [-1.4988045646459796, 55.10131622670451], [-1.497964741429314, 55.101801314769546], [-1.4968449771404266, 55.101801314769546], [-1.4965650360682048, 55.10163961874787], [-1.4965650360682048, 55.10131622670451], [-1.496285094995983, 55.101154530682834], [-1.4957252128515393, 55.101154530682834], [-1.4954452717793174, 55.100992834661156], [-1.4954452717793174, 55.10002265853109], [-1.496005153923761, 55.09969926648773], [-1.4951653307070956, 55.0992141784227], [-1.4946054485626519, 55.0992141784227], [-1.49432550749043, 55.09905248240102], [-1.49432550749043, 55.098729090357665], [-1.4940455664182082, 55.09856739433599], [-1.4929258021293208, 55.09856739433599], [-1.4920859789126553, 55.09808230627095], [-1.4920859789126553, 55.0977589142276], [-1.4904063324793242, 55.09678873809753], [-1.4892865681904368, 55.09549516992411], [-1.489006627118215, 55.09505050586449], [-1.4887266860459931, 55.094848385837395], [-1.4887266860459931, 55.09452499379404], [-1.4892865681904368, 55.09420160175068], [-1.4892865681904368, 55.09387820970733], [-1.4898464503348805, 55.09355481766397], [-1.489006627118215, 55.09306972959894], [-1.4878868628293276, 55.09306972959894], [-1.487047039612662, 55.092584641533904], [-1.487047039612662, 55.09193785744719], [-1.4876069217571057, 55.091614465403836], [-1.4876069217571057, 55.090967681317125], [-1.487326980684884, 55.09080598529545], [-1.4850874521071091, 55.0911293773388], [-1.4845275699626654, 55.09116980134422], [-1.482497997189057, 55.08999750518706], [-1.479138704322395, 55.08741036884021], [-1.4780189400335075, 55.08644019271014], [-1.4738898092182353, 55.08567213660717], [-1.4710903984960169, 55.08567213660717], [-1.4701805900112959, 55.08514662453672], [-1.4696207078668522, 55.08449984045001], [-1.4701805900112959, 55.08352966431994], [-1.4701805900112959, 55.081589312059805], [-1.4696207078668522, 55.08094252797309], [-1.4643718127626926, 55.07985107982677], [-1.4640218864224153, 55.07964895979967], [-1.4634620042779716, 55.0786787836696], [-1.4634620042779716, 55.07803199958289], [-1.4629021221335279, 55.076091647322755], [-1.4617823578446405, 55.07479807914933], [-1.4593328734626994, 55.073706631003006], [-1.458982947122422, 55.07350451097591], [-1.458982947122422, 55.072210942802485], [-1.4590529323904775, 55.07188755075913], [-1.459892755607143, 55.071402462694095], [-1.4604526377515867, 55.071402462694095], [-1.4615724020404741, 55.070755678607384], [-1.4621322841849178, 55.070755678607384], [-1.4624122252571397, 55.070593982585706], [-1.4621322841849178, 55.07043228656403], [-1.4604526377515867, 55.07043228656403], [-1.459892755607143, 55.07010889452067], [-1.4593328734626994, 55.07010889452067], [-1.4576532270293683, 55.069138718390604], [-1.4573732859571464, 55.06930041441228], [-1.4573732859571464, 55.07027059054235], [-1.4570933448849246, 55.07043228656403], [-1.456533462740481, 55.07047271056945], [-1.4554136984515935, 55.07047271056945], [-1.4550637721113162, 55.07027059054235], [-1.4520544055849314, 55.069825926482736], [-1.451704479244654, 55.06962380645564], [-1.451704479244654, 55.06930041441228], [-1.4522643613890978, 55.06638988602208], [-1.452614287729375, 55.06618776599498], [-1.4537340520182624, 55.06586437395163], [-1.4545038899668725, 55.065096317848656], [-1.4539440078224288, 55.061215613328386], [-1.4528242435335414, 55.05927526106825], [-1.4522643613890978, 55.05701151676476], [-1.451704479244654, 55.05571794859134], [-1.4511445971002104, 55.055071164504625], [-1.4505847149557667, 55.05410098837456], [-1.450024832811323, 55.053454204287846], [-1.4489050685224356, 55.051837244071066], [-1.4477853042335482, 55.05054367589764], [-1.4472254220891045, 55.049573499767575], [-1.4455457756557735, 55.04860332363751], [-1.444426011366886, 55.047309755464084], [-1.4433062470779987, 55.04633957933402], [-1.4388271899224492, 55.04375244298717], [-1.436377705540508, 55.042660994840844], [-1.4360277792002307, 55.04245887481375], [-1.434698059107177, 55.04201421075413], [-1.4330184126738459, 55.04169081871078], [-1.4326684863335686, 55.04148869868368], [-1.4315487220446812, 55.04051852255361], [-1.4315487220446812, 55.0398717384669], [-1.4302190019516274, 55.03845689827722], [-1.42909923766274, 55.03813350623386], [-1.4287493113224627, 55.037931386206765], [-1.4287493113224627, 55.03760799416341], [-1.4309888399002375, 55.036314425989985], [-1.4309888399002375, 55.035667641903274], [-1.4304289577557938, 55.03502085781656], [-1.4307788840960711, 55.034818737789465], [-1.4296591198071837, 55.03360601762688], [-1.4293091934669064, 55.03340389759978], [-1.4287493113224627, 55.03275711351307], [-1.4287493113224627, 55.0288764089928], [-1.4276295470335754, 55.02790623286273], [-1.4270696648891317, 55.02661266468931], [-1.4253900184558006, 55.02531909651589], [-1.4242702541669132, 55.02402552834246], [-1.4212608876405284, 55.02325747223949], [-1.420910961300251, 55.023055352212396], [-1.4204910496919183, 55.023055352212396], [-1.420141123351641, 55.02325747223949], [-1.4197911970113637, 55.023055352212396], [-1.4197911970113637, 55.022408568125684], [-1.4156620661960915, 55.01872998363251], [-1.4153121398558142, 55.018527863605414], [-1.4158720220002579, 55.016910903388634], [-1.4162219483405352, 55.01670878336154], [-1.4169917862891452, 55.01594072725857], [-1.4158720220002579, 55.015293943171855], [-1.4158720220002579, 55.01464715908514], [-1.4162219483405352, 55.014445039058046], [-1.4173417126294225, 55.01412164701469], [-1.4207010054960847, 55.013798254971334], [-1.4262998269405216, 55.013798254971334], [-1.42909923766274, 55.01315147088462], [-1.432108604189125, 55.009796278434806], [-1.4332283684780123, 55.00882610230474], [-1.4335782948182896, 55.00862398227764], [-1.4352579412516207, 55.008300590234285], [-1.4374974698293954, 55.00797719819093], [-1.4391771162627265, 55.00733041410422], [-1.4414166448405012, 55.00636023797415], [-1.441976526984945, 55.00636023797415], [-1.4423264533252222, 55.00656235800125], [-1.442746364933555, 55.00623896595789], [-1.4433062470779987, 55.00494539778447], [-1.4438661292224424, 55.0039752216544], [-1.4449858935113298, 55.00268165348098], [-1.4455457756557735, 54.99912434100406], [-1.4461056578002172, 54.998154164873995], [-1.4472254220891045, 54.99718398874393], [-1.4475753484293818, 54.9960925405976], [-1.4472254220891045, 54.995890420570504], [-1.4477853042335482, 54.99395006831037], [-1.448345186377992, 54.99330328422366], [-1.4486951127182692, 54.99310116419656], [-1.450024832811323, 54.99168632400688], [-1.4531741698738188, 54.989867243763], [-1.4542939341627061, 54.989543851719645], [-1.4559735805960372, 54.98857367558958], [-1.4766892199404538, 54.98857367558958], [-1.4822880413848907, 54.987926891502866], [-1.4878868628293276, 54.987926891502866], [-1.488236789169605, 54.98812901152996], [-1.5018839164404199, 54.98857367558958], [-1.5022338427806972, 54.988775795616675], [-1.50265375438903, 54.988775795616675], [-1.5030036807293072, 54.98857367558958], [-1.5074827378848568, 54.987926891502866], [-1.507832664225134, 54.98812901152996], [-1.5093723401223542, 54.98812901152996], [-1.5097222664626315, 54.987926891502866], [-1.5175606164848432, 54.98760349945951], [-1.5192402629181743, 54.98760349945951], [-1.521479791495949, 54.987280107416154], [-1.5248390843626112, 54.98630993128609], [-1.5265187307959422, 54.985663147199375], [-1.528758259373717, 54.98501636311266], [-1.5306478616112145, 54.98360152292298], [-1.5309977879514918, 54.983399402895884], [-1.5323275080445455, 54.9819845627062], [-1.5340071544778766, 54.98004421044607], [-1.5345670366223203, 54.977780466142576], [-1.535126918766764, 54.97486993775237], [-1.5356868009112077, 54.97131262527546], [-1.5362466830556514, 54.96743192075519], [-1.536806565200095, 54.96484478440834], [-1.5405157844070345, 54.96270231212111], [-1.5421954308403656, 54.962378920077754], [-1.543315195129253, 54.9620555280344], [-1.544994841562584, 54.9620555280344], [-1.5466744879959151, 54.961408743947686], [-1.5489140165736899, 54.960761959860974], [-1.550593663007021, 54.96011517577426], [-1.553952955873683, 54.95979178373091], [-1.5550727201625705, 54.96011517577426], [-1.5554226465028478, 54.96031729580136], [-1.557872130884789, 54.961408743947686], [-1.5582220572250662, 54.961610863974784], [-1.5606715416070074, 54.96270231212111], [-1.5610214679472847, 54.96290443214821], [-1.5634709523292258, 54.96367248825118], [-1.5638208786695031, 54.963874608278275], [-1.565150598762557, 54.96431927233789], [-1.5662703630514443, 54.964642664381245], [-1.5690697737736627, 54.9649660564246], [-1.56941970011394, 54.9651681764517], [-1.573198904588935, 54.9651681764517], [-1.5735488309292123, 54.9649660564246], [-1.5780278880847618, 54.9649660564246], [-1.578377814425039, 54.9651681764517], [-1.5797075345180929, 54.96561284051131], [-1.5808272988069803, 54.96593623255467], [-1.5828568715805886, 54.96710852871183], [-1.5845365180139197, 54.96840209688526], [-1.5867760465916945, 54.96969566505868], [-1.5878958108805818, 54.97066584118875], [-1.5883157224889146, 54.97066584118875], [-1.588665648829192, 54.97046372116165], [-1.5892255309736356, 54.97046372116165], [-1.589575457313913, 54.97066584118875], [-1.5978337189444574, 54.97066584118875], [-1.5981836452847347, 54.97046372116165], [-1.5998632917180657, 54.970140329118294], [-1.6015429381513968, 54.96949354503158], [-1.604902231018059, 54.96884676094487], [-1.6060219953069463, 54.96819997685816], [-1.608261523884721, 54.9678765848148], [-1.6093812881736085, 54.96722980072809], [-1.6110609346069396, 54.96658301664138], [-1.612180698895827, 54.96593623255467], [-1.6133004631847143, 54.96561284051131], [-1.6144202274736017, 54.9649660564246], [-1.615539991762489, 54.964642664381245], [-1.6172196381958202, 54.96367248825118], [-1.6183394024847075, 54.96334909620782], [-1.6200190489180386, 54.962378920077754], [-1.621138813206926, 54.9620555280344], [-1.6222585774958134, 54.961408743947686], [-1.6233783417847008, 54.96108535190433], [-1.6250579882180318, 54.960761959860974], [-1.626737634651363, 54.96011517577426], [-1.6396149239735678, 54.96011517577426], [-1.639964850313845, 54.96031729580136], [-1.6435340989846736, 54.960761959860974], [-1.646333509706892, 54.96108535190433], [-1.6485730382846668, 54.961408743947686], [-1.6489229646249441, 54.961610863974784], [-1.6508125668624416, 54.9620555280344], [-1.651932331151329, 54.962378920077754], [-1.6541718597291037, 54.96270231212111], [-1.654521786069381, 54.96290443214821], [-1.6558515061624348, 54.96334909620782], [-1.6580910347402096, 54.96367248825118], [-1.6584409610804869, 54.963874608278275], [-1.662570091895759, 54.96431927233789], [-1.6687287954846397, 54.964642664381245], [-1.673767734784633, 54.9649660564246], [-1.6741176611249102, 54.9651681764517], [-1.682725849095732, 54.96561284051131], [-1.6849653776735067, 54.96593623255467], [-1.685315304013784, 54.966138352581766], [-1.6866450241068378, 54.96658301664138], [-1.6877647883957252, 54.966906408684736], [-1.6894444348290563, 54.96722980072809], [-1.6897943611693336, 54.96743192075519], [-1.6911240812623873, 54.9678765848148], [-1.6922438455512747, 54.96819997685816], [-1.6948333004693268, 54.96969566505868], [-1.6967229027068242, 54.97046372116165], [-1.6970728290471015, 54.97066584118875], [-1.698962431284599, 54.97143389729172], [-1.70064207771793, 54.97175728933507], [-1.7009920040582074, 54.97195940936217], [-1.7025316799554275, 54.97131262527546], [-1.7028816062957048, 54.97111050524836], [-1.7040013705845922, 54.97111050524836], [-1.7068007813068107, 54.970140329118294], [-1.7081305013998644, 54.96904888097197], [-1.7086903835443081, 54.96840209688526], [-1.7090403098845854, 54.96819997685816], [-1.7101600741734728, 54.9678765848148], [-1.7112798384623602, 54.96722980072809], [-1.715199013473466, 54.96722980072809], [-1.7155489398137433, 54.96743192075519], [-1.7196780706290156, 54.9678765848148], [-1.7213577170623466, 54.96819997685816], [-1.721707643402624, 54.96840209688526], [-1.7235972456401214, 54.96917015298823], [-1.7245070541248424, 54.96969566505868], [-1.7256268184137298, 54.97066584118875], [-1.7256268184137298, 54.97260619344888], [-1.7267465827026172, 54.975516721839085], [-1.728076302795671, 54.9759613858987], [-1.729755949229002, 54.976284777942055], [-1.7301058755692793, 54.97648689796915], [-1.7325553599512205, 54.97725495407212], [-1.7336751242401078, 54.97757834611548], [-1.7340250505803851, 54.977780466142576], [-1.735354770673439, 54.97822513020219], [-1.7364745349623263, 54.978548522245546], [-1.7368244613026036, 54.978750642272644], [-1.7392739456845447, 54.979518698375614], [-1.7403937099734321, 54.97984209041897], [-1.7407436363137094, 54.98004421044607], [-1.7426332385512069, 54.98081226654904], [-1.7429831648914842, 54.981014386576135], [-1.744312884984538, 54.98145905063575], [-1.7476721778512, 54.98210583472246], [-1.7480221041914774, 54.98230795474956], [-1.7499117064289749, 54.98275261880917], [-1.7521512350067496, 54.98307601085253], [-1.753270999295637, 54.98307601085253], [-1.754950645728968, 54.98275261880917], [-1.7577500564511865, 54.98210583472246], [-1.759639658688684, 54.9819845627062], [-1.7599895850289613, 54.981822866684524], [-1.760549467173405, 54.981782442679105], [-1.762229113606736, 54.98145905063575], [-1.767827935051173, 54.98145905063575], [-1.7681078761233948, 54.981661170662846], [-1.7683878171956167, 54.981822866684524], [-1.769507581484504, 54.981822866684524], [-1.7703474047011696, 54.98230795474956], [-1.7703474047011696, 54.982631346792914], [-1.7709072868456133, 54.98295473883627], [-1.7709072868456133, 54.983278130879626], [-1.771467168990057, 54.98360152292298], [-1.771467168990057, 54.984895091096405], [-1.7709072868456133, 54.98521848313976], [-1.7709072868456133, 54.98554187518312], [-1.769507581484504, 54.986350355291506], [-1.7689476993400604, 54.986350355291506], [-1.7683878171956167, 54.98667374733486], [-1.7672680529067293, 54.98667374733486], [-1.7667081707622856, 54.98699713937822], [-1.7655884064733982, 54.98699713937822], [-1.7653084654011764, 54.987158835399896], [-1.7655884064733982, 54.987320531421574], [-1.766148288617842, 54.987320531421574], [-1.7667081707622856, 54.98764392346493], [-1.7672680529067293, 54.98764392346493], [-1.767827935051173, 54.987967315508286], [-1.7689476993400604, 54.987967315508286], [-1.7703474047011696, 54.988775795616675], [-1.7703474047011696, 54.98909918766003], [-1.7720270511345007, 54.9900693637901], [-1.7720270511345007, 54.99071614787681], [-1.7723069922067225, 54.99087784389849], [-1.7739866386400536, 54.99087784389849], [-1.775106402928941, 54.9915246279852], [-1.7762261672178283, 54.9915246279852], [-1.7770659904344939, 54.991039539920166], [-1.7770659904344939, 54.99071614787681], [-1.7759462261456065, 54.9900693637901], [-1.7759462261456065, 54.98974597174674], [-1.7765061082900502, 54.98942257970339], [-1.7765061082900502, 54.98909918766003], [-1.7770659904344939, 54.988775795616675], [-1.7770659904344939, 54.98845240357332], [-1.776786049362272, 54.98829070755164], [-1.7756662850733846, 54.98829070755164], [-1.774826461856719, 54.98780561948661], [-1.774826461856719, 54.987158835399896], [-1.7737066975678317, 54.986512051313184], [-1.7737066975678317, 54.984895091096405], [-1.775106402928941, 54.984086610988015], [-1.7773459315067157, 54.984086610988015], [-1.7779058136511594, 54.98441000303137], [-1.778465695795603, 54.98441000303137], [-1.778745636867825, 54.98457169905305], [-1.7781857547233813, 54.984895091096405], [-1.778465695795603, 54.98505678711808], [-1.7790255779400468, 54.98505678711808], [-1.7798654011567123, 54.98554187518312], [-1.7798654011567123, 54.98683544335654], [-1.7801453422289342, 54.98699713937822], [-1.7812651065178216, 54.98699713937822], [-1.7818249886622652, 54.987320531421574], [-1.782384870806709, 54.987320531421574], [-1.7832246940233745, 54.98780561948661], [-1.7832246940233745, 54.98812901152996], [-1.7837845761678182, 54.98845240357332], [-1.7837845761678182, 54.988775795616675], [-1.7849043404567055, 54.98942257970339], [-1.7849043404567055, 54.9900693637901], [-1.7851842815289274, 54.99023105981178], [-1.789663338684477, 54.99023105981178], [-1.7902232208289206, 54.99055445185513], [-1.791342985117808, 54.99055445185513], [-1.7916229261900298, 54.990392755833454], [-1.7916229261900298, 54.98974597174674], [-1.7910630440455861, 54.98942257970339], [-1.791342985117808, 54.98926088368171], [-1.7919028672622517, 54.98926088368171], [-1.7924627494066954, 54.98893749163835], [-1.7941423958400264, 54.98893749163835], [-1.7947022779844701, 54.98926088368171], [-1.796941806562245, 54.98926088368171], [-1.7972217476344667, 54.98909918766003], [-1.7972217476344667, 54.98845240357332], [-1.7983415119233541, 54.98780561948661], [-1.7983415119233541, 54.98748222744325], [-1.7963819244178012, 54.986350355291506], [-1.7952621601289138, 54.986350355291506], [-1.794982219056692, 54.98618865926983], [-1.794982219056692, 54.98554187518312], [-1.7952621601289138, 54.98538017916144], [-1.7963819244178012, 54.98538017916144], [-1.796941806562245, 54.98505678711808], [-1.7980615708511323, 54.98505678711808], [-1.798621452995576, 54.98473339507473], [-1.7997412172844633, 54.98473339507473], [-1.8005810405011289, 54.98521848313976], [-1.7997412172844633, 54.985703571204795], [-1.7991813351400197, 54.985703571204795], [-1.7989013940677978, 54.98586526722647], [-1.7994612762122415, 54.98618865926983], [-1.7994612762122415, 54.986512051313184], [-1.7997412172844633, 54.98667374733486], [-1.8008609815733507, 54.98667374733486], [-1.8017008047900163, 54.98618865926983], [-1.8017008047900163, 54.98554187518312], [-1.8025406280066818, 54.98505678711808], [-1.8031005101511255, 54.98505678711808], [-1.8036603922955692, 54.98473339507473], [-1.8042202744400129, 54.98505678711808], [-1.8047801565844566, 54.98505678711808], [-1.8053400387289003, 54.98538017916144], [-1.8064598030177876, 54.98538017916144], [-1.8072996262344532, 54.98586526722647], [-1.8072996262344532, 54.98683544335654], [-1.807579567306675, 54.98699713937822], [-1.8081394494511187, 54.98667374733486], [-1.8086993315955624, 54.98667374733486], [-1.809259213740006, 54.986350355291506], [-1.8109388601733372, 54.986350355291506], [-1.8114987423177809, 54.98667374733486], [-1.813178388751112, 54.985703571204795], [-1.8142981530399993, 54.985703571204795], [-1.814858035184443, 54.98602696324815], [-1.8159777994733304, 54.98602696324815], [-1.8162577405455522, 54.98586526722647], [-1.8156978584011085, 54.98554187518312], [-1.8156978584011085, 54.98521848313976], [-1.8162577405455522, 54.984895091096405], [-1.8162577405455522, 54.98457169905305], [-1.8156978584011085, 54.98424830700969], [-1.8156978584011085, 54.98392491496634], [-1.8154179173288867, 54.98376321894466], [-1.8137382708955556, 54.98376321894466], [-1.81289844767889, 54.983278130879626], [-1.81289844767889, 54.982631346792914], [-1.8137382708955556, 54.98214625872788], [-1.8142981530399993, 54.98214625872788], [-1.814858035184443, 54.981822866684524], [-1.8170975637622178, 54.981822866684524], [-1.8179373869788833, 54.98230795474956], [-1.8179373869788833, 54.982631346792914], [-1.8182173280511051, 54.98279304281459], [-1.818497269123327, 54.982631346792914], [-1.818497269123327, 54.98230795474956], [-1.8190571512677707, 54.9819845627062], [-1.8190571512677707, 54.981661170662846], [-1.8196170334122144, 54.98133777861949], [-1.8196170334122144, 54.981014386576135], [-1.8198969744844362, 54.98085269055446], [-1.8210167387733236, 54.98085269055446], [-1.8218565619899891, 54.98133777861949], [-1.8218565619899891, 54.981661170662846], [-1.8224164441344328, 54.9819845627062], [-1.8224164441344328, 54.98392491496634], [-1.8215766209177673, 54.98441000303137], [-1.8210167387733236, 54.98441000303137], [-1.820176915556658, 54.984895091096405], [-1.820176915556658, 54.98521848313976], [-1.82045685662888, 54.98538017916144], [-1.8210167387733236, 54.98538017916144], [-1.8229763262788765, 54.986512051313184], [-1.8229763262788765, 54.98683544335654], [-1.8232562673510984, 54.98699713937822], [-1.824096090567764, 54.986512051313184], [-1.824096090567764, 54.98618865926983], [-1.8249359137844294, 54.985703571204795], [-1.8254957959288731, 54.985703571204795], [-1.825775737001095, 54.98554187518312], [-1.825775737001095, 54.98521848313976], [-1.8249359137844294, 54.98473339507473], [-1.8243760316399857, 54.98473339507473], [-1.8235362084233202, 54.98424830700969], [-1.8235362084233202, 54.98295473883627], [-1.824096090567764, 54.982631346792914], [-1.824096090567764, 54.98230795474956], [-1.8249359137844294, 54.981822866684524], [-1.8254957959288731, 54.981822866684524], [-1.825775737001095, 54.981661170662846], [-1.825775737001095, 54.981014386576135], [-1.8249359137844294, 54.9805292985111], [-1.8246559727122076, 54.98069099453278], [-1.8246559727122076, 54.981014386576135], [-1.8243760316399857, 54.98117608259781], [-1.823816149495542, 54.98117608259781], [-1.8232562673510984, 54.98149947464117], [-1.8226963852066547, 54.98149947464117], [-1.8224164441344328, 54.98133777861949], [-1.8224164441344328, 54.98069099453278], [-1.8229763262788765, 54.98036760248942], [-1.8229763262788765, 54.98004421044607], [-1.8224164441344328, 54.97972081840271], [-1.8224164441344328, 54.979397426359355], [-1.8218565619899891, 54.979074034316], [-1.8218565619899891, 54.97810385818593], [-1.8210167387733236, 54.9776187701209], [-1.82045685662888, 54.977942162164254], [-1.820176915556658, 54.977780466142576], [-1.8207367977011018, 54.97745707409922], [-1.82045685662888, 54.97729537807754], [-1.8198969744844362, 54.97729537807754], [-1.8193370923399925, 54.9776187701209], [-1.8187772101955488, 54.9776187701209], [-1.8182173280511051, 54.97729537807754], [-1.8170975637622178, 54.977942162164254], [-1.816817622689996, 54.977780466142576], [-1.8173775048344396, 54.97745707409922], [-1.8173775048344396, 54.977133682055864], [-1.816537681617774, 54.97664859399083], [-1.8159777994733304, 54.97664859399083], [-1.8156978584011085, 54.97681029001251], [-1.8162577405455522, 54.977133682055864], [-1.8159777994733304, 54.97729537807754], [-1.8151379762566648, 54.97681029001251], [-1.8151379762566648, 54.9761635059258], [-1.8154179173288867, 54.9759613858987], [-1.815627873133053, 54.97584011388244], [-1.8156978584011085, 54.975516721839085], [-1.8159777994733304, 54.97535502581741], [-1.816537681617774, 54.97535502581741], [-1.8170975637622178, 54.97503163377405], [-1.8176574459066615, 54.97503163377405], [-1.8182173280511051, 54.97535502581741], [-1.8210167387733236, 54.97535502581741], [-1.8215766209177673, 54.97503163377405], [-1.8226963852066547, 54.97503163377405], [-1.8229763262788765, 54.97486993775237], [-1.8229763262788765, 54.97454654570902], [-1.823816149495542, 54.974061457643984], [-1.8243760316399857, 54.974061457643984], [-1.8249359137844294, 54.97438484968734], [-1.8254957959288731, 54.97438484968734], [-1.8263356191455387, 54.97486993775237], [-1.8263356191455387, 54.97519332979573], [-1.8266155602177605, 54.97535502581741], [-1.8277353245066479, 54.97535502581741], [-1.8280152655788697, 54.97519332979573], [-1.827455383434426, 54.97486993775237], [-1.8282952066510916, 54.97438484968734], [-1.829414970939979, 54.97438484968734], [-1.8299748530844226, 54.974708241730696], [-1.8305347352288663, 54.974708241730696], [-1.8313745584455319, 54.97519332979573], [-1.8313745584455319, 54.97584011388244], [-1.83109461737331, 54.97600180990412], [-1.8305347352288663, 54.97567841786076], [-1.8299748530844226, 54.97567841786076], [-1.8291350298677571, 54.9761635059258], [-1.8296949120122008, 54.97648689796915], [-1.8296949120122008, 54.97681029001251], [-1.8302547941566445, 54.977133682055864], [-1.829414970939979, 54.9776187701209], [-1.8288550887955353, 54.9776187701209], [-1.8277353245066479, 54.97697198603419], [-1.827455383434426, 54.977133682055864], [-1.827455383434426, 54.977780466142576], [-1.8291350298677571, 54.978750642272644], [-1.8291350298677571, 54.979074034316], [-1.8302547941566445, 54.97972081840271], [-1.8302547941566445, 54.98004421044607], [-1.8313745584455319, 54.98069099453278], [-1.8313745584455319, 54.981014386576135], [-1.8319344405899756, 54.98133777861949], [-1.8319344405899756, 54.9819845627062], [-1.8313745584455319, 54.98230795474956], [-1.8313745584455319, 54.982631346792914], [-1.8316544995177537, 54.98279304281459], [-1.8322143816621974, 54.98279304281459], [-1.8336140870233066, 54.98360152292298], [-1.8336140870233066, 54.98392491496634], [-1.834733851312194, 54.98457169905305], [-1.834733851312194, 54.98554187518312], [-1.8350137923844159, 54.985703571204795], [-1.8355736745288596, 54.985703571204795], [-1.8361335566733032, 54.98538017916144], [-1.8389329673955217, 54.98538017916144], [-1.8394928495399654, 54.985703571204795], [-1.840052731684409, 54.985703571204795], [-1.8408925549010746, 54.98618865926983], [-1.8408925549010746, 54.986512051313184], [-1.8414524370455183, 54.98683544335654], [-1.8414524370455183, 54.98780561948661], [-1.8417323781177402, 54.987967315508286], [-1.8428521424066275, 54.987967315508286], [-1.8434120245510712, 54.98764392346493], [-1.8462114352732897, 54.98764392346493], [-1.8478910817066208, 54.98667374733486], [-1.8490108459955081, 54.98667374733486], [-1.84929078706773, 54.986512051313184], [-1.84929078706773, 54.98618865926983], [-1.847611140634399, 54.98521848313976], [-1.847611140634399, 54.98424830700969], [-1.8484509638510644, 54.98376321894466], [-1.8506904924288392, 54.98376321894466], [-1.850970433501061, 54.98392491496634], [-1.850970433501061, 54.98424830700969], [-1.851250374573283, 54.98441000303137], [-1.8518102567177266, 54.98441000303137], [-1.8523701388621703, 54.984086610988015], [-1.8540497852955014, 54.984086610988015], [-1.854609667439945, 54.98376321894466], [-1.8551695495843887, 54.98376321894466], [-1.858248901378829, 54.98554187518312], [-1.858248901378829, 54.98586526722647], [-1.8585288424510509, 54.98602696324815], [-1.8596486067399383, 54.98602696324815], [-1.8607683710288256, 54.98667374733486], [-1.8613282531732693, 54.986350355291506], [-1.8652474281843752, 54.986350355291506], [-1.865527369256597, 54.98618865926983], [-1.865527369256597, 54.98586526722647], [-1.8658073103288189, 54.985703571204795], [-1.8663671924732625, 54.985703571204795], [-1.8666471335454844, 54.98586526722647], [-1.8666471335454844, 54.98618865926983], [-1.8669270746177062, 54.986350355291506], [-1.8680468389065936, 54.985703571204795], [-1.8697264853399247, 54.985703571204795], [-1.8700064264121465, 54.98554187518312], [-1.8700064264121465, 54.98521848313976], [-1.8702863674843684, 54.98505678711808], [-1.870846249628812, 54.98505678711808], [-1.871126190701034, 54.98521848313976], [-1.871126190701034, 54.98586526722647], [-1.870846249628812, 54.98602696324815], [-1.8702863674843684, 54.98602696324815], [-1.8700064264121465, 54.98618865926983], [-1.8702863674843684, 54.986350355291506], [-1.870846249628812, 54.986350355291506], [-1.8716860728454776, 54.98683544335654], [-1.8716860728454776, 54.98780561948661], [-1.870846249628812, 54.98829070755164], [-1.8702863674843684, 54.98829070755164], [-1.8700064264121465, 54.98845240357332], [-1.8700064264121465, 54.988775795616675], [-1.8705663085565902, 54.98909918766003], [-1.8705663085565902, 54.98942257970339], [-1.8697264853399247, 54.98990766776842], [-1.8686067210510373, 54.98990766776842], [-1.8677668978343718, 54.98942257970339], [-1.8677668978343718, 54.98909918766003], [-1.86748695676215, 54.98893749163835], [-1.867207015689928, 54.98909918766003], [-1.867207015689928, 54.98942257970339], [-1.8669270746177062, 54.989584275725065], [-1.8663671924732625, 54.989584275725065], [-1.8660872514010407, 54.98942257970339], [-1.8660872514010407, 54.98780561948661], [-1.8658073103288189, 54.98764392346493], [-1.8652474281843752, 54.98764392346493], [-1.8644076049677096, 54.98812901152996], [-1.8644076049677096, 54.98845240357332], [-1.863847722823266, 54.988775795616675], [-1.863847722823266, 54.98974597174674], [-1.8644076049677096, 54.9900693637901], [-1.8644076049677096, 54.990392755833454], [-1.8641276638954878, 54.99055445185513], [-1.861888135317713, 54.99055445185513], [-1.8616081942454912, 54.990392755833454], [-1.8616081942454912, 54.988775795616675], [-1.8610483121010475, 54.98845240357332], [-1.8610483121010475, 54.98780561948661], [-1.8607683710288256, 54.98764392346493], [-1.85992854781216, 54.98812901152996], [-1.85992854781216, 54.98845240357332], [-1.8593686656677164, 54.988775795616675], [-1.8593686656677164, 54.98909918766003], [-1.8588087835232727, 54.98942257970339], [-1.8588087835232727, 54.9900693637901], [-1.8593686656677164, 54.990392755833454], [-1.8590887245954946, 54.99055445185513], [-1.858248901378829, 54.9900693637901], [-1.858248901378829, 54.98974597174674], [-1.8579689603066072, 54.989584275725065], [-1.8574090781621635, 54.989584275725065], [-1.8571291370899417, 54.98974597174674], [-1.8571291370899417, 54.99233310809359], [-1.8568491960177198, 54.99249480411527], [-1.8551695495843887, 54.99249480411527], [-1.8548896085121669, 54.99233310809359], [-1.8548896085121669, 54.99071614787681], [-1.8534899031510577, 54.98990766776842], [-1.852930021006614, 54.98990766776842], [-1.8520901977899484, 54.990392755833454], [-1.8520901977899484, 54.99136293196352], [-1.8526500799343921, 54.99168632400688], [-1.8526500799343921, 54.992009716050234], [-1.8518102567177266, 54.99249480411527], [-1.851250374573283, 54.99249480411527], [-1.850970433501061, 54.992656500136945], [-1.850970433501061, 54.9929798921803], [-1.8501306102843955, 54.993464980245335], [-1.8484509638510644, 54.993464980245335], [-1.8481710227788426, 54.99362667626701], [-1.8481710227788426, 54.994273460353725], [-1.8478910817066208, 54.9944351563754], [-1.8462114352732897, 54.9944351563754], [-1.8459314942010678, 54.994273460353725], [-1.8459314942010678, 54.9929798921803], [-1.8453716120566241, 54.992656500136945], [-1.8453716120566241, 54.99168632400688], [-1.8445317888399586, 54.991201235941844], [-1.843971906695515, 54.991201235941844], [-1.843691965623293, 54.99136293196352], [-1.843691965623293, 54.99459685239708], [-1.8431320834788494, 54.994920244440436], [-1.8431320834788494, 54.995890420570504], [-1.843691965623293, 54.99621381261386], [-1.843691965623293, 54.996537204657216], [-1.8442518477677368, 54.99686059670057], [-1.8442518477677368, 54.99718398874393], [-1.8431320834788494, 54.99783077283064], [-1.843691965623293, 54.998154164873995], [-1.843691965623293, 54.99847755691735], [-1.8442518477677368, 54.99880094896071], [-1.8431320834788494, 54.99944773304742], [-1.8431320834788494, 54.999771125090774], [-1.842012319189962, 55.000417909177486], [-1.842012319189962, 55.0010646932642], [-1.8422922602621838, 55.001226389285875], [-1.8434120245510712, 55.001226389285875], [-1.8442518477677368, 55.00171147735091], [-1.8442518477677368, 55.00235826143762], [-1.8445317888399586, 55.0025199574593], [-1.845651553128846, 55.0025199574593], [-1.8464913763455115, 55.00300504552433], [-1.8464913763455115, 55.00332843756769], [-1.8470512584899552, 55.003651829611044], [-1.8470512584899552, 55.0039752216544], [-1.8464913763455115, 55.004298613697756], [-1.8464913763455115, 55.00462200574111], [-1.845651553128846, 55.005107093806146], [-1.8434120245510712, 55.005107093806146], [-1.8425722013344057, 55.00462200574111], [-1.8425722013344057, 55.004298613697756], [-1.8422922602621838, 55.00413691767608], [-1.8417323781177402, 55.00413691767608], [-1.8414524370455183, 55.004298613697756], [-1.8414524370455183, 55.00494539778447], [-1.8408925549010746, 55.005268789827824], [-1.8408925549010746, 55.005915573914535], [-1.8414524370455183, 55.00623896595789], [-1.8414524370455183, 55.0068857500446], [-1.8406126138288528, 55.00737083810964], [-1.840052731684409, 55.00737083810964], [-1.8397727906121872, 55.007532534131315], [-1.8408925549010746, 55.008179318218026], [-1.8408925549010746, 55.00882610230474], [-1.840332672756631, 55.009149494348094], [-1.8414524370455183, 55.009796278434806], [-1.8414524370455183, 55.01044306252152], [-1.8406126138288528, 55.01092815058655], [-1.840052731684409, 55.01092815058655], [-1.8392129084677435, 55.01044306252152], [-1.8392129084677435, 55.009796278434806], [-1.8380931441788562, 55.009149494348094], [-1.8380931441788562, 55.00850271026138], [-1.836413497745525, 55.007532534131315], [-1.836413497745525, 55.00656235800125], [-1.8372533209621906, 55.00607726993621], [-1.8378132031066343, 55.00607726993621], [-1.8380931441788562, 55.005915573914535], [-1.8380931441788562, 55.00559218187118], [-1.838373085251078, 55.0054304858495], [-1.8394928495399654, 55.0054304858495], [-1.8397727906121872, 55.005268789827824], [-1.8394928495399654, 55.005107093806146], [-1.8378132031066343, 55.005107093806146], [-1.8372533209621906, 55.0054304858495], [-1.8350137923844159, 55.0054304858495], [-1.8338940280955285, 55.00478370176279], [-1.8333341459510848, 55.00478370176279], [-1.832774263806641, 55.005107093806146], [-1.8322143816621974, 55.005107093806146], [-1.8316544995177537, 55.0054304858495], [-1.8299748530844226, 55.0054304858495], [-1.829414970939979, 55.005107093806146], [-1.8288550887955353, 55.005107093806146], [-1.8282952066510916, 55.00478370176279], [-1.8266155602177605, 55.00478370176279], [-1.8263356191455387, 55.00494539778447], [-1.827455383434426, 55.00559218187118], [-1.8252158548566513, 55.0068857500446], [-1.825775737001095, 55.00720914208796], [-1.825775737001095, 55.008179318218026], [-1.8254957959288731, 55.008341014239704], [-1.8249359137844294, 55.008341014239704], [-1.8246559727122076, 55.00850271026138], [-1.8252158548566513, 55.00882610230474], [-1.8252158548566513, 55.009149494348094], [-1.825775737001095, 55.00947288639145], [-1.825775737001095, 55.009796278434806], [-1.8246559727122076, 55.01044306252152], [-1.825775737001095, 55.01108984660823], [-1.825775737001095, 55.011413238651585], [-1.8246559727122076, 55.0120600227383], [-1.8246559727122076, 55.01238341478165], [-1.825775737001095, 55.013030198868364], [-1.825775737001095, 55.01400037499843], [-1.8260556780733168, 55.01416207102011], [-1.8266155602177605, 55.01416207102011], [-1.8268955012899823, 55.01432376704179], [-1.8268955012899823, 55.01561733521521], [-1.8266155602177605, 55.01577903123689], [-1.8260556780733168, 55.01577903123689], [-1.825775737001095, 55.01594072725857], [-1.825775737001095, 55.01658751134528], [-1.8249359137844294, 55.01707259941031], [-1.823816149495542, 55.01707259941031], [-1.8229763262788765, 55.01658751134528], [-1.8229763262788765, 55.01594072725857], [-1.823816149495542, 55.01545563919353], [-1.8243760316399857, 55.01545563919353], [-1.8246559727122076, 55.015293943171855], [-1.823816149495542, 55.01480885510682], [-1.8232562673510984, 55.01480885510682], [-1.8224164441344328, 55.01432376704179], [-1.8224164441344328, 55.01335359091172], [-1.8229763262788765, 55.013030198868364], [-1.8226963852066547, 55.012868502846686], [-1.82045685662888, 55.012868502846686], [-1.8196170334122144, 55.01238341478165], [-1.8196170334122144, 55.01108984660823], [-1.82045685662888, 55.010604758543195], [-1.8215766209177673, 55.010604758543195], [-1.8218565619899891, 55.01044306252152], [-1.820176915556658, 55.00947288639145], [-1.820176915556658, 55.00882610230474], [-1.8207367977011018, 55.00850271026138], [-1.8196170334122144, 55.00785592617467], [-1.8196170334122144, 55.00656235800125], [-1.8212966798455454, 55.00559218187118], [-1.8212966798455454, 55.005268789827824], [-1.8207367977011018, 55.00494539778447], [-1.8207367977011018, 55.00462200574111], [-1.82045685662888, 55.004460309719434], [-1.8198969744844362, 55.004460309719434], [-1.8193370923399925, 55.00413691767608], [-1.8187772101955488, 55.00413691767608], [-1.8182173280511051, 55.00381352563272], [-1.8176574459066615, 55.00381352563272], [-1.8170975637622178, 55.00413691767608], [-1.816537681617774, 55.00413691767608], [-1.8159777994733304, 55.00381352563272], [-1.814858035184443, 55.00381352563272], [-1.8137382708955556, 55.00316674154601], [-1.8126185066066682, 55.00316674154601], [-1.8123385655344464, 55.00332843756769], [-1.8137382708955556, 55.00413691767608], [-1.8142981530399993, 55.00413691767608], [-1.8151379762566648, 55.00462200574111], [-1.8151379762566648, 55.00494539778447], [-1.8156978584011085, 55.005268789827824], [-1.8156978584011085, 55.00559218187118], [-1.8162577405455522, 55.005915573914535], [-1.8162577405455522, 55.00656235800125], [-1.8156978584011085, 55.0068857500446], [-1.8156978584011085, 55.007532534131315], [-1.8137382708955556, 55.00866440628306], [-1.813178388751112, 55.00866440628306], [-1.8126185066066682, 55.008987798326416], [-1.809259213740006, 55.008987798326416], [-1.8086993315955624, 55.00866440628306], [-1.807579567306675, 55.00866440628306], [-1.8064598030177876, 55.00801762219635], [-1.805899920873344, 55.00801762219635], [-1.805619979801122, 55.00785592617467], [-1.805619979801122, 55.007532534131315], [-1.8050600976566784, 55.00720914208796], [-1.8050600976566784, 55.00623896595789], [-1.8047801565844566, 55.00607726993621], [-1.8042202744400129, 55.00607726993621], [-1.803940333367791, 55.005915573914535], [-1.803940333367791, 55.00494539778447], [-1.8045002155122347, 55.00462200574111], [-1.8045002155122347, 55.003651829611044], [-1.8042202744400129, 55.00349013358937], [-1.8025406280066818, 55.00349013358937], [-1.80226068693446, 55.003651829611044], [-1.80226068693446, 55.004298613697756], [-1.8028205690789036, 55.00462200574111], [-1.8028205690789036, 55.0068857500446], [-1.8025406280066818, 55.00704744606628], [-1.801980745862238, 55.00704744606628], [-1.8014208637177944, 55.00737083810964], [-1.8011409226455726, 55.00720914208796], [-1.8011409226455726, 55.00623896595789], [-1.8005810405011289, 55.005915573914535], [-1.8005810405011289, 55.004298613697756], [-1.800301099428907, 55.00413691767608], [-1.7980615708511323, 55.00413691767608], [-1.7977816297789104, 55.004298613697756], [-1.7977816297789104, 55.005915573914535], [-1.7983415119233541, 55.00623896595789], [-1.7983415119233541, 55.00720914208796], [-1.8017008047900163, 55.009149494348094], [-1.8017008047900163, 55.009796278434806], [-1.80226068693446, 55.01011967047816], [-1.80226068693446, 55.01044306252152], [-1.8017008047900163, 55.01076645456487], [-1.8017008047900163, 55.0120600227383], [-1.8011409226455726, 55.01238341478165], [-1.8011409226455726, 55.01270680682501], [-1.8005810405011289, 55.013030198868364], [-1.8005810405011289, 55.01335359091172], [-1.8000211583566852, 55.013676982955076], [-1.8000211583566852, 55.01432376704179], [-1.7994612762122415, 55.01464715908514], [-1.7994612762122415, 55.015293943171855], [-1.7989013940677978, 55.01561733521521], [-1.7989013940677978, 55.01594072725857], [-1.7991813351400197, 55.016102423280245], [-1.7997412172844633, 55.016102423280245], [-1.8008609815733507, 55.01545563919353], [-1.801980745862238, 55.01545563919353], [-1.8025406280066818, 55.01577903123689], [-1.8042202744400129, 55.01577903123689], [-1.8047801565844566, 55.01545563919353], [-1.8081394494511187, 55.01545563919353], [-1.8086993315955624, 55.01577903123689], [-1.8098190958844498, 55.01577903123689], [-1.8103789780288935, 55.01545563919353], [-1.8120586244622245, 55.01545563919353], [-1.8126185066066682, 55.01577903123689], [-1.813178388751112, 55.01577903123689], [-1.8142981530399993, 55.0164258153236], [-1.814858035184443, 55.0164258153236], [-1.8159777994733304, 55.01577903123689], [-1.816537681617774, 55.01577903123689], [-1.8170975637622178, 55.01545563919353], [-1.8176574459066615, 55.01545563919353], [-1.8182173280511051, 55.01577903123689], [-1.8187772101955488, 55.01577903123689], [-1.820176915556658, 55.01658751134528], [-1.8196170334122144, 55.016910903388634], [-1.8196170334122144, 55.01723429543199], [-1.8198969744844362, 55.01739599145367], [-1.82045685662888, 55.01739599145367], [-1.8210167387733236, 55.01707259941031], [-1.8226963852066547, 55.01707259941031], [-1.8235362084233202, 55.017557687475346], [-1.8235362084233202, 55.0178810795187], [-1.823816149495542, 55.01804277554038], [-1.8249359137844294, 55.01804277554038], [-1.825775737001095, 55.018527863605414], [-1.825775737001095, 55.01885125564877], [-1.8260556780733168, 55.01901295167045], [-1.8266155602177605, 55.01868955962709], [-1.8282952066510916, 55.01868955962709], [-1.8291350298677571, 55.019174647692125], [-1.8291350298677571, 55.02014482382219], [-1.8282952066510916, 55.02062991188723], [-1.8260556780733168, 55.02062991188723], [-1.8249359137844294, 55.02127669597394], [-1.8232562673510984, 55.02127669597394], [-1.8229763262788765, 55.02111499995226], [-1.8229763262788765, 55.01982143177884], [-1.8226963852066547, 55.01965973575716], [-1.8210167387733236, 55.01965973575716], [-1.8193370923399925, 55.01868955962709], [-1.816537681617774, 55.01868955962709], [-1.8159777994733304, 55.018366167583736], [-1.8154179173288867, 55.018366167583736], [-1.814858035184443, 55.01804277554038], [-1.8126185066066682, 55.0193363437138], [-1.8098190958844498, 55.0193363437138], [-1.809539154812228, 55.01949803973548], [-1.809539154812228, 55.01982143177884], [-1.8078595083788969, 55.020791607908905], [-1.8081394494511187, 55.02095330393058], [-1.8086993315955624, 55.02095330393058], [-1.809539154812228, 55.021438391995616], [-1.809539154812228, 55.02273196016904], [-1.8086993315955624, 55.02321704823407], [-1.807579567306675, 55.02321704823407], [-1.8061798619455658, 55.022408568125684], [-1.8061798619455658, 55.021438391995616], [-1.8042202744400129, 55.02030651984387], [-1.803940333367791, 55.02046821586555], [-1.803940333367791, 55.021438391995616], [-1.8025406280066818, 55.022246872104006], [-1.801980745862238, 55.022246872104006], [-1.8014208637177944, 55.02257026414736], [-1.7980615708511323, 55.02257026414736], [-1.7975016887066886, 55.022246872104006], [-1.796941806562245, 55.022246872104006], [-1.796661865490023, 55.022408568125684], [-1.796661865490023, 55.023055352212396], [-1.7958220422733575, 55.02354044027743], [-1.7935825136955827, 55.02354044027743], [-1.793302572623361, 55.02370213629911], [-1.793302572623361, 55.02402552834246], [-1.7927426904789172, 55.02434892038582], [-1.793022631551139, 55.0245106164075], [-1.7941423958400264, 55.0245106164075], [-1.7947022779844701, 55.02483400845085], [-1.7963819244178012, 55.02483400845085], [-1.796941806562245, 55.02515740049421], [-1.7980615708511323, 55.02515740049421], [-1.798621452995576, 55.025480792537564], [-1.7991813351400197, 55.025480792537564], [-1.8000211583566852, 55.0259658806026], [-1.7994612762122415, 55.026289272645954], [-1.7994612762122415, 55.02661266468931], [-1.7989013940677978, 55.026936056732666], [-1.7989013940677978, 55.02725944877602], [-1.7991813351400197, 55.0274211447977], [-1.800301099428907, 55.0274211447977], [-1.8011409226455726, 55.02790623286273], [-1.8011409226455726, 55.0288764089928], [-1.8014208637177944, 55.02903810501448], [-1.801980745862238, 55.02903810501448], [-1.8025406280066818, 55.029361497057835], [-1.8031005101511255, 55.029361497057835], [-1.8033804512233473, 55.02952319307951], [-1.8033804512233473, 55.030169977166224], [-1.8036603922955692, 55.0303316731879], [-1.8047801565844566, 55.0303316731879], [-1.805619979801122, 55.030816761252936], [-1.805619979801122, 55.03114015329629], [-1.805899920873344, 55.03130184931797], [-1.8064598030177876, 55.03130184931797], [-1.807579567306675, 55.03194863340468], [-1.8081394494511187, 55.03194863340468], [-1.8089792726677842, 55.032433721469715], [-1.8089792726677842, 55.03275711351307], [-1.8084193905233406, 55.03308050555643], [-1.8084193905233406, 55.03340389759978], [-1.8086993315955624, 55.03356559362146], [-1.8103789780288935, 55.03356559362146], [-1.8106589191011153, 55.03372728964314], [-1.8106589191011153, 55.034050681686494], [-1.8114987423177809, 55.03453576975153], [-1.8117786833900027, 55.03437407372985], [-1.8117786833900027, 55.03372728964314], [-1.8126185066066682, 55.033242201578105], [-1.8137382708955556, 55.033242201578105], [-1.8140182119677775, 55.03340389759978], [-1.8140182119677775, 55.034697465773206], [-1.8137382708955556, 55.034859161794884], [-1.8126185066066682, 55.034859161794884], [-1.8120586244622245, 55.03453576975153], [-1.8117786833900027, 55.034697465773206], [-1.8117786833900027, 55.035667641903274], [-1.8109388601733372, 55.03615272996831], [-1.8086993315955624, 55.03615272996831], [-1.8078595083788969, 55.035667641903274], [-1.8078595083788969, 55.03534424985992], [-1.8072996262344532, 55.03502085781656], [-1.8078595083788969, 55.034697465773206], [-1.807579567306675, 55.03453576975153], [-1.805899920873344, 55.03453576975153], [-1.8053400387289003, 55.03421237770817], [-1.8042202744400129, 55.03421237770817], [-1.803940333367791, 55.034050681686494], [-1.803940333367791, 55.03372728964314], [-1.8036603922955692, 55.03356559362146], [-1.8025406280066818, 55.03356559362146], [-1.8008609815733507, 55.03259541749139], [-1.800301099428907, 55.03259541749139], [-1.7997412172844633, 55.03227202544804], [-1.7958220422733575, 55.03227202544804], [-1.7952621601289138, 55.03194863340468], [-1.793022631551139, 55.03194863340468], [-1.7924627494066954, 55.03227202544804], [-1.791342985117808, 55.03227202544804], [-1.7907831029733643, 55.03194863340468], [-1.7905031619011424, 55.03211032942636], [-1.7905031619011424, 55.032433721469715], [-1.7902232208289206, 55.03259541749139], [-1.7885435743955895, 55.03259541749139], [-1.7879836922511458, 55.03291880953475], [-1.7863040458178148, 55.03291880953475], [-1.7854642226011492, 55.032433721469715], [-1.7854642226011492, 55.03211032942636], [-1.7843444583122618, 55.03146354533965], [-1.7843444583122618, 55.03114015329629], [-1.7837845761678182, 55.030816761252936], [-1.7837845761678182, 55.03049336920958], [-1.7843444583122618, 55.030169977166224], [-1.7843444583122618, 55.02984658512287], [-1.78406451724004, 55.02968488910119], [-1.7829447529511526, 55.02968488910119], [-1.7826648118789308, 55.02952319307951], [-1.7826648118789308, 55.028553016949445], [-1.7832246940233745, 55.02822962490609], [-1.7832246940233745, 55.02790623286273], [-1.78406451724004, 55.0274211447977], [-1.7846243993844837, 55.0274211447977], [-1.7851842815289274, 55.027097752754344], [-1.7863040458178148, 55.027097752754344], [-1.7865839868900366, 55.026936056732666], [-1.7865839868900366, 55.026289272645954], [-1.785744163673371, 55.02580418458092], [-1.7846243993844837, 55.02580418458092], [-1.78406451724004, 55.026127576624276], [-1.7829447529511526, 55.026127576624276], [-1.7826648118789308, 55.026289272645954], [-1.7826648118789308, 55.02725944877602], [-1.782104929734487, 55.02758284081938], [-1.782104929734487, 55.02822962490609], [-1.7815450475900434, 55.028553016949445], [-1.7815450475900434, 55.0288764089928], [-1.782104929734487, 55.02919980103616], [-1.782104929734487, 55.03340389759978], [-1.7826648118789308, 55.03372728964314], [-1.7826648118789308, 55.034050681686494], [-1.7832246940233745, 55.03437407372985], [-1.7832246940233745, 55.03502085781656], [-1.7837845761678182, 55.03534424985992], [-1.7837845761678182, 55.036314425989985], [-1.7843444583122618, 55.03663781803334], [-1.7843444583122618, 55.03760799416341], [-1.7832246940233745, 55.03825477825012], [-1.7843444583122618, 55.03890156233683], [-1.7843444583122618, 55.040195130510256], [-1.7849043404567055, 55.04051852255361], [-1.7849043404567055, 55.04116530664032], [-1.7843444583122618, 55.04148869868368], [-1.7843444583122618, 55.04439922707388], [-1.7837845761678182, 55.04472261911724], [-1.7837845761678182, 55.04504601116059], [-1.78406451724004, 55.04520770718227], [-1.7846243993844837, 55.04520770718227], [-1.7851842815289274, 55.044884315138916], [-1.791342985117808, 55.044884315138916], [-1.7919028672622517, 55.04456092309556], [-1.7952621601289138, 55.04456092309556], [-1.7955421012011357, 55.04439922707388], [-1.7955421012011357, 55.043429050943814], [-1.7975016887066886, 55.04229717879207], [-1.8008609815733507, 55.04229717879207], [-1.8028205690789036, 55.043429050943814], [-1.8028205690789036, 55.04375244298717], [-1.8033804512233473, 55.044075835030526], [-1.8033804512233473, 55.04472261911724], [-1.8036603922955692, 55.044884315138916], [-1.8086993315955624, 55.044884315138916], [-1.809259213740006, 55.04456092309556], [-1.8109388601733372, 55.04456092309556], [-1.811218801245559, 55.04439922707388], [-1.811218801245559, 55.04213548277039], [-1.8106589191011153, 55.041812090727035], [-1.8106589191011153, 55.04148869868368], [-1.811218801245559, 55.04116530664032], [-1.811218801245559, 55.04084191459697], [-1.8106589191011153, 55.04051852255361], [-1.8106589191011153, 55.0398717384669], [-1.811218801245559, 55.039548346423544], [-1.811218801245559, 55.03922495438019], [-1.8117786833900027, 55.03890156233683], [-1.8117786833900027, 55.03825477825012], [-1.811218801245559, 55.037931386206765], [-1.811218801245559, 55.03760799416341], [-1.8106589191011153, 55.03728460212005], [-1.8106589191011153, 55.0369612100767], [-1.8120586244622245, 55.03615272996831], [-1.813178388751112, 55.03615272996831], [-1.8145780941122212, 55.0369612100767], [-1.8145780941122212, 55.03728460212005], [-1.8151379762566648, 55.03760799416341], [-1.8151379762566648, 55.038578170293476], [-1.8145780941122212, 55.03890156233683], [-1.8145780941122212, 55.039548346423544], [-1.814858035184443, 55.03971004244522], [-1.8154179173288867, 55.03971004244522], [-1.8156978584011085, 55.039548346423544], [-1.8156978584011085, 55.03922495438019], [-1.8159777994733304, 55.03906325835851], [-1.8170975637622178, 55.03906325835851], [-1.8173775048344396, 55.03922495438019], [-1.8173775048344396, 55.039548346423544], [-1.8176574459066615, 55.03971004244522], [-1.8182173280511051, 55.03971004244522], [-1.8190571512677707, 55.040195130510256], [-1.8190571512677707, 55.04116530664032], [-1.8182173280511051, 55.04165039470536], [-1.8176574459066615, 55.04165039470536], [-1.8173775048344396, 55.041812090727035], [-1.8182173280511051, 55.04229717879207], [-1.8187772101955488, 55.04229717879207], [-1.8190571512677707, 55.04213548277039], [-1.8190571512677707, 55.041812090727035], [-1.8198969744844362, 55.041327002662], [-1.8215766209177673, 55.041327002662], [-1.822136503062211, 55.04165039470536], [-1.8226963852066547, 55.04165039470536], [-1.8229763262788765, 55.041812090727035], [-1.8229763262788765, 55.04310565890046], [-1.8224164441344328, 55.043429050943814], [-1.8224164441344328, 55.04375244298717], [-1.8229763262788765, 55.044075835030526], [-1.8229763262788765, 55.04504601116059], [-1.8226963852066547, 55.04520770718227], [-1.8210167387733236, 55.04520770718227], [-1.820176915556658, 55.04472261911724], [-1.820176915556658, 55.04439922707388], [-1.8207367977011018, 55.044075835030526], [-1.82045685662888, 55.04391413900885], [-1.8198969744844362, 55.04391413900885], [-1.8193370923399925, 55.04359074696549], [-1.8187772101955488, 55.04359074696549], [-1.8182173280511051, 55.04391413900885], [-1.8170975637622178, 55.04391413900885], [-1.8162577405455522, 55.04439922707388], [-1.8162577405455522, 55.04472261911724], [-1.818497269123327, 55.04601618729066], [-1.8173775048344396, 55.04666297137737], [-1.8173775048344396, 55.047309755464084], [-1.8190571512677707, 55.04827993159415], [-1.818497269123327, 55.04860332363751], [-1.818497269123327, 55.048926715680864], [-1.8187772101955488, 55.04908841170254], [-1.8193370923399925, 55.04908841170254], [-1.8198969744844362, 55.048765019659186], [-1.8215766209177673, 55.048765019659186], [-1.8224164441344328, 55.04925010772422], [-1.8224164441344328, 55.049573499767575], [-1.8229763262788765, 55.04989689181093], [-1.8229763262788765, 55.050867067941], [-1.822136503062211, 55.05135215600603], [-1.8215766209177673, 55.05135215600603], [-1.8210167387733236, 55.05167554804939], [-1.82045685662888, 55.05167554804939], [-1.8198969744844362, 55.05135215600603], [-1.8176574459066615, 55.05135215600603], [-1.8170975637622178, 55.05167554804939], [-1.8159777994733304, 55.05167554804939], [-1.8154179173288867, 55.05135215600603], [-1.8137382708955556, 55.05135215600603], [-1.81289844767889, 55.050867067941], [-1.81289844767889, 55.05022028385429], [-1.8123385655344464, 55.04989689181093], [-1.8123385655344464, 55.049573499767575], [-1.8120586244622245, 55.0494118037459], [-1.8114987423177809, 55.04973519578925], [-1.8086993315955624, 55.04973519578925], [-1.807579567306675, 55.050381979875965], [-1.8042202744400129, 55.050381979875965], [-1.8036603922955692, 55.05005858783261], [-1.8014208637177944, 55.05005858783261], [-1.800301099428907, 55.05070537191932], [-1.7963819244178012, 55.05070537191932], [-1.7952621601289138, 55.05135215600603], [-1.7919028672622517, 55.05135215600603], [-1.7916229261900298, 55.05151385202771], [-1.7916229261900298, 55.051837244071066], [-1.791342985117808, 55.051998940092744], [-1.7885435743955895, 55.051998940092744], [-1.7874238101067021, 55.052645724179456], [-1.7863040458178148, 55.052645724179456], [-1.786024104745593, 55.052807420201134], [-1.786024104745593, 55.053454204287846], [-1.785744163673371, 55.053615900309524], [-1.7851842815289274, 55.053615900309524], [-1.7846243993844837, 55.05393929235288], [-1.7829447529511526, 55.05393929235288], [-1.7826648118789308, 55.05410098837456], [-1.7826648118789308, 55.05474777246127], [-1.782384870806709, 55.05490946848295], [-1.7801453422289342, 55.05490946848295], [-1.7798654011567123, 55.055071164504625], [-1.7801453422289342, 55.0552328605263], [-1.7812651065178216, 55.0552328605263], [-1.7815450475900434, 55.05539455654798], [-1.7815450475900434, 55.05571794859134], [-1.7818249886622652, 55.055879644613015], [-1.782384870806709, 55.055879644613015], [-1.7826648118789308, 55.05604134063469], [-1.7826648118789308, 55.05636473267805], [-1.7829447529511526, 55.056526428699726], [-1.7846243993844837, 55.056526428699726], [-1.7851842815289274, 55.05620303665637], [-1.7868639279622585, 55.05620303665637], [-1.7874238101067021, 55.055879644613015], [-1.7879836922511458, 55.055879644613015], [-1.7885435743955895, 55.05620303665637], [-1.789663338684477, 55.05620303665637], [-1.7899432797566988, 55.05636473267805], [-1.7899432797566988, 55.056688124721404], [-1.7902232208289206, 55.05684982074308], [-1.7924627494066954, 55.05684982074308], [-1.793022631551139, 55.05717321278644], [-1.7947022779844701, 55.05717321278644], [-1.7955421012011357, 55.05765830085147], [-1.7955421012011357, 55.05830508493818], [-1.7958220422733575, 55.05846678095986], [-1.7980615708511323, 55.05846678095986], [-1.798621452995576, 55.05879017300322], [-1.7991813351400197, 55.05879017300322], [-1.8000211583566852, 55.05927526106825], [-1.7994612762122415, 55.05959865311161], [-1.7994612762122415, 55.060568829241674], [-1.7997412172844633, 55.06073052526335], [-1.8014208637177944, 55.06073052526335], [-1.80226068693446, 55.061215613328386], [-1.80226068693446, 55.06153900537174], [-1.8025406280066818, 55.06170070139342], [-1.8031005101511255, 55.06170070139342], [-1.8036603922955692, 55.061377309350064], [-1.8053400387289003, 55.061377309350064], [-1.8061798619455658, 55.0618623974151], [-1.8061798619455658, 55.062185789458454], [-1.8064598030177876, 55.06234748548013], [-1.807579567306675, 55.06234748548013], [-1.8081394494511187, 55.06267087752349], [-1.8086993315955624, 55.06267087752349], [-1.809259213740006, 55.06299426956684], [-1.8103789780288935, 55.06234748548013], [-1.8126185066066682, 55.06234748548013], [-1.8134583298233338, 55.062832573545165], [-1.8134583298233338, 55.064449533761945], [-1.813178388751112, 55.06461122978362], [-1.8126185066066682, 55.06461122978362], [-1.8120586244622245, 55.06493462182698], [-1.8109388601733372, 55.06493462182698], [-1.8103789780288935, 55.06461122978362], [-1.8098190958844498, 55.06461122978362], [-1.809539154812228, 55.0647729258053], [-1.809539154812228, 55.065096317848656], [-1.8089792726677842, 55.06541970989201], [-1.809539154812228, 55.06574310193537], [-1.809539154812228, 55.06638988602208], [-1.8084193905233406, 55.06703667010879], [-1.8086993315955624, 55.06719836613047], [-1.809259213740006, 55.06719836613047], [-1.8106589191011153, 55.06800684623886], [-1.8106589191011153, 55.06897702236893], [-1.809259213740006, 55.069785502477316], [-1.8081394494511187, 55.069785502477316], [-1.8067397440900095, 55.06897702236893], [-1.8067397440900095, 55.068330238282215], [-1.8072996262344532, 55.06800684623886], [-1.8070196851622313, 55.06784515021718], [-1.805899920873344, 55.06784515021718], [-1.8045002155122347, 55.06703667010879], [-1.8045002155122347, 55.066066493978724], [-1.8042202744400129, 55.065904797957046], [-1.8036603922955692, 55.065904797957046], [-1.8033804512233473, 55.06574310193537], [-1.8033804512233473, 55.06541970989201], [-1.8031005101511255, 55.065258013870334], [-1.798621452995576, 55.065258013870334], [-1.7980615708511323, 55.06493462182698], [-1.7975016887066886, 55.06493462182698], [-1.7972217476344667, 55.0647729258053], [-1.7972217476344667, 55.06412614171859], [-1.796941806562245, 55.06396444569691], [-1.7958220422733575, 55.06396444569691], [-1.7955421012011357, 55.06412614171859], [-1.7955421012011357, 55.064449533761945], [-1.7961019833455794, 55.0647729258053], [-1.7961019833455794, 55.065096317848656], [-1.7958220422733575, 55.065258013870334], [-1.7952621601289138, 55.065258013870334], [-1.7947022779844701, 55.06558140591369], [-1.7941423958400264, 55.06558140591369], [-1.7938624547678046, 55.06574310193537], [-1.7941423958400264, 55.065904797957046], [-1.7980615708511323, 55.065904797957046], [-1.798621452995576, 55.0662281900004], [-1.7991813351400197, 55.0662281900004], [-1.8011409226455726, 55.06736006215215], [-1.8011409226455726, 55.0676834541955], [-1.8017008047900163, 55.06800684623886], [-1.8017008047900163, 55.069947198498994], [-1.8011409226455726, 55.07027059054235], [-1.8011409226455726, 55.070593982585706], [-1.7994612762122415, 55.07156415871577], [-1.8000211583566852, 55.07188755075913], [-1.7994612762122415, 55.072210942802485], [-1.7997412172844633, 55.07237263882416], [-1.800301099428907, 55.07237263882416], [-1.8005810405011289, 55.07253433484584], [-1.8005810405011289, 55.07318111893255], [-1.8008609815733507, 55.07334281495423], [-1.8014208637177944, 55.07334281495423], [-1.8017008047900163, 55.07350451097591], [-1.8017008047900163, 55.07415129506262], [-1.80226068693446, 55.074474687105976], [-1.80226068693446, 55.07512147119269], [-1.8025406280066818, 55.075283167214366], [-1.8036603922955692, 55.075283167214366], [-1.8042202744400129, 55.07495977517101], [-1.8047801565844566, 55.07495977517101], [-1.8053400387289003, 55.075283167214366], [-1.8070196851622313, 55.075283167214366], [-1.807579567306675, 55.07495977517101], [-1.8081394494511187, 55.07495977517101], [-1.8086993315955624, 55.074636383127654], [-1.8109388601733372, 55.074636383127654], [-1.8126185066066682, 55.073666206997586], [-1.813178388751112, 55.073666206997586], [-1.8134583298233338, 55.07350451097591], [-1.8134583298233338, 55.07253433484584], [-1.8137382708955556, 55.07237263882416], [-1.8142981530399993, 55.07237263882416], [-1.8145780941122212, 55.072210942802485], [-1.8145780941122212, 55.07124076667242], [-1.814858035184443, 55.07107907065074], [-1.816537681617774, 55.07107907065074], [-1.816817622689996, 55.07091737462906], [-1.816817622689996, 55.070593982585706], [-1.8176574459066615, 55.07010889452067], [-1.8182173280511051, 55.07010889452067], [-1.8190571512677707, 55.070593982585706], [-1.8190571512677707, 55.072210942802485], [-1.8187772101955488, 55.07237263882416], [-1.8182173280511051, 55.07237263882416], [-1.8179373869788833, 55.07253433484584], [-1.8179373869788833, 55.0728577268892], [-1.818497269123327, 55.07318111893255], [-1.818497269123327, 55.07350451097591], [-1.816817622689996, 55.074474687105976], [-1.816817622689996, 55.07479807914933], [-1.8173775048344396, 55.07512147119269], [-1.8173775048344396, 55.075444863236044], [-1.816537681617774, 55.07592995130108], [-1.8159777994733304, 55.07592995130108], [-1.8154179173288867, 55.07625334334443], [-1.814858035184443, 55.07625334334443], [-1.8145780941122212, 55.07641503936611], [-1.8151379762566648, 55.07673843140947], [-1.814858035184443, 55.076900127431145], [-1.8126185066066682, 55.076900127431145], [-1.8123385655344464, 55.07706182345282], [-1.8123385655344464, 55.077708607539535], [-1.8114987423177809, 55.07819369560457], [-1.8081394494511187, 55.07819369560457], [-1.8078595083788969, 55.078355391626246], [-1.8078595083788969, 55.0786787836696], [-1.809539154812228, 55.07964895979967], [-1.809539154812228, 55.079972351843026], [-1.8084193905233406, 55.08061913592974], [-1.8086993315955624, 55.080780831951415], [-1.8098190958844498, 55.080780831951415], [-1.811218801245559, 55.081589312059805], [-1.811218801245559, 55.08288288023323], [-1.8114987423177809, 55.083044576254906], [-1.8126185066066682, 55.082397792168194], [-1.813178388751112, 55.082397792168194], [-1.8137382708955556, 55.08207440012484], [-1.8193370923399925, 55.08207440012484], [-1.820176915556658, 55.08255948818987], [-1.820176915556658, 55.083853056363296], [-1.8187772101955488, 55.084661536471685], [-1.8176574459066615, 55.084661536471685], [-1.816537681617774, 55.0853083205584], [-1.8142981530399993, 55.0853083205584], [-1.8137382708955556, 55.08563171260175], [-1.813178388751112, 55.0853083205584], [-1.8126185066066682, 55.0853083205584], [-1.8120586244622245, 55.08498492851504], [-1.8117786833900027, 55.08514662453672], [-1.8117786833900027, 55.085470016580075], [-1.811218801245559, 55.08579340862343], [-1.811218801245559, 55.08611680066679], [-1.8114987423177809, 55.086278496688465], [-1.8120586244622245, 55.086278496688465], [-1.8123385655344464, 55.08644019271014], [-1.8123385655344464, 55.0867635847535], [-1.813178388751112, 55.08724867281853], [-1.8137382708955556, 55.08724867281853], [-1.8145780941122212, 55.087733760883566], [-1.8145780941122212, 55.08805715292692], [-1.8151379762566648, 55.08838054497028], [-1.8145780941122212, 55.08870393701363], [-1.8145780941122212, 55.08902732905699], [-1.8140182119677775, 55.089350721100345], [-1.8140182119677775, 55.0896741131437], [-1.8134583298233338, 55.08999750518706], [-1.8137382708955556, 55.090159201208735], [-1.8154179173288867, 55.090159201208735], [-1.8162577405455522, 55.09064428927377], [-1.8162577405455522, 55.091614465403836], [-1.8156978584011085, 55.09193785744719], [-1.8159777994733304, 55.09209955346887], [-1.816537681617774, 55.09209955346887], [-1.816817622689996, 55.09226124949055], [-1.816817622689996, 55.09290803357726], [-1.8162577405455522, 55.093231425620615], [-1.8162577405455522, 55.09355481766397], [-1.8159777994733304, 55.09371651368565], [-1.8154179173288867, 55.09371651368565], [-1.814858035184443, 55.094039905729005], [-1.8137382708955556, 55.094039905729005], [-1.8123385655344464, 55.093231425620615], [-1.8123385655344464, 55.09226124949055], [-1.81289844767889, 55.09193785744719], [-1.8126185066066682, 55.091776161425514], [-1.8120586244622245, 55.091776161425514], [-1.8114987423177809, 55.09145276938216], [-1.8109388601733372, 55.09145276938216], [-1.8106589191011153, 55.09129107336048], [-1.8106589191011153, 55.090967681317125], [-1.809539154812228, 55.09032089723041], [-1.809539154812228, 55.08999750518706], [-1.8084193905233406, 55.089350721100345], [-1.8084193905233406, 55.08902732905699], [-1.8078595083788969, 55.08870393701363], [-1.8078595083788969, 55.08838054497028], [-1.8089792726677842, 55.087733760883566], [-1.8089792726677842, 55.08741036884021], [-1.8086993315955624, 55.08724867281853], [-1.807579567306675, 55.08724867281853], [-1.8070196851622313, 55.086925280775176], [-1.805899920873344, 55.086925280775176], [-1.8053400387289003, 55.08724867281853], [-1.8031005101511255, 55.08724867281853], [-1.8017008047900163, 55.08644019271014], [-1.8017008047900163, 55.085470016580075], [-1.80226068693446, 55.08514662453672], [-1.80226068693446, 55.08482323249336], [-1.8025406280066818, 55.084661536471685], [-1.8031005101511255, 55.084661536471685], [-1.8036603922955692, 55.08433814442833], [-1.8047801565844566, 55.08433814442833], [-1.8053400387289003, 55.084661536471685], [-1.805899920873344, 55.084661536471685], [-1.8061798619455658, 55.08449984045001], [-1.8061798619455658, 55.08417644840665], [-1.805619979801122, 55.083853056363296], [-1.805619979801122, 55.083206272276584], [-1.8053400387289003, 55.083044576254906], [-1.8047801565844566, 55.083044576254906], [-1.8028205690789036, 55.08191270410316], [-1.8028205690789036, 55.081589312059805], [-1.801980745862238, 55.08110422399477], [-1.8008609815733507, 55.08110422399477], [-1.8000211583566852, 55.08061913592974], [-1.8000211583566852, 55.079972351843026], [-1.7997412172844633, 55.07981065582135], [-1.7980615708511323, 55.07981065582135], [-1.7977816297789104, 55.07964895979967], [-1.7977816297789104, 55.079325567756314], [-1.796941806562245, 55.07884047969128], [-1.7963819244178012, 55.079163871734636], [-1.7958220422733575, 55.079163871734636], [-1.7952621601289138, 55.07948726377799], [-1.7924627494066954, 55.07948726377799], [-1.791342985117808, 55.07884047969128], [-1.7907831029733643, 55.079163871734636], [-1.7868639279622585, 55.079163871734636], [-1.7863040458178148, 55.07948726377799], [-1.7835046350955963, 55.07948726377799], [-1.7829447529511526, 55.079163871734636], [-1.7818249886622652, 55.07981065582135], [-1.7801453422289342, 55.07981065582135], [-1.7795854600844905, 55.0801340478647], [-1.7773459315067157, 55.0801340478647], [-1.7770659904344939, 55.079972351843026], [-1.7770659904344939, 55.07900217571296], [-1.7781857547233813, 55.078355391626246], [-1.7781857547233813, 55.07803199958289], [-1.778465695795603, 55.07787030356121], [-1.7790255779400468, 55.07787030356121], [-1.7793055190122686, 55.077708607539535], [-1.778745636867825, 55.07738521549618], [-1.778745636867825, 55.07706182345282], [-1.7790255779400468, 55.076900127431145], [-1.7795854600844905, 55.076900127431145], [-1.7801453422289342, 55.07657673538779], [-1.7807052243733779, 55.076900127431145], [-1.7812651065178216, 55.076900127431145], [-1.7815450475900434, 55.07706182345282], [-1.7815450475900434, 55.07738521549618], [-1.7809851654455997, 55.077708607539535], [-1.7812651065178216, 55.07787030356121], [-1.782384870806709, 55.07787030356121], [-1.7826648118789308, 55.077708607539535], [-1.7826648118789308, 55.07673843140947], [-1.7829447529511526, 55.07657673538779], [-1.7835046350955963, 55.07657673538779], [-1.78406451724004, 55.07625334334443], [-1.785744163673371, 55.07625334334443], [-1.7863040458178148, 55.07657673538779], [-1.7868639279622585, 55.07657673538779], [-1.7871438690344803, 55.07641503936611], [-1.7865839868900366, 55.076091647322755], [-1.7865839868900366, 55.0757682552794], [-1.7868639279622585, 55.07560655925772], [-1.7874238101067021, 55.07560655925772], [-1.7879836922511458, 55.075283167214366], [-1.7902232208289206, 55.075283167214366], [-1.7907831029733643, 55.07560655925772], [-1.7910630440455861, 55.075444863236044], [-1.7910630440455861, 55.07512147119269], [-1.787703751178924, 55.07318111893255], [-1.787703751178924, 55.0728577268892], [-1.7874238101067021, 55.07269603086752], [-1.7868639279622585, 55.07269603086752], [-1.7863040458178148, 55.07237263882416], [-1.785744163673371, 55.07237263882416], [-1.7854642226011492, 55.072210942802485], [-1.7854642226011492, 55.07156415871577], [-1.786024104745593, 55.07124076667242], [-1.785744163673371, 55.07107907065074], [-1.7835046350955963, 55.07107907065074], [-1.7826648118789308, 55.070593982585706], [-1.7826648118789308, 55.069947198498994], [-1.782384870806709, 55.069785502477316], [-1.7801453422289342, 55.069785502477316], [-1.7798654011567123, 55.069947198498994], [-1.7798654011567123, 55.07027059054235], [-1.7790255779400468, 55.070755678607384], [-1.7779058136511594, 55.070755678607384], [-1.7773459315067157, 55.07107907065074], [-1.7739866386400536, 55.07107907065074], [-1.7734267564956099, 55.070755678607384], [-1.7728668743511662, 55.070755678607384], [-1.771467168990057, 55.069947198498994], [-1.771467168990057, 55.06962380645564], [-1.7703474047011696, 55.06897702236893], [-1.7703474047011696, 55.06865363032557], [-1.769787522556726, 55.068330238282215], [-1.769787522556726, 55.066713278065436], [-1.7703474047011696, 55.06638988602208], [-1.7703474047011696, 55.066066493978724], [-1.7709072868456133, 55.06574310193537], [-1.7709072868456133, 55.06541970989201], [-1.7706273457733914, 55.065258013870334], [-1.7700674636289477, 55.065258013870334], [-1.769507581484504, 55.06493462182698], [-1.7689476993400604, 55.06493462182698], [-1.7686677582678385, 55.0647729258053], [-1.7686677582678385, 55.06315596558852], [-1.7683878171956167, 55.06299426956684], [-1.766148288617842, 55.06299426956684], [-1.76586834754562, 55.06315596558852], [-1.7664282296900637, 55.06347935763188], [-1.7664282296900637, 55.06380274967523], [-1.766148288617842, 55.06396444569691], [-1.7655884064733982, 55.06396444569691], [-1.7650285243289545, 55.06428783774027], [-1.7639087600400671, 55.06428783774027], [-1.7630689368234016, 55.0647729258053], [-1.7630689368234016, 55.065096317848656], [-1.7627889957511798, 55.065258013870334], [-1.7616692314622924, 55.065258013870334], [-1.7611093493178487, 55.06558140591369], [-1.760549467173405, 55.06558140591369], [-1.7599895850289613, 55.065904797957046], [-1.758869820740074, 55.065904797957046], [-1.7583099385956302, 55.0662281900004], [-1.7571901743067428, 55.0662281900004], [-1.756910233234521, 55.06638988602208], [-1.7571901743067428, 55.06655158204376], [-1.7583099385956302, 55.06655158204376], [-1.758869820740074, 55.06687497408711], [-1.7594297028845176, 55.06687497408711], [-1.7599895850289613, 55.06719836613047], [-1.760549467173405, 55.06719836613047], [-1.7619491725345142, 55.06800684623886], [-1.7619491725345142, 55.068330238282215], [-1.762509054678958, 55.06865363032557], [-1.762509054678958, 55.06962380645564], [-1.7619491725345142, 55.069947198498994], [-1.7619491725345142, 55.070593982585706], [-1.7608294082456268, 55.07124076667242], [-1.7608294082456268, 55.07188755075913], [-1.7611093493178487, 55.07204924678081], [-1.762229113606736, 55.07204924678081], [-1.7627889957511798, 55.07237263882416], [-1.7633488778956234, 55.07237263882416], [-1.764188701112289, 55.0728577268892], [-1.764188701112289, 55.07350451097591], [-1.7636288189678453, 55.073827903019264], [-1.7636288189678453, 55.07415129506262], [-1.7630689368234016, 55.074474687105976], [-1.7630689368234016, 55.07479807914933], [-1.7633488778956234, 55.07495977517101], [-1.7644686421845108, 55.07495977517101], [-1.7655884064733982, 55.0743129910843], [-1.7683878171956167, 55.0743129910843], [-1.7703474047011696, 55.075444863236044], [-1.7703474047011696, 55.0757682552794], [-1.7709072868456133, 55.076091647322755], [-1.7709072868456133, 55.07673843140947], [-1.769787522556726, 55.07738521549618], [-1.769787522556726, 55.077708607539535], [-1.7686677582678385, 55.078355391626246], [-1.7689476993400604, 55.078517087647924], [-1.7717471100622788, 55.078517087647924], [-1.7723069922067225, 55.07819369560457], [-1.7739866386400536, 55.07819369560457], [-1.7745465207844973, 55.078517087647924], [-1.775106402928941, 55.078517087647924], [-1.7753863440011628, 55.0786787836696], [-1.7753863440011628, 55.07900217571296], [-1.7759462261456065, 55.079325567756314], [-1.7759462261456065, 55.08029574388638], [-1.7753863440011628, 55.08061913592974], [-1.7753863440011628, 55.08094252797309], [-1.7745465207844973, 55.08142761603813], [-1.7739866386400536, 55.08142761603813], [-1.7734267564956099, 55.08175100808148], [-1.7728668743511662, 55.08175100808148], [-1.7717471100622788, 55.08110422399477], [-1.771467168990057, 55.08126592001645], [-1.771467168990057, 55.08191270410316], [-1.7711872279178351, 55.08207440012484], [-1.7706273457733914, 55.08207440012484], [-1.7700674636289477, 55.082397792168194], [-1.769507581484504, 55.082397792168194], [-1.7689476993400604, 55.08207440012484], [-1.7686677582678385, 55.08223609614652], [-1.7686677582678385, 55.08255948818987], [-1.7683878171956167, 55.08272118421155], [-1.7667081707622856, 55.08272118421155], [-1.7664282296900637, 55.08288288023323], [-1.7664282296900637, 55.083206272276584], [-1.7667081707622856, 55.08336796829826], [-1.7672680529067293, 55.08336796829826], [-1.767827935051173, 55.083044576254906], [-1.7700674636289477, 55.083044576254906], [-1.7709072868456133, 55.08352966431994], [-1.7703474047011696, 55.083853056363296], [-1.7706273457733914, 55.084014752384974], [-1.7717471100622788, 55.084014752384974], [-1.7723069922067225, 55.08433814442833], [-1.7728668743511662, 55.08433814442833], [-1.7737066975678317, 55.08482323249336], [-1.773146815423388, 55.08514662453672], [-1.773146815423388, 55.085470016580075], [-1.7734267564956099, 55.08563171260175], [-1.7762261672178283, 55.08563171260175], [-1.7776258725789376, 55.08644019271014], [-1.7776258725789376, 55.08741036884021], [-1.776786049362272, 55.087895456905244], [-1.7756662850733846, 55.087895456905244], [-1.7745465207844973, 55.088542240991956], [-1.7739866386400536, 55.0882188489486], [-1.7734267564956099, 55.0882188489486], [-1.7725869332789443, 55.087733760883566], [-1.7725869332789443, 55.08741036884021], [-1.7723069922067225, 55.08724867281853], [-1.7717471100622788, 55.08757206486189], [-1.7711872279178351, 55.08757206486189], [-1.7706273457733914, 55.087895456905244], [-1.769507581484504, 55.087895456905244], [-1.7681078761233948, 55.087086976796854], [-1.7681078761233948, 55.08644019271014], [-1.767827935051173, 55.086278496688465], [-1.7672680529067293, 55.086278496688465], [-1.7669881118345074, 55.08644019271014], [-1.7669881118345074, 55.087086976796854], [-1.766148288617842, 55.08757206486189], [-1.7639087600400671, 55.08757206486189], [-1.762229113606736, 55.08660188873182], [-1.7619491725345142, 55.0867635847535], [-1.7619491725345142, 55.087086976796854], [-1.7613892903900705, 55.08741036884021], [-1.7613892903900705, 55.08805715292692], [-1.7602695261011831, 55.08870393701363], [-1.7602695261011831, 55.08902732905699], [-1.7591497618122958, 55.0896741131437], [-1.7591497618122958, 55.09129107336048], [-1.7577500564511865, 55.09209955346887], [-1.7571901743067428, 55.09209955346887], [-1.7566302921622992, 55.092422945512226], [-1.7555105278734118, 55.092422945512226], [-1.7541108225123025, 55.091614465403836], [-1.7541108225123025, 55.08999750518706], [-1.7557904689456336, 55.08902732905699], [-1.7557904689456336, 55.08870393701363], [-1.7566302921622992, 55.0882188489486], [-1.7577500564511865, 55.0882188489486], [-1.7580299975234084, 55.08805715292692], [-1.7574701153789647, 55.087733760883566], [-1.7574701153789647, 55.08741036884021], [-1.756910233234521, 55.087086976796854], [-1.7580299975234084, 55.08644019271014], [-1.7580299975234084, 55.08611680066679], [-1.7577500564511865, 55.08595510464511], [-1.7566302921622992, 55.08595510464511], [-1.754950645728968, 55.08498492851504], [-1.7510314707178622, 55.08498492851504], [-1.7504715885734186, 55.084661536471685], [-1.7499117064289749, 55.084661536471685], [-1.749631765356753, 55.08482323249336], [-1.749631765356753, 55.085470016580075], [-1.7493518242845312, 55.08563171260175], [-1.7487919421400875, 55.08563171260175], [-1.7482320599956438, 55.08595510464511], [-1.7471122957067564, 55.08595510464511], [-1.7468323546345346, 55.08611680066679], [-1.7468323546345346, 55.0867635847535], [-1.745992531417869, 55.08724867281853], [-1.744312884984538, 55.08724867281853], [-1.7437530028400943, 55.086925280775176], [-1.7431931206956506, 55.086925280775176], [-1.7420733564067632, 55.086278496688465], [-1.7415134742623195, 55.086278496688465], [-1.7409535921178758, 55.08595510464511], [-1.7403937099734321, 55.08595510464511], [-1.7398338278289884, 55.08563171260175], [-1.7392739456845447, 55.08563171260175], [-1.7384341224678792, 55.08514662453672], [-1.7384341224678792, 55.08482323249336], [-1.7367544760345481, 55.083853056363296], [-1.7367544760345481, 55.083206272276584], [-1.7364745349623263, 55.083044576254906], [-1.7359146528178826, 55.083044576254906], [-1.7345149474567734, 55.08223609614652], [-1.7345149474567734, 55.08191270410316], [-1.7339550653123297, 55.081589312059805], [-1.7345149474567734, 55.08126592001645], [-1.7345149474567734, 55.08094252797309], [-1.735074829601217, 55.08061913592974], [-1.7347948885289952, 55.08045743990806], [-1.7336751242401078, 55.08045743990806], [-1.7311556545901112, 55.07900217571296], [-1.731715536734555, 55.0786787836696], [-1.731715536734555, 55.07803199958289], [-1.7322754188789986, 55.077708607539535], [-1.7319954778067768, 55.07754691151786], [-1.7303158313734457, 55.07754691151786], [-1.729755949229002, 55.07787030356121], [-1.7286361849401146, 55.07787030356121], [-1.728076302795671, 55.07754691151786], [-1.7275164206512272, 55.07754691151786], [-1.7269565385067835, 55.07787030356121], [-1.7263966563623399, 55.07754691151786], [-1.7258367742178962, 55.07787030356121], [-1.724157127784565, 55.07787030356121], [-1.7235972456401214, 55.07754691151786], [-1.7213577170623466, 55.07754691151786], [-1.720797834917903, 55.0772235194745], [-1.7202379527734593, 55.0772235194745], [-1.7196780706290156, 55.076900127431145], [-1.7191181884845719, 55.0772235194745], [-1.7157588956179097, 55.0772235194745], [-1.715199013473466, 55.076900127431145], [-1.7107199563179165, 55.076900127431145], [-1.7101600741734728, 55.07657673538779], [-1.7090403098845854, 55.07657673538779], [-1.7084804277401417, 55.076900127431145], [-1.707920545595698, 55.076900127431145], [-1.7073606634512544, 55.07657673538779], [-1.7051211348734796, 55.07657673538779], [-1.7037214295123704, 55.07738521549618], [-1.7037214295123704, 55.07803199958289], [-1.7028816062957048, 55.078517087647924], [-1.7017618420068175, 55.078517087647924], [-1.7012019598623738, 55.07884047969128], [-1.6995223134290427, 55.07884047969128], [-1.6992423723568209, 55.07900217571296], [-1.700922018790152, 55.079972351843026], [-1.700922018790152, 55.08126592001645], [-1.7000821955734864, 55.08175100808148], [-1.6978426669957116, 55.08175100808148], [-1.6964429616346024, 55.08094252797309], [-1.6964429616346024, 55.08029574388638], [-1.6975627259234898, 55.07964895979967], [-1.697282784851268, 55.07948726377799], [-1.6967229027068242, 55.07948726377799], [-1.695323197345715, 55.0786787836696], [-1.695323197345715, 55.077708607539535], [-1.6950432562734932, 55.07754691151786], [-1.6944833741290495, 55.07754691151786], [-1.693643550912384, 55.07706182345282], [-1.693643550912384, 55.07673843140947], [-1.6922438455512747, 55.07592995130108], [-1.691683963406831, 55.07625334334443], [-1.6911240812623873, 55.07625334334443], [-1.6905641991179436, 55.07657673538779], [-1.6883246705401689, 55.07657673538779], [-1.6877647883957252, 55.07625334334443], [-1.6872049062512815, 55.07625334334443], [-1.6866450241068378, 55.07592995130108], [-1.6860851419623941, 55.07625334334443], [-1.684405495529063, 55.07625334334443], [-1.6838456133846194, 55.07592995130108], [-1.6832857312401757, 55.07592995130108], [-1.6830057901679538, 55.076091647322755], [-1.6830057901679538, 55.07641503936611], [-1.6821659669512883, 55.076900127431145], [-1.681046202662401, 55.0772235194745], [-1.6806962763221236, 55.07706182345282], [-1.6802763647137908, 55.07706182345282], [-1.6799264383735135, 55.0772235194745], [-1.6793665562290698, 55.076900127431145], [-1.6788066740846261, 55.076900127431145], [-1.6782467919401824, 55.07657673538779], [-1.6776869097957388, 55.07657673538779], [-1.677406968723517, 55.07673843140947], [-1.677406968723517, 55.07738521549618], [-1.6757273222901858, 55.078355391626246], [-1.6757273222901858, 55.0786787836696], [-1.6751674401457421, 55.07900217571296], [-1.6751674401457421, 55.079325567756314], [-1.673767734784633, 55.0801340478647], [-1.6715282062068582, 55.0801340478647], [-1.6704084419179708, 55.07948726377799], [-1.669848559773527, 55.07981065582135], [-1.6687287954846397, 55.07981065582135], [-1.6684488544124179, 55.079972351843026], [-1.6690087365568615, 55.08029574388638], [-1.6690087365568615, 55.08061913592974], [-1.6684488544124179, 55.08094252797309], [-1.6684488544124179, 55.08191270410316], [-1.6670491490513086, 55.08272118421155], [-1.666489266906865, 55.08272118421155], [-1.6661393405665876, 55.08255948818987], [-1.6648096204735339, 55.08211482413026], [-1.6642497383290902, 55.08300415224949], [-1.664529679401312, 55.083206272276584], [-1.664529679401312, 55.083853056363296], [-1.6650895615457557, 55.08417644840665], [-1.6650895615457557, 55.08449984045001], [-1.6648096204735339, 55.084661536471685], [-1.6642497383290902, 55.084661536471685], [-1.6639697972568683, 55.08482323249336], [-1.6639697972568683, 55.08514662453672], [-1.6642497383290902, 55.0853083205584], [-1.6648096204735339, 55.0853083205584], [-1.6650895615457557, 55.085470016580075], [-1.6650895615457557, 55.08579340862343], [-1.6653695026179776, 55.08595510464511], [-1.666489266906865, 55.08595510464511], [-1.6678889722679742, 55.0867635847535], [-1.6678889722679742, 55.087086976796854], [-1.6684488544124179, 55.08741036884021], [-1.6678889722679742, 55.087733760883566], [-1.6678889722679742, 55.08902732905699], [-1.6673290901235305, 55.089350721100345], [-1.6673290901235305, 55.0896741131437], [-1.6676090311957523, 55.08983580916538], [-1.6704084419179708, 55.08983580916538], [-1.6712482651346363, 55.09032089723041], [-1.6712482651346363, 55.091614465403836], [-1.6709683240624145, 55.091776161425514], [-1.6704084419179708, 55.091776161425514], [-1.670128500845749, 55.09193785744719], [-1.670128500845749, 55.09226124949055], [-1.6706883829901926, 55.092584641533904], [-1.6706883829901926, 55.093231425620615], [-1.6704084419179708, 55.09339312164229], [-1.669848559773527, 55.09339312164229], [-1.6692886776290834, 55.09371651368565], [-1.668168913340196, 55.09306972959894], [-1.6673290901235305, 55.09355481766397], [-1.6673290901235305, 55.09387820970733], [-1.6678889722679742, 55.09420160175068], [-1.6673290901235305, 55.09452499379404], [-1.6673290901235305, 55.094848385837395], [-1.666489266906865, 55.09533347390243], [-1.6648096204735339, 55.09533347390243], [-1.664529679401312, 55.09517177788075], [-1.664529679401312, 55.094848385837395], [-1.6642497383290902, 55.09468668981572], [-1.6639697972568683, 55.094848385837395], [-1.6639697972568683, 55.09549516992411], [-1.6636898561846465, 55.095656865945784], [-1.6631299740402028, 55.095656865945784], [-1.662850032967981, 55.09581856196746], [-1.662850032967981, 55.09614195401082], [-1.6634099151124246, 55.096465346054174], [-1.6634099151124246, 55.09678873809753], [-1.662570091895759, 55.097273826162564], [-1.6620102097513154, 55.097273826162564], [-1.6617302686790936, 55.09743552218424], [-1.6622901508235373, 55.0977589142276], [-1.6622901508235373, 55.09840569831431], [-1.662570091895759, 55.09856739433599], [-1.6631299740402028, 55.09856739433599], [-1.6634099151124246, 55.098729090357665], [-1.6634099151124246, 55.09905248240102], [-1.6636898561846465, 55.0992141784227], [-1.6648096204735339, 55.0992141784227], [-1.6650895615457557, 55.09937587444438], [-1.6650895615457557, 55.10002265853109], [-1.6648096204735339, 55.100184354552766], [-1.6636898561846465, 55.100184354552766], [-1.6634099151124246, 55.100346050574444], [-1.6636898561846465, 55.10050774659612], [-1.6642497383290902, 55.10050774659612], [-1.6648096204735339, 55.10083113863948], [-1.6653695026179776, 55.10083113863948], [-1.6656494436901994, 55.100992834661156], [-1.6656494436901994, 55.10131622670451], [-1.6659293847624213, 55.10147792272619], [-1.666489266906865, 55.10147792272619], [-1.6667692079790868, 55.10163961874787], [-1.6667692079790868, 55.10196301079122], [-1.6673290901235305, 55.10228640283458], [-1.6673290901235305, 55.102609794877935], [-1.6667692079790868, 55.10293318692129], [-1.6670491490513086, 55.10309488294297], [-1.6676090311957523, 55.10309488294297], [-1.668168913340196, 55.103418274986325], [-1.6687287954846397, 55.103418274986325], [-1.6690087365568615, 55.103579971008], [-1.6690087365568615, 55.104226755094714], [-1.6692886776290834, 55.10438845111639], [-1.669848559773527, 55.10438845111639], [-1.6706883829901926, 55.104873539181426], [-1.6706883829901926, 55.10552032326814], [-1.6695686187013052, 55.10616710735485], [-1.6695686187013052, 55.106490499398205], [-1.669848559773527, 55.10665219541988], [-1.6704084419179708, 55.10665219541988], [-1.6709683240624145, 55.10697558746324], [-1.6726479704957455, 55.10697558746324], [-1.6740476758568548, 55.10778406757163], [-1.6740476758568548, 55.10907763574505], [-1.6743276169290766, 55.10923933176673], [-1.6746075580012985, 55.10907763574505], [-1.6746075580012985, 55.108754243701696], [-1.675447381217964, 55.10826915563666], [-1.677127027651295, 55.10826915563666], [-1.677406968723517, 55.10843085165834], [-1.677406968723517, 55.108754243701696], [-1.6776869097957388, 55.108915939723374], [-1.6788066740846261, 55.108915939723374], [-1.6796464973012917, 55.10940102778841], [-1.6796464973012917, 55.110371203918476], [-1.6788066740846261, 55.11085629198351], [-1.677127027651295, 55.11085629198351], [-1.6765671455068514, 55.110532899940154], [-1.675447381217964, 55.110532899940154], [-1.6746075580012985, 55.11004781187512], [-1.6746075580012985, 55.109724419831764], [-1.6743276169290766, 55.109562723810086], [-1.6740476758568548, 55.109724419831764], [-1.6740476758568548, 55.11004781187512], [-1.673487793712411, 55.110371203918476], [-1.673487793712411, 55.11069459596183], [-1.6732078526401892, 55.11085629198351], [-1.6726479704957455, 55.11085629198351], [-1.6720880883513018, 55.111179684026865], [-1.6709683240624145, 55.111179684026865], [-1.6704084419179708, 55.11150307607022], [-1.669848559773527, 55.11150307607022], [-1.6695686187013052, 55.1116647720919], [-1.6712482651346363, 55.11263494822197], [-1.670128500845749, 55.11328173230868], [-1.670128500845749, 55.11392851639539], [-1.6704084419179708, 55.11409021241707], [-1.6709683240624145, 55.11409021241707], [-1.67180814727908, 55.1145753004821], [-1.67180814727908, 55.11489869252546], [-1.670128500845749, 55.115868868655525], [-1.670128500845749, 55.11619226069888], [-1.669848559773527, 55.11635395672056], [-1.6692886776290834, 55.11635395672056], [-1.6687287954846397, 55.116677348763915], [-1.6678889722679742, 55.11619226069888], [-1.6678889722679742, 55.115868868655525], [-1.6687287954846397, 55.11538378059049], [-1.6692886776290834, 55.11538378059049], [-1.6695686187013052, 55.11522208456881], [-1.6687287954846397, 55.11473699650378], [-1.666489266906865, 55.11473699650378], [-1.666209325834643, 55.11489869252546], [-1.666209325834643, 55.11522208456881], [-1.6667692079790868, 55.11554547661217], [-1.6667692079790868, 55.11651565274224], [-1.666489266906865, 55.116677348763915], [-1.6648096204735339, 55.116677348763915], [-1.664529679401312, 55.11651565274224], [-1.664529679401312, 55.11619226069888], [-1.662850032967981, 55.11522208456881], [-1.662850032967981, 55.1145753004821], [-1.6639697972568683, 55.11392851639539], [-1.6639697972568683, 55.11263494822197], [-1.664529679401312, 55.11231155617861], [-1.664529679401312, 55.111988164135255], [-1.6642497383290902, 55.11182646811358], [-1.6636898561846465, 55.11182646811358], [-1.662570091895759, 55.111179684026865], [-1.6614503276068717, 55.111179684026865], [-1.6606105043902062, 55.11069459596183], [-1.6606105043902062, 55.110371203918476], [-1.6620102097513154, 55.109562723810086], [-1.662570091895759, 55.109562723810086], [-1.662850032967981, 55.10940102778841], [-1.662850032967981, 55.10907763574505], [-1.6622901508235373, 55.108754243701696], [-1.6622901508235373, 55.108107459614985], [-1.662570091895759, 55.10794576359331], [-1.6631299740402028, 55.10794576359331], [-1.6634099151124246, 55.10778406757163], [-1.6622901508235373, 55.10713728348492], [-1.6634099151124246, 55.106490499398205], [-1.6634099151124246, 55.10616710735485], [-1.662570091895759, 55.105682019289816], [-1.6614503276068717, 55.105682019289816], [-1.6611703865346499, 55.10552032326814], [-1.6614503276068717, 55.10535862724646], [-1.6620102097513154, 55.10535862724646], [-1.6634099151124246, 55.10455014713807], [-1.6634099151124246, 55.103579971008], [-1.6631299740402028, 55.103418274986325], [-1.6614503276068717, 55.103418274986325], [-1.660890445462428, 55.10374166702968], [-1.6603305633179843, 55.10374166702968], [-1.6600506222457625, 55.103579971008], [-1.6606105043902062, 55.10325657896465], [-1.6606105043902062, 55.10293318692129], [-1.6617302686790936, 55.10228640283458], [-1.6617302686790936, 55.10196301079122], [-1.6622901508235373, 55.10163961874787], [-1.6622901508235373, 55.1006694426178], [-1.6617302686790936, 55.100346050574444], [-1.6617302686790936, 55.09937587444438], [-1.6614503276068717, 55.0992141784227], [-1.660890445462428, 55.0992141784227], [-1.6597706811735407, 55.09986096250941], [-1.659210799029097, 55.09986096250941], [-1.6586509168846533, 55.100184354552766], [-1.6583709758124314, 55.10002265853109], [-1.6583709758124314, 55.09937587444438], [-1.6589308579568751, 55.09905248240102], [-1.6589308579568751, 55.098729090357665], [-1.6600506222457625, 55.09808230627095], [-1.6600506222457625, 55.09678873809753], [-1.6606105043902062, 55.096465346054174], [-1.6600506222457625, 55.09614195401082], [-1.6600506222457625, 55.09581856196746], [-1.6589308579568751, 55.09517177788075], [-1.6589308579568751, 55.09355481766397], [-1.6586509168846533, 55.09339312164229], [-1.6575311525957659, 55.09339312164229], [-1.6566913293791004, 55.09290803357726], [-1.6566913293791004, 55.09226124949055], [-1.657251211523544, 55.09193785744719], [-1.657251211523544, 55.090967681317125], [-1.6569712704513222, 55.09080598529545], [-1.6558515061624348, 55.09080598529545], [-1.6544518008013256, 55.091614465403836], [-1.6544518008013256, 55.09193785744719], [-1.65361197758466, 55.092422945512226], [-1.6530520954402164, 55.092422945512226], [-1.6527721543679945, 55.09226124949055], [-1.6527721543679945, 55.091614465403836], [-1.6533320365124382, 55.09129107336048], [-1.6533320365124382, 55.090967681317125], [-1.653891918656882, 55.09064428927377], [-1.653891918656882, 55.09032089723041], [-1.6544518008013256, 55.08999750518706], [-1.6544518008013256, 55.087733760883566], [-1.6541718597291037, 55.08757206486189], [-1.653891918656882, 55.087733760883566], [-1.653891918656882, 55.08805715292692], [-1.6527721543679945, 55.08870393701363], [-1.6527721543679945, 55.08902732905699], [-1.6522122722235508, 55.089350721100345], [-1.6522122722235508, 55.0896741131437], [-1.6510925079346634, 55.09032089723041], [-1.6510925079346634, 55.09064428927377], [-1.650252684717998, 55.0911293773388], [-1.649972743645776, 55.090967681317125], [-1.649972743645776, 55.09064428927377], [-1.6505326257902198, 55.09032089723041], [-1.6505326257902198, 55.0896741131437], [-1.6510925079346634, 55.089350721100345], [-1.6510925079346634, 55.08870393701363], [-1.6516523900791071, 55.08838054497028], [-1.6516523900791071, 55.08805715292692], [-1.6522122722235508, 55.087733760883566], [-1.6522122722235508, 55.087086976796854], [-1.6516523900791071, 55.0867635847535], [-1.6516523900791071, 55.08611680066679], [-1.6513724490068853, 55.08595510464511], [-1.6505326257902198, 55.08644019271014], [-1.6505326257902198, 55.0867635847535], [-1.649972743645776, 55.087086976796854], [-1.649972743645776, 55.08741036884021], [-1.6488529793568887, 55.08805715292692], [-1.6488529793568887, 55.08838054497028], [-1.648293097212445, 55.08870393701363], [-1.648293097212445, 55.08902732905699], [-1.6471733329235576, 55.0896741131437], [-1.6471733329235576, 55.08999750518706], [-1.6468933918513358, 55.090159201208735], [-1.6460535686346702, 55.0896741131437], [-1.6460535686346702, 55.08902732905699], [-1.646613450779114, 55.08870393701363], [-1.646613450779114, 55.08805715292692], [-1.6471733329235576, 55.087733760883566], [-1.6471733329235576, 55.08741036884021], [-1.6468933918513358, 55.08724867281853], [-1.6457736275624484, 55.08724867281853], [-1.6452137454180047, 55.086925280775176], [-1.6396149239735678, 55.086925280775176], [-1.639055041829124, 55.08660188873182], [-1.6387751007569022, 55.0867635847535], [-1.6387751007569022, 55.08741036884021], [-1.6384951596846804, 55.08757206486189], [-1.6379352775402367, 55.08757206486189], [-1.637375395395793, 55.087895456905244], [-1.6351358668180183, 55.087895456905244], [-1.6345759846735746, 55.0882188489486], [-1.630096927518025, 55.0882188489486], [-1.6295370453735813, 55.088542240991956], [-1.6289771632291377, 55.088542240991956], [-1.6286972221569158, 55.08870393701363], [-1.6289771632291377, 55.08886563303531], [-1.6312166918069124, 55.08886563303531], [-1.6317765739513561, 55.08918902507867], [-1.6323364560957998, 55.08918902507867], [-1.6331762793124653, 55.0896741131437], [-1.6331762793124653, 55.08999750518706], [-1.6326163971680216, 55.09032089723041], [-1.6331762793124653, 55.09064428927377], [-1.6331762793124653, 55.090967681317125], [-1.633736161456909, 55.09129107336048], [-1.633736161456909, 55.092584641533904], [-1.6326163971680216, 55.093231425620615], [-1.6326163971680216, 55.09355481766397], [-1.6317765739513561, 55.094039905729005], [-1.6312166918069124, 55.094039905729005], [-1.6306568096624687, 55.09436329777236], [-1.630096927518025, 55.09436329777236], [-1.6295370453735813, 55.094039905729005], [-1.6289771632291377, 55.094039905729005], [-1.6281373400124721, 55.09355481766397], [-1.6281373400124721, 55.093231425620615], [-1.6272975167958066, 55.09274633755558], [-1.6261777525069192, 55.09339312164229], [-1.6250579882180318, 55.09339312164229], [-1.6244981060735881, 55.09371651368565], [-1.6233783417847008, 55.09371651368565], [-1.623098400712479, 55.09387820970733], [-1.623098400712479, 55.09420160175068], [-1.6222585774958134, 55.09468668981572], [-1.6216986953513697, 55.09468668981572], [-1.6202989899902605, 55.09549516992411], [-1.6202989899902605, 55.09581856196746], [-1.6205789310624823, 55.09598025798914], [-1.6216986953513697, 55.09598025798914], [-1.6222585774958134, 55.096303650032496], [-1.622818459640257, 55.096303650032496], [-1.623098400712479, 55.096465346054174], [-1.623098400712479, 55.09678873809753], [-1.6225385185680352, 55.097112130140886], [-1.6225385185680352, 55.09937587444438], [-1.6205789310624823, 55.10050774659612], [-1.6200190489180386, 55.100184354552766], [-1.6188992846291512, 55.100184354552766], [-1.6186193435569294, 55.100346050574444], [-1.6186193435569294, 55.104226755094714], [-1.6188992846291512, 55.10438845111639], [-1.6202989899902605, 55.103579971008], [-1.6197391078458168, 55.10325657896465], [-1.6197391078458168, 55.10293318692129], [-1.6200190489180386, 55.10277149089961], [-1.6216986953513697, 55.10277149089961], [-1.6219786364235915, 55.102609794877935], [-1.6216986953513697, 55.10244809885626], [-1.621138813206926, 55.10244809885626], [-1.6208588721347041, 55.10228640283458], [-1.621138813206926, 55.1021247068129], [-1.6216986953513697, 55.1021247068129], [-1.6222585774958134, 55.10244809885626], [-1.622818459640257, 55.10244809885626], [-1.6233783417847008, 55.10277149089961], [-1.6239382239291444, 55.10277149089961], [-1.6250579882180318, 55.103418274986325], [-1.6253379292902537, 55.10325657896465], [-1.6253379292902537, 55.10293318692129], [-1.6258978114346974, 55.102609794877935], [-1.6258978114346974, 55.10228640283458], [-1.6261777525069192, 55.1021247068129], [-1.626737634651363, 55.1021247068129], [-1.6275774578680284, 55.102609794877935], [-1.6275774578680284, 55.10325657896465], [-1.626737634651363, 55.10374166702968], [-1.6261777525069192, 55.10374166702968], [-1.6258978114346974, 55.10390336305136], [-1.6258978114346974, 55.104226755094714], [-1.626457693579141, 55.10455014713807], [-1.626457693579141, 55.104873539181426], [-1.6261777525069192, 55.105035235203104], [-1.6256178703624755, 55.105035235203104], [-1.6244981060735881, 55.105682019289816], [-1.6239382239291444, 55.105682019289816], [-1.6233783417847008, 55.10600541133317], [-1.6222585774958134, 55.10600541133317], [-1.6219786364235915, 55.105843715311494], [-1.6219786364235915, 55.10552032326814], [-1.6216986953513697, 55.10535862724646], [-1.621138813206926, 55.10535862724646], [-1.6208588721347041, 55.10552032326814], [-1.6214187542791478, 55.105843715311494], [-1.6214187542791478, 55.106490499398205], [-1.621138813206926, 55.10665219541988], [-1.6200190489180386, 55.10665219541988], [-1.6197391078458168, 55.10681389144156], [-1.6202989899902605, 55.10713728348492], [-1.6197391078458168, 55.10746067552827], [-1.6208588721347041, 55.108107459614985], [-1.6208588721347041, 55.10907763574505], [-1.6200190489180386, 55.109562723810086], [-1.619459166773595, 55.109562723810086], [-1.619179225701373, 55.109724419831764], [-1.619459166773595, 55.10988611585344], [-1.6200190489180386, 55.10988611585344], [-1.6214187542791478, 55.11069459596183], [-1.6214187542791478, 55.11101798800519], [-1.6200190489180386, 55.11182646811358], [-1.6188992846291512, 55.11182646811358], [-1.6180594614124857, 55.11134138004854], [-1.6180594614124857, 55.109724419831764], [-1.6169396971235983, 55.10907763574505], [-1.6169396971235983, 55.10778406757163], [-1.6163798149791546, 55.10746067552827], [-1.6163798149791546, 55.10713728348492], [-1.6169396971235983, 55.10681389144156], [-1.6166597560513765, 55.10665219541988], [-1.615539991762489, 55.10665219541988], [-1.6149801096180454, 55.10697558746324], [-1.6144202274736017, 55.10697558746324], [-1.6135804042569362, 55.106490499398205], [-1.6135804042569362, 55.105843715311494], [-1.615539991762489, 55.10471184315975], [-1.6166597560513765, 55.10471184315975], [-1.6169396971235983, 55.10455014713807], [-1.6169396971235983, 55.103579971008], [-1.6163798149791546, 55.10325657896465], [-1.6169396971235983, 55.10293318692129], [-1.6169396971235983, 55.10228640283458], [-1.6166597560513765, 55.1021247068129], [-1.6160998739069328, 55.1021247068129], [-1.615819932834711, 55.10196301079122], [-1.615819932834711, 55.10163961874787], [-1.615539991762489, 55.10147792272619], [-1.6152600506902672, 55.10163961874787], [-1.6152600506902672, 55.10196301079122], [-1.613860345329158, 55.10277149089961], [-1.6133004631847143, 55.10277149089961], [-1.6130205221124925, 55.10293318692129], [-1.6130205221124925, 55.10390336305136], [-1.6124606399680488, 55.104226755094714], [-1.6124606399680488, 55.10455014713807], [-1.612180698895827, 55.10471184315975], [-1.6110609346069396, 55.10471184315975], [-1.6107809935347177, 55.104873539181426], [-1.6113408756791614, 55.10519693122478], [-1.6105010524624959, 55.105682019289816], [-1.6093812881736085, 55.105682019289816], [-1.6091013471013866, 55.105843715311494], [-1.6091013471013866, 55.106490499398205], [-1.6088214060291648, 55.10665219541988], [-1.608261523884721, 55.10632880337653], [-1.6077016417402774, 55.10632880337653], [-1.6071417595958337, 55.10665219541988], [-1.60658187745139, 55.10632880337653], [-1.6060219953069463, 55.10632880337653], [-1.6051821720902808, 55.105843715311494], [-1.6057420542347245, 55.10552032326814], [-1.6057420542347245, 55.104873539181426], [-1.6063019363791682, 55.10455014713807], [-1.6063019363791682, 55.103579971008], [-1.6060219953069463, 55.103418274986325], [-1.604902231018059, 55.103418274986325], [-1.604622289945837, 55.103579971008], [-1.604622289945837, 55.10519693122478], [-1.6043423488736153, 55.10535862724646], [-1.6026627024402842, 55.10535862724646], [-1.6018228792236187, 55.105843715311494], [-1.6018228792236187, 55.106490499398205], [-1.6023827613680623, 55.10681389144156], [-1.6023827613680623, 55.10713728348492], [-1.6009830560069531, 55.10794576359331], [-1.6004231738625094, 55.10794576359331], [-1.5998632917180657, 55.10826915563666], [-1.5981836452847347, 55.10826915563666], [-1.597623763140291, 55.10859254768002], [-1.59594411670696, 55.10859254768002], [-1.5953842345625162, 55.10826915563666], [-1.5948243524180725, 55.10826915563666], [-1.593984529201407, 55.10778406757163], [-1.593984529201407, 55.10746067552827], [-1.5934246470569633, 55.10713728348492], [-1.5934246470569633, 55.10616710735485], [-1.5931447059847414, 55.10600541133317], [-1.5925848238402978, 55.10632880337653], [-1.5914650595514104, 55.10632880337653], [-1.5911851184791885, 55.10616710735485], [-1.5911851184791885, 55.10552032326814], [-1.5909051774069667, 55.10535862724646], [-1.5897854131180793, 55.10535862724646], [-1.5892255309736356, 55.105682019289816], [-1.5869860023958609, 55.105682019289816], [-1.586706061323639, 55.105843715311494], [-1.586706061323639, 55.10616710735485], [-1.5872659434680827, 55.106490499398205], [-1.5872659434680827, 55.10713728348492], [-1.5878258256125264, 55.10746067552827], [-1.5878258256125264, 55.10843085165834], [-1.5864261202514172, 55.10923933176673], [-1.5858662381069735, 55.10923933176673], [-1.5853063559625298, 55.109562723810086], [-1.584746473818086, 55.109562723810086], [-1.5844665327458642, 55.109724419831764], [-1.585026414890308, 55.11004781187512], [-1.585026414890308, 55.110371203918476], [-1.5844665327458642, 55.11069459596183], [-1.5844665327458642, 55.11101798800519], [-1.5841865916736424, 55.111179684026865], [-1.5836267095291987, 55.111179684026865], [-1.5825069452403113, 55.11182646811358], [-1.5791476523736492, 55.11182646811358], [-1.5785877702292055, 55.11150307607022], [-1.5780278880847618, 55.11150307607022], [-1.57774794701254, 55.11134138004854], [-1.57774794701254, 55.11101798800519], [-1.5769081237958744, 55.110532899940154], [-1.5763482416514307, 55.110532899940154], [-1.5760683005792089, 55.11069459596183], [-1.5760683005792089, 55.11134138004854], [-1.5766281827236526, 55.1116647720919], [-1.5766281827236526, 55.111988164135255], [-1.5771880648680963, 55.11231155617861], [-1.5771880648680963, 55.11295834026532], [-1.5783078291569836, 55.113605124352034], [-1.5783078291569836, 55.11392851639539], [-1.5788677113014273, 55.114251908438746], [-1.57774794701254, 55.11489869252546], [-1.5788677113014273, 55.11554547661217], [-1.5788677113014273, 55.11619226069888], [-1.5783078291569836, 55.11651565274224], [-1.5783078291569836, 55.119749573175795], [-1.5788677113014273, 55.12007296521915], [-1.5788677113014273, 55.12071974930586], [-1.5799874755903147, 55.121366533392575], [-1.5799874755903147, 55.12168992543593], [-1.5802674166625366, 55.12185162145761], [-1.583066827384755, 55.12185162145761], [-1.5844665327458642, 55.122660101566], [-1.5844665327458642, 55.12395366973942], [-1.584746473818086, 55.1241153657611], [-1.5853063559625298, 55.12379197371774], [-1.5864261202514172, 55.12379197371774], [-1.586706061323639, 55.12395366973942], [-1.586706061323639, 55.12427706178278], [-1.5872659434680827, 55.12460045382613], [-1.5872659434680827, 55.12492384586949], [-1.586706061323639, 55.125247237912845], [-1.586706061323639, 55.12654080608627], [-1.5869860023958609, 55.126702502107946], [-1.5875458845403045, 55.126702502107946], [-1.5878258256125264, 55.12654080608627], [-1.5878258256125264, 55.12589402199956], [-1.58838570775697, 55.1255706299562], [-1.58838570775697, 55.125247237912845], [-1.5895054720458575, 55.12460045382613], [-1.5895054720458575, 55.12427706178278], [-1.5889455899014138, 55.12395366973942], [-1.5889455899014138, 55.123630277696066], [-1.5892255309736356, 55.12346858167439], [-1.5909051774069667, 55.124438757804455], [-1.5917450006236322, 55.12395366973942], [-1.5917450006236322, 55.12330688565271], [-1.592024941695854, 55.12314518963103], [-1.5925848238402978, 55.12314518963103], [-1.5934246470569633, 55.123630277696066], [-1.5934246470569633, 55.12395366973942], [-1.593984529201407, 55.12427706178278], [-1.5934246470569633, 55.12460045382613], [-1.5937045881291851, 55.12476214984781], [-1.5953842345625162, 55.12476214984781], [-1.59594411670696, 55.12508554189117], [-1.5965039988514036, 55.12508554189117], [-1.5967839399236254, 55.125247237912845], [-1.5967839399236254, 55.1255706299562], [-1.59594411670696, 55.126055718021234], [-1.5948243524180725, 55.126055718021234], [-1.593984529201407, 55.12654080608627], [-1.593984529201407, 55.126864198129624], [-1.5942644702736288, 55.1270258941513], [-1.59594411670696, 55.1270258941513], [-1.5965039988514036, 55.126702502107946], [-1.5970638809958473, 55.1270258941513], [-1.597623763140291, 55.1270258941513], [-1.5979037042125128, 55.12718759017298], [-1.5979037042125128, 55.127510982216336], [-1.5984635863569565, 55.12783437425969], [-1.5984635863569565, 55.12815776630305], [-1.5987435274291784, 55.128319462324725], [-1.5990234685014002, 55.12815776630305], [-1.5990234685014002, 55.12718759017298], [-1.599303409573622, 55.1270258941513], [-1.5998632917180657, 55.1270258941513], [-1.6004231738625094, 55.126702502107946], [-1.601262997079175, 55.12718759017298], [-1.6007031149347313, 55.127510982216336], [-1.601262997079175, 55.12783437425969], [-1.6007031149347313, 55.12815776630305], [-1.6007031149347313, 55.12880455038976], [-1.6021028202958405, 55.12961303049815], [-1.6026627024402842, 55.12961303049815], [-1.602942643512506, 55.12977472651983], [-1.602942643512506, 55.13009811856318], [-1.6035025256569497, 55.13042151060654], [-1.602942643512506, 55.130744902649894], [-1.602942643512506, 55.13106829469325], [-1.6023827613680623, 55.131391686736606], [-1.6023827613680623, 55.132361862866674], [-1.6015429381513968, 55.13284695093171], [-1.6009830560069531, 55.13252355888835], [-1.6001432327902876, 55.133008646953385], [-1.6001432327902876, 55.1336554310401], [-1.5998632917180657, 55.133817127061775], [-1.5990234685014002, 55.13333203899674], [-1.599583350645844, 55.133008646953385], [-1.599583350645844, 55.13171507877996], [-1.599303409573622, 55.131553382758284], [-1.59594411670696, 55.131553382758284], [-1.595664175634738, 55.13171507877996], [-1.5962240577791817, 55.13203847082332], [-1.5962240577791817, 55.132361862866674], [-1.59594411670696, 55.13252355888835], [-1.5953842345625162, 55.13252355888835], [-1.5951042934902944, 55.13268525491003], [-1.5951042934902944, 55.133008646953385], [-1.595664175634738, 55.13333203899674], [-1.5953842345625162, 55.13349373501842], [-1.5942644702736288, 55.13349373501842], [-1.5937045881291851, 55.13317034297506], [-1.5931447059847414, 55.13317034297506], [-1.5925848238402978, 55.13284695093171], [-1.590345295262523, 55.13284695093171], [-1.5897854131180793, 55.13317034297506], [-1.5892255309736356, 55.13317034297506], [-1.588665648829192, 55.13349373501842], [-1.5875458845403045, 55.13349373501842], [-1.5872659434680827, 55.1336554310401], [-1.5872659434680827, 55.13397882308345], [-1.5875458845403045, 55.13414051910513], [-1.5881057666847482, 55.133817127061775], [-1.58838570775697, 55.13397882308345], [-1.5875458845403045, 55.13446391114849], [-1.5864261202514172, 55.13446391114849], [-1.5861461791791953, 55.13430221512681], [-1.5861461791791953, 55.13397882308345], [-1.5858662381069735, 55.133817127061775], [-1.5853063559625298, 55.133817127061775], [-1.584746473818086, 55.13349373501842], [-1.581387180951424, 55.13349373501842], [-1.5808272988069803, 55.13317034297506], [-1.5802674166625366, 55.13349373501842], [-1.5799874755903147, 55.13333203899674], [-1.5799874755903147, 55.133008646953385], [-1.5805473577347584, 55.13268525491003], [-1.5805473577347584, 55.13203847082332], [-1.5799874755903147, 55.13171507877996], [-1.5799874755903147, 55.13106829469325], [-1.5808272988069803, 55.130583206628216], [-1.581387180951424, 55.130583206628216], [-1.5816671220236458, 55.13042151060654], [-1.5816671220236458, 55.13009811856318], [-1.5819470630958676, 55.129936422541505], [-1.5825069452403113, 55.129936422541505], [-1.583066827384755, 55.13025981458486], [-1.5833467684569769, 55.13009811856318], [-1.5833467684569769, 55.12945133447647], [-1.5827868863125332, 55.129127942433115], [-1.5827868863125332, 55.12880455038976], [-1.5825069452403113, 55.12864285436808], [-1.5819470630958676, 55.12864285436808], [-1.5808272988069803, 55.12799607028137], [-1.5802674166625366, 55.12799607028137], [-1.5788677113014273, 55.12718759017298], [-1.5788677113014273, 55.126864198129624], [-1.579427593445871, 55.12654080608627], [-1.5783078291569836, 55.12589402199956], [-1.5788677113014273, 55.1255706299562], [-1.5785877702292055, 55.12540893393452], [-1.5769081237958744, 55.12540893393452], [-1.5763482416514307, 55.12573232597788], [-1.575788359506987, 55.12573232597788], [-1.5752284773625433, 55.126055718021234], [-1.574108713073656, 55.126055718021234], [-1.5735488309292123, 55.12573232597788], [-1.572429066640325, 55.12637911006459], [-1.5696296559181064, 55.12637911006459], [-1.568509891629219, 55.1270258941513], [-1.5679500094847754, 55.1270258941513], [-1.5676700684125535, 55.12718759017298], [-1.5676700684125535, 55.127510982216336], [-1.5673901273403317, 55.127672678238014], [-1.5662703630514443, 55.127672678238014], [-1.5659904219792224, 55.12783437425969], [-1.5659904219792224, 55.12815776630305], [-1.5665503041236661, 55.1284811583464], [-1.5659904219792224, 55.12880455038976], [-1.5659904219792224, 55.12945133447647], [-1.5662703630514443, 55.12961303049815], [-1.5673901273403317, 55.12961303049815], [-1.5676700684125535, 55.12977472651983], [-1.5671101862681098, 55.13009811856318], [-1.5673901273403317, 55.13025981458486], [-1.5679500094847754, 55.13025981458486], [-1.5682299505569972, 55.13042151060654], [-1.5682299505569972, 55.13106829469325], [-1.568509891629219, 55.13122999071493], [-1.5690697737736627, 55.13122999071493], [-1.5693497148458846, 55.131391686736606], [-1.5693497148458846, 55.13203847082332], [-1.5696296559181064, 55.132200166844996], [-1.5701895380625501, 55.13187677480164], [-1.570469479134772, 55.13203847082332], [-1.5699095969903283, 55.132361862866674], [-1.5701895380625501, 55.13252355888835], [-1.5713093023514375, 55.13252355888835], [-1.5715892434236594, 55.13268525491003], [-1.5713093023514375, 55.13284695093171], [-1.5701895380625501, 55.13284695093171], [-1.5696296559181064, 55.13317034297506], [-1.568509891629219, 55.13317034297506], [-1.5682299505569972, 55.13333203899674], [-1.5682299505569972, 55.1336554310401], [-1.568789832701441, 55.13397882308345], [-1.568789832701441, 55.13430221512681], [-1.5682299505569972, 55.134625607170165], [-1.5682299505569972, 55.13494899921352], [-1.5676700684125535, 55.135272391256876], [-1.5676700684125535, 55.1352783449057], [-1.567554839670163, 55.13522910263817], [-1.567318136371121, 55.13510610494154], [-1.567082282409889, 55.13508782953188], [-1.566952663095267, 55.135072702606266], [-1.566960084540924, 55.135051830450124], [-1.5664011589018956, 55.135035146590255], [-1.5665503041236661, 55.13494899921352], [-1.5665503041236661, 55.13430221512681], [-1.5671101862681098, 55.13397882308345], [-1.5671101862681098, 55.1336554310401], [-1.566830245195888, 55.13349373501842], [-1.5662703630514443, 55.13349373501842], [-1.5657104809070006, 55.13317034297506], [-1.565150598762557, 55.13317034297506], [-1.5643107755458914, 55.13268525491003], [-1.5643107755458914, 55.132361862866674], [-1.563191011257004, 55.13171507877996], [-1.563191011257004, 55.130744902649894], [-1.5629110701847821, 55.130583206628216], [-1.5626311291125603, 55.130744902649894], [-1.5626311291125603, 55.13171507877996], [-1.5623511880403385, 55.13187677480164], [-1.5617913058958948, 55.13187677480164], [-1.561511364823673, 55.13203847082332], [-1.5620712469681166, 55.132361862866674], [-1.561511364823673, 55.13268525491003], [-1.561511364823673, 55.133008646953385], [-1.5606715416070074, 55.13349373501842], [-1.55955177731812, 55.133857551067194], [-1.5589918951736763, 55.133857551067194], [-1.5584320130292326, 55.133817127061775], [-1.557872130884789, 55.13349373501842], [-1.5567523665959015, 55.13349373501842], [-1.5561924844514579, 55.133817127061775], [-1.5556326023070142, 55.133817127061775], [-1.5552826759667369, 55.1336554310401], [-1.5515954095295663, 55.1336554310401], [-1.550832735890716, 55.133547386420716], [-1.547619477277762, 55.133753325007454], [-1.542846324026736, 55.133785967677255], [-1.5426650061284637, 55.13385103082916], [-1.5421954308403656, 55.133817127061775]], [[-1.7546707046567462, 55.0757682552794], [-1.75523058680119, 55.075444863236044], [-1.754950645728968, 55.075283167214366], [-1.7543907635845244, 55.075283167214366], [-1.7529910582234152, 55.074474687105976], [-1.7529910582234152, 55.07415129506262], [-1.7535509403678589, 55.073827903019264], [-1.753270999295637, 55.073666206997586], [-1.7527111171511933, 55.073666206997586], [-1.7521512350067496, 55.07334281495423], [-1.7510314707178622, 55.07334281495423], [-1.7507515296456404, 55.07318111893255], [-1.7507515296456404, 55.0728577268892], [-1.7499117064289749, 55.07237263882416], [-1.7493518242845312, 55.07237263882416], [-1.7468323546345346, 55.07091737462906], [-1.7468323546345346, 55.069947198498994], [-1.7462724724900909, 55.06962380645564], [-1.7462724724900909, 55.06930041441228], [-1.7457125903456472, 55.06897702236893], [-1.7457125903456472, 55.06865363032557], [-1.7451527082012035, 55.068330238282215], [-1.7451527082012035, 55.0676834541955], [-1.7462724724900909, 55.06703667010879], [-1.7462724724900909, 55.066713278065436], [-1.745992531417869, 55.06655158204376], [-1.7454326492734253, 55.06655158204376], [-1.7451527082012035, 55.06638988602208], [-1.7451527082012035, 55.06541970989201], [-1.7448727671289816, 55.065258013870334], [-1.7437530028400943, 55.065258013870334], [-1.7434730617678724, 55.06541970989201], [-1.7434730617678724, 55.06574310193537], [-1.7440329439123161, 55.066066493978724], [-1.7440329439123161, 55.066713278065436], [-1.7437530028400943, 55.06687497408711], [-1.7431931206956506, 55.06687497408711], [-1.7426332385512069, 55.06719836613047], [-1.7420733564067632, 55.06719836613047], [-1.7415134742623195, 55.067521758173825], [-1.7409535921178758, 55.067521758173825], [-1.7403937099734321, 55.06784515021718], [-1.7392739456845447, 55.06784515021718], [-1.738994004612323, 55.06800684623886], [-1.738994004612323, 55.068330238282215], [-1.7395538867567666, 55.06865363032557], [-1.7395538867567666, 55.06897702236893], [-1.740673651045654, 55.06962380645564], [-1.740673651045654, 55.07027059054235], [-1.7403937099734321, 55.07043228656403], [-1.7398338278289884, 55.07043228656403], [-1.7392739456845447, 55.070755678607384], [-1.738714063540101, 55.070755678607384], [-1.7378742403234355, 55.07124076667242], [-1.7378742403234355, 55.07188755075913], [-1.7401137689012103, 55.07318111893255], [-1.7401137689012103, 55.07350451097591], [-1.740673651045654, 55.073827903019264], [-1.738994004612323, 55.07479807914933], [-1.7401137689012103, 55.075444863236044], [-1.7401137689012103, 55.076091647322755], [-1.7395538867567666, 55.07641503936611], [-1.7395538867567666, 55.07706182345282], [-1.7403937099734321, 55.07754691151786], [-1.7409535921178758, 55.07754691151786], [-1.7415134742623195, 55.07787030356121], [-1.7420733564067632, 55.07787030356121], [-1.7429131796234287, 55.078355391626246], [-1.7429131796234287, 55.0786787836696], [-1.7434730617678724, 55.07900217571296], [-1.7434730617678724, 55.07964895979967], [-1.7426332385512069, 55.0801340478647], [-1.7420733564067632, 55.0801340478647], [-1.7417934153345414, 55.08029574388638], [-1.7420733564067632, 55.08045743990806], [-1.7426332385512069, 55.08045743990806], [-1.7429131796234287, 55.08061913592974], [-1.742353297478985, 55.08094252797309], [-1.742353297478985, 55.08126592001645], [-1.7417934153345414, 55.081589312059805], [-1.7420733564067632, 55.08175100808148], [-1.7426332385512069, 55.08175100808148], [-1.7429131796234287, 55.08191270410316], [-1.7429131796234287, 55.08255948818987], [-1.7431931206956506, 55.08272118421155], [-1.7454326492734253, 55.08272118421155], [-1.745992531417869, 55.083044576254906], [-1.7482320599956438, 55.083044576254906], [-1.7487919421400875, 55.08336796829826], [-1.7499117064289749, 55.08336796829826], [-1.7501916475011967, 55.083206272276584], [-1.7501916475011967, 55.08288288023323], [-1.7504715885734186, 55.08272118421155], [-1.7521512350067496, 55.08272118421155], [-1.7527111171511933, 55.082397792168194], [-1.754950645728968, 55.082397792168194], [-1.7555105278734118, 55.08272118421155], [-1.7583099385956302, 55.08272118421155], [-1.7594297028845176, 55.08336796829826], [-1.7599895850289613, 55.083044576254906], [-1.7611093493178487, 55.083044576254906], [-1.7613892903900705, 55.08288288023323], [-1.7597096439567395, 55.08191270410316], [-1.7597096439567395, 55.081589312059805], [-1.7591497618122958, 55.08126592001645], [-1.7591497618122958, 55.08094252797309], [-1.758589879667852, 55.08061913592974], [-1.7591497618122958, 55.08029574388638], [-1.758869820740074, 55.0801340478647], [-1.7583099385956302, 55.0801340478647], [-1.756910233234521, 55.079325567756314], [-1.756910233234521, 55.07900217571296], [-1.7574701153789647, 55.0786787836696], [-1.7574701153789647, 55.07803199958289], [-1.7571901743067428, 55.07787030356121], [-1.7566302921622992, 55.07787030356121], [-1.7555105278734118, 55.0772235194745], [-1.754950645728968, 55.0772235194745], [-1.7546707046567462, 55.07706182345282], [-1.7546707046567462, 55.07673843140947], [-1.7541108225123025, 55.07641503936611], [-1.7546707046567462, 55.076091647322755], [-1.7546707046567462, 55.0757682552794]], [[-1.7252768920734525, 55.069138718390604], [-1.7258367742178962, 55.069138718390604], [-1.7263966563623399, 55.069138718390604], [-1.7266765974345617, 55.06897702236893], [-1.7266765974345617, 55.06865363032557], [-1.7263966563623399, 55.06849193430389], [-1.7230373634956777, 55.06849193430389], [-1.722477481351234, 55.06816854226054], [-1.7219175992067903, 55.06816854226054], [-1.7213577170623466, 55.06784515021718], [-1.720797834917903, 55.06784515021718], [-1.7199580117012374, 55.06736006215215], [-1.7199580117012374, 55.06703667010879], [-1.71883824741235, 55.06638988602208], [-1.71883824741235, 55.06380274967523], [-1.7193981295567937, 55.06347935763188], [-1.7193981295567937, 55.06315596558852], [-1.7199580117012374, 55.062832573545165], [-1.71883824741235, 55.062185789458454], [-1.71883824741235, 55.0618623974151], [-1.7185583063401282, 55.06170070139342], [-1.715199013473466, 55.06170070139342], [-1.7149190724012442, 55.0618623974151], [-1.7149190724012442, 55.062185789458454], [-1.7146391313290223, 55.06234748548013], [-1.7084804277401417, 55.06234748548013], [-1.707920545595698, 55.062024093436776], [-1.7073606634512544, 55.062024093436776], [-1.7068007813068107, 55.06170070139342], [-1.706240899162367, 55.06170070139342], [-1.7051211348734796, 55.06105391730671], [-1.704561252729036, 55.06105391730671], [-1.7031615473679267, 55.06024543719832], [-1.7031615473679267, 55.05992204515496], [-1.7020417830790393, 55.05927526106825], [-1.702601665223483, 55.058951869024895], [-1.702601665223483, 55.05862847698154], [-1.7031615473679267, 55.05830508493818], [-1.7031615473679267, 55.05798169289483], [-1.7037214295123704, 55.05765830085147], [-1.7037214295123704, 55.057334908808116], [-1.704281311656814, 55.05701151676476], [-1.704281311656814, 55.05636473267805], [-1.7040013705845922, 55.05620303665637], [-1.7017618420068175, 55.05620303665637], [-1.7012019598623738, 55.055879644613015], [-1.70064207771793, 55.055879644613015], [-1.7003621366457082, 55.05604134063469], [-1.7003621366457082, 55.05636473267805], [-1.700922018790152, 55.056688124721404], [-1.7000821955734864, 55.05717321278644], [-1.6995223134290427, 55.05717321278644], [-1.698962431284599, 55.057496604829794], [-1.697282784851268, 55.057496604829794], [-1.6967229027068242, 55.05781999687315], [-1.6950432562734932, 55.05781999687315], [-1.6947633152012713, 55.05798169289483], [-1.6947633152012713, 55.05862847698154], [-1.695323197345715, 55.058951869024895], [-1.695323197345715, 55.05959865311161], [-1.6928037276957184, 55.06105391730671], [-1.6922438455512747, 55.06105391730671], [-1.6911240812623873, 55.06170070139342], [-1.6905641991179436, 55.06170070139342], [-1.6900043169735, 55.062024093436776], [-1.6894444348290563, 55.062024093436776], [-1.6891644937568344, 55.062185789458454], [-1.6891644937568344, 55.06250918150181], [-1.6900043169735, 55.06299426956684], [-1.6905641991179436, 55.06299426956684], [-1.6908441401901655, 55.06315596558852], [-1.6908441401901655, 55.06347935763188], [-1.6902842580457218, 55.06380274967523], [-1.6902842580457218, 55.06412614171859], [-1.689724375901278, 55.064449533761945], [-1.6905641991179436, 55.06493462182698], [-1.6911240812623873, 55.06493462182698], [-1.6930836687679403, 55.066066493978724], [-1.6919639044790529, 55.066713278065436], [-1.6919639044790529, 55.06703667010879], [-1.6914040223346092, 55.06736006215215], [-1.691683963406831, 55.067521758173825], [-1.6922438455512747, 55.067521758173825], [-1.6928037276957184, 55.06784515021718], [-1.693363609840162, 55.06784515021718], [-1.695323197345715, 55.06897702236893], [-1.695323197345715, 55.06930041441228], [-1.6947633152012713, 55.06962380645564], [-1.6947633152012713, 55.069947198498994], [-1.6942034330568276, 55.07027059054235], [-1.6942034330568276, 55.07091737462906], [-1.693643550912384, 55.07124076667242], [-1.6939234919846058, 55.071402462694095], [-1.6984025491401553, 55.071402462694095], [-1.698962431284599, 55.07107907065074], [-1.70064207771793, 55.07107907065074], [-1.7017618420068175, 55.07172585473745], [-1.7034414884401485, 55.07172585473745], [-1.704561252729036, 55.07237263882416], [-1.7056810170179233, 55.07237263882416], [-1.706240899162367, 55.07204924678081], [-1.7073606634512544, 55.07204924678081], [-1.707920545595698, 55.07172585473745], [-1.7084804277401417, 55.07172585473745], [-1.7090403098845854, 55.07204924678081], [-1.7107199563179165, 55.07204924678081], [-1.7112798384623602, 55.07172585473745], [-1.715199013473466, 55.07172585473745], [-1.7157588956179097, 55.071402462694095], [-1.7185583063401282, 55.071402462694095], [-1.7191181884845719, 55.07172585473745], [-1.7202379527734593, 55.07107907065074], [-1.7230373634956777, 55.07107907065074], [-1.7233173045678996, 55.07091737462906], [-1.7233173045678996, 55.069947198498994], [-1.724157127784565, 55.06946211043396], [-1.7247170099290088, 55.06946211043396], [-1.7252768920734525, 55.069138718390604]], [[-1.6858052008901723, 55.07124076667242], [-1.6860851419623941, 55.071402462694095], [-1.686365083034616, 55.07124076667242], [-1.686365083034616, 55.070593982585706], [-1.6852453187457286, 55.069947198498994], [-1.6852453187457286, 55.06962380645564], [-1.6830057901679538, 55.068330238282215], [-1.6830057901679538, 55.06800684623886], [-1.6813261437346227, 55.06703667010879], [-1.6813261437346227, 55.066713278065436], [-1.6804863205179572, 55.0662281900004], [-1.6799264383735135, 55.0662281900004], [-1.6793665562290698, 55.06655158204376], [-1.677127027651295, 55.06655158204376], [-1.6765671455068514, 55.06687497408711], [-1.6760072633624077, 55.06687497408711], [-1.675447381217964, 55.06719836613047], [-1.6726479704957455, 55.06719836613047], [-1.6690087365568615, 55.065096317848656], [-1.6690087365568615, 55.062185789458454], [-1.6695686187013052, 55.0618623974151], [-1.6695686187013052, 55.06153900537174], [-1.6712482651346363, 55.060568829241674], [-1.6709683240624145, 55.06040713322], [-1.668168913340196, 55.06040713322], [-1.6676090311957523, 55.06008374117664], [-1.6670491490513086, 55.06008374117664], [-1.666489266906865, 55.059760349133285], [-1.6659293847624213, 55.059760349133285], [-1.6653695026179776, 55.05943695708993], [-1.6648096204735339, 55.05943695708993], [-1.662850032967981, 55.05830508493818], [-1.6634099151124246, 55.05798169289483], [-1.6634099151124246, 55.056688124721404], [-1.6639697972568683, 55.05636473267805], [-1.6639697972568683, 55.05539455654798], [-1.6636898561846465, 55.0552328605263], [-1.6631299740402028, 55.0552328605263], [-1.662570091895759, 55.05555625256966], [-1.6620102097513154, 55.05555625256966], [-1.6614503276068717, 55.055879644613015], [-1.659210799029097, 55.055879644613015], [-1.6586509168846533, 55.05555625256966], [-1.6575311525957659, 55.05555625256966], [-1.6569712704513222, 55.0552328605263], [-1.6564113883068785, 55.0552328605263], [-1.6558515061624348, 55.05490946848295], [-1.6552916240179911, 55.05490946848295], [-1.6550116829457693, 55.05474777246127], [-1.6550116829457693, 55.05442438041791], [-1.655571565090213, 55.05410098837456], [-1.655571565090213, 55.0537775963312], [-1.6552916240179911, 55.053615900309524], [-1.65361197758466, 55.053615900309524], [-1.6530520954402164, 55.05329250826617], [-1.651932331151329, 55.05329250826617], [-1.6513724490068853, 55.05296911622281], [-1.650252684717998, 55.05296911622281], [-1.6496928025735542, 55.05329250826617], [-1.6491329204291105, 55.05329250826617], [-1.6485730382846668, 55.053615900309524], [-1.6480131561402231, 55.053615900309524], [-1.6476632297999458, 55.053454204287846], [-1.646333509706892, 55.05365632431494], [-1.6440939811291173, 55.05365632431494], [-1.6422043788916199, 55.055071164504625], [-1.6410846146027325, 55.05571794859134], [-1.6426242904999526, 55.05604134063469], [-1.64297421684023, 55.055839220607595], [-1.6440939811291173, 55.055839220607595], [-1.6444439074693946, 55.05604134063469], [-1.6448638190777274, 55.05604134063469], [-1.6452137454180047, 55.055839220607595], [-1.646333509706892, 55.05551582856424], [-1.6485730382846668, 55.05551582856424], [-1.6488529793568887, 55.05571794859134], [-1.6488529793568887, 55.05604134063469], [-1.6494128615013324, 55.05636473267805], [-1.6494128615013324, 55.056688124721404], [-1.649972743645776, 55.05701151676476], [-1.649972743645776, 55.06024543719832], [-1.6494128615013324, 55.060568829241674], [-1.6494128615013324, 55.061215613328386], [-1.6488529793568887, 55.06153900537174], [-1.6488529793568887, 55.0618623974151], [-1.646613450779114, 55.06315596558852], [-1.646613450779114, 55.06412614171859], [-1.6460535686346702, 55.064449533761945], [-1.6460535686346702, 55.0647729258053], [-1.6454936864902265, 55.065096317848656], [-1.6454936864902265, 55.06574310193537], [-1.6457736275624484, 55.065904797957046], [-1.6485730382846668, 55.065904797957046], [-1.6491329204291105, 55.0662281900004], [-1.6513724490068853, 55.0662281900004], [-1.6516523900791071, 55.06638988602208], [-1.6516523900791071, 55.066713278065436], [-1.651932331151329, 55.06687497408711], [-1.65361197758466, 55.06687497408711], [-1.6541718597291037, 55.06655158204376], [-1.6552916240179911, 55.06655158204376], [-1.6558515061624348, 55.0662281900004], [-1.6580910347402096, 55.0662281900004], [-1.6586509168846533, 55.06655158204376], [-1.659210799029097, 55.06655158204376], [-1.6594907401013188, 55.066713278065436], [-1.6594907401013188, 55.06703667010879], [-1.6597706811735407, 55.06719836613047], [-1.6603305633179843, 55.06719836613047], [-1.660890445462428, 55.06687497408711], [-1.6620102097513154, 55.06687497408711], [-1.662570091895759, 55.06719836613047], [-1.6631299740402028, 55.06719836613047], [-1.6636898561846465, 55.067521758173825], [-1.666489266906865, 55.067521758173825], [-1.6670491490513086, 55.06784515021718], [-1.668168913340196, 55.06784515021718], [-1.6687287954846397, 55.06816854226054], [-1.675447381217964, 55.06816854226054], [-1.6757273222901858, 55.06800684623886], [-1.6757273222901858, 55.0676834541955], [-1.6760072633624077, 55.067521758173825], [-1.6788066740846261, 55.067521758173825], [-1.6793665562290698, 55.06784515021718], [-1.6799264383735135, 55.06784515021718], [-1.6802063794457354, 55.06800684623886], [-1.6802063794457354, 55.06930041441228], [-1.6804863205179572, 55.06946211043396], [-1.6821659669512883, 55.06946211043396], [-1.6830057901679538, 55.069947198498994], [-1.6830057901679538, 55.070593982585706], [-1.6832857312401757, 55.070755678607384], [-1.6855252598179504, 55.070755678607384], [-1.6858052008901723, 55.07091737462906], [-1.6858052008901723, 55.07124076667242]], [[-1.507202796812635, 55.07318111893255], [-1.5077626789570786, 55.0728577268892], [-1.5077626789570786, 55.07188755075913], [-1.5074827378848568, 55.07172585473745], [-1.5058030914515257, 55.07172585473745], [-1.5055231503793038, 55.07188755075913], [-1.5055231503793038, 55.072210942802485], [-1.505243209307082, 55.07237263882416], [-1.5046833271626383, 55.07237263882416], [-1.5041234450181946, 55.07269603086752], [-1.5018839164404199, 55.07269603086752], [-1.5013240342959762, 55.07237263882416], [-1.499644387862645, 55.07237263882416], [-1.4990845057182014, 55.07204924678081], [-1.4985246235737577, 55.07204924678081], [-1.4982446825015359, 55.07188755075913], [-1.4981746972334804, 55.07124076667242], [-1.4976148150890367, 55.070593982585706], [-1.497194903480704, 55.070593982585706], [-1.497194903480704, 55.07091737462906], [-1.4968449771404266, 55.07107907065074], [-1.496285094995983, 55.070755678607384], [-1.4957252128515393, 55.070755678607384], [-1.4920859789126553, 55.06865363032557], [-1.4920859789126553, 55.06736006215215], [-1.4915260967682116, 55.06703667010879], [-1.4915260967682116, 55.066066493978724], [-1.4920859789126553, 55.06574310193537], [-1.4920859789126553, 55.065096317848656], [-1.492645861057099, 55.0647729258053], [-1.492365919984877, 55.06461122978362], [-1.490686273551546, 55.06461122978362], [-1.4901263914071023, 55.06493462182698], [-1.4895665092626587, 55.06493462182698], [-1.489006627118215, 55.065258013870334], [-1.4878868628293276, 55.065258013870334], [-1.487047039612662, 55.06574310193537], [-1.487047039612662, 55.066066493978724], [-1.4892865681904368, 55.06736006215215], [-1.4892865681904368, 55.06800684623886], [-1.4898464503348805, 55.068330238282215], [-1.4898464503348805, 55.070593982585706], [-1.4892865681904368, 55.07091737462906], [-1.4892865681904368, 55.07124076667242], [-1.4867670985404402, 55.07269603086752], [-1.4862072163959965, 55.07269603086752], [-1.4856473342515528, 55.073019422910875], [-1.4845275699626654, 55.073019422910875], [-1.4839676878182217, 55.07334281495423], [-1.4828479235293344, 55.07334281495423], [-1.4825679824571125, 55.07350451097591], [-1.4825679824571125, 55.07415129506262], [-1.4822880413848907, 55.0743129910843], [-1.481728159240447, 55.0743129910843], [-1.4811682770960033, 55.074636383127654], [-1.4794886306626722, 55.074636383127654], [-1.4792086895904504, 55.07479807914933], [-1.4792086895904504, 55.07512147119269], [-1.4789287485182285, 55.075283167214366], [-1.4783688663737848, 55.075283167214366], [-1.478088925301563, 55.075444863236044], [-1.4783688663737848, 55.07560655925772], [-1.4789287485182285, 55.07560655925772], [-1.4794886306626722, 55.07592995130108], [-1.480048512807116, 55.07592995130108], [-1.4803284538793378, 55.076091647322755], [-1.4803284538793378, 55.07706182345282], [-1.4820081003126688, 55.07803199958289], [-1.4814482181682251, 55.078355391626246], [-1.4814482181682251, 55.0786787836696], [-1.4808883360237814, 55.07900217571296], [-1.4808883360237814, 55.07964895979967], [-1.4803284538793378, 55.079972351843026], [-1.4803284538793378, 55.08029574388638], [-1.4792086895904504, 55.08094252797309], [-1.4792086895904504, 55.08126592001645], [-1.4794886306626722, 55.08142761603813], [-1.4806083949515596, 55.080780831951415], [-1.4828479235293344, 55.080780831951415], [-1.483407805673778, 55.08045743990806], [-1.4839676878182217, 55.08045743990806], [-1.4845275699626654, 55.080780831951415], [-1.4856473342515528, 55.080780831951415], [-1.4862072163959965, 55.08110422399477], [-1.4867670985404402, 55.08110422399477], [-1.487326980684884, 55.080780831951415], [-1.4895665092626587, 55.080780831951415], [-1.4901263914071023, 55.08045743990806], [-1.4912461556959897, 55.08045743990806], [-1.4918060378404334, 55.0801340478647], [-1.4929258021293208, 55.0801340478647], [-1.4937656253459863, 55.07964895979967], [-1.4937656253459863, 55.07900217571296], [-1.4932057432015426, 55.0786787836696], [-1.4932057432015426, 55.07803199958289], [-1.4934856842737645, 55.07787030356121], [-1.4940455664182082, 55.07787030356121], [-1.4946054485626519, 55.07754691151786], [-1.4951653307070956, 55.07754691151786], [-1.4954452717793174, 55.07738521549618], [-1.4948853896348737, 55.07706182345282], [-1.4948853896348737, 55.07673843140947], [-1.4951653307070956, 55.07657673538779], [-1.4957252128515393, 55.07657673538779], [-1.496285094995983, 55.07625334334443], [-1.4974048592848703, 55.07625334334443], [-1.4976848003570922, 55.076091647322755], [-1.4976848003570922, 55.075444863236044], [-1.4985246235737577, 55.07495977517101], [-1.506922855740413, 55.07495977517101], [-1.507202796812635, 55.07479807914933], [-1.507202796812635, 55.07318111893255]]], [[[-1.5614413795556175, 55.134625607170165], [-1.5617913058958948, 55.13446391114849], [-1.5623511880403385, 55.13414051910513], [-1.5640308344736695, 55.13414051910513], [-1.5643107755458914, 55.13430221512681], [-1.5643107755458914, 55.13487969428423], [-1.5613547570931157, 55.13462855033318], [-1.5614413795556175, 55.134625607170165]]], [[[-1.5718691844958812, 55.13672765545198], [-1.572149125568103, 55.136889351473656], [-1.5718475288477052, 55.13706355595695], [-1.571061509139454, 55.13672765545198], [-1.5718691844958812, 55.13672765545198]]], [[[-1.621138813206926, 54.9601960237851], [-1.6200190489180386, 54.96084280787181], [-1.6188992846291512, 54.96116619991517], [-1.6172196381958202, 54.961489591958525], [-1.608261523884721, 54.96666386465222], [-1.6079728346539923, 54.96707315770709], [-1.608261523884721, 54.966906408684736], [-1.6086114502249984, 54.96710852871183], [-1.608261523884721, 54.96731064873893], [-1.6079373815905695, 54.96712342176646], [-1.607491685936111, 54.967755312798545], [-1.6071417595958337, 54.96795743282564], [-1.6060219953069463, 54.96731064873893], [-1.604902231018059, 54.96795743282564], [-1.6037824667291716, 54.968280824869], [-1.6021028202958405, 54.96892760895571], [-1.5998632917180657, 54.969251000999066], [-1.5948243524180725, 54.97022117712913], [-1.5914650595514104, 54.97022117712913], [-1.591115133211133, 54.970019057102036], [-1.5892255309736356, 54.96957439304242], [-1.5875458845403045, 54.969251000999066], [-1.5866360760555835, 54.96872548892861], [-1.5855163117666962, 54.967755312798545], [-1.583836665333365, 54.96646174462512], [-1.5827169010444777, 54.965491568495054], [-1.5802674166625366, 54.96440012034873], [-1.5799174903222593, 54.96419800032163], [-1.5785877702292055, 54.963753336262016], [-1.5746685952180997, 54.963753336262016], [-1.5718691844958812, 54.96440012034873], [-1.5696296559181064, 54.96440012034873], [-1.5692797295778291, 54.96419800032163], [-1.5673901273403317, 54.963753336262016], [-1.5657104809070006, 54.96342994421866], [-1.5653605545667233, 54.96322782419156], [-1.5629110701847821, 54.96245976808859], [-1.5580820866889553, 54.95967051171465], [-1.5545128380181268, 54.95857906356832], [-1.5541629116778495, 54.958376943541225], [-1.5537430000695167, 54.958376943541225], [-1.5533930737292394, 54.95857906356832], [-1.5528331915847957, 54.95857906356832], [-1.5524832652445184, 54.958376943541225], [-1.5520633536361856, 54.958376943541225], [-1.5517134272959083, 54.95857906356832], [-1.5494738987181336, 54.959225847655034], [-1.5483541344292462, 54.959872631741746], [-1.5472343701403588, 54.9601960237851], [-1.541635548695922, 54.96084280787181], [-1.5371564915403724, 54.96116619991517], [-1.5347070071584312, 54.96355121623492], [-1.5341471250139875, 54.965491568495054], [-1.5330273607251002, 54.96872548892861], [-1.5330273607251002, 54.9709892332321], [-1.5324674785806565, 54.97681029001251], [-1.5319075964362128, 54.97810385818593], [-1.5307878321473254, 54.979397426359355], [-1.5302279500028817, 54.98069099453278], [-1.5298780236626044, 54.980893114559876], [-1.5291081857139943, 54.981661170662846], [-1.528758259373717, 54.981863290689944], [-1.527988421425107, 54.982631346792914], [-1.5276384950848296, 54.98283346682001], [-1.5265187307959422, 54.98315685886337], [-1.5257488928473322, 54.98392491496634], [-1.5253989665070549, 54.984127034993435], [-1.5237193200737238, 54.98445042703679], [-1.5225995557848364, 54.9850972111235], [-1.5209199093515053, 54.98542060316686], [-1.5181204986292869, 54.985743995210214], [-1.5164408521959558, 54.985743995210214], [-1.5130815593292937, 54.986390779296926], [-1.5114019128959626, 54.986390779296926], [-1.5110519865556853, 54.98618865926983], [-1.5067128999362467, 54.98618865926983], [-1.5063629735959694, 54.986390779296926], [-1.506013047255692, 54.98618865926983], [-1.5046833271626383, 54.986390779296926], [-1.492365919984877, 54.986390779296926], [-1.4920159936445998, 54.98618865926983], [-1.491596082036267, 54.98618865926983], [-1.4912461556959897, 54.986390779296926], [-1.4895665092626587, 54.986390779296926], [-1.4892165829223813, 54.98618865926983], [-1.4781589105696185, 54.98618865926983], [-1.4778089842293411, 54.986390779296926], [-1.472770044929348, 54.986390779296926], [-1.4724201185890706, 54.98618865926983], [-1.4720002069807379, 54.98618865926983], [-1.4716502806404606, 54.986390779296926], [-1.4694107520626858, 54.986390779296926], [-1.4690608257224085, 54.98618865926983], [-1.467171223484911, 54.98542060316686], [-1.4643718127626926, 54.9850972111235], [-1.4640218864224153, 54.984895091096405], [-1.4613624462363077, 54.984895091096405], [-1.4610125198960304, 54.9850972111235], [-1.4587729913182557, 54.98542060316686], [-1.4559735805960372, 54.985743995210214], [-1.4531741698738188, 54.986390779296926], [-1.4503747591516003, 54.98671417134028], [-1.4498148770071566, 54.98671417134028], [-1.4496049212029902, 54.98748222744325], [-1.4484851569141028, 54.98845240357332], [-1.4479252747696592, 54.98942257970339], [-1.446245628336328, 54.99071614787681], [-1.4456857461918844, 54.99136293196352], [-1.4451258640474407, 54.99233310809359], [-1.4447759377071634, 54.99253522812069], [-1.4434462176141096, 54.994273460353725], [-1.4430962912738323, 54.99447558038082], [-1.4412066890363349, 54.996537204657216], [-1.4400869247474475, 54.998154164873995], [-1.4400869247474475, 55.00074130122084], [-1.4406468068918912, 55.00138808530755], [-1.4406468068918912, 55.00235826143762], [-1.4400869247474475, 55.00332843756769], [-1.43896716045856, 55.00462200574111], [-1.4386172341182828, 55.00482412576821], [-1.436377705540508, 55.00579430189828], [-1.4341381769627333, 55.00611769394163], [-1.4330184126738459, 55.00644108598499], [-1.4313387662405148, 55.0070878700717], [-1.42909923766274, 55.007411262115056], [-1.4285393555182964, 55.007411262115056], [-1.4262998269405216, 55.00805804620177], [-1.425739944796078, 55.00805804620177], [-1.4253900184558006, 55.00785592617467], [-1.4237103720224695, 55.00559218187118], [-1.4220307255891385, 55.00462200574111], [-1.4179015947738662, 55.00385394963814], [-1.4167818304849789, 55.0041773416815], [-1.4160119925363688, 55.00494539778447], [-1.414542301907204, 55.00579430189828], [-1.4139824197627604, 55.00579430189828], [-1.413632493422483, 55.00559218187118], [-1.413632493422483, 55.003651829611044], [-1.4125127291335957, 55.00138808530755], [-1.4113929648447083, 55.00009451713413], [-1.4108330827002646, 54.99880094896071], [-1.4091534362669336, 54.99750738078728], [-1.4080336719780462, 54.996537204657216], [-1.4063540255447151, 54.99524363648379], [-1.404674379111384, 54.994273460353725], [-1.402224894729443, 54.99382879629411], [-1.4011051304405555, 54.993505404250755], [-1.4008251893683337, 54.99330328422366], [-1.4011051304405555, 54.99310116419656], [-1.401315086244722, 54.992656500136945], [-1.4013850715127774, 54.99233310809359], [-1.4013850715127774, 54.991039539920166], [-1.40026530722389, 54.990392755833454], [-1.40026530722389, 54.9900693637901], [-1.4005452482961118, 54.98990766776842], [-1.4016650125849992, 54.98990766776842], [-1.402224894729443, 54.989584275725065], [-1.4027847768738866, 54.989584275725065], [-1.4030647179461084, 54.98942257970339], [-1.4030647179461084, 54.98845240357332], [-1.4027847768738866, 54.98829070755164], [-1.4011051304405555, 54.98829070755164], [-1.4005452482961118, 54.988614099595], [-1.3999853661516681, 54.98829070755164], [-1.3994254840072244, 54.98829070755164], [-1.3977458375738934, 54.987320531421574], [-1.3960661911405623, 54.987320531421574], [-1.3943865447072312, 54.986350355291506], [-1.3938266625627875, 54.986350355291506], [-1.3932667804183438, 54.98602696324815], [-1.3915871339850128, 54.98602696324815], [-1.391027251840569, 54.986350355291506], [-1.3887877232627943, 54.98505678711808], [-1.3882278411183506, 54.98505678711808], [-1.3879479000461288, 54.984895091096405], [-1.3879479000461288, 54.98457169905305], [-1.3854284303961322, 54.98311643485795], [-1.3848685482516885, 54.98311643485795], [-1.3845886071794666, 54.98295473883627], [-1.3845886071794666, 54.982631346792914], [-1.384028725035023, 54.98230795474956], [-1.384028725035023, 54.98133777861949], [-1.3834688428905793, 54.981014386576135], [-1.3834688428905793, 54.98069099453278], [-1.3809493732405826, 54.98056972251652], [-1.3783599183225306, 54.979074034316], [-1.3778000361780869, 54.97842725022929], [-1.3710814504447626, 54.97454654570902], [-1.3686319660628214, 54.9741018816494], [-1.3677221575781005, 54.97357636957895], [-1.3663924374850467, 54.973131705519336], [-1.3661124964128248, 54.97292958549224], [-1.3661124964128248, 54.97195940936217], [-1.3652726731961593, 54.97147432129714], [-1.3647127910517156, 54.97147432129714], [-1.3633130856906064, 54.97066584118875], [-1.3633130856906064, 54.969372273015324], [-1.3627532035461627, 54.96904888097197], [-1.3633130856906064, 54.96872548892861], [-1.3633130856906064, 54.96840209688526], [-1.3630331446183845, 54.96824040086358], [-1.3624732624739408, 54.96824040086358], [-1.362193321401719, 54.9680787048419], [-1.362193321401719, 54.967755312798545], [-1.3619133803294972, 54.96759361677687], [-1.3613534981850535, 54.96759361677687], [-1.3610735571128316, 54.96743192075519], [-1.3613534981850535, 54.96727022473351], [-1.3619133803294972, 54.96727022473351], [-1.362193321401719, 54.96710852871183], [-1.362193321401719, 54.966138352581766], [-1.3613534981850535, 54.96565326451673], [-1.3607936160406098, 54.96565326451673], [-1.360233733896166, 54.965329872473376], [-1.3596738517517224, 54.965329872473376], [-1.3588340285350569, 54.96484478440834], [-1.3588340285350569, 54.964521392364986], [-1.3582741463906132, 54.96419800032163], [-1.358554087462835, 54.96403630429995], [-1.3591139696072787, 54.96403630429995], [-1.3593939106795006, 54.963874608278275], [-1.3593939106795006, 54.96355121623492], [-1.3582741463906132, 54.96290443214821], [-1.3582741463906132, 54.96128747193143], [-1.3588340285350569, 54.96096407988807], [-1.3582741463906132, 54.960640687844716], [-1.3588340285350569, 54.96031729580136], [-1.3588340285350569, 54.959993903758004], [-1.3591139696072787, 54.959832207736326], [-1.3596738517517224, 54.959832207736326], [-1.360233733896166, 54.95950881569297], [-1.3607936160406098, 54.959832207736326], [-1.3610735571128316, 54.95967051171465], [-1.3610735571128316, 54.95902372762794], [-1.360513674968388, 54.95870033558458], [-1.3613534981850535, 54.95821524751955], [-1.3619133803294972, 54.95821524751955], [-1.3624732624739408, 54.95789185547619], [-1.3635930267628282, 54.95789185547619], [-1.36387296783505, 54.95773015945451], [-1.36387296783505, 54.95740676741116], [-1.3635930267628282, 54.95724507138948], [-1.3619133803294972, 54.95724507138948], [-1.3610735571128316, 54.956759983324446], [-1.3610735571128316, 54.956113199237734], [-1.360513674968388, 54.95578980719438], [-1.3610735571128316, 54.95546641515102], [-1.3610735571128316, 54.95514302310767], [-1.3616334392572753, 54.95481963106431], [-1.3613534981850535, 54.95465793504263], [-1.360233733896166, 54.95465793504263], [-1.3596738517517224, 54.95433454299928], [-1.358554087462835, 54.95433454299928], [-1.3582741463906132, 54.9541728469776], [-1.3582741463906132, 54.95320267084753], [-1.3577142642461695, 54.952879278804176], [-1.3577142642461695, 54.95255588676082], [-1.3571543821017258, 54.952232494717464], [-1.3571543821017258, 54.95158571063075], [-1.3577142642461695, 54.951262318587396], [-1.3577142642461695, 54.95029214245733], [-1.3571543821017258, 54.94996875041397], [-1.3571543821017258, 54.94932196632726], [-1.3577142642461695, 54.94867518224055], [-1.3579942053183913, 54.94847306221345], [-1.358554087462835, 54.948149670170096], [-1.3604436897003325, 54.94641143793706], [-1.3624732624739408, 54.94523914177989], [-1.363243100422551, 54.94447108567692], [-1.3638029825669946, 54.9431775175035], [-1.3643628647114383, 54.94253073341679], [-1.364922746855882, 54.94156055728672], [-1.3654826290003257, 54.94091377320001], [-1.366602393289213, 54.93832663685316], [-1.3671622754336568, 54.937356460723095], [-1.3669523196294904, 54.9323843080565], [-1.3666723785572685, 54.9321821880294], [-1.3666723785572685, 54.93153540394269], [-1.3661124964128248, 54.93121201189933], [-1.3661124964128248, 54.93088861985598], [-1.3666723785572685, 54.92894826759584], [-1.3669523196294904, 54.928746147568745], [-1.3671622754336568, 54.92830148350913], [-1.367512201773934, 54.92813978748745], [-1.367792142846156, 54.927978091465775], [-1.367512201773934, 54.9278163954441], [-1.3669523196294904, 54.9278163954441], [-1.3666723785572685, 54.92765469942242], [-1.3666723785572685, 54.92733130737906], [-1.3669523196294904, 54.927169611357385], [-1.3680720839183778, 54.927169611357385], [-1.3683520249905996, 54.92700791533571], [-1.3680720839183778, 54.92684621931403], [-1.3663924374850467, 54.92684621931403], [-1.3661124964128248, 54.92668452329235], [-1.3661124964128248, 54.926361131248996], [-1.3666723785572685, 54.92603773920564], [-1.3661124964128248, 54.925714347162284], [-1.3661124964128248, 54.92506756307557], [-1.3663924374850467, 54.924905867053894], [-1.3666723785572685, 54.92506756307557], [-1.3666723785572685, 54.92539095511893], [-1.367512201773934, 54.92587604318396], [-1.3686319660628214, 54.92587604318396], [-1.3691918482072651, 54.925552651140606], [-1.3697517303517088, 54.925552651140606], [-1.3700316714239307, 54.92539095511893], [-1.3700316714239307, 54.92442077898886], [-1.3705915535683744, 54.924097386945505], [-1.3705915535683744, 54.92312721081544], [-1.371151435712818, 54.92280381877208], [-1.3705915535683744, 54.922480426728725], [-1.371151435712818, 54.92215703468537], [-1.371151435712818, 54.921833642642014], [-1.37143137678504, 54.921671946620336], [-1.3719912589294836, 54.921671946620336], [-1.373111023218371, 54.921025162533624], [-1.3733909642905928, 54.9211868585553], [-1.3728310821461491, 54.92151025059866], [-1.3728310821461491, 54.92215703468537], [-1.3717113178572617, 54.92280381877208], [-1.3719912589294836, 54.92296551479376], [-1.3742307875072584, 54.92296551479376], [-1.3745107285794802, 54.92280381877208], [-1.3745107285794802, 54.92215703468537], [-1.3739508464350365, 54.921833642642014], [-1.374790669651702, 54.92134855457698], [-1.3753505517961457, 54.921671946620336], [-1.3759104339405894, 54.921671946620336], [-1.3761903750128113, 54.92151025059866], [-1.3761903750128113, 54.9211868585553], [-1.3759104339405894, 54.921025162533624], [-1.3753505517961457, 54.921025162533624], [-1.375070610723924, 54.920863466511946], [-1.375070610723924, 54.920216682425234], [-1.3753505517961457, 54.92005498640356], [-1.3759104339405894, 54.92005498640356], [-1.3761903750128113, 54.91989329038188], [-1.3761903750128113, 54.91956989833852], [-1.3764703160850331, 54.919408202316845], [-1.3781499625183642, 54.919408202316845], [-1.378429903590586, 54.91924650629517], [-1.3781499625183642, 54.91908481027349], [-1.3770301982294768, 54.91908481027349], [-1.376750257157255, 54.91892311425181], [-1.3770301982294768, 54.91876141823013], [-1.3792697268072516, 54.91876141823013], [-1.3795496678794734, 54.91892311425181], [-1.3795496678794734, 54.91924650629517], [-1.3798296089516953, 54.919408202316845], [-1.3826290196739137, 54.919408202316845], [-1.3829089607461356, 54.91924650629517], [-1.3823490786016919, 54.91892311425181], [-1.3823490786016919, 54.918599722208455], [-1.3829089607461356, 54.9182763301651], [-1.3829089607461356, 54.91730615403503], [-1.3834688428905793, 54.916982761991676], [-1.3831889018183574, 54.91682106597], [-1.3815092553850263, 54.91682106597], [-1.3809493732405826, 54.917144458013354], [-1.3792697268072516, 54.917144458013354], [-1.3789897857350297, 54.91730615403503], [-1.3792697268072516, 54.91746785005671], [-1.3798296089516953, 54.91746785005671], [-1.380109550023917, 54.91762954607839], [-1.3798296089516953, 54.917791242100066], [-1.3792697268072516, 54.917791242100066], [-1.3789897857350297, 54.91795293812174], [-1.3795496678794734, 54.9182763301651], [-1.3792697268072516, 54.91843802618678], [-1.3787098446628079, 54.91843802618678], [-1.378429903590586, 54.9182763301651], [-1.378429903590586, 54.91795293812174], [-1.3778700214461423, 54.91762954607839], [-1.378429903590586, 54.91730615403503], [-1.3773101393016987, 54.91665936994832], [-1.3778700214461423, 54.916335977904964], [-1.3775900803739205, 54.916174281883286], [-1.3770301982294768, 54.916174281883286], [-1.376750257157255, 54.91601258586161], [-1.376750257157255, 54.91568919381825], [-1.3756304928683676, 54.91504240973154], [-1.3759104339405894, 54.91488071370986], [-1.3764703160850331, 54.91520410575322], [-1.376750257157255, 54.91504240973154], [-1.376750257157255, 54.91439562564483], [-1.3756304928683676, 54.91374884155812], [-1.3759104339405894, 54.91358714553644], [-1.3764703160850331, 54.91358714553644], [-1.3770301982294768, 54.913910537579795], [-1.3781499625183642, 54.913910537579795], [-1.3787098446628079, 54.91423392962315], [-1.380389491096139, 54.91423392962315], [-1.3806694321683608, 54.91407223360147], [-1.3806694321683608, 54.91342544951476], [-1.380109550023917, 54.913102057471406], [-1.380109550023917, 54.91277866542805], [-1.380389491096139, 54.91261696940637], [-1.3809493732405826, 54.91261696940637], [-1.3829089607461356, 54.91148509725463], [-1.3823490786016919, 54.91051492112456], [-1.3826290196739137, 54.91031280109746], [-1.3831889018183574, 54.91031280109746], [-1.3834688428905793, 54.91051492112456], [-1.383748783962801, 54.91067661714624], [-1.3854284303961322, 54.91067661714624], [-1.385708371468354, 54.910838313167915], [-1.385708371468354, 54.91180848929798], [-1.3854284303961322, 54.91197018531966], [-1.3843086661072448, 54.91197018531966], [-1.384028725035023, 54.91213188134134], [-1.384028725035023, 54.912455273384694], [-1.3845886071794666, 54.91277866542805], [-1.3845886071794666, 54.913102057471406], [-1.3848685482516885, 54.913263753493084], [-1.3859883125405759, 54.913263753493084], [-1.3862682536127977, 54.91342544951476], [-1.3862682536127977, 54.91374884155812], [-1.3868281357572414, 54.91407223360147], [-1.3868281357572414, 54.91439562564483], [-1.3882278411183506, 54.91520410575322], [-1.3887877232627943, 54.91520410575322], [-1.3890676643350162, 54.9153658017749], [-1.3885077821905725, 54.91568919381825], [-1.3890676643350162, 54.91601258586161], [-1.3890676643350162, 54.916335977904964], [-1.389347605407238, 54.91649767392664], [-1.3899074875516817, 54.91649767392664], [-1.391027251840569, 54.91585088983993], [-1.3915871339850128, 54.91585088983993], [-1.39193706032529, 54.91601258586161], [-1.3921470161294565, 54.91613385787787], [-1.3924269572016783, 54.916335977904964], [-1.3943865447072312, 54.91742742605129], [-1.3960661911405623, 54.917750818094646], [-1.396626073285006, 54.917791242100066], [-1.398305719718337, 54.91746785005671], [-1.3994254840072244, 54.917104034007934], [-1.4001953219558345, 54.916335977904964], [-1.401315086244722, 54.9153658017749], [-1.4016650125849992, 54.9151636817478], [-1.4024348505336093, 54.91439562564483], [-1.4027847768738866, 54.91419350561773], [-1.4100632447516546, 54.91419350561773], [-1.4104131710919319, 54.91439562564483], [-1.4115329353808193, 54.9153658017749], [-1.413772463958594, 54.91665936994832], [-1.4151021840516478, 54.917104034007934], [-1.41846147691831, 54.91742742605129], [-1.4240602983627468, 54.91742742605129], [-1.425739944796078, 54.917104034007934], [-1.4279794733738527, 54.91645724992122], [-1.4302190019516274, 54.91613385787787], [-1.4330184126738459, 54.9151636817478], [-1.4352579412516207, 54.913870113574376], [-1.4402968805516139, 54.91289993744431], [-1.443656173418276, 54.91192976131424], [-1.4449858935113298, 54.91148509725463], [-1.445335819851607, 54.91132340123295], [-1.4458957019960508, 54.91128297722753], [-1.4466655399446608, 54.910838313167915], [-1.4470154662849382, 54.91067661714624], [-1.4475753484293818, 54.91067661714624], [-1.4481352305738255, 54.91035322510288], [-1.4486951127182692, 54.91067661714624], [-1.449254994862713, 54.91067661714624], [-1.4512145823682658, 54.90954474499449], [-1.4512145823682658, 54.909221352951135], [-1.4514945234404877, 54.90812990480481], [-1.4498148770071566, 54.90910008093488], [-1.449254994862713, 54.90910008093488], [-1.4486951127182692, 54.90905965692946], [-1.4475753484293818, 54.90905965692946], [-1.4470154662849382, 54.90938304897281], [-1.445335819851607, 54.90938304897281], [-1.4447759377071634, 54.90970644101617], [-1.4442160555627197, 54.90938304897281], [-1.443656173418276, 54.90970644101617], [-1.4428163502016105, 54.909221352951135], [-1.443656173418276, 54.9087362648861], [-1.4442160555627197, 54.90905965692946], [-1.4447759377071634, 54.90905965692946], [-1.4450558787793852, 54.90889796090778], [-1.4450558787793852, 54.90792778477771], [-1.4447759377071634, 54.907766088756034], [-1.4442160555627197, 54.907766088756034], [-1.4439361144904979, 54.907604392734356], [-1.4439361144904979, 54.907281000691], [-1.4444959966349415, 54.906957608647645], [-1.4442160555627197, 54.90679591262597], [-1.443656173418276, 54.90679591262597], [-1.4433762323460542, 54.90663421660429], [-1.4433762323460542, 54.90631082456093], [-1.445615760923829, 54.90501725638751], [-1.445615760923829, 54.904693864344154], [-1.445335819851607, 54.904532168322476], [-1.4442160555627197, 54.904532168322476], [-1.4430962912738323, 54.903885384235764], [-1.4425364091293886, 54.903885384235764], [-1.4422564680571668, 54.90404708025744], [-1.4422564680571668, 54.9043704723008], [-1.4408567626960576, 54.90517895240919], [-1.4402968805516139, 54.90517895240919], [-1.440016939479392, 54.905340648430865], [-1.440016939479392, 54.90566404047422], [-1.4394570573349483, 54.90598743251758], [-1.4394570573349483, 54.90631082456093], [-1.440016939479392, 54.90663421660429], [-1.440016939479392, 54.906957608647645], [-1.4405768216238357, 54.907281000691], [-1.4391771162627265, 54.90808948079939], [-1.438337293046061, 54.907604392734356], [-1.438337293046061, 54.906957608647645], [-1.438057351973839, 54.90679591262597], [-1.4374974698293954, 54.90679591262597], [-1.4372175287571736, 54.906957608647645], [-1.4377774109016173, 54.907281000691], [-1.4377774109016173, 54.907604392734356], [-1.4374974698293954, 54.907766088756034], [-1.4372175287571736, 54.907604392734356], [-1.4372175287571736, 54.907281000691], [-1.4369375876849517, 54.90711930466932], [-1.4366576466127299, 54.907281000691], [-1.4366576466127299, 54.907604392734356], [-1.436377705540508, 54.907766088756034], [-1.4352579412516207, 54.907766088756034], [-1.4349780001793988, 54.90792778477771], [-1.4349780001793988, 54.90825117682107], [-1.4355378823238425, 54.908574568864424], [-1.434698059107177, 54.90905965692946], [-1.4335782948182896, 54.90905965692946], [-1.4332983537460677, 54.909221352951135], [-1.4338582358905114, 54.90954474499449], [-1.4338582358905114, 54.90986813703785], [-1.4344181180349551, 54.9101915290812], [-1.4344181180349551, 54.910838313167915], [-1.4330184126738459, 54.911646793276304], [-1.4324585305294022, 54.911646793276304], [-1.4321785894571804, 54.91180848929798], [-1.4341381769627333, 54.91261696940637], [-1.4344881033030106, 54.91277866542805], [-1.4307788840960711, 54.91492113771528], [-1.4296591198071837, 54.91524452975864], [-1.4251800626516342, 54.91589131384535], [-1.421820769784972, 54.91653809793206], [-1.41846147691831, 54.91653809793206], [-1.4151021840516478, 54.916214705888706], [-1.4139824197627604, 54.91589131384535], [-1.413632493422483, 54.91568919381825], [-1.4125127291335957, 54.914719017688185], [-1.4078237161738798, 54.91362756954186], [-1.4074737898336025, 54.91342544951476], [-1.4061440697405487, 54.91362756954186], [-1.402224894729443, 54.913950961585215], [-1.4011051304405555, 54.91427435362857], [-1.4003352924919454, 54.91504240973154], [-1.3997754103475017, 54.91568919381825], [-1.3986556460586144, 54.916335977904964], [-1.398305719718337, 54.91649767392664], [-1.3977458375738934, 54.91653809793206], [-1.3943865447072312, 54.91653809793206], [-1.3935467214905657, 54.91601258586161], [-1.3934767362225102, 54.91568919381825], [-1.3934767362225102, 54.9153658017749], [-1.3935467214905657, 54.91504240973154], [-1.3941066036350094, 54.914719017688185], [-1.392986839346122, 54.91407223360147], [-1.392986839346122, 54.91374884155812], [-1.3935467214905657, 54.91342544951476], [-1.392986839346122, 54.91277866542805], [-1.3929168540780665, 54.912455273384694], [-1.3923569719336228, 54.91180848929798], [-1.3924269572016783, 54.91148509725463], [-1.3924269572016783, 54.91116170521127], [-1.391307192912791, 54.91051492112456], [-1.391307192912791, 54.90889796090778], [-1.3918670750572346, 54.908574568864424], [-1.3918670750572346, 54.90825117682107], [-1.3924269572016783, 54.90792778477771], [-1.3924269572016783, 54.907604392734356], [-1.3921470161294565, 54.90744269671268], [-1.3915871339850128, 54.90744269671268], [-1.3904673696961254, 54.90679591262597], [-1.3899074875516817, 54.90711930466932], [-1.3896275464794599, 54.906957608647645], [-1.3896275464794599, 54.90663421660429], [-1.389347605407238, 54.90647252058261], [-1.387667958973907, 54.90647252058261], [-1.387388017901685, 54.90631082456093], [-1.387667958973907, 54.906149128539255], [-1.3887877232627943, 54.906149128539255], [-1.389347605407238, 54.9058257364959], [-1.3899074875516817, 54.9058257364959], [-1.3904673696961254, 54.906149128539255], [-1.391027251840569, 54.906149128539255], [-1.391307192912791, 54.90598743251758], [-1.3890676643350162, 54.904693864344154], [-1.3904673696961254, 54.903885384235764], [-1.391027251840569, 54.903885384235764], [-1.391307192912791, 54.90404708025744], [-1.391027251840569, 54.90420877627912], [-1.3904673696961254, 54.90420877627912], [-1.3901874286239035, 54.9043704723008], [-1.3901874286239035, 54.90501725638751], [-1.3904673696961254, 54.90517895240919], [-1.3921470161294565, 54.90517895240919], [-1.392986839346122, 54.90566404047422], [-1.392986839346122, 54.90598743251758], [-1.3932667804183438, 54.906149128539255], [-1.3935467214905657, 54.90598743251758], [-1.3935467214905657, 54.905340648430865], [-1.3938266625627875, 54.90517895240919], [-1.394666485779453, 54.90566404047422], [-1.394666485779453, 54.90631082456093], [-1.394946426851675, 54.90647252058261], [-1.396626073285006, 54.90550234445254], [-1.3971859554294497, 54.9058257364959], [-1.3977458375738934, 54.90550234445254], [-1.398305719718337, 54.90550234445254], [-1.398585660790559, 54.905340648430865], [-1.398585660790559, 54.90501725638751], [-1.3988656018627807, 54.90485556036583], [-1.3991455429350026, 54.90501725638751], [-1.3991455429350026, 54.90566404047422], [-1.3994254840072244, 54.9058257364959], [-1.3999853661516681, 54.9058257364959], [-1.40026530722389, 54.90598743251758], [-1.40026530722389, 54.90631082456093], [-1.4005452482961118, 54.90647252058261], [-1.4027847768738866, 54.90647252058261], [-1.4030647179461084, 54.90663421660429], [-1.4027847768738866, 54.90679591262597], [-1.4016650125849992, 54.90679591262597], [-1.4011051304405555, 54.90711930466932], [-1.3994254840072244, 54.90711930466932], [-1.3988656018627807, 54.90744269671268], [-1.398305719718337, 54.90744269671268], [-1.3974658965016715, 54.90792778477771], [-1.3974658965016715, 54.90825117682107], [-1.398305719718337, 54.9087362648861], [-1.3994254840072244, 54.9087362648861], [-1.3999853661516681, 54.908412872842746], [-1.4005452482961118, 54.9087362648861], [-1.4016650125849992, 54.9087362648861], [-1.402224894729443, 54.908412872842746], [-1.4033446590183303, 54.908412872842746], [-1.4044644233072177, 54.90905965692946], [-1.4050243054516613, 54.90905965692946], [-1.405584187596105, 54.90938304897281], [-1.4061440697405487, 54.90938304897281], [-1.4064240108127706, 54.90954474499449], [-1.4064240108127706, 54.90986813703785], [-1.4067039518849924, 54.910029833059525], [-1.4072638340294361, 54.90970644101617], [-1.4078237161738798, 54.910029833059525], [-1.4083835983183235, 54.910029833059525], [-1.4086635393905453, 54.9101915290812], [-1.4086635393905453, 54.91051492112456], [-1.4089434804627672, 54.91067661714624], [-1.4095033626072109, 54.91067661714624], [-1.4100632447516546, 54.91100000918959], [-1.4106231268960983, 54.91100000918959], [-1.411183009040542, 54.91132340123295], [-1.4117428911849856, 54.91132340123295], [-1.412862655473873, 54.91197018531966], [-1.4134225376183167, 54.91197018531966], [-1.4137024786905386, 54.91180848929798], [-1.4131425965460949, 54.91148509725463], [-1.4137024786905386, 54.91116170521127], [-1.4137024786905386, 54.91051492112456], [-1.4134225376183167, 54.91035322510288], [-1.412862655473873, 54.91067661714624], [-1.4125827144016512, 54.91051492112456], [-1.4125827144016512, 54.90986813703785], [-1.4123027733294293, 54.90970644101617], [-1.4117428911849856, 54.910029833059525], [-1.41090306796832, 54.90954474499449], [-1.4114629501127638, 54.909221352951135], [-1.411183009040542, 54.90905965692946], [-1.4106231268960983, 54.90905965692946], [-1.4100632447516546, 54.90938304897281], [-1.4095033626072109, 54.90938304897281], [-1.409223421534989, 54.909221352951135], [-1.4095033626072109, 54.90905965692946], [-1.4100632447516546, 54.90905965692946], [-1.4103431858238764, 54.90889796090778], [-1.4103431858238764, 54.90825117682107], [-1.4106231268960983, 54.90808948079939], [-1.411183009040542, 54.908412872842746], [-1.4117428911849856, 54.908412872842746], [-1.4120228322572075, 54.90825117682107], [-1.4120228322572075, 54.90792778477771], [-1.4114629501127638, 54.907604392734356], [-1.4117428911849856, 54.90744269671268], [-1.4123027733294293, 54.907766088756034], [-1.412862655473873, 54.907766088756034], [-1.4137024786905386, 54.907281000691], [-1.4137024786905386, 54.90566404047422], [-1.4139824197627604, 54.90550234445254], [-1.4142623608349822, 54.90566404047422], [-1.4142623608349822, 54.90663421660429], [-1.414542301907204, 54.90679591262597], [-1.4151021840516478, 54.90647252058261], [-1.4162219483405352, 54.90647252058261], [-1.416501889412757, 54.90663421660429], [-1.4159420072683133, 54.906957608647645], [-1.4159420072683133, 54.907281000691], [-1.4162219483405352, 54.90744269671268], [-1.4167818304849789, 54.90744269671268], [-1.4173417126294225, 54.90711930466932], [-1.4179015947738662, 54.90711930466932], [-1.41846147691831, 54.90679591262597], [-1.4190213590627536, 54.90679591262597], [-1.4193013001349755, 54.90663421660429], [-1.4190213590627536, 54.90647252058261], [-1.4173417126294225, 54.90647252058261], [-1.4170617715572007, 54.90631082456093], [-1.4173417126294225, 54.906149128539255], [-1.4179015947738662, 54.906149128539255], [-1.418181535846088, 54.90598743251758], [-1.4176216537016444, 54.90566404047422], [-1.41846147691831, 54.90517895240919], [-1.4187414179905318, 54.905340648430865], [-1.4187414179905318, 54.90566404047422], [-1.4190213590627536, 54.9058257364959], [-1.420141123351641, 54.9058257364959], [-1.4204210644238628, 54.90566404047422], [-1.4204210644238628, 54.90501725638751], [-1.4207010054960847, 54.90485556036583], [-1.4209809465683065, 54.90501725638751], [-1.4209809465683065, 54.90566404047422], [-1.4212608876405284, 54.9058257364959], [-1.421820769784972, 54.9058257364959], [-1.422100710857194, 54.90566404047422], [-1.422100710857194, 54.905340648430865], [-1.4215408287127502, 54.90501725638751], [-1.4215408287127502, 54.904693864344154], [-1.422100710857194, 54.9043704723008], [-1.4215408287127502, 54.90404708025744], [-1.422100710857194, 54.903723688214086], [-1.421820769784972, 54.90356199219241], [-1.4212608876405284, 54.90356199219241], [-1.4207010054960847, 54.90323860014905], [-1.4195812412071973, 54.90323860014905], [-1.4190213590627536, 54.90356199219241], [-1.41846147691831, 54.90356199219241], [-1.418181535846088, 54.90340029617073], [-1.418181535846088, 54.90243012004066], [-1.4176216537016444, 54.90210672799731], [-1.4179015947738662, 54.90194503197563], [-1.41846147691831, 54.90194503197563], [-1.4190213590627536, 54.902268424018985], [-1.4195812412071973, 54.902268424018985], [-1.4198611822794192, 54.90210672799731], [-1.4198611822794192, 54.901459943910595], [-1.420141123351641, 54.90129824788892], [-1.4207010054960847, 54.90129824788892], [-1.4209809465683065, 54.90113655186724], [-1.4207010054960847, 54.90097485584556], [-1.4195812412071973, 54.90097485584556], [-1.4193013001349755, 54.90081315982388], [-1.4198611822794192, 54.90048976778053], [-1.4190213590627536, 54.900004679715494], [-1.41846147691831, 54.900004679715494], [-1.418181535846088, 54.899842983693816], [-1.418181535846088, 54.89951959165046], [-1.4187414179905318, 54.899196199607104], [-1.41846147691831, 54.899034503585426], [-1.4179015947738662, 54.899034503585426], [-1.4173417126294225, 54.89935789562878], [-1.4167818304849789, 54.899034503585426], [-1.4162219483405352, 54.899034503585426], [-1.4153821251238696, 54.89951959165046], [-1.4153821251238696, 54.90081315982388], [-1.414822242979426, 54.90113655186724], [-1.4151021840516478, 54.90129824788892], [-1.4162219483405352, 54.90129824788892], [-1.416501889412757, 54.901459943910595], [-1.4159420072683133, 54.90178333595395], [-1.4159420072683133, 54.90210672799731], [-1.4151021840516478, 54.90259181606234], [-1.414542301907204, 54.90259181606234], [-1.4142623608349822, 54.90275351208402], [-1.414542301907204, 54.902915208105696], [-1.4156620661960915, 54.902915208105696], [-1.4162219483405352, 54.90259181606234], [-1.4167818304849789, 54.90259181606234], [-1.4176216537016444, 54.903076904127374], [-1.4176216537016444, 54.90340029617073], [-1.4173417126294225, 54.90356199219241], [-1.4167818304849789, 54.90356199219241], [-1.4156620661960915, 54.90420877627912], [-1.4151021840516478, 54.903885384235764], [-1.4123027733294293, 54.903885384235764], [-1.411183009040542, 54.904532168322476], [-1.41090306796832, 54.9043704723008], [-1.4120228322572075, 54.903723688214086], [-1.4117428911849856, 54.90356199219241], [-1.411183009040542, 54.90356199219241], [-1.4106231268960983, 54.903885384235764], [-1.4103431858238764, 54.903723688214086], [-1.4103431858238764, 54.90340029617073], [-1.4106231268960983, 54.90323860014905], [-1.411183009040542, 54.90323860014905], [-1.4114629501127638, 54.903076904127374], [-1.4114629501127638, 54.90275351208402], [-1.4103431858238764, 54.90210672799731], [-1.4103431858238764, 54.901459943910595], [-1.4100632447516546, 54.90129824788892], [-1.4097833036794327, 54.901459943910595], [-1.4097833036794327, 54.90178333595395], [-1.4095033626072109, 54.90194503197563], [-1.4078237161738798, 54.90194503197563], [-1.407543775101658, 54.90178333595395], [-1.4081036572461016, 54.901459943910595], [-1.4078237161738798, 54.90129824788892], [-1.4072638340294361, 54.90129824788892], [-1.4067039518849924, 54.90162163993227], [-1.4061440697405487, 54.90162163993227], [-1.4058641286683269, 54.901459943910595], [-1.4058641286683269, 54.90113655186724], [-1.407543775101658, 54.90016637573717], [-1.407543775101658, 54.899842983693816], [-1.4072638340294361, 54.89968128767214], [-1.4067039518849924, 54.89968128767214], [-1.4061440697405487, 54.900004679715494], [-1.4044644233072177, 54.900004679715494], [-1.4041844822349958, 54.899842983693816], [-1.4044644233072177, 54.89968128767214], [-1.405584187596105, 54.89968128767214], [-1.4058641286683269, 54.89951959165046], [-1.4053042465238832, 54.899196199607104], [-1.4053042465238832, 54.89790263143368], [-1.405584187596105, 54.897740935412], [-1.4058641286683269, 54.89790263143368], [-1.4058641286683269, 54.89822602347704], [-1.4061440697405487, 54.898387719498714], [-1.4067039518849924, 54.898387719498714], [-1.4069838929572143, 54.89822602347704], [-1.4069838929572143, 54.897579239390325], [-1.4067039518849924, 54.89741754336865], [-1.4061440697405487, 54.89741754336865], [-1.4058641286683269, 54.89725584734697], [-1.4064240108127706, 54.89693245530361], [-1.4064240108127706, 54.89660906326026], [-1.4058641286683269, 54.8962856712169], [-1.4061440697405487, 54.89612397519522], [-1.4072638340294361, 54.896770759281935], [-1.4078237161738798, 54.89644736723858], [-1.4089434804627672, 54.89644736723858], [-1.4097833036794327, 54.895962279173546], [-1.4097833036794327, 54.895315495086834], [-1.4100632447516546, 54.895153799065156], [-1.4106231268960983, 54.895153799065156], [-1.41090306796832, 54.895315495086834], [-1.41090306796832, 54.89563888713019], [-1.411183009040542, 54.89580058315187], [-1.4117428911849856, 54.89580058315187], [-1.4120228322572075, 54.895962279173546], [-1.4120228322572075, 54.8962856712169], [-1.4123027733294293, 54.89644736723858], [-1.4125827144016512, 54.8962856712169], [-1.4125827144016512, 54.89563888713019], [-1.4120228322572075, 54.895315495086834], [-1.4120228322572075, 54.89466871100012], [-1.4123027733294293, 54.894507014978444], [-1.4134225376183167, 54.894507014978444], [-1.4137024786905386, 54.894345318956766], [-1.4137024786905386, 54.893698534870055], [-1.4139824197627604, 54.89353683884838], [-1.414542301907204, 54.89353683884838], [-1.4151021840516478, 54.89321344680502], [-1.4156620661960915, 54.89321344680502], [-1.4162219483405352, 54.89353683884838], [-1.4167818304849789, 54.89353683884838], [-1.4173417126294225, 54.89321344680502], [-1.4179015947738662, 54.89321344680502], [-1.41846147691831, 54.892890054761665], [-1.4190213590627536, 54.892890054761665], [-1.4195812412071973, 54.89256666271831], [-1.420141123351641, 54.89256666271831], [-1.4204210644238628, 54.89240496669663], [-1.420141123351641, 54.89224327067495], [-1.4195812412071973, 54.89224327067495], [-1.4187414179905318, 54.89175818260992], [-1.4187414179905318, 54.89111139852321], [-1.4193013001349755, 54.89078800647985], [-1.4193013001349755, 54.89014122239314], [-1.4187414179905318, 54.889817830349784], [-1.4187414179905318, 54.88917104626307], [-1.41846147691831, 54.889009350241395], [-1.4173417126294225, 54.889009350241395], [-1.4170617715572007, 54.88917104626307], [-1.4170617715572007, 54.89078800647985], [-1.4167818304849789, 54.89094970250153], [-1.4156620661960915, 54.89094970250153], [-1.414542301907204, 54.89030291841482], [-1.4142623608349822, 54.890464614436496], [-1.4142623608349822, 54.89111139852321], [-1.4159420072683133, 54.892081574653275], [-1.414542301907204, 54.892890054761665], [-1.4142623608349822, 54.89272835873999], [-1.4142623608349822, 54.89240496669663], [-1.4137024786905386, 54.892081574653275], [-1.4137024786905386, 54.891434790566564], [-1.4134225376183167, 54.891273094544886], [-1.4123027733294293, 54.891273094544886], [-1.41090306796832, 54.890464614436496], [-1.41090306796832, 54.89014122239314], [-1.411183009040542, 54.88997952637146], [-1.4123027733294293, 54.88997952637146], [-1.4125827144016512, 54.889817830349784], [-1.4125827144016512, 54.888200870133005], [-1.412862655473873, 54.88803917411133], [-1.4134225376183167, 54.88803917411133], [-1.4137024786905386, 54.88787747808965], [-1.4137024786905386, 54.88755408604629], [-1.4134225376183167, 54.887392390024615], [-1.412862655473873, 54.887392390024615], [-1.4125827144016512, 54.88723069400294], [-1.4131425965460949, 54.88690730195958], [-1.412862655473873, 54.886745605937904], [-1.4123027733294293, 54.886745605937904], [-1.4120228322572075, 54.886583909916226], [-1.4123027733294293, 54.88642221389455], [-1.414542301907204, 54.88642221389455], [-1.414822242979426, 54.886583909916226], [-1.414822242979426, 54.88787747808965], [-1.414542301907204, 54.88803917411133], [-1.4139824197627604, 54.88803917411133], [-1.4137024786905386, 54.888200870133005], [-1.4137024786905386, 54.88852426217636], [-1.4131425965460949, 54.88884765421972], [-1.4131425965460949, 54.88917104626307], [-1.4139824197627604, 54.889656134328106], [-1.414542301907204, 54.889656134328106], [-1.414822242979426, 54.88949443830643], [-1.414822242979426, 54.88884765421972], [-1.4153821251238696, 54.88852426217636], [-1.4153821251238696, 54.88755408604629], [-1.4156620661960915, 54.887392390024615], [-1.4167818304849789, 54.887392390024615], [-1.4179015947738662, 54.886745605937904], [-1.418181535846088, 54.88690730195958], [-1.4176216537016444, 54.88723069400294], [-1.4179015947738662, 54.887392390024615], [-1.4190213590627536, 54.887392390024615], [-1.4193013001349755, 54.88723069400294], [-1.4187414179905318, 54.88690730195958], [-1.4190213590627536, 54.886745605937904], [-1.420141123351641, 54.886745605937904], [-1.4209809465683065, 54.88626051787287], [-1.420141123351641, 54.885775429807836], [-1.4195812412071973, 54.88609882185119], [-1.4190213590627536, 54.885775429807836], [-1.4179015947738662, 54.885775429807836], [-1.4176216537016444, 54.88561373378616], [-1.4176216537016444, 54.8852903417428], [-1.4170617715572007, 54.88496694969945], [-1.4173417126294225, 54.88480525367777], [-1.4190213590627536, 54.88480525367777], [-1.4193013001349755, 54.88464355765609], [-1.4193013001349755, 54.88399677356938], [-1.4190213590627536, 54.8838350775477], [-1.41846147691831, 54.8838350775477], [-1.418181535846088, 54.88367338152602], [-1.418181535846088, 54.88334998948267], [-1.4190213590627536, 54.88286490141763], [-1.420141123351641, 54.88286490141763], [-1.4204210644238628, 54.88302659743931], [-1.4204210644238628, 54.884320165612735], [-1.4207010054960847, 54.88448186163441], [-1.4209809465683065, 54.884320165612735], [-1.4209809465683065, 54.88399677356938], [-1.4215408287127502, 54.88367338152602], [-1.4215408287127502, 54.8823798133526], [-1.421820769784972, 54.88221811733092], [-1.4223806519294158, 54.88221811733092], [-1.4229405340738595, 54.881894725287566], [-1.4235004162183031, 54.88221811733092], [-1.423780357290525, 54.882056421309244], [-1.423780357290525, 54.88140963722253], [-1.4226605930016376, 54.88076285313582], [-1.4226605930016376, 54.880439461092465], [-1.4229405340738595, 54.88027776507079], [-1.4235004162183031, 54.88027776507079], [-1.4240602983627468, 54.87995437302743], [-1.4243402394349687, 54.88011606904911], [-1.423780357290525, 54.880439461092465], [-1.4246201805071905, 54.8809245491575], [-1.4262998269405216, 54.8809245491575], [-1.4285393555182964, 54.879630980984075], [-1.4296591198071837, 54.879630980984075], [-1.4299390608794056, 54.8794692849624], [-1.4299390608794056, 54.87914589291904], [-1.4304989430238493, 54.878822500875685], [-1.4302190019516274, 54.87866080485401], [-1.42909923766274, 54.87866080485401], [-1.4288192965905182, 54.87849910883233], [-1.4288192965905182, 54.87785232474562], [-1.4296591198071837, 54.877367236680584], [-1.4313387662405148, 54.87833741281065], [-1.4318986483849585, 54.878014020767296], [-1.4324585305294022, 54.878014020767296], [-1.432738471601624, 54.87785232474562], [-1.432738471601624, 54.877205540658906], [-1.4318986483849585, 54.87672045259387], [-1.4313387662405148, 54.87672045259387], [-1.4304989430238493, 54.87623536452884], [-1.4307788840960711, 54.87607366850716], [-1.4313387662405148, 54.87639706055052], [-1.4316187073127367, 54.87623536452884], [-1.4316187073127367, 54.87591197248548], [-1.4304989430238493, 54.87526518839877], [-1.4304989430238493, 54.874941796355415], [-1.4299390608794056, 54.87461840431206], [-1.4302190019516274, 54.87445670829038], [-1.4313387662405148, 54.87510349237709], [-1.4316187073127367, 54.874941796355415], [-1.4316187073127367, 54.87461840431206], [-1.431058825168293, 54.8742950122687], [-1.4313387662405148, 54.874133316247026], [-1.4324585305294022, 54.874133316247026], [-1.4332983537460677, 54.87364822818199], [-1.4332983537460677, 54.873324836138636], [-1.432738471601624, 54.87300144409528], [-1.432738471601624, 54.87235466000857], [-1.4324585305294022, 54.87219296398689], [-1.4318986483849585, 54.872516356030246], [-1.4313387662405148, 54.87219296398689], [-1.4302190019516274, 54.87219296398689], [-1.4299390608794056, 54.87235466000857], [-1.4299390608794056, 54.872678052051924], [-1.429379178734962, 54.87300144409528], [-1.429379178734962, 54.87364822818199], [-1.42909923766274, 54.87380992420367], [-1.4279794733738527, 54.87380992420367], [-1.4276995323016308, 54.87364822818199], [-1.4276995323016308, 54.873324836138636], [-1.4282594144460745, 54.87300144409528], [-1.4282594144460745, 54.87235466000857], [-1.429379178734962, 54.87170787592186], [-1.42909923766274, 54.87154617990018], [-1.427419591229409, 54.87154617990018], [-1.4271396501571871, 54.8713844838785], [-1.4276995323016308, 54.871061091835145], [-1.4276995323016308, 54.87073769979179], [-1.427419591229409, 54.87057600377011], [-1.4268597090849653, 54.87089939581347], [-1.4251800626516342, 54.87089939581347], [-1.4243402394349687, 54.87041430774843], [-1.4243402394349687, 54.86976752366172], [-1.425739944796078, 54.86895904355333], [-1.4262998269405216, 54.86895904355333], [-1.4265797680127434, 54.868797347531654], [-1.4262998269405216, 54.868635651509976], [-1.4246201805071905, 54.868635651509976], [-1.4243402394349687, 54.8684739554883], [-1.4243402394349687, 54.86815056344494], [-1.4240602983627468, 54.867988867423264], [-1.423780357290525, 54.86815056344494], [-1.423780357290525, 54.868797347531654], [-1.4235004162183031, 54.86895904355333], [-1.4226605930016376, 54.8684739554883], [-1.4232204751460813, 54.86815056344494], [-1.4232204751460813, 54.867827171401586], [-1.4226605930016376, 54.86750377935823], [-1.4226605930016376, 54.86685699527152], [-1.4229405340738595, 54.86669529924984], [-1.4235004162183031, 54.8670186912932], [-1.4240602983627468, 54.8670186912932], [-1.4243402394349687, 54.86685699527152], [-1.423780357290525, 54.86653360322816], [-1.4240602983627468, 54.866371907206485], [-1.4268597090849653, 54.867988867423264], [-1.427419591229409, 54.867988867423264], [-1.4285393555182964, 54.868635651509976], [-1.42909923766274, 54.868635651509976], [-1.429379178734962, 54.868797347531654], [-1.429379178734962, 54.86912073957501], [-1.4296591198071837, 54.86928243559669], [-1.4302190019516274, 54.86928243559669], [-1.4304989430238493, 54.869444131618366], [-1.4299390608794056, 54.86976752366172], [-1.4299390608794056, 54.87041430774843], [-1.4302190019516274, 54.87057600377011], [-1.4307788840960711, 54.870252611726755], [-1.4313387662405148, 54.870252611726755], [-1.4316187073127367, 54.87041430774843], [-1.4316187073127367, 54.87073769979179], [-1.4318986483849585, 54.87089939581347], [-1.4321785894571804, 54.87073769979179], [-1.4321785894571804, 54.86976752366172], [-1.4316187073127367, 54.869444131618366], [-1.4316187073127367, 54.868797347531654], [-1.4313387662405148, 54.868635651509976], [-1.4307788840960711, 54.868635651509976], [-1.4304989430238493, 54.8684739554883], [-1.4304989430238493, 54.867180387314875], [-1.431058825168293, 54.86685699527152], [-1.431058825168293, 54.86621021118481], [-1.4304989430238493, 54.86588681914145], [-1.4304989430238493, 54.86459325096803], [-1.4299390608794056, 54.86426985892467], [-1.4299390608794056, 54.86362307483796], [-1.4296591198071837, 54.86346137881628], [-1.42909923766274, 54.86346137881628], [-1.4288192965905182, 54.863299682794604], [-1.4288192965905182, 54.86265289870789], [-1.42909923766274, 54.862491202686215], [-1.4296591198071837, 54.862491202686215], [-1.4299390608794056, 54.86232950666454], [-1.429379178734962, 54.86200611462118], [-1.4302190019516274, 54.86152102655615], [-1.4313387662405148, 54.86152102655615], [-1.4321785894571804, 54.86200611462118], [-1.4316187073127367, 54.86232950666454], [-1.4316187073127367, 54.86265289870789], [-1.4318986483849585, 54.86281459472957], [-1.4335782948182896, 54.86281459472957], [-1.4344181180349551, 54.86232950666454], [-1.4344181180349551, 54.86200611462118], [-1.434698059107177, 54.8618444185995], [-1.4349780001793988, 54.86200611462118], [-1.4349780001793988, 54.86265289870789], [-1.4352579412516207, 54.86281459472957], [-1.4358178233960643, 54.86281459472957], [-1.436377705540508, 54.86313798677293], [-1.4366576466127299, 54.86297629075125], [-1.4366576466127299, 54.86265289870789], [-1.4360977644682862, 54.86232950666454], [-1.436377705540508, 54.86216781064286], [-1.4369375876849517, 54.86216781064286], [-1.4372175287571736, 54.86200611462118], [-1.4372175287571736, 54.86103593849111], [-1.4377774109016173, 54.86071254644776], [-1.4377774109016173, 54.859418978274334], [-1.438057351973839, 54.859257282252656], [-1.4397369984071702, 54.859257282252656], [-1.440016939479392, 54.859418978274334], [-1.440016939479392, 54.85974237031769], [-1.4394570573349483, 54.860065762361046], [-1.4394570573349483, 54.8603891544044], [-1.438337293046061, 54.86103593849111], [-1.438337293046061, 54.861682722577825], [-1.4386172341182828, 54.8618444185995], [-1.4391771162627265, 54.86152102655615], [-1.4397369984071702, 54.86152102655615], [-1.440016939479392, 54.861682722577825], [-1.440016939479392, 54.86200611462118], [-1.4402968805516139, 54.86216781064286], [-1.4408567626960576, 54.86216781064286], [-1.4414166448405012, 54.8618444185995], [-1.441696585912723, 54.86200611462118], [-1.441696585912723, 54.86232950666454], [-1.4425364091293886, 54.86281459472957], [-1.4428163502016105, 54.86265289870789], [-1.4428163502016105, 54.86200611462118], [-1.4433762323460542, 54.861682722577825], [-1.4433762323460542, 54.86135933053447], [-1.443656173418276, 54.86119763451279], [-1.4442160555627197, 54.86119763451279], [-1.4450558787793852, 54.861682722577825], [-1.4450558787793852, 54.86265289870789], [-1.4444959966349415, 54.86297629075125], [-1.4444959966349415, 54.863946466881316], [-1.4439361144904979, 54.86426985892467], [-1.4442160555627197, 54.86443155494635], [-1.445335819851607, 54.86443155494635], [-1.4458957019960508, 54.864754946989706], [-1.4461756430682726, 54.86459325096803], [-1.4461756430682726, 54.86297629075125], [-1.4464555841404945, 54.86281459472957], [-1.4470154662849382, 54.86313798677293], [-1.4475753484293818, 54.86313798677293], [-1.4478552895016037, 54.86297629075125], [-1.4478552895016037, 54.86265289870789], [-1.44729540735716, 54.86232950666454], [-1.44729540735716, 54.86200611462118], [-1.4470154662849382, 54.8618444185995], [-1.4464555841404945, 54.8618444185995], [-1.445615760923829, 54.86135933053447], [-1.445615760923829, 54.86103593849111], [-1.4461756430682726, 54.86071254644776], [-1.4461756430682726, 54.8603891544044], [-1.4458957019960508, 54.860227458382724], [-1.445335819851607, 54.860227458382724], [-1.4447759377071634, 54.85990406633937], [-1.4442160555627197, 54.85990406633937], [-1.443656173418276, 54.85958067429601], [-1.4430962912738323, 54.85958067429601], [-1.4428163502016105, 54.859418978274334], [-1.4433762323460542, 54.85909558623098], [-1.4428163502016105, 54.85877219418762], [-1.4430962912738323, 54.858610498165945], [-1.443656173418276, 54.858610498165945], [-1.4442160555627197, 54.8589338902093], [-1.4464555841404945, 54.8589338902093], [-1.4467355252127163, 54.85909558623098], [-1.4467355252127163, 54.859418978274334], [-1.4470154662849382, 54.85958067429601], [-1.4475753484293818, 54.85958067429601], [-1.4478552895016037, 54.859418978274334], [-1.4478552895016037, 54.85877219418762], [-1.4486951127182692, 54.85828710612259], [-1.449254994862713, 54.85828710612259], [-1.4498148770071566, 54.85796371407923], [-1.4503747591516003, 54.85796371407923], [-1.4512145823682658, 54.8574786260142], [-1.4512145823682658, 54.85715523397084], [-1.4517744645127095, 54.85683184192749], [-1.4517744645127095, 54.85586166579742], [-1.4520544055849314, 54.85569996977574], [-1.4531741698738188, 54.85569996977574], [-1.4537340520182624, 54.8560233618191], [-1.4548538163071498, 54.8560233618191], [-1.4556936395238154, 54.85650844988413], [-1.4556936395238154, 54.85683184192749], [-1.4559735805960372, 54.856993537949165], [-1.456533462740481, 54.856993537949165], [-1.4573732859571464, 54.8574786260142], [-1.4573732859571464, 54.85844880214427], [-1.4570933448849246, 54.858610498165945], [-1.456533462740481, 54.858610498165945], [-1.4559735805960372, 54.8589338902093], [-1.4554136984515935, 54.8589338902093], [-1.454573875234928, 54.859418978274334], [-1.454573875234928, 54.860065762361046], [-1.4542939341627061, 54.860227458382724], [-1.4537340520182624, 54.85990406633937], [-1.4531741698738188, 54.860227458382724], [-1.452894228801597, 54.860065762361046], [-1.4534541109460406, 54.85974237031769], [-1.4531741698738188, 54.85958067429601], [-1.4520544055849314, 54.85958067429601], [-1.4517744645127095, 54.85974237031769], [-1.4517744645127095, 54.86071254644776], [-1.4514945234404877, 54.860874242469436], [-1.450934641296044, 54.860874242469436], [-1.4498148770071566, 54.860227458382724], [-1.449254994862713, 54.860227458382724], [-1.448975053790491, 54.8603891544044], [-1.448975053790491, 54.86071254644776], [-1.449254994862713, 54.860874242469436], [-1.4498148770071566, 54.860874242469436], [-1.4506547002238221, 54.86135933053447], [-1.4500948180793785, 54.861682722577825], [-1.4500948180793785, 54.86200611462118], [-1.4495349359349348, 54.86232950666454], [-1.4495349359349348, 54.86297629075125], [-1.4500948180793785, 54.863299682794604], [-1.4500948180793785, 54.86362307483796], [-1.4498148770071566, 54.86378477085964], [-1.449254994862713, 54.86378477085964], [-1.4486951127182692, 54.86346137881628], [-1.4484151716460474, 54.86362307483796], [-1.4484151716460474, 54.863946466881316], [-1.4486951127182692, 54.864108162902994], [-1.4498148770071566, 54.864108162902994], [-1.4500948180793785, 54.86426985892467], [-1.4500948180793785, 54.86459325096803], [-1.4478552895016037, 54.86588681914145], [-1.4478552895016037, 54.86685699527152], [-1.4481352305738255, 54.8670186912932], [-1.449254994862713, 54.8670186912932], [-1.4498148770071566, 54.86669529924984], [-1.450934641296044, 54.86669529924984], [-1.4523343466571532, 54.86750377935823], [-1.4523343466571532, 54.867827171401586], [-1.452894228801597, 54.86815056344494], [-1.452894228801597, 54.869444131618366], [-1.4523343466571532, 54.86976752366172], [-1.4523343466571532, 54.87009091570508], [-1.452894228801597, 54.87041430774843], [-1.452894228801597, 54.8713844838785], [-1.4523343466571532, 54.87170787592186], [-1.452614287729375, 54.871869571943535], [-1.4531741698738188, 54.871869571943535], [-1.4534541109460406, 54.87203126796521], [-1.4534541109460406, 54.87235466000857], [-1.4540139930904843, 54.872678052051924], [-1.452894228801597, 54.873324836138636], [-1.452894228801597, 54.87364822818199], [-1.4534541109460406, 54.87397162022535], [-1.4534541109460406, 54.8742950122687], [-1.4523343466571532, 54.874941796355415], [-1.452614287729375, 54.87510349237709], [-1.4531741698738188, 54.87510349237709], [-1.4537340520182624, 54.87478010033374], [-1.4548538163071498, 54.87478010033374], [-1.4551337573793717, 54.874941796355415], [-1.4534541109460406, 54.87591197248548], [-1.4534541109460406, 54.877205540658906], [-1.4537340520182624, 54.877367236680584], [-1.4542939341627061, 54.877367236680584], [-1.4548538163071498, 54.87704384463723], [-1.4551337573793717, 54.877205540658906], [-1.4534541109460406, 54.878175716788974], [-1.4534541109460406, 54.87849910883233], [-1.4540139930904843, 54.878822500875685], [-1.4540139930904843, 54.8794692849624], [-1.4537340520182624, 54.879630980984075], [-1.4531741698738188, 54.879630980984075], [-1.452894228801597, 54.87979267700575], [-1.4531741698738188, 54.87995437302743], [-1.4542939341627061, 54.87995437302743], [-1.4554136984515935, 54.87930758894072], [-1.4587729913182557, 54.87930758894072], [-1.4593328734626994, 54.879630980984075], [-1.459892755607143, 54.879630980984075], [-1.460172696679365, 54.87979267700575], [-1.460172696679365, 54.88011606904911], [-1.4612924609682523, 54.88076285313582], [-1.4612924609682523, 54.882056421309244], [-1.4607325788238086, 54.8823798133526], [-1.4607325788238086, 54.882703205395956], [-1.4615724020404741, 54.88318829346099], [-1.4621322841849178, 54.88318829346099], [-1.463531989546027, 54.88399677356938], [-1.4629721074015833, 54.884320165612735], [-1.4629721074015833, 54.88464355765609], [-1.463531989546027, 54.88496694969945], [-1.463531989546027, 54.88561373378616], [-1.4638119306182489, 54.885775429807836], [-1.4643718127626926, 54.885775429807836], [-1.4646517538349144, 54.88561373378616], [-1.4646517538349144, 54.88464355765609], [-1.4640918716904707, 54.884320165612735], [-1.4640918716904707, 54.88367338152602], [-1.46549157705158, 54.88286490141763], [-1.4660514591960236, 54.88286490141763], [-1.4666113413404673, 54.88254150937428], [-1.467171223484911, 54.88254150937428], [-1.4677311056293547, 54.88221811733092], [-1.4682909877737984, 54.88221811733092], [-1.4685709288460203, 54.882056421309244], [-1.4680110467015766, 54.88173302926589], [-1.4682909877737984, 54.88157133324421], [-1.468850869918242, 54.88157133324421], [-1.4694107520626858, 54.881247941200854], [-1.4705305163515732, 54.881247941200854], [-1.470810457423795, 54.881086245179176], [-1.470810457423795, 54.88076285313582], [-1.4710903984960169, 54.88060115711414], [-1.4733299270737916, 54.88060115711414], [-1.4738898092182353, 54.8809245491575], [-1.474449691362679, 54.8809245491575], [-1.4747296324349009, 54.881086245179176], [-1.4747296324349009, 54.88140963722253], [-1.4750095735071227, 54.88157133324421], [-1.4758493967237882, 54.881086245179176], [-1.4758493967237882, 54.88011606904911], [-1.4769691610126756, 54.8794692849624], [-1.4769691610126756, 54.87914589291904], [-1.4766892199404538, 54.87898419689736], [-1.47612933779601, 54.87898419689736], [-1.4755694556515664, 54.87866080485401], [-1.4750095735071227, 54.87866080485401], [-1.474449691362679, 54.87833741281065], [-1.472770044929348, 54.87833741281065], [-1.472490103857126, 54.878175716788974], [-1.472490103857126, 54.87752893270226], [-1.4733299270737916, 54.87704384463723], [-1.4738898092182353, 54.87704384463723], [-1.4741697502904572, 54.87688214861555], [-1.4741697502904572, 54.876558756572194], [-1.474449691362679, 54.87639706055052], [-1.4750095735071227, 54.87639706055052], [-1.4758493967237882, 54.87591197248548], [-1.4758493967237882, 54.87558858044213], [-1.47612933779601, 54.87542688442045], [-1.4778089842293411, 54.87542688442045], [-1.478088925301563, 54.87558858044213], [-1.478088925301563, 54.87591197248548], [-1.4786488074460067, 54.87623536452884], [-1.4786488074460067, 54.876558756572194], [-1.4789287485182285, 54.87672045259387], [-1.4822880413848907, 54.87672045259387], [-1.4828479235293344, 54.87704384463723], [-1.4842476288904436, 54.87623536452884], [-1.4842476288904436, 54.87591197248548], [-1.4845275699626654, 54.875750276463805], [-1.4850874521071091, 54.875750276463805], [-1.4859272753237747, 54.87526518839877], [-1.4859272753237747, 54.874941796355415], [-1.487047039612662, 54.8742950122687], [-1.487047039612662, 54.87397162022535], [-1.4867670985404402, 54.87380992420367], [-1.4862072163959965, 54.87380992420367], [-1.485367393179331, 54.873324836138636], [-1.4856473342515528, 54.87316314011696], [-1.4862072163959965, 54.87316314011696], [-1.4864871574682184, 54.87300144409528], [-1.4862072163959965, 54.8728397480736], [-1.4856473342515528, 54.8728397480736], [-1.4842476288904436, 54.87203126796521], [-1.4842476288904436, 54.8713844838785], [-1.4839676878182217, 54.87122278785682], [-1.4828479235293344, 54.87122278785682], [-1.4825679824571125, 54.871061091835145], [-1.4825679824571125, 54.87073769979179], [-1.4820081003126688, 54.87041430774843], [-1.4820081003126688, 54.86976752366172], [-1.4822880413848907, 54.869605827640044], [-1.4828479235293344, 54.8699292196834], [-1.4831278646015562, 54.86976752366172], [-1.4831278646015562, 54.869444131618366], [-1.483407805673778, 54.86928243559669], [-1.4839676878182217, 54.86928243559669], [-1.4850874521071091, 54.868635651509976], [-1.485367393179331, 54.868797347531654], [-1.4848075110348873, 54.86912073957501], [-1.4848075110348873, 54.86976752366172], [-1.4842476288904436, 54.87009091570508], [-1.4850874521071091, 54.87057600377011], [-1.4859272753237747, 54.87009091570508], [-1.4859272753237747, 54.869444131618366], [-1.4867670985404402, 54.86895904355333], [-1.4884467449737713, 54.86895904355333], [-1.4887266860459931, 54.86912073957501], [-1.4887266860459931, 54.869444131618366], [-1.489006627118215, 54.869605827640044], [-1.4898464503348805, 54.86912073957501], [-1.4898464503348805, 54.8684739554883], [-1.4884467449737713, 54.86766547537991], [-1.4881668039015494, 54.867827171401586], [-1.4881668039015494, 54.86815056344494], [-1.4887266860459931, 54.8684739554883], [-1.4884467449737713, 54.868635651509976], [-1.487326980684884, 54.868635651509976], [-1.487047039612662, 54.8684739554883], [-1.487047039612662, 54.867827171401586], [-1.4864871574682184, 54.86750377935823], [-1.4864871574682184, 54.867180387314875], [-1.4859272753237747, 54.86685699527152], [-1.4862072163959965, 54.86669529924984], [-1.4867670985404402, 54.8670186912932], [-1.487326980684884, 54.86669529924984], [-1.4895665092626587, 54.86669529924984], [-1.4901263914071023, 54.866371907206485], [-1.4918060378404334, 54.866371907206485], [-1.492365919984877, 54.86604851516313], [-1.4932057432015426, 54.86653360322816], [-1.4932057432015426, 54.86750377935823], [-1.492645861057099, 54.867827171401586], [-1.4929258021293208, 54.867988867423264], [-1.4934856842737645, 54.867988867423264], [-1.4937656253459863, 54.867827171401586], [-1.4937656253459863, 54.86750377935823], [-1.49432550749043, 54.867180387314875], [-1.4937656253459863, 54.86685699527152], [-1.4940455664182082, 54.86669529924984], [-1.4946054485626519, 54.86669529924984], [-1.4948853896348737, 54.86653360322816], [-1.4948853896348737, 54.86621021118481], [-1.49432550749043, 54.86588681914145], [-1.49432550749043, 54.865563427098095], [-1.4937656253459863, 54.86524003505474], [-1.4940455664182082, 54.86507833903306], [-1.4951653307070956, 54.86507833903306], [-1.4954452717793174, 54.86524003505474], [-1.4954452717793174, 54.865563427098095], [-1.4957252128515393, 54.86572512311977], [-1.497964741429314, 54.86572512311977], [-1.4985246235737577, 54.86540173107642], [-1.4988045646459796, 54.865563427098095], [-1.4982446825015359, 54.86588681914145], [-1.4988045646459796, 54.86621021118481], [-1.4982446825015359, 54.86653360322816], [-1.4982446825015359, 54.867827171401586], [-1.4988045646459796, 54.86815056344494], [-1.4988045646459796, 54.868797347531654], [-1.4990845057182014, 54.86895904355333], [-1.5002042700070888, 54.86895904355333], [-1.5007641521515325, 54.868635651509976], [-1.5013240342959762, 54.868635651509976], [-1.501603975368198, 54.868797347531654], [-1.501603975368198, 54.86976752366172], [-1.5018839164404199, 54.8699292196834], [-1.5030036807293072, 54.8699292196834], [-1.503283621801529, 54.86976752366172], [-1.5021638575126417, 54.86912073957501], [-1.5027237396570854, 54.868797347531654], [-1.5021638575126417, 54.8684739554883], [-1.5021638575126417, 54.86750377935823], [-1.5027237396570854, 54.867180387314875], [-1.5027237396570854, 54.86621021118481], [-1.503283621801529, 54.86588681914145], [-1.503283621801529, 54.863946466881316], [-1.5044033860904165, 54.863299682794604], [-1.5044033860904165, 54.86297629075125], [-1.505243209307082, 54.862491202686215], [-1.5058030914515257, 54.862491202686215], [-1.5060830325237475, 54.86232950666454], [-1.5055231503793038, 54.86200611462118], [-1.5058030914515257, 54.8618444185995], [-1.5066429146681912, 54.86232950666454], [-1.5060830325237475, 54.86265289870789], [-1.5060830325237475, 54.86297629075125], [-1.5063629735959694, 54.86313798677293], [-1.506922855740413, 54.86313798677293], [-1.507202796812635, 54.863299682794604], [-1.507202796812635, 54.86362307483796], [-1.5077626789570786, 54.863946466881316], [-1.5077626789570786, 54.86426985892467], [-1.507202796812635, 54.86459325096803], [-1.5077626789570786, 54.864916643011384], [-1.5066429146681912, 54.865563427098095], [-1.506922855740413, 54.86572512311977], [-1.5086025021737441, 54.86572512311977], [-1.508882443245966, 54.86588681914145], [-1.508882443245966, 54.86621021118481], [-1.5100022075348534, 54.86685699527152], [-1.5100022075348534, 54.86750377935823], [-1.5077626789570786, 54.868797347531654], [-1.5083225611015223, 54.86912073957501], [-1.5083225611015223, 54.869444131618366], [-1.5077626789570786, 54.86976752366172], [-1.5077626789570786, 54.87041430774843], [-1.5074827378848568, 54.87057600377011], [-1.506922855740413, 54.87057600377011], [-1.5066429146681912, 54.87073769979179], [-1.5066429146681912, 54.871061091835145], [-1.507202796812635, 54.8713844838785], [-1.507202796812635, 54.87170787592186], [-1.5074827378848568, 54.871869571943535], [-1.5080426200293005, 54.87154617990018], [-1.5097222664626315, 54.87154617990018], [-1.5102821486070752, 54.871869571943535], [-1.510842030751519, 54.871869571943535], [-1.5122417361126281, 54.872678052051924], [-1.5116818539681844, 54.87300144409528], [-1.5116818539681844, 54.873324836138636], [-1.5119617950404063, 54.873486532160314], [-1.5136414414737374, 54.873486532160314], [-1.5139213825459592, 54.87364822818199], [-1.5139213825459592, 54.87397162022535], [-1.514201323618181, 54.874133316247026], [-1.5153210879070684, 54.874133316247026], [-1.5156010289792903, 54.87397162022535], [-1.5156010289792903, 54.873324836138636], [-1.5158809700515121, 54.87316314011696], [-1.5164408521959558, 54.87316314011696], [-1.5170007343403995, 54.873486532160314], [-1.5203600272070616, 54.873486532160314], [-1.5209199093515053, 54.87316314011696], [-1.521479791495949, 54.87316314011696], [-1.5218297178362263, 54.873324836138636], [-1.5218297178362263, 54.87364822818199], [-1.5228095115890028, 54.87397162022535], [-1.5239292758778902, 54.873324836138636], [-1.5242792022181675, 54.87316314011696], [-1.5248390843626112, 54.87316314011696], [-1.5253989665070549, 54.873486532160314], [-1.5265187307959422, 54.873486532160314], [-1.5276384950848296, 54.8728397480736], [-1.5293181415181607, 54.87380992420367], [-1.5298780236626044, 54.87380992420367], [-1.5301579647348262, 54.87364822818199], [-1.5301579647348262, 54.873324836138636], [-1.53071784687927, 54.87300144409528], [-1.53071784687927, 54.87235466000857], [-1.5315576700959355, 54.871869571943535], [-1.5321175522403792, 54.871869571943535], [-1.5326774343848228, 54.87154617990018], [-1.534357080818154, 54.87154617990018], [-1.5349169629625976, 54.87122278785682], [-1.5354768451070413, 54.87122278785682], [-1.536036727251485, 54.87089939581347], [-1.5365966093959287, 54.87089939581347], [-1.5368765504681505, 54.87073769979179], [-1.5368765504681505, 54.87009091570508], [-1.5371564915403724, 54.8699292196834], [-1.537716373684816, 54.870252611726755], [-1.5382762558292598, 54.870252611726755], [-1.5388361379737034, 54.8699292196834], [-1.5393960201181471, 54.8699292196834], [-1.5399559022625908, 54.869605827640044], [-1.5402358433348127, 54.86976752366172], [-1.539675961190369, 54.87009091570508], [-1.539675961190369, 54.87041430774843], [-1.5385561969014816, 54.871061091835145], [-1.5385561969014816, 54.8713844838785], [-1.5391160790459253, 54.87170787592186], [-1.5382762558292598, 54.87219296398689], [-1.537716373684816, 54.87219296398689], [-1.5374364326125942, 54.87235466000857], [-1.5374364326125942, 54.872678052051924], [-1.5371564915403724, 54.8728397480736], [-1.536036727251485, 54.8728397480736], [-1.5357567861792631, 54.87300144409528], [-1.5357567861792631, 54.873324836138636], [-1.5354768451070413, 54.873486532160314], [-1.534357080818154, 54.873486532160314], [-1.534077139745932, 54.873324836138636], [-1.534077139745932, 54.87300144409528], [-1.5337971986737102, 54.8728397480736], [-1.5332373165292665, 54.8728397480736], [-1.5326774343848228, 54.872516356030246], [-1.532397493312601, 54.872678052051924], [-1.532397493312601, 54.87300144409528], [-1.5329573754570447, 54.873324836138636], [-1.5329573754570447, 54.8742950122687], [-1.5326774343848228, 54.87445670829038], [-1.530437905807048, 54.87445670829038], [-1.5301579647348262, 54.87461840431206], [-1.5301579647348262, 54.87526518839877], [-1.530437905807048, 54.87542688442045], [-1.5309977879514918, 54.87542688442045], [-1.532397493312601, 54.87623536452884], [-1.532397493312601, 54.876558756572194], [-1.5326774343848228, 54.87672045259387], [-1.5329573754570447, 54.876558756572194], [-1.5329573754570447, 54.87558858044213], [-1.5337971986737102, 54.87510349237709], [-1.534357080818154, 54.87510349237709], [-1.5349169629625976, 54.87478010033374], [-1.5354768451070413, 54.87478010033374], [-1.5357567861792631, 54.87461840431206], [-1.5357567861792631, 54.8742950122687], [-1.536036727251485, 54.874133316247026], [-1.5365966093959287, 54.874133316247026], [-1.5371564915403724, 54.87380992420367], [-1.5382762558292598, 54.87380992420367], [-1.5385561969014816, 54.87397162022535], [-1.5385561969014816, 54.8742950122687], [-1.5388361379737034, 54.87445670829038], [-1.5399559022625908, 54.87445670829038], [-1.5405157844070345, 54.87478010033374], [-1.5410756665514782, 54.87478010033374], [-1.5413556076237, 54.874941796355415], [-1.5413556076237, 54.87526518839877], [-1.541635548695922, 54.87542688442045], [-1.5421954308403656, 54.87510349237709], [-1.5438750772736967, 54.87510349237709], [-1.5444349594181404, 54.87542688442045], [-1.544994841562584, 54.87542688442045], [-1.5455547237070277, 54.87510349237709], [-1.5461146058514714, 54.87542688442045], [-1.5463945469236933, 54.87526518839877], [-1.5463945469236933, 54.87461840431206], [-1.5461146058514714, 54.87445670829038], [-1.5455547237070277, 54.87445670829038], [-1.544994841562584, 54.87478010033374], [-1.5444349594181404, 54.87478010033374], [-1.5430352540570311, 54.87397162022535], [-1.5430352540570311, 54.87364822818199], [-1.5435951362014748, 54.873324836138636], [-1.5435951362014748, 54.87300144409528], [-1.5438750772736967, 54.8728397480736], [-1.5455547237070277, 54.8728397480736], [-1.5461146058514714, 54.87316314011696], [-1.5466744879959151, 54.87316314011696], [-1.546954429068137, 54.87300144409528], [-1.546954429068137, 54.87235466000857], [-1.5466744879959151, 54.87219296398689], [-1.5455547237070277, 54.87219296398689], [-1.5447149004903622, 54.87170787592186], [-1.5447149004903622, 54.871061091835145], [-1.5455547237070277, 54.87057600377011], [-1.5472343701403588, 54.87057600377011], [-1.5475143112125807, 54.87073769979179], [-1.5475842964806361, 54.8713844838785], [-1.5485640902334126, 54.87203126796521], [-1.5489140165736899, 54.871869571943535], [-1.5494738987181336, 54.871869571943535], [-1.550593663007021, 54.872516356030246], [-1.5517134272959083, 54.872516356030246], [-1.552273309440352, 54.8728397480736], [-1.5550727201625705, 54.8728397480736], [-1.5556326023070142, 54.87316314011696], [-1.5561924844514579, 54.87316314011696], [-1.557872130884789, 54.87219296398689], [-1.5617913058958948, 54.87219296398689], [-1.5620712469681166, 54.87203126796521], [-1.561511364823673, 54.87170787592186], [-1.561511364823673, 54.871061091835145], [-1.5609514826792292, 54.87073769979179], [-1.5609514826792292, 54.87041430774843], [-1.5603916005347855, 54.87009091570508], [-1.5603916005347855, 54.86976752366172], [-1.5592718362458982, 54.86912073957501], [-1.5592718362458982, 54.8684739554883], [-1.5589918951736763, 54.86831225946662], [-1.5545128380181268, 54.86831225946662], [-1.553952955873683, 54.868635651509976], [-1.552273309440352, 54.868635651509976], [-1.5517134272959083, 54.86831225946662], [-1.5500337808625773, 54.86831225946662], [-1.5491939576459117, 54.867827171401586], [-1.5491939576459117, 54.86750377935823], [-1.5489140165736899, 54.86734208333655], [-1.5483541344292462, 54.86734208333655], [-1.5466744879959151, 54.866371907206485], [-1.544994841562584, 54.866371907206485], [-1.5444349594181404, 54.86669529924984], [-1.5438750772736967, 54.86669529924984], [-1.5435951362014748, 54.86653360322816], [-1.5435951362014748, 54.86621021118481], [-1.5421954308403656, 54.86540173107642], [-1.541635548695922, 54.86540173107642], [-1.5413556076237, 54.86524003505474], [-1.5413556076237, 54.864916643011384], [-1.5421954308403656, 54.86443155494635], [-1.5427553129848093, 54.86443155494635], [-1.5430352540570311, 54.86426985892467], [-1.5419154897681437, 54.86362307483796], [-1.5419154897681437, 54.86265289870789], [-1.5427553129848093, 54.86216781064286], [-1.543315195129253, 54.86216781064286], [-1.5444349594181404, 54.86281459472957], [-1.5447149004903622, 54.86265289870789], [-1.5447149004903622, 54.86200611462118], [-1.544994841562584, 54.8618444185995], [-1.5461146058514714, 54.8618444185995], [-1.546954429068137, 54.86232950666454], [-1.546954429068137, 54.86265289870789], [-1.5463945469236933, 54.86297629075125], [-1.5463945469236933, 54.863299682794604], [-1.546954429068137, 54.86362307483796], [-1.5463945469236933, 54.863946466881316], [-1.5466744879959151, 54.864108162902994], [-1.5489140165736899, 54.864108162902994], [-1.5491939576459117, 54.863946466881316], [-1.5491939576459117, 54.86362307483796], [-1.5494738987181336, 54.86346137881628], [-1.5511535451514646, 54.86346137881628], [-1.5514334862236865, 54.863299682794604], [-1.5511535451514646, 54.86313798677293], [-1.5489140165736899, 54.86313798677293], [-1.5480741933570243, 54.86265289870789], [-1.5480741933570243, 54.86232950666454], [-1.5475143112125807, 54.86200611462118], [-1.5475143112125807, 54.861682722577825], [-1.546954429068137, 54.86135933053447], [-1.546954429068137, 54.86103593849111], [-1.5466744879959151, 54.860874242469436], [-1.5444349594181404, 54.860874242469436], [-1.543315195129253, 54.860227458382724], [-1.5421954308403656, 54.860227458382724], [-1.541635548695922, 54.86055085042608], [-1.5399559022625908, 54.86055085042608], [-1.5391160790459253, 54.86103593849111], [-1.5391160790459253, 54.86135933053447], [-1.5388361379737034, 54.86152102655615], [-1.536036727251485, 54.86152102655615], [-1.5357567861792631, 54.86135933053447], [-1.5357567861792631, 54.86103593849111], [-1.5354768451070413, 54.860874242469436], [-1.534357080818154, 54.860874242469436], [-1.534077139745932, 54.86071254644776], [-1.534077139745932, 54.8603891544044], [-1.5337971986737102, 54.860227458382724], [-1.532397493312601, 54.86103593849111], [-1.532397493312601, 54.86135933053447], [-1.5315576700959355, 54.8618444185995], [-1.5309977879514918, 54.8618444185995], [-1.530437905807048, 54.86152102655615], [-1.528758259373717, 54.86152102655615], [-1.5284783183014952, 54.86135933053447], [-1.5284783183014952, 54.8603891544044], [-1.5281983772292733, 54.860227458382724], [-1.5276384950848296, 54.860227458382724], [-1.5273585540126078, 54.860065762361046], [-1.5273585540126078, 54.859418978274334], [-1.5281983772292733, 54.8589338902093], [-1.528758259373717, 54.8589338902093], [-1.5290382004459389, 54.85877219418762], [-1.528758259373717, 54.858610498165945], [-1.5276384950848296, 54.858610498165945], [-1.526798671868164, 54.85909558623098], [-1.526798671868164, 54.859418978274334], [-1.5265187307959422, 54.85958067429601], [-1.5248390843626112, 54.85958067429601], [-1.5237193200737238, 54.8589338902093], [-1.5228794968570583, 54.859418978274334], [-1.5239992611459456, 54.860065762361046], [-1.523439379001502, 54.8603891544044], [-1.5239992611459456, 54.86071254644776], [-1.5239992611459456, 54.86103593849111], [-1.523439379001502, 54.86135933053447], [-1.523439379001502, 54.861682722577825], [-1.52315943792928, 54.8618444185995], [-1.5225995557848364, 54.86152102655615], [-1.521479791495949, 54.86152102655615], [-1.5206399682792835, 54.86200611462118], [-1.5206399682792835, 54.86232950666454], [-1.519800145062618, 54.86281459472957], [-1.5192402629181743, 54.86281459472957], [-1.5186803807737306, 54.86313798677293], [-1.5184004397015087, 54.86297629075125], [-1.5195202039903961, 54.86232950666454], [-1.5192402629181743, 54.86216781064286], [-1.5181204986292869, 54.86216781064286], [-1.5175606164848432, 54.8618444185995], [-1.5170007343403995, 54.86216781064286], [-1.5158809700515121, 54.86152102655615], [-1.5147612057626247, 54.86152102655615], [-1.5139213825459592, 54.86103593849111], [-1.5139213825459592, 54.8603891544044], [-1.5136414414737374, 54.860227458382724], [-1.5130815593292937, 54.860227458382724], [-1.51252167718485, 54.86055085042608], [-1.510842030751519, 54.86055085042608], [-1.5102821486070752, 54.860874242469436], [-1.5097222664626315, 54.860874242469436], [-1.5094423253904097, 54.86103593849111], [-1.5094423253904097, 54.861682722577825], [-1.5091623843181878, 54.8618444185995], [-1.5086025021737441, 54.8618444185995], [-1.5083225611015223, 54.861682722577825], [-1.5083225611015223, 54.86135933053447], [-1.5077626789570786, 54.86103593849111], [-1.5077626789570786, 54.860065762361046], [-1.5080426200293005, 54.85990406633937], [-1.5086025021737441, 54.860227458382724], [-1.5091623843181878, 54.860227458382724], [-1.5097222664626315, 54.85990406633937], [-1.5114019128959626, 54.85990406633937], [-1.5116818539681844, 54.85974237031769], [-1.5116818539681844, 54.85909558623098], [-1.5119617950404063, 54.8589338902093], [-1.5130815593292937, 54.8589338902093], [-1.5136414414737374, 54.858610498165945], [-1.5147612057626247, 54.858610498165945], [-1.5153210879070684, 54.85828710612259], [-1.5158809700515121, 54.85828710612259], [-1.516160911123734, 54.85812541010091], [-1.516160911123734, 54.8574786260142], [-1.5170007343403995, 54.856993537949165], [-1.5186803807737306, 54.856993537949165], [-1.5189603218459524, 54.85683184192749], [-1.5186803807737306, 54.85667014590581], [-1.5158809700515121, 54.85667014590581], [-1.5156010289792903, 54.85650844988413], [-1.516160911123734, 54.856185057840776], [-1.516160911123734, 54.85586166579742], [-1.5158809700515121, 54.85569996977574], [-1.5153210879070684, 54.85569996977574], [-1.5150411468348466, 54.85586166579742], [-1.5150411468348466, 54.856185057840776], [-1.5147612057626247, 54.856346753862454], [-1.514481264690403, 54.856185057840776], [-1.514481264690403, 54.855538273754064], [-1.5133615004015155, 54.85489148966735], [-1.5139213825459592, 54.854568097623996], [-1.5133615004015155, 54.85424470558064], [-1.5133615004015155, 54.853921313537285], [-1.5136414414737374, 54.85375961751561], [-1.5139213825459592, 54.853921313537285], [-1.5139213825459592, 54.85424470558064], [-1.514201323618181, 54.85440640160232], [-1.5147612057626247, 54.85440640160232], [-1.5150411468348466, 54.85424470558064], [-1.5150411468348466, 54.85327452945057], [-1.5136414414737374, 54.85246604934218], [-1.5119617950404063, 54.85343622547225], [-1.5116818539681844, 54.85327452945057], [-1.5122417361126281, 54.85295113740722], [-1.5122417361126281, 54.852304353320505], [-1.5119617950404063, 54.85214265729883], [-1.5114019128959626, 54.85214265729883], [-1.5111219718237408, 54.85198096127715], [-1.5111219718237408, 54.851657569233794], [-1.5114019128959626, 54.851495873212116], [-1.5136414414737374, 54.851495873212116], [-1.514201323618181, 54.85117248116876], [-1.5158809700515121, 54.85117248116876], [-1.516160911123734, 54.85101078514708], [-1.516160911123734, 54.850687393103726], [-1.5158809700515121, 54.85052569708205], [-1.5153210879070684, 54.850849089125404], [-1.5147612057626247, 54.850849089125404], [-1.514481264690403, 54.850687393103726], [-1.514481264690403, 54.84971721697366], [-1.5136414414737374, 54.849232128908625], [-1.5130815593292937, 54.849232128908625], [-1.5122417361126281, 54.84874704084359], [-1.5122417361126281, 54.84810025675688], [-1.5130815593292937, 54.847615168691846], [-1.5133615004015155, 54.84777686471352], [-1.5133615004015155, 54.84810025675688], [-1.5136414414737374, 54.84826195277856], [-1.5147612057626247, 54.84826195277856], [-1.5153210879070684, 54.84858534482191], [-1.5158809700515121, 54.84826195277856], [-1.516160911123734, 54.848423648800235], [-1.5150411468348466, 54.84907043288695], [-1.5153210879070684, 54.849232128908625], [-1.5158809700515121, 54.849232128908625], [-1.516160911123734, 54.8493938249303], [-1.516160911123734, 54.84971721697366], [-1.5170007343403995, 54.85020230503869], [-1.5175606164848432, 54.85020230503869], [-1.5189603218459524, 54.85101078514708], [-1.5189603218459524, 54.85133417719044], [-1.5192402629181743, 54.851495873212116], [-1.5225995557848364, 54.851495873212116], [-1.5237193200737238, 54.85214265729883], [-1.5248390843626112, 54.85214265729883], [-1.5253989665070549, 54.85246604934218], [-1.5265187307959422, 54.85246604934218], [-1.5273585540126078, 54.85295113740722], [-1.5273585540126078, 54.85327452945057], [-1.5276384950848296, 54.85343622547225], [-1.5281983772292733, 54.85343622547225], [-1.528758259373717, 54.853112833428895], [-1.5309977879514918, 54.853112833428895], [-1.5312777290237136, 54.85295113740722], [-1.5312777290237136, 54.851657569233794], [-1.5321175522403792, 54.85117248116876], [-1.5337971986737102, 54.85117248116876], [-1.5349169629625976, 54.85052569708205], [-1.5354768451070413, 54.85052569708205], [-1.5357567861792631, 54.85036400106037], [-1.5346370218903758, 54.84971721697366], [-1.5363166683237068, 54.84874704084359], [-1.5363166683237068, 54.848423648800235], [-1.536036727251485, 54.84826195277856], [-1.5354768451070413, 54.84826195277856], [-1.5346370218903758, 54.84777686471352], [-1.5346370218903758, 54.84745347267017], [-1.5354768451070413, 54.846968384605134], [-1.536036727251485, 54.846968384605134], [-1.5365966093959287, 54.84729177664849], [-1.5371564915403724, 54.84729177664849], [-1.5374364326125942, 54.84713008062681], [-1.5374364326125942, 54.846806688583456], [-1.537716373684816, 54.84664499256178], [-1.5388361379737034, 54.84664499256178], [-1.5393960201181471, 54.84632160051842], [-1.5399559022625908, 54.84664499256178], [-1.5405157844070345, 54.84632160051842], [-1.5421954308403656, 54.84632160051842], [-1.5427553129848093, 54.84664499256178], [-1.543315195129253, 54.84664499256178], [-1.5438750772736967, 54.84632160051842], [-1.5444349594181404, 54.84632160051842], [-1.5455547237070277, 54.846968384605134], [-1.5461146058514714, 54.846968384605134], [-1.5463945469236933, 54.846806688583456], [-1.5463945469236933, 54.846159904496744], [-1.5472343701403588, 54.84567481643171], [-1.5494738987181336, 54.84567481643171], [-1.5500337808625773, 54.845998208475066], [-1.552273309440352, 54.845998208475066], [-1.5533930737292394, 54.84664499256178], [-1.5536730148014612, 54.8464832965401], [-1.5536730148014612, 54.846159904496744], [-1.553952955873683, 54.845998208475066], [-1.5545128380181268, 54.845998208475066], [-1.5547927790903486, 54.84583651245339], [-1.5547927790903486, 54.84551312041003], [-1.5550727201625705, 54.845351424388355], [-1.5556326023070142, 54.845351424388355], [-1.555912543379236, 54.84551312041003], [-1.555912543379236, 54.84583651245339], [-1.5554226465028478, 54.846806688583456], [-1.5553526612347923, 54.84713008062681], [-1.5547927790903486, 54.84745347267017], [-1.5547927790903486, 54.84777686471352], [-1.555912543379236, 54.848423648800235], [-1.5575222045445116, 54.84907043288695], [-1.557592189812567, 54.84874704084359], [-1.5570323076681234, 54.848423648800235], [-1.5573122487403452, 54.84826195277856], [-1.557872130884789, 54.84826195277856], [-1.5584320130292326, 54.8479385607352], [-1.5601116594625637, 54.8479385607352], [-1.5603916005347855, 54.84777686471352], [-1.5592718362458982, 54.84713008062681], [-1.5592718362458982, 54.846806688583456], [-1.5603916005347855, 54.846159904496744], [-1.5603916005347855, 54.84583651245339], [-1.561231423751451, 54.845351424388355], [-1.5629110701847821, 54.845351424388355], [-1.5637508934014477, 54.84583651245339], [-1.5637508934014477, 54.8464832965401], [-1.5640308344736695, 54.84664499256178], [-1.5645907166181132, 54.84664499256178], [-1.565150598762557, 54.846968384605134], [-1.5662703630514443, 54.84632160051842], [-1.5673901273403317, 54.84632160051842], [-1.5679500094847754, 54.845998208475066], [-1.5690697737736627, 54.845998208475066], [-1.5701895380625501, 54.845351424388355], [-1.5718691844958812, 54.845351424388355], [-1.5732688898569904, 54.844542944279965], [-1.5732688898569904, 54.84421955223661], [-1.5738287720014341, 54.84389616019325], [-1.5738287720014341, 54.842925984063186], [-1.574108713073656, 54.84276428804151], [-1.5746685952180997, 54.84276428804151], [-1.5749485362903215, 54.84260259201983], [-1.5749485362903215, 54.842279199976474], [-1.5755084184347652, 54.84195580793312], [-1.5755084184347652, 54.84130902384641], [-1.575788359506987, 54.84114732782473], [-1.5769081237958744, 54.84114732782473], [-1.5771880648680963, 54.84098563180305], [-1.5771880648680963, 54.840662239759695], [-1.5766281827236526, 54.84033884771634], [-1.5769081237958744, 54.84017715169466], [-1.5780278880847618, 54.84017715169466], [-1.5783078291569836, 54.84033884771634], [-1.5783078291569836, 54.842279199976474], [-1.5780278880847618, 54.84244089599815], [-1.577468005940318, 54.84244089599815], [-1.5771880648680963, 54.842279199976474], [-1.5771880648680963, 54.84195580793312], [-1.5769081237958744, 54.84179411191144], [-1.5763482416514307, 54.842117503954796], [-1.575788359506987, 54.842117503954796], [-1.5755084184347652, 54.842279199976474], [-1.5755084184347652, 54.842925984063186], [-1.5760683005792089, 54.84324937610654], [-1.5760683005792089, 54.8435727681499], [-1.5763482416514307, 54.843734464171575], [-1.5769081237958744, 54.84341107212822], [-1.5780278880847618, 54.84341107212822], [-1.5783078291569836, 54.8435727681499], [-1.5783078291569836, 54.844542944279965], [-1.57774794701254, 54.84486633632332], [-1.57774794701254, 54.846159904496744], [-1.5771880648680963, 54.8464832965401], [-1.5771880648680963, 54.8493938249303], [-1.57774794701254, 54.84971721697366], [-1.57774794701254, 54.850040609017015], [-1.5771880648680963, 54.85036400106037], [-1.5771880648680963, 54.851657569233794], [-1.577468005940318, 54.85181926525547], [-1.5780278880847618, 54.85181926525547], [-1.5783078291569836, 54.85198096127715], [-1.57774794701254, 54.852304353320505], [-1.57774794701254, 54.85295113740722], [-1.5783078291569836, 54.85327452945057], [-1.5783078291569836, 54.85521488171071], [-1.5788677113014273, 54.855538273754064], [-1.5785877702292055, 54.85569996977574], [-1.5780278880847618, 54.85569996977574], [-1.57774794701254, 54.85586166579742], [-1.57774794701254, 54.856185057840776], [-1.5788677113014273, 54.85683184192749], [-1.5788677113014273, 54.85715523397084], [-1.5802674166625366, 54.85796371407923], [-1.5808272988069803, 54.85796371407923], [-1.581107239879202, 54.85812541010091], [-1.581107239879202, 54.85877219418762], [-1.581387180951424, 54.8589338902093], [-1.5816671220236458, 54.85877219418762], [-1.5816671220236458, 54.85844880214427], [-1.5822270041680895, 54.85812541010091], [-1.5822270041680895, 54.8574786260142], [-1.5816671220236458, 54.85715523397084], [-1.5816671220236458, 54.85683184192749], [-1.5819470630958676, 54.85667014590581], [-1.5825069452403113, 54.856993537949165], [-1.5827868863125332, 54.85683184192749], [-1.5827868863125332, 54.85650844988413], [-1.5833467684569769, 54.856185057840776], [-1.5833467684569769, 54.855538273754064], [-1.5827868863125332, 54.85521488171071], [-1.583066827384755, 54.85505318568903], [-1.5836267095291987, 54.85505318568903], [-1.5841865916736424, 54.855376577732386], [-1.584746473818086, 54.855376577732386], [-1.585026414890308, 54.855538273754064], [-1.585026414890308, 54.85586166579742], [-1.5853063559625298, 54.8560233618191], [-1.5861461791791953, 54.855538273754064], [-1.5855862970347516, 54.85521488171071], [-1.5855862970347516, 54.85489148966735], [-1.5858662381069735, 54.854729793645674], [-1.586706061323639, 54.85521488171071], [-1.586706061323639, 54.85650844988413], [-1.5869860023958609, 54.85667014590581], [-1.5881057666847482, 54.85667014590581], [-1.588665648829192, 54.856346753862454], [-1.5892255309736356, 54.856346753862454], [-1.5895054720458575, 54.856185057840776], [-1.5895054720458575, 54.85586166579742], [-1.590345295262523, 54.855376577732386], [-1.5911851184791885, 54.85586166579742], [-1.5911851184791885, 54.85650844988413], [-1.5914650595514104, 54.85667014590581], [-1.592024941695854, 54.85667014590581], [-1.5925848238402978, 54.856993537949165], [-1.5945444113458507, 54.85586166579742], [-1.5945444113458507, 54.855538273754064], [-1.5948243524180725, 54.855376577732386], [-1.5951042934902944, 54.855538273754064], [-1.5951042934902944, 54.85586166579742], [-1.5945444113458507, 54.856185057840776], [-1.5945444113458507, 54.85650844988413], [-1.593984529201407, 54.85683184192749], [-1.593984529201407, 54.85715523397084], [-1.5928647649125196, 54.857802018057555], [-1.5931447059847414, 54.85796371407923], [-1.5937045881291851, 54.85796371407923], [-1.593984529201407, 54.85812541010091], [-1.593984529201407, 54.85844880214427], [-1.5937045881291851, 54.858610498165945], [-1.5931447059847414, 54.85828710612259], [-1.592024941695854, 54.8589338902093], [-1.5914650595514104, 54.8589338902093], [-1.5911851184791885, 54.85877219418762], [-1.5917450006236322, 54.85844880214427], [-1.5917450006236322, 54.8574786260142], [-1.5914650595514104, 54.85731692999252], [-1.5911851184791885, 54.8574786260142], [-1.5911851184791885, 54.857802018057555], [-1.5909051774069667, 54.85796371407923], [-1.590345295262523, 54.85796371407923], [-1.5897854131180793, 54.85828710612259], [-1.588665648829192, 54.85828710612259], [-1.5881057666847482, 54.85796371407923], [-1.5878258256125264, 54.85812541010091], [-1.5878258256125264, 54.85844880214427], [-1.5872659434680827, 54.85877219418762], [-1.5872659434680827, 54.859418978274334], [-1.5875458845403045, 54.85958067429601], [-1.5892255309736356, 54.85958067429601], [-1.590345295262523, 54.860227458382724], [-1.5909051774069667, 54.860227458382724], [-1.5914650595514104, 54.86055085042608], [-1.5925848238402978, 54.86055085042608], [-1.5931447059847414, 54.860227458382724], [-1.5948243524180725, 54.860227458382724], [-1.5953842345625162, 54.85990406633937], [-1.59594411670696, 54.85990406633937], [-1.5962240577791817, 54.860065762361046], [-1.5962240577791817, 54.8603891544044], [-1.5948243524180725, 54.86119763451279], [-1.5931447059847414, 54.86119763451279], [-1.5928647649125196, 54.86135933053447], [-1.5928647649125196, 54.861682722577825], [-1.5925848238402978, 54.8618444185995], [-1.5914650595514104, 54.8618444185995], [-1.5906252363347448, 54.86232950666454], [-1.5911851184791885, 54.86265289870789], [-1.5911851184791885, 54.86362307483796], [-1.590345295262523, 54.864108162902994], [-1.5897854131180793, 54.864108162902994], [-1.5889455899014138, 54.86459325096803], [-1.5889455899014138, 54.864916643011384], [-1.58838570775697, 54.86524003505474], [-1.58838570775697, 54.865563427098095], [-1.588665648829192, 54.86572512311977], [-1.590345295262523, 54.86572512311977], [-1.5906252363347448, 54.86588681914145], [-1.5906252363347448, 54.86621021118481], [-1.5909051774069667, 54.866371907206485], [-1.592024941695854, 54.866371907206485], [-1.5925848238402978, 54.86604851516313], [-1.5937045881291851, 54.86604851516313], [-1.5945444113458507, 54.86653360322816], [-1.5945444113458507, 54.86685699527152], [-1.5948243524180725, 54.8670186912932], [-1.5953842345625162, 54.8670186912932], [-1.595664175634738, 54.867180387314875], [-1.595664175634738, 54.86750377935823], [-1.5967839399236254, 54.86815056344494], [-1.5967839399236254, 54.8684739554883], [-1.5970638809958473, 54.868635651509976], [-1.599303409573622, 54.868635651509976], [-1.599583350645844, 54.868797347531654], [-1.599583350645844, 54.86912073957501], [-1.6001432327902876, 54.869444131618366], [-1.6001432327902876, 54.86976752366172], [-1.6004231738625094, 54.8699292196834], [-1.6032225845847279, 54.8699292196834], [-1.6043423488736153, 54.86928243559669], [-1.604902231018059, 54.86928243559669], [-1.6054621131625026, 54.86895904355333], [-1.6060219953069463, 54.86895904355333], [-1.6063019363791682, 54.86912073957501], [-1.6063019363791682, 54.869444131618366], [-1.60658187745139, 54.869605827640044], [-1.608261523884721, 54.869605827640044], [-1.6088214060291648, 54.86928243559669], [-1.6105010524624959, 54.86928243559669], [-1.6107809935347177, 54.869444131618366], [-1.6107809935347177, 54.87009091570508], [-1.6110609346069396, 54.870252611726755], [-1.6113408756791614, 54.87009091570508], [-1.6113408756791614, 54.868797347531654], [-1.6107809935347177, 54.8684739554883], [-1.6107809935347177, 54.86750377935823], [-1.6096612292458303, 54.86685699527152], [-1.6099411703180522, 54.86669529924984], [-1.6105010524624959, 54.86669529924984], [-1.6113408756791614, 54.867180387314875], [-1.6113408756791614, 54.86750377935823], [-1.6130205221124925, 54.8684739554883], [-1.6130205221124925, 54.868797347531654], [-1.6124606399680488, 54.86912073957501], [-1.6144202274736017, 54.870252611726755], [-1.6149801096180454, 54.870252611726755], [-1.6160998739069328, 54.869605827640044], [-1.6172196381958202, 54.869605827640044], [-1.6177795203402638, 54.8699292196834], [-1.6188992846291512, 54.8699292196834], [-1.619179225701373, 54.86976752366172], [-1.619179225701373, 54.869444131618366], [-1.619459166773595, 54.86928243559669], [-1.621138813206926, 54.86928243559669], [-1.6219786364235915, 54.868797347531654], [-1.6219786364235915, 54.86815056344494], [-1.6214187542791478, 54.867827171401586], [-1.6214187542791478, 54.86750377935823], [-1.6216986953513697, 54.86734208333655], [-1.6222585774958134, 54.86734208333655], [-1.6225385185680352, 54.867180387314875], [-1.6225385185680352, 54.86685699527152], [-1.623098400712479, 54.86653360322816], [-1.622818459640257, 54.866371907206485], [-1.6222585774958134, 54.866371907206485], [-1.6219786364235915, 54.86621021118481], [-1.622818459640257, 54.86572512311977], [-1.6233783417847008, 54.86572512311977], [-1.6239382239291444, 54.86540173107642], [-1.6244981060735881, 54.86540173107642], [-1.6253379292902537, 54.86588681914145], [-1.62477804714581, 54.86621021118481], [-1.62477804714581, 54.86653360322816], [-1.6250579882180318, 54.86669529924984], [-1.6256178703624755, 54.86669529924984], [-1.6258978114346974, 54.86685699527152], [-1.6256178703624755, 54.8670186912932], [-1.6250579882180318, 54.8670186912932], [-1.62477804714581, 54.867180387314875], [-1.6250579882180318, 54.86734208333655], [-1.6256178703624755, 54.86734208333655], [-1.6258978114346974, 54.86750377935823], [-1.6253379292902537, 54.867827171401586], [-1.6253379292902537, 54.86815056344494], [-1.6256178703624755, 54.86831225946662], [-1.6261777525069192, 54.86831225946662], [-1.626457693579141, 54.8684739554883], [-1.6261777525069192, 54.868635651509976], [-1.6250579882180318, 54.868635651509976], [-1.62477804714581, 54.868797347531654], [-1.62477804714581, 54.86912073957501], [-1.6242181650013663, 54.869444131618366], [-1.6242181650013663, 54.87009091570508], [-1.6244981060735881, 54.870252611726755], [-1.62477804714581, 54.87009091570508], [-1.62477804714581, 54.86976752366172], [-1.6250579882180318, 54.869605827640044], [-1.6256178703624755, 54.869605827640044], [-1.626737634651363, 54.870252611726755], [-1.6272975167958066, 54.870252611726755], [-1.6275774578680284, 54.87041430774843], [-1.6275774578680284, 54.87073769979179], [-1.6278573989402503, 54.87089939581347], [-1.628417281084694, 54.87057600377011], [-1.6306568096624687, 54.87057600377011], [-1.6317765739513561, 54.87122278785682], [-1.6328963382402435, 54.87122278785682], [-1.6334562203846872, 54.87089939581347], [-1.6340161025291309, 54.87122278785682], [-1.6345759846735746, 54.87122278785682], [-1.6348559257457964, 54.871061091835145], [-1.6348559257457964, 54.87073769979179], [-1.6351358668180183, 54.87057600377011], [-1.6379352775402367, 54.87057600377011], [-1.6382152186124586, 54.87041430774843], [-1.6382152186124586, 54.87009091570508], [-1.6384951596846804, 54.8699292196834], [-1.639055041829124, 54.870252611726755], [-1.6401748061180115, 54.869605827640044], [-1.6407346882624552, 54.869605827640044], [-1.641014629334677, 54.869444131618366], [-1.641014629334677, 54.86912073957501], [-1.6404547471902333, 54.868797347531654], [-1.6404547471902333, 54.8684739554883], [-1.6407346882624552, 54.86831225946662], [-1.641014629334677, 54.8684739554883], [-1.641014629334677, 54.868797347531654], [-1.6421343936235644, 54.869444131618366], [-1.6421343936235644, 54.86976752366172], [-1.6424143346957862, 54.8699292196834], [-1.64297421684023, 54.8699292196834], [-1.6440939811291173, 54.86928243559669], [-1.6449338043457828, 54.86976752366172], [-1.6440939811291173, 54.870252611726755], [-1.6435340989846736, 54.870252611726755], [-1.6432541579124518, 54.87041430774843], [-1.6432541579124518, 54.8713844838785], [-1.6435340989846736, 54.87154617990018], [-1.6440939811291173, 54.87154617990018], [-1.6443739222013392, 54.87170787592186], [-1.6443739222013392, 54.87235466000857], [-1.6454936864902265, 54.87300144409528], [-1.6454936864902265, 54.873324836138636], [-1.6457736275624484, 54.873486532160314], [-1.646333509706892, 54.873486532160314], [-1.646613450779114, 54.87364822818199], [-1.646613450779114, 54.87397162022535], [-1.6468933918513358, 54.874133316247026], [-1.6474532739957795, 54.874133316247026], [-1.648293097212445, 54.87461840431206], [-1.648293097212445, 54.874941796355415], [-1.6485730382846668, 54.87510349237709], [-1.6491329204291105, 54.87478010033374], [-1.6496928025735542, 54.87510349237709], [-1.6508125668624416, 54.87510349237709], [-1.6513724490068853, 54.87542688442045], [-1.651932331151329, 54.87542688442045], [-1.6524922132957727, 54.87510349237709], [-1.65361197758466, 54.87510349237709], [-1.6541718597291037, 54.87542688442045], [-1.6552916240179911, 54.87542688442045], [-1.6564113883068785, 54.87478010033374], [-1.6569712704513222, 54.87478010033374], [-1.6580910347402096, 54.874133316247026], [-1.6586509168846533, 54.874133316247026], [-1.6597706811735407, 54.873486532160314], [-1.6603305633179843, 54.873486532160314], [-1.6606105043902062, 54.873324836138636], [-1.6606105043902062, 54.87300144409528], [-1.6614503276068717, 54.872516356030246], [-1.6620102097513154, 54.872516356030246], [-1.6636898561846465, 54.87154617990018], [-1.6653695026179776, 54.87154617990018], [-1.6659293847624213, 54.87122278785682], [-1.668168913340196, 54.87122278785682], [-1.6687287954846397, 54.87154617990018], [-1.669848559773527, 54.87154617990018], [-1.670128500845749, 54.8713844838785], [-1.670128500845749, 54.871061091835145], [-1.6695686187013052, 54.87073769979179], [-1.6695686187013052, 54.86976752366172], [-1.6704084419179708, 54.86928243559669], [-1.6709683240624145, 54.86928243559669], [-1.6715282062068582, 54.86895904355333], [-1.6720880883513018, 54.86895904355333], [-1.6723680294235237, 54.868797347531654], [-1.6723680294235237, 54.8684739554883], [-1.6757273222901858, 54.86653360322816], [-1.6757273222901858, 54.86621021118481], [-1.6760072633624077, 54.86604851516313], [-1.677127027651295, 54.86604851516313], [-1.6788066740846261, 54.8670186912932], [-1.6793665562290698, 54.8670186912932], [-1.6799264383735135, 54.86669529924984], [-1.681046202662401, 54.86669529924984], [-1.6813261437346227, 54.86685699527152], [-1.6813261437346227, 54.86750377935823], [-1.6816060848068446, 54.86766547537991], [-1.6818860258790664, 54.86750377935823], [-1.6818860258790664, 54.86685699527152], [-1.682725849095732, 54.866371907206485], [-1.6838456133846194, 54.8670186912932], [-1.684405495529063, 54.8670186912932], [-1.684685436601285, 54.867180387314875], [-1.684685436601285, 54.86750377935823], [-1.6849653776735067, 54.86766547537991], [-1.6855252598179504, 54.86766547537991], [-1.6858052008901723, 54.86750377935823], [-1.6858052008901723, 54.86685699527152], [-1.6855252598179504, 54.86669529924984], [-1.684405495529063, 54.86669529924984], [-1.6841255544568412, 54.86653360322816], [-1.6841255544568412, 54.86621021118481], [-1.6835656723123975, 54.86588681914145], [-1.6838456133846194, 54.86572512311977], [-1.684405495529063, 54.86604851516313], [-1.684685436601285, 54.86588681914145], [-1.684685436601285, 54.865563427098095], [-1.6841255544568412, 54.86524003505474], [-1.6841255544568412, 54.864916643011384], [-1.6838456133846194, 54.864754946989706], [-1.6832857312401757, 54.864754946989706], [-1.6830057901679538, 54.86459325096803], [-1.6830057901679538, 54.86426985892467], [-1.6841255544568412, 54.86362307483796], [-1.6841255544568412, 54.86297629075125], [-1.6838456133846194, 54.86281459472957], [-1.6832857312401757, 54.86313798677293], [-1.6830057901679538, 54.86297629075125], [-1.6835656723123975, 54.86265289870789], [-1.6835656723123975, 54.86232950666454], [-1.6832857312401757, 54.86216781064286], [-1.681046202662401, 54.86216781064286], [-1.680766261590179, 54.86200611462118], [-1.681046202662401, 54.8618444185995], [-1.6821659669512883, 54.8618444185995], [-1.6824459080235101, 54.861682722577825], [-1.6824459080235101, 54.86135933053447], [-1.6818860258790664, 54.86103593849111], [-1.6821659669512883, 54.860874242469436], [-1.682725849095732, 54.860874242469436], [-1.6830057901679538, 54.86103593849111], [-1.6830057901679538, 54.86135933053447], [-1.6838456133846194, 54.8618444185995], [-1.6866450241068378, 54.8618444185995], [-1.6869249651790597, 54.86200611462118], [-1.6866450241068378, 54.86216781064286], [-1.6860851419623941, 54.86216781064286], [-1.6852453187457286, 54.86265289870789], [-1.6855252598179504, 54.86281459472957], [-1.6860851419623941, 54.86281459472957], [-1.6866450241068378, 54.86313798677293], [-1.6872049062512815, 54.86313798677293], [-1.6877647883957252, 54.86281459472957], [-1.6894444348290563, 54.86281459472957], [-1.6900043169735, 54.862491202686215], [-1.6905641991179436, 54.862491202686215], [-1.6908441401901655, 54.86265289870789], [-1.6902842580457218, 54.86297629075125], [-1.6905641991179436, 54.86313798677293], [-1.6911240812623873, 54.86313798677293], [-1.691683963406831, 54.86281459472957], [-1.6922438455512747, 54.86313798677293], [-1.6928037276957184, 54.86313798677293], [-1.6930836687679403, 54.86297629075125], [-1.6925237866234966, 54.86265289870789], [-1.6925237866234966, 54.86232950666454], [-1.6928037276957184, 54.86216781064286], [-1.6939234919846058, 54.86216781064286], [-1.6942034330568276, 54.86200611462118], [-1.6942034330568276, 54.86135933053447], [-1.6944833741290495, 54.86119763451279], [-1.6950432562734932, 54.86152102655615], [-1.6956031384179369, 54.86152102655615], [-1.6961630205623806, 54.86119763451279], [-1.6967229027068242, 54.86152102655615], [-1.697002843779046, 54.86135933053447], [-1.697002843779046, 54.86103593849111], [-1.697282784851268, 54.860874242469436], [-1.698962431284599, 54.860874242469436], [-1.6992423723568209, 54.86103593849111], [-1.6986824902123772, 54.86135933053447], [-1.6986824902123772, 54.861682722577825], [-1.6978426669957116, 54.86216781064286], [-1.697282784851268, 54.86216781064286], [-1.697002843779046, 54.86232950666454], [-1.698962431284599, 54.86346137881628], [-1.6995223134290427, 54.86346137881628], [-1.7000821955734864, 54.86313798677293], [-1.70064207771793, 54.86313798677293], [-1.700922018790152, 54.863299682794604], [-1.700922018790152, 54.86426985892467], [-1.7012019598623738, 54.86443155494635], [-1.7017618420068175, 54.86443155494635], [-1.7023217241512612, 54.864754946989706], [-1.7028816062957048, 54.864754946989706], [-1.7034414884401485, 54.86443155494635], [-1.7040013705845922, 54.86443155494635], [-1.704281311656814, 54.86426985892467], [-1.704281311656814, 54.863946466881316], [-1.7051211348734796, 54.86346137881628], [-1.7056810170179233, 54.86346137881628], [-1.7059609580901451, 54.863299682794604], [-1.7056810170179233, 54.86313798677293], [-1.7051211348734796, 54.86313798677293], [-1.7048411938012578, 54.86297629075125], [-1.7048411938012578, 54.86265289870789], [-1.704561252729036, 54.862491202686215], [-1.7040013705845922, 54.86281459472957], [-1.7037214295123704, 54.86265289870789], [-1.7037214295123704, 54.86232950666454], [-1.704561252729036, 54.8618444185995], [-1.7051211348734796, 54.8618444185995], [-1.7054010759457015, 54.861682722577825], [-1.7051211348734796, 54.86152102655615], [-1.704561252729036, 54.86152102655615], [-1.704281311656814, 54.86135933053447], [-1.704561252729036, 54.86119763451279], [-1.7051211348734796, 54.86119763451279], [-1.7054010759457015, 54.86103593849111], [-1.7051211348734796, 54.860874242469436], [-1.7040013705845922, 54.860874242469436], [-1.7037214295123704, 54.86071254644776], [-1.7040013705845922, 54.86055085042608], [-1.7051211348734796, 54.86055085042608], [-1.7054010759457015, 54.8603891544044], [-1.7051211348734796, 54.860227458382724], [-1.704561252729036, 54.860227458382724], [-1.704281311656814, 54.860065762361046], [-1.7048411938012578, 54.85974237031769], [-1.7048411938012578, 54.859418978274334], [-1.7051211348734796, 54.859257282252656], [-1.7054010759457015, 54.859418978274334], [-1.7054010759457015, 54.85974237031769], [-1.7059609580901451, 54.860065762361046], [-1.7059609580901451, 54.86071254644776], [-1.706240899162367, 54.860874242469436], [-1.7073606634512544, 54.860874242469436], [-1.7076406045234762, 54.86103593849111], [-1.7073606634512544, 54.86119763451279], [-1.7068007813068107, 54.86119763451279], [-1.7065208402345888, 54.86135933053447], [-1.7068007813068107, 54.86152102655615], [-1.707920545595698, 54.86152102655615], [-1.70820048666792, 54.861682722577825], [-1.7076406045234762, 54.86200611462118], [-1.707920545595698, 54.86216781064286], [-1.7084804277401417, 54.86216781064286], [-1.7087603688123636, 54.86232950666454], [-1.7084804277401417, 54.862491202686215], [-1.707920545595698, 54.862491202686215], [-1.7070807223790325, 54.86297629075125], [-1.7073606634512544, 54.86313798677293], [-1.7090403098845854, 54.86313798677293], [-1.7093202509568073, 54.863299682794604], [-1.7093202509568073, 54.863946466881316], [-1.7090403098845854, 54.864108162902994], [-1.7084804277401417, 54.864108162902994], [-1.70820048666792, 54.86426985892467], [-1.7084804277401417, 54.86443155494635], [-1.7112798384623602, 54.86443155494635], [-1.7123996027512476, 54.86378477085964], [-1.7129594848956913, 54.86378477085964], [-1.7140792491845787, 54.86443155494635], [-1.7146391313290223, 54.864108162902994], [-1.7149190724012442, 54.86426985892467], [-1.7149190724012442, 54.864916643011384], [-1.715199013473466, 54.86507833903306], [-1.7157588956179097, 54.864754946989706], [-1.7160388366901316, 54.864916643011384], [-1.7160388366901316, 54.86524003505474], [-1.7157588956179097, 54.86540173107642], [-1.7146391313290223, 54.86540173107642], [-1.7140792491845787, 54.86572512311977], [-1.713519367040135, 54.86572512311977], [-1.7126795438234694, 54.86621021118481], [-1.7126795438234694, 54.86653360322816], [-1.711839720606804, 54.8670186912932], [-1.7096001920290291, 54.8670186912932], [-1.7093202509568073, 54.867180387314875], [-1.7093202509568073, 54.86750377935823], [-1.7087603688123636, 54.867827171401586], [-1.7090403098845854, 54.867988867423264], [-1.7101600741734728, 54.867988867423264], [-1.7104400152456947, 54.86815056344494], [-1.7104400152456947, 54.8684739554883], [-1.7096001920290291, 54.86895904355333], [-1.7084804277401417, 54.86895904355333], [-1.70820048666792, 54.86912073957501], [-1.70820048666792, 54.869444131618366], [-1.707920545595698, 54.869605827640044], [-1.7073606634512544, 54.869605827640044], [-1.7068007813068107, 54.8699292196834], [-1.706240899162367, 54.869605827640044], [-1.7040013705845922, 54.869605827640044], [-1.7037214295123704, 54.86976752366172], [-1.7037214295123704, 54.87041430774843], [-1.7034414884401485, 54.87057600377011], [-1.7028816062957048, 54.87057600377011], [-1.7014819009345956, 54.8713844838785], [-1.7014819009345956, 54.87170787592186], [-1.7020417830790393, 54.87203126796521], [-1.7020417830790393, 54.87300144409528], [-1.7023217241512612, 54.87316314011696], [-1.7040013705845922, 54.87316314011696], [-1.704561252729036, 54.8728397480736], [-1.7051211348734796, 54.8728397480736], [-1.706240899162367, 54.87219296398689], [-1.7073606634512544, 54.87219296398689], [-1.7087603688123636, 54.87300144409528], [-1.70820048666792, 54.873324836138636], [-1.709880133101251, 54.8742950122687], [-1.709880133101251, 54.874941796355415], [-1.7093202509568073, 54.87526518839877], [-1.7093202509568073, 54.87558858044213], [-1.7087603688123636, 54.87591197248548], [-1.7087603688123636, 54.87623536452884], [-1.709880133101251, 54.87688214861555], [-1.709880133101251, 54.87752893270226], [-1.7093202509568073, 54.87785232474562], [-1.7096001920290291, 54.878014020767296], [-1.7101600741734728, 54.878014020767296], [-1.7104400152456947, 54.87785232474562], [-1.7104400152456947, 54.87752893270226], [-1.711839720606804, 54.87672045259387], [-1.7123996027512476, 54.87704384463723], [-1.713519367040135, 54.87639706055052], [-1.7140792491845787, 54.87639706055052], [-1.7146391313290223, 54.87607366850716], [-1.715199013473466, 54.87639706055052], [-1.7157588956179097, 54.87639706055052], [-1.7163187777623534, 54.87672045259387], [-1.7174385420512408, 54.87672045259387], [-1.7191181884845719, 54.87769062872394], [-1.7196780706290156, 54.87769062872394], [-1.7199580117012374, 54.87785232474562], [-1.7199580117012374, 54.87849910883233], [-1.7193981295567937, 54.878822500875685], [-1.7193981295567937, 54.8794692849624], [-1.71883824741235, 54.87979267700575], [-1.71883824741235, 54.88011606904911], [-1.7185583063401282, 54.88027776507079], [-1.7168786599067971, 54.88027776507079], [-1.7163187777623534, 54.87995437302743], [-1.7157588956179097, 54.87995437302743], [-1.7149190724012442, 54.880439461092465], [-1.715199013473466, 54.88060115711414], [-1.7157588956179097, 54.88060115711414], [-1.7160388366901316, 54.88076285313582], [-1.7160388366901316, 54.881086245179176], [-1.7168786599067971, 54.88157133324421], [-1.717158600979019, 54.88140963722253], [-1.717158600979019, 54.881086245179176], [-1.7174385420512408, 54.8809245491575], [-1.7185583063401282, 54.8809245491575], [-1.7191181884845719, 54.88060115711414], [-1.7196780706290156, 54.88060115711414], [-1.7202379527734593, 54.8809245491575], [-1.720797834917903, 54.8809245491575], [-1.7210777759901248, 54.881086245179176], [-1.7210777759901248, 54.88140963722253], [-1.7216376581345685, 54.88173302926589], [-1.7216376581345685, 54.882056421309244], [-1.7210777759901248, 54.8823798133526], [-1.7210777759901248, 54.882703205395956], [-1.720517893845681, 54.88302659743931], [-1.720797834917903, 54.88318829346099], [-1.722477481351234, 54.88318829346099], [-1.7233173045678996, 54.88367338152602], [-1.7233173045678996, 54.88399677356938], [-1.7235972456401214, 54.88415846959106], [-1.7238771867123432, 54.88399677356938], [-1.7238771867123432, 54.88367338152602], [-1.724157127784565, 54.883511685504345], [-1.7247170099290088, 54.883511685504345], [-1.7252768920734525, 54.88318829346099], [-1.7263966563623399, 54.88318829346099], [-1.7272364795790054, 54.882703205395956], [-1.7272364795790054, 54.882056421309244], [-1.727796361723449, 54.88173302926589], [-1.7275164206512272, 54.88157133324421], [-1.7258367742178962, 54.88157133324421], [-1.7249969510012306, 54.881086245179176], [-1.7249969510012306, 54.880439461092465], [-1.7258367742178962, 54.87995437302743], [-1.7275164206512272, 54.87995437302743], [-1.7283562438678928, 54.880439461092465], [-1.7283562438678928, 54.881086245179176], [-1.7286361849401146, 54.881247941200854], [-1.729755949229002, 54.881247941200854], [-1.7311556545901112, 54.882056421309244], [-1.7305957724456675, 54.8823798133526], [-1.7311556545901112, 54.882703205395956], [-1.7311556545901112, 54.88302659743931], [-1.731435595662333, 54.88318829346099], [-1.7336751242401078, 54.88318829346099], [-1.7339550653123297, 54.88302659743931], [-1.7339550653123297, 54.882703205395956], [-1.7347948885289952, 54.88221811733092], [-1.7364745349623263, 54.88221811733092], [-1.7375942992512137, 54.88286490141763], [-1.7415134742623195, 54.88286490141763], [-1.7420733564067632, 54.88254150937428], [-1.7437530028400943, 54.88254150937428], [-1.7440329439123161, 54.8823798133526], [-1.7440329439123161, 54.882056421309244], [-1.7434730617678724, 54.88173302926589], [-1.7434730617678724, 54.88140963722253], [-1.7437530028400943, 54.881247941200854], [-1.744312884984538, 54.881247941200854], [-1.7445928260567598, 54.881086245179176], [-1.7445928260567598, 54.880439461092465], [-1.7451527082012035, 54.88011606904911], [-1.7451527082012035, 54.87979267700575], [-1.7454326492734253, 54.879630980984075], [-1.745992531417869, 54.879630980984075], [-1.7471122957067564, 54.87898419689736], [-1.7476721778512, 54.87898419689736], [-1.747952118923422, 54.878822500875685], [-1.747952118923422, 54.87849910883233], [-1.7476721778512, 54.87833741281065], [-1.7448727671289816, 54.87833741281065], [-1.7445928260567598, 54.878175716788974], [-1.7445928260567598, 54.87785232474562], [-1.7434730617678724, 54.877205540658906], [-1.7434730617678724, 54.87688214861555], [-1.744312884984538, 54.87639706055052], [-1.7448727671289816, 54.87639706055052], [-1.7454326492734253, 54.87672045259387], [-1.745992531417869, 54.87672045259387], [-1.7465524135623127, 54.87704384463723], [-1.7471122957067564, 54.87704384463723], [-1.747952118923422, 54.876558756572194], [-1.7476721778512, 54.87639706055052], [-1.7471122957067564, 54.87639706055052], [-1.7465524135623127, 54.87607366850716], [-1.745992531417869, 54.87607366850716], [-1.7457125903456472, 54.87591197248548], [-1.745992531417869, 54.875750276463805], [-1.7465524135623127, 54.875750276463805], [-1.7468323546345346, 54.87558858044213], [-1.7468323546345346, 54.87526518839877], [-1.7473922367789783, 54.874941796355415], [-1.7473922367789783, 54.87461840431206], [-1.7468323546345346, 54.8742950122687], [-1.7468323546345346, 54.87397162022535], [-1.7462724724900909, 54.87364822818199], [-1.7462724724900909, 54.873324836138636], [-1.7465524135623127, 54.87316314011696], [-1.7471122957067564, 54.87316314011696], [-1.7476721778512, 54.8728397480736], [-1.7487919421400875, 54.873486532160314], [-1.7493518242845312, 54.87316314011696], [-1.749631765356753, 54.873324836138636], [-1.749631765356753, 54.87364822818199], [-1.7499117064289749, 54.87380992420367], [-1.7504715885734186, 54.87380992420367], [-1.7507515296456404, 54.87364822818199], [-1.7501916475011967, 54.873324836138636], [-1.7501916475011967, 54.87235466000857], [-1.7490718832123093, 54.87170787592186], [-1.7490718832123093, 54.8713844838785], [-1.7499117064289749, 54.87089939581347], [-1.7504715885734186, 54.87089939581347], [-1.7507515296456404, 54.871061091835145], [-1.7507515296456404, 54.8713844838785], [-1.7510314707178622, 54.87154617990018], [-1.7521512350067496, 54.87154617990018], [-1.7529910582234152, 54.87203126796521], [-1.7529910582234152, 54.87235466000857], [-1.7527111171511933, 54.872516356030246], [-1.7521512350067496, 54.872516356030246], [-1.7518712939345278, 54.872678052051924], [-1.7518712939345278, 54.873324836138636], [-1.7524311760789715, 54.87364822818199], [-1.7524311760789715, 54.87461840431206], [-1.7529910582234152, 54.874941796355415], [-1.7529910582234152, 54.87526518839877], [-1.7524311760789715, 54.87558858044213], [-1.7524311760789715, 54.87623536452884], [-1.7529910582234152, 54.876558756572194], [-1.7529910582234152, 54.877205540658906], [-1.7518712939345278, 54.87785232474562], [-1.7524311760789715, 54.878175716788974], [-1.751311411790084, 54.878822500875685], [-1.7521512350067496, 54.87930758894072], [-1.7527111171511933, 54.87930758894072], [-1.753270999295637, 54.87898419689736], [-1.7538308814400807, 54.87898419689736], [-1.7541108225123025, 54.878822500875685], [-1.7541108225123025, 54.87849910883233], [-1.7543907635845244, 54.87833741281065], [-1.754950645728968, 54.87833741281065], [-1.75523058680119, 54.878175716788974], [-1.75523058680119, 54.87785232474562], [-1.7555105278734118, 54.87769062872394], [-1.7560704100178555, 54.87769062872394], [-1.7563503510900773, 54.87752893270226], [-1.7557904689456336, 54.877205540658906], [-1.7560704100178555, 54.87704384463723], [-1.7571901743067428, 54.87704384463723], [-1.7574701153789647, 54.87688214861555], [-1.7574701153789647, 54.87591197248548], [-1.7577500564511865, 54.875750276463805], [-1.7583099385956302, 54.875750276463805], [-1.758589879667852, 54.87558858044213], [-1.758589879667852, 54.87526518839877], [-1.758869820740074, 54.87510349237709], [-1.7594297028845176, 54.87510349237709], [-1.7599895850289613, 54.87542688442045], [-1.760549467173405, 54.87542688442045], [-1.7608294082456268, 54.87526518839877], [-1.7608294082456268, 54.8742950122687], [-1.760549467173405, 54.874133316247026], [-1.7602695261011831, 54.8742950122687], [-1.7602695261011831, 54.87461840431206], [-1.7599895850289613, 54.87478010033374], [-1.7594297028845176, 54.87478010033374], [-1.758869820740074, 54.87445670829038], [-1.7583099385956302, 54.87445670829038], [-1.7580299975234084, 54.8742950122687], [-1.7580299975234084, 54.87364822818199], [-1.7583099385956302, 54.873486532160314], [-1.7599895850289613, 54.873486532160314], [-1.7611093493178487, 54.874133316247026], [-1.762229113606736, 54.874133316247026], [-1.762509054678958, 54.87397162022535], [-1.762509054678958, 54.87364822818199], [-1.7627889957511798, 54.873486532160314], [-1.7644686421845108, 54.873486532160314], [-1.7650285243289545, 54.87316314011696], [-1.767827935051173, 54.87316314011696], [-1.7683878171956167, 54.873486532160314], [-1.7689476993400604, 54.873486532160314], [-1.769507581484504, 54.87316314011696], [-1.7711872279178351, 54.87316314011696], [-1.7717471100622788, 54.8728397480736], [-1.7723069922067225, 54.8728397480736], [-1.7728668743511662, 54.872516356030246], [-1.7739866386400536, 54.872516356030246], [-1.7742665797122754, 54.872678052051924], [-1.7742665797122754, 54.87300144409528], [-1.7739866386400536, 54.87316314011696], [-1.7734267564956099, 54.87316314011696], [-1.773146815423388, 54.873324836138636], [-1.773146815423388, 54.87364822818199], [-1.7728668743511662, 54.87380992420367], [-1.7717471100622788, 54.87380992420367], [-1.771467168990057, 54.87397162022535], [-1.771467168990057, 54.87461840431206], [-1.7711872279178351, 54.87478010033374], [-1.7706273457733914, 54.87478010033374], [-1.7700674636289477, 54.87510349237709], [-1.769507581484504, 54.87510349237709], [-1.7689476993400604, 54.87542688442045], [-1.7683878171956167, 54.87542688442045], [-1.7681078761233948, 54.87558858044213], [-1.7686677582678385, 54.87591197248548], [-1.7686677582678385, 54.87623536452884], [-1.7683878171956167, 54.87639706055052], [-1.766148288617842, 54.87639706055052], [-1.7655884064733982, 54.87672045259387], [-1.7650285243289545, 54.87672045259387], [-1.762509054678958, 54.878175716788974], [-1.7630689368234016, 54.87849910883233], [-1.7616692314622924, 54.87930758894072], [-1.760549467173405, 54.87930758894072], [-1.7602695261011831, 54.8794692849624], [-1.7602695261011831, 54.88011606904911], [-1.7599895850289613, 54.88027776507079], [-1.7594297028845176, 54.88027776507079], [-1.7591497618122958, 54.880439461092465], [-1.7591497618122958, 54.881086245179176], [-1.758869820740074, 54.881247941200854], [-1.7583099385956302, 54.881247941200854], [-1.7574701153789647, 54.88173302926589], [-1.7574701153789647, 54.88464355765609], [-1.7566302921622992, 54.885128645721124], [-1.7560704100178555, 54.885128645721124], [-1.7555105278734118, 54.88545203776448], [-1.753270999295637, 54.88545203776448], [-1.7529910582234152, 54.88561373378616], [-1.7529910582234152, 54.88626051787287], [-1.7527111171511933, 54.88642221389455], [-1.751591352862306, 54.88642221389455], [-1.751311411790084, 54.886583909916226], [-1.7518712939345278, 54.88690730195958], [-1.7518712939345278, 54.88723069400294], [-1.7510314707178622, 54.88771578206797], [-1.7493518242845312, 54.88771578206797], [-1.7485120010678656, 54.888200870133005], [-1.7485120010678656, 54.88852426217636], [-1.749631765356753, 54.88917104626307], [-1.749631765356753, 54.889817830349784], [-1.7476721778512, 54.89094970250153], [-1.7465524135623127, 54.89094970250153], [-1.7457125903456472, 54.891434790566564], [-1.7457125903456472, 54.89175818260992], [-1.7451527082012035, 54.892081574653275], [-1.7454326492734253, 54.89224327067495], [-1.7482320599956438, 54.89224327067495], [-1.7490718832123093, 54.89272835873999], [-1.7490718832123093, 54.89305175078334], [-1.749631765356753, 54.8933751428267], [-1.749631765356753, 54.893698534870055], [-1.7490718832123093, 54.89402192691341], [-1.7490718832123093, 54.89466871100012], [-1.7487919421400875, 54.8948304070218], [-1.7482320599956438, 54.8948304070218], [-1.7476721778512, 54.895153799065156], [-1.7454326492734253, 54.895153799065156], [-1.7440329439123161, 54.894345318956766], [-1.7440329439123161, 54.89305175078334], [-1.7437530028400943, 54.892890054761665], [-1.7426332385512069, 54.892890054761665], [-1.7409535921178758, 54.8919198786316], [-1.740673651045654, 54.892081574653275], [-1.740673651045654, 54.89240496669663], [-1.7403937099734321, 54.89256666271831], [-1.7392739456845447, 54.89256666271831], [-1.738994004612323, 54.89272835873999], [-1.738994004612323, 54.89402192691341], [-1.7398338278289884, 54.894507014978444], [-1.7409535921178758, 54.894507014978444], [-1.7429131796234287, 54.89563888713019], [-1.7429131796234287, 54.895962279173546], [-1.742353297478985, 54.8962856712169], [-1.742353297478985, 54.89693245530361], [-1.7417934153345414, 54.89725584734697], [-1.7417934153345414, 54.897579239390325], [-1.7420733564067632, 54.897740935412], [-1.7437530028400943, 54.897740935412], [-1.744312884984538, 54.89741754336865], [-1.7448727671289816, 54.897740935412], [-1.7465524135623127, 54.897740935412], [-1.7471122957067564, 54.89806432745536], [-1.7476721778512, 54.89806432745536], [-1.7487919421400875, 54.89871111154207], [-1.7490718832123093, 54.89854941552039], [-1.7490718832123093, 54.89822602347704], [-1.749631765356753, 54.89790263143368], [-1.749631765356753, 54.897579239390325], [-1.7504715885734186, 54.89709415132529], [-1.7510314707178622, 54.89709415132529], [-1.751591352862306, 54.896770759281935], [-1.7538308814400807, 54.896770759281935], [-1.7543907635845244, 54.89644736723858], [-1.754950645728968, 54.89644736723858], [-1.75523058680119, 54.8962856712169], [-1.75523058680119, 54.895962279173546], [-1.7560704100178555, 54.89547719110851], [-1.758869820740074, 54.89547719110851], [-1.7594297028845176, 54.895153799065156], [-1.762229113606736, 54.895153799065156], [-1.7639087600400671, 54.89612397519522], [-1.7644686421845108, 54.89612397519522], [-1.7650285243289545, 54.89580058315187], [-1.7655884064733982, 54.89580058315187], [-1.76586834754562, 54.89563888713019], [-1.76586834754562, 54.895315495086834], [-1.766148288617842, 54.895153799065156], [-1.7672680529067293, 54.895153799065156], [-1.7675479939789511, 54.89499210304348], [-1.7667081707622856, 54.894507014978444], [-1.766148288617842, 54.894507014978444], [-1.76586834754562, 54.894345318956766], [-1.76586834754562, 54.893698534870055], [-1.766148288617842, 54.89353683884838], [-1.7667081707622856, 54.89353683884838], [-1.7672680529067293, 54.89321344680502], [-1.7681078761233948, 54.893698534870055], [-1.7681078761233948, 54.89402192691341], [-1.7675479939789511, 54.894345318956766], [-1.7675479939789511, 54.89466871100012], [-1.767827935051173, 54.8948304070218], [-1.7683878171956167, 54.8948304070218], [-1.7686677582678385, 54.89499210304348], [-1.7686677582678385, 54.895962279173546], [-1.767827935051173, 54.89644736723858], [-1.7672680529067293, 54.89644736723858], [-1.7669881118345074, 54.89660906326026], [-1.7669881118345074, 54.89693245530361], [-1.7675479939789511, 54.89725584734697], [-1.7675479939789511, 54.89790263143368], [-1.7683878171956167, 54.898387719498714], [-1.7689476993400604, 54.898387719498714], [-1.769507581484504, 54.89871111154207], [-1.7700674636289477, 54.89871111154207], [-1.7706273457733914, 54.898387719498714], [-1.7728668743511662, 54.898387719498714], [-1.773146815423388, 54.89822602347704], [-1.773146815423388, 54.89790263143368], [-1.7739866386400536, 54.89741754336865], [-1.775106402928941, 54.89741754336865], [-1.7765061082900502, 54.89822602347704], [-1.7765061082900502, 54.89854941552039], [-1.776786049362272, 54.89871111154207], [-1.7779058136511594, 54.89806432745536], [-1.7790255779400468, 54.89806432745536], [-1.7795854600844905, 54.898387719498714], [-1.7801453422289342, 54.898387719498714], [-1.780425283301156, 54.89854941552039], [-1.780425283301156, 54.89887280756375], [-1.7807052243733779, 54.899034503585426], [-1.7818249886622652, 54.899034503585426], [-1.7832246940233745, 54.89822602347704], [-1.7829447529511526, 54.89806432745536], [-1.782384870806709, 54.89806432745536], [-1.782104929734487, 54.89790263143368], [-1.782384870806709, 54.897740935412], [-1.7829447529511526, 54.897740935412], [-1.7846243993844837, 54.89871111154207], [-1.7863040458178148, 54.89871111154207], [-1.7865839868900366, 54.89887280756375], [-1.7865839868900366, 54.899196199607104], [-1.7868639279622585, 54.89935789562878], [-1.7874238101067021, 54.899034503585426], [-1.7879836922511458, 54.899034503585426], [-1.7885435743955895, 54.89935789562878], [-1.791342985117808, 54.89935789562878], [-1.7916229261900298, 54.89951959165046], [-1.7910630440455861, 54.899842983693816], [-1.7910630440455861, 54.90048976778053], [-1.7907831029733643, 54.900651463802205], [-1.7902232208289206, 54.900651463802205], [-1.7899432797566988, 54.90048976778053], [-1.7899432797566988, 54.90016637573717], [-1.789663338684477, 54.900004679715494], [-1.789383397612255, 54.90016637573717], [-1.789383397612255, 54.90048976778053], [-1.7891034565400332, 54.900651463802205], [-1.7879836922511458, 54.900004679715494], [-1.7874238101067021, 54.900004679715494], [-1.7868639279622585, 54.90032807175885], [-1.7863040458178148, 54.900004679715494], [-1.78406451724004, 54.900004679715494], [-1.7837845761678182, 54.90016637573717], [-1.7837845761678182, 54.90048976778053], [-1.7835046350955963, 54.900651463802205], [-1.782384870806709, 54.900651463802205], [-1.782104929734487, 54.90048976778053], [-1.782104929734487, 54.90016637573717], [-1.7818249886622652, 54.900004679715494], [-1.7807052243733779, 54.900004679715494], [-1.7801453422289342, 54.89968128767214], [-1.7798654011567123, 54.899842983693816], [-1.7798654011567123, 54.90016637573717], [-1.7795854600844905, 54.90032807175885], [-1.778465695795603, 54.90032807175885], [-1.7773459315067157, 54.89968128767214], [-1.776786049362272, 54.89968128767214], [-1.7765061082900502, 54.899842983693816], [-1.7765061082900502, 54.90016637573717], [-1.7759462261456065, 54.90048976778053], [-1.7759462261456065, 54.90081315982388], [-1.7753863440011628, 54.90113655186724], [-1.7753863440011628, 54.901459943910595], [-1.7745465207844973, 54.90194503197563], [-1.7706273457733914, 54.90194503197563], [-1.7700674636289477, 54.90162163993227], [-1.7683878171956167, 54.90162163993227], [-1.767827935051173, 54.90194503197563], [-1.7667081707622856, 54.90194503197563], [-1.7664282296900637, 54.90210672799731], [-1.7664282296900637, 54.90243012004066], [-1.7655884064733982, 54.902915208105696], [-1.7627889957511798, 54.902915208105696], [-1.762509054678958, 54.90275351208402], [-1.762509054678958, 54.90243012004066], [-1.762229113606736, 54.902268424018985], [-1.7616692314622924, 54.90259181606234], [-1.7611093493178487, 54.90259181606234], [-1.760549467173405, 54.902268424018985], [-1.7599895850289613, 54.902268424018985], [-1.7597096439567395, 54.90243012004066], [-1.7602695261011831, 54.90275351208402], [-1.7602695261011831, 54.90340029617073], [-1.758869820740074, 54.90420877627912], [-1.7566302921622992, 54.90420877627912], [-1.7560704100178555, 54.904532168322476], [-1.7527111171511933, 54.904532168322476], [-1.7524311760789715, 54.904693864344154], [-1.7524311760789715, 54.90501725638751], [-1.751591352862306, 54.90550234445254], [-1.7510314707178622, 54.90550234445254], [-1.7507515296456404, 54.90566404047422], [-1.7510314707178622, 54.9058257364959], [-1.7527111171511933, 54.9058257364959], [-1.7535509403678589, 54.90631082456093], [-1.7535509403678589, 54.90663421660429], [-1.7538308814400807, 54.90679591262597], [-1.7555105278734118, 54.90679591262597], [-1.7560704100178555, 54.90647252058261], [-1.7566302921622992, 54.90647252058261], [-1.7571901743067428, 54.90679591262597], [-1.7577500564511865, 54.90679591262597], [-1.7591497618122958, 54.907604392734356], [-1.7591497618122958, 54.90825117682107], [-1.758589879667852, 54.908574568864424], [-1.758589879667852, 54.909221352951135], [-1.7580299975234084, 54.90954474499449], [-1.7580299975234084, 54.90986813703785], [-1.7583099385956302, 54.910029833059525], [-1.758869820740074, 54.910029833059525], [-1.7591497618122958, 54.90986813703785], [-1.7591497618122958, 54.909221352951135], [-1.760549467173405, 54.908412872842746], [-1.7627889957511798, 54.908412872842746], [-1.7633488778956234, 54.90808948079939], [-1.7639087600400671, 54.90808948079939], [-1.7644686421845108, 54.907766088756034], [-1.7650285243289545, 54.90808948079939], [-1.7667081707622856, 54.90808948079939], [-1.7672680529067293, 54.908412872842746], [-1.767827935051173, 54.908412872842746], [-1.7683878171956167, 54.90808948079939], [-1.7700674636289477, 54.90808948079939], [-1.7709072868456133, 54.908574568864424], [-1.7709072868456133, 54.909221352951135], [-1.7700674636289477, 54.90970644101617], [-1.769507581484504, 54.90970644101617], [-1.7692276404122822, 54.90986813703785], [-1.7692276404122822, 54.9101915290812], [-1.7689476993400604, 54.91035322510288], [-1.7683878171956167, 54.91035322510288], [-1.7681078761233948, 54.91051492112456], [-1.7681078761233948, 54.91180848929798], [-1.7675479939789511, 54.91213188134134], [-1.7675479939789511, 54.912455273384694], [-1.7667081707622856, 54.91294036144973], [-1.766148288617842, 54.91294036144973], [-1.76586834754562, 54.91277866542805], [-1.76586834754562, 54.91213188134134], [-1.7664282296900637, 54.91180848929798], [-1.76586834754562, 54.91148509725463], [-1.76586834754562, 54.910838313167915], [-1.7655884064733982, 54.91067661714624], [-1.7650285243289545, 54.91067661714624], [-1.7644686421845108, 54.91035322510288], [-1.7639087600400671, 54.91035322510288], [-1.7633488778956234, 54.910029833059525], [-1.7630689368234016, 54.9101915290812], [-1.7630689368234016, 54.91051492112456], [-1.762229113606736, 54.91100000918959], [-1.760549467173405, 54.91100000918959], [-1.7602695261011831, 54.91116170521127], [-1.7602695261011831, 54.91180848929798], [-1.7608294082456268, 54.91213188134134], [-1.7608294082456268, 54.912455273384694], [-1.7599895850289613, 54.91294036144973], [-1.7594297028845176, 54.91294036144973], [-1.7591497618122958, 54.913102057471406], [-1.7602695261011831, 54.91374884155812], [-1.7599895850289613, 54.913910537579795], [-1.7594297028845176, 54.913910537579795], [-1.758589879667852, 54.91439562564483], [-1.758589879667852, 54.91504240973154], [-1.758869820740074, 54.91520410575322], [-1.7594297028845176, 54.91520410575322], [-1.7597096439567395, 54.9153658017749], [-1.7597096439567395, 54.91601258586161], [-1.7599895850289613, 54.916174281883286], [-1.7611093493178487, 54.916174281883286], [-1.7616692314622924, 54.91649767392664], [-1.762229113606736, 54.91649767392664], [-1.7630689368234016, 54.916982761991676], [-1.7630689368234016, 54.91730615403503], [-1.7633488778956234, 54.91746785005671], [-1.766148288617842, 54.91746785005671], [-1.7664282296900637, 54.91762954607839], [-1.7664282296900637, 54.91795293812174], [-1.7653084654011764, 54.918599722208455], [-1.7653084654011764, 54.91892311425181], [-1.76586834754562, 54.91924650629517], [-1.76586834754562, 54.91956989833852], [-1.7675479939789511, 54.92054007446859], [-1.7675479939789511, 54.9211868585553], [-1.767827935051173, 54.92134855457698], [-1.769507581484504, 54.92134855457698], [-1.7700674636289477, 54.921671946620336], [-1.7711872279178351, 54.921671946620336], [-1.7717471100622788, 54.92199533866369], [-1.7734267564956099, 54.92199533866369], [-1.7737066975678317, 54.92215703468537], [-1.7737066975678317, 54.92312721081544], [-1.7742665797122754, 54.92345060285879], [-1.7742665797122754, 54.924097386945505], [-1.7739866386400536, 54.92425908296718], [-1.7734267564956099, 54.92425908296718], [-1.7725869332789443, 54.92377399490215], [-1.7725869332789443, 54.92345060285879], [-1.7723069922067225, 54.923288906837115], [-1.7717471100622788, 54.923288906837115], [-1.7711872279178351, 54.92361229888047], [-1.7644686421845108, 54.92361229888047], [-1.7639087600400671, 54.92393569092383], [-1.7627889957511798, 54.92393569092383], [-1.762229113606736, 54.92425908296718], [-1.758869820740074, 54.92425908296718], [-1.7583099385956302, 54.92458247501054], [-1.7577500564511865, 54.92458247501054], [-1.7571901743067428, 54.92425908296718], [-1.7538308814400807, 54.92425908296718], [-1.753270999295637, 54.92393569092383], [-1.7527111171511933, 54.92393569092383], [-1.7524311760789715, 54.924097386945505], [-1.7535509403678589, 54.924744171032216], [-1.7535509403678589, 54.92539095511893], [-1.7541108225123025, 54.925714347162284], [-1.7541108225123025, 54.926361131248996], [-1.7535509403678589, 54.92668452329235], [-1.7535509403678589, 54.92733130737906], [-1.7538308814400807, 54.92749300340074], [-1.7560704100178555, 54.92749300340074], [-1.7574701153789647, 54.92830148350913], [-1.7574701153789647, 54.92894826759584], [-1.758589879667852, 54.929595051682554], [-1.758589879667852, 54.92991844372591], [-1.7591497618122958, 54.930241835769266], [-1.7591497618122958, 54.93056522781262], [-1.758869820740074, 54.9307269238343], [-1.7583099385956302, 54.9307269238343], [-1.7571901743067428, 54.93137370792101], [-1.7566302921622992, 54.93137370792101], [-1.7563503510900773, 54.93153540394269], [-1.7566302921622992, 54.93169709996437], [-1.7571901743067428, 54.93169709996437], [-1.758589879667852, 54.93250558007276], [-1.758589879667852, 54.93379914824618], [-1.7580299975234084, 54.934122540289536], [-1.7580299975234084, 54.93444593233289], [-1.7583099385956302, 54.93460762835457], [-1.758869820740074, 54.93460762835457], [-1.7594297028845176, 54.934931020397926], [-1.7599895850289613, 54.934931020397926], [-1.760549467173405, 54.93525441244128], [-1.7616692314622924, 54.93460762835457], [-1.7627889957511798, 54.93460762835457], [-1.7633488778956234, 54.934284236311214], [-1.7639087600400671, 54.93460762835457], [-1.7644686421845108, 54.93460762835457], [-1.7647485832567327, 54.93444593233289], [-1.7647485832567327, 54.934122540289536], [-1.7650285243289545, 54.93396084426786], [-1.7655884064733982, 54.93396084426786], [-1.766148288617842, 54.9336374522245], [-1.7667081707622856, 54.9336374522245], [-1.7672680529067293, 54.93396084426786], [-1.767827935051173, 54.93396084426786], [-1.7686677582678385, 54.93444593233289], [-1.7686677582678385, 54.935739500506315], [-1.7672680529067293, 54.936547980614705], [-1.7667081707622856, 54.936547980614705], [-1.7664282296900637, 54.93670967663638], [-1.7669881118345074, 54.93703306867974], [-1.7669881118345074, 54.938003244809806], [-1.7664282296900637, 54.93832663685316], [-1.7664282296900637, 54.93865002889652], [-1.7675479939789511, 54.93929681298323], [-1.7675479939789511, 54.9402669891133], [-1.7669881118345074, 54.94059038115665], [-1.7669881118345074, 54.94091377320001], [-1.7667081707622856, 54.94107546922169], [-1.766148288617842, 54.94107546922169], [-1.7655884064733982, 54.94139886126504], [-1.7644686421845108, 54.94139886126504], [-1.764188701112289, 54.94156055728672], [-1.764188701112289, 54.94220734137343], [-1.7639087600400671, 54.94236903739511], [-1.7633488778956234, 54.94236903739511], [-1.7630689368234016, 54.94253073341679], [-1.7633488778956234, 54.942692429438466], [-1.7639087600400671, 54.942692429438466], [-1.7647485832567327, 54.9431775175035], [-1.764188701112289, 54.943500909546856], [-1.764188701112289, 54.94414769363357], [-1.7644686421845108, 54.944309389655245], [-1.766148288617842, 54.944309389655245], [-1.7675479939789511, 54.945117869763635], [-1.7675479939789511, 54.94576465385035], [-1.7669881118345074, 54.9460880458937], [-1.7669881118345074, 54.946734829980414], [-1.7672680529067293, 54.94689652600209], [-1.767827935051173, 54.94689652600209], [-1.7686677582678385, 54.947381614067126], [-1.7686677582678385, 54.94770500611048], [-1.7692276404122822, 54.94802839815384], [-1.7692276404122822, 54.94867518224055], [-1.769507581484504, 54.94883687826223], [-1.7717471100622788, 54.94883687826223], [-1.7720270511345007, 54.94867518224055], [-1.7720270511345007, 54.948351790197194], [-1.7728668743511662, 54.94786670213216], [-1.7756662850733846, 54.94786670213216], [-1.7770659904344939, 54.94867518224055], [-1.7770659904344939, 54.94964535837062], [-1.7765061082900502, 54.94996875041397], [-1.7765061082900502, 54.95029214245733], [-1.7762261672178283, 54.95045383847901], [-1.7756662850733846, 54.95045383847901], [-1.775106402928941, 54.95077723052236], [-1.7734267564956099, 54.95077723052236], [-1.7728668743511662, 54.95045383847901], [-1.7725869332789443, 54.950615534500685], [-1.7725869332789443, 54.951262318587396], [-1.7734267564956099, 54.95174740665243], [-1.7773459315067157, 54.95174740665243], [-1.7779058136511594, 54.952070798695786], [-1.7807052243733779, 54.952070798695786], [-1.7812651065178216, 54.95174740665243], [-1.782384870806709, 54.95174740665243], [-1.7826648118789308, 54.95158571063075], [-1.7826648118789308, 54.95093892654404], [-1.782104929734487, 54.950615534500685], [-1.782104929734487, 54.95029214245733], [-1.7835046350955963, 54.94948366234894], [-1.78406451724004, 54.94948366234894], [-1.7843444583122618, 54.94932196632726], [-1.78406451724004, 54.94916027030558], [-1.7829447529511526, 54.94916027030558], [-1.782104929734487, 54.94867518224055], [-1.782104929734487, 54.947381614067126], [-1.7832246940233745, 54.946734829980414], [-1.782104929734487, 54.9460880458937], [-1.782104929734487, 54.945117869763635], [-1.782384870806709, 54.94495617374196], [-1.7829447529511526, 54.94495617374196], [-1.7832246940233745, 54.94479447772028], [-1.7826648118789308, 54.94447108567692], [-1.7826648118789308, 54.9431775175035], [-1.7829447529511526, 54.94301582148182], [-1.7851842815289274, 54.94301582148182], [-1.7854642226011492, 54.9431775175035], [-1.7854642226011492, 54.94544126180699], [-1.786024104745593, 54.94576465385035], [-1.7854642226011492, 54.9460880458937], [-1.7854642226011492, 54.946734829980414], [-1.786024104745593, 54.94705822202377], [-1.786024104745593, 54.94802839815384], [-1.7854642226011492, 54.948351790197194], [-1.786024104745593, 54.94867518224055], [-1.7854642226011492, 54.948998574283905], [-1.785744163673371, 54.94916027030558], [-1.7863040458178148, 54.94916027030558], [-1.7868639279622585, 54.94948366234894], [-1.7879836922511458, 54.94948366234894], [-1.7885435743955895, 54.94916027030558], [-1.7891034565400332, 54.94916027030558], [-1.789663338684477, 54.94883687826223], [-1.7907831029733643, 54.94883687826223], [-1.791342985117808, 54.94851348621887], [-1.793022631551139, 54.94851348621887], [-1.793302572623361, 54.94867518224055], [-1.793302572623361, 54.948998574283905], [-1.7938624547678046, 54.94932196632726], [-1.7938624547678046, 54.94996875041397], [-1.7944223369122483, 54.95029214245733], [-1.7938624547678046, 54.950615534500685], [-1.7947022779844701, 54.95110062256572], [-1.7952621601289138, 54.95077723052236], [-1.7958220422733575, 54.95077723052236], [-1.796661865490023, 54.951262318587396], [-1.796661865490023, 54.95158571063075], [-1.7958220422733575, 54.952070798695786], [-1.7947022779844701, 54.952070798695786], [-1.7944223369122483, 54.952232494717464], [-1.794982219056692, 54.95255588676082], [-1.794982219056692, 54.952879278804176], [-1.7955421012011357, 54.95320267084753], [-1.7955421012011357, 54.95352606289089], [-1.7952621601289138, 54.953687758912565], [-1.7947022779844701, 54.953687758912565], [-1.7941423958400264, 54.95401115095592], [-1.7935825136955827, 54.95401115095592], [-1.7927426904789172, 54.95352606289089], [-1.793302572623361, 54.95320267084753], [-1.793022631551139, 54.95304097482585], [-1.7919028672622517, 54.95304097482585], [-1.789663338684477, 54.95433454299928], [-1.7885435743955895, 54.95433454299928], [-1.7882636333233677, 54.954496239020955], [-1.7882636333233677, 54.95514302310767], [-1.7879836922511458, 54.955304719129344], [-1.7868639279622585, 54.955304719129344], [-1.7865839868900366, 54.95546641515102], [-1.7865839868900366, 54.95578980719438], [-1.7863040458178148, 54.955951503216056], [-1.785744163673371, 54.955951503216056], [-1.7854642226011492, 54.956113199237734], [-1.7865839868900366, 54.956759983324446], [-1.7865839868900366, 54.95740676741116], [-1.786024104745593, 54.95773015945451], [-1.7863040458178148, 54.95789185547619], [-1.7868639279622585, 54.95789185547619], [-1.7871438690344803, 54.95805355149787], [-1.7871438690344803, 54.958376943541225], [-1.7865839868900366, 54.95870033558458], [-1.7868639279622585, 54.95886203160626], [-1.791342985117808, 54.95886203160626], [-1.7921828083344735, 54.95934711967129], [-1.7921828083344735, 54.959993903758004], [-1.7916229261900298, 54.96031729580136], [-1.7919028672622517, 54.96047899182304], [-1.7924627494066954, 54.96047899182304], [-1.7927426904789172, 54.960640687844716], [-1.7927426904789172, 54.96128747193143], [-1.7935825136955827, 54.96177255999646], [-1.7941423958400264, 54.96177255999646], [-1.7944223369122483, 54.961610863974784], [-1.7938624547678046, 54.96128747193143], [-1.7938624547678046, 54.96096407988807], [-1.793302572623361, 54.960640687844716], [-1.793302572623361, 54.96031729580136], [-1.7927426904789172, 54.959993903758004], [-1.7927426904789172, 54.95934711967129], [-1.7935825136955827, 54.95886203160626], [-1.7952621601289138, 54.95886203160626], [-1.7958220422733575, 54.9585386395629], [-1.7975016887066886, 54.9585386395629], [-1.7989013940677978, 54.95934711967129], [-1.7983415119233541, 54.95967051171465], [-1.7983415119233541, 54.96031729580136], [-1.7975016887066886, 54.960802383866394], [-1.7958220422733575, 54.960802383866394], [-1.7955421012011357, 54.96096407988807], [-1.7955421012011357, 54.96128747193143], [-1.7958220422733575, 54.961449167953106], [-1.7963819244178012, 54.96112577590975], [-1.796941806562245, 54.96112577590975], [-1.7975016887066886, 54.961449167953106], [-1.7980615708511323, 54.961449167953106], [-1.7989013940677978, 54.96096407988807], [-1.7989013940677978, 54.960640687844716], [-1.7991813351400197, 54.96047899182304], [-1.800301099428907, 54.96047899182304], [-1.8005810405011289, 54.96031729580136], [-1.8005810405011289, 54.959993903758004], [-1.8008609815733507, 54.959832207736326], [-1.8014208637177944, 54.959832207736326], [-1.8017008047900163, 54.95967051171465], [-1.8017008047900163, 54.95902372762794], [-1.8011409226455726, 54.95870033558458], [-1.8014208637177944, 54.9585386395629], [-1.8025406280066818, 54.9585386395629], [-1.8031005101511255, 54.95821524751955], [-1.8070196851622313, 54.95821524751955], [-1.8072996262344532, 54.958376943541225], [-1.8072996262344532, 54.959993903758004], [-1.8070196851622313, 54.96015559977968], [-1.8053400387289003, 54.96015559977968], [-1.8050600976566784, 54.96031729580136], [-1.8050600976566784, 54.960640687844716], [-1.8047801565844566, 54.960802383866394], [-1.8036603922955692, 54.960802383866394], [-1.8031005101511255, 54.96112577590975], [-1.801980745862238, 54.96112577590975], [-1.8011409226455726, 54.961610863974784], [-1.8011409226455726, 54.96193425601814], [-1.8008609815733507, 54.96209595203982], [-1.7997412172844633, 54.96209595203982], [-1.7989013940677978, 54.96258104010485], [-1.7989013940677978, 54.96290443214821], [-1.7983415119233541, 54.96322782419156], [-1.7983415119233541, 54.96355121623492], [-1.7977816297789104, 54.963874608278275], [-1.7977816297789104, 54.96419800032163], [-1.796661865490023, 54.96484478440834], [-1.796661865490023, 54.9651681764517], [-1.7963819244178012, 54.965329872473376], [-1.7958220422733575, 54.965329872473376], [-1.7955421012011357, 54.965491568495054], [-1.7955421012011357, 54.96678513666848], [-1.7947022779844701, 54.96727022473351], [-1.7941423958400264, 54.96727022473351], [-1.793302572623361, 54.967755312798545], [-1.7935825136955827, 54.96791700882022], [-1.7941423958400264, 54.96791700882022], [-1.7944223369122483, 54.9680787048419], [-1.7944223369122483, 54.96840209688526], [-1.794982219056692, 54.96872548892861], [-1.794982219056692, 54.970019057102036], [-1.7961019833455794, 54.97066584118875], [-1.7952621601289138, 54.97115092925378], [-1.7947022779844701, 54.97115092925378], [-1.7944223369122483, 54.9709892332321], [-1.7944223369122483, 54.97066584118875], [-1.7941423958400264, 54.97050414516707], [-1.7935825136955827, 54.970827537210425], [-1.793022631551139, 54.97050414516707], [-1.7924627494066954, 54.970827537210425], [-1.7921828083344735, 54.97066584118875], [-1.7921828083344735, 54.97034244914539], [-1.7916229261900298, 54.970019057102036], [-1.7921828083344735, 54.96969566505868], [-1.7921828083344735, 54.969372273015324], [-1.7919028672622517, 54.969210576993646], [-1.791342985117808, 54.969533969037], [-1.7910630440455861, 54.969372273015324], [-1.7910630440455861, 54.96904888097197], [-1.7907831029733643, 54.96888718495029], [-1.7902232208289206, 54.96888718495029], [-1.7899432797566988, 54.96904888097197], [-1.7899432797566988, 54.96969566505868], [-1.789663338684477, 54.96985736108036], [-1.7891034565400332, 54.969533969037], [-1.7885435743955895, 54.969533969037], [-1.7874238101067021, 54.970180753123714], [-1.7871438690344803, 54.970019057102036], [-1.7871438690344803, 54.96969566505868], [-1.7868639279622585, 54.969533969037], [-1.7863040458178148, 54.96985736108036], [-1.7854642226011492, 54.969372273015324], [-1.785744163673371, 54.969210576993646], [-1.7863040458178148, 54.969210576993646], [-1.7868639279622585, 54.96888718495029], [-1.7874238101067021, 54.96888718495029], [-1.787703751178924, 54.96872548892861], [-1.7874238101067021, 54.968563792906934], [-1.7863040458178148, 54.968563792906934], [-1.785744163673371, 54.96824040086358], [-1.7851842815289274, 54.96824040086358], [-1.7849043404567055, 54.96840209688526], [-1.7849043404567055, 54.969372273015324], [-1.7843444583122618, 54.96969566505868], [-1.7843444583122618, 54.970019057102036], [-1.7837845761678182, 54.97034244914539], [-1.7837845761678182, 54.9709892332321], [-1.7835046350955963, 54.97115092925378], [-1.7829447529511526, 54.97115092925378], [-1.7826648118789308, 54.97131262527546], [-1.7826648118789308, 54.97195940936217], [-1.782384870806709, 54.97212110538385], [-1.7801453422289342, 54.97212110538385], [-1.7798654011567123, 54.97228280140553], [-1.7798654011567123, 54.97292958549224], [-1.780425283301156, 54.973252977535594], [-1.780425283301156, 54.973899761622306], [-1.7790255779400468, 54.974708241730696], [-1.7773459315067157, 54.974708241730696], [-1.7770659904344939, 54.97486993775237], [-1.7770659904344939, 54.97519332979573], [-1.776786049362272, 54.97535502581741], [-1.7762261672178283, 54.97535502581741], [-1.7759462261456065, 54.975516721839085], [-1.7759462261456065, 54.97584011388244], [-1.7756662850733846, 54.97600180990412], [-1.7711872279178351, 54.97600180990412], [-1.7709072868456133, 54.9761635059258], [-1.7709072868456133, 54.97648689796915], [-1.7711872279178351, 54.97664859399083], [-1.7717471100622788, 54.97664859399083], [-1.7728668743511662, 54.97729537807754], [-1.7734267564956099, 54.97729537807754], [-1.7742665797122754, 54.977780466142576], [-1.7742665797122754, 54.979074034316], [-1.7737066975678317, 54.979397426359355], [-1.7737066975678317, 54.97972081840271], [-1.7734267564956099, 54.97988251442439], [-1.7728668743511662, 54.97988251442439], [-1.7723069922067225, 54.980205906467745], [-1.7689476993400604, 54.980205906467745], [-1.768597772999783, 54.98004421044607], [-1.7636988042359008, 54.98036760248942], [-1.7633488778956234, 54.98056972251652], [-1.760549467173405, 54.980893114559876], [-1.7583099385956302, 54.98153989864659], [-1.7560704100178555, 54.981863290689944], [-1.7493518242845312, 54.981863290689944], [-1.7476721778512, 54.98153989864659], [-1.7473222515109228, 54.98133777861949], [-1.7454326492734253, 54.980893114559876], [-1.744312884984538, 54.98056972251652], [-1.7439629586442607, 54.98036760248942], [-1.7420733564067632, 54.97959954638645], [-1.7403937099734321, 54.9792761543431], [-1.7400437836331548, 54.979074034316], [-1.7381541813956574, 54.97830597821303], [-1.73780425505538, 54.97810385818593], [-1.7364745349623263, 54.97765919412632], [-1.735354770673439, 54.97733580208296], [-1.7336751242401078, 54.977012410039606], [-1.7333251978998305, 54.97681029001251], [-1.7319954778067768, 54.976365625952894], [-1.7308757135178894, 54.97604223390954], [-1.730525787177612, 54.97584011388244], [-1.7286361849401146, 54.97507205777947], [-1.7277263764553936, 54.97454654570902], [-1.72716649431095, 54.973899761622306], [-1.72716649431095, 54.97292958549224], [-1.7266066121665062, 54.970019057102036], [-1.7243670835887315, 54.96872548892861], [-1.722477481351234, 54.96795743282564], [-1.7221275550109567, 54.967755312798545], [-1.720797834917903, 54.96731064873893], [-1.7179984241956845, 54.966987256695575], [-1.7123996027512476, 54.96666386465222], [-1.7120496764109703, 54.96646174462512], [-1.7093902362248627, 54.96646174462512], [-1.7090403098845854, 54.96666386465222], [-1.7065908255026443, 54.96904888097197], [-1.705471061213757, 54.970019057102036], [-1.7051211348734796, 54.97022117712913], [-1.6995223134290427, 54.97022117712913], [-1.6991723870887654, 54.970019057102036], [-1.697282784851268, 54.96957439304242], [-1.6956031384179369, 54.96892760895571], [-1.6935735656443285, 54.967755312798545], [-1.691683963406831, 54.966987256695575], [-1.6905641991179436, 54.96666386465222], [-1.6902142727776663, 54.96646174462512], [-1.6888845526846126, 54.96601708056551], [-1.6877647883957252, 54.96569368852215], [-1.6874148620554479, 54.965491568495054], [-1.6860851419623941, 54.96504690443544], [-1.682725849095732, 54.96440012034873], [-1.6823759227554547, 54.96419800032163], [-1.6799264383735135, 54.963753336262016], [-1.6782467919401824, 54.963753336262016], [-1.6760072633624077, 54.96440012034873], [-1.675447381217964, 54.96440012034873], [-1.6750974548776867, 54.96419800032163], [-1.6709683240624145, 54.963753336262016], [-1.6676090311957523, 54.96342994421866], [-1.667259104855475, 54.96322782419156], [-1.6648096204735339, 54.96278316013195], [-1.659210799029097, 54.96213637604524], [-1.6588608726888197, 54.96193425601814], [-1.6575311525957659, 54.961489591958525], [-1.6564113883068785, 54.96116619991517], [-1.6541718597291037, 54.96084280787181], [-1.6538219333888264, 54.960640687844716], [-1.651932331151329, 54.9601960237851], [-1.651022522666608, 54.95967051171465], [-1.6496928025735542, 54.959225847655034], [-1.6468933918513358, 54.959225847655034], [-1.6440939811291173, 54.95890245561168], [-1.6407346882624552, 54.95857906356832], [-1.6403847619221779, 54.958376943541225], [-1.6379352775402367, 54.95793227948161], [-1.6362556311069056, 54.957608887438255], [-1.6359057047666283, 54.95740676741116], [-1.6345759846735746, 54.95696210335154], [-1.6328963382402435, 54.95696210335154], [-1.6295370453735813, 54.95793227948161], [-1.628417281084694, 54.95857906356832], [-1.6256178703624755, 54.95890245561168], [-1.6244981060735881, 54.959225847655034], [-1.6233783417847008, 54.959872631741746], [-1.621138813206926, 54.9601960237851]], [[-1.6541718597291037, 54.88027776507079], [-1.65361197758466, 54.88027776507079], [-1.6533320365124382, 54.880439461092465], [-1.6533320365124382, 54.88076285313582], [-1.6527721543679945, 54.881086245179176], [-1.6527721543679945, 54.88140963722253], [-1.6522122722235508, 54.88173302926589], [-1.6522122722235508, 54.882056421309244], [-1.6516523900791071, 54.8823798133526], [-1.6516523900791071, 54.88334998948267], [-1.6513724490068853, 54.883511685504345], [-1.650252684717998, 54.883511685504345], [-1.649972743645776, 54.88367338152602], [-1.649972743645776, 54.8852903417428], [-1.6496928025735542, 54.88545203776448], [-1.6491329204291105, 54.88545203776448], [-1.6485730382846668, 54.885775429807836], [-1.646333509706892, 54.885775429807836], [-1.6457736275624484, 54.88609882185119], [-1.6452137454180047, 54.88609882185119], [-1.6449338043457828, 54.88626051787287], [-1.6449338043457828, 54.88690730195958], [-1.644653863273561, 54.88706899798126], [-1.6440939811291173, 54.88706899798126], [-1.6438140400568955, 54.88723069400294], [-1.6440939811291173, 54.887392390024615], [-1.644653863273561, 54.887392390024615], [-1.646613450779114, 54.88852426217636], [-1.646613450779114, 54.88884765421972], [-1.648293097212445, 54.889817830349784], [-1.648293097212445, 54.89014122239314], [-1.6477332150680013, 54.890464614436496], [-1.6477332150680013, 54.89111139852321], [-1.6485730382846668, 54.89159648658824], [-1.6491329204291105, 54.89159648658824], [-1.6494128615013324, 54.89175818260992], [-1.6488529793568887, 54.892081574653275], [-1.6488529793568887, 54.89272835873999], [-1.6496928025735542, 54.89321344680502], [-1.650252684717998, 54.89321344680502], [-1.6510925079346634, 54.893698534870055], [-1.6505326257902198, 54.89402192691341], [-1.6505326257902198, 54.89466871100012], [-1.6508125668624416, 54.8948304070218], [-1.651932331151329, 54.8948304070218], [-1.6522122722235508, 54.89499210304348], [-1.6522122722235508, 54.895315495086834], [-1.6524922132957727, 54.89547719110851], [-1.65361197758466, 54.89547719110851], [-1.6541718597291037, 54.895153799065156], [-1.659210799029097, 54.895153799065156], [-1.6597706811735407, 54.89547719110851], [-1.6603305633179843, 54.89547719110851], [-1.6614503276068717, 54.89612397519522], [-1.6620102097513154, 54.89612397519522], [-1.6634099151124246, 54.89693245530361], [-1.6634099151124246, 54.89725584734697], [-1.662850032967981, 54.897579239390325], [-1.6631299740402028, 54.897740935412], [-1.6659293847624213, 54.897740935412], [-1.666489266906865, 54.89806432745536], [-1.6670491490513086, 54.89806432745536], [-1.6673290901235305, 54.89790263143368], [-1.6673290901235305, 54.897579239390325], [-1.6676090311957523, 54.89741754336865], [-1.6709683240624145, 54.89741754336865], [-1.6715282062068582, 54.897740935412], [-1.6720880883513018, 54.897740935412], [-1.6723680294235237, 54.897579239390325], [-1.6723680294235237, 54.89725584734697], [-1.6720880883513018, 54.89709415132529], [-1.6715282062068582, 54.89709415132529], [-1.6695686187013052, 54.895962279173546], [-1.6695686187013052, 54.89499210304348], [-1.670128500845749, 54.89466871100012], [-1.670128500845749, 54.894345318956766], [-1.6706883829901926, 54.89402192691341], [-1.6706883829901926, 54.893698534870055], [-1.67180814727908, 54.89305175078334], [-1.67180814727908, 54.89272835873999], [-1.6723680294235237, 54.89240496669663], [-1.6723680294235237, 54.892081574653275], [-1.6720880883513018, 54.8919198786316], [-1.6687287954846397, 54.8919198786316], [-1.6684488544124179, 54.89175818260992], [-1.6684488544124179, 54.89111139852321], [-1.668168913340196, 54.89094970250153], [-1.6670491490513086, 54.89094970250153], [-1.6667692079790868, 54.89078800647985], [-1.6667692079790868, 54.890464614436496], [-1.666489266906865, 54.89030291841482], [-1.6642497383290902, 54.89030291841482], [-1.6636898561846465, 54.890626310458174], [-1.6603305633179843, 54.890626310458174], [-1.659210799029097, 54.88997952637146], [-1.6586509168846533, 54.88997952637146], [-1.6578110936679877, 54.88949443830643], [-1.6578110936679877, 54.88917104626307], [-1.6575311525957659, 54.889009350241395], [-1.6569712704513222, 54.889009350241395], [-1.6561314472346567, 54.88852426217636], [-1.6561314472346567, 54.88787747808965], [-1.6564113883068785, 54.88771578206797], [-1.6575311525957659, 54.88771578206797], [-1.6580910347402096, 54.887392390024615], [-1.6597706811735407, 54.887392390024615], [-1.6600506222457625, 54.88723069400294], [-1.6600506222457625, 54.88690730195958], [-1.6603305633179843, 54.886745605937904], [-1.660890445462428, 54.886745605937904], [-1.6611703865346499, 54.886583909916226], [-1.6606105043902062, 54.88626051787287], [-1.6606105043902062, 54.88561373378616], [-1.6617302686790936, 54.88496694969945], [-1.6606105043902062, 54.884320165612735], [-1.6606105043902062, 54.88399677356938], [-1.6589308579568751, 54.88302659743931], [-1.6589308579568751, 54.882703205395956], [-1.6586509168846533, 54.88254150937428], [-1.6580910347402096, 54.88254150937428], [-1.657251211523544, 54.882056421309244], [-1.657251211523544, 54.881086245179176], [-1.6564113883068785, 54.88060115711414], [-1.655571565090213, 54.881086245179176], [-1.6561314472346567, 54.88140963722253], [-1.6558515061624348, 54.88157133324421], [-1.6550116829457693, 54.881086245179176], [-1.6550116829457693, 54.880439461092465], [-1.6547317418735474, 54.88027776507079], [-1.6541718597291037, 54.88027776507079]], [[-1.4778089842293411, 54.88642221389455], [-1.4783688663737848, 54.88642221389455], [-1.4786488074460067, 54.886583909916226], [-1.4786488074460067, 54.88690730195958], [-1.4789287485182285, 54.88706899798126], [-1.4794886306626722, 54.88706899798126], [-1.480048512807116, 54.886745605937904], [-1.4806083949515596, 54.886745605937904], [-1.4808883360237814, 54.886583909916226], [-1.4808883360237814, 54.88626051787287], [-1.481728159240447, 54.885775429807836], [-1.4822880413848907, 54.885775429807836], [-1.4828479235293344, 54.88545203776448], [-1.4867670985404402, 54.88545203776448], [-1.487047039612662, 54.88561373378616], [-1.487047039612662, 54.885937125829514], [-1.487326980684884, 54.88609882185119], [-1.4878868628293276, 54.88609882185119], [-1.4881668039015494, 54.885937125829514], [-1.4881668039015494, 54.88561373378616], [-1.4876069217571057, 54.8852903417428], [-1.4876069217571057, 54.88496694969945], [-1.4884467449737713, 54.88448186163441], [-1.4901263914071023, 54.88448186163441], [-1.4904063324793242, 54.884320165612735], [-1.4904063324793242, 54.88399677356938], [-1.4912461556959897, 54.883511685504345], [-1.4929258021293208, 54.883511685504345], [-1.4932057432015426, 54.88334998948267], [-1.4932057432015426, 54.88302659743931], [-1.4946054485626519, 54.88221811733092], [-1.4951653307070956, 54.88221811733092], [-1.4954452717793174, 54.882056421309244], [-1.4954452717793174, 54.88140963722253], [-1.4957252128515393, 54.881247941200854], [-1.497964741429314, 54.881247941200854], [-1.4982446825015359, 54.881086245179176], [-1.497964741429314, 54.8809245491575], [-1.4974048592848703, 54.8809245491575], [-1.4971249182126485, 54.88076285313582], [-1.4971249182126485, 54.87979267700575], [-1.497964741429314, 54.87930758894072], [-1.4990845057182014, 54.87930758894072], [-1.499924328934867, 54.87979267700575], [-1.499924328934867, 54.88076285313582], [-1.4990845057182014, 54.881247941200854], [-1.4985246235737577, 54.881247941200854], [-1.4982446825015359, 54.88140963722253], [-1.4988045646459796, 54.88173302926589], [-1.4988045646459796, 54.88302659743931], [-1.497964741429314, 54.883511685504345], [-1.4974048592848703, 54.883511685504345], [-1.4971249182126485, 54.88367338152602], [-1.4971249182126485, 54.88464355765609], [-1.4968449771404266, 54.88480525367777], [-1.496285094995983, 54.88480525367777], [-1.4957252128515393, 54.885128645721124], [-1.4951653307070956, 54.885128645721124], [-1.4946054485626519, 54.88480525367777], [-1.49432550749043, 54.88496694969945], [-1.49432550749043, 54.88561373378616], [-1.4948853896348737, 54.885937125829514], [-1.4934856842737645, 54.886745605937904], [-1.4918060378404334, 54.886745605937904], [-1.4915260967682116, 54.88690730195958], [-1.4915260967682116, 54.88723069400294], [-1.4920859789126553, 54.88755408604629], [-1.4918060378404334, 54.88771578206797], [-1.4912461556959897, 54.88771578206797], [-1.4909662146237679, 54.88787747808965], [-1.4909662146237679, 54.888200870133005], [-1.4912461556959897, 54.88836256615468], [-1.4918060378404334, 54.88836256615468], [-1.492645861057099, 54.88884765421972], [-1.492645861057099, 54.88917104626307], [-1.4929258021293208, 54.88933274228475], [-1.4940455664182082, 54.88868595819804], [-1.4951653307070956, 54.88868595819804], [-1.4954452717793174, 54.88884765421972], [-1.4951653307070956, 54.889049774246814], [-1.4959351686557056, 54.88917104626307], [-1.496005153923761, 54.88884765421972], [-1.4968449771404266, 54.88836256615468], [-1.4974048592848703, 54.88836256615468], [-1.497964741429314, 54.88803917411133], [-1.4985246235737577, 54.88803917411133], [-1.4990845057182014, 54.88836256615468], [-1.4993644467904232, 54.888200870133005], [-1.4993644467904232, 54.88787747808965], [-1.499644387862645, 54.88771578206797], [-1.5013240342959762, 54.88771578206797], [-1.5018839164404199, 54.88803917411133], [-1.5030036807293072, 54.887392390024615], [-1.503563562873751, 54.887392390024615], [-1.5041234450181946, 54.88771578206797], [-1.5046833271626383, 54.88771578206797], [-1.5055231503793038, 54.888200870133005], [-1.5055231503793038, 54.88852426217636], [-1.5066429146681912, 54.88917104626307], [-1.5066429146681912, 54.89014122239314], [-1.5074827378848568, 54.890626310458174], [-1.5080426200293005, 54.890626310458174], [-1.5083225611015223, 54.890464614436496], [-1.5083225611015223, 54.89014122239314], [-1.5077626789570786, 54.889817830349784], [-1.5077626789570786, 54.88949443830643], [-1.5080426200293005, 54.88933274228475], [-1.5083225611015223, 54.88949443830643], [-1.5083225611015223, 54.889817830349784], [-1.5086025021737441, 54.88997952637146], [-1.508882443245966, 54.889817830349784], [-1.508882443245966, 54.88917104626307], [-1.5080426200293005, 54.88868595819804], [-1.506922855740413, 54.88868595819804], [-1.5066429146681912, 54.88852426217636], [-1.5066429146681912, 54.88787747808965], [-1.506922855740413, 54.88771578206797], [-1.5080426200293005, 54.88771578206797], [-1.5083225611015223, 54.88755408604629], [-1.5083225611015223, 54.88723069400294], [-1.5080426200293005, 54.88706899798126], [-1.506922855740413, 54.88706899798126], [-1.5063629735959694, 54.886745605937904], [-1.5058030914515257, 54.886745605937904], [-1.5055231503793038, 54.886583909916226], [-1.5055231503793038, 54.8852903417428], [-1.5060830325237475, 54.88496694969945], [-1.5058030914515257, 54.88480525367777], [-1.5046833271626383, 54.88480525367777], [-1.5038435039459728, 54.884320165612735], [-1.5038435039459728, 54.88334998948267], [-1.5041234450181946, 54.88314786945557], [-1.504333400822361, 54.88302659743931], [-1.5046833271626383, 54.88286490141763], [-1.505243209307082, 54.88286490141763], [-1.5046833271626383, 54.881894725287566], [-1.5044033860904165, 54.88173302926589], [-1.5044033860904165, 54.881086245179176], [-1.5058030914515257, 54.88027776507079], [-1.506922855740413, 54.88027776507079], [-1.507202796812635, 54.88011606904911], [-1.507202796812635, 54.87979267700575], [-1.5066429146681912, 54.8794692849624], [-1.5066429146681912, 54.87914589291904], [-1.507202796812635, 54.878822500875685], [-1.507202796812635, 54.87849910883233], [-1.506922855740413, 54.87833741281065], [-1.505243209307082, 54.87833741281065], [-1.5049632682348602, 54.878175716788974], [-1.5049632682348602, 54.87752893270226], [-1.5046833271626383, 54.877367236680584], [-1.5030036807293072, 54.877367236680584], [-1.5018839164404199, 54.87672045259387], [-1.501603975368198, 54.87688214861555], [-1.501603975368198, 54.878822500875685], [-1.5010440932237543, 54.87914589291904], [-1.501603975368198, 54.8794692849624], [-1.501603975368198, 54.87979267700575], [-1.5013240342959762, 54.87995437302743], [-1.5007641521515325, 54.87995437302743], [-1.5004842110793106, 54.87979267700575], [-1.5004842110793106, 54.8794692849624], [-1.4993644467904232, 54.878822500875685], [-1.4993644467904232, 54.877205540658906], [-1.4990845057182014, 54.87704384463723], [-1.4985246235737577, 54.877367236680584], [-1.497964741429314, 54.877367236680584], [-1.4974048592848703, 54.87769062872394], [-1.4968449771404266, 54.87769062872394], [-1.4965650360682048, 54.87785232474562], [-1.4965650360682048, 54.878175716788974], [-1.496285094995983, 54.87833741281065], [-1.4957252128515393, 54.87833741281065], [-1.4954452717793174, 54.878175716788974], [-1.4954452717793174, 54.87785232474562], [-1.4951653307070956, 54.87769062872394], [-1.4946054485626519, 54.87769062872394], [-1.49432550749043, 54.87785232474562], [-1.49432550749043, 54.878175716788974], [-1.4940455664182082, 54.87833741281065], [-1.4934856842737645, 54.87833741281065], [-1.492365919984877, 54.87898419689736], [-1.4918060378404334, 54.87898419689736], [-1.4912461556959897, 54.87930758894072], [-1.490686273551546, 54.87930758894072], [-1.4898464503348805, 54.87979267700575], [-1.4898464503348805, 54.88011606904911], [-1.489006627118215, 54.88060115711414], [-1.4878868628293276, 54.88060115711414], [-1.487326980684884, 54.8809245491575], [-1.4867670985404402, 54.8809245491575], [-1.4859272753237747, 54.880439461092465], [-1.4859272753237747, 54.87979267700575], [-1.4856473342515528, 54.879630980984075], [-1.4845275699626654, 54.879630980984075], [-1.4839676878182217, 54.87930758894072], [-1.483687746746, 54.8794692849624], [-1.483687746746, 54.88076285313582], [-1.4828479235293344, 54.881247941200854], [-1.4811682770960033, 54.881247941200854], [-1.4808883360237814, 54.88140963722253], [-1.4808883360237814, 54.88173302926589], [-1.4814482181682251, 54.882056421309244], [-1.4814482181682251, 54.8823798133526], [-1.4811682770960033, 54.88254150937428], [-1.4808883360237814, 54.8823798133526], [-1.4808883360237814, 54.882056421309244], [-1.4806083949515596, 54.881894725287566], [-1.4803284538793378, 54.882056421309244], [-1.4803284538793378, 54.882703205395956], [-1.479768571734894, 54.88302659743931], [-1.479768571734894, 54.88367338152602], [-1.4789287485182285, 54.88415846959106], [-1.4783688663737848, 54.88415846959106], [-1.4778089842293411, 54.88448186163441], [-1.4766892199404538, 54.88448186163441], [-1.476409278868232, 54.88464355765609], [-1.476409278868232, 54.88496694969945], [-1.4769691610126756, 54.8852903417428], [-1.4769691610126756, 54.885937125829514], [-1.476409278868232, 54.88626051787287], [-1.4766892199404538, 54.88642221389455], [-1.4778089842293411, 54.88642221389455]], [[-1.4621322841849178, 54.89547719110851], [-1.4615724020404741, 54.89580058315187], [-1.4604526377515867, 54.89580058315187], [-1.460172696679365, 54.895962279173546], [-1.460172696679365, 54.8962856712169], [-1.4593328734626994, 54.896770759281935], [-1.4587729913182557, 54.896770759281935], [-1.4579331681015901, 54.89725584734697], [-1.4579331681015901, 54.897579239390325], [-1.4573732859571464, 54.89790263143368], [-1.4573732859571464, 54.89887280756375], [-1.4568134038127027, 54.899196199607104], [-1.4568134038127027, 54.90048976778053], [-1.4573732859571464, 54.90081315982388], [-1.4573732859571464, 54.901459943910595], [-1.4579331681015901, 54.90178333595395], [-1.4585630355140893, 54.90275351208402], [-1.4585630355140893, 54.903076904127374], [-1.458213109173812, 54.90323860014905], [-1.4585630355140893, 54.903723688214086], [-1.458213109173812, 54.90392580824118], [-1.458213109173812, 54.904491744317056], [-1.4595428292668657, 54.90178333595395], [-1.4596128145349212, 54.901459943910595], [-1.4596128145349212, 54.90081315982388], [-1.4607325788238086, 54.90016637573717], [-1.4607325788238086, 54.899842983693816], [-1.4626921663293615, 54.89867068753665], [-1.4630420926696388, 54.89887280756375], [-1.4636019748140825, 54.89951959165046], [-1.4634620042779716, 54.89854941552039], [-1.4638119306182489, 54.898387719498714], [-1.4643718127626926, 54.89871111154207], [-1.4649316949071363, 54.89871111154207], [-1.4663314002682455, 54.89951959165046], [-1.4663314002682455, 54.899842983693816], [-1.4668912824126892, 54.90016637573717], [-1.4668912824126892, 54.90081315982388], [-1.46549157705158, 54.90162163993227], [-1.4651416507113026, 54.901459943910595], [-1.464581768566859, 54.90113655186724], [-1.4649316949071363, 54.902228000013565], [-1.4658415033918573, 54.90275351208402], [-1.46626141500019, 54.90275351208402], [-1.4666113413404673, 54.90259181606234], [-1.467171223484911, 54.90259181606234], [-1.4677311056293547, 54.902268424018985], [-1.4694107520626858, 54.902268424018985], [-1.4696906931349076, 54.90243012004066], [-1.4696906931349076, 54.90404708025744], [-1.4699706342071295, 54.90420877627912], [-1.4710903984960169, 54.90420877627912], [-1.4713703395682387, 54.9043704723008], [-1.4713703395682387, 54.90631082456093], [-1.4716502806404606, 54.90647252058261], [-1.4722101627849042, 54.90647252058261], [-1.472770044929348, 54.90679591262597], [-1.4730499860015698, 54.90663421660429], [-1.4730499860015698, 54.90598743251758], [-1.472490103857126, 54.90566404047422], [-1.472490103857126, 54.905340648430865], [-1.472770044929348, 54.90517895240919], [-1.4733299270737916, 54.90517895240919], [-1.4736098681460135, 54.90501725638751], [-1.4736098681460135, 54.904693864344154], [-1.4730499860015698, 54.9043704723008], [-1.4730499860015698, 54.903723688214086], [-1.4733299270737916, 54.90352156818699], [-1.475219529311289, 54.90243012004066], [-1.4755694556515664, 54.902268424018985], [-1.47612933779601, 54.90194503197563], [-1.4766892199404538, 54.902268424018985], [-1.4772491020848975, 54.902268424018985], [-1.4778089842293411, 54.90259181606234], [-1.478088925301563, 54.90243012004066], [-1.478088925301563, 54.90113655186724], [-1.4775290431571193, 54.90081315982388], [-1.4775290431571193, 54.90048976778053], [-1.4783688663737848, 54.900004679715494], [-1.4789287485182285, 54.900004679715494], [-1.4792086895904504, 54.899842983693816], [-1.4792086895904504, 54.89951959165046], [-1.4794886306626722, 54.89935789562878], [-1.480048512807116, 54.89935789562878], [-1.4806083949515596, 54.899034503585426], [-1.481728159240447, 54.899034503585426], [-1.4820081003126688, 54.89887280756375], [-1.4820081003126688, 54.89822602347704], [-1.4814482181682251, 54.89790263143368], [-1.4814482181682251, 54.89725584734697], [-1.481728159240447, 54.89709415132529], [-1.4822880413848907, 54.89709415132529], [-1.4825679824571125, 54.89693245530361], [-1.4825679824571125, 54.895962279173546], [-1.4831278646015562, 54.89563888713019], [-1.4831278646015562, 54.89499210304348], [-1.4839676878182217, 54.894507014978444], [-1.4845275699626654, 54.894507014978444], [-1.4850874521071091, 54.89418362293509], [-1.4856473342515528, 54.89418362293509], [-1.4859272753237747, 54.89402192691341], [-1.4859272753237747, 54.893698534870055], [-1.4867670985404402, 54.89321344680502], [-1.4878868628293276, 54.89321344680502], [-1.4878868628293276, 54.89196030263702], [-1.487326980684884, 54.8919198786316], [-1.487047039612662, 54.89175818260992], [-1.487047039612662, 54.890464614436496], [-1.4867670985404402, 54.89030291841482], [-1.4845275699626654, 54.89030291841482], [-1.4842476288904436, 54.890464614436496], [-1.4842476288904436, 54.89078800647985], [-1.4848075110348873, 54.89111139852321], [-1.4848075110348873, 54.89175818260992], [-1.485367393179331, 54.892081574653275], [-1.485367393179331, 54.89272835873999], [-1.4845275699626654, 54.89321344680502], [-1.4839676878182217, 54.89321344680502], [-1.483407805673778, 54.89353683884838], [-1.4828479235293344, 54.89353683884838], [-1.4825679824571125, 54.893698534870055], [-1.4825679824571125, 54.894345318956766], [-1.481728159240447, 54.8948304070218], [-1.4783688663737848, 54.8948304070218], [-1.4778089842293411, 54.894507014978444], [-1.4766892199404538, 54.894507014978444], [-1.4752895145793445, 54.893698534870055], [-1.4752895145793445, 54.8933751428267], [-1.4747296324349009, 54.89305175078334], [-1.4747296324349009, 54.89240496669663], [-1.4752895145793445, 54.892081574653275], [-1.4752895145793445, 54.89175818260992], [-1.4750095735071227, 54.89159648658824], [-1.4738898092182353, 54.89224327067495], [-1.4722101627849042, 54.89224327067495], [-1.4716502806404606, 54.8919198786316], [-1.4694107520626858, 54.8919198786316], [-1.469130810990464, 54.892081574653275], [-1.469130810990464, 54.89240496669663], [-1.4696906931349076, 54.89272835873999], [-1.4696906931349076, 54.893698534870055], [-1.4694107520626858, 54.89386023089173], [-1.468850869918242, 54.89386023089173], [-1.4682909877737984, 54.89418362293509], [-1.4677311056293547, 54.89418362293509], [-1.467171223484911, 54.894507014978444], [-1.4660514591960236, 54.894507014978444], [-1.46549157705158, 54.8948304070218], [-1.4638119306182489, 54.8948304070218], [-1.4626921663293615, 54.89547719110851], [-1.4621322841849178, 54.89547719110851]], [[-1.5623511880403385, 54.85764032203588], [-1.5629110701847821, 54.85764032203588], [-1.5637508934014477, 54.85715523397084], [-1.5637508934014477, 54.85683184192749], [-1.5643107755458914, 54.85650844988413], [-1.5643107755458914, 54.85359792149393], [-1.5640308344736695, 54.85343622547225], [-1.5634709523292258, 54.85343622547225], [-1.563191011257004, 54.85359792149393], [-1.5637508934014477, 54.853921313537285], [-1.5629110701847821, 54.85440640160232], [-1.5617913058958948, 54.85440640160232], [-1.561231423751451, 54.85408300955896], [-1.5606715416070074, 54.85440640160232], [-1.5601116594625637, 54.85440640160232], [-1.5598317183903418, 54.85424470558064], [-1.5598317183903418, 54.853921313537285], [-1.55955177731812, 54.85375961751561], [-1.5589918951736763, 54.85408300955896], [-1.5567523665959015, 54.85408300955896], [-1.5561924844514579, 54.85375961751561], [-1.5556326023070142, 54.85375961751561], [-1.5547927790903486, 54.85424470558064], [-1.5547927790903486, 54.85489148966735], [-1.5545128380181268, 54.85505318568903], [-1.553952955873683, 54.85505318568903], [-1.5528331915847957, 54.85440640160232], [-1.552273309440352, 54.85440640160232], [-1.5514334862236865, 54.853921313537285], [-1.5519933683681302, 54.85359792149393], [-1.5519933683681302, 54.85327452945057], [-1.552273309440352, 54.853112833428895], [-1.5528331915847957, 54.853112833428895], [-1.5531131326570176, 54.85295113740722], [-1.5531131326570176, 54.85262774536386], [-1.5533930737292394, 54.85246604934218], [-1.553952955873683, 54.85246604934218], [-1.554232896945905, 54.852304353320505], [-1.554232896945905, 54.85198096127715], [-1.5545128380181268, 54.85181926525547], [-1.5550727201625705, 54.85181926525547], [-1.5553526612347923, 54.851657569233794], [-1.5553526612347923, 54.85133417719044], [-1.554232896945905, 54.850687393103726], [-1.554232896945905, 54.850040609017015], [-1.553952955873683, 54.84987891299534], [-1.552273309440352, 54.84987891299534], [-1.5519933683681302, 54.84971721697366], [-1.5519933683681302, 54.84907043288695], [-1.5517134272959083, 54.84890873686527], [-1.5500337808625773, 54.84890873686527], [-1.5494738987181336, 54.84858534482191], [-1.5483541344292462, 54.84858534482191], [-1.5477942522848025, 54.84826195277856], [-1.5472343701403588, 54.84826195277856], [-1.5463945469236933, 54.84874704084359], [-1.5463945469236933, 54.84907043288695], [-1.5455547237070277, 54.84955552095198], [-1.544994841562584, 54.84955552095198], [-1.5438750772736967, 54.84890873686527], [-1.543315195129253, 54.84890873686527], [-1.5427553129848093, 54.84858534482191], [-1.541635548695922, 54.84858534482191], [-1.5410756665514782, 54.84826195277856], [-1.5405157844070345, 54.84858534482191], [-1.5371564915403724, 54.84858534482191], [-1.5368765504681505, 54.84874704084359], [-1.5371564915403724, 54.84890873686527], [-1.537716373684816, 54.84890873686527], [-1.537996314757038, 54.84907043288695], [-1.537996314757038, 54.84971721697366], [-1.5374364326125942, 54.850040609017015], [-1.5374364326125942, 54.850687393103726], [-1.5371564915403724, 54.850849089125404], [-1.5365966093959287, 54.850849089125404], [-1.5363166683237068, 54.85101078514708], [-1.5368765504681505, 54.85133417719044], [-1.5368765504681505, 54.85198096127715], [-1.5371564915403724, 54.85214265729883], [-1.5382762558292598, 54.85214265729883], [-1.5391160790459253, 54.85262774536386], [-1.5391160790459253, 54.85359792149393], [-1.5382762558292598, 54.85408300955896], [-1.5365966093959287, 54.85408300955896], [-1.5357567861792631, 54.854568097623996], [-1.5365966093959287, 54.85505318568903], [-1.5393960201181471, 54.85505318568903], [-1.5399559022625908, 54.855376577732386], [-1.5410756665514782, 54.855376577732386], [-1.541635548695922, 54.85505318568903], [-1.543315195129253, 54.85505318568903], [-1.5438750772736967, 54.855376577732386], [-1.5444349594181404, 54.855376577732386], [-1.5447149004903622, 54.855538273754064], [-1.5447149004903622, 54.85586166579742], [-1.544994841562584, 54.8560233618191], [-1.5472343701403588, 54.8560233618191], [-1.5477942522848025, 54.856346753862454], [-1.5500337808625773, 54.856346753862454], [-1.5517134272959083, 54.85731692999252], [-1.552273309440352, 54.85731692999252], [-1.5528331915847957, 54.856993537949165], [-1.553952955873683, 54.856993537949165], [-1.5545128380181268, 54.85667014590581], [-1.5550727201625705, 54.85667014590581], [-1.5556326023070142, 54.856346753862454], [-1.5573122487403452, 54.856346753862454], [-1.557872130884789, 54.85667014590581], [-1.5584320130292326, 54.85667014590581], [-1.5587119541014545, 54.85683184192749], [-1.5587119541014545, 54.85715523397084], [-1.5598317183903418, 54.857802018057555], [-1.5598317183903418, 54.85974237031769], [-1.5592718362458982, 54.860065762361046], [-1.5592718362458982, 54.8603891544044], [-1.55955177731812, 54.86055085042608], [-1.5606715416070074, 54.86055085042608], [-1.5609514826792292, 54.8603891544044], [-1.5609514826792292, 54.85974237031769], [-1.5603916005347855, 54.859418978274334], [-1.5609514826792292, 54.85909558623098], [-1.5609514826792292, 54.85844880214427], [-1.5623511880403385, 54.85764032203588]], [[-1.715199013473466, 54.913910537579795], [-1.7146391313290223, 54.913910537579795], [-1.7143591902568005, 54.91407223360147], [-1.7143591902568005, 54.91601258586161], [-1.7137993081123568, 54.916335977904964], [-1.7137993081123568, 54.916982761991676], [-1.7132394259679131, 54.91730615403503], [-1.7132394259679131, 54.918599722208455], [-1.7137993081123568, 54.91892311425181], [-1.7137993081123568, 54.91924650629517], [-1.7140792491845787, 54.919408202316845], [-1.715199013473466, 54.919408202316845], [-1.7154789545456879, 54.91924650629517], [-1.715199013473466, 54.91908481027349], [-1.7146391313290223, 54.91908481027349], [-1.7143591902568005, 54.91892311425181], [-1.7143591902568005, 54.9182763301651], [-1.7146391313290223, 54.91811463414342], [-1.7157588956179097, 54.91811463414342], [-1.7160388366901316, 54.9182763301651], [-1.7160388366901316, 54.918599722208455], [-1.7163187777623534, 54.91876141823013], [-1.7165987188345753, 54.918599722208455], [-1.7165987188345753, 54.9182763301651], [-1.717158600979019, 54.91795293812174], [-1.717158600979019, 54.91762954607839], [-1.7174385420512408, 54.91746785005671], [-1.7185583063401282, 54.91746785005671], [-1.7191181884845719, 54.917791242100066], [-1.7202379527734593, 54.917144458013354], [-1.722477481351234, 54.917144458013354], [-1.7238771867123432, 54.91795293812174], [-1.7238771867123432, 54.91924650629517], [-1.7230373634956777, 54.9197315943602], [-1.722477481351234, 54.9197315943602], [-1.7219175992067903, 54.92005498640356], [-1.720797834917903, 54.92005498640356], [-1.7202379527734593, 54.9197315943602], [-1.7196780706290156, 54.9197315943602], [-1.7193981295567937, 54.91989329038188], [-1.7199580117012374, 54.920216682425234], [-1.7199580117012374, 54.920863466511946], [-1.7185583063401282, 54.921671946620336], [-1.7179984241956845, 54.921671946620336], [-1.7177184831234626, 54.921833642642014], [-1.7177184831234626, 54.922480426728725], [-1.717158600979019, 54.92280381877208], [-1.717158600979019, 54.92377399490215], [-1.7157588956179097, 54.92458247501054], [-1.7140792491845787, 54.92458247501054], [-1.713519367040135, 54.924905867053894], [-1.7129594848956913, 54.924905867053894], [-1.7123996027512476, 54.92458247501054], [-1.7090403098845854, 54.92458247501054], [-1.7087603688123636, 54.92442077898886], [-1.7087603688123636, 54.92312721081544], [-1.70820048666792, 54.92280381877208], [-1.70820048666792, 54.92054007446859], [-1.707920545595698, 54.92037837844691], [-1.7056810170179233, 54.92037837844691], [-1.7048411938012578, 54.920863466511946], [-1.7048411938012578, 54.9211868585553], [-1.7037214295123704, 54.921833642642014], [-1.7037214295123704, 54.92215703468537], [-1.7031615473679267, 54.922480426728725], [-1.7031615473679267, 54.92603773920564], [-1.7037214295123704, 54.926361131248996], [-1.7037214295123704, 54.92668452329235], [-1.704281311656814, 54.92700791533571], [-1.704281311656814, 54.92765469942242], [-1.7048411938012578, 54.927978091465775], [-1.7048411938012578, 54.92862487555249], [-1.7054010759457015, 54.92894826759584], [-1.7054010759457015, 54.9292716596392], [-1.7048411938012578, 54.929595051682554], [-1.70820048666792, 54.93153540394269], [-1.7076406045234762, 54.931858795986045], [-1.70820048666792, 54.9321821880294], [-1.7076406045234762, 54.93250558007276], [-1.7076406045234762, 54.93282897211611], [-1.70820048666792, 54.93315236415947], [-1.70820048666792, 54.933475756202824], [-1.7084804277401417, 54.9336374522245], [-1.7112798384623602, 54.9336374522245], [-1.711839720606804, 54.93331406018115], [-1.7123996027512476, 54.9336374522245], [-1.7129594848956913, 54.9336374522245], [-1.715199013473466, 54.934931020397926], [-1.7174385420512408, 54.934931020397926], [-1.7179984241956845, 54.93460762835457], [-1.7185583063401282, 54.93460762835457], [-1.7202379527734593, 54.9336374522245], [-1.7219175992067903, 54.9336374522245], [-1.7238771867123432, 54.93250558007276], [-1.7238771867123432, 54.931858795986045], [-1.724437068856787, 54.93153540394269], [-1.724437068856787, 54.93056522781262], [-1.7249969510012306, 54.930241835769266], [-1.7249969510012306, 54.92894826759584], [-1.7255568331456743, 54.92862487555249], [-1.7255568331456743, 54.92765469942242], [-1.7263966563623399, 54.927169611357385], [-1.7269565385067835, 54.927169611357385], [-1.727796361723449, 54.92668452329235], [-1.727796361723449, 54.926361131248996], [-1.7283562438678928, 54.92603773920564], [-1.7283562438678928, 54.92539095511893], [-1.7289161260123365, 54.92506756307557], [-1.7289161260123365, 54.924744171032216], [-1.7303158313734457, 54.92393569092383], [-1.7308757135178894, 54.92393569092383], [-1.731435595662333, 54.92361229888047], [-1.7319954778067768, 54.92361229888047], [-1.7328353010234423, 54.92312721081544], [-1.7328353010234423, 54.922480426728725], [-1.7322754188789986, 54.92215703468537], [-1.7322754188789986, 54.921833642642014], [-1.7319954778067768, 54.921671946620336], [-1.7303158313734457, 54.921671946620336], [-1.7300358903012238, 54.921833642642014], [-1.7300358903012238, 54.92280381877208], [-1.7286361849401146, 54.92361229888047], [-1.728076302795671, 54.92361229888047], [-1.7269565385067835, 54.92425908296718], [-1.7263966563623399, 54.92425908296718], [-1.7258367742178962, 54.92458247501054], [-1.7252768920734525, 54.92458247501054], [-1.7249969510012306, 54.92442077898886], [-1.7249969510012306, 54.92345060285879], [-1.7252768920734525, 54.923288906837115], [-1.7258367742178962, 54.923288906837115], [-1.726116715290118, 54.92312721081544], [-1.726116715290118, 54.92280381877208], [-1.7272364795790054, 54.92215703468537], [-1.7266765974345617, 54.921833642642014], [-1.727796361723449, 54.9211868585553], [-1.727796361723449, 54.920863466511946], [-1.7286361849401146, 54.92037837844691], [-1.7291960670845583, 54.92037837844691], [-1.7308757135178894, 54.919408202316845], [-1.731435595662333, 54.919408202316845], [-1.7322754188789986, 54.91892311425181], [-1.7322754188789986, 54.9182763301651], [-1.7328353010234423, 54.91795293812174], [-1.7328353010234423, 54.91762954607839], [-1.7331152420956641, 54.91746785005671], [-1.7336751242401078, 54.917791242100066], [-1.7345149474567734, 54.91730615403503], [-1.7345149474567734, 54.916982761991676], [-1.7325553599512205, 54.91585088983993], [-1.731435595662333, 54.91585088983993], [-1.7311556545901112, 54.91568919381825], [-1.7311556545901112, 54.9153658017749], [-1.7286361849401146, 54.913910537579795], [-1.7263966563623399, 54.913910537579795], [-1.7258367742178962, 54.91358714553644], [-1.7230373634956777, 54.91358714553644], [-1.722477481351234, 54.913263753493084], [-1.720797834917903, 54.913263753493084], [-1.720517893845681, 54.91342544951476], [-1.720517893845681, 54.91407223360147], [-1.7202379527734593, 54.91423392962315], [-1.7168786599067971, 54.91423392962315], [-1.7163187777623534, 54.913910537579795], [-1.715199013473466, 54.913910537579795]], [[-1.391027251840569, 54.96112577590975], [-1.3915871339850128, 54.96112577590975], [-1.3921470161294565, 54.96112577590975], [-1.3924269572016783, 54.96096407988807], [-1.3924269572016783, 54.95967051171465], [-1.3921470161294565, 54.95950881569297], [-1.3915871339850128, 54.95950881569297], [-1.3890676643350162, 54.95805355149787], [-1.3890676643350162, 54.9570833753678], [-1.3887877232627943, 54.956921679346124], [-1.3854284303961322, 54.956921679346124], [-1.3845886071794666, 54.95643659128109], [-1.3845886071794666, 54.95578980719438], [-1.3843086661072448, 54.9556281111727], [-1.3826290196739137, 54.9556281111727], [-1.38206913752947, 54.955304719129344], [-1.3798296089516953, 54.955304719129344], [-1.3795496678794734, 54.95514302310767], [-1.3795496678794734, 54.95481963106431], [-1.3792697268072516, 54.95465793504263], [-1.3781499625183642, 54.95465793504263], [-1.3775900803739205, 54.95498132708599], [-1.3770301982294768, 54.95498132708599], [-1.3756304928683676, 54.95578980719438], [-1.3756304928683676, 54.956113199237734], [-1.3761903750128113, 54.95643659128109], [-1.3761903750128113, 54.95773015945451], [-1.3756304928683676, 54.95805355149787], [-1.3756304928683676, 54.958376943541225], [-1.3753505517961457, 54.9585386395629], [-1.374790669651702, 54.9585386395629], [-1.3742307875072584, 54.95886203160626], [-1.3736709053628147, 54.95886203160626], [-1.373111023218371, 54.959185423649615], [-1.3725511410739273, 54.959185423649615], [-1.3722712000017054, 54.95934711967129], [-1.3728310821461491, 54.95967051171465], [-1.3728310821461491, 54.96031729580136], [-1.3722712000017054, 54.960640687844716], [-1.3722712000017054, 54.96128747193143], [-1.3725511410739273, 54.961449167953106], [-1.373111023218371, 54.96112577590975], [-1.3736709053628147, 54.96112577590975], [-1.3742307875072584, 54.961449167953106], [-1.3753505517961457, 54.961449167953106], [-1.3756304928683676, 54.961610863974784], [-1.3756304928683676, 54.96193425601814], [-1.3773101393016987, 54.96290443214821], [-1.3773101393016987, 54.96355121623492], [-1.376750257157255, 54.963874608278275], [-1.3773101393016987, 54.96419800032163], [-1.3759104339405894, 54.96500648043002], [-1.374790669651702, 54.96500648043002], [-1.3742307875072584, 54.964683088386664], [-1.373111023218371, 54.964683088386664], [-1.3725511410739273, 54.96435969634331], [-1.3722712000017054, 54.964521392364986], [-1.3722712000017054, 54.96484478440834], [-1.3728310821461491, 54.9651681764517], [-1.3728310821461491, 54.965491568495054], [-1.373111023218371, 54.96565326451673], [-1.374790669651702, 54.96565326451673], [-1.3753505517961457, 54.965329872473376], [-1.3759104339405894, 54.96565326451673], [-1.3775900803739205, 54.96565326451673], [-1.378429903590586, 54.966138352581766], [-1.378429903590586, 54.96646174462512], [-1.3789897857350297, 54.96678513666848], [-1.3789897857350297, 54.96840209688526], [-1.380109550023917, 54.96904888097197], [-1.3795496678794734, 54.969372273015324], [-1.3795496678794734, 54.96969566505868], [-1.3798296089516953, 54.96985736108036], [-1.3809493732405826, 54.96985736108036], [-1.3812293143128045, 54.970019057102036], [-1.3812293143128045, 54.97034244914539], [-1.3815092553850263, 54.97050414516707], [-1.3831889018183574, 54.97050414516707], [-1.383748783962801, 54.970827537210425], [-1.3843086661072448, 54.970827537210425], [-1.3851484893239103, 54.97034244914539], [-1.3851484893239103, 54.969372273015324], [-1.3854284303961322, 54.969210576993646], [-1.3859883125405759, 54.969210576993646], [-1.3868281357572414, 54.96872548892861], [-1.3868281357572414, 54.96840209688526], [-1.3871080768294632, 54.96824040086358], [-1.3904673696961254, 54.96824040086358], [-1.3907473107683472, 54.9680787048419], [-1.3907473107683472, 54.967755312798545], [-1.3904673696961254, 54.96759361677687], [-1.3887877232627943, 54.96759361677687], [-1.3882278411183506, 54.96727022473351], [-1.387667958973907, 54.96727022473351], [-1.387388017901685, 54.96710852871183], [-1.387388017901685, 54.96678513666848], [-1.3879479000461288, 54.96646174462512], [-1.3879479000461288, 54.966138352581766], [-1.387667958973907, 54.96597665656009], [-1.3871080768294632, 54.96597665656009], [-1.3845886071794666, 54.964521392364986], [-1.3845886071794666, 54.96258104010485], [-1.3851484893239103, 54.962257648061495], [-1.3851484893239103, 54.96193425601814], [-1.3865481946850196, 54.96112577590975], [-1.3871080768294632, 54.96112577590975], [-1.387667958973907, 54.960802383866394], [-1.3904673696961254, 54.960802383866394], [-1.391027251840569, 54.96112577590975]]]]}}, {"type": "Feature", "properties": {"band_id": "under_10", "order": 4}, "geometry": {"type": "MultiPolygon", "coordinates": [[[[-1.6086020305228885, 54.96649570138925], [-1.608149221187159, 54.966960621915725], [-1.6081961510062683, 54.96693361711277], [-1.6086020305228885, 54.96693361711277], [-1.6087288678718323, 54.96700660306669], [-1.6087288678718323, 54.96735693564551], [-1.6086020305228885, 54.96742992159943], [-1.6083990907645784, 54.96742992159943], [-1.6081961510062683, 54.96742992159943], [-1.6080693136573245, 54.96735693564551], [-1.6080693136573245, 54.96704266671451], [-1.6073082895636617, 54.9678240457506], [-1.6071814522147179, 54.967897031704524], [-1.6069785124564078, 54.967897031704524], [-1.606851675107464, 54.9678240457506], [-1.6064965305304213, 54.96735693564551], [-1.6063696931814775, 54.96742992159943], [-1.6050759522222506, 54.9678240457506], [-1.6041373558400664, 54.968364141809616], [-1.6024377353642194, 54.968641488434514], [-1.6023108980152756, 54.968714474388435], [-1.6002053980228084, 54.969108598539606], [-1.6000785606738646, 54.969181584493526], [-1.5994697413989343, 54.969181584493526], [-1.5983789401980175, 54.96922537606588], [-1.5982521028490737, 54.969283764829015], [-1.5981506329699187, 54.96934215359215], [-1.5981506329699187, 54.969458931118425], [-1.5980491630907636, 54.96951731988156], [-1.5978462233324535, 54.96951731988156], [-1.5976432835741434, 54.969634097407834], [-1.5972374040575232, 54.96964869459862], [-1.595131904065056, 54.97004281874979], [-1.5950050667161122, 54.97011580470371], [-1.594396247441182, 54.97011580470371], [-1.5942947775620269, 54.97004281874979], [-1.5942947775620269, 54.969926041223516], [-1.5941933076828718, 54.96986765246038], [-1.5937874281662516, 54.96986765246038], [-1.5935844884079415, 54.96975087493411], [-1.5933815486496314, 54.96975087493411], [-1.5931786088913213, 54.96986765246038], [-1.5929756691330113, 54.96986765246038], [-1.5927727293747012, 54.96998442998665], [-1.592569789616391, 54.96986765246038], [-1.5917580305831507, 54.96986765246038], [-1.5915550908248406, 54.96975087493411], [-1.5911492113082204, 54.96975087493411], [-1.5909462715499103, 54.969634097407834], [-1.5907433317916002, 54.969634097407834], [-1.5906418619124452, 54.9695757086447], [-1.5906418619124452, 54.969458931118425], [-1.5909462715499103, 54.969283764829015], [-1.5911492113082204, 54.969283764829015], [-1.5913521510665305, 54.96940054235529], [-1.5914536209456855, 54.96934215359215], [-1.5914536209456855, 54.96922537606588], [-1.5913521510665305, 54.96916698730274], [-1.5911492113082204, 54.96916698730274], [-1.59033745227498, 54.96869987719765], [-1.5899315727583598, 54.968933432250196], [-1.5897286330000497, 54.968933432250196], [-1.5894242233625846, 54.96875826596079], [-1.5894242233625846, 54.96852471090824], [-1.5895256932417396, 54.968466322145105], [-1.5897286330000497, 54.968466322145105], [-1.5898301028792048, 54.96840793338197], [-1.5898301028792048, 54.96817437832942], [-1.5897286330000497, 54.968115989566286], [-1.5893227534834296, 54.968115989566286], [-1.5892212836042745, 54.96817437832942], [-1.5892212836042745, 54.968291155855695], [-1.5891198137251195, 54.96834954461883], [-1.5889168739668094, 54.96834954461883], [-1.5888154040876543, 54.968291155855695], [-1.5888154040876543, 54.96805760080315], [-1.5887139342084993, 54.96799921204001], [-1.5886124643293442, 54.96805760080315], [-1.5886124643293442, 54.96817437832942], [-1.588206584812724, 54.96840793338197], [-1.588206584812724, 54.96852471090824], [-1.588105114933569, 54.96858309967138], [-1.588003645054414, 54.96852471090824], [-1.588003645054414, 54.968291155855695], [-1.5878007052961038, 54.96817437832942], [-1.5878007052961038, 54.96805760080315], [-1.588105114933569, 54.96788243451374], [-1.588308054691879, 54.96788243451374], [-1.5885109944501892, 54.96799921204001], [-1.5886124643293442, 54.96794082327688], [-1.5886124643293442, 54.96770726822433], [-1.5888154040876543, 54.96759049069806], [-1.5887139342084993, 54.96753210193492], [-1.588308054691879, 54.96753210193492], [-1.588206584812724, 54.967473713171785], [-1.588206584812724, 54.96724015811924], [-1.5875977655377937, 54.96688982554042], [-1.5875977655377937, 54.96677304801415], [-1.587902175175259, 54.96659788172474], [-1.588105114933569, 54.96659788172474], [-1.588308054691879, 54.96671465925101], [-1.5885109944501892, 54.96671465925101], [-1.5889168739668094, 54.96694821430356], [-1.5893227534834296, 54.96694821430356], [-1.5894242233625846, 54.96700660306669], [-1.5894242233625846, 54.96735693564551], [-1.5895256932417396, 54.96741532440865], [-1.5897286330000497, 54.967298546882375], [-1.5899315727583598, 54.967298546882375], [-1.59033745227498, 54.96753210193492], [-1.5905403920332901, 54.96753210193492], [-1.5907433317916002, 54.967648879461194], [-1.5917580305831507, 54.967648879461194], [-1.5919609703414608, 54.96776565698747], [-1.5929756691330113, 54.96776565698747], [-1.5930771390121663, 54.96770726822433], [-1.5930771390121663, 54.967473713171785], [-1.5933815486496314, 54.967298546882375], [-1.5939903679245617, 54.967298546882375], [-1.5942947775620269, 54.967123380592966], [-1.5942947775620269, 54.96700660306669], [-1.5940918378037168, 54.96688982554042], [-1.5940918378037168, 54.96677304801415], [-1.5938888980454067, 54.966656270487874], [-1.5938888980454067, 54.9665394929616], [-1.5941933076828718, 54.96636432667219], [-1.594599187199492, 54.96659788172474], [-1.5950050667161122, 54.96659788172474], [-1.5951065365952672, 54.9665394929616], [-1.5949035968369571, 54.96642271543533], [-1.5949035968369571, 54.96618916038278], [-1.5954109462327324, 54.9658972165671], [-1.5956138859910425, 54.9658972165671], [-1.5959182956285076, 54.96572205027769], [-1.5959182956285076, 54.96560527275142], [-1.5958168257493526, 54.96554688398828], [-1.5950050667161122, 54.96554688398828], [-1.5949035968369571, 54.965488495225145], [-1.5952080064744223, 54.965313328935736], [-1.5954109462327324, 54.965313328935736], [-1.5955124161118874, 54.9652549401726], [-1.5955124161118874, 54.965138162646326], [-1.5954109462327324, 54.96507977388319], [-1.5950050667161122, 54.96507977388319], [-1.594497717320337, 54.96478783006751], [-1.594497717320337, 54.96443749748869], [-1.594802126957802, 54.96426233119928], [-1.5952080064744223, 54.96426233119928], [-1.5954109462327324, 54.96437910872555], [-1.5956138859910425, 54.96437910872555], [-1.5957153558701975, 54.96443749748869], [-1.5957153558701975, 54.964671052541235], [-1.5958168257493526, 54.96472944130437], [-1.5960197655076627, 54.96472944130437], [-1.5962227052659728, 54.964846218830644], [-1.5964256450242829, 54.964846218830644], [-1.596628584782593, 54.96496299635692], [-1.596831524540903, 54.96496299635692], [-1.5971359341783682, 54.96478783006751], [-1.5971359341783682, 54.96443749748869], [-1.5973388739366783, 54.964320719962416], [-1.5973388739366783, 54.96420394243614], [-1.5975418136949884, 54.96408716490987], [-1.5975418136949884, 54.9639703873836], [-1.5976432835741434, 54.96391199862046], [-1.5978462233324535, 54.96391199862046], [-1.5979476932116086, 54.963853609857324], [-1.5979476932116086, 54.96373683233105], [-1.5980491630907636, 54.963678443567915], [-1.5982521028490737, 54.963678443567915], [-1.5984550426073838, 54.96356166604164], [-1.598657982365694, 54.96356166604164], [-1.5991653317614691, 54.96326972222596], [-1.598962392003159, 54.96315294469969], [-1.598962392003159, 54.96291938964714], [-1.5991653317614691, 54.96280261212087], [-1.598962392003159, 54.962685834594595], [-1.5991653317614691, 54.96256905706832], [-1.598962392003159, 54.96245227954205], [-1.598962392003159, 54.9622187244895], [-1.598759452244849, 54.96210194696323], [-1.598962392003159, 54.96198516943696], [-1.598962392003159, 54.961868391910684], [-1.5991653317614691, 54.96175161438441], [-1.5991653317614691, 54.96163483685814], [-1.5992668016406242, 54.961576448095], [-1.5994697413989343, 54.961693225621275], [-1.6001800305530196, 54.96128450427932], [-1.5999770907947095, 54.96116772675305], [-1.5999770907947095, 54.9609341717005], [-1.5997741510363994, 54.96081739417423], [-1.6000785606738646, 54.96064222788482], [-1.6001800305530196, 54.960700616647955], [-1.6001800305530196, 54.96081739417423], [-1.6003829703113297, 54.9609341717005], [-1.6003829703113297, 54.961050949226774], [-1.6005859100696398, 54.96116772675305], [-1.6005859100696398, 54.96128450427932], [-1.60078884982795, 54.96140128180559], [-1.60078884982795, 54.961518059331866], [-1.600890319707105, 54.961576448095], [-1.60119472934457, 54.96140128180559], [-1.60119472934457, 54.96116772675305], [-1.6014991389820352, 54.96099256046364], [-1.6018035486195004, 54.96116772675305], [-1.6016006088611903, 54.96128450427932], [-1.6019050184986554, 54.96145967056873], [-1.6021079582569655, 54.961342893042456], [-1.6023108980152756, 54.96145967056873], [-1.6024123678944306, 54.96140128180559], [-1.6024123678944306, 54.96128450427932], [-1.6025138377735857, 54.96122611551618], [-1.6027167775318958, 54.961342893042456], [-1.6029197172902059, 54.961342893042456], [-1.603224126927671, 54.961518059331866], [-1.603224126927671, 54.96163483685814], [-1.603021187169361, 54.96175161438441], [-1.603021187169361, 54.961868391910684], [-1.603224126927671, 54.96198516943696], [-1.603224126927671, 54.96245227954205], [-1.603122657048516, 54.962510668305185], [-1.6027167775318958, 54.962510668305185], [-1.6025138377735857, 54.96239389077891], [-1.6024123678944306, 54.96245227954205], [-1.6024123678944306, 54.96280261212087], [-1.6023108980152756, 54.962861000884004], [-1.6021079582569655, 54.962861000884004], [-1.6018035486195004, 54.963036167173414], [-1.6018035486195004, 54.96315294469969], [-1.6019050184986554, 54.96321133346282], [-1.6023108980152756, 54.96321133346282], [-1.6025138377735857, 54.96309455593655], [-1.603122657048516, 54.96309455593655], [-1.6036300064442912, 54.96338649975223], [-1.6036300064442912, 54.963503277278505], [-1.6037314763234463, 54.96356166604164], [-1.6039344160817564, 54.96356166604164], [-1.6045432353566866, 54.96321133346282], [-1.6048476449941518, 54.96338649975223], [-1.6048476449941518, 54.96362005480478], [-1.6047461751149967, 54.963678443567915], [-1.6045432353566866, 54.963678443567915], [-1.6044417654775316, 54.96373683233105], [-1.6044417654775316, 54.963853609857324], [-1.6050505847524619, 54.96420394243614], [-1.6050505847524619, 54.96455427501496], [-1.6049491148733068, 54.9646126637781], [-1.6045432353566866, 54.9646126637781], [-1.6043402955983765, 54.96472944130437], [-1.6041373558400664, 54.96472944130437], [-1.6037314763234463, 54.96496299635692], [-1.6035285365651362, 54.96496299635692], [-1.6034270666859811, 54.96502138512005], [-1.6034270666859811, 54.96537171769887], [-1.6035285365651362, 54.96543010646201], [-1.6037314763234463, 54.96543010646201], [-1.6039344160817564, 54.965313328935736], [-1.6040358859609114, 54.96537171769887], [-1.6040358859609114, 54.96560527275142], [-1.6043402955983765, 54.96578043904083], [-1.605557934148237, 54.96578043904083], [-1.6056594040273922, 54.96572205027769], [-1.6056594040273922, 54.96560527275142], [-1.6059638136648573, 54.96543010646201], [-1.6061667534231674, 54.96554688398828], [-1.6063696931814775, 54.96554688398828], [-1.6067755726980977, 54.96578043904083], [-1.6069785124564078, 54.96578043904083], [-1.6070799823355628, 54.965838827803964], [-1.6070799823355628, 54.96595560533024], [-1.6071814522147179, 54.96601399409337], [-1.607384391973028, 54.96601399409337], [-1.607485861852183, 54.96595560533024], [-1.607485861852183, 54.965838827803964], [-1.6077902714896481, 54.965663661514554], [-1.6081961510062683, 54.965663661514554], [-1.6083990907645784, 54.96554688398828], [-1.6086020305228885, 54.96554688398828], [-1.6087035004020436, 54.96560527275142], [-1.6087035004020436, 54.96572205027769], [-1.6091093799186638, 54.96595560533024], [-1.6090079100395087, 54.96602859128416], [-1.6087288678718323, 54.96642271543533], [-1.6086020305228885, 54.96649570138925]]], [[[-1.6297077653871384, 54.98306351292922], [-1.6299107051454484, 54.98294673540295], [-1.6303165846620686, 54.98294673540295], [-1.6305195244203787, 54.982829957876675], [-1.630925403936999, 54.98306351292922], [-1.631128343695309, 54.98294673540295], [-1.631229813574464, 54.983005124166084], [-1.631229813574464, 54.98312190169236], [-1.6315342232119292, 54.983297067981766], [-1.6316356930910842, 54.9833554567449], [-1.6316356930910842, 54.983472234271176], [-1.6315342232119292, 54.98353062303431], [-1.631331283453619, 54.98353062303431], [-1.631128343695309, 54.983647400560585], [-1.630925403936999, 54.983647400560585], [-1.6308239340578439, 54.98370578932372], [-1.630925403936999, 54.98376417808686], [-1.631128343695309, 54.98376417808686], [-1.631229813574464, 54.983822566849994], [-1.631026873816154, 54.98393934437627], [-1.631026873816154, 54.984289676955086], [-1.630925403936999, 54.98434806571822], [-1.6307224641786888, 54.98423128819195], [-1.6304180545412237, 54.98440645448136], [-1.6304180545412237, 54.98487356458645], [-1.6303165846620686, 54.98493195334959], [-1.6301136449037585, 54.98493195334959], [-1.6300121750246035, 54.98487356458645], [-1.6300121750246035, 54.98475678706018], [-1.6297077653871384, 54.98458162077077], [-1.6296062955079833, 54.984640009533905], [-1.6296062955079833, 54.985457452217815], [-1.6298092352662934, 54.98557422974409], [-1.6298092352662934, 54.98569100727036], [-1.6295048256288283, 54.98586617355977], [-1.6286930665955879, 54.98586617355977], [-1.6283886569581227, 54.98569100727036], [-1.6283886569581227, 54.98522389716527], [-1.6285915967164328, 54.985107119639], [-1.6285915967164328, 54.98487356458645], [-1.6284901268372778, 54.984815175823314], [-1.6282871870789677, 54.98493195334959], [-1.6278813075623475, 54.98493195334959], [-1.6276783678040374, 54.984815175823314], [-1.626866608770797, 54.984815175823314], [-1.626663669012487, 54.98469839829704], [-1.6265621991333319, 54.98475678706018], [-1.6265621991333319, 54.985107119639], [-1.6264607292541768, 54.98516550840213], [-1.6258519099792466, 54.98516550840213], [-1.6256489702209365, 54.98504873087586], [-1.6255475003417814, 54.985107119639], [-1.6255475003417814, 54.985457452217815], [-1.6254460304626264, 54.98551584098095], [-1.6240254521544557, 54.98551584098095], [-1.6239239822753007, 54.985457452217815], [-1.6239239822753007, 54.98522389716527], [-1.6241269220336108, 54.985107119639], [-1.6241269220336108, 54.98417289942881], [-1.6237210425169906, 54.98393934437627], [-1.6237210425169906, 54.983822566849994], [-1.6236195726378355, 54.98376417808686], [-1.6234166328795254, 54.98376417808686], [-1.6231122232420603, 54.98393934437627], [-1.6231122232420603, 54.98417289942881], [-1.6229092834837502, 54.984289676955086], [-1.6229092834837502, 54.984640009533905], [-1.62270634372544, 54.98475678706018], [-1.62270634372544, 54.984990342112724], [-1.622604873846285, 54.98504873087586], [-1.6217931148130447, 54.98504873087586], [-1.6215901750547346, 54.98493195334959], [-1.6213872352964245, 54.98493195334959], [-1.6210828256589593, 54.98475678706018], [-1.6210828256589593, 54.983822566849994], [-1.6199666569882538, 54.98318029045549], [-1.6198651871090988, 54.98323867921863], [-1.6198651871090988, 54.98370578932372], [-1.6200681268674089, 54.983822566849994], [-1.6200681268674089, 54.98393934437627], [-1.620271066625719, 54.98405612190254], [-1.620271066625719, 54.98417289942881], [-1.620474006384029, 54.984289676955086], [-1.620474006384029, 54.98440645448136], [-1.6206769461423391, 54.98452323200763], [-1.620372536504874, 54.98469839829704], [-1.6199666569882538, 54.98469839829704], [-1.6197637172299437, 54.984815175823314], [-1.6191548979550134, 54.984815175823314], [-1.6188504883175483, 54.984640009533905], [-1.6188504883175483, 54.98452323200763], [-1.6187490184383933, 54.984464843244496], [-1.6171255003719125, 54.984464843244496], [-1.6170240304927574, 54.98452323200763], [-1.6170240304927574, 54.984640009533905], [-1.6167196208552923, 54.984815175823314], [-1.6163137413386721, 54.984815175823314], [-1.6158063919428969, 54.98452323200763], [-1.6158063919428969, 54.984289676955086], [-1.616009331701207, 54.98417289942881], [-1.6156034521845868, 54.98393934437627], [-1.6156034521845868, 54.983822566849994], [-1.6155019823054317, 54.98376417808686], [-1.6144872835138813, 54.98376417808686], [-1.6143858136347262, 54.983822566849994], [-1.6143858136347262, 54.98393934437627], [-1.6145887533930363, 54.98405612190254], [-1.6145887533930363, 54.984289676955086], [-1.6141828738764161, 54.98452323200763], [-1.6141828738764161, 54.984640009533905], [-1.613979934118106, 54.98475678706018], [-1.613979934118106, 54.98487356458645], [-1.613776994359796, 54.984990342112724], [-1.613776994359796, 54.985457452217815], [-1.613979934118106, 54.98557422974409], [-1.613979934118106, 54.98569100727036], [-1.6136755244806409, 54.98586617355977], [-1.6134725847223308, 54.98586617355977], [-1.6133711148431757, 54.98592456232291], [-1.6133711148431757, 54.98615811737545], [-1.6149946329096565, 54.987092337585636], [-1.6149946329096565, 54.98755944769073], [-1.6151975726679666, 54.987676225217], [-1.6151975726679666, 54.98802655779582], [-1.6149946329096565, 54.98814333532209], [-1.6149946329096565, 54.988260112848366], [-1.6147916931513464, 54.98837689037464], [-1.6147916931513464, 54.988610445427184], [-1.6145887533930363, 54.98872722295346], [-1.6145887533930363, 54.98884400047973], [-1.6143858136347262, 54.988960778006], [-1.6143858136347262, 54.98919433305855], [-1.6141828738764161, 54.98931111058482], [-1.6144872835138813, 54.98948627687423], [-1.6152990425471216, 54.98948627687423], [-1.6155019823054317, 54.989603054400504], [-1.6163137413386721, 54.989603054400504], [-1.6164152112178272, 54.98966144316364], [-1.6164152112178272, 54.99001177574246], [-1.6163137413386721, 54.990070164505596], [-1.616110801580362, 54.990070164505596], [-1.616009331701207, 54.99012855326873], [-1.616009331701207, 54.990245330795005], [-1.6164152112178272, 54.99047888584755], [-1.6164152112178272, 54.990595663373824], [-1.616212271459517, 54.9907124409001], [-1.616212271459517, 54.99082921842637], [-1.6158063919428969, 54.991062773478916], [-1.6158063919428969, 54.99117955100519], [-1.6156034521845868, 54.99129632853146], [-1.6156034521845868, 54.99152988358401], [-1.6154005124262767, 54.99164666111028], [-1.6154005124262767, 54.991880216162826], [-1.6156034521845868, 54.9919969936891], [-1.6156034521845868, 54.99211377121537], [-1.6157049220637418, 54.99217215997851], [-1.615907861822052, 54.99217215997851], [-1.616110801580362, 54.99228893750478], [-1.6165166810969822, 54.99228893750478], [-1.6166181509761373, 54.99234732626792], [-1.6166181509761373, 54.99293121389928], [-1.615907861822052, 54.99333993524124], [-1.6152990425471216, 54.99333993524124], [-1.6150961027888115, 54.993223157714965], [-1.6148931630305015, 54.993223157714965], [-1.6145887533930363, 54.993047991425556], [-1.6145887533930363, 54.99269765884674], [-1.6147916931513464, 54.992580881320464], [-1.6147916931513464, 54.99246410379419], [-1.6149946329096565, 54.99234732626792], [-1.6149946329096565, 54.992230548741645], [-1.6146902232721914, 54.992055382452236], [-1.6144872835138813, 54.992055382452236], [-1.6141828738764161, 54.991880216162826], [-1.6141828738764161, 54.99176343863655], [-1.6144872835138813, 54.991588272347144], [-1.6146902232721914, 54.991588272347144], [-1.6147916931513464, 54.99152988358401], [-1.6147916931513464, 54.991413106057735], [-1.6133711148431757, 54.990595663373824], [-1.6133711148431757, 54.990245330795005], [-1.6131681750848657, 54.99012855326873], [-1.6131681750848657, 54.98931111058482], [-1.6128637654474005, 54.98913594429541], [-1.6120520064141601, 54.98913594429541], [-1.611747596776695, 54.988960778006], [-1.611747596776695, 54.98872722295346], [-1.611544657018385, 54.988610445427184], [-1.611544657018385, 54.98849366790091], [-1.6113417172600748, 54.98837689037464], [-1.6113417172600748, 54.98814333532209], [-1.6112402473809198, 54.988084946558956], [-1.6106314281059895, 54.988084946558956], [-1.6103270184685243, 54.988260112848366], [-1.6103270184685243, 54.98837689037464], [-1.6102255485893693, 54.988435279137775], [-1.609819669072749, 54.988435279137775], [-1.609616729314439, 54.9883185016115], [-1.6086020305228885, 54.9883185016115], [-1.6083990907645784, 54.98820172408523], [-1.6082976208854234, 54.988260112848366], [-1.6082976208854234, 54.98849366790091], [-1.6083990907645784, 54.98855205666405], [-1.6086020305228885, 54.98855205666405], [-1.6087035004020436, 54.988610445427184], [-1.6087035004020436, 54.988960778006], [-1.6088049702811986, 54.98901916676914], [-1.6090079100395087, 54.98890238924287], [-1.609413789556129, 54.98890238924287], [-1.609616729314439, 54.988785611716594], [-1.609819669072749, 54.988785611716594], [-1.6099211389519041, 54.98884400047973], [-1.6099211389519041, 54.988960778006], [-1.609819669072749, 54.98901916676914], [-1.609616729314439, 54.98901916676914], [-1.609515259435284, 54.989077555532276], [-1.609515259435284, 54.989427888111095], [-1.609413789556129, 54.98948627687423], [-1.6090079100395087, 54.98948627687423], [-1.6088049702811986, 54.98936949934796], [-1.6087035004020436, 54.989427888111095], [-1.6087035004020436, 54.99001177574246], [-1.6086020305228885, 54.990070164505596], [-1.6083990907645784, 54.990070164505596], [-1.6082976208854234, 54.99012855326873], [-1.6082976208854234, 54.990245330795005], [-1.6081961510062683, 54.99030371955814], [-1.607587331731338, 54.99030371955814], [-1.607485861852183, 54.99036210832128], [-1.607587331731338, 54.990420497084415], [-1.6077902714896481, 54.990420497084415], [-1.6079932112479582, 54.99053727461069], [-1.6081961510062683, 54.99053727461069], [-1.6082976208854234, 54.990595663373824], [-1.6082976208854234, 54.9907124409001], [-1.6079932112479582, 54.99088760718951], [-1.607587331731338, 54.99088760718951], [-1.607485861852183, 54.99094599595264], [-1.607485861852183, 54.99117955100519], [-1.607587331731338, 54.991237939768325], [-1.6081961510062683, 54.991237939768325], [-1.6082976208854234, 54.99129632853146], [-1.6082976208854234, 54.99164666111028], [-1.6085005606437335, 54.99176343863655], [-1.6085005606437335, 54.9919969936891], [-1.6087035004020436, 54.99211377121537], [-1.6087035004020436, 54.992230548741645], [-1.6088049702811986, 54.99228893750478], [-1.6091093799186638, 54.99211377121537], [-1.6091093799186638, 54.99164666111028], [-1.6093123196769739, 54.99152988358401], [-1.6093123196769739, 54.99129632853146], [-1.6091093799186638, 54.99117955100519], [-1.6091093799186638, 54.99082921842637], [-1.6093123196769739, 54.9907124409001], [-1.6093123196769739, 54.990595663373824], [-1.609616729314439, 54.990420497084415], [-1.609819669072749, 54.990420497084415], [-1.6100226088310592, 54.99053727461069], [-1.6102255485893693, 54.99053727461069], [-1.6105299582268344, 54.99036210832128], [-1.6100226088310592, 54.990070164505596], [-1.609819669072749, 54.99018694203187], [-1.609413789556129, 54.99018694203187], [-1.6091093799186638, 54.99001177574246], [-1.6091093799186638, 54.98989499821619], [-1.609413789556129, 54.98971983192678], [-1.609819669072749, 54.98971983192678], [-1.6100226088310592, 54.98983660945305], [-1.6102255485893693, 54.98983660945305], [-1.6106314281059895, 54.989603054400504], [-1.6110373076226097, 54.989603054400504], [-1.6112402473809198, 54.98971983192678], [-1.6113417172600748, 54.98966144316364], [-1.6113417172600748, 54.989427888111095], [-1.6114431871392298, 54.98936949934796], [-1.6122549461724702, 54.98936949934796], [-1.6127622955682455, 54.98966144316364], [-1.6127622955682455, 54.99001177574246], [-1.6125593558099354, 54.99012855326873], [-1.6125593558099354, 54.990245330795005], [-1.611950536535005, 54.990595663373824], [-1.611950536535005, 54.9907124409001], [-1.611747596776695, 54.99082921842637], [-1.611747596776695, 54.99094599595264], [-1.611950536535005, 54.991062773478916], [-1.611950536535005, 54.99129632853146], [-1.6121534762933152, 54.991413106057735], [-1.611950536535005, 54.99152988358401], [-1.6120520064141601, 54.991588272347144], [-1.6122549461724702, 54.991588272347144], [-1.6124578859307803, 54.99147149482087], [-1.6127622955682455, 54.99164666111028], [-1.6127622955682455, 54.99176343863655], [-1.6124578859307803, 54.99193860492596], [-1.6120520064141601, 54.99193860492596], [-1.61184906665585, 54.992055382452236], [-1.61164612689754, 54.992055382452236], [-1.611544657018385, 54.9919969936891], [-1.611544657018385, 54.99176343863655], [-1.6113417172600748, 54.99164666111028], [-1.6113417172600748, 54.99152988358401], [-1.611544657018385, 54.991413106057735], [-1.611544657018385, 54.99117955100519], [-1.6114431871392298, 54.99112116224205], [-1.6108343678642996, 54.99112116224205], [-1.6107328979851445, 54.991062773478916], [-1.6107328979851445, 54.99094599595264], [-1.6106314281059895, 54.99088760718951], [-1.6104284883476794, 54.99100438471578], [-1.6102255485893693, 54.99088760718951], [-1.6101240787102142, 54.99094599595264], [-1.6101240787102142, 54.991413106057735], [-1.6103270184685243, 54.99152988358401], [-1.6103270184685243, 54.99164666111028], [-1.6101240787102142, 54.99176343863655], [-1.6101240787102142, 54.991880216162826], [-1.6099211389519041, 54.9919969936891], [-1.6099211389519041, 54.99211377121537], [-1.609718199193594, 54.992230548741645], [-1.609718199193594, 54.99246410379419], [-1.609515259435284, 54.992580881320464], [-1.609515259435284, 54.99269765884674], [-1.609616729314439, 54.99275604760987], [-1.609819669072749, 54.99275604760987], [-1.6099211389519041, 54.99281443637301], [-1.609616729314439, 54.99298960266242], [-1.609413789556129, 54.99298960266242], [-1.6093123196769739, 54.993047991425556], [-1.609616729314439, 54.993223157714965], [-1.609819669072749, 54.99310638018869], [-1.6100226088310592, 54.99310638018869], [-1.6101240787102142, 54.99316476895183], [-1.6100226088310592, 54.993223157714965], [-1.609819669072749, 54.993223157714965], [-1.609718199193594, 54.9932815464781], [-1.609718199193594, 54.993398324004374], [-1.6099211389519041, 54.99351510153065], [-1.6099211389519041, 54.99363187905692], [-1.6101240787102142, 54.99374865658319], [-1.6101240787102142, 54.993865434109466], [-1.6103270184685243, 54.99398221163574], [-1.6103270184685243, 54.99409898916201], [-1.6105299582268344, 54.994215766688285], [-1.6105299582268344, 54.99444932174083], [-1.6107328979851445, 54.994566099267104], [-1.6107328979851445, 54.99479965431965], [-1.6109358377434546, 54.99491643184592], [-1.6109358377434546, 54.995033209372195], [-1.6107328979851445, 54.99514998689847], [-1.6107328979851445, 54.99526676442474], [-1.6106314281059895, 54.99532515318788], [-1.6104284883476794, 54.995208375661605], [-1.6100226088310592, 54.995208375661605], [-1.609819669072749, 54.99532515318788], [-1.6090079100395087, 54.99532515318788], [-1.6089064401603537, 54.995383541951014], [-1.6089064401603537, 54.99561709700356], [-1.6092108497978188, 54.99579226329297], [-1.609616729314439, 54.99579226329297], [-1.609819669072749, 54.99590904081924], [-1.6106314281059895, 54.99590904081924], [-1.6107328979851445, 54.99596742958238], [-1.6107328979851445, 54.996200984634925], [-1.6111387775017647, 54.99643453968747], [-1.6111387775017647, 54.99655131721374], [-1.6110373076226097, 54.99660970597688], [-1.6106314281059895, 54.99660970597688], [-1.6104284883476794, 54.99649292845061], [-1.6100226088310592, 54.99649292845061], [-1.6099211389519041, 54.99643453968747], [-1.6099211389519041, 54.9963177621612], [-1.6103270184685243, 54.99608420710865], [-1.6102255485893693, 54.996025818345515], [-1.609819669072749, 54.996025818345515], [-1.609718199193594, 54.99608420710865], [-1.609718199193594, 54.99643453968747], [-1.609616729314439, 54.99649292845061], [-1.6079932112479582, 54.99649292845061], [-1.607688801610493, 54.9963177621612], [-1.607688801610493, 54.99608420710865], [-1.6078917413688032, 54.99596742958238], [-1.6078917413688032, 54.99526676442474], [-1.607688801610493, 54.99514998689847], [-1.6078917413688032, 54.995033209372195], [-1.6078917413688032, 54.99491643184592], [-1.6080946811271133, 54.99479965431965], [-1.6080946811271133, 54.99444932174083], [-1.6082976208854234, 54.99433254421456], [-1.6082976208854234, 54.994215766688285], [-1.6080946811271133, 54.99409898916201], [-1.6082976208854234, 54.99398221163574], [-1.6080946811271133, 54.993865434109466], [-1.6082976208854234, 54.99374865658319], [-1.6082976208854234, 54.99363187905692], [-1.6081961510062683, 54.993573490293784], [-1.6079932112479582, 54.993573490293784], [-1.6077902714896481, 54.99345671276751], [-1.607688801610493, 54.99351510153065], [-1.607688801610493, 54.99374865658319], [-1.607282922093873, 54.99398221163574], [-1.607485861852183, 54.99409898916201], [-1.607282922093873, 54.994215766688285], [-1.607282922093873, 54.99444932174083], [-1.6070799823355628, 54.994566099267104], [-1.607282922093873, 54.99468287679338], [-1.607282922093873, 54.99479965431965], [-1.6070799823355628, 54.99491643184592], [-1.6070799823355628, 54.99514998689847], [-1.607282922093873, 54.99526676442474], [-1.6067755726980977, 54.995558708240424], [-1.6065726329397876, 54.995558708240424], [-1.6064711630606325, 54.99561709700356], [-1.6065726329397876, 54.9956754857667], [-1.6067755726980977, 54.9956754857667], [-1.6070799823355628, 54.995850652056106], [-1.6070799823355628, 54.9963177621612], [-1.6067755726980977, 54.99649292845061], [-1.6065726329397876, 54.99649292845061], [-1.6063696931814775, 54.99660970597688], [-1.6059638136648573, 54.99660970597688], [-1.6058623437857023, 54.996668094740016], [-1.6060652835440123, 54.99678487226629], [-1.6060652835440123, 54.997018427318835], [-1.6059638136648573, 54.99707681608197], [-1.605557934148237, 54.99707681608197], [-1.605456464269082, 54.99713520484511], [-1.605557934148237, 54.997193593608245], [-1.6057608739065472, 54.997193593608245], [-1.6058623437857023, 54.99725198237138], [-1.6058623437857023, 54.9976023149502], [-1.6056594040273922, 54.99771909247647], [-1.6058623437857023, 54.997835870002746], [-1.6058623437857023, 54.99806942505529], [-1.6059638136648573, 54.99812781381843], [-1.6061667534231674, 54.99812781381843], [-1.6063696931814775, 54.9982445913447], [-1.6065726329397876, 54.9982445913447], [-1.6066741028189426, 54.99830298010784], [-1.6066741028189426, 54.99841975763411], [-1.6065726329397876, 54.99847814639725], [-1.6057608739065472, 54.99847814639725], [-1.6056594040273922, 54.99853653516038], [-1.6056594040273922, 54.998653312686656], [-1.605557934148237, 54.99871170144979], [-1.605354994389927, 54.99859492392352], [-1.605152054631617, 54.99859492392352], [-1.6050505847524619, 54.99853653516038], [-1.605152054631617, 54.99847814639725], [-1.605354994389927, 54.99847814639725], [-1.605456464269082, 54.99841975763411], [-1.605456464269082, 54.99830298010784], [-1.605253524510772, 54.998186202581564], [-1.605253524510772, 54.99806942505529], [-1.6050505847524619, 54.99795264752902], [-1.6050505847524619, 54.997835870002746], [-1.6048476449941518, 54.99771909247647], [-1.6048476449941518, 54.9976023149502], [-1.6047461751149967, 54.99754392618706], [-1.6046447052358417, 54.9976023149502], [-1.6046447052358417, 54.99806942505529], [-1.6043402955983765, 54.9982445913447], [-1.6042388257192215, 54.998186202581564], [-1.6042388257192215, 54.99806942505529], [-1.6041373558400664, 54.998011036292155], [-1.6039344160817564, 54.998011036292155], [-1.6038329462026013, 54.99795264752902], [-1.6040358859609114, 54.997835870002746], [-1.6040358859609114, 54.99748553742393], [-1.6038329462026013, 54.997368759897654], [-1.6041373558400664, 54.997193593608245], [-1.605152054631617, 54.997193593608245], [-1.605253524510772, 54.99713520484511], [-1.605152054631617, 54.99707681608197], [-1.6049491148733068, 54.99707681608197], [-1.6046447052358417, 54.99690164979256], [-1.6046447052358417, 54.99596742958238], [-1.6041373558400664, 54.9956754857667], [-1.6035285365651362, 54.9956754857667], [-1.603325596806826, 54.99579226329297], [-1.6019050184986554, 54.99579226329297], [-1.6016006088611903, 54.99561709700356], [-1.6016006088611903, 54.99550031947729], [-1.6014991389820352, 54.99544193071415], [-1.601093259465415, 54.99544193071415], [-1.60099178958626, 54.99550031947729], [-1.6013976691028802, 54.99573387452983], [-1.6013976691028802, 54.996200984634925], [-1.600890319707105, 54.99649292845061], [-1.6006873799487948, 54.99649292845061], [-1.6005859100696398, 54.99655131721374], [-1.6005859100696398, 54.996668094740016], [-1.6003829703113297, 54.99678487226629], [-1.6004844401904847, 54.996843261029426], [-1.600890319707105, 54.996843261029426], [-1.60099178958626, 54.99690164979256], [-1.60099178958626, 54.99713520484511], [-1.60078884982795, 54.99725198237138], [-1.60078884982795, 54.997368759897654], [-1.6004844401904847, 54.99754392618706], [-1.6002815004321747, 54.99754392618706], [-1.6001800305530196, 54.99748553742393], [-1.6001800305530196, 54.99725198237138], [-1.6000785606738646, 54.997193593608245], [-1.5998756209155545, 54.997193593608245], [-1.5997741510363994, 54.99713520484511], [-1.5997741510363994, 54.997018427318835], [-1.5996726811572444, 54.9969600385557], [-1.5994697413989343, 54.99707681608197], [-1.5992668016406242, 54.99707681608197], [-1.598962392003159, 54.99690164979256], [-1.598962392003159, 54.996668094740016], [-1.5992668016406242, 54.99649292845061], [-1.5994697413989343, 54.99660970597688], [-1.5996726811572444, 54.99660970597688], [-1.5998756209155545, 54.99649292845061], [-1.6002815004321747, 54.99649292845061], [-1.6003829703113297, 54.99643453968747], [-1.6003829703113297, 54.9963177621612], [-1.6002815004321747, 54.99625937339806], [-1.5996726811572444, 54.99625937339806], [-1.5993682715197792, 54.99608420710865], [-1.5993682715197792, 54.99596742958238], [-1.5995712112780893, 54.995850652056106], [-1.5995712112780893, 54.99550031947729], [-1.5994697413989343, 54.99544193071415], [-1.5992668016406242, 54.99544193071415], [-1.598962392003159, 54.99526676442474], [-1.598962392003159, 54.99468287679338], [-1.5997741510363994, 54.994215766688285], [-1.5997741510363994, 54.99398221163574], [-1.5996726811572444, 54.9939238228726], [-1.5992668016406242, 54.99415737792515], [-1.598860922124004, 54.99415737792515], [-1.598657982365694, 54.99427415545142], [-1.5984550426073838, 54.99427415545142], [-1.5982521028490737, 54.994390932977694], [-1.5979476932116086, 54.994215766688285], [-1.5979476932116086, 54.99409898916201], [-1.5981506329699187, 54.99398221163574], [-1.5977447534532985, 54.99374865658319], [-1.5979476932116086, 54.99363187905692], [-1.5979476932116086, 54.99351510153065], [-1.5980491630907636, 54.99345671276751], [-1.598860922124004, 54.99345671276751], [-1.599063861882314, 54.99333993524124], [-1.5992668016406242, 54.99345671276751], [-1.5994697413989343, 54.99345671276751], [-1.5995712112780893, 54.993398324004374], [-1.5995712112780893, 54.9932815464781], [-1.599063861882314, 54.99298960266242], [-1.598860922124004, 54.99298960266242], [-1.5978462233324535, 54.992405715031055], [-1.5976432835741434, 54.99252249255733], [-1.5970344642992131, 54.99252249255733], [-1.596932994420058, 54.992580881320464], [-1.596932994420058, 54.99269765884674], [-1.5970344642992131, 54.99275604760987], [-1.5972374040575232, 54.9926392700836], [-1.5974403438158333, 54.99275604760987], [-1.5976432835741434, 54.99275604760987], [-1.5979476932116086, 54.99293121389928], [-1.5979476932116086, 54.9932815464781], [-1.5976432835741434, 54.99345671276751], [-1.596831524540903, 54.99345671276751], [-1.596730054661748, 54.993398324004374], [-1.596730054661748, 54.9932815464781], [-1.596527114903438, 54.99316476895183], [-1.596730054661748, 54.993047991425556], [-1.596730054661748, 54.99281443637301], [-1.596628584782593, 54.99275604760987], [-1.5962227052659728, 54.99275604760987], [-1.5959182956285076, 54.992580881320464], [-1.5959182956285076, 54.99246410379419], [-1.5958168257493526, 54.992405715031055], [-1.5957153558701975, 54.99246410379419], [-1.5957153558701975, 54.99269765884674], [-1.5959182956285076, 54.99281443637301], [-1.5958168257493526, 54.992872825136146], [-1.5956138859910425, 54.99275604760987], [-1.5952080064744223, 54.99275604760987], [-1.5951065365952672, 54.99281443637301], [-1.5951065365952672, 54.9932815464781], [-1.5953094763535773, 54.993398324004374], [-1.5953094763535773, 54.99351510153065], [-1.5954109462327324, 54.993573490293784], [-1.5956138859910425, 54.993573490293784], [-1.5957153558701975, 54.99363187905692], [-1.5957153558701975, 54.99398221163574], [-1.5959182956285076, 54.99409898916201], [-1.5959182956285076, 54.99468287679338], [-1.5961212353868177, 54.99479965431965], [-1.5961212353868177, 54.99491643184592], [-1.5963241751451278, 54.995033209372195], [-1.5963241751451278, 54.99514998689847], [-1.5964256450242829, 54.995208375661605], [-1.596831524540903, 54.995208375661605], [-1.596932994420058, 54.99514998689847], [-1.596932994420058, 54.995033209372195], [-1.5970344642992131, 54.99497482060906], [-1.5974403438158333, 54.99497482060906], [-1.5975418136949884, 54.99491643184592], [-1.5975418136949884, 54.99479965431965], [-1.5976432835741434, 54.99474126555651], [-1.5978462233324535, 54.99474126555651], [-1.5980491630907636, 54.99462448803024], [-1.5982521028490737, 54.99474126555651], [-1.5984550426073838, 54.99474126555651], [-1.598759452244849, 54.99491643184592], [-1.598759452244849, 54.99526676442474], [-1.5982521028490737, 54.995558708240424], [-1.5972374040575232, 54.995558708240424], [-1.5971359341783682, 54.99561709700356], [-1.5972374040575232, 54.9956754857667], [-1.5976432835741434, 54.9956754857667], [-1.5977447534532985, 54.99573387452983], [-1.5977447534532985, 54.995850652056106], [-1.5976432835741434, 54.99590904081924], [-1.5974403438158333, 54.99590904081924], [-1.5972374040575232, 54.996025818345515], [-1.596831524540903, 54.996025818345515], [-1.596628584782593, 54.99590904081924], [-1.596527114903438, 54.99596742958238], [-1.596527114903438, 54.99678487226629], [-1.5963241751451278, 54.99690164979256], [-1.5963241751451278, 54.99713520484511], [-1.5962227052659728, 54.997193593608245], [-1.5960197655076627, 54.997193593608245], [-1.5959182956285076, 54.99725198237138], [-1.5959182956285076, 54.99748553742393], [-1.5963241751451278, 54.99771909247647], [-1.5963241751451278, 54.997835870002746], [-1.596527114903438, 54.99795264752902], [-1.596527114903438, 54.99806942505529], [-1.5963241751451278, 54.998186202581564], [-1.5963241751451278, 54.99830298010784], [-1.5961212353868177, 54.99841975763411], [-1.5961212353868177, 54.998653312686656], [-1.5962227052659728, 54.99871170144979], [-1.5974403438158333, 54.99871170144979], [-1.5979476932116086, 54.999003645265475], [-1.5979476932116086, 54.99912042279175], [-1.5981506329699187, 54.99923720031802], [-1.5979476932116086, 54.999353977844294], [-1.5979476932116086, 54.99970431042311], [-1.5977447534532985, 54.999821087949385], [-1.5977447534532985, 55.000171420528204], [-1.5975418136949884, 55.00028819805448], [-1.5975418136949884, 55.00052175310702], [-1.5976432835741434, 55.00058014187016], [-1.5980491630907636, 55.000346586817614], [-1.599063861882314, 55.000346586817614], [-1.5997741510363994, 55.00075530815957], [-1.5997741510363994, 55.00133919579093], [-1.5998756209155545, 55.00139758455407], [-1.6000785606738646, 55.00139758455407], [-1.6001800305530196, 55.00133919579093], [-1.6001800305530196, 55.00110564073839], [-1.6004844401904847, 55.00093047444898], [-1.6006873799487948, 55.00093047444898], [-1.600890319707105, 55.000813696922705], [-1.6012961992237251, 55.000813696922705], [-1.6014991389820352, 55.00093047444898], [-1.6017020787403453, 55.00093047444898], [-1.6021079582569655, 55.00069691939643], [-1.6023108980152756, 55.00069691939643], [-1.6025138377735857, 55.00058014187016], [-1.603122657048516, 55.00058014187016], [-1.6034270666859811, 55.00075530815957], [-1.6034270666859811, 55.00087208568584], [-1.6035285365651362, 55.00093047444898], [-1.6037314763234463, 55.00093047444898], [-1.6040358859609114, 55.00110564073839], [-1.6040358859609114, 55.00133919579093], [-1.6038329462026013, 55.001455973317206], [-1.6038329462026013, 55.001806305896025], [-1.6036300064442912, 55.0019230834223], [-1.6036300064442912, 55.00203986094857], [-1.603224126927671, 55.00227341600112], [-1.603224126927671, 55.00250697105366], [-1.603021187169361, 55.002623748579936], [-1.603021187169361, 55.00309085868503], [-1.6023108980152756, 55.00349958002698], [-1.6017020787403453, 55.00349958002698], [-1.6016006088611903, 55.00355796879012], [-1.6018035486195004, 55.00367474631639], [-1.6018035486195004, 55.003791523842665], [-1.6020064883778105, 55.00390830136894], [-1.6020064883778105, 55.00425863394776], [-1.6018035486195004, 55.00437541147403], [-1.6018035486195004, 55.0044921890003], [-1.6016006088611903, 55.004608966526575], [-1.6016006088611903, 55.00484252157912], [-1.6013976691028802, 55.004959299105394], [-1.6013976691028802, 55.00565996426303], [-1.6018035486195004, 55.00589351931558], [-1.6018035486195004, 55.006243851894396], [-1.6020064883778105, 55.00636062942067], [-1.6020064883778105, 55.006594184473215], [-1.6021079582569655, 55.00665257323635], [-1.6023108980152756, 55.00665257323635], [-1.6026153076527407, 55.00682773952576], [-1.6024123678944306, 55.006944517052034], [-1.6024123678944306, 55.00706129457831], [-1.6021079582569655, 55.007236460867716], [-1.6019050184986554, 55.007236460867716], [-1.6014991389820352, 55.00747001592026], [-1.6013976691028802, 55.007411627157126], [-1.6013976691028802, 55.00729484963085], [-1.6016006088611903, 55.00717807210458], [-1.6014991389820352, 55.00711968334144], [-1.6012961992237251, 55.00711968334144], [-1.60119472934457, 55.00706129457831], [-1.6014991389820352, 55.0068861282889], [-1.6017020787403453, 55.0068861282889], [-1.6018035486195004, 55.00682773952576], [-1.6014991389820352, 55.00665257323635], [-1.601093259465415, 55.00665257323635], [-1.600890319707105, 55.006769350762625], [-1.6004844401904847, 55.006769350762625], [-1.6000785606738646, 55.00700290581517], [-1.5996726811572444, 55.00700290581517], [-1.5995712112780893, 55.006944517052034], [-1.5995712112780893, 55.00682773952576], [-1.5993682715197792, 55.00671096199949], [-1.5993682715197792, 55.006594184473215], [-1.5991653317614691, 55.00647740694694], [-1.5994697413989343, 55.00630224065753], [-1.6002815004321747, 55.00630224065753], [-1.6003829703113297, 55.006243851894396], [-1.6000785606738646, 55.00606868560499], [-1.5998756209155545, 55.00606868560499], [-1.5995712112780893, 55.00589351931558], [-1.5995712112780893, 55.005776741789305], [-1.5994697413989343, 55.00571835302617], [-1.599063861882314, 55.00571835302617], [-1.598860922124004, 55.00583513055244], [-1.598657982365694, 55.00571835302617], [-1.5985565124865388, 55.005776741789305], [-1.5985565124865388, 55.00589351931558], [-1.598759452244849, 55.00601029684185], [-1.598759452244849, 55.006243851894396], [-1.5982521028490737, 55.00653579571008], [-1.5978462233324535, 55.00653579571008], [-1.5975418136949884, 55.00636062942067], [-1.5975418136949884, 55.00612707436812], [-1.5974403438158333, 55.00606868560499], [-1.596831524540903, 55.00606868560499], [-1.596730054661748, 55.00601029684185], [-1.596730054661748, 55.00589351931558], [-1.596628584782593, 55.00583513055244], [-1.5964256450242829, 55.00583513055244], [-1.5960197655076627, 55.005601575499895], [-1.5958168257493526, 55.005601575499895], [-1.5956138859910425, 55.00571835302617], [-1.5954109462327324, 55.005601575499895], [-1.5952080064744223, 55.005601575499895], [-1.5950050667161122, 55.00548479797362], [-1.594599187199492, 55.00548479797362], [-1.594497717320337, 55.005426409210486], [-1.594497717320337, 55.00519285415794], [-1.594396247441182, 55.005134465394804], [-1.5941933076828718, 55.005134465394804], [-1.5939903679245617, 55.00525124292108], [-1.5933815486496314, 55.00525124292108], [-1.5930771390121663, 55.00507607663167], [-1.5930771390121663, 55.004959299105394], [-1.5929756691330113, 55.00490091034226], [-1.592569789616391, 55.00490091034226], [-1.592468319737236, 55.00484252157912], [-1.592468319737236, 55.004608966526575], [-1.592366849858081, 55.00455057776344], [-1.5921639100997709, 55.00455057776344], [-1.5920624402206158, 55.0044921890003], [-1.5920624402206158, 55.00437541147403], [-1.5919609703414608, 55.00431702271089], [-1.5917580305831507, 55.00431702271089], [-1.5913521510665305, 55.00408346765835], [-1.5911492113082204, 55.00408346765835], [-1.5910477414290654, 55.00402507889521], [-1.5910477414290654, 55.00390830136894], [-1.5909462715499103, 55.0038499126058], [-1.5907433317916002, 55.0038499126058], [-1.5905403920332901, 55.003966690132074], [-1.59033745227498, 55.003966690132074], [-1.5900330426375149, 55.004141856421484], [-1.59013451251667, 55.00420024518462], [-1.59033745227498, 55.00420024518462], [-1.5906418619124452, 55.00437541147403], [-1.5906418619124452, 55.0044921890003], [-1.5908448016707553, 55.004608966526575], [-1.5906418619124452, 55.00472574405285], [-1.5908448016707553, 55.00484252157912], [-1.5908448016707553, 55.00519285415794], [-1.5907433317916002, 55.00525124292108], [-1.5905403920332901, 55.00525124292108], [-1.590438922154135, 55.00530963168421], [-1.590438922154135, 55.005426409210486], [-1.5906418619124452, 55.00554318673676], [-1.5906418619124452, 55.00612707436812], [-1.590438922154135, 55.006243851894396], [-1.5905403920332901, 55.00630224065753], [-1.5909462715499103, 55.00630224065753], [-1.5910477414290654, 55.00636062942067], [-1.5910477414290654, 55.006594184473215], [-1.5909462715499103, 55.00665257323635], [-1.5905403920332901, 55.00665257323635], [-1.5899315727583598, 55.00630224065753], [-1.5898301028792048, 55.00636062942067], [-1.5898301028792048, 55.00647740694694], [-1.5900330426375149, 55.006594184473215], [-1.5898301028792048, 55.00671096199949], [-1.5898301028792048, 55.006944517052034], [-1.5899315727583598, 55.00700290581517], [-1.59013451251667, 55.00700290581517], [-1.59033745227498, 55.0068861282889], [-1.5905403920332901, 55.0068861282889], [-1.5907433317916002, 55.006769350762625], [-1.5910477414290654, 55.006944517052034], [-1.5910477414290654, 55.00706129457831], [-1.5914536209456855, 55.00729484963085], [-1.5914536209456855, 55.0075284046834], [-1.5915550908248406, 55.007586793446535], [-1.5919609703414608, 55.007586793446535], [-1.5921639100997709, 55.00770357097281], [-1.592468319737236, 55.0075284046834], [-1.592468319737236, 55.007411627157126], [-1.592265379978926, 55.00729484963085], [-1.592366849858081, 55.007236460867716], [-1.5927727293747012, 55.00747001592026], [-1.5931786088913213, 55.00747001592026], [-1.5933815486496314, 55.007586793446535], [-1.5939903679245617, 55.007586793446535], [-1.5940918378037168, 55.00764518220967], [-1.5940918378037168, 55.007761959735944], [-1.5939903679245617, 55.00782034849908], [-1.5921639100997709, 55.00782034849908], [-1.5917580305831507, 55.00805390355163], [-1.5913521510665305, 55.00805390355163], [-1.5912506811873754, 55.00811229231476], [-1.5913521510665305, 55.0081706810779], [-1.5915550908248406, 55.0081706810779], [-1.5918595004623057, 55.00834584736731], [-1.5918595004623057, 55.008579402419855], [-1.5917580305831507, 55.00863779118299], [-1.5905403920332901, 55.00863779118299], [-1.59033745227498, 55.008754568709264], [-1.59013451251667, 55.00863779118299], [-1.5897286330000497, 55.00863779118299], [-1.5895256932417396, 55.008754568709264], [-1.5887139342084993, 55.008754568709264], [-1.5885109944501892, 55.00863779118299], [-1.5874962956586387, 55.00863779118299], [-1.5872933559003286, 55.00852101365672], [-1.5870904161420185, 55.00852101365672], [-1.5869889462628635, 55.008579402419855], [-1.5869889462628635, 55.0088129574724], [-1.5868874763837084, 55.00887134623554], [-1.5866845366253983, 55.00887134623554], [-1.5864815968670882, 55.008754568709264], [-1.5856698378338479, 55.008754568709264], [-1.5852639583172277, 55.00898812376181], [-1.5848580788006075, 55.00898812376181], [-1.5846551390422974, 55.00910490128808], [-1.5844521992839873, 55.00898812376181], [-1.5842492595256772, 55.00898812376181], [-1.584046319767367, 55.00887134623554], [-1.5834375004924368, 55.00887134623554], [-1.5832345607341267, 55.008754568709264], [-1.5824228017008863, 55.008754568709264], [-1.5823213318217313, 55.0088129574724], [-1.5823213318217313, 55.008929734998674], [-1.5821183920634212, 55.00904651252495], [-1.5821183920634212, 55.00916329005122], [-1.581915452305111, 55.00928006757749], [-1.581915452305111, 55.009396845103765], [-1.581712512546801, 55.00951362263004], [-1.581712512546801, 55.00963040015631], [-1.5814081029093359, 55.00980556644572], [-1.5810022233927157, 55.00980556644572], [-1.5806978137552505, 55.00998073273513], [-1.5806978137552505, 55.01091495294531], [-1.5809007535135606, 55.011031730471586], [-1.5809007535135606, 55.01126528552413], [-1.5807992836344056, 55.01132367428727], [-1.5803934041177854, 55.01132367428727], [-1.5801904643594753, 55.01144045181354], [-1.5799875246011652, 55.01144045181354], [-1.579784584842855, 55.01132367428727], [-1.5791757655679248, 55.01132367428727], [-1.5789728258096147, 55.01144045181354], [-1.5785669462929945, 55.01144045181354], [-1.5778566571389092, 55.011031730471586], [-1.5778566571389092, 55.01091495294531], [-1.5776537173805991, 55.01079817541904], [-1.5776537173805991, 55.01068139789277], [-1.577349307743134, 55.01050623160336], [-1.5771463679848239, 55.01050623160336], [-1.5765375487098936, 55.01085656418218], [-1.5763346089515835, 55.010739786655904], [-1.5761316691932734, 55.010739786655904], [-1.5758272595558083, 55.01091495294531], [-1.5758272595558083, 55.011031730471586], [-1.5756243197974982, 55.01114850799786], [-1.5756243197974982, 55.01126528552413], [-1.575421380039188, 55.011382063050405], [-1.575421380039188, 55.0118491731555], [-1.575319910160033, 55.01190756191863], [-1.5747110908851027, 55.01190756191863], [-1.5746096210059477, 55.01196595068177], [-1.5746096210059477, 55.012199505734316], [-1.5745081511267927, 55.01225789449745], [-1.5741022716101725, 55.01225789449745], [-1.5738993318518624, 55.012374672023725], [-1.5736963920935523, 55.012374672023725], [-1.5734934523352422, 55.01249144955], [-1.573290512576932, 55.01249144955], [-1.573087572818622, 55.012374672023725], [-1.5724787535436917, 55.012374672023725], [-1.5722758137853816, 55.01249144955], [-1.5714640547521412, 55.01249144955], [-1.5713625848729862, 55.01243306078686], [-1.5713625848729862, 55.012199505734316], [-1.571058175235521, 55.012024339444906], [-1.5704493559605908, 55.012024339444906], [-1.5703478860814357, 55.01208272820804], [-1.5703478860814357, 55.012199505734316], [-1.5702464162022807, 55.01225789449745], [-1.5698405366856605, 55.01225789449745], [-1.5697390668065054, 55.01231628326059], [-1.5697390668065054, 55.012549838313134], [-1.5695361270481953, 55.01266661583941], [-1.5695361270481953, 55.01278339336568], [-1.5697390668065054, 55.01290017089195], [-1.5697390668065054, 55.0131337259445], [-1.5696375969273504, 55.013192114707635], [-1.56902877765242, 55.013192114707635], [-1.568927307773265, 55.01325050347077], [-1.568927307773265, 55.013367280997045], [-1.5686228981358, 55.013542447286454], [-1.5682170186191797, 55.013542447286454], [-1.5681155487400247, 55.01348405852332], [-1.5681155487400247, 55.01325050347077], [-1.5680140788608696, 55.013192114707635], [-1.5676081993442494, 55.013192114707635], [-1.5675067294650944, 55.0131337259445], [-1.5675067294650944, 55.01290017089195], [-1.5673037897067843, 55.01278339336568], [-1.5673037897067843, 55.01266661583941], [-1.5675067294650944, 55.012549838313134], [-1.5675067294650944, 55.01243306078686], [-1.5677096692234045, 55.01231628326059], [-1.5677096692234045, 55.012199505734316], [-1.5678111391025595, 55.01214111697118], [-1.5680140788608696, 55.01214111697118], [-1.5682170186191797, 55.012024339444906], [-1.5684199583774898, 55.012024339444906], [-1.5685214282566449, 55.01196595068177], [-1.5684199583774898, 55.01190756191863], [-1.5676081993442494, 55.01190756191863], [-1.5674052595859393, 55.01179078439236], [-1.566796440311009, 55.01179078439236], [-1.566694970431854, 55.0118491731555], [-1.566694970431854, 55.01196595068177], [-1.5668979101901641, 55.01208272820804], [-1.5668979101901641, 55.012199505734316], [-1.566593500552699, 55.012374672023725], [-1.5663905607943889, 55.012374672023725], [-1.5660861511569237, 55.012199505734316], [-1.5660861511569237, 55.01208272820804], [-1.5657817415194586, 55.01190756191863], [-1.5651729222445283, 55.01190756191863], [-1.5648685126070632, 55.01208272820804], [-1.5649699824862182, 55.01214111697118], [-1.5651729222445283, 55.01214111697118], [-1.5652743921236834, 55.012199505734316], [-1.5651729222445283, 55.01225789449745], [-1.5649699824862182, 55.01225789449745], [-1.564564102969598, 55.012024339444906], [-1.564361163211288, 55.012024339444906], [-1.5641582234529778, 55.01214111697118], [-1.5638538138155127, 55.01196595068177], [-1.5638538138155127, 55.01161561810295], [-1.5637523439363576, 55.011557229339815], [-1.5633464644197375, 55.011557229339815], [-1.5631435246614274, 55.01167400686609], [-1.5629405849031173, 55.011557229339815], [-1.5627376451448072, 55.011557229339815], [-1.5626361752656521, 55.01161561810295], [-1.5626361752656521, 55.011732395629224], [-1.562534705386497, 55.01179078439236], [-1.562128825869877, 55.01179078439236], [-1.5620273559907218, 55.011732395629224], [-1.5620273559907218, 55.011382063050405], [-1.562230295749032, 55.01126528552413], [-1.562230295749032, 55.01114850799786], [-1.562331765628187, 55.01109011923472], [-1.5629405849031173, 55.01109011923472], [-1.5631435246614274, 55.01097334170845], [-1.5639552836946677, 55.01097334170845], [-1.5641582234529778, 55.01085656418218], [-1.564564102969598, 55.01085656418218], [-1.5648685126070632, 55.011031730471586], [-1.5647670427279081, 55.01109011923472], [-1.564564102969598, 55.01109011923472], [-1.564462633090443, 55.01114850799786], [-1.564462633090443, 55.011732395629224], [-1.564564102969598, 55.01179078439236], [-1.5647670427279081, 55.01179078439236], [-1.5648685126070632, 55.011732395629224], [-1.564665572848753, 55.01161561810295], [-1.564665572848753, 55.01149884057668], [-1.5647670427279081, 55.01144045181354], [-1.5650714523653733, 55.01161561810295], [-1.5650714523653733, 55.011732395629224], [-1.5651729222445283, 55.01179078439236], [-1.5653758620028384, 55.01167400686609], [-1.5657817415194586, 55.01167400686609], [-1.5658832113986136, 55.01161561810295], [-1.5656802716403035, 55.01149884057668], [-1.5656802716403035, 55.01114850799786], [-1.5658832113986136, 55.011031730471586], [-1.5658832113986136, 55.01091495294531], [-1.5660861511569237, 55.01079817541904], [-1.5660861511569237, 55.01044784284022], [-1.5661876210360788, 55.010389454077085], [-1.5663905607943889, 55.010389454077085], [-1.566492030673544, 55.01033106531395], [-1.566492030673544, 55.00986395520886], [-1.566694970431854, 55.009747177682584], [-1.566694970431854, 55.00963040015631], [-1.5669993800693192, 55.0094552338669], [-1.5672023198276293, 55.0094552338669], [-1.5673037897067843, 55.009396845103765], [-1.5673037897067843, 55.00928006757749], [-1.5671008499484742, 55.00916329005122], [-1.5671008499484742, 55.008929734998674], [-1.5675067294650944, 55.00869617994613], [-1.5675067294650944, 55.00846262489358], [-1.5677096692234045, 55.00834584736731], [-1.5677096692234045, 55.00811229231476], [-1.5678111391025595, 55.00805390355163], [-1.5680140788608696, 55.00805390355163], [-1.5682170186191797, 55.0081706810779], [-1.5684199583774898, 55.0081706810779], [-1.5685214282566449, 55.008229069841036], [-1.5685214282566449, 55.00834584736731], [-1.568724368014955, 55.00846262489358], [-1.568724368014955, 55.008579402419855], [-1.5686228981358, 55.00863779118299], [-1.5684199583774898, 55.00863779118299], [-1.5683184884983348, 55.00869617994613], [-1.5685214282566449, 55.0088129574724], [-1.5685214282566449, 55.00904651252495], [-1.5686228981358, 55.00910490128808], [-1.56882583789411, 55.00910490128808], [-1.56902877765242, 55.00898812376181], [-1.5696375969273504, 55.00898812376181], [-1.5697390668065054, 55.008929734998674], [-1.5694346571690403, 55.008754568709264], [-1.5692317174107302, 55.008754568709264], [-1.568927307773265, 55.008579402419855], [-1.568927307773265, 55.008229069841036], [-1.568724368014955, 55.00811229231476], [-1.568724368014955, 55.007761959735944], [-1.568927307773265, 55.00764518220967], [-1.568927307773265, 55.0075284046834], [-1.56902877765242, 55.00747001592026], [-1.5692317174107302, 55.00747001592026], [-1.5693331872898852, 55.007411627157126], [-1.5693331872898852, 55.00729484963085], [-1.56902877765242, 55.00711968334144], [-1.56882583789411, 55.00711968334144], [-1.568724368014955, 55.00706129457831], [-1.568724368014955, 55.00682773952576], [-1.5685214282566449, 55.00671096199949], [-1.5685214282566449, 55.00612707436812], [-1.568927307773265, 55.00589351931558], [-1.568927307773265, 55.005776741789305], [-1.5691302475315752, 55.00565996426303], [-1.5691302475315752, 55.00554318673676], [-1.5693331872898852, 55.005426409210486], [-1.5693331872898852, 55.00530963168421], [-1.5695361270481953, 55.00519285415794], [-1.5695361270481953, 55.00484252157912], [-1.56902877765242, 55.00455057776344], [-1.5684199583774898, 55.00455057776344], [-1.5682170186191797, 55.004433800237166], [-1.5680140788608696, 55.004433800237166], [-1.5677096692234045, 55.00425863394776], [-1.5677096692234045, 55.00402507889521], [-1.5675067294650944, 55.00390830136894], [-1.5675067294650944, 55.003791523842665], [-1.5674052595859393, 55.00373313507953], [-1.5672023198276293, 55.00373313507953], [-1.5663905607943889, 55.00420024518462], [-1.5661876210360788, 55.00420024518462], [-1.5657817415194586, 55.004433800237166], [-1.5655788017611485, 55.004433800237166], [-1.5654773318819935, 55.00437541147403], [-1.5654773318819935, 55.00425863394776], [-1.5653758620028384, 55.00420024518462], [-1.564361163211288, 55.00420024518462], [-1.5642596933321329, 55.00425863394776], [-1.5642596933321329, 55.0044921890003], [-1.5639552836946677, 55.00466735528971], [-1.562331765628187, 55.00466735528971], [-1.5620273559907218, 55.0044921890003], [-1.5620273559907218, 55.00437541147403], [-1.562230295749032, 55.00425863394776], [-1.562230295749032, 55.004141856421484], [-1.5619258861115668, 55.003966690132074], [-1.5615200065949466, 55.003966690132074], [-1.5614185367157916, 55.00390830136894], [-1.5614185367157916, 55.003791523842665], [-1.5611141270783264, 55.003616357553256], [-1.5609111873200163, 55.003616357553256], [-1.560200898165931, 55.0032076362113], [-1.560200898165931, 55.002974081158754], [-1.560403837924241, 55.00285730363248], [-1.560302368045086, 55.002798914869345], [-1.5592876692535356, 55.002798914869345], [-1.5590847294952255, 55.00268213734307], [-1.5588817897369154, 55.00268213734307], [-1.5587803198577603, 55.002623748579936], [-1.5587803198577603, 55.0019230834223], [-1.5586788499786053, 55.00186469465916], [-1.558070030703675, 55.00221502723798], [-1.5576641511870548, 55.00221502723798], [-1.5575626813078998, 55.00227341600112], [-1.5575626813078998, 55.00239019352739], [-1.5572582716704346, 55.0025653598168], [-1.5568523921538144, 55.0025653598168], [-1.5566494523955043, 55.00268213734307], [-1.5564465126371942, 55.00268213734307], [-1.5563450427580392, 55.00274052610621], [-1.5563450427580392, 55.00309085868503], [-1.5562435728788842, 55.003149247448164], [-1.5550259343290236, 55.003149247448164], [-1.5549244644498685, 55.00309085868503], [-1.5549244644498685, 55.002974081158754], [-1.5548229945707135, 55.00291569239562], [-1.5547215246915584, 55.002974081158754], [-1.5547215246915584, 55.00309085868503], [-1.5546200548124034, 55.003149247448164], [-1.5540112355374731, 55.003149247448164], [-1.553909765658318, 55.0032076362113], [-1.5541127054166282, 55.00332441373757], [-1.5541127054166282, 55.003441191263846], [-1.5543156451749383, 55.00355796879012], [-1.5541127054166282, 55.00367474631639], [-1.5541127054166282, 55.0044921890003], [-1.5542141752957832, 55.00455057776344], [-1.5544171150540933, 55.004433800237166], [-1.5548229945707135, 55.004433800237166], [-1.5553303439664887, 55.00472574405285], [-1.5553303439664887, 55.00484252157912], [-1.5554318138456438, 55.00490091034226], [-1.5556347536039539, 55.00490091034226], [-1.555939163241419, 55.00507607663167], [-1.555939163241419, 55.00554318673676], [-1.556142102999729, 55.00565996426303], [-1.556142102999729, 55.005776741789305], [-1.5563450427580392, 55.00589351931558], [-1.5563450427580392, 55.00601029684185], [-1.555939163241419, 55.006243851894396], [-1.555939163241419, 55.00636062942067], [-1.556142102999729, 55.00647740694694], [-1.555736223483109, 55.00671096199949], [-1.555736223483109, 55.006944517052034], [-1.5554318138456438, 55.00711968334144], [-1.5552288740873337, 55.00711968334144], [-1.5551274042081786, 55.00717807210458], [-1.5551274042081786, 55.00729484963085], [-1.5549244644498685, 55.007411627157126], [-1.5549244644498685, 55.00846262489358], [-1.5547215246915584, 55.008579402419855], [-1.5547215246915584, 55.0088129574724], [-1.5546200548124034, 55.00887134623554], [-1.5544171150540933, 55.00887134623554], [-1.5543156451749383, 55.008929734998674], [-1.5543156451749383, 55.00904651252495], [-1.5542141752957832, 55.00910490128808], [-1.5534024162625428, 55.00910490128808], [-1.5533009463833878, 55.00916329005122], [-1.5533009463833878, 55.00951362263004], [-1.5531994765042327, 55.009572011393175], [-1.5527935969876125, 55.009572011393175], [-1.5525906572293025, 55.00968878891945], [-1.5523877174709924, 55.009572011393175], [-1.5505612596462015, 55.009572011393175], [-1.5503583198878914, 55.00968878891945], [-1.5501553801295813, 55.009572011393175], [-1.5499524403712712, 55.009572011393175], [-1.5498509704921162, 55.00963040015631], [-1.5498509704921162, 55.009747177682584], [-1.5497495006129611, 55.00980556644572], [-1.5491406813380308, 55.00980556644572], [-1.5488362717005657, 55.00998073273513], [-1.5488362717005657, 55.010564620366495], [-1.5491406813380308, 55.010739786655904], [-1.549343621096341, 55.010739786655904], [-1.549445090975496, 55.01068139789277], [-1.549445090975496, 55.010564620366495], [-1.549546560854651, 55.01050623160336], [-1.5497495006129611, 55.01050623160336], [-1.5498509704921162, 55.010564620366495], [-1.5498509704921162, 55.01068139789277], [-1.5499524403712712, 55.010739786655904], [-1.5501553801295813, 55.01062300912963], [-1.5504597897670465, 55.01079817541904], [-1.5501553801295813, 55.01097334170845], [-1.5499524403712712, 55.01097334170845], [-1.5497495006129611, 55.01109011923472], [-1.549546560854651, 55.01109011923472], [-1.549343621096341, 55.01097334170845], [-1.5490392114588758, 55.01114850799786], [-1.5490392114588758, 55.01161561810295], [-1.5489377415797208, 55.01167400686609], [-1.5488362717005657, 55.01161561810295], [-1.5488362717005657, 55.01149884057668], [-1.5486333319422556, 55.011382063050405], [-1.5488362717005657, 55.01126528552413], [-1.5488362717005657, 55.01114850799786], [-1.5487348018214107, 55.01109011923472], [-1.5485318620631006, 55.011206896760996], [-1.5484303921839455, 55.01114850799786], [-1.5484303921839455, 55.01068139789277], [-1.5482274524256354, 55.010564620366495], [-1.5482274524256354, 55.0100975102614], [-1.5480245126673253, 55.00998073273513], [-1.5480245126673253, 55.00986395520886], [-1.5478215729090152, 55.009747177682584], [-1.5478215729090152, 55.00916329005122], [-1.5477201030298602, 55.00910490128808], [-1.5476186331507051, 55.00916329005122], [-1.5476186331507051, 55.00986395520886], [-1.54731422351324, 55.01003912149827], [-1.54711128375493, 55.01003912149827], [-1.5469083439966198, 55.00992234397199], [-1.5462995247216895, 55.00992234397199], [-1.5461980548425345, 55.00986395520886], [-1.5461980548425345, 55.00963040015631], [-1.5460965849633794, 55.009572011393175], [-1.5456907054467592, 55.009572011393175], [-1.5455892355676042, 55.00963040015631], [-1.5455892355676042, 55.00986395520886], [-1.5454877656884491, 55.00992234397199], [-1.5448789464135189, 55.00992234397199], [-1.5445745367760537, 55.009747177682584], [-1.5445745367760537, 55.00963040015631], [-1.5447774765343638, 55.00951362263004], [-1.5445745367760537, 55.009396845103765], [-1.5445745367760537, 55.00928006757749], [-1.5447774765343638, 55.00916329005122], [-1.5447774765343638, 55.008929734998674], [-1.5445745367760537, 55.0088129574724], [-1.5445745367760537, 55.008579402419855], [-1.5443715970177436, 55.00846262489358], [-1.5443715970177436, 55.008229069841036], [-1.5446760066552088, 55.00805390355163], [-1.5448789464135189, 55.00805390355163], [-1.544980416292674, 55.00799551478849], [-1.544980416292674, 55.00787873726222], [-1.5446760066552088, 55.00770357097281], [-1.5444730668968987, 55.00770357097281], [-1.5441686572594335, 55.00787873726222], [-1.5441686572594335, 55.00811229231476], [-1.5435598379845032, 55.00846262489358], [-1.5435598379845032, 55.0088129574724], [-1.543255428347038, 55.00898812376181], [-1.542849548830418, 55.00898812376181], [-1.5427480789512629, 55.008929734998674], [-1.5427480789512629, 55.0088129574724], [-1.5425451391929528, 55.00869617994613], [-1.5425451391929528, 55.008579402419855], [-1.5424436693137977, 55.00852101365672], [-1.5418348500388674, 55.00852101365672], [-1.5417333801597124, 55.00846262489358], [-1.5417333801597124, 55.00834584736731], [-1.5411245608847821, 55.00799551478849], [-1.5411245608847821, 55.007761959735944], [-1.5415304404014023, 55.0075284046834], [-1.5415304404014023, 55.00717807210458], [-1.5414289705222473, 55.00711968334144], [-1.5412260307639372, 55.007236460867716], [-1.5411245608847821, 55.00717807210458], [-1.5411245608847821, 55.006944517052034], [-1.5412260307639372, 55.0068861282889], [-1.5414289705222473, 55.0068861282889], [-1.5416319102805573, 55.006769350762625], [-1.5418348500388674, 55.006769350762625], [-1.5419363199180225, 55.00671096199949], [-1.5416319102805573, 55.00653579571008], [-1.5414289705222473, 55.00653579571008], [-1.5413275006430922, 55.00647740694694], [-1.5413275006430922, 55.00636062942067], [-1.540820151247317, 55.00606868560499], [-1.5404142717306968, 55.00606868560499], [-1.5400083922140766, 55.00583513055244], [-1.5398054524557665, 55.005951908078714], [-1.5391966331808362, 55.005951908078714], [-1.5390951633016812, 55.00589351931558], [-1.5390951633016812, 55.005776741789305], [-1.538790753664216, 55.005601575499895], [-1.538587813905906, 55.005601575499895], [-1.5381819343892857, 55.00536802044735], [-1.5379789946309756, 55.00536802044735], [-1.5373701753560454, 55.00571835302617], [-1.5371672355977353, 55.005601575499895], [-1.5369642958394252, 55.005601575499895], [-1.5368628259602701, 55.00565996426303], [-1.5368628259602701, 55.005776741789305], [-1.5371672355977353, 55.005951908078714], [-1.5373701753560454, 55.005951908078714], [-1.5377760548726656, 55.00571835302617], [-1.5381819343892857, 55.00571835302617], [-1.538689283785061, 55.00601029684185], [-1.538689283785061, 55.00636062942067], [-1.5383848741475958, 55.00653579571008], [-1.5381819343892857, 55.00653579571008], [-1.5379789946309756, 55.00665257323635], [-1.5377760548726656, 55.00653579571008], [-1.5375731151143555, 55.00653579571008], [-1.5374716452352004, 55.006594184473215], [-1.5374716452352004, 55.00671096199949], [-1.5376745849935105, 55.00682773952576], [-1.5376745849935105, 55.006944517052034], [-1.5371672355977353, 55.007236460867716], [-1.5361525368061848, 55.007236460867716], [-1.5359495970478747, 55.00711968334144], [-1.5357466572895646, 55.00711968334144], [-1.5355437175312545, 55.00700290581517], [-1.5351378380146343, 55.00700290581517], [-1.5350363681354793, 55.00706129457831], [-1.5350363681354793, 55.00717807210458], [-1.5349348982563242, 55.007236460867716], [-1.534529018739704, 55.007236460867716], [-1.534427548860549, 55.00729484963085], [-1.534427548860549, 55.007411627157126], [-1.534630488618859, 55.0075284046834], [-1.534630488618859, 55.00764518220967], [-1.534326078981394, 55.00782034849908], [-1.5341231392230839, 55.00782034849908], [-1.5340216693439288, 55.00787873726222], [-1.534224609102239, 55.00799551478849], [-1.534224609102239, 55.00811229231476], [-1.534427548860549, 55.008229069841036], [-1.534427548860549, 55.0088129574724], [-1.534224609102239, 55.008929734998674], [-1.534224609102239, 55.009396845103765], [-1.5340216693439288, 55.00951362263004], [-1.5340216693439288, 55.00963040015631], [-1.5339201994647738, 55.00968878891945], [-1.5337172597064637, 55.00968878891945], [-1.5336157898273086, 55.009747177682584], [-1.5338187295856187, 55.00986395520886], [-1.5338187295856187, 55.010214287787676], [-1.5334128500689985, 55.01044784284022], [-1.5334128500689985, 55.010564620366495], [-1.5331084404315334, 55.010739786655904], [-1.532499621156603, 55.010739786655904], [-1.532195211519138, 55.010564620366495], [-1.532195211519138, 55.010214287787676], [-1.5326010910357581, 55.00998073273513], [-1.5326010910357581, 55.009747177682584], [-1.5328040307940682, 55.00963040015631], [-1.5327025609149132, 55.009572011393175], [-1.532499621156603, 55.009572011393175], [-1.532398151277448, 55.00951362263004], [-1.532398151277448, 55.009396845103765], [-1.532195211519138, 55.00928006757749], [-1.532195211519138, 55.00916329005122], [-1.532398151277448, 55.00904651252495], [-1.532398151277448, 55.008929734998674], [-1.5326010910357581, 55.0088129574724], [-1.532499621156603, 55.008754568709264], [-1.532296681398293, 55.008754568709264], [-1.532195211519138, 55.00869617994613], [-1.532195211519138, 55.008229069841036], [-1.532398151277448, 55.00811229231476], [-1.532398151277448, 55.00799551478849], [-1.532499621156603, 55.007937126025354], [-1.5327025609149132, 55.007937126025354], [-1.5328040307940682, 55.00787873726222], [-1.5328040307940682, 55.007761959735944], [-1.5327025609149132, 55.00770357097281], [-1.532499621156603, 55.00770357097281], [-1.532398151277448, 55.00764518220967], [-1.532398151277448, 55.0075284046834], [-1.532296681398293, 55.00747001592026], [-1.5312819826067425, 55.00747001592026], [-1.5307746332109673, 55.00717807210458], [-1.5307746332109673, 55.00706129457831], [-1.5306731633318122, 55.00700290581517], [-1.5304702235735022, 55.00700290581517], [-1.530368753694347, 55.00706129457831], [-1.530368753694347, 55.00764518220967], [-1.530165813936037, 55.007761959735944], [-1.530165813936037, 55.00787873726222], [-1.5298614042985719, 55.00805390355163], [-1.5296584645402618, 55.00805390355163], [-1.5294555247819517, 55.0081706810779], [-1.528034946473781, 55.0081706810779], [-1.5277305368363159, 55.00834584736731], [-1.5277305368363159, 55.008579402419855], [-1.5276290669571608, 55.00863779118299], [-1.5270202476822305, 55.00863779118299], [-1.5267158380447654, 55.00846262489358], [-1.5267158380447654, 55.008229069841036], [-1.5271217175613856, 55.00799551478849], [-1.5271217175613856, 55.007761959735944], [-1.5273246573196957, 55.00764518220967], [-1.5273246573196957, 55.0075284046834], [-1.5272231874405406, 55.00747001592026], [-1.5268173079239205, 55.00747001592026], [-1.5266143681656104, 55.007586793446535], [-1.52600554889068, 55.007586793446535], [-1.52580260913237, 55.00747001592026], [-1.5255996693740599, 55.00747001592026], [-1.5253967296157498, 55.007586793446535], [-1.5249908500991296, 55.00735323839399], [-1.5247879103408195, 55.00735323839399], [-1.5245849705825094, 55.00747001592026], [-1.5243820308241993, 55.00747001592026], [-1.5242805609450443, 55.007411627157126], [-1.5242805609450443, 55.006944517052034], [-1.5243820308241993, 55.0068861282889], [-1.5251937898574397, 55.0068861282889], [-1.52580260913237, 55.00653579571008], [-1.52600554889068, 55.00665257323635], [-1.5262084886489902, 55.00665257323635], [-1.5263099585281452, 55.006594184473215], [-1.52580260913237, 55.00630224065753], [-1.5253967296157498, 55.00653579571008], [-1.5251937898574397, 55.00653579571008], [-1.5249908500991296, 55.006419018183806], [-1.5241790910658892, 55.006419018183806], [-1.523468801911804, 55.00601029684185], [-1.523468801911804, 55.005776741789305], [-1.5232658621534938, 55.00565996426303], [-1.5232658621534938, 55.005426409210486], [-1.5231643922743388, 55.00536802044735], [-1.5229614525160287, 55.00536802044735], [-1.5227585127577186, 55.00548479797362], [-1.5225555729994085, 55.00548479797362], [-1.5222511633619433, 55.00530963168421], [-1.5222511633619433, 55.00519285415794], [-1.5221496934827883, 55.005134465394804], [-1.521743813966168, 55.00536802044735], [-1.521540874207858, 55.00536802044735], [-1.521337934449548, 55.00548479797362], [-1.5210335248120828, 55.00530963168421], [-1.5212364645703929, 55.00519285415794], [-1.5212364645703929, 55.004959299105394], [-1.5210335248120828, 55.00484252157912], [-1.5210335248120828, 55.004608966526575], [-1.5209320549329277, 55.00455057776344], [-1.5207291151746176, 55.00455057776344], [-1.5205261754163075, 55.00466735528971], [-1.5202217657788424, 55.0044921890003], [-1.5202217657788424, 55.00425863394776], [-1.5205261754163075, 55.00408346765835], [-1.5211349946912378, 55.00408346765835], [-1.521337934449548, 55.00420024518462], [-1.5221496934827883, 55.00420024518462], [-1.5222511633619433, 55.004141856421484], [-1.5222511633619433, 55.00402507889521], [-1.5220482236036332, 55.00390830136894], [-1.5220482236036332, 55.00367474631639], [-1.5218452838453231, 55.00355796879012], [-1.5218452838453231, 55.00332441373757], [-1.521642344087013, 55.0032076362113], [-1.521642344087013, 55.00285730363248], [-1.521743813966168, 55.002798914869345], [-1.5219467537244782, 55.002798914869345], [-1.5221496934827883, 55.00268213734307], [-1.5229614525160287, 55.00268213734307], [-1.5230629223951837, 55.00274052610621], [-1.5230629223951837, 55.0032076362113], [-1.5232658621534938, 55.00332441373757], [-1.5232658621534938, 55.003791523842665], [-1.523468801911804, 55.00390830136894], [-1.523468801911804, 55.00437541147403], [-1.523570271790959, 55.004433800237166], [-1.523773211549269, 55.004433800237166], [-1.5240776211867342, 55.00425863394776], [-1.5240776211867342, 55.004141856421484], [-1.5241790910658892, 55.00408346765835], [-1.5243820308241993, 55.00408346765835], [-1.5244835007033544, 55.00402507889521], [-1.5244835007033544, 55.00390830136894], [-1.5246864404616645, 55.003791523842665], [-1.5246864404616645, 55.00367474631639], [-1.5244835007033544, 55.00355796879012], [-1.5244835007033544, 55.003441191263846], [-1.5240776211867342, 55.0032076362113], [-1.5240776211867342, 55.00309085868503], [-1.523468801911804, 55.00274052610621], [-1.523468801911804, 55.002623748579936], [-1.5230629223951837, 55.00239019352739], [-1.5230629223951837, 55.00227341600112], [-1.523773211549269, 55.00186469465916], [-1.5239761513075791, 55.00186469465916], [-1.5241790910658892, 55.00174791713289], [-1.5243820308241993, 55.00174791713289], [-1.5244835007033544, 55.00168952836975], [-1.5244835007033544, 55.00157275084348], [-1.5245849705825094, 55.00151436208034], [-1.5249908500991296, 55.00151436208034], [-1.5250923199782846, 55.001455973317206], [-1.5250923199782846, 55.00133919579093], [-1.5248893802199746, 55.00122241826466], [-1.5248893802199746, 55.000988863212115], [-1.5253967296157498, 55.00069691939643], [-1.5255996693740599, 55.00069691939643], [-1.52580260913237, 55.00058014187016], [-1.5268173079239205, 55.00058014187016], [-1.5270202476822305, 55.00069691939643], [-1.5272231874405406, 55.00069691939643], [-1.5274261271988507, 55.000813696922705], [-1.5276290669571608, 55.000813696922705], [-1.527832006715471, 55.00093047444898], [-1.528034946473781, 55.00093047444898], [-1.5282378862320911, 55.00104725197525], [-1.5283393561112462, 55.000988863212115], [-1.5283393561112462, 55.00087208568584], [-1.5284408259904012, 55.000813696922705], [-1.5286437657487113, 55.000813696922705], [-1.5287452356278664, 55.00075530815957], [-1.5287452356278664, 55.00052175310702], [-1.5285422958695563, 55.00040497558075], [-1.5285422958695563, 55.00005464300193], [-1.5283393561112462, 54.99993786547566], [-1.5283393561112462, 54.999353977844294], [-1.5282378862320911, 54.99929558908116], [-1.528034946473781, 54.99929558908116], [-1.527832006715471, 54.99941236660743], [-1.5276290669571608, 54.99941236660743], [-1.5274261271988507, 54.99929558908116], [-1.5270202476822305, 54.99929558908116], [-1.5268173079239205, 54.999178811554884], [-1.5266143681656104, 54.999178811554884], [-1.5264114284073003, 54.99906203402861], [-1.5262084886489902, 54.99906203402861], [-1.5261070187698351, 54.999003645265475], [-1.5261070187698351, 54.99877009021293], [-1.525904079011525, 54.998653312686656], [-1.525904079011525, 54.99830298010784], [-1.525701139253215, 54.998186202581564], [-1.525701139253215, 54.99806942505529], [-1.5254981994949048, 54.99795264752902], [-1.5254981994949048, 54.99771909247647], [-1.5252952597365947, 54.9976023149502], [-1.5252952597365947, 54.99748553742393], [-1.523773211549269, 54.99660970597688], [-1.5233673320326488, 54.99660970597688], [-1.5218452838453231, 54.99748553742393], [-1.5218452838453231, 54.9976023149502], [-1.521642344087013, 54.99771909247647], [-1.521642344087013, 54.99806942505529], [-1.521439404328703, 54.998186202581564], [-1.521439404328703, 54.99853653516038], [-1.5212364645703929, 54.998653312686656], [-1.5212364645703929, 54.99912042279175], [-1.5210335248120828, 54.99923720031802], [-1.5210335248120828, 54.99947075537057], [-1.5207291151746176, 54.999645921659976], [-1.5203232356579974, 54.999645921659976], [-1.5200188260205323, 54.999821087949385], [-1.5200188260205323, 54.99993786547566], [-1.5202217657788424, 55.00005464300193], [-1.5202217657788424, 55.000171420528204], [-1.5204247055371525, 55.00028819805448], [-1.5204247055371525, 55.00040497558075], [-1.5202217657788424, 55.00052175310702], [-1.5202217657788424, 55.000988863212115], [-1.5200188260205323, 55.00110564073839], [-1.5200188260205323, 55.001455973317206], [-1.5198158862622222, 55.00157275084348], [-1.5198158862622222, 55.001806305896025], [-1.519410006745602, 55.00203986094857], [-1.519612946503912, 55.002156638474844], [-1.519612946503912, 55.00239019352739], [-1.519410006745602, 55.00250697105366], [-1.519410006745602, 55.002623748579936], [-1.519207066987292, 55.00274052610621], [-1.519207066987292, 55.002974081158754], [-1.5190041272289818, 55.00309085868503], [-1.5190041272289818, 55.0032076362113], [-1.5181923681957414, 55.00367474631639], [-1.5181923681957414, 55.003791523842665], [-1.5183953079540515, 55.00390830136894], [-1.5183953079540515, 55.00425863394776], [-1.5182938380748965, 55.00431702271089], [-1.5180908983165864, 55.00431702271089], [-1.5179894284374313, 55.00437541147403], [-1.5179894284374313, 55.0044921890003], [-1.5180908983165864, 55.00455057776344], [-1.5182938380748965, 55.00455057776344], [-1.5183953079540515, 55.004608966526575], [-1.5183953079540515, 55.00484252157912], [-1.5181923681957414, 55.004959299105394], [-1.5181923681957414, 55.00519285415794], [-1.5180908983165864, 55.00525124292108], [-1.5178879585582763, 55.00525124292108], [-1.5177864886791212, 55.00530963168421], [-1.5177864886791212, 55.005426409210486], [-1.5176850187999662, 55.00548479797362], [-1.517177669404191, 55.00519285415794], [-1.517177669404191, 55.00507607663167], [-1.517380609162501, 55.004959299105394], [-1.5169747296458809, 55.00472574405285], [-1.5169747296458809, 55.004608966526575], [-1.5167717898875708, 55.0044921890003], [-1.5167717898875708, 55.00437541147403], [-1.5163659103709506, 55.004141856421484], [-1.5165688501292607, 55.00402507889521], [-1.5165688501292607, 55.00390830136894], [-1.5167717898875708, 55.003791523842665], [-1.5167717898875708, 55.00367474631639], [-1.517380609162501, 55.00332441373757], [-1.517380609162501, 55.0032076362113], [-1.5175835489208112, 55.00309085868503], [-1.5175835489208112, 55.002974081158754], [-1.517380609162501, 55.00285730363248], [-1.517380609162501, 55.00274052610621], [-1.517279139283346, 55.00268213734307], [-1.517076199525036, 55.00268213734307], [-1.5168732597667258, 55.0025653598168], [-1.5166703200084157, 55.00268213734307], [-1.5164673802501056, 55.00268213734307], [-1.5161629706126405, 55.00285730363248], [-1.5161629706126405, 55.002974081158754], [-1.5160615007334854, 55.00303246992189], [-1.5157570910960203, 55.00285730363248], [-1.5157570910960203, 55.00274052610621], [-1.5153512115794001, 55.00250697105366], [-1.5153512115794001, 55.00227341600112], [-1.5155541513377102, 55.002156638474844], [-1.5155541513377102, 55.00203986094857], [-1.5154526814585552, 55.001981472185435], [-1.515249741700245, 55.00209824971171], [-1.5148438621836249, 55.00209824971171], [-1.5146409224253148, 55.00221502723798], [-1.5136262236337643, 55.00221502723798], [-1.5133218139962992, 55.00203986094857], [-1.5133218139962992, 55.0019230834223], [-1.5134232838754542, 55.00186469465916], [-1.5138291633920744, 55.00186469465916], [-1.5139306332712295, 55.001806305896025], [-1.5135247537546093, 55.00157275084348], [-1.5135247537546093, 55.00133919579093], [-1.5137276935129194, 55.00122241826466], [-1.5134232838754542, 55.00104725197525], [-1.5133218139962992, 55.00110564073839], [-1.5133218139962992, 55.00157275084348], [-1.513118874237989, 55.00168952836975], [-1.513118874237989, 55.001806305896025], [-1.513017404358834, 55.00186469465916], [-1.5117997658089735, 55.00186469465916], [-1.5114953561715083, 55.00168952836975], [-1.5114953561715083, 55.001455973317206], [-1.5117997658089735, 55.0012808070278], [-1.5122056453255937, 55.0012808070278], [-1.5123071152047487, 55.00122241826466], [-1.5123071152047487, 55.00110564073839], [-1.5121041754464386, 55.000988863212115], [-1.5121041754464386, 55.00075530815957], [-1.5124085850839037, 55.00058014187016], [-1.5132203441171441, 55.00058014187016], [-1.5133218139962992, 55.00052175310702], [-1.513118874237989, 55.00040497558075], [-1.513118874237989, 54.99993786547566], [-1.512915934479679, 54.999821087949385], [-1.512915934479679, 54.99923720031802], [-1.5127129947213689, 54.99912042279175], [-1.5127129947213689, 54.999003645265475], [-1.5126115248422138, 54.99894525650234], [-1.5125100549630588, 54.999003645265475], [-1.5125100549630588, 54.99923720031802], [-1.5123071152047487, 54.999353977844294], [-1.5127129947213689, 54.99958753289684], [-1.5127129947213689, 55.000171420528204], [-1.5124085850839037, 55.000346586817614], [-1.5122056453255937, 55.000346586817614], [-1.5120027055672836, 55.00046336434389], [-1.510785067017423, 55.00046336434389], [-1.5103791875008028, 55.00069691939643], [-1.5101762477424927, 55.00069691939643], [-1.5100747778633377, 55.00075530815957], [-1.5100747778633377, 55.00087208568584], [-1.5099733079841826, 55.00093047444898], [-1.5097703682258725, 55.00093047444898], [-1.5096688983467175, 55.000988863212115], [-1.5096688983467175, 55.00110564073839], [-1.5098718381050276, 55.00122241826466], [-1.5097703682258725, 55.0012808070278], [-1.5093644887092523, 55.0012808070278], [-1.5092630188300973, 55.00133919579093], [-1.5092630188300973, 55.001455973317206], [-1.5093644887092523, 55.00151436208034], [-1.5095674284675624, 55.00151436208034], [-1.5096688983467175, 55.00157275084348], [-1.5096688983467175, 55.00168952836975], [-1.5095674284675624, 55.00174791713289], [-1.5091615489509422, 55.00174791713289], [-1.5090600790717872, 55.001806305896025], [-1.5090600790717872, 55.00203986094857], [-1.5089586091926321, 55.00209824971171], [-1.508654199555167, 55.0019230834223], [-1.508654199555167, 55.001806305896025], [-1.5083497899177019, 55.001631139606616], [-1.5079439104010817, 55.001631139606616], [-1.5078424405219266, 55.00157275084348], [-1.5078424405219266, 55.001455973317206], [-1.5081468501593918, 55.0012808070278], [-1.5083497899177019, 55.00139758455407], [-1.508552729676012, 55.00139758455407], [-1.508654199555167, 55.00133919579093], [-1.508654199555167, 55.00110564073839], [-1.508451259796857, 55.000988863212115], [-1.508654199555167, 55.00087208568584], [-1.508552729676012, 55.000813696922705], [-1.5079439104010817, 55.000813696922705], [-1.5076395007636165, 55.000638530633296], [-1.5076395007636165, 55.00028819805448], [-1.5075380308844615, 55.00022980929134], [-1.5073350911261514, 55.00022980929134], [-1.5072336212469963, 55.00028819805448], [-1.5072336212469963, 55.00052175310702], [-1.5069292116095312, 55.00069691939643], [-1.506624801972066, 55.00052175310702], [-1.506624801972066, 55.00028819805448], [-1.506726271851221, 55.00022980929134], [-1.5071321513678413, 55.00022980929134], [-1.5072336212469963, 55.000171420528204], [-1.5072336212469963, 54.99958753289684], [-1.5071321513678413, 54.9995291441337], [-1.5059145128179807, 54.9995291441337], [-1.5057115730596706, 54.99941236660743], [-1.5055086333013605, 54.99941236660743], [-1.5053056935430504, 54.9995291441337], [-1.5046968742681202, 54.9995291441337], [-1.504595404388965, 54.99958753289684], [-1.504595404388965, 55.00075530815957], [-1.504392464630655, 55.00087208568584], [-1.504392464630655, 55.00133919579093], [-1.504595404388965, 55.001455973317206], [-1.504595404388965, 55.00168952836975], [-1.5042909947515, 55.00186469465916], [-1.5039865851140348, 55.00168952836975], [-1.5039865851140348, 55.001455973317206], [-1.5037836453557247, 55.00133919579093], [-1.5037836453557247, 54.99993786547566], [-1.5035807055974146, 54.999821087949385], [-1.5035807055974146, 54.99970431042311], [-1.5033777658391045, 54.99958753289684], [-1.5033777658391045, 54.999003645265475], [-1.5031748260807944, 54.9988868677392], [-1.5031748260807944, 54.998653312686656], [-1.5033777658391045, 54.99853653516038], [-1.5033777658391045, 54.99830298010784], [-1.5031748260807944, 54.998186202581564], [-1.5031748260807944, 54.9976023149502], [-1.5029718863224844, 54.99748553742393], [-1.5029718863224844, 54.997368759897654], [-1.5027689465641743, 54.99725198237138], [-1.5027689465641743, 54.99690164979256], [-1.5024645369267091, 54.99672648350315], [-1.5014498381351586, 54.99672648350315], [-1.5013483682560036, 54.99678487226629], [-1.5013483682560036, 54.99725198237138], [-1.5015513080143137, 54.997368759897654], [-1.5015513080143137, 54.9976023149502], [-1.5012468983768485, 54.99777748123961], [-1.5008410188602284, 54.99777748123961], [-1.5006380791019183, 54.997660703713336], [-1.5005366092227632, 54.99771909247647], [-1.5005366092227632, 54.997835870002746], [-1.500232199585298, 54.998011036292155], [-1.500029259826988, 54.998011036292155], [-1.4996233803103678, 54.99777748123961], [-1.4994204405520577, 54.99789425876588], [-1.4986086815188173, 54.99789425876588], [-1.4984057417605072, 54.998011036292155], [-1.4982028020021971, 54.998011036292155], [-1.497999862243887, 54.99812781381843], [-1.4975939827272668, 54.99812781381843], [-1.4974925128481118, 54.99806942505529], [-1.4974925128481118, 54.997835870002746], [-1.4972895730898017, 54.99771909247647], [-1.4972895730898017, 54.9976023149502], [-1.4968836935731815, 54.997368759897654], [-1.4968836935731815, 54.997018427318835], [-1.4973910429689568, 54.99672648350315], [-1.497796922485577, 54.99672648350315], [-1.497999862243887, 54.996843261029426], [-1.4982028020021971, 54.996843261029426], [-1.4983042718813522, 54.99678487226629], [-1.497898392364732, 54.99655131721374], [-1.497898392364732, 54.9963177621612], [-1.4982028020021971, 54.99614259587179], [-1.4986086815188173, 54.99614259587179], [-1.4987101513979724, 54.99608420710865], [-1.4987101513979724, 54.995850652056106], [-1.4989130911562825, 54.99573387452983], [-1.4988116212771274, 54.9956754857667], [-1.497796922485577, 54.9956754857667], [-1.497695452606422, 54.99561709700356], [-1.497695452606422, 54.995383541951014], [-1.497999862243887, 54.995208375661605], [-1.4982028020021971, 54.995208375661605], [-1.4984057417605072, 54.99532515318788], [-1.4985072116396623, 54.99526676442474], [-1.4985072116396623, 54.99514998689847], [-1.4986086815188173, 54.99509159813533], [-1.4992175007937476, 54.99509159813533], [-1.4996233803103678, 54.994858043082786], [-1.500232199585298, 54.994858043082786], [-1.5003336694644531, 54.99491643184592], [-1.5003336694644531, 54.99514998689847], [-1.5004351393436082, 54.995208375661605], [-1.5006380791019183, 54.995208375661605], [-1.5007395489810733, 54.99514998689847], [-1.5005366092227632, 54.995033209372195], [-1.5005366092227632, 54.99479965431965], [-1.5009424887393834, 54.994566099267104], [-1.5008410188602284, 54.99450771050397], [-1.5004351393436082, 54.99450771050397], [-1.500029259826988, 54.99474126555651], [-1.4995219104312127, 54.99444932174083], [-1.4995219104312127, 54.99433254421456], [-1.4996233803103678, 54.99427415545142], [-1.4998263200686779, 54.99427415545142], [-1.499927789947833, 54.994215766688285], [-1.4995219104312127, 54.99398221163574], [-1.4995219104312127, 54.993865434109466], [-1.4994204405520577, 54.99380704534633], [-1.4990145610354375, 54.99380704534633], [-1.4987101513979724, 54.99363187905692], [-1.4987101513979724, 54.993398324004374], [-1.4990145610354375, 54.993223157714965], [-1.4992175007937476, 54.993223157714965], [-1.4995219104312127, 54.993047991425556], [-1.4995219104312127, 54.992580881320464], [-1.4996233803103678, 54.99252249255733], [-1.500130729706143, 54.99281443637301], [-1.500130729706143, 54.993047991425556], [-1.500232199585298, 54.99310638018869], [-1.5005366092227632, 54.99293121389928], [-1.5003336694644531, 54.99281443637301], [-1.5003336694644531, 54.99246410379419], [-1.5005366092227632, 54.99234732626792], [-1.5005366092227632, 54.992230548741645], [-1.5007395489810733, 54.99211377121537], [-1.5007395489810733, 54.99176343863655], [-1.5006380791019183, 54.99170504987342], [-1.5004351393436082, 54.99170504987342], [-1.500232199585298, 54.991588272347144], [-1.499927789947833, 54.99176343863655], [-1.499927789947833, 54.991880216162826], [-1.4998263200686779, 54.99193860492596], [-1.4996233803103678, 54.99193860492596], [-1.4995219104312127, 54.991880216162826], [-1.4995219104312127, 54.99176343863655], [-1.4994204405520577, 54.99170504987342], [-1.4990145610354375, 54.99170504987342], [-1.4988116212771274, 54.99182182739969], [-1.4986086815188173, 54.99170504987342], [-1.497999862243887, 54.99170504987342], [-1.4975939827272668, 54.99193860492596], [-1.4973910429689568, 54.99193860492596], [-1.4971881032106467, 54.992055382452236], [-1.4965792839357164, 54.992055382452236], [-1.4963763441774063, 54.99193860492596], [-1.4962748742982512, 54.9919969936891], [-1.4962748742982512, 54.99211377121537], [-1.495970464660786, 54.99228893750478], [-1.495767524902476, 54.99217215997851], [-1.4953616453858558, 54.99217215997851], [-1.4951587056275457, 54.99228893750478], [-1.4949557658692356, 54.99228893750478], [-1.4948542959900806, 54.992230548741645], [-1.4948542959900806, 54.99211377121537], [-1.4947528261109255, 54.992055382452236], [-1.4941440068359952, 54.992055382452236], [-1.4940425369568402, 54.99211377121537], [-1.4941440068359952, 54.99217215997851], [-1.4943469465943053, 54.99217215997851], [-1.4944484164734604, 54.992230548741645], [-1.4944484164734604, 54.99234732626792], [-1.4943469465943053, 54.992405715031055], [-1.4941440068359952, 54.992405715031055], [-1.4940425369568402, 54.99234732626792], [-1.4940425369568402, 54.992230548741645], [-1.49383959719853, 54.99211377121537], [-1.4941440068359952, 54.99193860492596], [-1.4943469465943053, 54.99193860492596], [-1.4944484164734604, 54.991880216162826], [-1.4944484164734604, 54.99176343863655], [-1.4943469465943053, 54.99170504987342], [-1.4941440068359952, 54.99170504987342], [-1.4939410670776851, 54.99182182739969], [-1.49383959719853, 54.99176343863655], [-1.49383959719853, 54.99164666111028], [-1.4940425369568402, 54.99152988358401], [-1.4940425369568402, 54.99129632853146], [-1.4939410670776851, 54.991237939768325], [-1.49383959719853, 54.99129632853146], [-1.49383959719853, 54.991413106057735], [-1.493738127319375, 54.99147149482087], [-1.493535187561065, 54.99147149482087], [-1.49343371768191, 54.99152988358401], [-1.49363665744022, 54.99164666111028], [-1.493535187561065, 54.99170504987342], [-1.4933322478027549, 54.991588272347144], [-1.4931293080444448, 54.99170504987342], [-1.4929263682861347, 54.991588272347144], [-1.4928248984069796, 54.99164666111028], [-1.4928248984069796, 54.99176343863655], [-1.4927234285278246, 54.99182182739969], [-1.4926219586486695, 54.99176343863655], [-1.4926219586486695, 54.99164666111028], [-1.4925204887695145, 54.991588272347144], [-1.4923175490112044, 54.991588272347144], [-1.4920131393737393, 54.991413106057735], [-1.4921146092528943, 54.9913547172946], [-1.4933322478027549, 54.9913547172946], [-1.49343371768191, 54.99129632853146], [-1.49343371768191, 54.991062773478916], [-1.493535187561065, 54.99100438471578], [-1.493738127319375, 54.99112116224205], [-1.4939410670776851, 54.99112116224205], [-1.4941440068359952, 54.99100438471578], [-1.4943469465943053, 54.99100438471578], [-1.4944484164734604, 54.99094599595264], [-1.4944484164734604, 54.99082921842637], [-1.4942454767151503, 54.9907124409001], [-1.4943469465943053, 54.99065405213696], [-1.4945498863526154, 54.99065405213696], [-1.4947528261109255, 54.99053727461069], [-1.4951587056275457, 54.99053727461069], [-1.4952601755067008, 54.990595663373824], [-1.4952601755067008, 54.9907124409001], [-1.4953616453858558, 54.990770829663234], [-1.4954631152650109, 54.9907124409001], [-1.4954631152650109, 54.990595663373824], [-1.495666055023321, 54.99047888584755], [-1.495666055023321, 54.99036210832128], [-1.4960719345399411, 54.99012855326873], [-1.495564585144166, 54.98983660945305], [-1.4951587056275457, 54.98983660945305], [-1.4948542959900806, 54.98966144316364], [-1.4948542959900806, 54.98954466563737], [-1.4953616453858558, 54.989252721821686], [-1.495564585144166, 54.98936949934796], [-1.4963763441774063, 54.98936949934796], [-1.4965792839357164, 54.98948627687423], [-1.4973910429689568, 54.98948627687423], [-1.4975939827272668, 54.98936949934796], [-1.4982028020021971, 54.98936949934796], [-1.4983042718813522, 54.989427888111095], [-1.498101332123042, 54.98954466563737], [-1.4982028020021971, 54.989603054400504], [-1.4986086815188173, 54.989603054400504], [-1.4988116212771274, 54.98948627687423], [-1.4996233803103678, 54.98948627687423], [-1.4998263200686779, 54.989603054400504], [-1.500029259826988, 54.989603054400504], [-1.500232199585298, 54.98948627687423], [-1.5004351393436082, 54.98948627687423], [-1.5005366092227632, 54.989427888111095], [-1.5005366092227632, 54.98931111058482], [-1.5003336694644531, 54.98919433305855], [-1.5003336694644531, 54.988960778006], [-1.5005366092227632, 54.98884400047973], [-1.5005366092227632, 54.98872722295346], [-1.5008410188602284, 54.98855205666405], [-1.5010439586185385, 54.988537459473264], [-1.5018557176517788, 54.988537459473264], [-1.502058657410089, 54.98855205666405], [-1.5021854947590327, 54.988610445427184], [-1.5021854947590327, 54.98954466563737], [-1.502058657410089, 54.989603054400504], [-1.5019571875309339, 54.98966144316364], [-1.502160127289244, 54.989778220689914], [-1.502160127289244, 54.99001177574246], [-1.502363067047554, 54.99012855326873], [-1.502363067047554, 54.990245330795005], [-1.5025660068058642, 54.99036210832128], [-1.5025660068058642, 54.99047888584755], [-1.502363067047554, 54.990595663373824], [-1.502363067047554, 54.99082921842637], [-1.502160127289244, 54.99094599595264], [-1.502160127289244, 54.99117955100519], [-1.502261597168399, 54.991237939768325], [-1.502363067047554, 54.99117955100519], [-1.502363067047554, 54.991062773478916], [-1.5024645369267091, 54.99100438471578], [-1.5030733562016394, 54.99100438471578], [-1.5031748260807944, 54.99082921842637], [-1.5032762959599495, 54.99075623247245], [-1.5034031333088933, 54.99082921842637], [-1.5034792357182596, 54.990318316748926], [-1.5033523983693158, 54.990245330795005], [-1.5029465188526956, 54.989778220689914], [-1.5025406393360754, 54.988960778006], [-1.5025406393360754, 54.988610445427184], [-1.5026674766850192, 54.988537459473264], [-1.5036821754765697, 54.988537459473264], [-1.5037836453557247, 54.988610445427184], [-1.5037836453557247, 54.988960778006], [-1.5038851152348798, 54.98901916676914], [-1.5040880549931899, 54.98901916676914], [-1.504392464630655, 54.98919433305855], [-1.504392464630655, 54.989427888111095], [-1.504189524872345, 54.98954466563737], [-1.5042909947515, 54.989603054400504], [-1.50449393450981, 54.989603054400504], [-1.5050012839055853, 54.98989499821619], [-1.5050012839055853, 54.99012855326873], [-1.5047983441472752, 54.990245330795005], [-1.5047983441472752, 54.99036210832128], [-1.5050012839055853, 54.99047888584755], [-1.5050012839055853, 54.990595663373824], [-1.5052042236638954, 54.9907124409001], [-1.5052042236638954, 54.99082921842637], [-1.5055086333013605, 54.99100438471578], [-1.5058130429388257, 54.99082921842637], [-1.5057115730596706, 54.990770829663234], [-1.5055086333013605, 54.990770829663234], [-1.5054071634222055, 54.9907124409001], [-1.5054071634222055, 54.99047888584755], [-1.5057115730596706, 54.99030371955814], [-1.5059145128179807, 54.99030371955814], [-1.5060159826971358, 54.990245330795005], [-1.5060159826971358, 54.99012855326873], [-1.5061174525762908, 54.990070164505596], [-1.506523332092911, 54.990070164505596], [-1.5068277417303761, 54.990245330795005], [-1.5068277417303761, 54.990595663373824], [-1.506726271851221, 54.99065405213696], [-1.506320392334601, 54.99065405213696], [-1.5062189224554459, 54.9907124409001], [-1.506523332092911, 54.99088760718951], [-1.506726271851221, 54.99088760718951], [-1.5071321513678413, 54.99065405213696], [-1.5075380308844615, 54.99065405213696], [-1.5077409706427716, 54.99053727461069], [-1.5083497899177019, 54.99053727461069], [-1.508451259796857, 54.99047888584755], [-1.5081468501593918, 54.99030371955814], [-1.5079439104010817, 54.99030371955814], [-1.5078424405219266, 54.990245330795005], [-1.5078424405219266, 54.99001177574246], [-1.5076395007636165, 54.98989499821619], [-1.5076395007636165, 54.98919433305855], [-1.5077409706427716, 54.98913594429541], [-1.5079439104010817, 54.98913594429541], [-1.5081468501593918, 54.98901916676914], [-1.508755669434322, 54.98901916676914], [-1.5089586091926321, 54.98913594429541], [-1.5091615489509422, 54.98913594429541], [-1.5092630188300973, 54.98919433305855], [-1.5092630188300973, 54.98931111058482], [-1.5093644887092523, 54.98936949934796], [-1.5099733079841826, 54.98936949934796], [-1.5101762477424927, 54.98948627687423], [-1.5103791875008028, 54.98948627687423], [-1.510785067017423, 54.98971983192678], [-1.510988006775733, 54.98971983192678], [-1.5113938862923533, 54.98948627687423], [-1.5115968260506634, 54.98948627687423], [-1.5116982959298184, 54.989427888111095], [-1.5116982959298184, 54.98919433305855], [-1.5112924164131982, 54.988960778006], [-1.5112924164131982, 54.98849366790091], [-1.5114953561715083, 54.98837689037464], [-1.5114953561715083, 54.988260112848366], [-1.5117997658089735, 54.988084946558956], [-1.5120027055672836, 54.98807034936817], [-1.5142350429086946, 54.98807034936817], [-1.5144379826670047, 54.988084946558956], [-1.5146409224253148, 54.988084946558956], [-1.5147423923044698, 54.98814333532209], [-1.5147423923044698, 54.988260112848366], [-1.51494533206278, 54.98837689037464], [-1.51494533206278, 54.988610445427184], [-1.5155541513377102, 54.988960778006], [-1.5155541513377102, 54.989077555532276], [-1.5153512115794001, 54.98919433305855], [-1.5156556212168653, 54.98936949934796], [-1.5158585609751754, 54.98936949934796], [-1.5159600308543304, 54.98931111058482], [-1.5159600308543304, 54.989077555532276], [-1.5157570910960203, 54.988960778006], [-1.5157570910960203, 54.98814333532209], [-1.5158585609751754, 54.98807034936817], [-1.5173552416927123, 54.987676225217], [-1.517482079041656, 54.98760323926308], [-1.5180908983165864, 54.98760323926308], [-1.5182177356655302, 54.987676225217], [-1.518775820000883, 54.987676225217], [-1.5189026573498268, 54.98760323926308], [-1.521008157342294, 54.98720911511191], [-1.5211349946912378, 54.98713612915799], [-1.523240494683705, 54.98674200500682], [-1.5233673320326488, 54.9866690190529], [-1.5244581332335656, 54.986391672428], [-1.5245849705825094, 54.98631868647408], [-1.5262845910583565, 54.98592456232291], [-1.5264114284073003, 54.98585157636899], [-1.527299289849907, 54.985457452217815], [-1.5274261271988507, 54.985384466263895], [-1.5285169283997675, 54.984990342112724], [-1.5286437657487113, 54.9849173561588], [-1.529531627191318, 54.98452323200763], [-1.5296584645402618, 54.98445024605371], [-1.5298614042985719, 54.98445024605371], [-1.5299882416475157, 54.98452323200763], [-1.5303941211641359, 54.98592456232291], [-1.5308761030901223, 54.985880770750555], [-1.5307492657411785, 54.985807784796634], [-1.5303433862245583, 54.98440645448136], [-1.5303433862245583, 54.98405612190254], [-1.5304702235735022, 54.98398313594862], [-1.5307492657411785, 54.98358901179745], [-1.5308761030901223, 54.98351602584353], [-1.531763964532729, 54.98323867921863], [-1.5318908018816728, 54.98316569326471], [-1.5321698440493492, 54.98277156911354], [-1.532296681398293, 54.98269858315962], [-1.532499621156603, 54.9827131803504], [-1.5327025609149132, 54.982829957876675], [-1.5331084404315334, 54.982829957876675], [-1.5334128500689985, 54.982654791587265], [-1.5333113801898435, 54.98259640282413], [-1.5331084404315334, 54.98259640282413], [-1.5327025609149132, 54.982479625297856], [-1.5325757235659694, 54.98242123653472], [-1.5325757235659694, 54.981837348903355], [-1.5327025609149132, 54.981764362949434], [-1.5329816030825896, 54.98137023879826], [-1.5331084404315334, 54.98129725284434], [-1.5335904223575199, 54.98043601858808], [-1.5337172597064637, 54.98036303263416], [-1.53399630187414, 54.98008568600926], [-1.5341231392230839, 54.98001270005534], [-1.5344021813907602, 54.978684355693986], [-1.534529018739704, 54.978611369740065], [-1.5348080609073804, 54.9777501354838], [-1.5349348982563242, 54.97767714952988], [-1.5354168801823107, 54.97459714227443], [-1.5355437175312545, 54.97452415632051], [-1.535822759698931, 54.971093816486245], [-1.5359495970478747, 54.97103542772311], [-1.5360510669270298, 54.971093816486245], [-1.5360510669270298, 54.97132737153879], [-1.5362540066853398, 54.971444149065064], [-1.5362540066853398, 54.97156092659134], [-1.536761356081115, 54.97185287040702], [-1.5368628259602701, 54.97179448164388], [-1.5368628259602701, 54.97167770411761], [-1.5371672355977353, 54.9715025378282], [-1.5375731151143555, 54.9715025378282], [-1.5376745849935105, 54.971444149065064], [-1.5376745849935105, 54.97132737153879], [-1.5374716452352004, 54.97121059401252], [-1.5374716452352004, 54.971093816486245], [-1.5371672355977353, 54.970918650196836], [-1.5369642958394252, 54.970918650196836], [-1.53645694644365, 54.970626706381154], [-1.536228639215551, 54.9695757086447], [-1.536228639215551, 54.96805760080315], [-1.536355476564495, 54.96799921204001], [-1.536558416322805, 54.96799921204001], [-1.536761356081115, 54.96788243451374], [-1.5369642958394252, 54.96788243451374], [-1.5370657657185802, 54.9678240457506], [-1.5370657657185802, 54.96770726822433], [-1.5375731151143555, 54.96741532440865], [-1.5377760548726656, 54.96741532440865], [-1.5378775247518206, 54.96735693564551], [-1.5378775247518206, 54.96724015811924], [-1.5377760548726656, 54.9671817693561], [-1.5375731151143555, 54.9671817693561], [-1.5371672355977353, 54.96741532440865], [-1.5369642958394252, 54.96741532440865], [-1.536761356081115, 54.96753210193492], [-1.536355476564495, 54.96753210193492], [-1.536228639215551, 54.967473713171785], [-1.536355476564495, 54.967400727217864], [-1.5366345187321713, 54.9652549401726], [-1.5370403982487915, 54.96502138512005], [-1.5371672355977353, 54.96496299635692], [-1.5379789946309756, 54.96496299635692], [-1.5382834042684408, 54.96478783006751], [-1.5382834042684408, 54.96455427501496], [-1.5380804645101307, 54.96443749748869], [-1.5383848741475958, 54.96426233119928], [-1.538587813905906, 54.96426233119928], [-1.538790753664216, 54.964145553673006], [-1.5391966331808362, 54.964145553673006], [-1.5392981030599913, 54.96408716490987], [-1.5390951633016812, 54.9639703873836], [-1.5390951633016812, 54.963853609857324], [-1.5393995729391463, 54.963678443567915], [-1.5396025126974564, 54.963678443567915], [-1.5397039825766115, 54.96362005480478], [-1.5397039825766115, 54.963503277278505], [-1.5395010428183014, 54.96338649975223], [-1.5396025126974564, 54.963328110989096], [-1.5398054524557665, 54.96331351379831], [-1.540287434381753, 54.96291938964714], [-1.5404142717306968, 54.96284640369322], [-1.5417080126899236, 54.96245227954205], [-1.5418348500388674, 54.96237929358813], [-1.5429256512397842, 54.96210194696323], [-1.543052488588728, 54.96202896100931], [-1.543255428347038, 54.96202896100931], [-1.5434583681053482, 54.962043558200094], [-1.5436613078636583, 54.962043558200094], [-1.5439910849709122, 54.9622187244895], [-1.5444730668968987, 54.96237929358813], [-1.5446760066552088, 54.96239389077891], [-1.544980416292674, 54.96256905706832], [-1.544980416292674, 54.96280261212087], [-1.545183356050984, 54.96291938964714], [-1.545183356050984, 54.96326972222596], [-1.544980416292674, 54.96338649975223], [-1.544980416292674, 54.96362005480478], [-1.5447774765343638, 54.96373683233105], [-1.5447774765343638, 54.96420394243614], [-1.5445745367760537, 54.964320719962416], [-1.5445745367760537, 54.96455427501496], [-1.5440671873802785, 54.964846218830644], [-1.5438642476219684, 54.964846218830644], [-1.5437627777428133, 54.96490460759378], [-1.5437627777428133, 54.965138162646326], [-1.5439657175011234, 54.9652549401726], [-1.5434583681053482, 54.96554688398828], [-1.543255428347038, 54.96554688398828], [-1.543153958467883, 54.96560527275142], [-1.543153958467883, 54.96572205027769], [-1.543255428347038, 54.96578043904083], [-1.5434583681053482, 54.965663661514554], [-1.5436613078636583, 54.965663661514554], [-1.5440671873802785, 54.96543010646201], [-1.5444730668968987, 54.96543010646201], [-1.5445745367760537, 54.96537171769887], [-1.5445745367760537, 54.96502138512005], [-1.5447774765343638, 54.96490460759378], [-1.5447774765343638, 54.964671052541235], [-1.544980416292674, 54.96455427501496], [-1.544980416292674, 54.964320719962416], [-1.545183356050984, 54.96420394243614], [-1.545183356050984, 54.96408716490987], [-1.545386295809294, 54.9639703873836], [-1.545386295809294, 54.963853609857324], [-1.5455892355676042, 54.96373683233105], [-1.5455892355676042, 54.96210194696323], [-1.5456907054467592, 54.962043558200094], [-1.5458936452050693, 54.96202896100931], [-1.5461726873727457, 54.961868391910684], [-1.5461980548425345, 54.96175161438441], [-1.5465024644799996, 54.961576448095], [-1.5467054042383097, 54.96156185090422], [-1.54751716327155, 54.961094740799126], [-1.548810904230777, 54.960700616647955], [-1.5489377415797208, 54.960627630694034], [-1.5502314825389476, 54.96023350654286], [-1.5503583198878914, 54.96016052058894], [-1.5536814584302192, 54.95976639643777], [-1.553808295779163, 54.95969341048385], [-1.5542141752957832, 54.95969341048385], [-1.554341012644727, 54.95976639643777], [-1.5554318138456438, 54.96016052058894], [-1.5555586511945876, 54.96023350654286], [-1.5564465126371942, 54.960627630694034], [-1.556573349986138, 54.960700616647955], [-1.5569792295027582, 54.96116772675305], [-1.558272970461985, 54.96156185090422], [-1.5592115668441693, 54.96210194696323], [-1.5598964885284659, 54.96237929358813], [-1.5600233258774097, 54.96245227954205], [-1.5609111873200163, 54.96284640369322], [-1.5610380246689601, 54.96291938964714], [-1.562128825869877, 54.96331351379831], [-1.5622556632188207, 54.96338649975223], [-1.5635494041780476, 54.9637806239034], [-1.5636762415269914, 54.963853609857324], [-1.5653758620028384, 54.964247734008495], [-1.5655026993517822, 54.964320719962416], [-1.566796440311009, 54.96471484411359], [-1.5669232776599529, 54.96478783006751], [-1.5694346571690403, 54.96518195421868], [-1.569561494517984, 54.9652549401726], [-1.5731636752279883, 54.9652549401726], [-1.573290512576932, 54.96518195421868], [-1.5783640065346844, 54.96518195421868], [-1.5784908438836283, 54.9652549401726], [-1.579784584842855, 54.9655322867975], [-1.579911422191799, 54.96560527275142], [-1.5812051631510258, 54.96599939690259], [-1.5813066330301808, 54.96607238285651], [-1.5813320004999696, 54.96618916038278], [-1.5817378800165898, 54.9665394929616], [-1.5825496390498301, 54.96700660306669], [-1.5829555185664503, 54.967473713171785], [-1.583843380009057, 54.967867837322956], [-1.5839702173580008, 54.96794082327688], [-1.584376096874621, 54.96840793338197], [-1.5847819763912412, 54.96875826596079], [-1.5856698378338479, 54.96915239011196], [-1.586608434216032, 54.96969248617097], [-1.5870143137326522, 54.97015959627606], [-1.587902175175259, 54.97055372042723], [-1.5880290125242027, 54.970626706381154], [-1.5883841571012454, 54.970626706381154], [-1.5885109944501892, 54.97055372042723], [-1.5891198137251195, 54.97055372042723], [-1.5892466510740633, 54.970626706381154], [-1.5979223257418198, 54.970626706381154], [-1.5980491630907636, 54.97055372042723], [-1.5995458438083006, 54.97015959627606], [-1.5996726811572444, 54.97008661032214], [-1.6013723016330914, 54.96969248617097], [-1.6014991389820352, 54.96961950021705], [-1.602792879941262, 54.96922537606588], [-1.6029197172902059, 54.96915239011196], [-1.604619337766053, 54.96875826596079], [-1.6047461751149967, 54.968685280006866], [-1.6058369763159135, 54.96840793338197], [-1.6059638136648573, 54.96833494742805], [-1.6076634341407043, 54.96794082327688], [-1.6077902714896481, 54.967867837322956], [-1.609084012448875, 54.967473713171785], [-1.6100226088310592, 54.96693361711277], [-1.6109104702736659, 54.9665394929616], [-1.6110373076226097, 54.966481104198465], [-1.6114431871392298, 54.96646650700768], [-1.6117222293069062, 54.966305937909056], [-1.61184906665585, 54.96624754914592], [-1.6120520064141601, 54.96624754914592], [-1.6122549461724702, 54.966130771619646], [-1.613142807615077, 54.96560527275142], [-1.6132696449640207, 54.9655322867975], [-1.6139545666483173, 54.9652549401726], [-1.614081403997261, 54.96519655140946], [-1.6146902232721914, 54.96518195421868], [-1.615375144956488, 54.96478783006751], [-1.6155019823054317, 54.96472944130437], [-1.6157049220637418, 54.96471484411359], [-1.615907861822052, 54.96471484411359], [-1.6161869039897283, 54.96443749748869], [-1.616212271459517, 54.964320719962416], [-1.6163137413386721, 54.96426233119928], [-1.6169225606136024, 54.96426233119928], [-1.6170240304927574, 54.964320719962416], [-1.6170240304927574, 54.96443749748869], [-1.6172269702510675, 54.96455427501496], [-1.6172269702510675, 54.96478783006751], [-1.6169225606136024, 54.96496299635692], [-1.6163137413386721, 54.96496299635692], [-1.616212271459517, 54.96502138512005], [-1.6165166810969822, 54.96519655140946], [-1.6167196208552923, 54.96519655140946], [-1.6169225606136024, 54.965313328935736], [-1.6173284401302226, 54.965313328935736], [-1.6177343196468428, 54.96554688398828], [-1.6179372594051529, 54.96554688398828], [-1.618038729284308, 54.965488495225145], [-1.618038729284308, 54.96537171769887], [-1.6187490184383933, 54.96496299635692], [-1.6189519581967033, 54.96496299635692], [-1.6190534280758584, 54.96502138512005], [-1.6190534280758584, 54.965138162646326], [-1.6188504883175483, 54.9652549401726], [-1.6188504883175483, 54.965488495225145], [-1.6190534280758584, 54.96560527275142], [-1.6190534280758584, 54.965838827803964], [-1.6191548979550134, 54.9658972165671], [-1.6193578377133235, 54.9658972165671], [-1.6195607774716336, 54.96578043904083], [-1.6199666569882538, 54.96578043904083], [-1.620169596746564, 54.965663661514554], [-1.620372536504874, 54.965663661514554], [-1.620474006384029, 54.96572205027769], [-1.620474006384029, 54.965838827803964], [-1.620575476263184, 54.9658972165671], [-1.6206769461423391, 54.965838827803964], [-1.6206769461423391, 54.96560527275142], [-1.6207784160214942, 54.96554688398828], [-1.6209813557798043, 54.96554688398828], [-1.6210828256589593, 54.965488495225145], [-1.6210828256589593, 54.96537171769887], [-1.6213872352964245, 54.96519655140946], [-1.6216916449338896, 54.96537171769887], [-1.6214887051755795, 54.965488495225145], [-1.6216916449338896, 54.96560527275142], [-1.6215901750547346, 54.965663661514554], [-1.6213872352964245, 54.96554688398828], [-1.6212857654172694, 54.96560527275142], [-1.6212857654172694, 54.965838827803964], [-1.6211842955381144, 54.9658972165671], [-1.6209813557798043, 54.9658972165671], [-1.6208798859006492, 54.96595560533024], [-1.6208798859006492, 54.96607238285651], [-1.6207784160214942, 54.966130771619646], [-1.620575476263184, 54.966130771619646], [-1.620474006384029, 54.96618916038278], [-1.620474006384029, 54.96688982554042], [-1.6206769461423391, 54.96700660306669], [-1.620271066625719, 54.96724015811924], [-1.620271066625719, 54.96735693564551], [-1.6198651871090988, 54.96759049069806], [-1.620271066625719, 54.9678240457506], [-1.620271066625719, 54.96794082327688], [-1.620169596746564, 54.96799921204001], [-1.6197637172299437, 54.96799921204001], [-1.6194593075924786, 54.9678240457506], [-1.6194593075924786, 54.96770726822433], [-1.6189519581967033, 54.96741532440865], [-1.6188504883175483, 54.967473713171785], [-1.6188504883175483, 54.96759049069806], [-1.6185460786800832, 54.96776565698747], [-1.618343138921773, 54.96776565698747], [-1.618140199163463, 54.96788243451374], [-1.6179372594051529, 54.96788243451374], [-1.6177343196468428, 54.96799921204001], [-1.6175313798885327, 54.96799921204001], [-1.6172269702510675, 54.96817437832942], [-1.6172269702510675, 54.96840793338197], [-1.6174299100093776, 54.96852471090824], [-1.6174299100093776, 54.968641488434514], [-1.6178357895259978, 54.96887504348706], [-1.6178357895259978, 54.96899182101333], [-1.6179372594051529, 54.96905020977647], [-1.618343138921773, 54.96881665472392], [-1.6185460786800832, 54.968933432250196], [-1.6188504883175483, 54.96875826596079], [-1.6188504883175483, 54.968291155855695], [-1.6189519581967033, 54.96823276709256], [-1.6197637172299437, 54.96823276709256], [-1.6199666569882538, 54.96834954461883], [-1.620372536504874, 54.96834954461883], [-1.620575476263184, 54.96823276709256], [-1.6207784160214942, 54.96834954461883], [-1.6209813557798043, 54.96823276709256], [-1.6212857654172694, 54.96840793338197], [-1.6212857654172694, 54.96852471090824], [-1.6211842955381144, 54.96858309967138], [-1.620575476263184, 54.96858309967138], [-1.620372536504874, 54.968466322145105], [-1.620271066625719, 54.96852471090824], [-1.620271066625719, 54.96899182101333], [-1.6198651871090988, 54.96922537606588], [-1.6198651871090988, 54.96934215359215], [-1.6197637172299437, 54.96940054235529], [-1.6194593075924786, 54.96922537606588], [-1.6195607774716336, 54.96916698730274], [-1.6197637172299437, 54.96916698730274], [-1.6198651871090988, 54.969108598539606], [-1.6198651871090988, 54.96899182101333], [-1.6196622473507887, 54.96887504348706], [-1.6196622473507887, 54.96875826596079], [-1.6195607774716336, 54.96869987719765], [-1.6194593075924786, 54.96875826596079], [-1.6194593075924786, 54.96899182101333], [-1.6191548979550134, 54.96916698730274], [-1.6189519581967033, 54.96905020977647], [-1.6187490184383933, 54.96905020977647], [-1.6185460786800832, 54.96916698730274], [-1.618140199163463, 54.96916698730274], [-1.618038729284308, 54.96922537606588], [-1.618038729284308, 54.96934215359215], [-1.6179372594051529, 54.96940054235529], [-1.6177343196468428, 54.96940054235529], [-1.6176328497676877, 54.969458931118425], [-1.6176328497676877, 54.96969248617097], [-1.6175313798885327, 54.96975087493411], [-1.6171255003719125, 54.96975087493411], [-1.6169225606136024, 54.969634097407834], [-1.6167196208552923, 54.969634097407834], [-1.6166181509761373, 54.96969248617097], [-1.6166181509761373, 54.969926041223516], [-1.6164152112178272, 54.97004281874979], [-1.6164152112178272, 54.970276373802335], [-1.616212271459517, 54.97039315132861], [-1.616212271459517, 54.970626706381154], [-1.616009331701207, 54.97074348390743], [-1.616009331701207, 54.9708602614337], [-1.6157049220637418, 54.97103542772311], [-1.6155019823054317, 54.97103542772311], [-1.6154005124262767, 54.971093816486245], [-1.6155019823054317, 54.97115220524938], [-1.6157049220637418, 54.97115220524938], [-1.616110801580362, 54.97138576030193], [-1.6165166810969822, 54.97138576030193], [-1.6166181509761373, 54.971444149065064], [-1.6166181509761373, 54.97202803669643], [-1.6168210907344474, 54.9721448142227], [-1.6168210907344474, 54.972261591748975], [-1.6170240304927574, 54.97237836927525], [-1.6170240304927574, 54.97249514680152], [-1.6172269702510675, 54.97261192432779], [-1.6172269702510675, 54.97272870185407], [-1.6171255003719125, 54.9727870906172], [-1.6169225606136024, 54.9727870906172], [-1.6168210907344474, 54.97284547938034], [-1.6170240304927574, 54.97296225690661], [-1.6168210907344474, 54.973079034432885], [-1.6168210907344474, 54.97319581195916], [-1.6167196208552923, 54.973254200722295], [-1.6155019823054317, 54.973254200722295], [-1.6152990425471216, 54.97313742319602], [-1.6148931630305015, 54.97313742319602], [-1.6146902232721914, 54.973254200722295], [-1.6142843437555712, 54.973254200722295], [-1.614081403997261, 54.97337097824857], [-1.6132696449640207, 54.97337097824857], [-1.6131681750848657, 54.973429367011704], [-1.6131681750848657, 54.97354614453798], [-1.6129652353265556, 54.97366292206425], [-1.6129652353265556, 54.97377969959052], [-1.6127622955682455, 54.973896477116796], [-1.6127622955682455, 54.97401325464307], [-1.6126608256890904, 54.974071643406205], [-1.6124578859307803, 54.974071643406205], [-1.6123564160516253, 54.97413003216934], [-1.6123564160516253, 54.97448036474816], [-1.6121534762933152, 54.97459714227443], [-1.6123564160516253, 54.974713919800706], [-1.6123564160516253, 54.97483069732698], [-1.6125593558099354, 54.97494747485325], [-1.6121534762933152, 54.9751810299058], [-1.6121534762933152, 54.975414584958344], [-1.611950536535005, 54.97553136248462], [-1.611950536535005, 54.97564814001089], [-1.6121534762933152, 54.97576491753716], [-1.6121534762933152, 54.97611525011598], [-1.6122549461724702, 54.97617363887912], [-1.6124578859307803, 54.97617363887912], [-1.6129652353265556, 54.9764655826948], [-1.6129652353265556, 54.97681591527362], [-1.6131681750848657, 54.97693269279989], [-1.6131681750848657, 54.97728302537871], [-1.6133711148431757, 54.97739980290498], [-1.6133711148431757, 54.97763335795753], [-1.6134725847223308, 54.977691746720666], [-1.6136755244806409, 54.977691746720666], [-1.613979934118106, 54.977516580431256], [-1.613979934118106, 54.97739980290498], [-1.613776994359796, 54.97728302537871], [-1.613776994359796, 54.97716624785244], [-1.6135740546014858, 54.977049470326165], [-1.6135740546014858, 54.97658236022107], [-1.6136755244806409, 54.97652397145794], [-1.613878464238951, 54.97652397145794], [-1.613979934118106, 54.97658236022107], [-1.613979934118106, 54.976699137747346], [-1.6142843437555712, 54.976874304036755], [-1.6146902232721914, 54.976874304036755], [-1.6147916931513464, 54.97681591527362], [-1.6147916931513464, 54.976699137747346], [-1.6152990425471216, 54.976407193931664], [-1.6155019823054317, 54.976407193931664], [-1.6156034521845868, 54.9764655826948], [-1.6156034521845868, 54.976699137747346], [-1.6155019823054317, 54.97675752651048], [-1.6152990425471216, 54.97675752651048], [-1.6151975726679666, 54.97681591527362], [-1.6151975726679666, 54.977049470326165], [-1.6149946329096565, 54.97716624785244], [-1.6149946329096565, 54.97739980290498], [-1.6147916931513464, 54.977516580431256], [-1.6147916931513464, 54.97763335795753], [-1.6145887533930363, 54.9777501354838], [-1.6145887533930363, 54.977866913010075], [-1.6143858136347262, 54.97798369053635], [-1.6143858136347262, 54.978217245588894], [-1.613776994359796, 54.97856757816771], [-1.613776994359796, 54.979034688272804], [-1.6136755244806409, 54.97909307703594], [-1.6134725847223308, 54.97897629950967], [-1.6133711148431757, 54.979034688272804], [-1.6133711148431757, 54.97915146579908], [-1.6131681750848657, 54.97926824332535], [-1.6131681750848657, 54.979501798377896], [-1.6132696449640207, 54.97956018714103], [-1.6134725847223308, 54.97956018714103], [-1.613878464238951, 54.97932663208849], [-1.614081403997261, 54.97944340961476], [-1.6142843437555712, 54.97944340961476], [-1.6145887533930363, 54.97961857590417], [-1.6144872835138813, 54.979676964667306], [-1.6142843437555712, 54.979676964667306], [-1.6141828738764161, 54.97973535343044], [-1.6144872835138813, 54.97991051971985], [-1.6146902232721914, 54.97991051971985], [-1.6149946329096565, 54.98008568600926], [-1.6149946329096565, 54.98055279611435], [-1.6150961027888115, 54.98061118487749], [-1.6152990425471216, 54.98061118487749], [-1.6155019823054317, 54.98072796240376], [-1.615907861822052, 54.98072796240376], [-1.616110801580362, 54.98061118487749], [-1.6169225606136024, 54.98061118487749], [-1.6172269702510675, 54.9807863511669], [-1.6172269702510675, 54.98090312869317], [-1.6173284401302226, 54.98096151745631], [-1.6179372594051529, 54.98096151745631], [-1.618343138921773, 54.981195072508854], [-1.6186475485592382, 54.981019906219444], [-1.618444608800928, 54.98090312869317], [-1.6191548979550134, 54.980494407351216], [-1.6199666569882538, 54.980494407351216], [-1.620372536504874, 54.98072796240376], [-1.6207784160214942, 54.98072796240376], [-1.6209813557798043, 54.98061118487749], [-1.62230046420882, 54.98137023879826], [-1.62230046420882, 54.981487016324536], [-1.62270634372544, 54.98172057137708], [-1.62270634372544, 54.98195412642963], [-1.6230107533629052, 54.98212929271904], [-1.6232136931212153, 54.98212929271904], [-1.6233151630003704, 54.9820709039559], [-1.6233151630003704, 54.98195412642963], [-1.6234166328795254, 54.98189573766649], [-1.6238225123961456, 54.98189573766649], [-1.6239239822753007, 54.981837348903355], [-1.6239239822753007, 54.98160379385081], [-1.6238225123961456, 54.98154540508767], [-1.6236195726378355, 54.98154540508767], [-1.6235181027586805, 54.981487016324536], [-1.6235181027586805, 54.98137023879826], [-1.6236195726378355, 54.98131185003513], [-1.6238225123961456, 54.98131185003513], [-1.6239239822753007, 54.98137023879826], [-1.6239239822753007, 54.981487016324536], [-1.6240254521544557, 54.98154540508767], [-1.624431331671076, 54.98154540508767], [-1.624634271429386, 54.981662182613945], [-1.624837211187696, 54.981662182613945], [-1.6249386810668511, 54.98172057137708], [-1.6249386810668511, 54.98195412642963], [-1.6250401509460062, 54.982012515192764], [-1.6252430907043163, 54.98189573766649], [-1.6254460304626264, 54.982012515192764], [-1.6256489702209365, 54.982012515192764], [-1.6257504401000915, 54.9820709039559], [-1.6257504401000915, 54.98218768148217], [-1.6259533798584016, 54.982304459008446], [-1.6259533798584016, 54.98253801406099], [-1.6260548497375567, 54.98259640282413], [-1.6262577894958667, 54.98259640282413], [-1.6264607292541768, 54.9827131803504], [-1.626663669012487, 54.9827131803504], [-1.626866608770797, 54.982829957876675], [-1.6272724882874172, 54.98259640282413], [-1.6274754280457273, 54.98259640282413], [-1.6275768979248824, 54.982654791587265], [-1.6275768979248824, 54.98277156911354], [-1.6276783678040374, 54.982829957876675], [-1.6278813075623475, 54.982829957876675], [-1.6281857171998126, 54.983005124166084], [-1.6281857171998126, 54.98312190169236], [-1.6282871870789677, 54.98318029045549], [-1.629098946112208, 54.98318029045549], [-1.6295048256288283, 54.98294673540295], [-1.6297077653871384, 54.98306351292922]]]]}}]}