{"type": "FeatureCollection", "features": [{"type": "Feature", "properties": {"band_id": "over_60", "order": 0}, "geometry": {"type": "MultiPolygon", "coordinates": [[[[-1.965291554891808, 54.94980279573842], [-1.965102445683988, 54.95003007108622], [-1.959144047677785, 54.95630672774041], [-1.95909008697066, 54.95785030877818], [-1.959088434104275, 54.95786551051511], [-1.957874141470778, 54.96433835663971], [-1.955652341305184, 54.97072208281634], [-1.952440589741353, 54.97696488513139], [-1.952428143446584, 54.976985597252], [-1.948621512618619, 54.98256010869368], [-1.944024659971256, 54.98793415824276], [-1.938668885204633, 54.993070792734876], [-1.938642219587574, 54.99309411562883], [-1.938041866714362, 54.993562625308186], [-1.937312068261724, 54.99467874192255], [-1.937183668679327, 54.994850363360044], [-1.931841751697192, 55.00113334313732], [-1.929176452758036, 55.00362415552661], [-1.928709719615535, 55.00436625918139], [-1.923185279044071, 55.01096811917082], [-1.916524935858073, 55.01721449670693], [-1.908796731826823, 55.023041099954895], [-1.900079802061568, 55.028387930874864], [-1.890463570631138, 55.03319990900059], [-1.888265741986245, 55.0340920260593], [-1.884002430339719, 55.03908718041298], [-1.877672712275104, 55.044992238552325], [-1.870385138184011, 55.050521569933046], [-1.864612279658536, 55.0541234336442], [-1.863829324697496, 55.055201974517935], [-1.857808616106178, 55.061596760561905], [-1.850697732854412, 55.06761187044578], [-1.842568279706775, 55.073186334977365], [-1.838485960179797, 55.07547282893504], [-1.838353655123285, 55.076230969765824], [-1.835953450892227, 55.08312659200845], [-1.832395999998103, 55.08985576113678], [-1.827714425763689, 55.0963547394274], [-1.821952559210344, 55.10256193928863], [-1.815164541426648, 55.1084185104419], [-1.807414324912833, 55.11386890206159], [-1.799238496647234, 55.11859363895369], [-1.796822681136139, 55.120235051744174], [-1.787967903119299, 55.12517543853256], [-1.778310090547728, 55.129594956117714], [-1.767942037584924, 55.1334510280518], [-1.756963471364132, 55.136706494646084], [-1.745480085280567, 55.1393299758823], [-1.733602510808415, 55.141296178196704], [-1.728135190825124, 55.14187645595655], [-1.725526744071715, 55.142382235439534], [-1.724758716776858, 55.14250714936994], [-1.724398723160248, 55.142563142616645], [-1.721299363704323, 55.14318210207461], [-1.721324043652126, 55.14322043977435], [-1.719842371482522, 55.14353336343599], [-1.716089159629171, 55.14428767263035], [-1.71358583224136, 55.14476547147522], [-1.711198531634091, 55.14522363856607], [-1.709727519008462, 55.145500189975394], [-1.707703996228685, 55.14587272184421], [-1.707467871223995, 55.14591604349105], [-1.70686177053653, 55.146026865470034], [-1.705110060853437, 55.146347008799644], [-1.704316125822015, 55.146490330291], [-1.703648968874736, 55.14662471915858], [-1.693671821571138, 55.148372211003895], [-1.692897359714591, 55.14848801022868], [-1.687849551409021, 55.149179488800975], [-1.687213481675561, 55.1492587262039], [-1.685323731973442, 55.14948546492881], [-1.683800343866148, 55.14966127047835], [-1.680059182175907, 55.15005943073523], [-1.678677293087317, 55.15019416567449], [-1.676931563296182, 55.150357154287384], [-1.674946807661956, 55.1505342633822], [-1.672371686481475, 55.15074846198822], [-1.671380945656608, 55.15082489543709], [-1.664412370564329, 55.15124988964758], [-1.663261712518285, 55.15130157921927], [-1.659624654048027, 55.151315039427146], [-1.657484007466116, 55.15147010430263], [-1.645412105799181, 55.1516777988485], [-1.633360956870624, 55.151222851268926], [-1.621441412738444, 55.15010944721766], [-1.60976309518444, 55.14834782850343], [-1.598433371930641, 55.1459541973592], [-1.587556355222586, 55.14295056508285], [-1.577231932647767, 55.13936454655099], [-1.567554839670163, 55.13522910263817], [-1.567318136371121, 55.13510610494154], [-1.567082282409889, 55.13508782953188], [-1.566952663095267, 55.135072702606266], [-1.566960084540924, 55.135051830450124], [-1.565999290470164, 55.13502315086823], [-1.565177691834436, 55.134953347674895], [-1.565531064955072, 55.13483079398665], [-1.565623426142311, 55.1347935120053], [-1.565711620445488, 55.134747227019304], [-1.565794772929926, 55.134692398200485], [-1.565872058678491, 55.13462956948006], [-1.565942710975204, 55.13455936415255], [-1.566006028911482, 55.13448247869237], [-1.566061384339517, 55.13439967584442], [-1.566108228103848, 55.134311777057256], [-1.566146095489267, 55.134219654333876], [-1.566174610831052, 55.13412422158098], [-1.566193491241755, 55.13402642554255], [-1.566202549417599, 55.1339272364076], [-1.566201695496634, 55.13382763818542], [-1.566190937950213, 55.13372861894367], [-1.566170383498952, 55.13363116100621], [-1.566140236054005, 55.13353623120791], [-1.566100794694156, 55.133444771303175], [-1.566052450698797, 55.133357688623185], [-1.565995683666229, 55.13327584707472], [-1.565931056755788, 55.13320005856973], [-1.565859211101002, 55.133131074970734], [-1.565780859449208, 55.133069580631954], [-1.565696779090713, 55.13301618561012], [-1.56560780414766, 55.13297141961241], [-1.565514817299089, 55.13293572674149], [-1.56541874102429, 55.13290946108973], [-1.565320528451314, 55.132892883226454], [-1.565221153901432, 55.13288615761292], [-1.564314453901432, 55.13287005761293], [-1.564227409610043, 55.1328723034674], [-1.563383850722986, 55.13293089481403], [-1.563051327813415, 55.132941398525745], [-1.56295379797411, 55.13294926868398], [-1.562433651722153, 55.133016987334855], [-1.561804267417629, 55.13301007004928], [-1.5611223916828, 55.13298896218669], [-1.560703713740518, 55.13293285898565], [-1.560604178697864, 55.13292455388926], [-1.5605879971408285, 55.13292401508968], [-1.5605879971408285, 55.132566013839096], [-1.559342515829485, 55.13184736989206], [-1.5599652564851567, 55.13148804791854], [-1.5612107377965003, 55.13148804791854], [-1.5618334784521721, 55.13112872594502], [-1.5618334784521721, 55.1289727941039], [-1.562456219107844, 55.12861347213038], [-1.5637017004191875, 55.12933211607742], [-1.5649471817305312, 55.12933211607742], [-1.565569922386203, 55.1289727941039], [-1.565569922386203, 55.127535506209824], [-1.5661926630418748, 55.127176184236305], [-1.5674381443532184, 55.127176184236305], [-1.568683625664562, 55.126457540289266], [-1.5736655509099364, 55.126457540289266], [-1.5761565135326236, 55.127894828183344], [-1.5836294014006853, 55.127894828183344], [-1.5861203640233725, 55.126457540289266], [-1.5873658453347161, 55.127176184236305], [-1.587988585990388, 55.126816862262785], [-1.587988585990388, 55.12537957436871], [-1.5867431046790443, 55.12466093042167], [-1.5867431046790443, 55.12322364252759], [-1.587988585990388, 55.12250499858055], [-1.587988585990388, 55.121786354633514], [-1.5867431046790443, 55.121067710686475], [-1.5867431046790443, 55.120349066739436], [-1.587988585990388, 55.1196304227924], [-1.5854976233677007, 55.11819313489832], [-1.5854976233677007, 55.115318559110165], [-1.5867431046790443, 55.114599915163126], [-1.5867431046790443, 55.11316262726905], [-1.5892340673017316, 55.11172533937497], [-1.5892340673017316, 55.11028805148089], [-1.5904795486130752, 55.109569407533854], [-1.5904795486130752, 55.10813211963978], [-1.5923477705800906, 55.10705415371922], [-1.5948387332027778, 55.108491441613296], [-1.5960842145141214, 55.108491441613296], [-1.597329695825465, 55.109210085560335], [-1.5985751771368086, 55.108491441613296], [-1.6010661397594959, 55.108491441613296], [-1.6023116210708395, 55.10777279766626], [-1.6048025836935267, 55.10777279766626], [-1.6054253243491985, 55.10813211963978], [-1.6054253243491985, 55.108850763586815], [-1.607293546316214, 55.109928729507374], [-1.6085390276275575, 55.109210085560335], [-1.6097845089389011, 55.109210085560335], [-1.6122754715615883, 55.10777279766626], [-1.613520952872932, 55.10777279766626], [-1.616634656151291, 55.109569407533854], [-1.616634656151291, 55.11172533937497], [-1.6178801374626346, 55.11244398332201], [-1.6178801374626346, 55.11316262726905], [-1.6191256187739782, 55.11388127121609], [-1.6185028781183064, 55.114240593189606], [-1.6172573968069628, 55.114240593189606], [-1.6160119154956192, 55.11352194924257], [-1.6153891748399474, 55.11388127121609], [-1.6153891748399474, 55.115318559110165], [-1.616634656151291, 55.1160372030572], [-1.616634656151291, 55.11747449095128], [-1.6153891748399474, 55.11819313489832], [-1.6153891748399474, 55.1196304227924], [-1.6160119154956192, 55.11998974476592], [-1.6185028781183064, 55.11855245687184], [-1.61974835942965, 55.11855245687184], [-1.6209938407409936, 55.1178338129248], [-1.6222393220523372, 55.11855245687184], [-1.6247302846750244, 55.11855245687184], [-1.6284667286090553, 55.120708388712956], [-1.629712209920399, 55.120708388712956], [-1.6315804318874143, 55.1196304227924], [-1.6315804318874143, 55.11819313489832], [-1.629089469264727, 55.11675584700424], [-1.629089469264727, 55.1160372030572], [-1.629712209920399, 55.115677881083684], [-1.6309576912317425, 55.115677881083684], [-1.6322031725430861, 55.11639652503072], [-1.632825913198758, 55.1160372030572], [-1.632825913198758, 55.114599915163126], [-1.6315804318874143, 55.11388127121609], [-1.6315804318874143, 55.11172533937497], [-1.6322031725430861, 55.11136601740145], [-1.6334486538544297, 55.11136601740145], [-1.6340713945101015, 55.11100669542793], [-1.6334486538544297, 55.11064737345441], [-1.6322031725430861, 55.11064737345441], [-1.6315804318874143, 55.11028805148089], [-1.6315804318874143, 55.109569407533854], [-1.6322031725430861, 55.109210085560335], [-1.6346941351657733, 55.109210085560335], [-1.6371850977884606, 55.11064737345441], [-1.6396760604111478, 55.109210085560335], [-1.642167023033835, 55.109210085560335], [-1.6434125043451786, 55.108491441613296], [-1.6446579856565222, 55.108491441613296], [-1.6459034669678658, 55.10777279766626], [-1.6465262076235376, 55.10813211963978], [-1.6465262076235376, 55.108850763586815], [-1.648394429590553, 55.109928729507374], [-1.6508853922132403, 55.109928729507374], [-1.651508132868912, 55.109569407533854], [-1.651508132868912, 55.108850763586815], [-1.6521308735245839, 55.108491441613296], [-1.6527536141802557, 55.108850763586815], [-1.6527536141802557, 55.109569407533854], [-1.6533763548359275, 55.109928729507374], [-1.6596037613926455, 55.109928729507374], [-1.6602265020483173, 55.11028805148089], [-1.6602265020483173, 55.11172533937497], [-1.6627174646710046, 55.11316262726905], [-1.6627174646710046, 55.115318559110165], [-1.66458568663802, 55.11639652503072], [-1.6658311679493636, 55.11639652503072], [-1.6683221305720508, 55.1178338129248], [-1.6695676118833944, 55.1178338129248], [-1.6701903525390662, 55.11747449095128], [-1.6695676118833944, 55.11711516897776], [-1.6683221305720508, 55.11711516897776], [-1.667699389916379, 55.11675584700424], [-1.6683221305720508, 55.11639652503072], [-1.6695676118833944, 55.11639652503072], [-1.6714358338504098, 55.115318559110165], [-1.6714358338504098, 55.114599915163126], [-1.6701903525390662, 55.11388127121609], [-1.6701903525390662, 55.11316262726905], [-1.6720585745060816, 55.11208466134849], [-1.6733040558174253, 55.11208466134849], [-1.6745495371287689, 55.11136601740145], [-1.6782859810627997, 55.11136601740145], [-1.6795314623741433, 55.11064737345441], [-1.680776943685487, 55.11064737345441], [-1.6820224249968305, 55.11136601740145], [-1.6845133876195177, 55.11136601740145], [-1.6851361282751895, 55.11100669542793], [-1.6832679063081741, 55.109928729507374], [-1.6820224249968305, 55.109928729507374], [-1.6813996843411587, 55.109569407533854], [-1.6813996843411587, 55.108850763586815], [-1.680776943685487, 55.108491441613296], [-1.6795314623741433, 55.109210085560335], [-1.677040499751456, 55.10777279766626], [-1.6745495371287689, 55.10777279766626], [-1.673926796473097, 55.10741347569274], [-1.673926796473097, 55.10597618779866], [-1.6745495371287689, 55.10561686582514], [-1.677040499751456, 55.10561686582514], [-1.6782859810627997, 55.1048982218781], [-1.6820224249968305, 55.1048982218781], [-1.6826451656525023, 55.10453889990458], [-1.6826451656525023, 55.102382968063466], [-1.6832679063081741, 55.10202364608995], [-1.6857588689308614, 55.10202364608995], [-1.6863816095865332, 55.10166432411643], [-1.6863816095865332, 55.10094568016939], [-1.6857588689308614, 55.10058635819587], [-1.6845133876195177, 55.10058635819587], [-1.6832679063081741, 55.10130500214291], [-1.6782859810627997, 55.10130500214291], [-1.6764177590957843, 55.10022703622235], [-1.6813996843411587, 55.097352460434195], [-1.6813996843411587, 55.096633816487156], [-1.683890646963846, 55.09519652859308], [-1.683890646963846, 55.093759240699], [-1.6826451656525023, 55.09304059675196], [-1.6826451656525023, 55.09232195280492], [-1.6832679063081741, 55.091962630831404], [-1.6882498315535486, 55.091962630831404], [-1.6913635348319076, 55.09016602096381], [-1.6919862754875794, 55.08908805504325], [-1.693231756798923, 55.08908805504325], [-1.6950999787659384, 55.09016602096381], [-1.6944772381102666, 55.090525342937326], [-1.693231756798923, 55.090525342937326], [-1.6926090161432512, 55.090884664910845], [-1.6926090161432512, 55.09232195280492], [-1.6938544974545948, 55.09304059675196], [-1.6938544974545948, 55.093759240699], [-1.693231756798923, 55.09411856267252], [-1.6919862754875794, 55.09411856267252], [-1.6913635348319076, 55.09447788464604], [-1.693231756798923, 55.0955558505666], [-1.6957227194216102, 55.0955558505666], [-1.696345460077282, 55.09519652859308], [-1.696345460077282, 55.09447788464604], [-1.6975909413886257, 55.093759240699], [-1.6975909413886257, 55.09232195280492], [-1.6982136820442975, 55.091962630831404], [-1.7000819040113129, 55.09304059675196], [-1.7000819040113129, 55.093759240699], [-1.702572866634, 55.09519652859308], [-1.702572866634, 55.09591517254012], [-1.7044410886010155, 55.096993138460675], [-1.7056865699123591, 55.096993138460675], [-1.706309310568031, 55.096633816487156], [-1.706309310568031, 55.09591517254012], [-1.7075547918793745, 55.09519652859308], [-1.7050638292566873, 55.093759240699], [-1.706309310568031, 55.09304059675196], [-1.706309310568031, 55.09016602096381], [-1.7050638292566873, 55.08944737701677], [-1.7056865699123591, 55.08908805504325], [-1.7069320512237027, 55.08908805504325], [-1.70942301384639, 55.08765076714917], [-1.7106684951577336, 55.08765076714917], [-1.7112912358134054, 55.08729144517565], [-1.7112912358134054, 55.085854157281574], [-1.7100457545020618, 55.085135513334535], [-1.7119139764690772, 55.08405754741398], [-1.7131594577804208, 55.084776191361016], [-1.715650420403108, 55.084776191361016], [-1.7162731610587798, 55.084416869387496], [-1.7144049390917644, 55.08333890346694], [-1.7131594577804208, 55.08405754741398], [-1.7106684951577336, 55.0826202595199], [-1.7081775325350463, 55.0826202595199], [-1.7075547918793745, 55.08297958149342], [-1.7075547918793745, 55.08369822544046], [-1.7069320512237027, 55.08405754741398], [-1.703195607289672, 55.08405754741398], [-1.702572866634, 55.08369822544046], [-1.702572866634, 55.08297958149342], [-1.7038183479453437, 55.08226093754638], [-1.7038183479453437, 55.08154229359934], [-1.706309310568031, 55.08010500570526], [-1.706309310568031, 55.079386361758225], [-1.7069320512237027, 55.079027039784705], [-1.70942301384639, 55.079027039784705], [-1.7106684951577336, 55.07830839583767], [-1.7144049390917644, 55.07830839583767], [-1.715650420403108, 55.07758975189063], [-1.7181413830257952, 55.07758975189063], [-1.7206323456484824, 55.079027039784705], [-1.7243687895825133, 55.079027039784705], [-1.724991530238185, 55.078667717811186], [-1.724991530238185, 55.07651178597007], [-1.7256142708938569, 55.07615246399655], [-1.7268597522052005, 55.07615246399655], [-1.7293507148278877, 55.07758975189063], [-1.7312189367949031, 55.07651178597007], [-1.7312189367949031, 55.07507449807599], [-1.7337098994175903, 55.073637210181914], [-1.7337098994175903, 55.072918566234875], [-1.734955380728934, 55.07219992228784], [-1.7343326400732622, 55.07184060031432], [-1.7330871587619185, 55.07184060031432], [-1.731841677450575, 55.072559244261356], [-1.7305961961392313, 55.072559244261356], [-1.7299734554835595, 55.07219992228784], [-1.7299734554835595, 55.0714812783408], [-1.7274824928608723, 55.07004399044672], [-1.7274824928608723, 55.06932534649968], [-1.7268597522052005, 55.06896602452616], [-1.7256142708938569, 55.06896602452616], [-1.724991530238185, 55.06932534649968], [-1.724991530238185, 55.07004399044672], [-1.7262370115495287, 55.07076263439376], [-1.7243687895825133, 55.07184060031432], [-1.7206323456484824, 55.07184060031432], [-1.7200096049928106, 55.0714812783408], [-1.7200096049928106, 55.066450770711526], [-1.718764123681467, 55.06573212676449], [-1.718764123681467, 55.06285755097633], [-1.7193868643371388, 55.06249822900281], [-1.721877826959826, 55.06249822900281], [-1.7231233082711697, 55.061779585055774], [-1.7243687895825133, 55.061779585055774], [-1.7256142708938569, 55.061060941108735], [-1.7305961961392313, 55.061060941108735], [-1.731841677450575, 55.0603422971617], [-1.7330871587619185, 55.0603422971617], [-1.7343326400732622, 55.05962365321466], [-1.7362008620402776, 55.060701619135216], [-1.7362008620402776, 55.061420263082255], [-1.7355781213846058, 55.061779585055774], [-1.7330871587619185, 55.061779585055774], [-1.7312189367949031, 55.06285755097633], [-1.7312189367949031, 55.06357619492337], [-1.7305961961392313, 55.06393551689689], [-1.728105233516544, 55.06393551689689], [-1.7268597522052005, 55.06465416084393], [-1.7256142708938569, 55.06393551689689], [-1.7237460489268415, 55.06501348281745], [-1.724991530238185, 55.06573212676449], [-1.7237460489268415, 55.066450770711526], [-1.7243687895825133, 55.066810092685046], [-1.7256142708938569, 55.06609144873801], [-1.728105233516544, 55.067528736632084], [-1.7305961961392313, 55.067528736632084], [-1.7312189367949031, 55.067888058605604], [-1.728727974172216, 55.06932534649968], [-1.7293507148278877, 55.0696846684732], [-1.731841677450575, 55.0696846684732], [-1.7330871587619185, 55.07040331242024], [-1.7337098994175903, 55.07004399044672], [-1.7337098994175903, 55.06932534649968], [-1.7362008620402776, 55.067888058605604], [-1.7362008620402776, 55.067169414658565], [-1.738069084007293, 55.06609144873801], [-1.7393145653186366, 55.06609144873801], [-1.7405600466299802, 55.06537280479097], [-1.7418055279413238, 55.06537280479097], [-1.7424282685969956, 55.06501348281745], [-1.7424282685969956, 55.06429483887041], [-1.7430510092526674, 55.06393551689689], [-1.7467874531866983, 55.06393551689689], [-1.7499011564650573, 55.06573212676449], [-1.7499011564650573, 55.067888058605604], [-1.751146637776401, 55.06860670255264], [-1.751146637776401, 55.06932534649968], [-1.7517693784320727, 55.0696846684732], [-1.7530148597434163, 55.0696846684732], [-1.75426034105476, 55.07040331242024], [-1.7567513036774471, 55.07040331242024], [-1.757374044333119, 55.07004399044672], [-1.7548830817104317, 55.06860670255264], [-1.7548830817104317, 55.067888058605604], [-1.7536376003990881, 55.067169414658565], [-1.7555058223661035, 55.06609144873801], [-1.7567513036774471, 55.06609144873801], [-1.7592422663001344, 55.067528736632084], [-1.760487747611478, 55.067528736632084], [-1.7623559695784934, 55.066450770711526], [-1.7623559695784934, 55.06573212676449], [-1.7617332289228216, 55.06537280479097], [-1.7579967849887908, 55.06537280479097], [-1.757374044333119, 55.06501348281745], [-1.757374044333119, 55.06429483887041], [-1.7592422663001344, 55.06321687294985], [-1.760487747611478, 55.06321687294985], [-1.7629787102341652, 55.061779585055774], [-1.7642241915455088, 55.061779585055774], [-1.7648469322011806, 55.061420263082255], [-1.7648469322011806, 55.060701619135216], [-1.7660924135125242, 55.05998297518818], [-1.7660924135125242, 55.05926433124114], [-1.7654696728568524, 55.05890500926762], [-1.7642241915455088, 55.05890500926762], [-1.7623559695784934, 55.05782704334706], [-1.7642241915455088, 55.0567490774265], [-1.7673378948238678, 55.0585456872941], [-1.7673378948238678, 55.05998297518818], [-1.7679606354795396, 55.0603422971617], [-1.7704515981022269, 55.0603422971617], [-1.7710743387578987, 55.060701619135216], [-1.7710743387578987, 55.061420263082255], [-1.7716970794135705, 55.061779585055774], [-1.772942560724914, 55.061779585055774], [-1.7735653013805859, 55.061420263082255], [-1.7735653013805859, 55.060701619135216], [-1.7748107826919295, 55.05998297518818], [-1.7748107826919295, 55.05926433124114], [-1.7741880420362577, 55.05890500926762], [-1.7716970794135705, 55.05890500926762], [-1.7710743387578987, 55.0585456872941], [-1.7710743387578987, 55.05782704334706], [-1.7735653013805859, 55.05638975545298], [-1.7735653013805859, 55.054952467558905], [-1.7716970794135705, 55.05387450163835], [-1.7704515981022269, 55.05387450163835], [-1.769828857446555, 55.05351517966483], [-1.7704515981022269, 55.05315585769131], [-1.772942560724914, 55.05315585769131], [-1.7735653013805859, 55.05279653571779], [-1.7735653013805859, 55.05064060387667], [-1.772942560724914, 55.05028128190315], [-1.7704515981022269, 55.05028128190315], [-1.7692061167908832, 55.05099992585019], [-1.7679606354795396, 55.05099992585019], [-1.7673378948238678, 55.05064060387667], [-1.7673378948238678, 55.049203315982595], [-1.7679606354795396, 55.048843994009076], [-1.7692061167908832, 55.048843994009076], [-1.769828857446555, 55.048484672035556], [-1.769828857446555, 55.04776602808852], [-1.7704515981022269, 55.047406706115], [-1.772942560724914, 55.047406706115], [-1.7735653013805859, 55.04704738414148], [-1.7735653013805859, 55.04632874019444], [-1.7741880420362577, 55.04596941822092], [-1.7754335233476013, 55.04596941822092], [-1.776679004658945, 55.04525077427388], [-1.7791699672816321, 55.04525077427388], [-1.779792707937304, 55.04489145230036], [-1.779792707937304, 55.042735520459246], [-1.7791699672816321, 55.04237619848573], [-1.7779244859702885, 55.04237619848573], [-1.7773017453146167, 55.04201687651221], [-1.7779244859702885, 55.04165755453869], [-1.7791699672816321, 55.04165755453869], [-1.779792707937304, 55.04129823256517], [-1.779792707937304, 55.03842365677701], [-1.7804154485929757, 55.038064334803494], [-1.7816609299043193, 55.038064334803494], [-1.782906411215663, 55.03878297875053], [-1.7841518925270066, 55.03878297875053], [-1.7847746331826784, 55.03842365677701], [-1.7847746331826784, 55.036986368882935], [-1.7841518925270066, 55.036627046909416], [-1.782906411215663, 55.036627046909416], [-1.7822836705599912, 55.0362677249359], [-1.782906411215663, 55.03590840296238], [-1.7841518925270066, 55.03590840296238], [-1.7847746331826784, 55.03554908098886], [-1.7847746331826784, 55.03483043704182], [-1.7835291518713348, 55.03411179309478], [-1.7847746331826784, 55.03339314914774], [-1.7847746331826784, 55.030518573359586], [-1.7835291518713348, 55.02979992941255], [-1.7841518925270066, 55.02944060743903], [-1.7866428551496938, 55.02944060743903], [-1.7878883364610374, 55.03015925138607], [-1.789133817772381, 55.03015925138607], [-1.7916247803950682, 55.031596539280144], [-1.7928702617064118, 55.030877895333106], [-1.7941157430177554, 55.030877895333106], [-1.795361224329099, 55.03015925138607], [-1.7959839649847709, 55.030518573359586], [-1.7959839649847709, 55.031237217306625], [-1.7966067056404427, 55.031596539280144], [-1.7978521869517863, 55.031596539280144], [-1.8003431495744735, 55.03015925138607], [-1.8009658902301453, 55.030518573359586], [-1.8009658902301453, 55.031237217306625], [-1.801588630885817, 55.031596539280144], [-1.802211371541489, 55.031237217306625], [-1.802211371541489, 55.030518573359586], [-1.7997204089188017, 55.02908128546551], [-1.8003431495744735, 55.02872196349199], [-1.8028341121971607, 55.02872196349199], [-1.8047023341641761, 55.02764399757143], [-1.8028341121971607, 55.02656603165087], [-1.79909766826313, 55.02656603165087], [-1.7978521869517863, 55.025847387703834], [-1.7966067056404427, 55.025847387703834], [-1.7959839649847709, 55.025488065730315], [-1.7966067056404427, 55.025128743756795], [-1.7978521869517863, 55.025128743756795], [-1.798474927607458, 55.024769421783276], [-1.798474927607458, 55.02261348994216], [-1.7972294462961145, 55.02189484599512], [-1.7972294462961145, 55.02045755810104], [-1.7978521869517863, 55.020098236127524], [-1.798474927607458, 55.02045755810104], [-1.798474927607458, 55.02117620204808], [-1.79909766826313, 55.0215355240216], [-1.801588630885817, 55.0215355240216], [-1.8034568528528325, 55.02045755810104], [-1.8034568528528325, 55.01686433836585], [-1.8028341121971607, 55.01650501639233], [-1.8003431495744735, 55.01650501639233], [-1.79909766826313, 55.01722366033937], [-1.798474927607458, 55.01686433836585], [-1.798474927607458, 55.012552474683616], [-1.7972294462961145, 55.01183383073658], [-1.798474927607458, 55.01111518678954], [-1.798474927607458, 55.00967789889546], [-1.79909766826313, 55.00931857692194], [-1.8003431495744735, 55.00931857692194], [-1.8034568528528325, 55.007521967054345], [-1.8034568528528325, 55.006803323107306], [-1.802211371541489, 55.00608467916027], [-1.802211371541489, 55.00536603521323], [-1.8028341121971607, 55.00500671323971], [-1.8078160374425352, 55.00500671323971], [-1.808438778098207, 55.00464739126619], [-1.808438778098207, 55.00392874731915], [-1.8096842594095506, 55.00321010337211], [-1.8096842594095506, 55.001772815478034], [-1.8103070000652224, 55.001413493504515], [-1.811552481376566, 55.001413493504515], [-1.8121752220322378, 55.001054171530996], [-1.8121752220322378, 55.00033552758396], [-1.8127979626879096, 54.99997620561044], [-1.8134207033435814, 55.00033552758396], [-1.8134207033435814, 55.001054171530996], [-1.8140434439992532, 55.001413493504515], [-1.814666184654925, 55.001054171530996], [-1.814666184654925, 55.00033552758396], [-1.8134207033435814, 54.99961688363692], [-1.814666184654925, 54.99889823968988], [-1.814666184654925, 54.99817959574284], [-1.8140434439992532, 54.99782027376932], [-1.8127979626879096, 54.99782027376932], [-1.8121752220322378, 54.99817959574284], [-1.8121752220322378, 54.99961688363692], [-1.811552481376566, 54.99997620561044], [-1.8096842594095506, 54.99889823968988], [-1.8096842594095506, 54.99817959574284], [-1.8090615187538788, 54.99782027376932], [-1.8078160374425352, 54.99782027376932], [-1.8071932967868634, 54.9974609517958], [-1.8071932967868634, 54.99674230784876], [-1.8078160374425352, 54.99638298587524], [-1.8090615187538788, 54.99638298587524], [-1.8109297407208942, 54.995305019954685], [-1.8109297407208942, 54.994586376007646], [-1.8090615187538788, 54.99350841008709], [-1.8078160374425352, 54.99350841008709], [-1.8065705561311916, 54.99422705403413], [-1.805325074819848, 54.99422705403413], [-1.8047023341641761, 54.99386773206061], [-1.8047023341641761, 54.99314908811357], [-1.8034568528528325, 54.99243044416653], [-1.805325074819848, 54.99135247824597], [-1.8065705561311916, 54.99207112219301], [-1.8078160374425352, 54.99207112219301], [-1.808438778098207, 54.99171180021949], [-1.808438778098207, 54.99027451232541], [-1.8078160374425352, 54.989915190351894], [-1.8065705561311916, 54.989915190351894], [-1.8059478154755197, 54.989555868378375], [-1.8059478154755197, 54.988837224431336], [-1.8071932967868634, 54.9881185804843], [-1.8071932967868634, 54.98524400469614], [-1.8065705561311916, 54.98488468272262], [-1.805325074819848, 54.98488468272262], [-1.8047023341641761, 54.9845253607491], [-1.805325074819848, 54.984166038775584], [-1.8065705561311916, 54.984166038775584], [-1.8071932967868634, 54.983806716802064], [-1.8071932967868634, 54.983088072855026], [-1.8090615187538788, 54.98201010693447], [-1.8127979626879096, 54.98201010693447], [-1.8134207033435814, 54.98165078496095], [-1.8134207033435814, 54.97949485311983], [-1.8140434439992532, 54.97913553114631], [-1.8190253692446277, 54.97913553114631], [-1.8202708505559713, 54.97841688719927], [-1.8215163318673149, 54.97841688719927], [-1.8221390725229867, 54.978057565225754], [-1.8221390725229867, 54.977338921278715], [-1.824630035145674, 54.97590163338464], [-1.824007294490002, 54.97554231141112], [-1.8227618131786585, 54.97626095535816], [-1.8221390725229867, 54.97590163338464], [-1.8221390725229867, 54.9751829894376], [-1.8233845538343303, 54.97446434549056], [-1.8215163318673149, 54.97338637957], [-1.8207379060477251, 54.97374570154352], [-1.817779887933284, 54.97419485401042], [-1.8184026285889558, 54.97374570154352], [-1.817779887933284, 54.97338637957], [-1.8171571472776122, 54.97374570154352], [-1.8152889253105968, 54.97266773562296], [-1.8140434439992532, 54.97266773562296], [-1.8127979626879096, 54.971949091675924], [-1.8121752220322378, 54.97230841364944], [-1.8134207033435814, 54.97302705759648], [-1.8134207033435814, 54.97374570154352], [-1.811552481376566, 54.97482366746408], [-1.8065705561311916, 54.97482366746408], [-1.805325074819848, 54.97554231141112], [-1.8040795935085043, 54.97554231141112], [-1.8034568528528325, 54.9751829894376], [-1.805325074819848, 54.97410502351704], [-1.8065705561311916, 54.97410502351704], [-1.8071932967868634, 54.97374570154352], [-1.8065705561311916, 54.97338637957], [-1.8028341121971607, 54.97338637957], [-1.8009658902301453, 54.97230841364944], [-1.8009658902301453, 54.971589769702405], [-1.802211371541489, 54.970871125755366], [-1.802211371541489, 54.97015248180833], [-1.8028341121971607, 54.96979315983481], [-1.8034568528528325, 54.97015248180833], [-1.8034568528528325, 54.971589769702405], [-1.8040795935085043, 54.971949091675924], [-1.805325074819848, 54.971230447728885], [-1.8065705561311916, 54.971230447728885], [-1.808438778098207, 54.97015248180833], [-1.8078160374425352, 54.96979315983481], [-1.8040795935085043, 54.96979315983481], [-1.802211371541489, 54.96871519391425], [-1.802211371541489, 54.965840618126094], [-1.8028341121971607, 54.965481296152575], [-1.8034568528528325, 54.965840618126094], [-1.8034568528528325, 54.96655926207313], [-1.8040795935085043, 54.96691858404665], [-1.8059478154755197, 54.965840618126094], [-1.8059478154755197, 54.96440333023202], [-1.805325074819848, 54.9640440082585], [-1.8040795935085043, 54.9640440082585], [-1.805325074819848, 54.9604507885233], [-1.8078160374425352, 54.9604507885233], [-1.808438778098207, 54.960091466549784], [-1.808438778098207, 54.959372822602745], [-1.8065705561311916, 54.95829485668219], [-1.8028341121971607, 54.95829485668219], [-1.802211371541489, 54.95793553470867], [-1.802211371541489, 54.95649824681459], [-1.801588630885817, 54.95613892484107], [-1.8003431495744735, 54.95613892484107], [-1.7978521869517863, 54.95757621273515], [-1.795361224329099, 54.95757621273515], [-1.7947384836734273, 54.95793553470867], [-1.7947384836734273, 54.958654178655706], [-1.7941157430177554, 54.959013500629226], [-1.7928702617064118, 54.959013500629226], [-1.7916247803950682, 54.95829485668219], [-1.7866428551496938, 54.95829485668219], [-1.786020114494022, 54.95793553470867], [-1.7866428551496938, 54.95757621273515], [-1.7878883364610374, 54.95757621273515], [-1.7897565584280528, 54.95649824681459], [-1.7897565584280528, 54.95577960286755], [-1.7885110771167092, 54.95506095892051], [-1.7897565584280528, 54.95434231497347], [-1.7897565584280528, 54.953623671026435], [-1.7910020397393964, 54.952905027079396], [-1.7910020397393964, 54.95003045129124], [-1.7903792990837246, 54.94967112931772], [-1.7878883364610374, 54.94967112931772], [-1.786020114494022, 54.94859316339716], [-1.786020114494022, 54.947155875503086], [-1.7853973738383502, 54.946796553529566], [-1.7841518925270066, 54.946796553529566], [-1.7822836705599912, 54.947874519450124], [-1.7822836705599912, 54.94859316339716], [-1.782906411215663, 54.94895248537068], [-1.7841518925270066, 54.94895248537068], [-1.7847746331826784, 54.9493118073442], [-1.7841518925270066, 54.94967112931772], [-1.782906411215663, 54.94967112931772], [-1.7816609299043193, 54.95038977326476], [-1.7804154485929757, 54.95038977326476], [-1.7791699672816321, 54.9511084172118], [-1.7785472266259603, 54.95074909523828], [-1.7785472266259603, 54.947874519450124], [-1.776679004658945, 54.946796553529566], [-1.7704515981022269, 54.946796553529566], [-1.769828857446555, 54.94643723155605], [-1.769828857446555, 54.94571858760901], [-1.7710743387578987, 54.94499994366197], [-1.769828857446555, 54.94428129971493], [-1.769828857446555, 54.94356265576789], [-1.7692061167908832, 54.94320333379437], [-1.7679606354795396, 54.94320333379437], [-1.766715154168196, 54.94248468984733], [-1.7617332289228216, 54.94248468984733], [-1.7611104882671498, 54.942125367873814], [-1.7617332289228216, 54.941766045900295], [-1.7629787102341652, 54.941766045900295], [-1.763601450889837, 54.941406723926775], [-1.763601450889837, 54.940688079979736], [-1.7642241915455088, 54.94032875800622], [-1.7654696728568524, 54.94032875800622], [-1.7660924135125242, 54.9399694360327], [-1.7660924135125242, 54.93925079208566], [-1.7654696728568524, 54.93889147011214], [-1.7642241915455088, 54.93889147011214], [-1.7629787102341652, 54.9381728261651], [-1.7617332289228216, 54.9381728261651], [-1.7611104882671498, 54.93853214813862], [-1.7611104882671498, 54.9399694360327], [-1.760487747611478, 54.94032875800622], [-1.7567513036774471, 54.94032875800622], [-1.7561285630217753, 54.9399694360327], [-1.7561285630217753, 54.93853214813862], [-1.7567513036774471, 54.9381728261651], [-1.7592422663001344, 54.9381728261651], [-1.7617332289228216, 54.93673553827102], [-1.7642241915455088, 54.93673553827102], [-1.7648469322011806, 54.936376216297504], [-1.7648469322011806, 54.935657572350465], [-1.7642241915455088, 54.935298250376945], [-1.7617332289228216, 54.935298250376945], [-1.7611104882671498, 54.934938928403426], [-1.7611104882671498, 54.93422028445639], [-1.7617332289228216, 54.93386096248287], [-1.7629787102341652, 54.93386096248287], [-1.763601450889837, 54.93350164050935], [-1.7629787102341652, 54.93314231853583], [-1.760487747611478, 54.93314231853583], [-1.7592422663001344, 54.93242367458879], [-1.7579967849887908, 54.93242367458879], [-1.757374044333119, 54.93206435261527], [-1.757374044333119, 54.93134570866823], [-1.7586195256444626, 54.93062706472119], [-1.757374044333119, 54.929908420774154], [-1.7579967849887908, 54.929549098800635], [-1.7592422663001344, 54.929549098800635], [-1.7598650069558062, 54.929189776827116], [-1.7598650069558062, 54.92631520103896], [-1.7629787102341652, 54.92451859117136], [-1.7642241915455088, 54.92451859117136], [-1.7654696728568524, 54.923799947224325], [-1.766715154168196, 54.923799947224325], [-1.7685833761352114, 54.922721981303766], [-1.7685833761352114, 54.92128469340969], [-1.7673378948238678, 54.92056604946265], [-1.7673378948238678, 54.91984740551561], [-1.7660924135125242, 54.91912876156857], [-1.7660924135125242, 54.918410117621534], [-1.766715154168196, 54.918050795648014], [-1.7679606354795396, 54.918050795648014], [-1.7685833761352114, 54.917691473674495], [-1.7685833761352114, 54.916972829727456], [-1.7679606354795396, 54.91661350775394], [-1.7642241915455088, 54.91661350775394], [-1.763601450889837, 54.91625418578042], [-1.763601450889837, 54.91553554183338], [-1.7629787102341652, 54.91517621985986], [-1.7617332289228216, 54.91517621985986], [-1.7598650069558062, 54.9140982539393], [-1.7611104882671498, 54.91337960999226], [-1.7611104882671498, 54.911942322098184], [-1.7598650069558062, 54.911223678151146], [-1.760487747611478, 54.910864356177626], [-1.7629787102341652, 54.910864356177626], [-1.7642241915455088, 54.91014571223059], [-1.7654696728568524, 54.91014571223059], [-1.7660924135125242, 54.90978639025707], [-1.7660924135125242, 54.90906774631003], [-1.7654696728568524, 54.90870842433651], [-1.760487747611478, 54.90870842433651], [-1.7592422663001344, 54.90942706828355], [-1.7567513036774471, 54.90942706828355], [-1.7561285630217753, 54.90978639025707], [-1.7561285630217753, 54.911942322098184], [-1.7555058223661035, 54.912301644071704], [-1.75426034105476, 54.912301644071704], [-1.7530148597434163, 54.91302028801874], [-1.7523921190877445, 54.91266096604522], [-1.7523921190877445, 54.911942322098184], [-1.7548830817104317, 54.91050503420411], [-1.75426034105476, 54.91014571223059], [-1.7530148597434163, 54.91014571223059], [-1.7517693784320727, 54.910864356177626], [-1.7467874531866983, 54.910864356177626], [-1.7455419718753546, 54.91014571223059], [-1.744296490564011, 54.91014571223059], [-1.7436737499083392, 54.91050503420411], [-1.7436737499083392, 54.911223678151146], [-1.7393145653186366, 54.91373893196578], [-1.7343326400732622, 54.91373893196578], [-1.7312189367949031, 54.911942322098184], [-1.7312189367949031, 54.90978639025707], [-1.7330871587619185, 54.90870842433651], [-1.7343326400732622, 54.90870842433651], [-1.7374463433516212, 54.90691181446891], [-1.7368236026959494, 54.90655249249539], [-1.7355781213846058, 54.90655249249539], [-1.7330871587619185, 54.905115204601316], [-1.731841677450575, 54.905115204601316], [-1.7293507148278877, 54.90367791670724], [-1.728105233516544, 54.90439656065428], [-1.7243687895825133, 54.90439656065428], [-1.7193868643371388, 54.90152198486612], [-1.7181413830257952, 54.90152198486612], [-1.7168959017144516, 54.90080334091908], [-1.715650420403108, 54.90080334091908], [-1.7137821984360926, 54.899725374998525], [-1.7137821984360926, 54.89828808710445], [-1.7119139764690772, 54.89721012118389], [-1.7112912358134054, 54.89756944315741], [-1.7112912358134054, 54.89828808710445], [-1.7106684951577336, 54.89864740907797], [-1.7100457545020618, 54.89828808710445], [-1.7100457545020618, 54.89756944315741], [-1.70942301384639, 54.89721012118389], [-1.7081775325350463, 54.89721012118389], [-1.7075547918793745, 54.89685079921037], [-1.7088002731907181, 54.89613215526333], [-1.7088002731907181, 54.89541351131629], [-1.70942301384639, 54.89505418934277], [-1.7106684951577336, 54.89505418934277], [-1.7112912358134054, 54.89469486736925], [-1.7112912358134054, 54.893976223422214], [-1.712536717124749, 54.893257579475176], [-1.7106684951577336, 54.89217961355462], [-1.70942301384639, 54.89217961355462], [-1.7081775325350463, 54.89146096960758], [-1.7069320512237027, 54.89217961355462], [-1.7044410886010155, 54.89217961355462], [-1.7038183479453437, 54.8918202915811], [-1.7050638292566873, 54.89110164763406], [-1.7050638292566873, 54.88966435973998], [-1.706309310568031, 54.88894571579294], [-1.706309310568031, 54.888227071845904], [-1.7044410886010155, 54.887149105925346], [-1.703195607289672, 54.887149105925346], [-1.702572866634, 54.886789783951826], [-1.703195607289672, 54.88643046197831], [-1.7044410886010155, 54.88643046197831], [-1.7050638292566873, 54.88607114000479], [-1.7050638292566873, 54.88535249605775], [-1.706309310568031, 54.88463385211071], [-1.7056865699123591, 54.88427453013719], [-1.7019501259783283, 54.88427453013719], [-1.7007046446669847, 54.88355588619015], [-1.6944772381102666, 54.88355588619015], [-1.6938544974545948, 54.88319656421663], [-1.6950999787659384, 54.882477920269594], [-1.6938544974545948, 54.881759276322555], [-1.6944772381102666, 54.881399954349035], [-1.6957227194216102, 54.881399954349035], [-1.696345460077282, 54.881040632375516], [-1.6957227194216102, 54.880681310402], [-1.6944772381102666, 54.880681310402], [-1.693231756798923, 54.881399954349035], [-1.6913635348319076, 54.88032198842848], [-1.6913635348319076, 54.8788847005344], [-1.6907407941762358, 54.87852537856088], [-1.6882498315535486, 54.87852537856088], [-1.6863816095865332, 54.87960334448144], [-1.6863816095865332, 54.88032198842848], [-1.6845133876195177, 54.881399954349035], [-1.6832679063081741, 54.881399954349035], [-1.6826451656525023, 54.881759276322555], [-1.6826451656525023, 54.88319656421663], [-1.6820224249968305, 54.88355588619015], [-1.677040499751456, 54.88355588619015], [-1.6757950184401125, 54.88283724224311], [-1.6751722777844407, 54.88319656421663], [-1.6751722777844407, 54.88463385211071], [-1.6733040558174253, 54.88571181803127], [-1.6695676118833944, 54.88571181803127], [-1.6689448712277226, 54.88535249605775], [-1.6689448712277226, 54.88463385211071], [-1.667699389916379, 54.88391520816367], [-1.6689448712277226, 54.88319656421663], [-1.6689448712277226, 54.882477920269594], [-1.6670766492607072, 54.881399954349035], [-1.6620947240153328, 54.881399954349035], [-1.661471983359661, 54.881759276322555], [-1.661471983359661, 54.882477920269594], [-1.6608492427039891, 54.88283724224311], [-1.6596037613926455, 54.882118598296074], [-1.6589810207369737, 54.882477920269594], [-1.6589810207369737, 54.88391520816367], [-1.658358280081302, 54.88427453013719], [-1.6577355394256301, 54.88391520816367], [-1.6577355394256301, 54.88319656421663], [-1.6571127987699583, 54.88283724224311], [-1.6533763548359275, 54.88283724224311], [-1.6527536141802557, 54.882477920269594], [-1.6527536141802557, 54.881759276322555], [-1.651508132868912, 54.881040632375516], [-1.651508132868912, 54.87960334448144], [-1.6496399109018967, 54.87852537856088], [-1.648394429590553, 54.87924402250792], [-1.6471489482792094, 54.87924402250792], [-1.6465262076235376, 54.8788847005344], [-1.6465262076235376, 54.87816605658736], [-1.6459034669678658, 54.87780673461384], [-1.6446579856565222, 54.87852537856088], [-1.642167023033835, 54.87852537856088], [-1.6415442823781632, 54.87816605658736], [-1.6415442823781632, 54.876010124746244], [-1.6409215417224914, 54.875650802772725], [-1.6402988010668196, 54.876010124746244], [-1.6402988010668196, 54.87672876869328], [-1.6396760604111478, 54.8770880906668], [-1.6384305790998042, 54.8770880906668], [-1.6378078384441324, 54.87672876869328], [-1.6378078384441324, 54.876010124746244], [-1.6371850977884606, 54.875650802772725], [-1.6346941351657733, 54.875650802772725], [-1.6340713945101015, 54.875291480799206], [-1.6340713945101015, 54.87457283685217], [-1.6346941351657733, 54.87421351487865], [-1.635939616477117, 54.87421351487865], [-1.6365623571327887, 54.87385419290513], [-1.6365623571327887, 54.87313554895809], [-1.6346941351657733, 54.87205758303753], [-1.6334486538544297, 54.87205758303753], [-1.6322031725430861, 54.87133893909049], [-1.6309576912317425, 54.87133893909049], [-1.6284667286090553, 54.869901651196415], [-1.625975765986368, 54.869901651196415], [-1.6253530253306963, 54.869542329222895], [-1.6253530253306963, 54.86810504132882], [-1.6234848033636808, 54.86702707540826], [-1.6222393220523372, 54.86702707540826], [-1.61974835942965, 54.86558978751418], [-1.6160119154956192, 54.86558978751418], [-1.6153891748399474, 54.8659491094877], [-1.6153891748399474, 54.86738639738178], [-1.6147664341842756, 54.8677457193553], [-1.6128982122172602, 54.86666775343474], [-1.6128982122172602, 54.8659491094877], [-1.6116527309059165, 54.86523046554066], [-1.6116527309059165, 54.864511821593624], [-1.6091617682832293, 54.863074533699546], [-1.6091617682832293, 54.86235588975251], [-1.6085390276275575, 54.86199656777899], [-1.607293546316214, 54.86199656777899], [-1.6060480650048703, 54.86127792383195], [-1.6048025836935267, 54.86199656777899], [-1.6041798430378549, 54.86163724580547], [-1.6041798430378549, 54.86091860185843], [-1.603557102382183, 54.86055927988491], [-1.6029343617265113, 54.86091860185843], [-1.6029343617265113, 54.86163724580547], [-1.6023116210708395, 54.86199656777899], [-1.6010661397594959, 54.86199656777899], [-1.600443399103824, 54.86163724580547], [-1.600443399103824, 54.86091860185843], [-1.5991979177924804, 54.86019995791139], [-1.600443399103824, 54.85948131396435], [-1.600443399103824, 54.85876267001731], [-1.5998206584481522, 54.858403348043794], [-1.597329695825465, 54.858403348043794], [-1.5948387332027778, 54.85984063593787], [-1.5935932518914342, 54.85984063593787], [-1.5923477705800906, 54.86055927988491], [-1.591102289268747, 54.86055927988491], [-1.5898568079574034, 54.85984063593787], [-1.5886113266460598, 54.85984063593787], [-1.5867431046790443, 54.85876267001731], [-1.587988585990388, 54.858044026070274], [-1.5873658453347161, 54.857684704096755], [-1.5861203640233725, 54.857684704096755], [-1.5854976233677007, 54.858044026070274], [-1.5854976233677007, 54.85876267001731], [-1.584874882712029, 54.85912199199083], [-1.581138438777998, 54.85912199199083], [-1.5805156981223263, 54.85876267001731], [-1.5805156981223263, 54.8566067381762], [-1.578024735499639, 54.85516945028212], [-1.578024735499639, 54.85445080633508], [-1.5792702168109827, 54.85373216238804], [-1.5786474761553109, 54.85337284041452], [-1.5774019948439673, 54.85337284041452], [-1.5767792541882955, 54.853013518441], [-1.5767792541882955, 54.852294874493964], [-1.57491103222128, 54.851216908573406], [-1.5724200695985928, 54.851216908573406], [-1.571797328942921, 54.851576230546925], [-1.571797328942921, 54.852294874493964], [-1.5711745882872492, 54.85265419646748], [-1.568683625664562, 54.85265419646748], [-1.5680608850088902, 54.852294874493964], [-1.5680608850088902, 54.851576230546925], [-1.5674381443532184, 54.851216908573406], [-1.5649471817305312, 54.851216908573406], [-1.5637017004191875, 54.85049826462637], [-1.562456219107844, 54.85049826462637], [-1.5618334784521721, 54.850857586599886], [-1.5630789597635157, 54.851576230546925], [-1.562456219107844, 54.851935552520445], [-1.5599652564851567, 54.851935552520445], [-1.559342515829485, 54.852294874493964], [-1.5605879971408285, 54.853013518441], [-1.559342515829485, 54.85373216238804], [-1.5605879971408285, 54.85445080633508], [-1.5605879971408285, 54.85516945028212], [-1.5612107377965003, 54.85552877225564], [-1.562456219107844, 54.85552877225564], [-1.5630789597635157, 54.85588809422916], [-1.5630789597635157, 54.85948131396435], [-1.562456219107844, 54.85984063593787], [-1.5612107377965003, 54.85984063593787], [-1.5599652564851567, 54.86055927988491], [-1.558719775173813, 54.85984063593787], [-1.555606071895454, 54.86163724580547], [-1.555606071895454, 54.8659491094877], [-1.5549833312397823, 54.86630843146122], [-1.5543605905841105, 54.8659491094877], [-1.5543605905841105, 54.86523046554066], [-1.5537378499284387, 54.86487114356714], [-1.552492368617095, 54.86487114356714], [-1.5518696279614232, 54.86523046554066], [-1.5518696279614232, 54.86810504132882], [-1.5512468873057514, 54.86846436330234], [-1.5500014059944078, 54.8677457193553], [-1.549378665338736, 54.86810504132882], [-1.549378665338736, 54.868823685275856], [-1.5487559246830642, 54.869183007249376], [-1.5450194807490334, 54.869183007249376], [-1.5437739994376898, 54.86846436330234], [-1.5425285181263462, 54.86846436330234], [-1.5406602961593308, 54.86738639738178], [-1.5406602961593308, 54.86666775343474], [-1.540037555503659, 54.86630843146122], [-1.5387920741923153, 54.86702707540826], [-1.5363011115696281, 54.86702707540826], [-1.5344328896026127, 54.86810504132882], [-1.5356783709139563, 54.868823685275856], [-1.5350556302582845, 54.869183007249376], [-1.533810148946941, 54.869183007249376], [-1.533187408291269, 54.869542329222895], [-1.533187408291269, 54.870260973169934], [-1.5325646676355973, 54.87062029514345], [-1.5313191863242537, 54.869901651196415], [-1.5306964456685819, 54.870260973169934], [-1.5319419269799255, 54.87097961711697], [-1.5313191863242537, 54.87133893909049], [-1.5288282237015665, 54.87133893909049], [-1.5282054830458947, 54.87169826106401], [-1.5282054830458947, 54.87241690501105], [-1.5288282237015665, 54.87277622698457], [-1.53007370501291, 54.87277622698457], [-1.5306964456685819, 54.87313554895809], [-1.5306964456685819, 54.87385419290513], [-1.5313191863242537, 54.87421351487865], [-1.5325646676355973, 54.87421351487865], [-1.533187408291269, 54.87457283685217], [-1.5313191863242537, 54.875650802772725], [-1.5294509643572383, 54.87457283685217], [-1.5294509643572383, 54.87385419290513], [-1.5288282237015665, 54.87349487093161], [-1.5275827423902228, 54.87349487093161], [-1.5263372610788792, 54.87421351487865], [-1.5250917797675356, 54.87349487093161], [-1.523846298456192, 54.87349487093161], [-1.5230678726366023, 54.87385419290513], [-1.5221337616530946, 54.87385419290513], [-1.5213553358335048, 54.87349487093161], [-1.5201098545221612, 54.87349487093161], [-1.5193314287025714, 54.87385419290513], [-1.5183973177190637, 54.87385419290513], [-1.517618891899474, 54.87349487093161], [-1.5163734105881304, 54.87349487093161], [-1.5157506699324585, 54.87385419290513], [-1.5157506699324585, 54.87457283685217], [-1.5151279292767867, 54.874932158825686], [-1.5138824479654431, 54.87421351487865], [-1.5126369666540995, 54.874932158825686], [-1.511391485342756, 54.874932158825686], [-1.5101460040314123, 54.875650802772725], [-1.5089005227200687, 54.875650802772725], [-1.507655041408725, 54.876369446719764], [-1.5064095600973815, 54.875650802772725], [-1.5057868194417097, 54.876010124746244], [-1.5057868194417097, 54.87744741264032], [-1.5070323007530533, 54.87816605658736], [-1.5051640787860379, 54.87924402250792], [-1.501427634852007, 54.87924402250792], [-1.5008048941963352, 54.8788847005344], [-1.5008048941963352, 54.87744741264032], [-1.5001821535406634, 54.8770880906668], [-1.4995594128849916, 54.87744741264032], [-1.4995594128849916, 54.8788847005344], [-1.4989366722293198, 54.87924402250792], [-1.4976911909179762, 54.87924402250792], [-1.4970684502623044, 54.87960334448144], [-1.4970684502623044, 54.88032198842848], [-1.4958229689509608, 54.881040632375516], [-1.4958229689509608, 54.881759276322555], [-1.495200228295289, 54.882118598296074], [-1.4939547469839454, 54.881399954349035], [-1.4927092656726018, 54.881399954349035], [-1.49208652501693, 54.881759276322555], [-1.49208652501693, 54.882477920269594], [-1.4914637843612581, 54.88283724224311], [-1.4877273404272273, 54.88283724224311], [-1.4871045997715555, 54.88319656421663], [-1.4871045997715555, 54.88391520816367], [-1.4883500810828991, 54.88463385211071], [-1.4877273404272273, 54.88499317408423], [-1.48523637780454, 54.88499317408423], [-1.4839908964931965, 54.88571181803127], [-1.4827454151818529, 54.88571181803127], [-1.4808771932148375, 54.886789783951826], [-1.4808771932148375, 54.887508427898865], [-1.4796317119034939, 54.888227071845904], [-1.4796317119034939, 54.88894571579294], [-1.479008971247822, 54.88930503776646], [-1.4777634899364784, 54.88930503776646], [-1.4771407492808066, 54.88966435973998], [-1.4771407492808066, 54.893976223422214], [-1.4783862305921502, 54.89469486736925], [-1.4777634899364784, 54.89505418934277], [-1.4765180086251348, 54.89505418934277], [-1.475895267969463, 54.89541351131629], [-1.475895267969463, 54.89685079921037], [-1.4734043053467758, 54.89828808710445], [-1.4734043053467758, 54.9011626628926], [-1.4721588240354322, 54.90188130683964], [-1.4721588240354322, 54.90259995078668], [-1.4715360833797604, 54.9029592727602], [-1.4702906020684168, 54.9029592727602], [-1.4684223801014014, 54.90403723868076], [-1.4684223801014014, 54.904755882627796], [-1.4677996394457296, 54.905115204601316], [-1.4671768987900577, 54.904755882627796], [-1.4671768987900577, 54.90403723868076], [-1.4646859361673705, 54.90259995078668], [-1.4646859361673705, 54.90188130683964], [-1.4640631955116987, 54.90143215437274], [-1.463440454856027, 54.899006731051486], [-1.4628177142003551, 54.89864740907797], [-1.4615722328890115, 54.899366053025005], [-1.460326751577668, 54.899366053025005], [-1.459704010921996, 54.899725374998525], [-1.459704010921996, 54.90331859473372], [-1.4590812702663243, 54.90367791670724], [-1.4583028444467345, 54.90403723868076], [-1.4573687334632268, 54.90403723868076], [-1.4572130482993089, 54.90259995078668], [-1.4559675669879653, 54.90188130683964], [-1.4559675669879653, 54.9011626628926], [-1.4572130482993089, 54.900444018945564], [-1.456590307643637, 54.900084696972044], [-1.4553448263322935, 54.90080334091908], [-1.4540993450209498, 54.90080334091908], [-1.453476604365278, 54.9011626628926], [-1.4547220856766216, 54.90188130683964], [-1.4547220856766216, 54.90331859473372], [-1.453476604365278, 54.90403723868076], [-1.453476604365278, 54.904755882627796], [-1.4540993450209498, 54.905115204601316], [-1.4553448263322935, 54.905205035094696], [-1.4553448263322935, 54.905744018054975], [-1.4466264571528882, 54.910864356177626], [-1.4460037164972164, 54.911223678151146], [-1.4416445319075137, 54.912211813578324], [-1.4354171253507957, 54.9136491014724], [-1.4329261627281085, 54.91508638936648], [-1.427944237482734, 54.91652367726056], [-1.4242077935487032, 54.917242321207596], [-1.4179803869919851, 54.917242321207596], [-1.41490638256073, 54.916080474853516], [-1.4192258683033288, 54.916703338247316], [-1.421716830926016, 54.916703338247316], [-1.4266987561713904, 54.91526605035324], [-1.4285669781384058, 54.91481689788634], [-1.4291897187940776, 54.91526605035324], [-1.4316806814167649, 54.9145474064062], [-1.4324591072363546, 54.9140982539393], [-1.431057940761093, 54.911942322098184], [-1.4304352001054212, 54.911583000124665], [-1.4291897187940776, 54.912301644071704], [-1.4254532748600468, 54.912301644071704], [-1.4242077935487032, 54.91302028801874], [-1.421716830926016, 54.91302028801874], [-1.4204713496146724, 54.912301644071704], [-1.4179803869919851, 54.912301644071704], [-1.4173576463363133, 54.911942322098184], [-1.4173576463363133, 54.911223678151146], [-1.415489424369298, 54.91014571223059], [-1.4148666837136261, 54.91050503420411], [-1.4148666837136261, 54.911942322098184], [-1.4142439430579543, 54.912301644071704], [-1.411752980435267, 54.912301644071704], [-1.4111302397795953, 54.91266096604522], [-1.4111302397795953, 54.91337960999226], [-1.4080165365012363, 54.91436774541944], [-1.4030346112558618, 54.91445757591282], [-1.3999209079775028, 54.91625418578042], [-1.3999209079775028, 54.916972829727456], [-1.399298167321831, 54.917332151700975], [-1.3980526860104874, 54.917332151700975], [-1.3968072046991438, 54.918050795648014], [-1.3955617233878002, 54.918050795648014], [-1.3943162420764565, 54.917332151700975], [-1.3905797981424257, 54.917332151700975], [-1.389334316831082, 54.91661350775394], [-1.3868433542083949, 54.91661350775394], [-1.386220613552723, 54.916972829727456], [-1.386220613552723, 54.917691473674495], [-1.3855978728970513, 54.918050795648014], [-1.3843523915857077, 54.917332151700975], [-1.383106910274364, 54.917332151700975], [-1.3824841696186922, 54.917691473674495], [-1.3824841696186922, 54.918410117621534], [-1.3806159476516768, 54.91948808354209], [-1.3793704663403332, 54.91876943959505], [-1.376879503717646, 54.91876943959505], [-1.3762567630619742, 54.91912876156857], [-1.3762567630619742, 54.91984740551561], [-1.3756340224063024, 54.92020672748913], [-1.3743885410949588, 54.92020672748913], [-1.3712748378165998, 54.92200333735673], [-1.3725203191279434, 54.922721981303766], [-1.3712748378165998, 54.923440625250805], [-1.3712748378165998, 54.924159269197844], [-1.367538393882569, 54.92631520103896], [-1.367538393882569, 54.927033844986], [-1.3712748378165998, 54.929189776827116], [-1.370652097160928, 54.929549098800635], [-1.3675919370925018, 54.929549098800635], [-1.367572870683473, 54.92958084266659], [-1.367615749378378, 54.92950945347415], [-1.367638924032706, 54.92946239291925], [-1.367707816091439, 54.929412271569056], [-1.367777683100686, 54.92935073270412], [-1.367841523963278, 54.92928296268759], [-1.367898785279109, 54.929209548979145], [-1.367948970682422, 54.92913112796046], [-1.367991645144516, 54.9290483794187], [-1.368026438744767, 54.92896202065389], [-1.368032838744767, 54.92894372065389], [-1.368043403662683, 54.92891179919169], [-1.368065803662683, 54.92884009919169], [-1.368089347555206, 54.92875028181244], [-1.368104459233725, 54.928658667874295], [-1.368111008413259, 54.92856604722466], [-1.368108938630211, 54.92847321839031], [-1.368098267729167, 54.92838098169283], [-1.36807908770905, 54.92829013234876], [-1.36806498770905, 54.928235932348755], [-1.368038275675159, 54.92814950394203], [-1.368003862440477, 54.92806584312969], [-1.367962029622346, 54.927985634541805], [-1.367913119555544, 54.927909534557514], [-1.367650877597885, 54.92753945304483], [-1.36761042875662, 54.92747341111854], [-1.367473220025007, 54.92719334541747], [-1.367423456114213, 54.92710371377973], [-1.367364776796434, 54.92701964824001], [-1.367297798807573, 54.92694203235046], [-1.367223226104866, 54.926871681875596], [-1.367200560557146, 54.92685431845312], [-1.367101273888497, 54.926609533661555], [-1.367068749736009, 54.926539897671496], [-1.367095789810199, 54.926465760351526], [-1.367119950590704, 54.9263724171428], [-1.367135009433609, 54.926277180967006], [-1.367140826341401, 54.9261809372061], [-1.367137347236045, 54.92608458060925], [-1.367124604461732, 54.92598900697464], [-1.367102716484187, 54.92589510482148], [-1.367071886789323, 54.92580374712971], [-1.367036086789323, 54.92571244712971], [-1.36700159514991, 54.925634446452236], [-1.366960582603012, 54.925559668448294], [-1.366913347464827, 54.92548865703655], [-1.366876847464827, 54.92543855703656], [-1.366811101626787, 54.925357555738834], [-1.366737274604891, 54.92528384484215], [-1.36665616991218, 54.92521822659565], [-1.366568670269859, 54.925161415170344], [-1.366542365689682, 54.92514622536787], [-1.366121730499786, 54.92455819805937], [-1.366088689451584, 54.92451458144275], [-1.365308889451584, 54.92354168144275], [-1.365252505682871, 54.9234772010492], [-1.364460641269017, 54.92264630378723], [-1.364456680704858, 54.92261137615004], [-1.364436774651808, 54.92251748744049], [-1.364407959623497, 54.92242593944831], [-1.364341578823979, 54.922245736466685], [-1.364195639234336, 54.921810204621096], [-1.364187632142345, 54.92176793735555], [-1.36418930554084, 54.92171036779899], [-1.364238364452032, 54.92145798946783], [-1.364387191353311, 54.92071166193275], [-1.364401499478767, 54.9206159801144], [-1.364430399478767, 54.920328080114395], [-1.364432065296281, 54.92030979832835], [-1.364448865296281, 54.92010459832835], [-1.364452161890135, 54.920014269692], [-1.364447288665275, 54.91992401238339], [-1.364434285436581, 54.919834563816494], [-1.364413258442124, 54.91974665479772], [-1.364384379475183, 54.9196610035552], [-1.364347884480675, 54.91957830987072], [-1.364072784480675, 54.91902420987072], [-1.364064057505567, 54.91900704895981], [-1.363910004349109, 54.91871119901797], [-1.363723017297988, 54.91831361254271], [-1.363664223034825, 54.918206212373555], [-1.363592744065966, 54.9181068025213], [-1.363555844065966, 54.918061602521306], [-1.363487598222665, 54.9179861853696], [-1.363412044518872, 54.91791809073146], [-1.36332996457593, 54.9178580230624], [-1.363242207530703, 54.91780660377698], [-1.363088407530703, 54.91772670377698], [-1.363065097683968, 54.91771497779615], [-1.362921097683968, 54.91764487779615], [-1.362839928266797, 54.917609715463584], [-1.362755969064457, 54.91758186378038], [-1.362578769064457, 54.91753166378038], [-1.362556343363169, 54.91752656015548], [-1.362438813538623, 54.91728570614004], [-1.362449482053301, 54.9172432031796], [-1.362464023543753, 54.91714416133393], [-1.362468590151554, 54.91704416189277], [-1.362463136115904, 54.91694420692474], [-1.362447716090288, 54.91684529805279], [-1.362422484594807, 54.916748426417236], [-1.362387694467771, 54.91665456274375], [-1.362343694332071, 54.916564647616006], [-1.361779494332071, 54.91554444761601], [-1.361729177219904, 54.91546294218767], [-1.361671292820766, 54.91538662480458], [-1.36160637222093, 54.915316195674656], [-1.361535011063435, 54.9152523009814], [-1.361457864083091, 54.915195526955216], [-1.361457021375079, 54.9151950234061], [-1.361444511511988, 54.9151476769515], [-1.361359911511988, 54.9148793769515], [-1.3613345264709, 54.91480833399372], [-1.361303857857696, 54.91473940694297], [-1.361238857857696, 54.91460700694297], [-1.361173011688007, 54.91449264206096], [-1.361101411688007, 54.91438534206095], [-1.361013990281932, 54.914272655207306], [-1.360953128953005, 54.914204808056276], [-1.360879637983346, 54.914089994092585], [-1.360819049244815, 54.914005381747835], [-1.360733349244815, 54.91389798174784], [-1.360712483224528, 54.913872693925086], [-1.360525339356473, 54.91365331860505], [-1.360519832457358, 54.91364118271139], [-1.360477093395152, 54.913557649504625], [-1.360426713031446, 54.91347848989988], [-1.36036913493633, 54.91340440085189], [-1.360304866051769, 54.913336034672035], [-1.360197266051769, 54.91323183467204], [-1.360133929289625, 54.91317550027141], [-1.360066049171896, 54.91312473217365], [-1.359994113424701, 54.91307989515313], [-1.359818113424701, 54.91298029515313], [-1.359703338398425, 54.91292468763787], [-1.359599127447735, 54.91288217337926], [-1.359596164045859, 54.91284958653348], [-1.359575749073456, 54.91274661244682], [-1.359531749073456, 54.91257301244682], [-1.359501164960965, 54.91247414180744], [-1.359460525932926, 54.91237896165894], [-1.359410267265487, 54.91228849145602], [-1.359350927268742, 54.91220370020614], [-1.358900890905868, 54.91162668221753], [-1.358539588709845, 54.91115091489533], [-1.358497068469113, 54.91109867463422], [-1.358383768469113, 54.91096867463422], [-1.358381904529422, 54.910966649999786], [-1.358374570607277, 54.91091490824965], [-1.358351851870746, 54.910821027497406], [-1.358320181700949, 54.910729776541366], [-1.35827985557223, 54.910642006728935], [-1.35822615557223, 54.910538606728934], [-1.358176360321758, 54.910453308471915], [-1.358118393393608, 54.91037333850968], [-1.35805282027601, 54.91029947697796], [-1.357980280658307, 54.91023244442256], [-1.357901482190558, 54.91017289477017], [-1.357817193580152, 54.91012140894905], [-1.357728237092797, 54.910078489221924], [-1.357611437092797, 54.91002908922192], [-1.357507713903608, 54.90999181485846], [-1.357023329009407, 54.90984734435437], [-1.356774094766916, 54.909747921100006], [-1.356678683488008, 54.90969492360982], [-1.356599896622665, 54.90962677548043], [-1.356520065786006, 54.90956450123145], [-1.356118865786006, 54.90928300123145], [-1.356096573127413, 54.909267804304406], [-1.355598388484359, 54.908937946096486], [-1.35559679063942, 54.90893252776982], [-1.355559549304191, 54.90884082986903], [-1.355546249304191, 54.90881222986903], [-1.355501125533463, 54.9087263554797], [-1.35544789337928, 54.90864525737128], [-1.35538705378631, 54.90856969872284], [-1.355319179289523, 54.908500390583974], [-1.355239429757831, 54.908426493638885], [-1.355133372804372, 54.908301332909005], [-1.354746167650666, 54.907696828076645], [-1.354745453440245, 54.9076957146731], [-1.354394253440244, 54.9071490146731], [-1.35434255117424, 54.907075943952826], [-1.354284521864152, 54.90700778932244], [-1.354220630467188, 54.90694509686782], [-1.354220102222497, 54.90694466408953], [-1.354242598254758, 54.90693405191667], [-1.354393198254758, 54.90685205191667], [-1.354456976924239, 54.90681419336836], [-1.354493531434085, 54.90679061905001], [-1.35485279757839, 54.90669547742285], [-1.354915627539019, 54.90667661274541], [-1.355244571824426, 54.90656596167272], [-1.355426246518566, 54.90650906858876], [-1.355583728337188, 54.90646916408019], [-1.355675857558572, 54.90644103314414], [-1.355764852679271, 54.906404168371154], [-1.355849887900836, 54.90635891183472], [-1.355930174169285, 54.90630568347673], [-1.356004966496853, 54.90624497721072], [-1.356073570874837, 54.906177356338816], [-1.356135350713405, 54.90610344832475], [-1.356189732748599, 54.906023938971565], [-1.356236212361739, 54.90593956605791], [-1.356274358261848, 54.90585111249212], [-1.356303816487664, 54.90575939904748], [-1.356324313692097, 54.90566527674616], [-1.356335659678657, 54.905569618962446], [-1.356337749166312, 54.905473313318595], [-1.356330562766407, 54.90537725344845], [-1.356314167162574, 54.90528233070528], [-1.356288714491965, 54.905189425890796], [-1.356254440933552, 54.90509940108205], [-1.356211664516583, 54.90501309163212], [-1.35616078216955, 54.90493129841873], [-1.355802139074864, 54.90441230376867], [-1.356572387416462, 54.904044310168054], [-1.356639410492882, 54.90400911356631], [-1.356703578951091, 54.90396894762903], [-1.35678199922678, 54.903915626150365], [-1.357205627392123, 54.90371876214673], [-1.357212574046001, 54.90371550150327], [-1.357685074046001, 54.90349150150327], [-1.357755886753341, 54.903454394423115], [-1.357844586753342, 54.903403294423114], [-1.35792065453451, 54.903354774462024], [-1.357992039459618, 54.90329959578477], [-1.358058160420112, 54.90323820757304], [-1.358118479158715, 54.903171109557206], [-1.3581725046511, 54.90309884794825], [-1.358225304651099, 54.90302114794825], [-1.358273154033887, 54.90294330598776], [-1.358313698482978, 54.902861421423324], [-1.358346599495433, 54.902776177903775], [-1.358403271476934, 54.90260666852447], [-1.358467530802805, 54.90249673792515], [-1.358734464148938, 54.90228472889614], [-1.358844873362856, 54.902219884698766], [-1.359101105149071, 54.902129337522105], [-1.359423729454977, 54.902075422082675], [-1.359453507952074, 54.90206998110645], [-1.359728707952074, 54.90201538110645], [-1.359828317438399, 54.90199023850971], [-1.359924821695055, 54.901955008857655], [-1.360017202196822, 54.901910063971066], [-1.360104483941413, 54.90185587820727], [-1.360730606297911, 54.90142108442489], [-1.360814008062578, 54.90138640058775], [-1.360897309669948, 54.901342131374484], [-1.360976069181971, 54.90129020969983], [-1.361049585723968, 54.901231097610655], [-1.361117205078037, 54.90116532114079], [-1.361411105078037, 54.90085112114079], [-1.361435464868199, 54.90082411046075], [-1.361625864868199, 54.90060511046075], [-1.36168482251146, 54.900530393506024], [-1.361736409851854, 54.90045040992437], [-1.361780159578903, 54.900365884257226], [-1.361815675380147, 54.90027758219108], [-1.361877775380147, 54.90009908219108], [-1.361906959691241, 54.89999850615266], [-1.361925465619925, 54.899895429510686], [-1.361933090206801, 54.89979098273384], [-1.361929749831016, 54.89968631131746], [-1.361915481127352, 54.89958256322054], [-1.361843813902277, 54.89920802133407], [-1.361888620074027, 54.899196560172854], [-1.361980978062595, 54.89916297892427], [-1.362069593904933, 54.89912049444715], [-1.362153611775971, 54.89906951704378], [-1.362232220256457, 54.899010539038514], [-1.362304660169403, 54.89894413002315], [-1.362370231911983, 54.89887093135592], [-1.36242830221209, 54.89879164996748], [-1.362478310244286, 54.89870705153354], [-1.362519773046081, 54.89861795308026], [-1.362552290182246, 54.89852521509363], [-1.362575547612089, 54.89842973320914], [-1.362589320722369, 54.898332429562025], [-1.362593476496543, 54.898234243881554], [-1.362587974799398, 54.8981361244154], [-1.362572868764664, 54.898039018771776], [-1.362548304281868, 54.89794386476769], [-1.362141304281869, 54.89663646476769], [-1.362137179707141, 54.89662352570314], [-1.361363207674929, 54.894251312684915], [-1.361590260169066, 54.893930018851066], [-1.361645140492552, 54.89384322353588], [-1.361690830180437, 54.893751257623364], [-1.361726847422324, 54.8936550909195], [-1.361752812406431, 54.8935557375288], [-1.361768451324819, 54.89345424516024], [-1.361773599260768, 54.89335168407893], [-1.361768201927867, 54.89324913581984], [-1.361752316242487, 54.89314768178274], [-1.361470316242487, 54.891802781782744], [-1.361446233018889, 54.89171021517962], [-1.361413416260969, 54.891620372884056], [-1.361029519577718, 54.89070742796715], [-1.360954252196915, 54.88967517727104], [-1.3609401744587, 54.8895657699946], [-1.360914132104275, 54.88945857890062], [-1.360876442020522, 54.8893549083048], [-1.360755045411504, 54.88907085832486], [-1.360763083979346, 54.88902527618375], [-1.360770590802463, 54.8889283046785], [-1.360768641671293, 54.88883106257799], [-1.360757255024276, 54.8887344697755], [-1.360736538577104, 54.88863944002205], [-1.360706688303745, 54.888546872282504], [-1.360667986582569, 54.8884576422315], [-1.360279886582568, 54.8876701422315], [-1.360251014830801, 54.8876158365842], [-1.359822168041807, 54.88686580521137], [-1.358971299629155, 54.88537939367883], [-1.358970242708608, 54.88535845717647], [-1.358956161459697, 54.88526320329818], [-1.35893298421813, 54.88516974529491], [-1.358900925873625, 54.885078949670294], [-1.358860283657781, 54.88499165824349], [-1.358632283657781, 54.88455785824349], [-1.358623765284517, 54.88454199920087], [-1.358476965284517, 54.88427449920087], [-1.358440042766853, 54.88421261557525], [-1.357927671057206, 54.88342021635069], [-1.35741556838265, 54.88261313696061], [-1.357338253480734, 54.88250731683494], [-1.356454653480734, 54.881450916834936], [-1.35643576521122, 54.881428987515775], [-1.355745783151616, 54.88065097566877], [-1.355473116648383, 54.88033953899856], [-1.355751397065591, 54.880110191474984], [-1.355830348705574, 54.880037676907804], [-1.355901084352423, 54.879957127592625], [-1.355962791131613, 54.87986946917996], [-1.35602686969493, 54.8797672040988], [-1.356068152995975, 54.879722341320786], [-1.356138152650723, 54.879637316124864], [-1.356198377928806, 54.87954510901296], [-1.356248098343638, 54.87944683838685], [-1.356286710824592, 54.87934369619412], [-1.356296419323008, 54.87931265427077], [-1.356323300714201, 54.87927910377181], [-1.356381914068342, 54.87918688081128], [-1.356430115051532, 54.879088813156315], [-1.356467328115124, 54.87898607179351], [-1.356497328115124, 54.878886571793515], [-1.356521820914867, 54.8787871916188], [-1.356526455233898, 54.87875412436283], [-1.356526917425067, 54.878753013813075], [-1.356555375124625, 54.87866007913079], [-1.3565746763769, 54.87856482075848], [-1.356584638848833, 54.878468138573], [-1.356587013950137, 54.87842425083151], [-1.356603247077455, 54.87835204625653], [-1.35661877385942, 54.87826526839896], [-1.356626597756015, 54.878177460289066], [-1.356633497756015, 54.878023460289064], [-1.356633023703742, 54.8779243822951], [-1.356622747470173, 54.87782583752031], [-1.356568547470173, 54.87747543752031], [-1.356563745816181, 54.87744709755345], [-1.356522010066855, 54.8772205837903], [-1.356501628955316, 54.877069452666596], [-1.356483335282453, 54.876971181759515], [-1.356455322204358, 54.87687522813998], [-1.356438511690777, 54.876833630000306], [-1.35644824993934, 54.876779811529424], [-1.356448704607707, 54.876773880396065], [-1.356510992112381, 54.876616789886725], [-1.35653260723039, 54.87655675275862], [-1.35657970723039, 54.87641155275862], [-1.356602875184734, 54.87632792887626], [-1.356618706378638, 54.876242611345184], [-1.356627081607841, 54.87615624258147], [-1.356636481607841, 54.87597994258147], [-1.35663723162237, 54.87589014444596], [-1.356629922759213, 54.87580064110423], [-1.356614613958998, 54.87571215433517], [-1.356591428675987, 54.87562539771977], [-1.356431128675987, 54.87511809771977], [-1.356405145273013, 54.87504568919401], [-1.356373672534833, 54.87497549233807], [-1.356239272534833, 54.87470419233807], [-1.356190002926823, 54.87461619323831], [-1.356132120201858, 54.87453360434086], [-1.356119623980923, 54.874517561068636], [-1.356116757828609, 54.874473853925615], [-1.356101733777503, 54.874380688887626], [-1.356077994555731, 54.874289354908385], [-1.356045751571662, 54.87420066535774], [-1.35600529196346, 54.87411541005574], [-1.355940491963461, 54.87399401005574], [-1.35587223727695, 54.87388394724014], [-1.355736562449603, 54.87369386156166], [-1.355663734993217, 54.873557504840356], [-1.355635567953678, 54.87347093565716], [-1.35558369577702, 54.873252277085406], [-1.355554317802107, 54.87315206307827], [-1.355514648813882, 54.873055459330885], [-1.355465121438867, 54.87296351939528], [-1.355415621438867, 54.87288211939528], [-1.355364389341554, 54.872805976170014], [-1.355306392367113, 54.87273485043976], [-1.355242118996138, 54.872669341262295], [-1.355172110572288, 54.872610000389884], [-1.355096956742813, 54.87255732762212], [-1.355062756742813, 54.87253562762211], [-1.354986158090934, 54.872491645426905], [-1.354947310286289, 54.87247369393116], [-1.35493469641438, 54.87243986102502], [-1.354906077907797, 54.872371049815705], [-1.354872414269, 54.87230456101312], [-1.354692014269, 54.87197896101312], [-1.354671608029922, 54.8719438329464], [-1.354589108029922, 54.8718082329464], [-1.354543407760296, 54.87173965189727], [-1.354222573196291, 54.87129870661841], [-1.354157378697391, 54.871197825853905], [-1.354121240666653, 54.871145620218186], [-1.353592840666653, 54.87043182021819], [-1.353515305905887, 54.870339322740556], [-1.353427192196872, 54.87025684003462], [-1.353171936908548, 54.87004530123389], [-1.353156668459287, 54.87001494349579], [-1.353074125140532, 54.86984579468708], [-1.353042885191722, 54.86976738310825], [-1.353002460608079, 54.86967874075402], [-1.352953602150193, 54.86959445276544], [-1.352896773563686, 54.869515319171555], [-1.352832514243559, 54.869442091077886], [-1.352827165908624, 54.86943707777237], [-1.352791381443891, 54.86934369482159], [-1.352744991762707, 54.86925207198048], [-1.35268944970089, 54.869165690113746], [-1.352684688394353, 54.86915973149728], [-1.352674152584837, 54.86913144674293], [-1.35262155503528, 54.869028477859366], [-1.35252825503528, 54.86886927785936], [-1.352462308595381, 54.868770668204796], [-1.352393908595381, 54.8686804682048], [-1.352316595090447, 54.868590202473136], [-1.35220440630611, 54.86847397559484], [-1.35209484277922, 54.868291087783625], [-1.35201975415776, 54.86818266895585], [-1.35192975415776, 54.86806946895585], [-1.35187441828984, 54.86800560568962], [-1.351813888237029, 54.86794664224535], [-1.351720588237029, 54.86786314224535], [-1.351698871529005, 54.867844262240354], [-1.351666521622328, 54.86781694521513], [-1.351563502701727, 54.86765307461031], [-1.351561106025021, 54.86764928116888], [-1.351504406025021, 54.86755998116888], [-1.351433545674461, 54.867462015404136], [-1.351183752855814, 54.867157313685716], [-1.35102163533825, 54.86694128051374], [-1.350993980060905, 54.86690609622795], [-1.350920580060905, 54.866816896227945], [-1.350882575892141, 54.866773340679124], [-1.350495990021366, 54.86635531559597], [-1.350315983712761, 54.86614654539269], [-1.350134542609072, 54.865904923774195], [-1.350063203387122, 54.86582014517418], [-1.349888103387122, 54.86563404517418], [-1.34986762042921, 54.86561290758782], [-1.34971922042921, 54.86546420758781], [-1.349620399978015, 54.86537742976179], [-1.349415399978015, 54.865220029761794], [-1.349338021037837, 54.865166217667166], [-1.349246204851128, 54.865108587874225], [-1.349200638942773, 54.865067444953006], [-1.349124814541411, 54.865011005270034], [-1.349043999936804, 54.86496197693805], [-1.348929358282115, 54.864899640143975], [-1.34872250545357, 54.86474225884393], [-1.348699152982282, 54.86472502072636], [-1.348635597189631, 54.86467951569944], [-1.348583964794693, 54.864601971844316], [-1.348534240482049, 54.86453372600387], [-1.348478935941199, 54.86446991840427], [-1.348411136731544, 54.864398063349036], [-1.348397651446719, 54.864379479438796], [-1.348336687002651, 54.86418914767757], [-1.348455475656424, 54.864008475392964], [-1.348502172635921, 54.86392983877672], [-1.348541490000081, 54.86384726474821], [-1.348573098885679, 54.86376144398347], [-1.348596734905714, 54.863673094315295], [-1.348612200360823, 54.86358295472906], [-1.348619365892911, 54.86349177918158], [-1.34861823468476, 54.86340516317768], [-1.348646361395096, 54.86337933447941], [-1.348670163346683, 54.86335392967461], [-1.348779103795149, 54.863291199799455], [-1.348860045126387, 54.86323925554093], [-1.348935622136232, 54.863179775958905], [-1.349005135759634, 54.86311331122196], [-1.349067943016075, 54.86304047610931], [-1.349123462956955, 54.862961944324276], [-1.349171182039195, 54.86287844226271], [-1.349210658875356, 54.86279074229405], [-1.349268458875356, 54.862643842294055], [-1.34929960098717, 54.862551800731985], [-1.349321663218083, 54.86245717125326], [-1.349334437267975, 54.86236084730024], [-1.349337802530907, 54.86226373831362], [-1.349331727233815, 54.86216676114599], [-1.349312527233815, 54.86199476114599], [-1.349293429877483, 54.861882313192105], [-1.349261652015175, 54.86177277133335], [-1.34921760705309, 54.8616675606273], [-1.34877420705309, 54.8607578606273], [-1.348762375321654, 54.8607343752891], [-1.348591375321654, 54.860405775289095], [-1.34853103839049, 54.86030481344338], [-1.34845926449308, 54.860211634329815], [-1.34838456449308, 54.86012563432982], [-1.348326242298643, 54.8600639813581], [-1.34828709707791, 54.86002907209809], [-1.348260147851136, 54.85988245503259], [-1.348289923998158, 54.859684815265], [-1.3483420595927, 54.859488618721436], [-1.348366144038133, 54.859368995147584], [-1.34837547942158, 54.8592473287572], [-1.34837727942158, 54.859131428757195], [-1.348375720620032, 54.85905796952772], [-1.348362420620032, 54.85882876952772], [-1.348355371831361, 54.858754866179034], [-1.348310871831361, 54.85842026617903], [-1.348284317951339, 54.85828881446229], [-1.348257817951339, 54.85819171446229], [-1.348233212182581, 54.8581141348006], [-1.348198912182581, 54.858019534800604], [-1.34816158240241, 54.85793030241352], [-1.348115806252018, 54.857845093989944], [-1.34803029563144, 54.85770288113968], [-1.347928656593684, 54.857485788049324], [-1.347858274616422, 54.857359967011575], [-1.347792974616422, 54.857260767011574], [-1.347769711231588, 54.857226958192236], [-1.347590338127382, 54.85697739934754], [-1.347325601770083, 54.856517646641564], [-1.347077147628418, 54.85594464485331], [-1.346985808712338, 54.85570195735328], [-1.346926143596436, 54.855572331595035], [-1.346674281142831, 54.85511433754546], [-1.346504102384779, 54.85478795934547], [-1.346463115263121, 54.854716665580455], [-1.346283915263121, 54.854432665580454], [-1.346224176641303, 54.8543480438077], [-1.346060876641303, 54.854140443807694], [-1.345988785857335, 54.85405843791856], [-1.345779861031244, 54.853845448407135], [-1.34564951944771, 54.85369438113011], [-1.34531604984614, 54.85326024325372], [-1.3453068186555, 54.85324841021322], [-1.344733154666586, 54.85252432658726], [-1.344598675878645, 54.8523378590465], [-1.344543744914218, 54.85226839579104], [-1.344165024101898, 54.85183079497457], [-1.343896270012744, 54.85149140130548], [-1.343877724427862, 54.851468674207794], [-1.343773724427862, 54.85134497420779], [-1.343690836430932, 54.85125764842789], [-1.343513666184928, 54.85109219055383], [-1.342876387760137, 54.85036071153339], [-1.342857341867016, 54.85033946988556], [-1.342621510560742, 54.850083881323954], [-1.342483667120658, 54.84988671681113], [-1.342435500149696, 54.84982334961771], [-1.341447400149696, 54.84862554961771], [-1.341434496071858, 54.84861022238877], [-1.340974496071858, 54.84807482238877], [-1.340934011670303, 54.848030468936535], [-1.339861432894098, 54.84692401820602], [-1.339378798009869, 54.8464050156942], [-1.339352186976188, 54.846377476258944], [-1.338927586976188, 54.84595457625895], [-1.338907564872729, 54.84593518264047], [-1.338467774848479, 54.84552092054456], [-1.33810015309336, 54.84516221138885], [-1.337781730628836, 54.84480247818759], [-1.337620903484746, 54.84459155734288], [-1.337595173562376, 54.84455922133525], [-1.337406252020599, 54.84433161058233], [-1.337233484755751, 54.84410134637174], [-1.337191999214228, 54.84404970967186], [-1.336993299214228, 54.843818509671856], [-1.336950756254294, 54.84377205231959], [-1.336641456254294, 54.8434549523196], [-1.336631521357395, 54.843444909778995], [-1.336576766636178, 54.84339033818394], [-1.336220439770011, 54.843024937951675], [-1.336189031130227, 54.842994116370726], [-1.335408431130227, 54.84226111637073], [-1.33535276999512, 54.84221258953111], [-1.335293679621787, 54.842168302468615], [-1.335121179621787, 54.84204870246861], [-1.335070533657479, 54.84201580692896], [-1.334927133657479, 54.84192870692897], [-1.334904224713758, 54.84191520587801], [-1.334250224713758, 54.84154140587801], [-1.334209068474838, 54.84151914355345], [-1.333951168474838, 54.84138734355344], [-1.333877513902886, 54.84135339563248], [-1.333758513902886, 54.84130429563248], [-1.333685644697351, 54.84127749015473], [-1.333045944697351, 54.84106999015473], [-1.33298476745913, 54.841052278259006], [-1.33286216745913, 54.84102097825901], [-1.332809037310807, 54.84100966603224], [-1.332771285492662, 54.84093087014579], [-1.332722018855574, 54.840849106384425], [-1.332665180458612, 54.840772412767784], [-1.332642280458612, 54.84074441276778], [-1.332559539011522, 54.84065496946698], [-1.332466533771853, 54.84057625303591], [-1.332435605571499, 54.84055315730188], [-1.332418247775256, 54.840509319028584], [-1.332401647775256, 54.84047321902858], [-1.332357313879639, 54.84038787539293], [-1.332304986843536, 54.84030718517209], [-1.332245150641298, 54.84023189467236], [-1.33217835869978, 54.84016270025788], [-1.33211405869978, 54.84010220025788], [-1.332061027507891, 54.840058054492765], [-1.331824248313256, 54.83973406533074], [-1.331789134147622, 54.839620315339054], [-1.331751834147622, 54.83952211533905], [-1.331716958431083, 54.839441224287], [-1.331670258431083, 54.839344824287004], [-1.331630891031159, 54.8392715033506], [-1.331567391031159, 54.839164203350606], [-1.331533465109959, 54.839110805770446], [-1.331457365109959, 54.83899900577044], [-1.331394648662979, 54.83891642297396], [-1.331307648662979, 54.83881342297396], [-1.331277577879212, 54.83877941857202], [-1.331224077879212, 54.838721618572016], [-1.331152463183998, 54.83865162870393], [-1.331032763183998, 54.83854582870393], [-1.330934434922639, 54.83846928076856], [-1.330523234922639, 54.83818848076856], [-1.330454875730568, 54.838145735267084], [-1.330429278713963, 54.83813113041413], [-1.330409262299498, 54.83789035325462], [-1.330396961774754, 54.83779648339422], [-1.330375839455819, 54.83770419741889], [-1.330346084658945, 54.83761432247431], [-1.330307964072019, 54.83752766409645], [-1.330261819364283, 54.83744499899167], [-1.330208064123994, 54.8373670680752], [-1.330147180151504, 54.83729456983043], [-1.330079713140943, 54.837228154048525], [-1.330006267789251, 54.83716841600441], [-1.329927502376361, 54.83711589112142], [-1.329844122865139, 54.837071050172405], [-1.329756876573937, 54.837034295060214], [-1.32966654547849, 54.837005955215545], [-1.329573939203182, 54.83698628464428], [-1.329506406137544, 54.836975251299194], [-1.329472554382094, 54.83695183830119], [-1.329388191176544, 54.83690481840034], [-1.32929968547894, 54.83686615623515], [-1.329207862872335, 54.83683621244711], [-1.329113579879978, 54.83681526635253], [-1.327359179879978, 54.83651356635254], [-1.327296439991203, 54.836505790283496], [-1.327292474103366, 54.83650018871033], [-1.327280189375308, 54.836475514031704], [-1.327236315819864, 54.83639654642396], [-1.327185494870164, 54.8363218603944], [-1.32712814126439, 54.83625206543867], [-1.327064723052239, 54.8361877311375], [-1.326995757775275, 54.83612938250844], [-1.326933657775275, 54.83608148250844], [-1.326856758871192, 54.83602772640436], [-1.326775160321956, 54.835981414020075], [-1.326689580452663, 54.83594295305094], [-1.326673321182458, 54.83593741092639], [-1.326671937640743, 54.83593617606846], [-1.326630413535497, 54.83585234098381], [-1.326572795028749, 54.83576188827826], [-1.326444995028749, 54.835583188278264], [-1.326443890886359, 54.835581647468125], [-1.326148999198176, 54.8351709542989], [-1.326110871158486, 54.83509840784611], [-1.32605561196975, 54.83501482049766], [-1.3258344805312, 54.83471422957283], [-1.325977512284781, 54.8345765448007], [-1.326037842426713, 54.83451315524553], [-1.326169542426713, 54.834362055245535], [-1.326243878990925, 54.83426546369998], [-1.326405078990925, 54.83402726369997], [-1.326451201688048, 54.83395218289862], [-1.326578001688048, 54.83372378289862], [-1.326636810780048, 54.833597989032306], [-1.326692110780048, 54.833454489032306], [-1.32672310021136, 54.833360438664705], [-1.326744635852913, 54.83326378447369], [-1.326756506530157, 54.83316547423251], [-1.326764706530157, 54.83304957423251], [-1.326765196797876, 54.832915735543715], [-1.326761196797876, 54.832852635543716], [-1.32675788042648, 54.832812891023806], [-1.32675148042648, 54.8327510910238], [-1.326733481212971, 54.83263940531393], [-1.326702982756114, 54.832530467195674], [-1.326660375365078, 54.83242567082309], [-1.326650360786195, 54.83240454965008], [-1.326639037427894, 54.83236061863851], [-1.326610256323546, 54.83227896214612], [-1.32656455480209, 54.83216525836082], [-1.32652725480209, 54.83207245836081], [-1.326515379989907, 54.83204417604995], [-1.326411479989906, 54.83180697604995], [-1.326368668383077, 54.83172078131468], [-1.326317769171047, 54.831639101229705], [-1.32625925380095, 54.83156269234587], [-1.32619265380095, 54.83148389234587], [-1.326145340290712, 54.8314317515858], [-1.326085940290712, 54.831370751585794], [-1.326042885607763, 54.83132910856676], [-1.325917016496215, 54.83121446034501], [-1.325854380672468, 54.831156430096534], [-1.32582307107885, 54.83112360635044], [-1.325794633919343, 54.831059992589005], [-1.325755058471411, 54.83098102199761], [-1.325708668582533, 54.83090585186661], [-1.325658968582533, 54.83083275186661], [-1.325599132447532, 54.830753511256574], [-1.325531732818239, 54.830680595364605], [-1.325468432818239, 54.830618595364605], [-1.325361123811662, 54.8305273735187], [-1.325268923811662, 54.830459573518695], [-1.325260318532681, 54.83045331582051], [-1.325040318532681, 54.83029511582052], [-1.325034089911757, 54.83029067292472], [-1.324955290355528, 54.830234918521725], [-1.324886899567034, 54.83018222928704], [-1.324885843305909, 54.83018141664948], [-1.324787443305909, 54.83010581664948], [-1.324769995011492, 54.83009271150338], [-1.324652287160042, 54.83000629553343], [-1.324576852947419, 54.82994981511918], [-1.324563561523752, 54.829940033444856], [-1.324485861523752, 54.82988383344486], [-1.324463619351985, 54.8298682018596], [-1.324376346634015, 54.82980862302671], [-1.324322462121955, 54.82976809769423], [-1.324319943983565, 54.82976621005515], [-1.324238281799186, 54.82970519517229], [-1.324201899571976, 54.82967579108822], [-1.32415710199652, 54.829636202533166], [-1.324124383657692, 54.82960678651114], [-1.324073136414699, 54.82955307012862], [-1.324030010369712, 54.82950107017923], [-1.323925935751162, 54.829366410024626], [-1.323913710855816, 54.82934952175325], [-1.323884954281404, 54.829301707567396], [-1.323873295011696, 54.82928280013737], [-1.323820895011696, 54.82919990013737], [-1.323782224618923, 54.82914481900729], [-1.323759518282291, 54.8290857517496], [-1.323712940971343, 54.828994037216994], [-1.323657188440573, 54.828907592687386], [-1.323581188440573, 54.82880209268738], [-1.32356989846289, 54.8287867313063], [-1.323514908636685, 54.828713386462866], [-1.32341612865614, 54.828563590131886], [-1.323398425385002, 54.82853764002291], [-1.323246325385002, 54.82832204002291], [-1.323238459542966, 54.82831104873213], [-1.323179655289837, 54.82823004132673], [-1.323127757399243, 54.82814798248812], [-1.323084157083491, 54.82808458174313], [-1.322992381988602, 54.82796154991302], [-1.322936820688179, 54.82788450170277], [-1.322896872862707, 54.82782534232764], [-1.322839964739946, 54.827738531882886], [-1.322797101102429, 54.82766983438888], [-1.322708382381912, 54.82750359678632], [-1.322681695967507, 54.82745022395751], [-1.322650111071063, 54.82738672169203], [-1.322602069997532, 54.827270576714916], [-1.32259987879488, 54.827265321629575], [-1.322563615001513, 54.827179043724335], [-1.32252818258246, 54.82707297072299], [-1.32250763259756, 54.82701705196931], [-1.322485792018457, 54.82696268123189], [-1.322470125444303, 54.82691932924908], [-1.322455464421218, 54.82686777333733], [-1.322416179877141, 54.82675549386955], [-1.322383979877141, 54.82667849386955], [-1.322357166135771, 54.82661977437644], [-1.322324066135771, 54.826553074376434], [-1.322294541405149, 54.826497974312105], [-1.322262417365138, 54.82644227826958], [-1.322233980450252, 54.82638668730815], [-1.322165811650026, 54.82627277370086], [-1.322140000388752, 54.82623550203674], [-1.322117905085123, 54.82619669684517], [-1.322078536905194, 54.826133196672465], [-1.322031759217051, 54.826063685182014], [-1.32196538366452, 54.82595357317127], [-1.321873292341488, 54.82579732943611], [-1.321855941054511, 54.82576897885689], [-1.321791541054511, 54.825667578856894], [-1.321779753616285, 54.82564945505644], [-1.321723553616285, 54.825565055056444], [-1.321667689784483, 54.82548917016053], [-1.321647025966285, 54.825463706767536], [-1.321643564600508, 54.82545651510782], [-1.321613875426019, 54.82539958317709], [-1.321574575426019, 54.82532978317708], [-1.321524373829023, 54.82524972185732], [-1.321493550076077, 54.82520536894324], [-1.321438750076077, 54.825126668943234], [-1.32143351864854, 54.82511922831507], [-1.32133391864854, 54.82497892831507], [-1.321318570022554, 54.82495789337476], [-1.321217342557571, 54.82482289059802], [-1.321132204075842, 54.82470809603615], [-1.321083730494891, 54.82464776503136], [-1.320970730494891, 54.82451776503136], [-1.320963240331194, 54.82450924609893], [-1.320855679018912, 54.824388301581884], [-1.320852774150521, 54.82438501663726], [-1.320848006073538, 54.82437764969634], [-1.320798743183718, 54.82430820663305], [-1.320746943183719, 54.82424140663304], [-1.320729528513158, 54.82422019496989], [-1.320707854421405, 54.82417651758972], [-1.320672061186209, 54.824109678232745], [-1.320662380238908, 54.824091243996484], [-1.320668913399166, 54.8240168038164], [-1.320671013399167, 54.823941303816405], [-1.320670538203787, 54.823871992774926], [-1.320670521271317, 54.823871585186204], [-1.320681403602625, 54.823799784935304], [-1.320686667501898, 54.82370506195683], [-1.320683782283992, 54.82363185297805], [-1.320684277568043, 54.823628448392554], [-1.320703926393868, 54.82358763654829], [-1.320737253754222, 54.8234968979474], [-1.320761664370309, 54.82340336544791], [-1.320784464370309, 54.82329476544791], [-1.320797478247556, 54.823218041032014], [-1.320804486524314, 54.823140536960814], [-1.320810386524314, 54.82302553696081], [-1.320811557201789, 54.822991198994956], [-1.320812189836254, 54.822953768122424], [-1.320818072191813, 54.82288392360183], [-1.320821470915063, 54.82281606714697], [-1.320822770915063, 54.822735167146966], [-1.320821768272371, 54.82267918200675], [-1.320830984292575, 54.82258930103551], [-1.320832560925778, 54.822572534415485], [-1.320838360925778, 54.82250473441549], [-1.320841212591433, 54.822379823846944], [-1.320837412591433, 54.82228412384694], [-1.320835963983694, 54.82225696413506], [-1.320832012422963, 54.82219797297843], [-1.32083144826506, 54.8221658629911], [-1.320831784905546, 54.82210459442256], [-1.320826541666683, 54.82199668410004], [-1.320822270190835, 54.82195519625484], [-1.320822196803498, 54.82192617156308], [-1.320815776482625, 54.82181553740382], [-1.32079742134004, 54.82170786180518], [-1.320786347055127, 54.821618487217215], [-1.320770747055127, 54.821528987217214], [-1.32075479336762, 54.82145439893187], [-1.320733200978563, 54.82138124360951], [-1.320716059357274, 54.8213303965531], [-1.320703972962909, 54.82128591862183], [-1.320700953790812, 54.82127478542473], [-1.320685056878883, 54.8212096837854], [-1.320682014455434, 54.821197553970336], [-1.320657914455434, 54.821103953970336], [-1.320653657605512, 54.821087969806214], [-1.320632357605512, 54.82101056980622], [-1.320608382873068, 54.820935229829324], [-1.320588119173587, 54.82087930599202], [-1.320524493004384, 54.820703270573674], [-1.32050523045082, 54.82064279689954], [-1.320466556201318, 54.82054093789078], [-1.32041670990889, 54.820428526552135], [-1.320390830405039, 54.82036737293002], [-1.320370119430888, 54.820321663464725], [-1.320315219430888, 54.82020816346472], [-1.320307851830979, 54.82019324946106], [-1.320270757076035, 54.82011970648285], [-1.320242873213668, 54.82005859435117], [-1.320229271807312, 54.820029992785976], [-1.320183671807312, 54.81993789278597], [-1.320174582798951, 54.81991998965804], [-1.320106882798951, 54.81978988965804], [-1.3200937296501, 54.819765447567974], [-1.319923954611288, 54.81946018947134], [-1.319842662337614, 54.81931184088979], [-1.319836237019941, 54.81930029706675], [-1.319729737019941, 54.81911189706675], [-1.319707077961541, 54.819073808560674], [-1.319486139652123, 54.818720485761546], [-1.319395580389072, 54.81857337596302], [-1.319390875578262, 54.81856580891795], [-1.319236275578262, 54.81831960891795], [-1.319207357234495, 54.81827612096984], [-1.319055464368608, 54.818060152957784], [-1.318936102093461, 54.817889169218155], [-1.318750316193312, 54.81762236913469], [-1.318654336692772, 54.81748373207836], [-1.318605204618018, 54.817406944372564], [-1.318528747890955, 54.81728109196608], [-1.318526289580541, 54.81727706685998], [-1.318414789580541, 54.817095466859975], [-1.318405166489823, 54.81708010765858], [-1.318310133328714, 54.8169314390816], [-1.318249088824168, 54.81683244041343], [-1.318234200404107, 54.8168090285033], [-1.318153300404107, 54.8166856285033], [-1.318147130887243, 54.81667633143018], [-1.318013315408441, 54.81647710147326], [-1.317912461031845, 54.81632086298249], [-1.3178920843632, 54.816290527669736], [-1.317807682039186, 54.81616970516481], [-1.317738528397789, 54.816068318083374], [-1.317720657026554, 54.816042970161234], [-1.317678084642434, 54.815984533196364], [-1.317432707059218, 54.81560632530282], [-1.317400551454212, 54.81555970907002], [-1.317237507886245, 54.81533710393697], [-1.317121307886245, 54.81517870393697], [-1.317100924625329, 54.81515187768656], [-1.316953724625329, 54.814964777686555], [-1.316934908794038, 54.8149415829713], [-1.316845008794038, 54.8148340829713], [-1.31683477121649, 54.81482203595444], [-1.31649947121649, 54.814433735954445], [-1.31649078979862, 54.81442381524114], [-1.31620018979862, 54.81409611524114], [-1.316174705188748, 54.81406844357042], [-1.315914005188748, 54.81379584357042], [-1.315907612717341, 54.813789220600064], [-1.315681719608341, 54.81355732767409], [-1.315459926346195, 54.81332963459118], [-1.315414288405661, 54.813285660785375], [-1.315319288405661, 54.81319976078537], [-1.315295700032544, 54.81317909489254], [-1.315225564324712, 54.81311956641041], [-1.315161723816058, 54.81306346156924], [-1.314950368931719, 54.812872882957414], [-1.314765069777551, 54.81270433905046], [-1.314721005723305, 54.81266653755084], [-1.314601305723305, 54.81256973755084], [-1.314596159722666, 54.81256560405507], [-1.314532973598686, 54.81251519233064], [-1.314360658065904, 54.81236996034546], [-1.314318597657662, 54.812336403869935], [-1.314119142508574, 54.812185875309225], [-1.314000470247255, 54.81209250046138], [-1.313951207430576, 54.81204935087468], [-1.313853320708414, 54.81194251514067], [-1.313786274047916, 54.8118479851017], [-1.313660541035806, 54.81166847625956], [-1.313624467554911, 54.811608535730095], [-1.31360716721339, 54.81157439409426], [-1.313588606215594, 54.81152380725639], [-1.313594316143431, 54.81150149909988], [-1.313625945372409, 54.811464942094005], [-1.313674871290257, 54.81139786828197], [-1.313718064795892, 54.81132696720462], [-1.313743864795892, 54.811280367204624], [-1.313804971436754, 54.811148075942924], [-1.313829271436754, 54.81108347594292], [-1.313863395818888, 54.810974122273755], [-1.313884789926157, 54.81086158343339], [-1.313917089926157, 54.81061558343339], [-1.313924160398713, 54.81053903888628], [-1.313955960398713, 54.809947038886285], [-1.313956971228907, 54.80986411931794], [-1.31395110833103, 54.809781401103386], [-1.31393620833103, 54.80964920110338], [-1.31392083725215, 54.80955418255857], [-1.31386903725215, 54.809309382558574], [-1.313858055666927, 54.80926297740104], [-1.313701641336626, 54.808665918222324], [-1.313592727978503, 54.808182523011325], [-1.313608442054746, 54.8080127832979], [-1.313611846084275, 54.807961917094254], [-1.313627746084275, 54.80757741709425], [-1.313624751726431, 54.80744845447571], [-1.313580451726431, 54.80694495447571], [-1.313570151901645, 54.80686498130169], [-1.31355344226994, 54.80678609795008], [-1.31351544226994, 54.80663669795008], [-1.313487445354549, 54.80654519789703], [-1.313450831230432, 54.80645679262064], [-1.313366731230432, 54.806278392620634], [-1.313348082829694, 54.806240890944196], [-1.31328159976192, 54.80611393457749], [-1.313169463968275, 54.80588974401317], [-1.313088301732287, 54.80567738376196], [-1.31303536645016, 54.805524957490476], [-1.313014948163654, 54.80544908626192], [-1.312992199875451, 54.80534223249706], [-1.312971413222471, 54.80518993990547], [-1.312960914075043, 54.80506936905113], [-1.312954051291306, 54.804732914393895], [-1.312952577544955, 54.804424381260795], [-1.312983941117817, 54.80400303040439], [-1.312986178884926, 54.80389652061668], [-1.312977073223869, 54.80379037717875], [-1.312958973223869, 54.80366087717875], [-1.312944010351823, 54.8035789034357], [-1.312809410351823, 54.8029832034357], [-1.312786642625491, 54.80289950786249], [-1.312718842625492, 54.80268710786249], [-1.312691426429383, 54.80261178458865], [-1.312658065428273, 54.80253889915117], [-1.312519565428273, 54.80226579915117], [-1.312504807688717, 54.80223812700948], [-1.312511904948654, 54.80222120147747], [-1.312556580044642, 54.80208973122707], [-1.312629780044642, 54.80181243122707], [-1.312654764937715, 54.801684494718394], [-1.312674464937715, 54.8015309947184], [-1.312682454844698, 54.801420737885245], [-1.312684354844698, 54.80130923788524], [-1.312676715446002, 54.80116766683688], [-1.312664415446002, 54.80106966683688], [-1.312648293226591, 54.80097684772142], [-1.312599193226591, 54.800756347721425], [-1.312593149190358, 54.800730791440486], [-1.312531849190358, 54.80048599144049], [-1.312511992642581, 54.80041723681324], [-1.312475092642581, 54.80030473681324], [-1.312431686875034, 54.800194810669886], [-1.312403186875034, 54.80013351066988], [-1.312338432375678, 54.800015673009284], [-1.312297432375678, 54.79995167300929], [-1.31224824166784, 54.79988167232609], [-1.312074112269887, 54.799655136761324], [-1.312055162673189, 54.79962608845153], [-1.311912513012638, 54.79935590547692], [-1.311859861781005, 54.7992675174755], [-1.311771861781005, 54.7991357174755], [-1.311736542942351, 54.799086154632846], [-1.311626942942351, 54.798941854632844], [-1.3115743062011, 54.79887819339088], [-1.3114614062011, 54.79875259339088], [-1.311408204929277, 54.7986977723131], [-1.311264723772938, 54.79856080196411], [-1.311260036501443, 54.798547019443], [-1.3112596440546, 54.798545318239945], [-1.31125947954975, 54.798513427799826], [-1.311279413814382, 54.798227396659115], [-1.311289340613493, 54.798220552217394], [-1.311352340613493, 54.7981715522174], [-1.311410307784898, 54.7981228348146], [-1.311501907784898, 54.798039734814594], [-1.311552722550679, 54.797990238274686], [-1.311627122550679, 54.797912438274686], [-1.311678259851836, 54.797854656873895], [-1.311724789812875, 54.79779310464752], [-1.311822089812875, 54.79765350464752], [-1.311892664560934, 54.79753577284786], [-1.312003664560934, 54.79731797284786], [-1.312042930266923, 54.79723087636231], [-1.312324130266923, 54.79651807636232], [-1.31235558004413, 54.79642527420142], [-1.312377796414306, 54.79632983960366], [-1.312432844717148, 54.796026818747215], [-1.312436817823257, 54.79601921357177], [-1.312472874159802, 54.795930361297486], [-1.312500254533826, 54.79583846406592], [-1.312612154533827, 54.795384364065924], [-1.312630679052528, 54.79528977620608], [-1.312640011290032, 54.79519384430125], [-1.312640062763907, 54.7951006912544], [-1.312643537793342, 54.79505963103818], [-1.312647066170261, 54.79498352546854], [-1.312644790236373, 54.794907372154114], [-1.312633590236373, 54.79474287215412], [-1.312619504791178, 54.7946304624976], [-1.31259279543687, 54.79452036735222], [-1.312263654709457, 54.79343593947348], [-1.312199902964512, 54.79322241170541], [-1.312142667153817, 54.792994565634714], [-1.31211181872495, 54.79289433398802], [-1.31209101872495, 54.79283753398803], [-1.312056224549881, 54.79275434266967], [-1.312014077736117, 54.792674623938126], [-1.311941477736117, 54.792551123938125], [-1.311860988889866, 54.79243410611799], [-1.311769514005211, 54.79231949173075], [-1.311700044778581, 54.792231629120266], [-1.311727850047664, 54.79213926707446], [-1.311739390270302, 54.79209770640042], [-1.311832590270302, 54.79173160640042], [-1.311838131414522, 54.79170871600887], [-1.311908631414522, 54.79140171600887], [-1.311928784292576, 54.79127990103551], [-1.311947384292576, 54.791098501035506], [-1.311952581562341, 54.79100257247715], [-1.311948549702351, 54.790906587874076], [-1.311945949702351, 54.79087778787408], [-1.311922997768548, 54.79073688548053], [-1.311840397768548, 54.79038868548052], [-1.311837721077139, 54.79037767980386], [-1.311734321077139, 54.789962779803865], [-1.311712096428672, 54.78988661704143], [-1.311679496428672, 54.789789417041426], [-1.311644824409641, 54.789700391587466], [-1.311601424409641, 54.78960299158747], [-1.311558241931229, 54.78951737541563], [-1.311478141931229, 54.78937587541562], [-1.31145334101003, 54.78933443118556], [-1.31134734101003, 54.78916663118556], [-1.311317346888193, 54.78912186809647], [-1.311056921253485, 54.7887549856352], [-1.311020255462811, 54.78869610265153], [-1.31083866326754, 54.78834362149727], [-1.310798000177181, 54.788272084363406], [-1.310699500177181, 54.78811428436341], [-1.310657541142781, 54.788052349273855], [-1.310421941142781, 54.78773114927385], [-1.31039921956116, 54.78770135899735], [-1.309845871274371, 54.78700337779551], [-1.30974421177088, 54.7868650517453], [-1.309362212953753, 54.78625133849276], [-1.309359034311727, 54.78624490117096], [-1.309357430186739, 54.786240064710036], [-1.309362405195319, 54.78622970150005], [-1.309679708492827, 54.78557182399905], [-1.309712643942494, 54.785495602440875], [-1.309739142412218, 54.78541691126679], [-1.309798442412218, 54.78521321126679], [-1.309808690185692, 54.78517009574932], [-1.309861873335759, 54.785103289539194], [-1.309921334220935, 54.78500853727853], [-1.310309634220935, 54.78430523727853], [-1.31031821522401, 54.78428935810905], [-1.310362378549757, 54.784205840353025], [-1.310517336217217, 54.78391531959137], [-1.310564129107753, 54.78381445546125], [-1.310622629107753, 54.78366745546125], [-1.310654242216354, 54.783575142595346], [-1.310676708046581, 54.78348018818356], [-1.310793008046581, 54.78285358818356], [-1.310805500849963, 54.78276372730366], [-1.310809797991982, 54.78267310400399], [-1.310809997991982, 54.78257330400399], [-1.310806539045199, 54.78248817400291], [-1.310795846140372, 54.7824036474202], [-1.310777996898167, 54.78232033784122], [-1.310744396898167, 54.78219073784122], [-1.310712637755059, 54.78209033286152], [-1.310586237755059, 54.78175353286152], [-1.310556510204488, 54.781682716095574], [-1.310490610204488, 54.781541216095576], [-1.3104287060208, 54.78142801166465], [-1.3103681060208, 54.78133241166465], [-1.310309059438999, 54.781249013794756], [-1.310180560828926, 54.78108588265967], [-1.309974247459488, 54.78075750494377], [-1.309956392251215, 54.780730091709145], [-1.309740474049355, 54.78041015915301], [-1.309738896127318, 54.78040736716767], [-1.309627509577323, 54.78015937608437], [-1.309581695311836, 54.78006974124757], [-1.309549995311836, 54.78001474124757], [-1.30952340500271, 54.77997121183709], [-1.30945520500271, 54.7798657118371], [-1.309409599963561, 54.77980094350338], [-1.309289399963561, 54.77964384350338], [-1.309260840859662, 54.779608231724694], [-1.309082640859662, 54.779396131724695], [-1.309048011545206, 54.77935703490654], [-1.308947044752471, 54.77924887009583], [-1.308882652658116, 54.77917872870733], [-1.308834906883118, 54.779130150149065], [-1.308701806883118, 54.779003650149065], [-1.308654912983017, 54.77896180623477], [-1.308347158253084, 54.77870409899732], [-1.308172870972923, 54.778540396619206], [-1.308029670334139, 54.778389753119775], [-1.307796259772295, 54.778097519150876], [-1.307748116852988, 54.77804160511289], [-1.307695982212913, 54.777989393048884], [-1.307343574367386, 54.77766159130525], [-1.307322119247641, 54.77763862574507], [-1.307302172984432, 54.77761500936943], [-1.307089130935084, 54.77731631865835], [-1.307046703073717, 54.77726101700808], [-1.306755703073717, 54.776907917008074], [-1.306739586397529, 54.77688885099735], [-1.306342226637792, 54.776430504174186], [-1.30749838892497, 54.77468755137636], [-1.311899835943749, 54.769385332924585], [-1.311979204448726, 54.76929890512026], [-1.318434545670684, 54.76304944100148], [-1.32594171604873, 54.75720646723559], [-1.334424446528308, 54.75182900916682], [-1.343796715620634, 54.7469713676206], [-1.353963623327188, 54.74268257643431], [-1.36482234958242, 54.73900591331988], [-1.365427616360978, 54.73884578766505], [-1.366466001221494, 54.738496957110094], [-1.377408585281261, 54.73522616568087], [-1.388852897936534, 54.732593463056745], [-1.40068824258066, 54.73062429710824], [-1.409032357449442, 54.729738078419835], [-1.415082498108573, 54.72883676901337], [-1.426778662390889, 54.72776345037213], [-1.43859753438481, 54.727334678853765], [-1.450433499531602, 54.72755428740775], [-1.45358540719132, 54.727786765899474], [-1.460903046425312, 54.72781557345918], [-1.466281347514923, 54.72730377697732], [-1.466400240101539, 54.72729519162635], [-1.47447636818013, 54.72686525804178], [-1.47465644842763, 54.72685906830462], [-1.492431212429634, 54.7269799799361], [-1.492641042128535, 54.726990061346775], [-1.493975884864696, 54.72708387228892], [-1.496762432870682, 54.72706795317026], [-1.497198059021766, 54.727081028411554], [-1.510195163533885, 54.72786645933397], [-1.522980307468381, 54.729431924797225], [-1.535414321640169, 54.731760389140604], [-1.537498566512326, 54.7322215198925], [-1.546704657911333, 54.73450650768987], [-1.547105661735176, 54.73461722962134], [-1.557159467598634, 54.737725876528245], [-1.566683575720808, 54.741350926917946], [-1.566974179357197, 54.741472851649306], [-1.576790537294198, 54.74604446620443], [-1.585763573878532, 54.75116399164899], [-1.593802087257864, 54.75677958402906], [-1.600824238537652, 54.76283435335628], [-1.601610433429861, 54.76359206555549], [-1.606905362717111, 54.76925050586232], [-1.611310839598539, 54.775158490816224], [-1.614791668369396, 54.781269351202035], [-1.617319917315989, 54.78753479392192], [-1.618875151676362, 54.793905281748565], [-1.61892476283026, 54.79420403328072], [-1.619476171203013, 54.7997916875698], [-1.619368051226844, 54.802844042700706], [-1.622517159473638, 54.807584643910225], [-1.626863904424482, 54.80713973581584], [-1.637064204030912, 54.806586503386534], [-1.637453275679501, 54.8065746356764], [-1.638090839173015, 54.806555268384486], [-1.654038679492899, 54.80665738471475], [-1.654705895959546, 54.806686231882274], [-1.666951697575097, 54.807642762350554], [-1.66758258406308, 54.807672345815995], [-1.668151966879174, 54.80773644755616], [-1.669533334253053, 54.80784425287393], [-1.669606311200678, 54.80785253825048], [-1.670843335714114, 54.808039405914], [-1.68127655425663, 54.80921323154923], [-1.681338653590043, 54.80922231575843], [-1.691095489514499, 54.81089563455421], [-1.70058570897683, 54.813020419972545], [-1.700640136805321, 54.81303409758521], [-1.716900973694111, 54.81796732237196], [-1.716953724957677, 54.81798629368974], [-1.726140689584707, 54.821626824167645], [-1.734732605166967, 54.8257238575018], [-1.734777594560882, 54.82574732654711], [-1.742914752591794, 54.83039864256136], [-1.749970715199066, 54.83524401269013], [-1.750577237115005, 54.83517043800942], [-1.750764112813714, 54.83515466546095], [-1.756262961636041, 54.83485167170043], [-1.762392411978171, 54.833704284959666], [-1.762518609064052, 54.83368481823516], [-1.774107260746841, 54.83223196303229], [-1.774216273554203, 54.83222138143299], [-1.785438121165305, 54.831430189483605], [-1.785593844629635, 54.83142330146576], [-1.793330514698738, 54.8312194529545], [-1.793506399749911, 54.831217955354056], [-1.808397769398701, 54.83160228726114], [-1.80876352514655, 54.83162434770375], [-1.819454386877547, 54.83253926853489], [-1.824306703518627, 54.833205080811155], [-1.824594839773808, 54.83322742740325], [-1.83391900130055, 54.83375402643821], [-1.834887931727647, 54.83378903382874], [-1.835430277638135, 54.83383930980706], [-1.835452844178034, 54.8338405831222], [-1.835796850528458, 54.833871628126246], [-1.83590952023811, 54.83388373392884], [-1.84684840266532, 54.83489718943565], [-1.858568469782658, 54.83666583851147], [-1.869939070897225, 54.83907852823602], [-1.880854345081806, 54.842112811005784], [-1.8818561353954, 54.842426519805116], [-1.892638327758094, 54.84621985595758], [-1.89530572753373, 54.847385623291395], [-1.897098753816246, 54.84775961302665], [-1.897620147886056, 54.84788670430549], [-1.900999386770374, 54.84874439074103], [-1.901242174550915, 54.84880848685381], [-1.913207389383905, 54.85242849790666], [-1.924430058211995, 54.856769585593796], [-1.925220768381413, 54.857112397737396], [-1.936703240108749, 54.86274302037726], [-1.937252686062715, 54.86304703003358], [-1.94721808600513, 54.869244090289754], [-1.955864629383556, 54.87606884568829], [-1.957732993758172, 54.877740136444665], [-1.958583654444247, 54.87851168178782], [-1.958993159328456, 54.878888326263386], [-1.964849660043422, 54.88489142753135], [-1.969690532908397, 54.89118832855751], [-1.973471470059987, 54.89772202329977], [-1.973547801680562, 54.89787834827833], [-1.97595153512018, 54.903720592250764], [-1.977506428495336, 54.90965758582822], [-1.978201393599088, 54.91564842770414], [-1.978207529557164, 54.91578862178471], [-1.977912099163569, 54.92289253739695], [-1.976407161834673, 54.9299454291074], [-1.973706631404922, 54.93687914167855], [-1.969836009425048, 54.94362663699106], [-1.969604791986068, 54.94392685488501], [-1.969352804384158, 54.94435928930179], [-1.965291554891808, 54.94980279573842]]], [[[-1.558062898087006, 55.132623932217165], [-1.5579644504238, 55.13262588677032], [-1.557866672248898, 55.13263751394459], [-1.557721872248898, 55.13266201394459], [-1.557694200343968, 55.1326670974137], [-1.557454252071422, 55.13271467589614], [-1.557218967039838, 55.1327587663714], [-1.557021494887248, 55.13277601713474], [-1.556803554408253, 55.13277960369024], [-1.556518628625985, 55.13276587427329], [-1.556226221129836, 55.13273079448538], [-1.555603205119289, 55.13258182403816], [-1.555310265431144, 55.132499658028074], [-1.5555866963712952, 55.132577193535674], [-1.5574742938624695, 55.13148804791854], [-1.5580970345181413, 55.13184736989206], [-1.5580970345181413, 55.13262662279524], [-1.558161060713337, 55.132631669236], [-1.558062898087006, 55.132623932217165]]], [[[-1.5540017783005107, 55.132358978796994], [-1.5540017783005111, 55.132358978796994], [-1.554111639407528, 55.13236737681485], [-1.5540017783005107, 55.132358978796994]]], [[[-1.553321919770606, 55.13230700895773], [-1.553275042226343, 55.132304530575816], [-1.552086142226343, 55.13226963057582], [-1.551998601968428, 55.132270894941854], [-1.551911507792336, 55.13227981121171], [-1.551405413108244, 55.13235413145347], [-1.551123987667519, 55.13238608368691], [-1.55105095072713, 55.13239712173453], [-1.550978927823704, 55.13241352095826], [-1.550765102790566, 55.132470590636096], [-1.550303484522806, 55.13252140389671], [-1.550205116881488, 55.13253722507921], [-1.550108811799851, 55.13256275611768], [-1.550015525250547, 55.13259774357819], [-1.549926183242755, 55.132641840157625], [-1.549841672630155, 55.13269460813117], [-1.549074638889402, 55.13322842271066], [-1.548904493935745, 55.133265715207784], [-1.548501232453059, 55.13322901558981], [-1.548408018396344, 55.13322490333234], [-1.547240783624821, 55.13322791673548], [-1.54662911461045, 55.13310324589128], [-1.546613645500999, 55.13310021974515], [-1.546087984483721, 55.133001682128786], [-1.545499230894473, 55.13285880589156], [-1.545414008811029, 55.13284200656181], [-1.545327650380945, 55.1328326661903], [-1.544428350380944, 55.1327747661903], [-1.544351428581863, 55.13277278028564], [-1.54427458180907, 55.132776714812614], [-1.54388515515441, 55.13281171610587], [-1.543885840635437, 55.13275509167636], [-1.543877647402158, 55.13265863393809], [-1.543860165904217, 55.13256342038037], [-1.543833559964651, 55.13247034327082], [-1.54379807891369, 55.1323802748559], [-1.543754055252222, 55.13229405918693], [-1.543701901535854, 55.13221250421031], [-1.543642106508764, 55.132136374195994], [-1.543575230523565, 55.132066382575445], [-1.543501900290117, 55.13200318525583], [-1.543422803002489, 55.13194737447342], [-1.543338679899109, 55.13189947324357], [-1.54325031931645, 55.13185993045945], [-1.543158549301357, 55.13182911668537], [-1.543064229851228, 55.1318073206841], [-1.54296824485479, 55.13179474671088], [-1.54287149380898, 55.13179151259923], [-1.542774883389552, 55.13179764865672], [-1.542679318954421, 55.131813097381], [-1.542056018954421, 55.131945097381], [-1.542054594371974, 55.13194540015749], [-1.541598894371974, 55.13204260015749], [-1.541494454928271, 55.132070861729176], [-1.541393680088423, 55.132110241235125], [-1.54129774955433, 55.13216027768648], [-1.54097994955433, 55.13234857768648], [-1.540899592903366, 55.13240157502547], [-1.540824704131232, 55.13246205296444], [-1.540755977150499, 55.132529451120305], [-1.540694048779137, 55.132603144987854], [-1.540639492839818, 55.1326824517264], [-1.540562092839818, 55.1328074517264], [-1.540516461114086, 55.1328895210058], [-1.540478728556141, 55.13297550865075], [-1.540449227877378, 55.133064656454806], [-1.540428219203601, 55.1331561783464], [-1.540416153087926, 55.133247264540785], [-1.538526691597168, 55.13351703437611], [-1.537962341775856, 55.133597570159715], [-1.537936527427057, 55.13359137929684], [-1.537896589906494, 55.13355513969485], [-1.53782015326643, 55.13349238417989], [-1.537737891630282, 55.13343748574803], [-1.537664491630282, 55.13339358574803], [-1.537583683511846, 55.13335015815759], [-1.53749923565213, 55.1333143187016], [-1.537411858756518, 55.13328636900161], [-1.537322288180892, 55.133266544279714], [-1.537231277742941, 55.133255011378935], [-1.537147877742941, 55.133248311378935], [-1.537040655562971, 55.13324546847812], [-1.536933745671007, 55.13325412601605], [-1.536828378030927, 55.13327418439052], [-1.536754978030927, 55.13329228439052], [-1.53665940590843, 55.1333209797717], [-1.536567169474693, 55.133359057268876], [-1.536479187169899, 55.13340613772706], [-1.536396335073933, 55.13346175234469], [-1.536319438182855, 55.133525347341674], [-1.536249262194035, 55.13359628947367], [-1.536186505881759, 55.13367387233757], [-1.536153054651428, 55.133724895038775], [-1.535496360353629, 55.133883720729905], [-1.528902231179546, 55.13546650779156], [-1.528821297357476, 55.13548596676075], [-1.528519667012166, 55.13555674036132], [-1.528430518055378, 55.13558206916921], [-1.528344096836909, 55.13561554241232], [-1.52826114563595, 55.13565687258611], [-1.528182376927419, 55.1357057047022], [-1.528108467262447, 55.1357616193374], [-1.528040051457429, 55.13582413623615], [-1.52790212402409, 55.13596243180321], [-1.527771103926879, 55.13581884131148], [-1.527753203926879, 55.13579924131149], [-1.527687896285055, 55.13573404513994], [-1.527616856805079, 55.1356751467431], [-1.527540690432794, 55.13562304767786], [-1.52746004577276, 55.13557819160054], [-1.527375609564972, 55.13554096048882], [-1.527288100836836, 55.13551167138904], [-1.527198264780206, 55.13549057371631], [-1.527106866405598, 55.13547784713058], [-1.52536157036196, 55.13531647864411], [-1.521512073121422, 55.13494102274762], [-1.521444133357246, 55.134936724466336], [-1.521272361953727, 55.134931718063626], [-1.520354120024892, 55.13485476969829], [-1.520298718051242, 55.134817525505824], [-1.52021339343494, 55.134771479613185], [-1.520124010678298, 55.13473391317617], [-1.520031410025203, 55.134705179338596], [-1.519936461969428, 55.13468554821331], [-1.519302561969428, 55.13458624821331], [-1.519203395421808, 55.13457574662148], [-1.519103676017326, 55.1345751739372], [-1.519004395394417, 55.1345845358554], [-1.518906540828149, 55.13460373927849], [-1.518811085412471, 55.13463259324209], [-1.518724759702768, 55.13466841199624], [-1.518709944633989, 55.13464208225404], [-1.518654026609202, 55.13456210140877], [-1.518590578845465, 55.134487951949005], [-1.518520205604122, 55.134420340056494], [-1.518443577103112, 55.13435990965075], [-1.518361423133973, 55.134307236256504], [-1.518274526111481, 55.1342628215226], [-1.518183713622119, 55.13422708844434], [-1.518089850542341, 55.13420037733503], [-1.517814159405148, 55.134136281898876], [-1.517805730961042, 55.13412301535205], [-1.517747153630967, 55.134047755326336], [-1.517681673332959, 55.13397841770564], [-1.517385573332959, 55.13369341770564], [-1.517310508747234, 55.13362804338372], [-1.517229316662152, 55.13357045571737], [-1.517142801568998, 55.13352122531362], [-1.517051820702053, 55.13348083997165], [-1.516957275544691, 55.13344969984936], [-1.516283772403669, 55.133264472163845], [-1.515860926052272, 55.13311749596495], [-1.515378354443717, 55.13294757377885], [-1.515361818286696, 55.132940239709804], [-1.515351085756104, 55.13292794608677], [-1.515281317905125, 55.13286202340377], [-1.515205551074936, 55.132803093440195], [-1.5151244833321, 55.13275169913861], [-1.515038861582362, 55.132708314012866], [-1.514949474689142, 55.132673337785455], [-1.514857146205454, 55.1326470927047], [-1.514762726786227, 55.13262982057581], [-1.514566026786227, 55.13260352057581], [-1.514462031631955, 55.132595107109886], [-1.51439587505015, 55.132596672379044], [-1.514375883068903, 55.13258716291894], [-1.514311513125104, 55.132556467992075], [-1.513778213125104, 55.13230216799207], [-1.513691235516273, 55.13226562374063], [-1.513601201129835, 55.13223743870896], [-1.513508911324658, 55.13221786376039], [-1.51341518753416, 55.132207073123425], [-1.513322313192486, 55.13220519219168], [-1.513150613509026, 55.13212830143199], [-1.513147612205873, 55.13212319399461], [-1.513089716506571, 55.132043727866844], [-1.513024296994806, 55.13197033123926], [-1.51295198606644, 55.13190371362072], [-1.51283918606644, 55.13180961362072], [-1.512755132407776, 55.1317466740982], [-1.512664942199599, 55.131692895595265], [-1.512569609915311, 55.131648871095244], [-1.512470186726911, 55.13161508602994], [-1.512367768914346, 55.13159191292702], [-1.512351173638147, 55.1315899546503], [-1.512307455658561, 55.13153633743259], [-1.51223752844, 55.13146610145288], [-1.512160992089073, 55.13140313244678], [-1.512078598415371, 55.13134804895309], [-1.511991156764433, 55.13130139205196], [-1.511899526067614, 55.13126362004986], [-1.51180460640489, 55.131235103977716], [-1.51173752909823, 55.1312220162045], [-1.511678323186118, 55.13115493945695], [-1.511607107226837, 55.13108856133147], [-1.511529774247337, 55.13102942269198], [-1.511447057191688, 55.13097808404082], [-1.511359740032985, 55.130935031953825], [-1.510865840032986, 55.13072073195383], [-1.510802222446746, 55.13069567672614], [-1.510159422446746, 55.13046757672614], [-1.510033103636927, 55.13043189321836], [-1.509832558529365, 55.130389224905414], [-1.509790140898708, 55.130362347720514], [-1.509704004204516, 55.13031878594271], [-1.509614068865602, 55.13028373179338], [-1.509263468865602, 55.130166231793375], [-1.50917172520623, 55.13014027854651], [-1.509077926871489, 55.13012318052155], [-1.508982926532332, 55.13011509314758], [-1.5089465301786, 55.130115473682324], [-1.507570082079723, 55.12954411016628], [-1.507556203355767, 55.12953847060417], [-1.507114603355767, 55.12936287060417], [-1.507101692554044, 55.1293578399985], [-1.506964066397999, 55.12930531022904], [-1.506188019180331, 55.12898608583097], [-1.506148268935427, 55.12897071667935], [-1.506112718205442, 55.128957835117774], [-1.506088866456883, 55.12893380316778], [-1.506013295379394, 55.12887129795005], [-1.505931965153816, 55.12881649572013], [-1.505845658005311, 55.12876992355985], [-1.50575520402654, 55.12873202939511], [-1.50555900402654, 55.12866092939511], [-1.505465148657219, 55.12863204595588], [-1.505368912905707, 55.12861250718563], [-1.505271224781382, 55.12860250149834], [-1.505173026298976, 55.12860212537971], [-1.505158041889392, 55.12860354425379], [-1.5051439378627, 55.12859657305271], [-1.505087227612635, 55.12853150184729], [-1.505016943545993, 55.1284650738577], [-1.504940571511725, 55.128405745616476], [-1.504881171511725, 55.12836404561647], [-1.504800606224414, 55.12831304163398], [-1.504715549347666, 55.12826994291628], [-1.504626774233212, 55.12823514132432], [-1.50453508803964, 55.128208953280144], [-1.504449423379394, 55.128193114348555], [-1.504397765118266, 55.12817362881869], [-1.504300675524724, 55.12814247140318], [-1.504250915603306, 55.12810811675994], [-1.504166221979904, 55.12806103984043], [-1.504077369652988, 55.128022380945], [-1.50398519287893, 55.12799250305152], [-1.503890557128155, 55.12797168669089], [-1.503794350959026, 55.127960127313045], [-1.503699211709474, 55.12795335045087], [-1.503597381290309, 55.127935849403386], [-1.503503318639313, 55.12792424048289], [-1.503408579434922, 55.12792158859696], [-1.503314014676715, 55.1279279175663], [-1.503296617504392, 55.12793075438614], [-1.502403455442075, 55.12760988157866], [-1.501446944689867, 55.12726566082706], [-1.501442398678531, 55.12725743217051], [-1.501387921951808, 55.12717799039018], [-1.501326054528712, 55.12710415860722], [-1.501257370459137, 55.12703662188534], [-1.500897554028663, 55.12671539649186], [-1.500861019084761, 55.12668276529862], [-1.500414173890213, 55.126283792805516], [-1.500365408095947, 55.12624019161675], [-1.499999687645888, 55.12591306277241], [-1.499981824760338, 55.12589746213764], [-1.499959215071198, 55.12587818365662], [-1.499506009213584, 55.125472229631875], [-1.499486520454569, 55.125455221917406], [-1.499465330936399, 55.1254372073759], [-1.498942936625754, 55.12497012771579], [-1.498862230164843, 55.124905166154484], [-1.498775235674016, 55.12484890341507], [-1.498682886911886, 55.12480194339576], [-1.498586175107332, 55.12476479014368], [-1.498486138320115, 55.12473784244463], [-1.49838385029882, 55.12472138954276], [-1.498371385367784, 55.124720042382755], [-1.498315783098562, 55.124682747836715], [-1.498314917429783, 55.124680850827446], [-1.498266466200734, 55.12459717098995], [-1.498210159554823, 55.12451856184019], [-1.498054659554823, 55.124322261840184], [-1.498041429276576, 55.12430623509795], [-1.498033746533589, 55.12426972450801], [-1.49800471747687, 55.12417729654256], [-1.497966880795069, 55.12408811133952], [-1.497920591608712, 55.12400300595686], [-1.497866284370276, 55.123922779160935], [-1.497813841199979, 55.1238594939796], [-1.498496927030727, 55.12220490128442], [-1.498530180169181, 55.122111466999485], [-1.49855401480111, 55.122015198379785], [-1.498568196495345, 55.12191704229812], [-1.498571053571994, 55.12185255007052], [-1.499298240480133, 55.121068161559585], [-1.499359640718106, 55.120995249084345], [-1.499413819768447, 55.12091682173725], [-1.499460285348479, 55.12083359212628], [-1.4994986152618, 55.12074631649387], [-1.499528461234452, 55.12065578784545], [-1.499549552079413, 55.12056282874408], [-1.499561696160661, 55.120468283836445], [-1.499564783134424, 55.12037301217821], [-1.499558784951784, 55.12027787942847], [-1.499543756113539, 55.12018374998414], [-1.499519833174992, 55.120091479125904], [-1.499487233505186, 55.120001905246916], [-1.498930805586486, 55.11867369851393], [-1.498917269377593, 55.11861516459028], [-1.498887429119678, 55.11852562214529], [-1.498812176932701, 55.11833096265408], [-1.4988338347704, 55.11827277540033], [-1.498858632700877, 55.11817945415325], [-1.498874314454518, 55.1180841762696], [-1.498880733817908, 55.117987830100574], [-1.498877830938234, 55.11789131395788], [-1.498865632881343, 55.11779552773799], [-1.498844253379388, 55.11770136453176], [-1.498813891770407, 55.11760970229738], [-1.498774831139745, 55.11752139567451], [-1.498727435680614, 55.11743726801576], [-1.498598335680615, 55.11723196801576], [-1.498539468332627, 55.11714820049685], [-1.498472344360133, 55.1170708911559], [-1.498397667380903, 55.11700085037737], [-1.498316220186058, 55.11693881235408], [-1.498228856534568, 55.11688542739101], [-1.498173956534568, 55.11685562739101], [-1.498144452837435, 55.11684148259354], [-1.498167031399496, 55.11682364074574], [-1.498238865266408, 55.11675416369977], [-1.498303405854083, 55.11667786378563], [-1.498360008585063, 55.116595503023134], [-1.498408108158572, 55.11650790396274], [-1.498478995369187, 55.11636195970559], [-1.498614828588184, 55.11608936406026], [-1.49874840948967, 55.11587819325704], [-1.498796512469242, 55.11579323483494], [-1.498836101499287, 55.115703990569976], [-1.498866799223897, 55.115611311123324], [-1.498888313037576, 55.11551607989971], [-1.498900437874306, 55.115419204627], [-1.498903058162204, 55.11532160870383], [-1.498901429062967, 55.11529864640642], [-1.499061379233317, 55.11496687729945], [-1.499094060796896, 55.114891279439966], [-1.499120410582979, 55.11481324861446], [-1.499266610582979, 55.114313248614465], [-1.499287568962845, 55.114227772338005], [-1.499300930848174, 55.11414078436444], [-1.499438330848174, 55.11287818436443], [-1.499441246758287, 55.11284679688658], [-1.499511446758287, 55.11193539688658], [-1.499514361869728, 55.1118498673549], [-1.499508461869728, 55.1111742673549], [-1.49950453784928, 55.11109406967446], [-1.499494192307195, 55.11101444533368], [-1.499467892307195, 55.11086064533368], [-1.499439651109832, 55.11074060448326], [-1.499293251109832, 55.11025490448326], [-1.49928769189098, 55.11023706594855], [-1.49908459189098, 55.109606165948556], [-1.499245863861612, 55.11010713338465], [-1.5001821535406634, 55.11064737345441], [-1.501427634852007, 55.109928729507374], [-1.5026731161633506, 55.109928729507374], [-1.5039185974746943, 55.11064737345441], [-1.5051640787860379, 55.109928729507374], [-1.5064095600973815, 55.109928729507374], [-1.507655041408725, 55.11064737345441], [-1.5089005227200687, 55.11064737345441], [-1.5101460040314123, 55.11136601740145], [-1.511391485342756, 55.11136601740145], [-1.5126369666540995, 55.11208466134849], [-1.5138824479654431, 55.11208466134849], [-1.5151279292767867, 55.11280330529553], [-1.5163734105881304, 55.11208466134849], [-1.517618891899474, 55.11208466134849], [-1.5188643732108176, 55.11280330529553], [-1.5201098545221612, 55.11280330529553], [-1.5213553358335048, 55.11208466134849], [-1.5226008171448484, 55.11208466134849], [-1.5232235578005202, 55.11244398332201], [-1.5232235578005202, 55.11316262726905], [-1.5226008171448484, 55.11352194924257], [-1.5213553358335048, 55.11352194924257], [-1.5194871138664894, 55.114599915163126], [-1.5194871138664894, 55.1160372030572], [-1.5213553358335048, 55.11711516897776], [-1.5219780764891766, 55.11675584700424], [-1.5219780764891766, 55.1160372030572], [-1.5226008171448484, 55.115677881083684], [-1.5250917797675356, 55.115677881083684], [-1.5257145204232074, 55.1160372030572], [-1.5250917797675356, 55.11639652503072], [-1.523846298456192, 55.11639652503072], [-1.5232235578005202, 55.11675584700424], [-1.5250917797675356, 55.1178338129248], [-1.5263372610788792, 55.1178338129248], [-1.5275827423902228, 55.11711516897776], [-1.5288282237015665, 55.11711516897776], [-1.5294509643572383, 55.11747449095128], [-1.5294509643572383, 55.11819313489832], [-1.53007370501291, 55.11855245687184], [-1.5306964456685819, 55.11819313489832], [-1.5306964456685819, 55.11747449095128], [-1.5313191863242537, 55.11711516897776], [-1.5325646676355973, 55.11711516897776], [-1.533187408291269, 55.11747449095128], [-1.533187408291269, 55.11819313489832], [-1.533810148946941, 55.11855245687184], [-1.5363011115696281, 55.11855245687184], [-1.5369238522253, 55.11819313489832], [-1.5369238522253, 55.11747449095128], [-1.5375465928809717, 55.11711516897776], [-1.5387920741923153, 55.11711516897776], [-1.540037555503659, 55.1178338129248], [-1.5406602961593308, 55.11747449095128], [-1.5406602961593308, 55.115318559110165], [-1.5412830368150026, 55.114959237136645], [-1.5419057774706744, 55.115318559110165], [-1.5419057774706744, 55.11747449095128], [-1.5425285181263462, 55.1178338129248], [-1.5443967400933616, 55.11675584700424], [-1.5443967400933616, 55.115318559110165], [-1.5450194807490334, 55.114959237136645], [-1.546264962060377, 55.114959237136645], [-1.5468877027160488, 55.115318559110165], [-1.5456422214047052, 55.1160372030572], [-1.5456422214047052, 55.11819313489832], [-1.546264962060377, 55.11855245687184], [-1.5475104433717206, 55.11855245687184], [-1.5481331840273924, 55.11819313489832], [-1.5481331840273924, 55.11747449095128], [-1.5487559246830642, 55.11711516897776], [-1.5500014059944078, 55.11711516897776], [-1.5506241466500796, 55.11747449095128], [-1.5506241466500796, 55.1196304227924], [-1.5512468873057514, 55.11998974476592], [-1.552492368617095, 55.11927110081888], [-1.5537378499284387, 55.11927110081888], [-1.5543605905841105, 55.1196304227924], [-1.5543605905841105, 55.121786354633514], [-1.552492368617095, 55.12286432055407], [-1.5500014059944078, 55.12286432055407], [-1.549378665338736, 55.12322364252759], [-1.549378665338736, 55.12394228647463], [-1.5481331840273924, 55.12466093042167], [-1.5481331840273924, 55.12609821831575], [-1.5468877027160488, 55.126816862262785], [-1.5475104433717206, 55.127176184236305], [-1.5487559246830642, 55.127176184236305], [-1.549378665338736, 55.127535506209824], [-1.549378665338736, 55.12825415015686], [-1.5475104433717206, 55.12933211607742], [-1.546264962060377, 55.12933211607742], [-1.5456422214047052, 55.12969143805094], [-1.5456422214047052, 55.13041008199798], [-1.546264962060377, 55.1307694039715], [-1.5487559246830642, 55.1307694039715], [-1.549378665338736, 55.13112872594502], [-1.549378665338736, 55.13184736989206], [-1.5500014059944078, 55.132206691865576], [-1.5537378499284387, 55.132206691865576], [-1.5540017783005107, 55.132358978796994], [-1.553321919770606, 55.13230700895773]]], [[[-1.474352148904972, 54.987608652830666], [-1.474149368932265, 54.98641180111008], [-1.5126369666540995, 54.98641180111008], [-1.5201098545221612, 54.98569315716304], [-1.5250917797675356, 54.984255869268964], [-1.5296066495211562, 54.98165078496095], [-1.5308521308324998, 54.98021349706687], [-1.5320976121438434, 54.978057565225754], [-1.533343093455187, 54.97446434549056], [-1.5345885747665307, 54.965121974179056], [-1.5375465928809717, 54.96125926296372], [-1.546264962060377, 54.96054061901668], [-1.5487559246830642, 54.959821975069644], [-1.5524431467056274, 54.96036148071289], [-1.5500014059944078, 54.96036095802992], [-1.5475104433717206, 54.96107960197696], [-1.5437739994376898, 54.961798245924], [-1.5412830368150026, 54.96251688987104], [-1.536768167061382, 54.965121974179056], [-1.5355226857500384, 54.96799654996721], [-1.5342772044386948, 54.978057565225754], [-1.5330317231273511, 54.98093214101391], [-1.530540760504664, 54.983806716802064], [-1.5288282237015665, 54.98479485222924], [-1.5250917797675356, 54.98623214012332], [-1.5213553358335048, 54.98695078407036], [-1.5101460040314123, 54.9876694280174], [-1.4827454151818529, 54.9876694280174], [-1.4765180086251348, 54.98838807196444], [-1.4744842018927393, 54.98838807196444], [-1.474558949382815, 54.98882925565101], [-1.474352148904972, 54.987608652830666]]], [[[-1.367477023763644, 54.93137447378455], [-1.367402823763644, 54.93129157378455], [-1.367346746263427, 54.93123378264347], [-1.367286200641325, 54.93118069093355], [-1.366843400641325, 54.93082289093355], [-1.36676635510037, 54.9307664954254], [-1.36667725510037, 54.9307075954254], [-1.366615334756718, 54.93066981621462], [-1.366569734756719, 54.93064421621462], [-1.366514921782683, 54.93061680893247], [-1.366432792849156, 54.930566356151544], [-1.366394442105979, 54.93054533873639], [-1.36639500804904, 54.930501435703455], [-1.366396778215309, 54.93044201799006], [-1.366484106031475, 54.930404454995525], [-1.36657254443724, 54.93035528219891], [-1.366613628972379, 54.9303266481035], [-1.366658318240583, 54.93030935081739], [-1.366711718240583, 54.93028605081739], [-1.3667481034266344, 54.930267742747674], [-1.3669156532268971, 54.930267742747674], [-1.367538393882569, 54.93062706472119], [-1.367538393882569, 54.93134570866823], [-1.3674808834780174, 54.93137889222847], [-1.367477023763644, 54.93137447378455]]]]}}, {"type": "Feature", "properties": {"band_id": "under_60", "order": 1}, "geometry": {"type": "Polygon", "coordinates": [[[-1.4316806814167649, 54.9145474064062], [-1.4291897187940776, 54.91526605035324], [-1.4285669781384058, 54.91481689788634], [-1.4266987561713904, 54.91526605035324], [-1.421716830926016, 54.916703338247316], [-1.4192258683033288, 54.916703338247316], [-1.41490638256073, 54.916080474853516], [-1.4179803869919851, 54.917242321207596], [-1.4242077935487032, 54.917242321207596], [-1.427944237482734, 54.91652367726056], [-1.4329261627281085, 54.91508638936648], [-1.4354171253507957, 54.9136491014724], [-1.4416445319075137, 54.912211813578324], [-1.4460037164972164, 54.911223678151146], [-1.4466264571528882, 54.910864356177626], [-1.4553448263322935, 54.905744018054975], [-1.4553448263322935, 54.905205035094696], [-1.4540993450209498, 54.905115204601316], [-1.453476604365278, 54.904755882627796], [-1.453476604365278, 54.90403723868076], [-1.4547220856766216, 54.90331859473372], [-1.4547220856766216, 54.90188130683964], [-1.453476604365278, 54.9011626628926], [-1.4540993450209498, 54.90080334091908], [-1.4553448263322935, 54.90080334091908], [-1.456590307643637, 54.900084696972044], [-1.4572130482993089, 54.900444018945564], [-1.4559675669879653, 54.9011626628926], [-1.4559675669879653, 54.90188130683964], [-1.4572130482993089, 54.90259995078668], [-1.4573687334632268, 54.90403723868076], [-1.4583028444467345, 54.90403723868076], [-1.4590812702663243, 54.90367791670724], [-1.459704010921996, 54.90331859473372], [-1.459704010921996, 54.899725374998525], [-1.460326751577668, 54.899366053025005], [-1.4615722328890115, 54.899366053025005], [-1.4628177142003551, 54.89864740907797], [-1.463440454856027, 54.899006731051486], [-1.4640631955116987, 54.90143215437274], [-1.4646859361673705, 54.90188130683964], [-1.4646859361673705, 54.90259995078668], [-1.4671768987900577, 54.90403723868076], [-1.4671768987900577, 54.904755882627796], [-1.4677996394457296, 54.905115204601316], [-1.4684223801014014, 54.904755882627796], [-1.4684223801014014, 54.90403723868076], [-1.4702906020684168, 54.9029592727602], [-1.4715360833797604, 54.9029592727602], [-1.4721588240354322, 54.90259995078668], [-1.4721588240354322, 54.90188130683964], [-1.4734043053467758, 54.9011626628926], [-1.4734043053467758, 54.89828808710445], [-1.475895267969463, 54.89685079921037], [-1.475895267969463, 54.89541351131629], [-1.4765180086251348, 54.89505418934277], [-1.4777634899364784, 54.89505418934277], [-1.4783862305921502, 54.89469486736925], [-1.4771407492808066, 54.893976223422214], [-1.4771407492808066, 54.88966435973998], [-1.4777634899364784, 54.88930503776646], [-1.479008971247822, 54.88930503776646], [-1.4796317119034939, 54.88894571579294], [-1.4796317119034939, 54.888227071845904], [-1.4808771932148375, 54.887508427898865], [-1.4808771932148375, 54.886789783951826], [-1.4827454151818529, 54.88571181803127], [-1.4839908964931965, 54.88571181803127], [-1.48523637780454, 54.88499317408423], [-1.4877273404272273, 54.88499317408423], [-1.4883500810828991, 54.88463385211071], [-1.4871045997715555, 54.88391520816367], [-1.4871045997715555, 54.88319656421663], [-1.4877273404272273, 54.88283724224311], [-1.4914637843612581, 54.88283724224311], [-1.49208652501693, 54.882477920269594], [-1.49208652501693, 54.881759276322555], [-1.4927092656726018, 54.881399954349035], [-1.4939547469839454, 54.881399954349035], [-1.495200228295289, 54.882118598296074], [-1.4958229689509608, 54.881759276322555], [-1.4958229689509608, 54.881040632375516], [-1.4970684502623044, 54.88032198842848], [-1.4970684502623044, 54.87960334448144], [-1.4976911909179762, 54.87924402250792], [-1.4989366722293198, 54.87924402250792], [-1.4995594128849916, 54.8788847005344], [-1.4995594128849916, 54.87744741264032], [-1.5001821535406634, 54.8770880906668], [-1.5008048941963352, 54.87744741264032], [-1.5008048941963352, 54.8788847005344], [-1.501427634852007, 54.87924402250792], [-1.5051640787860379, 54.87924402250792], [-1.5070323007530533, 54.87816605658736], [-1.5057868194417097, 54.87744741264032], [-1.5057868194417097, 54.876010124746244], [-1.5064095600973815, 54.875650802772725], [-1.507655041408725, 54.876369446719764], [-1.5089005227200687, 54.875650802772725], [-1.5101460040314123, 54.875650802772725], [-1.511391485342756, 54.874932158825686], [-1.5126369666540995, 54.874932158825686], [-1.5138824479654431, 54.87421351487865], [-1.5151279292767867, 54.874932158825686], [-1.5157506699324585, 54.87457283685217], [-1.5157506699324585, 54.87385419290513], [-1.5163734105881304, 54.87349487093161], [-1.517618891899474, 54.87349487093161], [-1.5183973177190637, 54.87385419290513], [-1.5193314287025714, 54.87385419290513], [-1.5201098545221612, 54.87349487093161], [-1.5213553358335048, 54.87349487093161], [-1.5221337616530946, 54.87385419290513], [-1.5230678726366023, 54.87385419290513], [-1.523846298456192, 54.87349487093161], [-1.5250917797675356, 54.87349487093161], [-1.5263372610788792, 54.87421351487865], [-1.5275827423902228, 54.87349487093161], [-1.5288282237015665, 54.87349487093161], [-1.5294509643572383, 54.87385419290513], [-1.5294509643572383, 54.87457283685217], [-1.5313191863242537, 54.875650802772725], [-1.533187408291269, 54.87457283685217], [-1.5325646676355973, 54.87421351487865], [-1.5313191863242537, 54.87421351487865], [-1.5306964456685819, 54.87385419290513], [-1.5306964456685819, 54.87313554895809], [-1.53007370501291, 54.87277622698457], [-1.5288282237015665, 54.87277622698457], [-1.5282054830458947, 54.87241690501105], [-1.5282054830458947, 54.87169826106401], [-1.5288282237015665, 54.87133893909049], [-1.5313191863242537, 54.87133893909049], [-1.5319419269799255, 54.87097961711697], [-1.5306964456685819, 54.870260973169934], [-1.5313191863242537, 54.869901651196415], [-1.5325646676355973, 54.87062029514345], [-1.533187408291269, 54.870260973169934], [-1.533187408291269, 54.869542329222895], [-1.533810148946941, 54.869183007249376], [-1.5350556302582845, 54.869183007249376], [-1.5356783709139563, 54.868823685275856], [-1.5344328896026127, 54.86810504132882], [-1.5363011115696281, 54.86702707540826], [-1.5387920741923153, 54.86702707540826], [-1.540037555503659, 54.86630843146122], [-1.5406602961593308, 54.86666775343474], [-1.5406602961593308, 54.86738639738178], [-1.5425285181263462, 54.86846436330234], [-1.5437739994376898, 54.86846436330234], [-1.5450194807490334, 54.869183007249376], [-1.5487559246830642, 54.869183007249376], [-1.549378665338736, 54.868823685275856], [-1.549378665338736, 54.86810504132882], [-1.5500014059944078, 54.8677457193553], [-1.5512468873057514, 54.86846436330234], [-1.5518696279614232, 54.86810504132882], [-1.5518696279614232, 54.86523046554066], [-1.552492368617095, 54.86487114356714], [-1.5537378499284387, 54.86487114356714], [-1.5543605905841105, 54.86523046554066], [-1.5543605905841105, 54.8659491094877], [-1.5549833312397823, 54.86630843146122], [-1.555606071895454, 54.8659491094877], [-1.555606071895454, 54.86163724580547], [-1.558719775173813, 54.85984063593787], [-1.5599652564851567, 54.86055927988491], [-1.5612107377965003, 54.85984063593787], [-1.562456219107844, 54.85984063593787], [-1.5630789597635157, 54.85948131396435], [-1.5630789597635157, 54.85588809422916], [-1.562456219107844, 54.85552877225564], [-1.5612107377965003, 54.85552877225564], [-1.5605879971408285, 54.85516945028212], [-1.5605879971408285, 54.85445080633508], [-1.559342515829485, 54.85373216238804], [-1.5605879971408285, 54.853013518441], [-1.559342515829485, 54.852294874493964], [-1.5599652564851567, 54.851935552520445], [-1.562456219107844, 54.851935552520445], [-1.5630789597635157, 54.851576230546925], [-1.5618334784521721, 54.850857586599886], [-1.562456219107844, 54.85049826462637], [-1.5637017004191875, 54.85049826462637], [-1.5649471817305312, 54.851216908573406], [-1.5674381443532184, 54.851216908573406], [-1.5680608850088902, 54.851576230546925], [-1.5680608850088902, 54.852294874493964], [-1.568683625664562, 54.85265419646748], [-1.5711745882872492, 54.85265419646748], [-1.571797328942921, 54.852294874493964], [-1.571797328942921, 54.851576230546925], [-1.5724200695985928, 54.851216908573406], [-1.57491103222128, 54.851216908573406], [-1.5767792541882955, 54.852294874493964], [-1.5767792541882955, 54.853013518441], [-1.5774019948439673, 54.85337284041452], [-1.5786474761553109, 54.85337284041452], [-1.5792702168109827, 54.85373216238804], [-1.578024735499639, 54.85445080633508], [-1.578024735499639, 54.85516945028212], [-1.5805156981223263, 54.8566067381762], [-1.5805156981223263, 54.85876267001731], [-1.581138438777998, 54.85912199199083], [-1.584874882712029, 54.85912199199083], [-1.5854976233677007, 54.85876267001731], [-1.5854976233677007, 54.858044026070274], [-1.5861203640233725, 54.857684704096755], [-1.5873658453347161, 54.857684704096755], [-1.587988585990388, 54.858044026070274], [-1.5867431046790443, 54.85876267001731], [-1.5886113266460598, 54.85984063593787], [-1.5898568079574034, 54.85984063593787], [-1.591102289268747, 54.86055927988491], [-1.5923477705800906, 54.86055927988491], [-1.5935932518914342, 54.85984063593787], [-1.5948387332027778, 54.85984063593787], [-1.597329695825465, 54.858403348043794], [-1.5998206584481522, 54.858403348043794], [-1.600443399103824, 54.85876267001731], [-1.600443399103824, 54.85948131396435], [-1.5991979177924804, 54.86019995791139], [-1.600443399103824, 54.86091860185843], [-1.600443399103824, 54.86163724580547], [-1.6010661397594959, 54.86199656777899], [-1.6023116210708395, 54.86199656777899], [-1.6029343617265113, 54.86163724580547], [-1.6029343617265113, 54.86091860185843], [-1.603557102382183, 54.86055927988491], [-1.6041798430378549, 54.86091860185843], [-1.6041798430378549, 54.86163724580547], [-1.6048025836935267, 54.86199656777899], [-1.6060480650048703, 54.86127792383195], [-1.607293546316214, 54.86199656777899], [-1.6085390276275575, 54.86199656777899], [-1.6091617682832293, 54.86235588975251], [-1.6091617682832293, 54.863074533699546], [-1.6116527309059165, 54.864511821593624], [-1.6116527309059165, 54.86523046554066], [-1.6128982122172602, 54.8659491094877], [-1.6128982122172602, 54.86666775343474], [-1.6147664341842756, 54.8677457193553], [-1.6153891748399474, 54.86738639738178], [-1.6153891748399474, 54.8659491094877], [-1.6160119154956192, 54.86558978751418], [-1.61974835942965, 54.86558978751418], [-1.6222393220523372, 54.86702707540826], [-1.6234848033636808, 54.86702707540826], [-1.6253530253306963, 54.86810504132882], [-1.6253530253306963, 54.869542329222895], [-1.625975765986368, 54.869901651196415], [-1.6284667286090553, 54.869901651196415], [-1.6309576912317425, 54.87133893909049], [-1.6322031725430861, 54.87133893909049], [-1.6334486538544297, 54.87205758303753], [-1.6346941351657733, 54.87205758303753], [-1.6365623571327887, 54.87313554895809], [-1.6365623571327887, 54.87385419290513], [-1.635939616477117, 54.87421351487865], [-1.6346941351657733, 54.87421351487865], [-1.6340713945101015, 54.87457283685217], [-1.6340713945101015, 54.875291480799206], [-1.6346941351657733, 54.875650802772725], [-1.6371850977884606, 54.875650802772725], [-1.6378078384441324, 54.876010124746244], [-1.6378078384441324, 54.87672876869328], [-1.6384305790998042, 54.8770880906668], [-1.6396760604111478, 54.8770880906668], [-1.6402988010668196, 54.87672876869328], [-1.6402988010668196, 54.876010124746244], [-1.6409215417224914, 54.875650802772725], [-1.6415442823781632, 54.876010124746244], [-1.6415442823781632, 54.87816605658736], [-1.642167023033835, 54.87852537856088], [-1.6446579856565222, 54.87852537856088], [-1.6459034669678658, 54.87780673461384], [-1.6465262076235376, 54.87816605658736], [-1.6465262076235376, 54.8788847005344], [-1.6471489482792094, 54.87924402250792], [-1.648394429590553, 54.87924402250792], [-1.6496399109018967, 54.87852537856088], [-1.651508132868912, 54.87960334448144], [-1.651508132868912, 54.881040632375516], [-1.6527536141802557, 54.881759276322555], [-1.6527536141802557, 54.882477920269594], [-1.6533763548359275, 54.88283724224311], [-1.6571127987699583, 54.88283724224311], [-1.6577355394256301, 54.88319656421663], [-1.6577355394256301, 54.88391520816367], [-1.658358280081302, 54.88427453013719], [-1.6589810207369737, 54.88391520816367], [-1.6589810207369737, 54.882477920269594], [-1.6596037613926455, 54.882118598296074], [-1.6608492427039891, 54.88283724224311], [-1.661471983359661, 54.882477920269594], [-1.661471983359661, 54.881759276322555], [-1.6620947240153328, 54.881399954349035], [-1.6670766492607072, 54.881399954349035], [-1.6689448712277226, 54.882477920269594], [-1.6689448712277226, 54.88319656421663], [-1.667699389916379, 54.88391520816367], [-1.6689448712277226, 54.88463385211071], [-1.6689448712277226, 54.88535249605775], [-1.6695676118833944, 54.88571181803127], [-1.6733040558174253, 54.88571181803127], [-1.6751722777844407, 54.88463385211071], [-1.6751722777844407, 54.88319656421663], [-1.6757950184401125, 54.88283724224311], [-1.677040499751456, 54.88355588619015], [-1.6820224249968305, 54.88355588619015], [-1.6826451656525023, 54.88319656421663], [-1.6826451656525023, 54.881759276322555], [-1.6832679063081741, 54.881399954349035], [-1.6845133876195177, 54.881399954349035], [-1.6863816095865332, 54.88032198842848], [-1.6863816095865332, 54.87960334448144], [-1.6882498315535486, 54.87852537856088], [-1.6907407941762358, 54.87852537856088], [-1.6913635348319076, 54.8788847005344], [-1.6913635348319076, 54.88032198842848], [-1.693231756798923, 54.881399954349035], [-1.6944772381102666, 54.880681310402], [-1.6957227194216102, 54.880681310402], [-1.696345460077282, 54.881040632375516], [-1.6957227194216102, 54.881399954349035], [-1.6944772381102666, 54.881399954349035], [-1.6938544974545948, 54.881759276322555], [-1.6950999787659384, 54.882477920269594], [-1.6938544974545948, 54.88319656421663], [-1.6944772381102666, 54.88355588619015], [-1.7007046446669847, 54.88355588619015], [-1.7019501259783283, 54.88427453013719], [-1.7056865699123591, 54.88427453013719], [-1.706309310568031, 54.88463385211071], [-1.7050638292566873, 54.88535249605775], [-1.7050638292566873, 54.88607114000479], [-1.7044410886010155, 54.88643046197831], [-1.703195607289672, 54.88643046197831], [-1.702572866634, 54.886789783951826], [-1.703195607289672, 54.887149105925346], [-1.7044410886010155, 54.887149105925346], [-1.706309310568031, 54.888227071845904], [-1.706309310568031, 54.88894571579294], [-1.7050638292566873, 54.88966435973998], [-1.7050638292566873, 54.89110164763406], [-1.7038183479453437, 54.8918202915811], [-1.7044410886010155, 54.89217961355462], [-1.7069320512237027, 54.89217961355462], [-1.7081775325350463, 54.89146096960758], [-1.70942301384639, 54.89217961355462], [-1.7106684951577336, 54.89217961355462], [-1.712536717124749, 54.893257579475176], [-1.7112912358134054, 54.893976223422214], [-1.7112912358134054, 54.89469486736925], [-1.7106684951577336, 54.89505418934277], [-1.70942301384639, 54.89505418934277], [-1.7088002731907181, 54.89541351131629], [-1.7088002731907181, 54.89613215526333], [-1.7075547918793745, 54.89685079921037], [-1.7081775325350463, 54.89721012118389], [-1.70942301384639, 54.89721012118389], [-1.7100457545020618, 54.89756944315741], [-1.7100457545020618, 54.89828808710445], [-1.7106684951577336, 54.89864740907797], [-1.7112912358134054, 54.89828808710445], [-1.7112912358134054, 54.89756944315741], [-1.7119139764690772, 54.89721012118389], [-1.7137821984360926, 54.89828808710445], [-1.7137821984360926, 54.899725374998525], [-1.715650420403108, 54.90080334091908], [-1.7168959017144516, 54.90080334091908], [-1.7181413830257952, 54.90152198486612], [-1.7193868643371388, 54.90152198486612], [-1.7243687895825133, 54.90439656065428], [-1.728105233516544, 54.90439656065428], [-1.7293507148278877, 54.90367791670724], [-1.731841677450575, 54.905115204601316], [-1.7330871587619185, 54.905115204601316], [-1.7355781213846058, 54.90655249249539], [-1.7368236026959494, 54.90655249249539], [-1.7374463433516212, 54.90691181446891], [-1.7343326400732622, 54.90870842433651], [-1.7330871587619185, 54.90870842433651], [-1.7312189367949031, 54.90978639025707], [-1.7312189367949031, 54.911942322098184], [-1.7343326400732622, 54.91373893196578], [-1.7393145653186366, 54.91373893196578], [-1.7436737499083392, 54.911223678151146], [-1.7436737499083392, 54.91050503420411], [-1.744296490564011, 54.91014571223059], [-1.7455419718753546, 54.91014571223059], [-1.7467874531866983, 54.910864356177626], [-1.7517693784320727, 54.910864356177626], [-1.7530148597434163, 54.91014571223059], [-1.75426034105476, 54.91014571223059], [-1.7548830817104317, 54.91050503420411], [-1.7523921190877445, 54.911942322098184], [-1.7523921190877445, 54.91266096604522], [-1.7530148597434163, 54.91302028801874], [-1.75426034105476, 54.912301644071704], [-1.7555058223661035, 54.912301644071704], [-1.7561285630217753, 54.911942322098184], [-1.7561285630217753, 54.90978639025707], [-1.7567513036774471, 54.90942706828355], [-1.7592422663001344, 54.90942706828355], [-1.760487747611478, 54.90870842433651], [-1.7654696728568524, 54.90870842433651], [-1.7660924135125242, 54.90906774631003], [-1.7660924135125242, 54.90978639025707], [-1.7654696728568524, 54.91014571223059], [-1.7642241915455088, 54.91014571223059], [-1.7629787102341652, 54.910864356177626], [-1.760487747611478, 54.910864356177626], [-1.7598650069558062, 54.911223678151146], [-1.7611104882671498, 54.911942322098184], [-1.7611104882671498, 54.91337960999226], [-1.7598650069558062, 54.9140982539393], [-1.7617332289228216, 54.91517621985986], [-1.7629787102341652, 54.91517621985986], [-1.763601450889837, 54.91553554183338], [-1.763601450889837, 54.91625418578042], [-1.7642241915455088, 54.91661350775394], [-1.7679606354795396, 54.91661350775394], [-1.7685833761352114, 54.916972829727456], [-1.7685833761352114, 54.917691473674495], [-1.7679606354795396, 54.918050795648014], [-1.766715154168196, 54.918050795648014], [-1.7660924135125242, 54.918410117621534], [-1.7660924135125242, 54.91912876156857], [-1.7673378948238678, 54.91984740551561], [-1.7673378948238678, 54.92056604946265], [-1.7685833761352114, 54.92128469340969], [-1.7685833761352114, 54.922721981303766], [-1.766715154168196, 54.923799947224325], [-1.7654696728568524, 54.923799947224325], [-1.7642241915455088, 54.92451859117136], [-1.7629787102341652, 54.92451859117136], [-1.7598650069558062, 54.92631520103896], [-1.7598650069558062, 54.929189776827116], [-1.7592422663001344, 54.929549098800635], [-1.7579967849887908, 54.929549098800635], [-1.757374044333119, 54.929908420774154], [-1.7586195256444626, 54.93062706472119], [-1.757374044333119, 54.93134570866823], [-1.757374044333119, 54.93206435261527], [-1.7579967849887908, 54.93242367458879], [-1.7592422663001344, 54.93242367458879], [-1.760487747611478, 54.93314231853583], [-1.7629787102341652, 54.93314231853583], [-1.763601450889837, 54.93350164050935], [-1.7629787102341652, 54.93386096248287], [-1.7617332289228216, 54.93386096248287], [-1.7611104882671498, 54.93422028445639], [-1.7611104882671498, 54.934938928403426], [-1.7617332289228216, 54.935298250376945], [-1.7642241915455088, 54.935298250376945], [-1.7648469322011806, 54.935657572350465], [-1.7648469322011806, 54.936376216297504], [-1.7642241915455088, 54.93673553827102], [-1.7617332289228216, 54.93673553827102], [-1.7592422663001344, 54.9381728261651], [-1.7567513036774471, 54.9381728261651], [-1.7561285630217753, 54.93853214813862], [-1.7561285630217753, 54.9399694360327], [-1.7567513036774471, 54.94032875800622], [-1.760487747611478, 54.94032875800622], [-1.7611104882671498, 54.9399694360327], [-1.7611104882671498, 54.93853214813862], [-1.7617332289228216, 54.9381728261651], [-1.7629787102341652, 54.9381728261651], [-1.7642241915455088, 54.93889147011214], [-1.7654696728568524, 54.93889147011214], [-1.7660924135125242, 54.93925079208566], [-1.7660924135125242, 54.9399694360327], [-1.7654696728568524, 54.94032875800622], [-1.7642241915455088, 54.94032875800622], [-1.763601450889837, 54.940688079979736], [-1.763601450889837, 54.941406723926775], [-1.7629787102341652, 54.941766045900295], [-1.7617332289228216, 54.941766045900295], [-1.7611104882671498, 54.942125367873814], [-1.7617332289228216, 54.94248468984733], [-1.766715154168196, 54.94248468984733], [-1.7679606354795396, 54.94320333379437], [-1.7692061167908832, 54.94320333379437], [-1.769828857446555, 54.94356265576789], [-1.769828857446555, 54.94428129971493], [-1.7710743387578987, 54.94499994366197], [-1.769828857446555, 54.94571858760901], [-1.769828857446555, 54.94643723155605], [-1.7704515981022269, 54.946796553529566], [-1.776679004658945, 54.946796553529566], [-1.7785472266259603, 54.947874519450124], [-1.7785472266259603, 54.95074909523828], [-1.7791699672816321, 54.9511084172118], [-1.7804154485929757, 54.95038977326476], [-1.7816609299043193, 54.95038977326476], [-1.782906411215663, 54.94967112931772], [-1.7841518925270066, 54.94967112931772], [-1.7847746331826784, 54.9493118073442], [-1.7841518925270066, 54.94895248537068], [-1.782906411215663, 54.94895248537068], [-1.7822836705599912, 54.94859316339716], [-1.7822836705599912, 54.947874519450124], [-1.7841518925270066, 54.946796553529566], [-1.7853973738383502, 54.946796553529566], [-1.786020114494022, 54.947155875503086], [-1.786020114494022, 54.94859316339716], [-1.7878883364610374, 54.94967112931772], [-1.7903792990837246, 54.94967112931772], [-1.7910020397393964, 54.95003045129124], [-1.7910020397393964, 54.952905027079396], [-1.7897565584280528, 54.953623671026435], [-1.7897565584280528, 54.95434231497347], [-1.7885110771167092, 54.95506095892051], [-1.7897565584280528, 54.95577960286755], [-1.7897565584280528, 54.95649824681459], [-1.7878883364610374, 54.95757621273515], [-1.7866428551496938, 54.95757621273515], [-1.786020114494022, 54.95793553470867], [-1.7866428551496938, 54.95829485668219], [-1.7916247803950682, 54.95829485668219], [-1.7928702617064118, 54.959013500629226], [-1.7941157430177554, 54.959013500629226], [-1.7947384836734273, 54.958654178655706], [-1.7947384836734273, 54.95793553470867], [-1.795361224329099, 54.95757621273515], [-1.7978521869517863, 54.95757621273515], [-1.8003431495744735, 54.95613892484107], [-1.801588630885817, 54.95613892484107], [-1.802211371541489, 54.95649824681459], [-1.802211371541489, 54.95793553470867], [-1.8028341121971607, 54.95829485668219], [-1.8065705561311916, 54.95829485668219], [-1.808438778098207, 54.959372822602745], [-1.808438778098207, 54.960091466549784], [-1.8078160374425352, 54.9604507885233], [-1.805325074819848, 54.9604507885233], [-1.8040795935085043, 54.9640440082585], [-1.805325074819848, 54.9640440082585], [-1.8059478154755197, 54.96440333023202], [-1.8059478154755197, 54.965840618126094], [-1.8040795935085043, 54.96691858404665], [-1.8034568528528325, 54.96655926207313], [-1.8034568528528325, 54.965840618126094], [-1.8028341121971607, 54.965481296152575], [-1.802211371541489, 54.965840618126094], [-1.802211371541489, 54.96871519391425], [-1.8040795935085043, 54.96979315983481], [-1.8078160374425352, 54.96979315983481], [-1.808438778098207, 54.97015248180833], [-1.8065705561311916, 54.971230447728885], [-1.805325074819848, 54.971230447728885], [-1.8040795935085043, 54.971949091675924], [-1.8034568528528325, 54.971589769702405], [-1.8034568528528325, 54.97015248180833], [-1.8028341121971607, 54.96979315983481], [-1.802211371541489, 54.97015248180833], [-1.802211371541489, 54.970871125755366], [-1.8009658902301453, 54.971589769702405], [-1.8009658902301453, 54.97230841364944], [-1.8028341121971607, 54.97338637957], [-1.8065705561311916, 54.97338637957], [-1.8071932967868634, 54.97374570154352], [-1.8065705561311916, 54.97410502351704], [-1.805325074819848, 54.97410502351704], [-1.8034568528528325, 54.9751829894376], [-1.8040795935085043, 54.97554231141112], [-1.805325074819848, 54.97554231141112], [-1.8065705561311916, 54.97482366746408], [-1.811552481376566, 54.97482366746408], [-1.8134207033435814, 54.97374570154352], [-1.8134207033435814, 54.97302705759648], [-1.8121752220322378, 54.97230841364944], [-1.8127979626879096, 54.971949091675924], [-1.8140434439992532, 54.97266773562296], [-1.8152889253105968, 54.97266773562296], [-1.8171571472776122, 54.97374570154352], [-1.817779887933284, 54.97338637957], [-1.8184026285889558, 54.97374570154352], [-1.817779887933284, 54.97419485401042], [-1.8207379060477251, 54.97374570154352], [-1.8215163318673149, 54.97338637957], [-1.8233845538343303, 54.97446434549056], [-1.8221390725229867, 54.9751829894376], [-1.8221390725229867, 54.97590163338464], [-1.8227618131786585, 54.97626095535816], [-1.824007294490002, 54.97554231141112], [-1.824630035145674, 54.97590163338464], [-1.8221390725229867, 54.977338921278715], [-1.8221390725229867, 54.978057565225754], [-1.8215163318673149, 54.97841688719927], [-1.8202708505559713, 54.97841688719927], [-1.8190253692446277, 54.97913553114631], [-1.8140434439992532, 54.97913553114631], [-1.8134207033435814, 54.97949485311983], [-1.8134207033435814, 54.98165078496095], [-1.8127979626879096, 54.98201010693447], [-1.8090615187538788, 54.98201010693447], [-1.8071932967868634, 54.983088072855026], [-1.8071932967868634, 54.983806716802064], [-1.8065705561311916, 54.984166038775584], [-1.805325074819848, 54.984166038775584], [-1.8047023341641761, 54.9845253607491], [-1.805325074819848, 54.98488468272262], [-1.8065705561311916, 54.98488468272262], [-1.8071932967868634, 54.98524400469614], [-1.8071932967868634, 54.9881185804843], [-1.8059478154755197, 54.988837224431336], [-1.8059478154755197, 54.989555868378375], [-1.8065705561311916, 54.989915190351894], [-1.8078160374425352, 54.989915190351894], [-1.808438778098207, 54.99027451232541], [-1.808438778098207, 54.99171180021949], [-1.8078160374425352, 54.99207112219301], [-1.8065705561311916, 54.99207112219301], [-1.805325074819848, 54.99135247824597], [-1.8034568528528325, 54.99243044416653], [-1.8047023341641761, 54.99314908811357], [-1.8047023341641761, 54.99386773206061], [-1.805325074819848, 54.99422705403413], [-1.8065705561311916, 54.99422705403413], [-1.8078160374425352, 54.99350841008709], [-1.8090615187538788, 54.99350841008709], [-1.8109297407208942, 54.994586376007646], [-1.8109297407208942, 54.995305019954685], [-1.8090615187538788, 54.99638298587524], [-1.8078160374425352, 54.99638298587524], [-1.8071932967868634, 54.99674230784876], [-1.8071932967868634, 54.9974609517958], [-1.8078160374425352, 54.99782027376932], [-1.8090615187538788, 54.99782027376932], [-1.8096842594095506, 54.99817959574284], [-1.8096842594095506, 54.99889823968988], [-1.811552481376566, 54.99997620561044], [-1.8121752220322378, 54.99961688363692], [-1.8121752220322378, 54.99817959574284], [-1.8127979626879096, 54.99782027376932], [-1.8140434439992532, 54.99782027376932], [-1.814666184654925, 54.99817959574284], [-1.814666184654925, 54.99889823968988], [-1.8134207033435814, 54.99961688363692], [-1.814666184654925, 55.00033552758396], [-1.814666184654925, 55.001054171530996], [-1.8140434439992532, 55.001413493504515], [-1.8134207033435814, 55.001054171530996], [-1.8134207033435814, 55.00033552758396], [-1.8127979626879096, 54.99997620561044], [-1.8121752220322378, 55.00033552758396], [-1.8121752220322378, 55.001054171530996], [-1.811552481376566, 55.001413493504515], [-1.8103070000652224, 55.001413493504515], [-1.8096842594095506, 55.001772815478034], [-1.8096842594095506, 55.00321010337211], [-1.808438778098207, 55.00392874731915], [-1.808438778098207, 55.00464739126619], [-1.8078160374425352, 55.00500671323971], [-1.8028341121971607, 55.00500671323971], [-1.802211371541489, 55.00536603521323], [-1.802211371541489, 55.00608467916027], [-1.8034568528528325, 55.006803323107306], [-1.8034568528528325, 55.007521967054345], [-1.8003431495744735, 55.00931857692194], [-1.79909766826313, 55.00931857692194], [-1.798474927607458, 55.00967789889546], [-1.798474927607458, 55.01111518678954], [-1.7972294462961145, 55.01183383073658], [-1.798474927607458, 55.012552474683616], [-1.798474927607458, 55.01686433836585], [-1.79909766826313, 55.01722366033937], [-1.8003431495744735, 55.01650501639233], [-1.8028341121971607, 55.01650501639233], [-1.8034568528528325, 55.01686433836585], [-1.8034568528528325, 55.02045755810104], [-1.801588630885817, 55.0215355240216], [-1.79909766826313, 55.0215355240216], [-1.798474927607458, 55.02117620204808], [-1.798474927607458, 55.02045755810104], [-1.7978521869517863, 55.020098236127524], [-1.7972294462961145, 55.02045755810104], [-1.7972294462961145, 55.02189484599512], [-1.798474927607458, 55.02261348994216], [-1.798474927607458, 55.024769421783276], [-1.7978521869517863, 55.025128743756795], [-1.7966067056404427, 55.025128743756795], [-1.7959839649847709, 55.025488065730315], [-1.7966067056404427, 55.025847387703834], [-1.7978521869517863, 55.025847387703834], [-1.79909766826313, 55.02656603165087], [-1.8028341121971607, 55.02656603165087], [-1.8047023341641761, 55.02764399757143], [-1.8028341121971607, 55.02872196349199], [-1.8003431495744735, 55.02872196349199], [-1.7997204089188017, 55.02908128546551], [-1.802211371541489, 55.030518573359586], [-1.802211371541489, 55.031237217306625], [-1.801588630885817, 55.031596539280144], [-1.8009658902301453, 55.031237217306625], [-1.8009658902301453, 55.030518573359586], [-1.8003431495744735, 55.03015925138607], [-1.7978521869517863, 55.031596539280144], [-1.7966067056404427, 55.031596539280144], [-1.7959839649847709, 55.031237217306625], [-1.7959839649847709, 55.030518573359586], [-1.795361224329099, 55.03015925138607], [-1.7941157430177554, 55.030877895333106], [-1.7928702617064118, 55.030877895333106], [-1.7916247803950682, 55.031596539280144], [-1.789133817772381, 55.03015925138607], [-1.7878883364610374, 55.03015925138607], [-1.7866428551496938, 55.02944060743903], [-1.7841518925270066, 55.02944060743903], [-1.7835291518713348, 55.02979992941255], [-1.7847746331826784, 55.030518573359586], [-1.7847746331826784, 55.03339314914774], [-1.7835291518713348, 55.03411179309478], [-1.7847746331826784, 55.03483043704182], [-1.7847746331826784, 55.03554908098886], [-1.7841518925270066, 55.03590840296238], [-1.782906411215663, 55.03590840296238], [-1.7822836705599912, 55.0362677249359], [-1.782906411215663, 55.036627046909416], [-1.7841518925270066, 55.036627046909416], [-1.7847746331826784, 55.036986368882935], [-1.7847746331826784, 55.03842365677701], [-1.7841518925270066, 55.03878297875053], [-1.782906411215663, 55.03878297875053], [-1.7816609299043193, 55.038064334803494], [-1.7804154485929757, 55.038064334803494], [-1.779792707937304, 55.03842365677701], [-1.779792707937304, 55.04129823256517], [-1.7791699672816321, 55.04165755453869], [-1.7779244859702885, 55.04165755453869], [-1.7773017453146167, 55.04201687651221], [-1.7779244859702885, 55.04237619848573], [-1.7791699672816321, 55.04237619848573], [-1.779792707937304, 55.042735520459246], [-1.779792707937304, 55.04489145230036], [-1.7791699672816321, 55.04525077427388], [-1.776679004658945, 55.04525077427388], [-1.7754335233476013, 55.04596941822092], [-1.7741880420362577, 55.04596941822092], [-1.7735653013805859, 55.04632874019444], [-1.7735653013805859, 55.04704738414148], [-1.772942560724914, 55.047406706115], [-1.7704515981022269, 55.047406706115], [-1.769828857446555, 55.04776602808852], [-1.769828857446555, 55.048484672035556], [-1.7692061167908832, 55.048843994009076], [-1.7679606354795396, 55.048843994009076], [-1.7673378948238678, 55.049203315982595], [-1.7673378948238678, 55.05064060387667], [-1.7679606354795396, 55.05099992585019], [-1.7692061167908832, 55.05099992585019], [-1.7704515981022269, 55.05028128190315], [-1.772942560724914, 55.05028128190315], [-1.7735653013805859, 55.05064060387667], [-1.7735653013805859, 55.05279653571779], [-1.772942560724914, 55.05315585769131], [-1.7704515981022269, 55.05315585769131], [-1.769828857446555, 55.05351517966483], [-1.7704515981022269, 55.05387450163835], [-1.7716970794135705, 55.05387450163835], [-1.7735653013805859, 55.054952467558905], [-1.7735653013805859, 55.05638975545298], [-1.7710743387578987, 55.05782704334706], [-1.7710743387578987, 55.0585456872941], [-1.7716970794135705, 55.05890500926762], [-1.7741880420362577, 55.05890500926762], [-1.7748107826919295, 55.05926433124114], [-1.7748107826919295, 55.05998297518818], [-1.7735653013805859, 55.060701619135216], [-1.7735653013805859, 55.061420263082255], [-1.772942560724914, 55.061779585055774], [-1.7716970794135705, 55.061779585055774], [-1.7710743387578987, 55.061420263082255], [-1.7710743387578987, 55.060701619135216], [-1.7704515981022269, 55.0603422971617], [-1.7679606354795396, 55.0603422971617], [-1.7673378948238678, 55.05998297518818], [-1.7673378948238678, 55.0585456872941], [-1.7642241915455088, 55.0567490774265], [-1.7623559695784934, 55.05782704334706], [-1.7642241915455088, 55.05890500926762], [-1.7654696728568524, 55.05890500926762], [-1.7660924135125242, 55.05926433124114], [-1.7660924135125242, 55.05998297518818], [-1.7648469322011806, 55.060701619135216], [-1.7648469322011806, 55.061420263082255], [-1.7642241915455088, 55.061779585055774], [-1.7629787102341652, 55.061779585055774], [-1.760487747611478, 55.06321687294985], [-1.7592422663001344, 55.06321687294985], [-1.757374044333119, 55.06429483887041], [-1.757374044333119, 55.06501348281745], [-1.7579967849887908, 55.06537280479097], [-1.7617332289228216, 55.06537280479097], [-1.7623559695784934, 55.06573212676449], [-1.7623559695784934, 55.066450770711526], [-1.760487747611478, 55.067528736632084], [-1.7592422663001344, 55.067528736632084], [-1.7567513036774471, 55.06609144873801], [-1.7555058223661035, 55.06609144873801], [-1.7536376003990881, 55.067169414658565], [-1.7548830817104317, 55.067888058605604], [-1.7548830817104317, 55.06860670255264], [-1.757374044333119, 55.07004399044672], [-1.7567513036774471, 55.07040331242024], [-1.75426034105476, 55.07040331242024], [-1.7530148597434163, 55.0696846684732], [-1.7517693784320727, 55.0696846684732], [-1.751146637776401, 55.06932534649968], [-1.751146637776401, 55.06860670255264], [-1.7499011564650573, 55.067888058605604], [-1.7499011564650573, 55.06573212676449], [-1.7467874531866983, 55.06393551689689], [-1.7430510092526674, 55.06393551689689], [-1.7424282685969956, 55.06429483887041], [-1.7424282685969956, 55.06501348281745], [-1.7418055279413238, 55.06537280479097], [-1.7405600466299802, 55.06537280479097], [-1.7393145653186366, 55.06609144873801], [-1.738069084007293, 55.06609144873801], [-1.7362008620402776, 55.067169414658565], [-1.7362008620402776, 55.067888058605604], [-1.7337098994175903, 55.06932534649968], [-1.7337098994175903, 55.07004399044672], [-1.7330871587619185, 55.07040331242024], [-1.731841677450575, 55.0696846684732], [-1.7293507148278877, 55.0696846684732], [-1.728727974172216, 55.06932534649968], [-1.7312189367949031, 55.067888058605604], [-1.7305961961392313, 55.067528736632084], [-1.728105233516544, 55.067528736632084], [-1.7256142708938569, 55.06609144873801], [-1.7243687895825133, 55.066810092685046], [-1.7237460489268415, 55.066450770711526], [-1.724991530238185, 55.06573212676449], [-1.7237460489268415, 55.06501348281745], [-1.7256142708938569, 55.06393551689689], [-1.7268597522052005, 55.06465416084393], [-1.728105233516544, 55.06393551689689], [-1.7305961961392313, 55.06393551689689], [-1.7312189367949031, 55.06357619492337], [-1.7312189367949031, 55.06285755097633], [-1.7330871587619185, 55.061779585055774], [-1.7355781213846058, 55.061779585055774], [-1.7362008620402776, 55.061420263082255], [-1.7362008620402776, 55.060701619135216], [-1.7343326400732622, 55.05962365321466], [-1.7330871587619185, 55.0603422971617], [-1.731841677450575, 55.0603422971617], [-1.7305961961392313, 55.061060941108735], [-1.7256142708938569, 55.061060941108735], [-1.7243687895825133, 55.061779585055774], [-1.7231233082711697, 55.061779585055774], [-1.721877826959826, 55.06249822900281], [-1.7193868643371388, 55.06249822900281], [-1.718764123681467, 55.06285755097633], [-1.718764123681467, 55.06573212676449], [-1.7200096049928106, 55.066450770711526], [-1.7200096049928106, 55.0714812783408], [-1.7206323456484824, 55.07184060031432], [-1.7243687895825133, 55.07184060031432], [-1.7262370115495287, 55.07076263439376], [-1.724991530238185, 55.07004399044672], [-1.724991530238185, 55.06932534649968], [-1.7256142708938569, 55.06896602452616], [-1.7268597522052005, 55.06896602452616], [-1.7274824928608723, 55.06932534649968], [-1.7274824928608723, 55.07004399044672], [-1.7299734554835595, 55.0714812783408], [-1.7299734554835595, 55.07219992228784], [-1.7305961961392313, 55.072559244261356], [-1.731841677450575, 55.072559244261356], [-1.7330871587619185, 55.07184060031432], [-1.7343326400732622, 55.07184060031432], [-1.734955380728934, 55.07219992228784], [-1.7337098994175903, 55.072918566234875], [-1.7337098994175903, 55.073637210181914], [-1.7312189367949031, 55.07507449807599], [-1.7312189367949031, 55.07651178597007], [-1.7293507148278877, 55.07758975189063], [-1.7268597522052005, 55.07615246399655], [-1.7256142708938569, 55.07615246399655], [-1.724991530238185, 55.07651178597007], [-1.724991530238185, 55.078667717811186], [-1.7243687895825133, 55.079027039784705], [-1.7206323456484824, 55.079027039784705], [-1.7181413830257952, 55.07758975189063], [-1.715650420403108, 55.07758975189063], [-1.7144049390917644, 55.07830839583767], [-1.7106684951577336, 55.07830839583767], [-1.70942301384639, 55.079027039784705], [-1.7069320512237027, 55.079027039784705], [-1.706309310568031, 55.079386361758225], [-1.706309310568031, 55.08010500570526], [-1.7038183479453437, 55.08154229359934], [-1.7038183479453437, 55.08226093754638], [-1.702572866634, 55.08297958149342], [-1.702572866634, 55.08369822544046], [-1.703195607289672, 55.08405754741398], [-1.7069320512237027, 55.08405754741398], [-1.7075547918793745, 55.08369822544046], [-1.7075547918793745, 55.08297958149342], [-1.7081775325350463, 55.0826202595199], [-1.7106684951577336, 55.0826202595199], [-1.7131594577804208, 55.08405754741398], [-1.7144049390917644, 55.08333890346694], [-1.7162731610587798, 55.084416869387496], [-1.715650420403108, 55.084776191361016], [-1.7131594577804208, 55.084776191361016], [-1.7119139764690772, 55.08405754741398], [-1.7100457545020618, 55.085135513334535], [-1.7112912358134054, 55.085854157281574], [-1.7112912358134054, 55.08729144517565], [-1.7106684951577336, 55.08765076714917], [-1.70942301384639, 55.08765076714917], [-1.7069320512237027, 55.08908805504325], [-1.7056865699123591, 55.08908805504325], [-1.7050638292566873, 55.08944737701677], [-1.706309310568031, 55.09016602096381], [-1.706309310568031, 55.09304059675196], [-1.7050638292566873, 55.093759240699], [-1.7075547918793745, 55.09519652859308], [-1.706309310568031, 55.09591517254012], [-1.706309310568031, 55.096633816487156], [-1.7056865699123591, 55.096993138460675], [-1.7044410886010155, 55.096993138460675], [-1.702572866634, 55.09591517254012], [-1.702572866634, 55.09519652859308], [-1.7000819040113129, 55.093759240699], [-1.7000819040113129, 55.09304059675196], [-1.6982136820442975, 55.091962630831404], [-1.6975909413886257, 55.09232195280492], [-1.6975909413886257, 55.093759240699], [-1.696345460077282, 55.09447788464604], [-1.696345460077282, 55.09519652859308], [-1.6957227194216102, 55.0955558505666], [-1.693231756798923, 55.0955558505666], [-1.6913635348319076, 55.09447788464604], [-1.6919862754875794, 55.09411856267252], [-1.693231756798923, 55.09411856267252], [-1.6938544974545948, 55.093759240699], [-1.6938544974545948, 55.09304059675196], [-1.6926090161432512, 55.09232195280492], [-1.6926090161432512, 55.090884664910845], [-1.693231756798923, 55.090525342937326], [-1.6944772381102666, 55.090525342937326], [-1.6950999787659384, 55.09016602096381], [-1.693231756798923, 55.08908805504325], [-1.6919862754875794, 55.08908805504325], [-1.6913635348319076, 55.09016602096381], [-1.6882498315535486, 55.091962630831404], [-1.6832679063081741, 55.091962630831404], [-1.6826451656525023, 55.09232195280492], [-1.6826451656525023, 55.09304059675196], [-1.683890646963846, 55.093759240699], [-1.683890646963846, 55.09519652859308], [-1.6813996843411587, 55.096633816487156], [-1.6813996843411587, 55.097352460434195], [-1.6764177590957843, 55.10022703622235], [-1.6782859810627997, 55.10130500214291], [-1.6832679063081741, 55.10130500214291], [-1.6845133876195177, 55.10058635819587], [-1.6857588689308614, 55.10058635819587], [-1.6863816095865332, 55.10094568016939], [-1.6863816095865332, 55.10166432411643], [-1.6857588689308614, 55.10202364608995], [-1.6832679063081741, 55.10202364608995], [-1.6826451656525023, 55.102382968063466], [-1.6826451656525023, 55.10453889990458], [-1.6820224249968305, 55.1048982218781], [-1.6782859810627997, 55.1048982218781], [-1.677040499751456, 55.10561686582514], [-1.6745495371287689, 55.10561686582514], [-1.673926796473097, 55.10597618779866], [-1.673926796473097, 55.10741347569274], [-1.6745495371287689, 55.10777279766626], [-1.677040499751456, 55.10777279766626], [-1.6795314623741433, 55.109210085560335], [-1.680776943685487, 55.108491441613296], [-1.6813996843411587, 55.108850763586815], [-1.6813996843411587, 55.109569407533854], [-1.6820224249968305, 55.109928729507374], [-1.6832679063081741, 55.109928729507374], [-1.6851361282751895, 55.11100669542793], [-1.6845133876195177, 55.11136601740145], [-1.6820224249968305, 55.11136601740145], [-1.680776943685487, 55.11064737345441], [-1.6795314623741433, 55.11064737345441], [-1.6782859810627997, 55.11136601740145], [-1.6745495371287689, 55.11136601740145], [-1.6733040558174253, 55.11208466134849], [-1.6720585745060816, 55.11208466134849], [-1.6701903525390662, 55.11316262726905], [-1.6701903525390662, 55.11388127121609], [-1.6714358338504098, 55.114599915163126], [-1.6714358338504098, 55.115318559110165], [-1.6695676118833944, 55.11639652503072], [-1.6683221305720508, 55.11639652503072], [-1.667699389916379, 55.11675584700424], [-1.6683221305720508, 55.11711516897776], [-1.6695676118833944, 55.11711516897776], [-1.6701903525390662, 55.11747449095128], [-1.6695676118833944, 55.1178338129248], [-1.6683221305720508, 55.1178338129248], [-1.6658311679493636, 55.11639652503072], [-1.66458568663802, 55.11639652503072], [-1.6627174646710046, 55.115318559110165], [-1.6627174646710046, 55.11316262726905], [-1.6602265020483173, 55.11172533937497], [-1.6602265020483173, 55.11028805148089], [-1.6596037613926455, 55.109928729507374], [-1.6533763548359275, 55.109928729507374], [-1.6527536141802557, 55.109569407533854], [-1.6527536141802557, 55.108850763586815], [-1.6521308735245839, 55.108491441613296], [-1.651508132868912, 55.108850763586815], [-1.651508132868912, 55.109569407533854], [-1.6508853922132403, 55.109928729507374], [-1.648394429590553, 55.109928729507374], [-1.6465262076235376, 55.108850763586815], [-1.6465262076235376, 55.10813211963978], [-1.6459034669678658, 55.10777279766626], [-1.6446579856565222, 55.108491441613296], [-1.6434125043451786, 55.108491441613296], [-1.642167023033835, 55.109210085560335], [-1.6396760604111478, 55.109210085560335], [-1.6371850977884606, 55.11064737345441], [-1.6346941351657733, 55.109210085560335], [-1.6322031725430861, 55.109210085560335], [-1.6315804318874143, 55.109569407533854], [-1.6315804318874143, 55.11028805148089], [-1.6322031725430861, 55.11064737345441], [-1.6334486538544297, 55.11064737345441], [-1.6340713945101015, 55.11100669542793], [-1.6334486538544297, 55.11136601740145], [-1.6322031725430861, 55.11136601740145], [-1.6315804318874143, 55.11172533937497], [-1.6315804318874143, 55.11388127121609], [-1.632825913198758, 55.114599915163126], [-1.632825913198758, 55.1160372030572], [-1.6322031725430861, 55.11639652503072], [-1.6309576912317425, 55.115677881083684], [-1.629712209920399, 55.115677881083684], [-1.629089469264727, 55.1160372030572], [-1.629089469264727, 55.11675584700424], [-1.6315804318874143, 55.11819313489832], [-1.6315804318874143, 55.1196304227924], [-1.629712209920399, 55.120708388712956], [-1.6284667286090553, 55.120708388712956], [-1.6247302846750244, 55.11855245687184], [-1.6222393220523372, 55.11855245687184], [-1.6209938407409936, 55.1178338129248], [-1.61974835942965, 55.11855245687184], [-1.6185028781183064, 55.11855245687184], [-1.6160119154956192, 55.11998974476592], [-1.6153891748399474, 55.1196304227924], [-1.6153891748399474, 55.11819313489832], [-1.616634656151291, 55.11747449095128], [-1.616634656151291, 55.1160372030572], [-1.6153891748399474, 55.115318559110165], [-1.6153891748399474, 55.11388127121609], [-1.6160119154956192, 55.11352194924257], [-1.6172573968069628, 55.114240593189606], [-1.6185028781183064, 55.114240593189606], [-1.6191256187739782, 55.11388127121609], [-1.6178801374626346, 55.11316262726905], [-1.6178801374626346, 55.11244398332201], [-1.616634656151291, 55.11172533937497], [-1.616634656151291, 55.109569407533854], [-1.613520952872932, 55.10777279766626], [-1.6122754715615883, 55.10777279766626], [-1.6097845089389011, 55.109210085560335], [-1.6085390276275575, 55.109210085560335], [-1.607293546316214, 55.109928729507374], [-1.6054253243491985, 55.108850763586815], [-1.6054253243491985, 55.10813211963978], [-1.6048025836935267, 55.10777279766626], [-1.6023116210708395, 55.10777279766626], [-1.6010661397594959, 55.108491441613296], [-1.5985751771368086, 55.108491441613296], [-1.597329695825465, 55.109210085560335], [-1.5960842145141214, 55.108491441613296], [-1.5948387332027778, 55.108491441613296], [-1.5923477705800906, 55.10705415371922], [-1.5904795486130752, 55.10813211963978], [-1.5904795486130752, 55.109569407533854], [-1.5892340673017316, 55.11028805148089], [-1.5892340673017316, 55.11172533937497], [-1.5867431046790443, 55.11316262726905], [-1.5867431046790443, 55.114599915163126], [-1.5854976233677007, 55.115318559110165], [-1.5854976233677007, 55.11819313489832], [-1.587988585990388, 55.1196304227924], [-1.5867431046790443, 55.120349066739436], [-1.5867431046790443, 55.121067710686475], [-1.587988585990388, 55.121786354633514], [-1.587988585990388, 55.12250499858055], [-1.5867431046790443, 55.12322364252759], [-1.5867431046790443, 55.12466093042167], [-1.587988585990388, 55.12537957436871], [-1.587988585990388, 55.126816862262785], [-1.5873658453347161, 55.127176184236305], [-1.5861203640233725, 55.126457540289266], [-1.5836294014006853, 55.127894828183344], [-1.5761565135326236, 55.127894828183344], [-1.5736655509099364, 55.126457540289266], [-1.568683625664562, 55.126457540289266], [-1.5674381443532184, 55.127176184236305], [-1.5661926630418748, 55.127176184236305], [-1.565569922386203, 55.127535506209824], [-1.565569922386203, 55.1289727941039], [-1.5649471817305312, 55.12933211607742], [-1.5637017004191875, 55.12933211607742], [-1.562456219107844, 55.12861347213038], [-1.5618334784521721, 55.1289727941039], [-1.5618334784521721, 55.13112872594502], [-1.5612107377965003, 55.13148804791854], [-1.5599652564851567, 55.13148804791854], [-1.559342515829485, 55.13184736989206], [-1.5605879971408285, 55.132566013839096], [-1.5605879971408285, 55.13292401508968], [-1.560327878697864, 55.13291535388926], [-1.56026022623977, 55.132915390952306], [-1.55997580353028, 55.132925173411294], [-1.559439191780834, 55.132914980360134], [-1.559408072566406, 55.132914873540024], [-1.558923431231239, 55.132920751427896], [-1.558865338707927, 55.132918369403455], [-1.558785471586846, 55.13285675827003], [-1.558698669043558, 55.13280295229056], [-1.558623569043559, 55.13276155229056], [-1.558539260489684, 55.132720114501765], [-1.558451435512984, 55.132686770895724], [-1.558360869170863, 55.1326618157305], [-1.558268360713337, 55.132645469235996], [-1.558161060713337, 55.132631669236], [-1.5580970345181413, 55.13262662279524], [-1.5580970345181413, 55.13184736989206], [-1.5574742938624695, 55.13148804791854], [-1.5555866963712952, 55.132577193535674], [-1.555310265431144, 55.132499658028074], [-1.555251231056677, 55.132485020643124], [-1.555109031056677, 55.13245432064312], [-1.555006106582685, 55.13243766069046], [-1.554804778722615, 55.132415767514374], [-1.55451749735488, 55.13237042673921], [-1.554419897626055, 55.13235990075289], [-1.554321736111955, 55.132358994880704], [-1.554111639407528, 55.13236737681485], [-1.5540017783005111, 55.132358978796994], [-1.5537378499284387, 55.132206691865576], [-1.5500014059944078, 55.132206691865576], [-1.549378665338736, 55.13184736989206], [-1.549378665338736, 55.13112872594502], [-1.5487559246830642, 55.1307694039715], [-1.546264962060377, 55.1307694039715], [-1.5456422214047052, 55.13041008199798], [-1.5456422214047052, 55.12969143805094], [-1.546264962060377, 55.12933211607742], [-1.5475104433717206, 55.12933211607742], [-1.549378665338736, 55.12825415015686], [-1.549378665338736, 55.127535506209824], [-1.5487559246830642, 55.127176184236305], [-1.5475104433717206, 55.127176184236305], [-1.5468877027160488, 55.126816862262785], [-1.5481331840273924, 55.12609821831575], [-1.5481331840273924, 55.12466093042167], [-1.549378665338736, 55.12394228647463], [-1.549378665338736, 55.12322364252759], [-1.5500014059944078, 55.12286432055407], [-1.552492368617095, 55.12286432055407], [-1.5543605905841105, 55.121786354633514], [-1.5543605905841105, 55.1196304227924], [-1.5537378499284387, 55.11927110081888], [-1.552492368617095, 55.11927110081888], [-1.5512468873057514, 55.11998974476592], [-1.5506241466500796, 55.1196304227924], [-1.5506241466500796, 55.11747449095128], [-1.5500014059944078, 55.11711516897776], [-1.5487559246830642, 55.11711516897776], [-1.5481331840273924, 55.11747449095128], [-1.5481331840273924, 55.11819313489832], [-1.5475104433717206, 55.11855245687184], [-1.546264962060377, 55.11855245687184], [-1.5456422214047052, 55.11819313489832], [-1.5456422214047052, 55.1160372030572], [-1.5468877027160488, 55.115318559110165], [-1.546264962060377, 55.114959237136645], [-1.5450194807490334, 55.114959237136645], [-1.5443967400933616, 55.115318559110165], [-1.5443967400933616, 55.11675584700424], [-1.5425285181263462, 55.1178338129248], [-1.5419057774706744, 55.11747449095128], [-1.5419057774706744, 55.115318559110165], [-1.5412830368150026, 55.114959237136645], [-1.5406602961593308, 55.115318559110165], [-1.5406602961593308, 55.11747449095128], [-1.540037555503659, 55.1178338129248], [-1.5387920741923153, 55.11711516897776], [-1.5375465928809717, 55.11711516897776], [-1.5369238522253, 55.11747449095128], [-1.5369238522253, 55.11819313489832], [-1.5363011115696281, 55.11855245687184], [-1.533810148946941, 55.11855245687184], [-1.533187408291269, 55.11819313489832], [-1.533187408291269, 55.11747449095128], [-1.5325646676355973, 55.11711516897776], [-1.5313191863242537, 55.11711516897776], [-1.5306964456685819, 55.11747449095128], [-1.5306964456685819, 55.11819313489832], [-1.53007370501291, 55.11855245687184], [-1.5294509643572383, 55.11819313489832], [-1.5294509643572383, 55.11747449095128], [-1.5288282237015665, 55.11711516897776], [-1.5275827423902228, 55.11711516897776], [-1.5263372610788792, 55.1178338129248], [-1.5250917797675356, 55.1178338129248], [-1.5232235578005202, 55.11675584700424], [-1.523846298456192, 55.11639652503072], [-1.5250917797675356, 55.11639652503072], [-1.5257145204232074, 55.1160372030572], [-1.5250917797675356, 55.115677881083684], [-1.5226008171448484, 55.115677881083684], [-1.5219780764891766, 55.1160372030572], [-1.5219780764891766, 55.11675584700424], [-1.5213553358335048, 55.11711516897776], [-1.5194871138664894, 55.1160372030572], [-1.5194871138664894, 55.114599915163126], [-1.5213553358335048, 55.11352194924257], [-1.5226008171448484, 55.11352194924257], [-1.5232235578005202, 55.11316262726905], [-1.5232235578005202, 55.11244398332201], [-1.5226008171448484, 55.11208466134849], [-1.5213553358335048, 55.11208466134849], [-1.5201098545221612, 55.11280330529553], [-1.5188643732108176, 55.11280330529553], [-1.517618891899474, 55.11208466134849], [-1.5163734105881304, 55.11208466134849], [-1.5151279292767867, 55.11280330529553], [-1.5138824479654431, 55.11208466134849], [-1.5126369666540995, 55.11208466134849], [-1.511391485342756, 55.11136601740145], [-1.5101460040314123, 55.11136601740145], [-1.5089005227200687, 55.11064737345441], [-1.507655041408725, 55.11064737345441], [-1.5064095600973815, 55.109928729507374], [-1.5051640787860379, 55.109928729507374], [-1.5039185974746943, 55.11064737345441], [-1.5026731161633506, 55.109928729507374], [-1.501427634852007, 55.109928729507374], [-1.5001821535406634, 55.11064737345441], [-1.499245863861612, 55.11010713338465], [-1.49908459189098, 55.109606165948556], [-1.499077606797065, 55.1095852605052], [-1.498895906797066, 55.109060760505194], [-1.498882098479141, 55.10902651912585], [-1.498807126112062, 55.10867767971273], [-1.498779608855216, 55.10811440583291], [-1.498769713101687, 55.108014704621915], [-1.498749890383886, 55.10791649404575], [-1.498720339687357, 55.10782075996747], [-1.498681357649599, 55.10772846339037], [-1.49863333558234, 55.107640530811274], [-1.498576135582341, 55.10754723081127], [-1.49853022601002, 55.107478837837476], [-1.498365308204781, 55.10725377353857], [-1.498357526553871, 55.10722383339375], [-1.498231626553871, 55.106834333393756], [-1.498197692995224, 55.10674437881174], [-1.498155277837105, 55.10665809864258], [-1.49778179974363, 55.1059824912987], [-1.497663207517634, 55.10567666876205], [-1.497479084182652, 55.10512487504297], [-1.497441385120573, 55.105028739973925], [-1.497393973134889, 55.10493700516921], [-1.497016217192731, 55.10429032505338], [-1.496841076698727, 55.103956935309135], [-1.496786716049783, 55.103865602194276], [-1.496743676721678, 55.10380818191296], [-1.496609398038645, 55.103556297964005], [-1.496592254391081, 55.10349184830433], [-1.496561694275192, 55.10340794714728], [-1.496547394275192, 55.10337354714728], [-1.49650363081506, 55.10328174295002], [-1.496450769112551, 55.10319485859305], [-1.496389355929529, 55.1031137927431], [-1.496320026477963, 55.1030393838846], [-1.49624349784978, 55.10297240164706], [-1.496160561599794, 55.10291353884458], [-1.496138299528035, 55.10290092557144], [-1.49613387776199, 55.10288956064752], [-1.49609120040504, 55.10280471770394], [-1.496040666901528, 55.10272430597038], [-1.495721466901528, 55.10226620597038], [-1.495714155926596, 55.10225585409198], [-1.494991855926596, 55.10124675409198], [-1.494919713318049, 55.101157309670604], [-1.494653563661657, 55.100863604115446], [-1.493799627439713, 55.09985655573609], [-1.493605646303033, 55.09961896437134], [-1.493354016914277, 55.099271008107195], [-1.49334677368741, 55.09926112027003], [-1.493082289588663, 55.09890467213165], [-1.493073193995518, 55.09887456574455], [-1.493040926038962, 55.09879385763801], [-1.492906526038962, 55.09849595763801], [-1.492856192911798, 55.09839892176058], [-1.492795569058803, 55.09830795949562], [-1.492725378897745, 55.09822415778628], [-1.492490178897746, 55.09797265778628], [-1.492415965754443, 55.09790108320805], [-1.492334777233943, 55.097837530591846], [-1.492247476411697, 55.09778267553444], [-1.492101263364493, 55.09770100009805], [-1.492084414099159, 55.097686818192905], [-1.491493955272406, 55.09708093589405], [-1.491068612430245, 55.09661712081134], [-1.490990368604064, 55.096540654383745], [-1.490829368400139, 55.096399679441774], [-1.490612579373693, 55.096137051762256], [-1.490172077461388, 55.09546143475881], [-1.490156299128617, 55.09543796694059], [-1.490093299128617, 55.09534706694058], [-1.49009016081576, 55.09534256523657], [-1.48971206081576, 55.09480336523657], [-1.489649641416592, 55.0947233229127], [-1.489579429465841, 55.09465002054592], [-1.489475112374487, 55.0945516331931], [-1.489424587241835, 55.09450404770453], [-1.48923739859312, 55.094293849730235], [-1.489202642266087, 55.094256763395556], [-1.489089570884113, 55.094142096815666], [-1.488770838449676, 55.09380488572168], [-1.488707616009512, 55.09374363791521], [-1.488269216009512, 55.09335483791521], [-1.48824727824598, 55.09333594240484], [-1.48781997824598, 55.09297854240484], [-1.487788669506527, 55.0929534061289], [-1.487521007485195, 55.09274721169136], [-1.487143003265647, 55.092290880757275], [-1.487061570387966, 55.09220372545436], [-1.486820570387966, 55.09197482545436], [-1.486795348612715, 55.091951678149016], [-1.486241948612715, 55.091460978149016], [-1.486231042597993, 55.091451447957574], [-1.485672142597993, 55.09097014795758], [-1.485660230918245, 55.09096005103921], [-1.484679430918245, 55.09014175103921], [-1.484675436712057, 55.09013843614137], [-1.483802276805363, 55.08941759627592], [-1.483148785276669, 55.08878383785407], [-1.483082326593386, 55.088724883150554], [-1.483010897847344, 55.08867205940694], [-1.482746895850334, 55.08849440206006], [-1.482275749440473, 55.08817453941184], [-1.480920079584365, 55.0871952526793], [-1.480497714399291, 55.086879537411555], [-1.480450007000163, 55.086845999379406], [-1.480074640958553, 55.086598151371334], [-1.479879655619218, 55.08645065349448], [-1.479747124418614, 55.086315963351566], [-1.479648279464402, 55.08621169530184], [-1.479628272796319, 55.08618630381626], [-1.479571910785747, 55.08612080430882], [-1.479510104605766, 55.08606041508936], [-1.479443315754576, 55.086005587075825], [-1.479344115754576, 55.08593108707582], [-1.479261474126452, 55.08587524316932], [-1.479147993567293, 55.08580654461746], [-1.478830890257613, 55.08561272950335], [-1.478623958720174, 55.0854607051732], [-1.478579280450265, 55.0854297161116], [-1.478476080450265, 55.0853622161116], [-1.478391401618639, 55.08531258592109], [-1.478068297539951, 55.08514394699729], [-1.477853137239796, 55.085024130866024], [-1.477589511181827, 55.08486249016405], [-1.477501557919888, 55.084814452638064], [-1.477409238218869, 55.08477545965161], [-1.477313479280626, 55.08474590282608], [-1.477228236318555, 55.08472420461755], [-1.477094532627159, 55.08466732804726], [-1.476939304986932, 55.084591097101445], [-1.476907012795764, 55.08457594740718], [-1.476593312795764, 55.08443554740718], [-1.476555544914458, 55.08441956526478], [-1.476377991648693, 55.084348687146594], [-1.476346890560788, 55.08433041324313], [-1.476253922096865, 55.08428215134083], [-1.476156415227977, 55.084243879196684], [-1.476055439833273, 55.08421601674593], [-1.475887939833273, 55.08417911674593], [-1.475812754499369, 55.08416554206406], [-1.475444154499369, 55.08411344206406], [-1.475376610115109, 55.084106225057845], [-1.475175510115109, 55.08409162505785], [-1.475133631578351, 55.08408946619731], [-1.474933931578351, 55.08408336619731], [-1.474865183424281, 55.08408363052016], [-1.47470568342428, 55.08408973052016], [-1.474635027233698, 55.08409494430702], [-1.474572027233698, 55.084101844307014], [-1.474472594371963, 55.08411783621612], [-1.474375274278212, 55.08414374826935], [-1.474281054034649, 55.08417931765018], [-1.47419088928283, 55.08422418359138], [-1.474105694530934, 55.08427789103406], [-1.474026333878247, 55.08433989524323], [-1.473953612250915, 55.08440956733283], [-1.473913596713589, 55.084456495522], [-1.473848536112221, 55.084440587539234], [-1.473634736112221, 55.08439718753924], [-1.473548537135429, 55.08438357515214], [-1.47346147960214, 55.08437752977536], [-1.47329797960214, 55.08437332977535], [-1.473260679989461, 55.0843730675146], [-1.473097179989461, 55.0843749675146], [-1.472974036920347, 55.08438402215063], [-1.472759336920346, 55.08441322215063], [-1.472672880901569, 55.084428875866536], [-1.472526080901569, 55.08446217586654], [-1.472443166732311, 55.084484770504616], [-1.472410929258215, 55.084496611605466], [-1.47233121311768, 55.08447175874498], [-1.472239808384757, 55.08445239594944], [-1.472190723052521, 55.084446712057634], [-1.472164780702102, 55.08443968069124], [-1.472083885521519, 55.08442475988115], [-1.472040285521519, 55.08441855988115], [-1.47192336787387, 55.08440888487828], [-1.471806121724509, 55.084412969296544], [-1.471681868101539, 55.08442462280321], [-1.471604924946257, 55.08437098624413], [-1.471554724946257, 55.084340286244135], [-1.471459536864696, 55.08428892982191], [-1.471359359046987, 55.08424815412064], [-1.471255363398585, 55.08421843614479], [-1.471148766486895, 55.08420012354276], [-1.471105866486895, 55.084195123542756], [-1.471041343456374, 55.08419109563966], [-1.471030416517264, 55.08418632309654], [-1.471027455746097, 55.084185339616646], [-1.471083583124285, 55.08415141433111], [-1.471104082438523, 55.08413868365469], [-1.471290482438523, 55.084019783654696], [-1.47136533711548, 55.08396706432406], [-1.471435056330886, 55.083907719724564], [-1.471499055659899, 55.083842247315324], [-1.471556798624913, 55.08377119592212], [-1.471636498624912, 55.083663395922116], [-1.47169859890542, 55.08356859936587], [-1.471749574738978, 55.08346738525466], [-1.471773774738978, 55.08341168525466], [-1.471805902131967, 55.0833275651734], [-1.471830332243939, 55.083240896106936], [-1.471846866986815, 55.08315238079905], [-1.471855372290989, 55.0830627369635], [-1.471862772290989, 55.082913536963495], [-1.471862424800216, 55.0828078936874], [-1.47185093426712, 55.082702876592684], [-1.471828428933202, 55.0825996577355], [-1.471793115930145, 55.082470821425765], [-1.471789051473348, 55.08243806415635], [-1.471768207050763, 55.082344542905744], [-1.471738507764535, 55.082253445887865], [-1.471700226275326, 55.08216560943842], [-1.47165371403455, 55.08208183995874], [-1.471599398057799, 55.082002906512486], [-1.471537777004536, 55.08192953376508], [-1.471469416600044, 55.08186239533074], [-1.47143102397219, 55.08183131519406], [-1.471435622098672, 55.081778535992775], [-1.471434862344053, 55.08168366582724], [-1.471425115504224, 55.08158929462057], [-1.471406615504224, 55.08146719462057], [-1.471388947153549, 55.08137811210666], [-1.471363269737138, 55.08129099990782], [-1.471329795038855, 55.081206576513694], [-1.471288799153486, 55.08112553823704], [-1.471247999153486, 55.08105323823704], [-1.471189005547521, 55.080960911183816], [-1.471120265396807, 55.08087559224113], [-1.471042603894567, 55.0807983056228], [-1.470956953330661, 55.080729979118395], [-1.470851153330661, 55.080654679118396], [-1.470802466747445, 55.080624252000085], [-1.470696102326703, 55.08050249659865], [-1.470686782718843, 55.080491978525814], [-1.470685643889624, 55.080490711299184], [-1.47067152783505, 55.080459327941426], [-1.470625149584863, 55.08037768648522], [-1.470571318504945, 55.0803007547993], [-1.470516306018961, 55.08023603125275], [-1.470431113907354, 55.080075659868626], [-1.470362046783203, 55.079934984385794], [-1.470325626523891, 55.07986747871498], [-1.470284139280629, 55.07980296313913], [-1.470209939280629, 55.07969676313913], [-1.470173102297694, 55.07964735532851], [-1.469976502297694, 55.07939995532851], [-1.469913260908108, 55.079327774300246], [-1.46984339174799, 55.07926198771603], [-1.46964289174799, 55.07909058771603], [-1.469582786263182, 55.079043067589176], [-1.469519218829531, 55.07900028893633], [-1.469308118829531, 55.07886968893633], [-1.469231430445885, 55.07882678467252], [-1.469151271612454, 55.07879077848608], [-1.469022671612454, 55.07873967848608], [-1.46888256097871, 55.07869561146204], [-1.46874876097871, 55.07866411146203], [-1.468673126430805, 55.078649355458424], [-1.468596580193138, 55.07864046737773], [-1.468489080193138, 55.078632167377734], [-1.468374003244962, 55.07862992594487], [-1.468372093597158, 55.078630109233416], [-1.468314422971198, 55.07861855120031], [-1.468218324142591, 55.07860879616967], [-1.468121732457048, 55.07860835825804], [-1.468069232457048, 55.078610658258036], [-1.467950105870913, 55.07862305644597], [-1.467894719557806, 55.07863220068575], [-1.46784528083098, 55.078636261275506], [-1.467790388037375, 55.078637683229594], [-1.467713646042843, 55.078624111040845], [-1.467575946042843, 55.07860691104084], [-1.467492104273514, 55.07860000449998], [-1.467407978680523, 55.078600169408155], [-1.466777078680523, 55.07862796940816], [-1.466753225509135, 55.07862930613238], [-1.465937425509135, 55.07868480613237], [-1.465891068945947, 55.07868904579054], [-1.465584068945947, 55.07872434579054], [-1.465523094091062, 55.078733268187676], [-1.464991898605243, 55.078827798995874], [-1.464988505721051, 55.07882816295246], [-1.464970333048991, 55.078820512421046], [-1.464877133048991, 55.07878671242105], [-1.464827308050239, 55.07877071127956], [-1.46481801171595, 55.07875295362243], [-1.464761940796687, 55.07866811628119], [-1.464697543656823, 55.078589412209936], [-1.464653903527109, 55.078545954079175], [-1.464654926263583, 55.078510160186426], [-1.464648716313089, 55.0784159876675], [-1.464646116313089, 55.0783930876675], [-1.464631383452258, 55.078301480854876], [-1.464624119331542, 55.078273300319076], [-1.464637016403223, 55.07823539732698], [-1.464659611075133, 55.078137998755885], [-1.464688511075133, 55.07797729875588], [-1.464702343608696, 55.07786282163739], [-1.464702905805477, 55.077747513209346], [-1.464687528632842, 55.0774566121397], [-1.464674723269742, 55.07710871681699], [-1.464671895413065, 55.077061852574815], [-1.464653495413065, 55.07684265257481], [-1.464643198938198, 55.07676073534708], [-1.46462618008798, 55.076679946682454], [-1.464602554870545, 55.07660083727281], [-1.464526554870545, 55.07638003727281], [-1.464491393806447, 55.07629175718474], [-1.464448012182721, 55.07620721305956], [-1.464396801721302, 55.07612716830321], [-1.464338224835984, 55.07605234569375], [-1.464235924835984, 55.07593374569375], [-1.46419737865054, 55.075891557640254], [-1.464037356303976, 55.07572616480538], [-1.463941384164504, 55.075617515495004], [-1.463853979080888, 55.075517469990096], [-1.463802448075998, 55.075462777872175], [-1.463746955659071, 55.07541210969783], [-1.463565955659071, 55.07525890969783], [-1.46355633440569, 55.07525086917133], [-1.46337793440569, 55.075103669171334], [-1.463362860967548, 55.075092719503786], [-1.463256905735818, 55.074776443137075], [-1.463223821799418, 55.074690922505305], [-1.463153021799418, 55.0745302225053], [-1.463147152420628, 55.07451715483717], [-1.463031652420628, 55.07426485483717], [-1.462987593394525, 55.0741796616787], [-1.462935575392064, 55.074099081287464], [-1.462876076930596, 55.07402385492829], [-1.462754076930596, 55.07388395492829], [-1.46272594585407, 55.07385302617484], [-1.46254364585407, 55.07366082617484], [-1.462509547305489, 55.07362657310146], [-1.462341647305489, 55.07346587310146], [-1.462256455727959, 55.07339303023928], [-1.462163647342947, 55.07333017889781], [-1.462064388165995, 55.073278108721674], [-1.461815188165995, 55.07316470872167], [-1.461782256713692, 55.07315043079107], [-1.461103556713692, 55.072870530791064], [-1.460973632178475, 55.072827099108345], [-1.460528832178475, 55.072711599108345], [-1.460485804627419, 55.072701436003015], [-1.460056081153621, 55.07260991501014], [-1.460049152566513, 55.07256515644354], [-1.460023743968524, 55.07246749734648], [-1.459988622476518, 55.07237289620014], [-1.459916022476518, 55.072203996200145], [-1.459866719166778, 55.072104824790706], [-1.459802219166778, 55.0719913247907], [-1.459746200657045, 55.07190369614827], [-1.459681383712457, 55.07182235971054], [-1.459608469448338, 55.071748195281764], [-1.459487469448338, 55.07163729528177], [-1.459404045817733, 55.07156874265974], [-1.459313717214386, 55.07150958433365], [-1.459262870111451, 55.07148007736868], [-1.459262696204413, 55.07147979853449], [-1.459203197788355, 55.071394603963256], [-1.459135179634936, 55.07131604374885], [-1.459059376216179, 55.07124496619834], [-1.458976606070779, 55.071182138819665], [-1.458952010497944, 55.07116721732965], [-1.458949646605207, 55.07116369515231], [-1.458932791600997, 55.07112196283026], [-1.458881882668211, 55.07102691388253], [-1.458856295999113, 55.070989482037334], [-1.458851588682721, 55.07097300093618], [-1.458817994743638, 55.07088662482101], [-1.45877654843301, 55.070803729770795], [-1.458727605749197, 55.07072502780312], [-1.458671587079801, 55.07065119491957], [-1.458647387079801, 55.07062219491957], [-1.45858460280832, 55.0705536954877], [-1.458515731516568, 55.07049131935378], [-1.458441367841822, 55.07043560507562], [-1.458362153842793, 55.07038703369239], [-1.458278773456073, 55.07034602457119], [-1.458158873456073, 55.07029382457119], [-1.458100929300046, 55.07027071991256], [-1.457995201067113, 55.07023233870491], [-1.457875881050816, 55.07016744808841], [-1.457824853700674, 55.0701324828806], [-1.45774892737305, 55.07008529982113], [-1.457669090806739, 55.070045085756334], [-1.457612943805677, 55.07001988426362], [-1.457571480570557, 55.06998640696211], [-1.457488580570557, 55.06992310696211], [-1.457418346938781, 55.069874093112674], [-1.457344176937059, 55.06983126868841], [-1.45726661461129, 55.06979494781163], [-1.457185815751102, 55.06976125087451], [-1.457066706577786, 55.06969545927249], [-1.456967383266618, 55.06964754314644], [-1.456863387873824, 55.06961085481648], [-1.456569087873824, 55.06952495481648], [-1.456464683125621, 55.06950047108293], [-1.456358256905811, 55.069487308089634], [-1.456251033095133, 55.069485617208436], [-1.456238383072204, 55.069486778185016], [-1.456186020469316, 55.069475524497406], [-1.456165325164413, 55.069471304839055], [-1.455781627612463, 55.06939728270843], [-1.454784824949925, 55.06909463258312], [-1.454695681117544, 55.06907198703659], [-1.454604833712951, 55.06905762762474], [-1.454513051254645, 55.069051675820226], [-1.45413866364296, 55.06904465434827], [-1.454129274894259, 55.06903960209075], [-1.454039117036007, 55.06900191688562], [-1.453946217036007, 55.068968316885616], [-1.4538301200454, 55.06893411546326], [-1.453710741553494, 55.06891418999739], [-1.453471241553494, 55.0688889899974], [-1.453357043092435, 55.068883545668285], [-1.453158243092434, 55.06888544566828], [-1.453085837731858, 55.06888876456685], [-1.453072057364233, 55.06888989785004], [-1.453113741722044, 55.06869654197888], [-1.453128729507855, 55.06860780481972], [-1.453135678879425, 55.06851807955364], [-1.453134533554368, 55.06842809285813], [-1.453121598985369, 55.06820432481444], [-1.453110261849281, 55.06800015691631], [-1.453098836848987, 55.067895106203416], [-1.453054836848987, 55.067624506203416], [-1.453051896365033, 55.06760736457468], [-1.452999502812862, 55.06731710544338], [-1.453249063760653, 55.06723452621956], [-1.45397397148419, 55.06700104763754], [-1.454027829321551, 55.06698198652658], [-1.454273429321551, 55.06688708652658], [-1.454354042022825, 55.06685178645344], [-1.454657042022825, 55.06670288645344], [-1.454680006994717, 55.06669123153526], [-1.454759806994717, 55.066649431535254], [-1.454837173277925, 55.06660438235825], [-1.454910200470483, 55.06655259433576], [-1.454978303261625, 55.06649448254724], [-1.455040935809514, 55.066430512756945], [-1.455097596116149, 55.06636119768082], [-1.455201196116149, 55.06622219768082], [-1.455255239504913, 55.066141841473424], [-1.455443439504913, 55.06583044147342], [-1.455496124611293, 55.06573103134238], [-1.455537309527207, 55.06562633226268], [-1.455570709527207, 55.065525032262684], [-1.455598552787022, 55.06542259064665], [-1.455615141324517, 55.06531925818027], [-1.45571485627827, 55.06514802353555], [-1.455758505688885, 55.06506419102426], [-1.455794045525129, 55.06497661202543], [-1.455821158303921, 55.064886068896364], [-1.45582540925066, 55.06486470333869], [-1.455883105652597, 55.06478576349088], [-1.45593446721019, 55.064697985530664], [-1.455976647643672, 55.06460544477786], [-1.456009210681667, 55.06450909837962], [-1.456031819525328, 55.0644099428448], [-1.45604424033184, 55.064309003737094], [-1.45604634463305, 55.06420732506768], [-1.45604474463305, 55.06415432506768], [-1.456038104065474, 55.06406558189051], [-1.456023600245153, 55.06397778047919], [-1.456004500245153, 55.06388738047919], [-1.455981563694269, 55.063798991326905], [-1.455950659791901, 55.063713063005466], [-1.455933723314234, 55.06367196781919], [-1.455928103704306, 55.063614029848196], [-1.455937065343798, 55.06344074814707], [-1.455937182464434, 55.06343843141736], [-1.455957882464434, 55.06301933141736], [-1.455957432486529, 55.06291227438748], [-1.455945540210553, 55.06280587897452], [-1.455919750519952, 55.06265087148689], [-1.455916846330622, 55.06242236739874], [-1.455921931725729, 55.06237920160405], [-1.455928753597127, 55.06227183346212], [-1.455924001549783, 55.06216435381811], [-1.455907730586057, 55.06205800669041], [-1.455880129033502, 55.06195402298915], [-1.455859429033501, 55.06189012298915], [-1.455822666177695, 55.06179386371748], [-1.455813837300109, 55.061776392336725], [-1.455798359012476, 55.0617169193885], [-1.455765969948523, 55.06162799224955], [-1.455725319136227, 55.06154252530291], [-1.455676770688471, 55.06146128408353], [-1.455620759457951, 55.0613849962761], [-1.455584371282596, 55.06134417097349], [-1.455565265330963, 55.06131222645902], [-1.455406065330963, 55.061074526459024], [-1.455342654051555, 55.06098989604684], [-1.455294288410529, 55.06093785779449], [-1.455262442398832, 55.060895500836644], [-1.455202118740678, 55.06082872807149], [-1.45513603676588, 55.060767648463546], [-1.455131389972045, 55.060763726004815], [-1.455129199010157, 55.06075987012093], [-1.455072690684106, 55.06067982907375], [-1.455058690684106, 55.06066192907375], [-1.454990315609822, 55.0605833165804], [-1.454914132310718, 55.0605122449276], [-1.454830967762215, 55.060449485603456], [-1.454806559719138, 55.06043478063095], [-1.454794815556617, 55.06041265423146], [-1.454740766940874, 55.06033118756638], [-1.454679021527033, 55.06025538800008], [-1.454677034982082, 55.06025338541537], [-1.454624014431536, 55.060159209055456], [-1.454559657204697, 55.06006965043424], [-1.454548732856695, 55.06005752759943], [-1.454512343115665, 55.059989100538175], [-1.45445931159664, 55.05990900899489], [-1.454452367362296, 55.05990043840797], [-1.454445921461265, 55.05987529476713], [-1.454416405255999, 55.05979174638134], [-1.45440315434624, 55.05976271828242], [-1.454401965703682, 55.05975027885202], [-1.454388591569711, 55.05965699578374], [-1.454366495875028, 55.059565385857624], [-1.454335874842621, 55.05947626262462], [-1.454297000405579, 55.05939041755236], [-1.454288799094964, 55.05937436578933], [-1.454275802255704, 55.05933367529765], [-1.45426663175267, 55.059234172028816], [-1.45425023175267, 55.05912117202882], [-1.454231338890811, 55.05902466252715], [-1.454203057989703, 55.05893047540078], [-1.454165662554624, 55.05883952153568], [-1.454160390843833, 55.05882830246762], [-1.454149526608596, 55.05877540117577], [-1.454120210156948, 55.05868108377059], [-1.4540817324723, 55.058590118419815], [-1.454070350220616, 55.058569232643556], [-1.454063054273132, 55.05853179362635], [-1.454037094926476, 55.058443144457], [-1.453999594926476, 55.058334044457], [-1.453966663383141, 55.058250611314236], [-1.453926388132766, 55.058170464698186], [-1.453879093212933, 55.05809424943452], [-1.453859256906327, 55.05806527047582], [-1.453851772719759, 55.05802530097855], [-1.453823925654379, 55.05793003808096], [-1.453786772589057, 55.05783800478022], [-1.453740679499271, 55.05775010764841], [-1.45368610042402, 55.05766721251434], [-1.453623572993324, 55.057590135934774], [-1.453599589454379, 55.057565933047684], [-1.453587692583977, 55.0575419941291], [-1.453536998913565, 55.05746117634234], [-1.453520422164761, 55.05740347650516], [-1.453491010152677, 55.05731639731361], [-1.453453727191063, 55.05723238640463], [-1.453451978418125, 55.05722888885875], [-1.453447828204438, 55.05717477370101], [-1.453430809289266, 55.057078275229195], [-1.453404427766169, 55.05698390566962], [-1.453368936939942, 55.0568925711209], [-1.453358532130526, 55.056872019190834], [-1.453345226699673, 55.05682002745308], [-1.453325980382594, 55.05676596988155], [-1.453325745552123, 55.05676241581673], [-1.453308606400937, 55.056661558168166], [-1.453281252351361, 55.05656297940905], [-1.453243969691309, 55.05646771126623], [-1.453197515560056, 55.05637746367782], [-1.453177079908721, 55.05628764605794], [-1.453146865621855, 55.0561820416719], [-1.453119852524003, 55.05611605524399], [-1.453114022085763, 55.056090102183994], [-1.453113750743733, 55.05608309662612], [-1.453106025695635, 55.05599188928106], [-1.453089993192965, 55.055901770387266], [-1.453065787563343, 55.05581349500194], [-1.453033611612575, 55.05572780273652], [-1.452993734925457, 55.0556454115599], [-1.452935434925457, 55.0555378115599], [-1.452903291108062, 55.055485199628464], [-1.452889535175734, 55.055433922707536], [-1.452855412859945, 55.05534304938662], [-1.45284607616146, 55.05532402831978], [-1.452839750942005, 55.055293132762735], [-1.452809141663182, 55.05519562699185], [-1.452768740414867, 55.05510175451217], [-1.452733140414867, 55.05502945451217], [-1.452679112799487, 55.05493346325461], [-1.452614855439572, 55.05484399652086], [-1.452588348260507, 55.05481455865889], [-1.45254490113054, 55.0547309764412], [-1.45241430113054, 55.0545107764412], [-1.452367351335551, 55.05443884767805], [-1.452314402085439, 55.05437121331452], [-1.452149924750594, 55.054178757449634], [-1.452029605834454, 55.05400360966593], [-1.451515646635489, 55.0532555690497], [-1.451313887430442, 55.052961828442946], [-1.451287821243958, 55.0529256356205], [-1.451100524034902, 55.052677439318906], [-1.45099842661556, 55.05254214273872], [-1.450969432013061, 55.05250553043102], [-1.450296570716707, 55.051695497411245], [-1.450228482253087, 55.05161345576863], [-1.449971314097463, 55.05125832725784], [-1.449894604004189, 55.05114205272457], [-1.449571612524986, 55.05065211733628], [-1.449413429139786, 55.05041214254204], [-1.44936267561226, 55.05034196103334], [-1.44920757561226, 55.050145961033344], [-1.449137988758673, 55.05006695521517], [-1.449082445444498, 55.050010217421125], [-1.449017501937615, 55.04994377981515], [-1.448961936283249, 55.049891127271295], [-1.448902505856856, 55.049842879403585], [-1.448587335587712, 55.04960643653004], [-1.448461808444, 55.04948657114474], [-1.448439725955553, 55.049466111189574], [-1.448298994082129, 55.04933960281638], [-1.448240963831094, 55.049287470244565], [-1.447895503968445, 55.048938706803995], [-1.447691813088999, 55.04873302091104], [-1.447115781262993, 55.04814979493213], [-1.447097095235524, 55.048131365642455], [-1.446834995235524, 55.047879565642454], [-1.446811897076865, 55.047858065618065], [-1.446801208344942, 55.04784842667231], [-1.446272018977184, 55.047369888429614], [-1.446226212142487, 55.047330904916], [-1.445903188966929, 55.047072339044576], [-1.445798315391708, 55.04697539102962], [-1.445762398606069, 55.046943748707605], [-1.445098040280553, 55.04638612181194], [-1.444681335270287, 55.045955609478604], [-1.444623018167551, 55.045900026121316], [-1.443965818167551, 55.045322326121315], [-1.443920473090337, 55.04528477392715], [-1.442814373090338, 55.044422373927155], [-1.442793856474994, 55.04440679829605], [-1.442466956474994, 55.04416519829605], [-1.442378092034052, 55.044106568728246], [-1.442344998534688, 55.04408947864912], [-1.442334092750637, 55.044077479188545], [-1.442263471917565, 55.04401330012437], [-1.442187055209331, 55.043956144713036], [-1.442105538495914, 55.04390653342625], [-1.442019664089242, 55.04386491803702], [-1.441930213983501, 55.043831677505665], [-1.441549313983501, 55.04371047750566], [-1.441459144014323, 55.04368635739706], [-1.44136711791984, 55.04367074967734], [-1.441274037468471, 55.043663790327244], [-1.441180713614618, 55.04366553997945], [-1.441087959433305, 55.04367598339027], [-1.440996583036336, 55.043695029572504], [-1.440964154169641, 55.04370502080598], [-1.440808464603853, 55.04365381423781], [-1.440803195502707, 55.04364981266802], [-1.440716096647497, 55.04359671534554], [-1.440624041670263, 55.04355276745138], [-1.440527988452407, 55.043518426286965], [-1.440459622150505, 55.0434978509741], [-1.440385309608632, 55.04346183669866], [-1.440297392413103, 55.04342900548965], [-1.440234954647408, 55.04340897359123], [-1.440228355991531, 55.043402115557626], [-1.440151994696382, 55.043337218749095], [-1.440069521501872, 55.043280290589614], [-1.439981764656862, 55.04323190278838], [-1.439889605472031, 55.04319254128681], [-1.439585558841296, 55.04308034000803], [-1.439500048528985, 55.043041329591375], [-1.439459730950932, 55.043021647369464], [-1.439441037497802, 55.04301078162877], [-1.43939810266018, 55.04298333047541], [-1.439362682708942, 55.042959624208834], [-1.439307351987367, 55.04290031477899], [-1.439231416257465, 55.042833832023256], [-1.439149165941609, 55.0427753420461], [-1.439066365941609, 55.0427225420461], [-1.438960191004321, 55.042663582760845], [-1.438870291004321, 55.04262058276084], [-1.438800995658642, 55.0425905979107], [-1.438729195658642, 55.042562697910704], [-1.438695105619853, 55.04255015895588], [-1.438511091382374, 55.042486244619504], [-1.4384821414699, 55.04247423209957], [-1.438311726909886, 55.04233369801093], [-1.438306060480006, 55.0423290598831], [-1.438124260480006, 55.0421813598831], [-1.438099423526374, 55.042161824808986], [-1.437941923526374, 55.042041924808984], [-1.437885228597395, 55.04200179643502], [-1.437684128597395, 55.041869696435015], [-1.437641411899765, 55.041843149572294], [-1.437428511899765, 55.0417181495723], [-1.437357598919918, 55.041680262375515], [-1.437183298919918, 55.04159596237552], [-1.437142952787272, 55.04157754157857], [-1.436957152787272, 55.041497641578566], [-1.436881448326877, 55.04146866259776], [-1.436708448326877, 55.04141036259776], [-1.436667158076531, 55.04139743573558], [-1.436420158076531, 55.041325935735586], [-1.436371771161653, 55.0413132317135], [-1.436139971161653, 55.0412585317135], [-1.436087705767212, 55.041247662207944], [-1.435695505767212, 55.04117696220794], [-1.435680029289952, 55.041174297636275], [-1.435355968965148, 55.0411211209717], [-1.435130617873138, 55.041078045635665], [-1.434950206702912, 55.041037015379175], [-1.434758136804418, 55.04098927795264], [-1.434492268765895, 55.04091076366135], [-1.434124053680891, 55.040786527028665], [-1.433658740619628, 55.04060364097995], [-1.433501256787141, 55.040532475382946], [-1.433468829547291, 55.040507445193974], [-1.433382739454855, 55.04045395382628], [-1.433325467221762, 55.04042596494906], [-1.433255523082923, 55.04037894595963], [-1.433160909620814, 55.040329103420866], [-1.433061514662984, 55.04028964929256], [-1.432958474888768, 55.04026103477156], [-1.432852968659568, 55.04024358709313], [-1.432769968659568, 55.04023438709313], [-1.432708331701993, 55.04023066324036], [-1.432673304041493, 55.04020075990484], [-1.432635004041493, 55.04017145990484], [-1.432600342667074, 55.04014711617662], [-1.432607851123509, 55.04013274203312], [-1.432772689017177, 55.039884329151285], [-1.433004579939612, 55.03964102596199], [-1.43305794487069, 55.039580298228685], [-1.43311574487069, 55.03950889822869], [-1.433183294643095, 55.03941479065681], [-1.433216294643095, 55.0393626906568], [-1.433256159388358, 55.03929383788626], [-1.433290424326455, 55.03922203387563], [-1.433308924326455, 55.03917893387563], [-1.433350676351665, 55.03906217057344], [-1.433359376351665, 55.03903207057344], [-1.433385204322349, 55.03891813521914], [-1.433397568137724, 55.03880196514942], [-1.433398668137724, 55.03877886514942], [-1.433398398880207, 55.03867838236164], [-1.433388046906463, 55.038578433876005], [-1.433367716738957, 55.03848002885871], [-1.433337613648606, 55.03838416089174], [-1.433298041582195, 55.03829179794083], [-1.433268341582195, 55.03823109794083], [-1.433223130658557, 55.03814873919906], [-1.433170390041857, 55.03807098691734], [-1.433145590041857, 55.03803788691734], [-1.433060420607173, 55.03793849891474], [-1.433012720607173, 55.03788969891474], [-1.432951297356616, 55.037831943919116], [-1.432885227327667, 55.03777956829021], [-1.432841027327667, 55.03774746829021], [-1.43276196131333, 55.03769557422188], [-1.43267834650846, 55.037651381537444], [-1.43260144650846, 55.03761528153744], [-1.432598052199159, 55.03761369586272], [-1.432326152199159, 55.03748729586272], [-1.432218025563639, 55.03744448722836], [-1.432146825563639, 55.037420987228366], [-1.432035844293334, 55.03739130621972], [-1.431955544293334, 55.037374706219715], [-1.431856542089695, 55.037359364522004], [-1.431834024832112, 55.037357022727214], [-1.431839665858919, 55.03734628532447], [-1.431881783397117, 55.03725531232906], [-1.431927829984645, 55.03714116789315], [-1.431967690783593, 55.03708030395368], [-1.432029563028372, 55.03703145744464], [-1.432084661208161, 55.03699112376683], [-1.432348223476811, 55.0368246064771], [-1.432441308165644, 55.036758051665565], [-1.432526180001192, 55.036681298334926], [-1.432601727645991, 55.03659535151649], [-1.432622927645991, 55.03656825151649], [-1.432675909077985, 55.036493742297104], [-1.432721864147942, 55.03641470567613], [-1.432760408733244, 55.03633180229348], [-1.432791220652966, 55.03624572511002], [-1.432814042360872, 55.036157193615296], [-1.432828683098159, 55.036066947813616], [-1.432835020487943, 55.03597574203857], [-1.432835720487943, 55.03594614203857], [-1.432833544117254, 55.035852459053885], [-1.432822608074049, 55.03575939111544], [-1.432803008390327, 55.03566775547496], [-1.432800220291561, 55.035658882511704], [-1.432829578127808, 55.03563458570271], [-1.432907583692903, 55.035562727006244], [-1.432977539985888, 55.0354830109005], [-1.433090739985888, 55.0353393109005], [-1.433141548025351, 55.03526869885123], [-1.433186026985765, 55.035193938297084], [-1.433223840271779, 55.035115594989925], [-1.433254701730655, 55.03503426179417], [-1.433315801730655, 55.03484936179417], [-1.433341075153889, 55.03475527605307], [-1.433372558132129, 55.03466942156217], [-1.433380158132129, 55.03464522156217], [-1.433404837690418, 55.03455071590225], [-1.433420179699298, 55.034454253354504], [-1.433426037789862, 55.03435675421025], [-1.433422356073581, 55.03425914865037], [-1.433409169675502, 55.03416236787098], [-1.433386604399143, 55.034067335199445], [-1.433354875526273, 55.03397495728552], [-1.433314285763043, 55.03388611545148], [-1.433265222352045, 55.033801657283995], [-1.433208153377861, 55.03372238854778], [-1.433161248268731, 55.033669092072365], [-1.433142201991663, 55.033643009874446], [-1.433111880540546, 55.03360891896561], [-1.433067255212458, 55.03352807267312], [-1.433013450404005, 55.03344937991827], [-1.432952396941858, 55.03337616802143], [-1.432884649649788, 55.03330910229623], [-1.43281082418179, 55.033248792202926], [-1.432731591427328, 55.033195785809916], [-1.432716479263174, 55.03318764249459], [-1.432703196308848, 55.03315870368525], [-1.432607596308848, 55.03297340368525], [-1.432560249353309, 55.03289140831117], [-1.432505359721372, 55.032814258431884], [-1.432443419497248, 55.032742645694164], [-1.432374983973532, 55.03267721210446], [-1.432300666673023, 55.03261854427329], [-1.432221133848503, 55.03256716815635], [-1.432137098509803, 55.032523544339256], [-1.432049314031679, 55.03248806390847], [-1.431958567399833, 55.03246104494518], [-1.431865672155603, 55.03244272967375], [-1.431834522797604, 55.03243810776153], [-1.43169117989933, 55.03240205572474], [-1.431534918028005, 55.03236022033376], [-1.431415825434922, 55.03233598151249], [-1.431247625434922, 55.03231228151249], [-1.431179897292096, 55.03230508075573], [-1.430754797292096, 55.03227448075573], [-1.4306363468239, 55.03227298885222], [-1.430564389115761, 55.03227634956717], [-1.430665089762912, 55.03209866978454], [-1.430718204431495, 55.03199014935776], [-1.430757843759086, 55.031876015336735], [-1.430874043759086, 55.03146231533674], [-1.430897082387847, 55.03135992703298], [-1.430909263468263, 55.03125568805542], [-1.430910452836167, 55.03115074650709], [-1.430886052836167, 55.030558346507085], [-1.430877211967352, 55.03046063961213], [-1.430858839545613, 55.03036426922039], [-1.430773139545613, 55.03001016922039], [-1.430738394727053, 55.029896593400885], [-1.430690429212508, 55.02978793808069], [-1.430409129212508, 55.02924113808069], [-1.430333726111672, 55.029117491524794], [-1.429740426111672, 55.02828659152479], [-1.429680180812809, 55.02821034472424], [-1.429063479672452, 55.02750336911493], [-1.428151979886529, 55.02622993386475], [-1.428133251725381, 55.026157705914265], [-1.428101592013837, 55.02607012317235], [-1.428061921920396, 55.02598586548604], [-1.428014585506715, 55.025905663628485], [-1.427959993325014, 55.02583021319633], [-1.427898618857325, 55.02576016857675], [-1.427718218857325, 55.02557266857675], [-1.427654021241451, 55.02551160543893], [-1.427375916512406, 55.02526961820716], [-1.427357971276874, 55.02523287240244], [-1.427303953383056, 55.025136228634594], [-1.427239582995492, 55.02504614864835], [-1.427165649163219, 55.02496373663975], [-1.427083049163219, 55.02488133663975], [-1.42700400690778, 55.024810447321485], [-1.42687560690778, 55.024707047321485], [-1.426795006345239, 55.02464851030378], [-1.426708981789825, 55.02459828273176], [-1.426671508259696, 55.02457883783564], [-1.42650895506499, 55.024404417639644], [-1.426456148978428, 55.02435182964093], [-1.426399573133355, 55.024303320320776], [-1.426035673133355, 55.02401412032078], [-1.426032098821815, 55.024011292995034], [-1.425005698821815, 55.023203192995034], [-1.424941145626323, 55.023156413697436], [-1.424873071239433, 55.02311492519805], [-1.424801254785936, 55.02307499186034], [-1.424799137510593, 55.023071885954465], [-1.424739246696531, 55.02299964580062], [-1.424672848170247, 55.02293333754213], [-1.424600526607246, 55.02287354505964], [-1.424522918838625, 55.022820794858816], [-1.423811457782596, 55.02238455807974], [-1.423750239669201, 55.02232922632341], [-1.42367361016044, 55.02226656863248], [-1.423591161479632, 55.022211793794476], [-1.423503701464546, 55.02216543849698], [-1.423246101464547, 55.022044838496974], [-1.423163090663174, 55.022010433317455], [-1.422831990663174, 55.02189033331745], [-1.422710089473464, 55.02185469522773], [-1.422561789473464, 55.02182139522773], [-1.422452605229705, 55.02180315792901], [-1.422342074229446, 55.02179710019579], [-1.422231550897253, 55.02180329625833], [-1.422185950897253, 55.02180839625833], [-1.422089560253329, 55.021823973414], [-1.421995148252674, 55.02184887679023], [-1.421903615000801, 55.021882868963104], [-1.421815833157793, 55.021925625857904], [-1.421750051861615, 55.02196604178377], [-1.421713842983551, 55.02193610765896], [-1.421694342983551, 55.02192150765896], [-1.421607073166169, 55.02186305816699], [-1.421514153971154, 55.021814084834105], [-1.421416610516898, 55.021775127951926], [-1.421315518938311, 55.02174661730698], [-1.421229530090995, 55.02173187401622], [-1.421235139999029, 55.021675783805556], [-1.421241239999029, 55.02155438380556], [-1.421241698827535, 55.021464178717494], [-1.42123402700688, 55.021374299289356], [-1.421218286963962, 55.02128547688517], [-1.421194606778161, 55.021198434267816], [-1.421163179139136, 55.021113879717724], [-1.421121920525993, 55.02101655978291], [-1.421121441996207, 55.02101045490291], [-1.4211156243031, 55.02095566160899], [-1.4210875243031, 55.02074616160899], [-1.421084282088777, 55.0207238937544], [-1.421059813104511, 55.02056814956257], [-1.421061041747257, 55.020546863937255], [-1.421079275359621, 55.020513909970454], [-1.421160431923734, 55.02047996130771], [-1.421245381814919, 55.020434361171795], [-1.421325545438686, 55.02038079205912], [-1.421400177605498, 55.02031975194048], [-1.421468584545451, 55.020251808236026], [-1.421530130357452, 55.020177592540705], [-1.421584242920471, 55.02009779475294], [-1.421630419211893, 55.020013156661534], [-1.421668229983542, 55.01992446505], [-1.421697323751915, 55.01983254438286], [-1.421717430065519, 55.0197382491414], [-1.421728362018949, 55.01964245588067], [-1.421730017990337, 55.01954605508105], [-1.42172238258601, 55.019449942870544], [-1.42170552678359, 55.019355012694454], [-1.421679607272196, 55.01926214701007], [-1.421644864995884, 55.01917220908345], [-1.421601622913866, 55.01908603496466], [-1.421550282998328, 55.01900442571591], [-1.421491322497752, 55.018928139965084], [-1.421425289500485, 55.01885788685356], [-1.421352797839788, 55.01879431944416], [-1.421274521387729, 55.01873802865042], [-1.421191187790968, 55.01868953774345], [-1.421180902341576, 55.01868481384924], [-1.421140074095914, 55.01864468499507], [-1.421050645164233, 55.018574817269396], [-1.420934445164233, 55.0184942172694], [-1.420884419683815, 55.01846168485007], [-1.420773796833507, 55.01839435404077], [-1.420665651352681, 55.01829310393938], [-1.42058235398465, 55.01822321551165], [-1.420491961089772, 55.01816278399332], [-1.420383054993017, 55.01809825411112], [-1.420348024817547, 55.01806629129873], [-1.420240676359359, 55.017981059526576], [-1.420122176359359, 55.017899559526576], [-1.420024187538826, 55.0178401359805], [-1.419920043460418, 55.01779231362474], [-1.419725143460418, 55.017716013624735], [-1.419663347374015, 55.017694129159224], [-1.419352947374015, 55.01759552915923], [-1.41934664056295, 55.01759354869633], [-1.41920134056295, 55.01754844869633], [-1.419127970360083, 55.01752869765365], [-1.419053312307258, 55.01751457442795], [-1.418918712307258, 55.01749437442795], [-1.418772182349595, 55.01748330177162], [-1.418559682349595, 55.01748290177162], [-1.418447834322689, 55.01748896461487], [-1.418190234322689, 55.01751746461487], [-1.418114721388041, 55.01752875169847], [-1.418040289719798, 55.01754576723013], [-1.417711489719798, 55.01763426723013], [-1.41760454366295, 55.017669622391985], [-1.41750894366295, 55.017707322391985], [-1.417429386692299, 55.01774277311243], [-1.417353216242088, 55.01778501204796], [-1.417281010146316, 55.017833718771236], [-1.417244563959817, 55.01786322558848], [-1.417242135178165, 55.017864102488254], [-1.417210916586965, 55.017856110803564], [-1.417174037729422, 55.01784903549055], [-1.417156109041052, 55.017838275055844], [-1.41706979068792, 55.01779205898354], [-1.416979366404718, 55.01775450592195], [-1.416885703069467, 55.017725975884154], [-1.416789698612277, 55.017706742381435], [-1.416692273407087, 55.01769698980123], [-1.416661545474059, 55.017696933888296], [-1.416669321248794, 55.01767676550698], [-1.416672464727404, 55.01767582313173], [-1.417026520917924, 55.01766859147131], [-1.417108095254545, 55.01766358488531], [-1.417408495254545, 55.017632784885315], [-1.41750597658151, 55.01761790259385], [-1.417601518179903, 55.017593491639694], [-1.41769419099446, 55.01755978939721], [-1.417783093866233, 55.0175171235901], [-1.417867362295544, 55.01746590910457], [-1.417946176848458, 55.01740664395499], [-1.418065376848458, 55.01730744395499], [-1.418140569023476, 55.01723805837805], [-1.418208277791232, 55.017161352809545], [-1.418267794361351, 55.01707813022035], [-1.418318495701197, 55.016989261802955], [-1.418359851057913, 55.01689567785165], [-1.418391427514467, 55.016798358023955], [-1.41841289452152, 55.01669832108538], [-1.418424027357685, 55.016596614244754], [-1.41842470948197, 55.01649430219181], [-1.418414933753746, 55.01639245595178], [-1.4183948025075, 55.01629214167365], [-1.4182541025075, 55.01573934167365], [-1.418224429943974, 55.015643259018546], [-1.418127929943974, 55.015378759018546], [-1.418087810950485, 55.01528419025355], [-1.418038201721931, 55.01519423632426], [-1.417979625773834, 55.015109846495164], [-1.417969191147352, 55.01509769512814], [-1.417982454281797, 55.01509855832938], [-1.418001309039924, 55.01510423368911], [-1.41810667586204, 55.015123965956874], [-1.418213549501069, 55.01513230591341], [-1.418452649501069, 55.01513810591341], [-1.41857771932582, 55.01513330475099], [-1.41892211932582, 55.01509840475099], [-1.418940939198962, 55.015096317436424], [-1.420353464903855, 55.01492610140511], [-1.421603438407173, 55.01481105872803], [-1.422285894120841, 55.01476274995914], [-1.422804738803113, 55.01475761112861], [-1.423034025633372, 55.01477202875891], [-1.423494625106249, 55.01482912636431], [-1.424019744061286, 55.01491143706188], [-1.4240355620792, 55.014913787057665], [-1.4246231620792, 55.01499628705767], [-1.424736413819858, 55.01500566748118], [-1.425453613819858, 55.01502416748117], [-1.425532410010455, 55.01502309398095], [-1.425880910010455, 55.015004593980954], [-1.426015236332256, 55.0149882958305], [-1.426778781629709, 55.01484267801243], [-1.426802803444416, 55.014844338048874], [-1.426904700035361, 55.014840974176316], [-1.427005724549967, 55.01482725272109], [-1.428294906111232, 55.014584667465485], [-1.429689566907051, 55.01434426701309], [-1.429757582821851, 55.0143300938603], [-1.430022982821851, 55.0142650938603], [-1.430116229515592, 55.01423738531353], [-1.430206342826934, 55.01420074789308], [-1.430408942826935, 55.01410664789308], [-1.4305202120472, 55.01404612242385], [-1.4307289120472, 55.01391482242385], [-1.430802437094626, 55.01386383638334], [-1.430871110506683, 55.01380648246977], [-1.430934382517755, 55.01374321983039], [-1.431535882517755, 55.01308541983039], [-1.43156853305648, 55.013047879132145], [-1.432028180721759, 55.0124920478373], [-1.432232470915662, 55.012291482785756], [-1.432299636860603, 55.012218665255666], [-1.432359268499444, 55.01213955947524], [-1.432410780627744, 55.012054941761455], [-1.432727321393954, 55.01147176106369], [-1.432738788606697, 55.0114542454017], [-1.432787327721148, 55.01143135123927], [-1.432873507188666, 55.01137953776524], [-1.432954047379471, 55.011319331333866], [-1.433028133908466, 55.011251340724705], [-1.433095017646994, 55.01117625342729], [-1.433154022297677, 55.01109482868958], [-1.433204551232824, 55.01100788984081], [-1.433246093527251, 55.010916315966334], [-1.433278229124524, 55.01082103301875], [-1.433300633084371, 55.01072300445507], [-1.433313078868329, 55.01062322149473], [-1.433315440630397, 55.01052269309679], [-1.433309816296386, 55.01044989804038], [-1.433340355817309, 55.010425464658894], [-1.433508555817309, 55.010280264658896], [-1.433573663178942, 55.01021876168684], [-1.433633006525594, 55.010151680010374], [-1.433686109829622, 55.0100795577308], [-1.433732547118405, 55.010002973383045], [-1.433771945891327, 55.009922541294905], [-1.433787648173425, 55.0098864814659], [-1.4338793559194, 55.0098466707623], [-1.433997103510705, 55.00982576621456], [-1.434003511197468, 55.00983739724168], [-1.434056747384466, 55.00991552680627], [-1.434117123972149, 55.00998827973149], [-1.434184101295227, 55.01005500572838], [-1.434257080688923, 55.010115108378606], [-1.434335409840027, 55.01016805046542], [-1.434418388617484, 55.01021335877547], [-1.434580688617484, 55.010292258775465], [-1.434672673150531, 55.010331419271196], [-1.434768108121935, 55.01036119954955], [-1.434866039687911, 55.01038130196561], [-1.434965489051957, 55.010391525601776], [-1.43506546224764, 55.0103917682759], [-1.435164960072985, 55.01038202756252], [-1.435262988077204, 55.01036240081713], [-1.435358566499925, 55.01033308420314], [-1.435450740063607, 55.01029437073127], [-1.435538587521246, 55.010246647331016], [-1.43686885741459, 55.00943533594158], [-1.437176517637139, 55.00926244222143], [-1.437861475818403, 55.00903605493086], [-1.438187536434228, 55.008965513385306], [-1.438590019956147, 55.00887853855568], [-1.438668327617356, 55.008858269660394], [-1.439067027617356, 55.0087376696604], [-1.439153745550198, 55.00870701998681], [-1.439447141679977, 55.00858787632035], [-1.439659684885019, 55.00850634073229], [-1.439992163832928, 55.008393041432406], [-1.440327960831798, 55.00828849631224], [-1.440418051309066, 55.00825563219022], [-1.441235851309066, 55.00791203219023], [-1.441329136151909, 55.007867020115796], [-1.441417264658622, 55.00781260031192], [-1.441451717098234, 55.00778603701375], [-1.441912209398983, 55.00759214766389], [-1.441956291142268, 55.00762521834513], [-1.442038892858954, 55.00768097888777], [-1.442126634602353, 55.00772824058664], [-1.442218644896753, 55.00776653402522], [-1.442314009869988, 55.00779547886231], [-1.442470909869988, 55.00783467886231], [-1.442563831748548, 55.00785326652543], [-1.442658095848528, 55.00786297508815], [-1.442699695848528, 55.00786527508815], [-1.442799272304286, 55.00786581506426], [-1.44289840877483, 55.00785644904463], [-1.4429961222465, 55.007837269900506], [-1.443091443815758, 55.007808467807706], [-1.443183428296597, 55.007770328360934], [-1.443271163592788, 55.00772322974187], [-1.443353779742004, 55.00766763896922], [-1.443430457542161, 55.00760410726785], [-1.443500436674437, 55.00753326460301], [-1.443529936674437, 55.00750026460302], [-1.44359446308975, 55.00742014272455], [-1.44365041646669, 55.007333815479186], [-1.443697204640951, 55.00724219648316], [-1.443734332445159, 55.007146255356226], [-1.443761406949313, 55.00704700745999], [-1.443778141619233, 55.006945503152174], [-1.443784359349001, 55.0068428166705], [-1.443779994335302, 55.00674003476383], [-1.443765092773836, 55.00663824519094], [-1.443744992773836, 55.006537445190936], [-1.443739308443108, 55.00651479223709], [-1.443848423952955, 55.00635176785633], [-1.443913585230562, 55.00629481386087], [-1.443981528501935, 55.00622233673986], [-1.444022760422936, 55.00617372379597], [-1.444077203230228, 55.006140162461236], [-1.444152986109802, 55.006082853142935], [-1.444222987966014, 55.00601861029954], [-1.444244387966014, 55.00599701029954], [-1.444310255888055, 55.00592361795363], [-1.444368574706374, 55.00584409478077], [-1.444418777269324, 55.00575921414537], [-1.444436524937774, 55.00572106657954], [-1.444504525017896, 55.005634403609434], [-1.444560708178286, 55.00555515743465], [-1.444608937232507, 55.00547083387888], [-1.444648757066912, 55.00538222866167], [-1.444679791921482, 55.005290177906474], [-1.444701748935698, 55.005195550250605], [-1.444713413276138, 55.005106897046], [-1.444733408588232, 55.0050823587649], [-1.444789426170332, 55.00499718287281], [-1.444791485407309, 55.00499367437825], [-1.444825587059225, 55.00496018078114], [-1.444897527645471, 55.00487120133437], [-1.445190837873412, 55.004462656304], [-1.445299586987888, 55.00436861933626], [-1.445367934915303, 55.00430363892944], [-1.445429857584276, 55.00423250893915], [-1.445438485238184, 55.004221599591645], [-1.445447263955441, 55.00421075109552], [-1.445505864510656, 55.00413048350642], [-1.445556208318857, 55.00404479563151], [-1.445562250603372, 55.004031682142326], [-1.445568205435449, 55.00402361687696], [-1.44560235081388, 55.00396644294651], [-1.445641174680608, 55.00393401431354], [-1.445708458534391, 55.0038658801826], [-1.445768917084314, 55.003791622923565], [-1.445793917084314, 55.00375772292357], [-1.445847475184361, 55.00367722245845], [-1.445893008510808, 55.00359192585156], [-1.44593009138192, 55.00350263052338], [-1.445958377117539, 55.00341017127762], [-1.445977601280122, 55.003315412496825], [-1.445987584146915, 55.003219240061405], [-1.44598785793325, 55.003178404189164], [-1.446055097197011, 55.00310949428328], [-1.446117180513046, 55.00303170165618], [-1.446171223296788, 55.00294812289998], [-1.446216690198747, 55.002859585948435], [-1.446310690198747, 55.00265168594843], [-1.446346443385892, 55.00256110041057], [-1.446373215733498, 55.00246746670155], [-1.446390753331818, 55.002371672846294], [-1.446398889853741, 55.00227462735659], [-1.446397737463095, 55.00219099148494], [-1.446444130801749, 55.002050991798676], [-1.446444675813518, 55.00204954423196], [-1.446591810840092, 55.00190368922622], [-1.446657098700017, 55.001832389278476], [-1.446715196550279, 55.001755118151934], [-1.446765561397493, 55.00167259803702], [-1.446807722522366, 55.00158560018215], [-1.446841285879135, 55.001494937685585], [-1.446865937778384, 55.00140145789597], [-1.446881447818846, 55.00130603449294], [-1.446887671040782, 55.001209559321474], [-1.446884549280792, 55.00111293405657], [-1.446872111715432, 55.00101706177607], [-1.446850474588514, 55.00092283852023], [-1.446819840124677, 55.00083114491726], [-1.446780494639356, 55.000742837952714], [-1.446732805862822, 55.00065874296003], [-1.446677219503307, 55.000579645906754], [-1.446614255081334, 55.00050628604874], [-1.446585917929728, 55.000479093278294], [-1.446641201574842, 55.00024730580401], [-1.446957336332985, 54.99929736829038], [-1.44696025927999, 54.99928844568264], [-1.447104872984884, 54.99883988980118], [-1.447155213461579, 54.99882784177328], [-1.447246655474587, 54.9987963506533], [-1.447334627817742, 54.998756173555094], [-1.447418307656479, 54.99870768626842], [-1.447496912305453, 54.99865134231098], [-1.447569706549255, 54.99858766868653], [-1.447636009519128, 54.998517260955666], [-1.447695201061355, 54.99844077766527], [-1.447715201061355, 54.99841217766527], [-1.44776571525329, 54.99833212480571], [-1.447808433983349, 54.99824765437293], [-1.447842974485565, 54.99815952323417], [-1.447845715020071, 54.99814995056883], [-1.447900021815259, 54.9980923413334], [-1.448044876903982, 54.99799979776582], [-1.448303515748801, 54.99787076599386], [-1.448525375250339, 54.99776542046183], [-1.448939067627617, 54.99763596786537], [-1.44930763932844, 54.99755396549077], [-1.4498378582056, 54.99744739179087], [-1.449935698623839, 54.997422528545705], [-1.450030533751315, 54.99738792757755], [-1.450121397130037, 54.997343941502386], [-1.450207362777816, 54.997291018579155], [-1.450287554624893, 54.99722969814159], [-1.450361155441894, 54.99716060510187], [-1.450427415168163, 54.99708444358222], [-1.450485658555574, 54.997001989739225], [-1.450535292049937, 54.99691408385411], [-1.450575809839863, 54.99682162176944], [-1.450606799011457, 54.996725545759716], [-1.450627943756289, 54.99662683492866], [-1.45063902858978, 54.99652649523129], [-1.450639940547184, 54.99642554922229], [-1.450618840547184, 54.995916949222284], [-1.450610151347507, 54.99582053728488], [-1.450592180862133, 54.99572541722642], [-1.450565097488235, 54.99563248039452], [-1.450529155017716, 54.99554259767827], [-1.45048469025898, 54.99545661134741], [-1.45043211988078, 54.995375327159515], [-1.450371936507718, 54.99529950680952], [-1.450304704103971, 54.99522986079204], [-1.450231052688519, 54.99516704174343], [-1.450151672431384, 54.99511163832618], [-1.450067307186211, 54.99506416971263], [-1.449978747519792, 54.99502508071994], [-1.449886823303848, 54.99499473764183], [-1.449792395938501, 54.99497342481614], [-1.449696350280293, 54.9949613419603], [-1.449599586350409, 54.99495860229991], [-1.448902350962088, 54.99497262908581], [-1.449376726846227, 54.993941029271554], [-1.449826467852937, 54.99374382927421], [-1.449906094244975, 54.99370461399636], [-1.449981929692356, 54.993658492577836], [-1.450053376748234, 54.99360582837242], [-1.450119872538388, 54.99354703627926], [-1.450180893195665, 54.993482579474254], [-1.450194244626306, 54.99346715951211], [-1.45036683172654, 54.99332943849272], [-1.450419272315512, 54.993284543510136], [-1.450479547457643, 54.99322922330426], [-1.450586122761631, 54.99313122990678], [-1.450932497941714, 54.992813136370074], [-1.451000265546852, 54.99274459523866], [-1.451061119604763, 54.992669848207704], [-1.451114494760864, 54.992589589702156], [-1.451159895142072, 54.99250456535042], [-1.451196898963638, 54.99241556505722], [-1.451224473737278, 54.99232566111519], [-1.451495773848632, 54.992100423468784], [-1.45156328517891, 54.99210619231221], [-1.451658482906369, 54.99210524072785], [-1.451753158730417, 54.992095240669514], [-1.451846454555509, 54.992076282772835], [-1.451937524793737, 54.99204853886296], [-1.45202554402883, 54.992012260397175], [-1.452109714497321, 54.991967776185824], [-1.45218927331909, 54.991915489412115], [-1.452263499411735, 54.9918558739779], [-1.452310642016742, 54.99181416803982], [-1.452572804494496, 54.99166652605785], [-1.452656710385823, 54.991613627091745], [-1.452734962973321, 54.99155267603135], [-1.45284988534491, 54.99145362529164], [-1.453459233412402, 54.990935063931175], [-1.453486887893376, 54.990938745548405], [-1.453590100863333, 54.99094174456786], [-1.45369307286489, 54.990934084399434], [-1.453794706019703, 54.99091584671515], [-1.453893916724089, 54.99088722596358], [-1.453989647202322, 54.99084852729665], [-1.454080876784535, 54.9908001633161], [-1.455488175897628, 54.98995827846738], [-1.455775295311383, 54.98980899493598], [-1.456415266393933, 54.98957554535101], [-1.456931612375004, 54.98949613835742], [-1.45754755227016, 54.989598830888], [-1.458260766200772, 54.98984767867585], [-1.458359930821317, 54.98987662697288], [-1.458461552788386, 54.989895190422935], [-1.458564547630365, 54.98990317092382], [-1.458667816224836, 54.98990048331061], [-1.458770256527994, 54.989887156264516], [-1.45887077533525, 54.989863332006784], [-1.458968299947502, 54.98982926478098], [-1.459214565374874, 54.9897286852957], [-1.459824720956811, 54.98957438791896], [-1.4641080876231, 54.98971823196601], [-1.46543869079577, 54.989939458808536], [-1.465515531398826, 54.98994919357305], [-1.465592894947581, 54.98995295192932], [-1.466146659205192, 54.98995838187791], [-1.466295192040744, 54.98997718937535], [-1.466330985452726, 54.98999879737982], [-1.466424669507278, 54.99004876875353], [-1.466523123867415, 54.99008852525285], [-1.466625238574411, 54.99011761866935], [-1.466729862403369, 54.99013572100849], [-1.466835815841953, 54.9901426281874], [-1.468170082063285, 54.99015861939304], [-1.468615348302383, 54.99016460952183], [-1.46861644139335, 54.99016462362951], [-1.469506455261717, 54.99017562380081], [-1.470397455261718, 54.99018662380081], [-1.470429926944354, 54.99018649743254], [-1.471895326944354, 54.99015699743254], [-1.471966474989978, 54.99015302572582], [-1.473436074989978, 54.99001832572581], [-1.473458862262942, 54.99001597360316], [-1.473687062262942, 54.989989773603156], [-1.473781322068789, 54.98997436028222], [-1.473873681460425, 54.989950024624484], [-1.473963297891014, 54.98991698863155], [-1.474049353836327, 54.98987555367364], [-1.4741310642526, 54.9898260977404], [-1.474207683738074, 54.98976907199265], [-1.474278513332915, 54.98970499664672], [-1.474342906895455, 54.98963445622878], [-1.474400276996616, 54.98955809424246], [-1.474450100278712, 54.98947660729859], [-1.474491922229777, 54.98939073876029], [-1.474525361329836, 54.989301271961715], [-1.47455011253132, 54.98920902306207], [-1.474565950041853, 54.98911483360023], [-1.474572729384037, 54.98901956281782], [-1.474570388713449, 54.9889240798208], [-1.474558949382815, 54.98882925565101], [-1.4744842018927393, 54.98838807196444], [-1.4765180086251348, 54.98838807196444], [-1.4827454151818529, 54.9876694280174], [-1.5101460040314123, 54.9876694280174], [-1.5213553358335048, 54.98695078407036], [-1.5250917797675356, 54.98623214012332], [-1.5288282237015665, 54.98479485222924], [-1.530540760504664, 54.983806716802064], [-1.5330317231273511, 54.98093214101391], [-1.5342772044386948, 54.978057565225754], [-1.5355226857500384, 54.96799654996721], [-1.536768167061382, 54.965121974179056], [-1.5412830368150026, 54.96251688987104], [-1.5437739994376898, 54.961798245924], [-1.5475104433717206, 54.96107960197696], [-1.5500014059944078, 54.96036095802992], [-1.5524431467056274, 54.96036148071289], [-1.5487559246830642, 54.959821975069644], [-1.546264962060377, 54.96054061901668], [-1.5375465928809717, 54.96125926296372], [-1.5345885747665307, 54.965121974179056], [-1.533343093455187, 54.97446434549056], [-1.5320976121438434, 54.978057565225754], [-1.5308521308324998, 54.98021349706687], [-1.5296066495211562, 54.98165078496095], [-1.5250917797675356, 54.984255869268964], [-1.5201098545221612, 54.98569315716304], [-1.5126369666540995, 54.98641180111008], [-1.474149368932265, 54.98641180111008], [-1.474108748904972, 54.98617205283067], [-1.474086649057036, 54.98607265113952], [-1.474054554962341, 54.98597601228312], [-1.474012799407749, 54.985883138319366], [-1.47396181536076, 54.98579499226765], [-1.473902131480028, 54.98571248812313], [-1.473834366633652, 54.9856364813795], [-1.473759223482062, 54.98556776015825], [-1.473677481192076, 54.98550703703654], [-1.473589987357627, 54.98545494165849], [-1.473497649210992, 54.985412014206226], [-1.473401424215596, 54.985378699798794], [-1.473302310137992, 54.985355343876584], [-1.472720310137992, 54.98524914387658], [-1.47261497370541, 54.98523565466337], [-1.472508800762333, 54.98523341210673], [-1.472402988697791, 54.9852424414976], [-1.471991632522298, 54.98529967717534], [-1.471795203725526, 54.98532705985256], [-1.470856849351693, 54.98529678205604], [-1.469274468443751, 54.985021410940334], [-1.468034842682821, 54.9845797636444], [-1.467127611991043, 54.984209676865056], [-1.467034234262697, 54.98417687479064], [-1.46693807137327, 54.98415346379036], [-1.466840065274446, 54.98413967318377], [-1.465616284208619, 54.984028879344436], [-1.463818660944269, 54.983549117960514], [-1.463729800633607, 54.983529684057636], [-1.463639542040198, 54.98351840497488], [-1.462584942040198, 54.98343510497488], [-1.462488040680435, 54.98343216489404], [-1.462391309991356, 54.98343862178103], [-1.462295659098047, 54.98345441495071], [-1.459665219052774, 54.98402092854465], [-1.45822974551761, 54.984263818467866], [-1.451288838630394, 54.98543840580874], [-1.450065343032156, 54.98563171123077], [-1.450041400323302, 54.98561256150978], [-1.449960364627241, 54.98555971847296], [-1.44987460194518, 54.985514953163374], [-1.449784914944691, 54.98547868454719], [-1.44969214302171, 54.98545125206857], [-1.449597154444489, 54.98543291247276], [-1.449500838227326, 54.985423837403175], [-1.449404095810124, 54.985424111794934], [-1.44930783262167, 54.98543373307995], [-1.44903083262167, 54.98547503307995], [-1.44891995699158, 54.985498046745775], [-1.44875205699158, 54.985542946745774], [-1.448623411203392, 54.98558691558342], [-1.448488311203392, 54.98564361558342], [-1.448417237013394, 54.985676780262175], [-1.448348980568724, 54.98571541307415], [-1.448182580568724, 54.985818413074156], [-1.448106635257169, 54.98587040357665], [-1.448035791551194, 54.9859291562108], [-1.447892191551194, 54.9860598562108], [-1.447828128973114, 54.986123693793786], [-1.447770095901827, 54.98619305814737], [-1.447718567004385, 54.98626738192311], [-1.447668867004384, 54.986346481923114], [-1.447619594167806, 54.98643445771747], [-1.447579431517851, 54.98652694833519], [-1.447548787410384, 54.986623013373034], [-1.447527973420987, 54.98672167608465], [-1.447517201176997, 54.9868219333117], [-1.447516580205771, 54.98692276568355], [-1.44752611682107, 54.98702314798172], [-1.447545714058853, 54.9871220595639], [-1.447575172663169, 54.98721849474135], [-1.447614193112103, 54.987311473004304], [-1.44766237866318, 54.98740004899137], [-1.447719239387265, 54.98748332210152], [-1.447784197149941, 54.987560445651006], [-1.447801634065621, 54.98757735158826], [-1.447745493889037, 54.987640460342305], [-1.447382198302724, 54.9879777606381], [-1.447301447080846, 54.9880620275417], [-1.447085369211931, 54.98831561262473], [-1.446828070121982, 54.98840563649531], [-1.44673262850932, 54.9884223104476], [-1.446635879244451, 54.98844944979833], [-1.446542342033594, 54.9884861615784], [-1.446452961318655, 54.98853207511026], [-1.446368639573549, 54.988586726806595], [-1.446277639573549, 54.988652426806595], [-1.44619910704435, 54.98871537238388], [-1.446127299421395, 54.98878589308387], [-1.446062944080277, 54.988863274566874], [-1.446006692908672, 54.98894673299685], [-1.445959115703038, 54.98903542298133], [-1.445920694396863, 54.98912844613476], [-1.445891818178916, 54.98922486017875], [-1.445872779550956, 54.98932368848688], [-1.445863771364839, 54.98942392997741], [-1.445864119746802, 54.98945541697961], [-1.44584156669345, 54.989477228301816], [-1.44528656669345, 54.99006852830181], [-1.445222856437363, 54.99014347479115], [-1.445166817714177, 54.99022431806234], [-1.445124703096618, 54.99030001243725], [-1.445051196371692, 54.99034126779773], [-1.444706096371692, 54.99055746779773], [-1.444698350411219, 54.99056282427458], [-1.444479467065981, 54.990457958522526], [-1.444400870053881, 54.99042435415923], [-1.444319690326744, 54.9903975848588], [-1.444110490326744, 54.9903383848588], [-1.44400564229331, 54.990314718121475], [-1.443937186985685, 54.9903068479206], [-1.443916877549964, 54.990299035089365], [-1.443825741775243, 54.990273559803114], [-1.44373260603754, 54.99025681304205], [-1.44354680603754, 54.99023241304205], [-1.443452463109908, 54.990224543288235], [-1.443357798758399, 54.99022563028996], [-1.443263661414255, 54.99023566430494], [-1.443170894785399, 54.99025455540311], [-1.443080330294694, 54.990282134272604], [-1.442992779628291, 54.99031815373723], [-1.442909027460878, 54.99036229097177], [-1.442829824423016, 54.99041415039534], [-1.442755880373596, 54.99047326721676], [-1.442687858037715, 54.99053911160027], [-1.442626367066989, 54.990611093414216], [-1.442571958575535, 54.99068856752006], [-1.442525120200602, 54.990770839554514], [-1.442469420200603, 54.990880439554516], [-1.442429815355903, 54.9909686967852], [-1.442408750514227, 54.99103120630046], [-1.442390299502535, 54.991062300054374], [-1.442347164566565, 54.991155706747215], [-1.442313855404554, 54.991253051149705], [-1.442290724608406, 54.99135330282918], [-1.442278017027611, 54.991455400578225], [-1.442275867177415, 54.991558263647946], [-1.442284297814913, 54.991660803188225], [-1.442303219698157, 54.991761933773624], [-1.442367019698157, 54.99202673377363], [-1.442394237976426, 54.992119680033014], [-1.442430319848989, 54.99220955739545], [-1.442474926873589, 54.99229552282549], [-1.442527640643392, 54.99237676998101], [-1.4425615504259, 54.9924238711537], [-1.440814824535752, 54.9931099182963], [-1.440744095110459, 54.99314090110949], [-1.440675967190729, 54.99317724905123], [-1.440570867190729, 54.99323864905123], [-1.44049304606052, 54.99328909301973], [-1.440420232734732, 54.99334652943548], [-1.440353053460557, 54.99341046430379], [-1.440292086028276, 54.99348034773865], [-1.440237854801842, 54.99355557869202], [-1.440210378895066, 54.993597680556775], [-1.440184513391614, 54.993625773997174], [-1.440125175893639, 54.99370456981433], [-1.44007388997307, 54.99378882818968], [-1.440031154627527, 54.993877729312885], [-1.439997385659934, 54.99397040820096], [-1.439972911632871, 54.99406596311431], [-1.439957970671757, 54.994163464330434], [-1.439952708147951, 54.99426196318987], [-1.439957175264334, 54.99436050132633], [-1.439971328557117, 54.9944581199914], [-1.439995030318731, 54.99455386938284], [-1.440028049937684, 54.99464681788595], [-1.440070066142348, 54.994736061137864], [-1.440120670126839, 54.994820730826774], [-1.440179369528583, 54.99490000314036], [-1.440214669796943, 54.99493897073836], [-1.440187124386376, 54.994972595991804], [-1.440129124413404, 54.99505088840147], [-1.440079019168147, 54.99513445372128], [-1.440037284334684, 54.99522249860728], [-1.440004316130931, 54.995314187187915], [-1.439980427547067, 54.995408648999444], [-1.4399658453741, 54.99550498724994], [-1.43996070805078, 54.99560228733311], [-1.439965064349305, 54.99569962551133], [-1.439968112413237, 54.99572091609696], [-1.439779094527889, 54.99604903242613], [-1.439771072628073, 54.99606322384002], [-1.439710776320772, 54.99617195242404], [-1.439706938349845, 54.99617392166269], [-1.439624535075026, 54.996226986112944], [-1.43954772223418, 54.99628786240606], [-1.439477237701871, 54.9963559657561], [-1.439413758562072, 54.99643064195306], [-1.439357894604008, 54.996511173647264], [-1.439310182464433, 54.996596787240335], [-1.439244782464433, 54.99672898724033], [-1.439210567548384, 54.996806190556526], [-1.439182988270889, 54.99688600531684], [-1.439162241300123, 54.996967862361224], [-1.439118841300123, 54.99717556236123], [-1.439106805352484, 54.99724546049048], [-1.439018484799242, 54.99789546555798], [-1.438972546055359, 54.997958989375356], [-1.438922097261959, 54.99804598662242], [-1.43888064151093, 54.99813761097759], [-1.43882324151093, 54.99828361097759], [-1.438791876993656, 54.99837653162223], [-1.438769765193593, 54.998472077671025], [-1.438757118781572, 54.99856933016409], [-1.438754059390521, 54.99866735372896], [-1.438760616445599, 54.99876520557704], [-1.438776726881188, 54.99886194457129], [-1.438802235747452, 54.99895664027808], [-1.438836897700649, 54.99904838191609], [-1.438880379362836, 54.99913628711615], [-1.438904898426021, 54.999175616966795], [-1.438866523133996, 54.999195849155676], [-1.438782516524317, 54.99925161825199], [-1.438704553191279, 54.999315563707455], [-1.43863342581168, 54.99938703536928], [-1.438569857559108, 54.99946530656346], [-1.438514494751222, 54.99954958148307], [-1.438467900278441, 54.99963900327951], [-1.438430547880869, 54.99973266277433], [-1.438324047880869, 55.00004456277433], [-1.438297513965007, 55.000136414974726], [-1.438279873079179, 55.00023038132272], [-1.438271286476523, 55.00032560288364], [-1.438271832646105, 55.000421209249055], [-1.438281506595456, 55.00051632649309], [-1.438300219896211, 55.00061008516087], [-1.438327801492419, 55.00070162821609], [-1.438363999264145, 55.0007901188751], [-1.438408482332069, 55.0008747482558], [-1.438460844082007, 55.00095474277156], [-1.438520605881729, 55.00102937120249], [-1.438587221456068, 55.00109795137939], [-1.43866008188036, 55.00115985641943], [-1.438738521146542, 55.00121452045632], [-1.438821822251058, 55.00126144381293], [-1.439275436594137, 55.00148911677464], [-1.43932336902494, 55.00165689653074], [-1.43933366213497, 55.00168617556653], [-1.439364168179122, 55.00195435637967], [-1.439356133859359, 55.00200306549155], [-1.439281658210664, 55.002192777555116], [-1.439263048045551, 55.00224428761383], [-1.439166016037449, 55.00253776832307], [-1.439066868513512, 55.00274161008557], [-1.438946746118189, 55.0029876130736], [-1.438736935199404, 55.0033012472324], [-1.438457738763042, 55.003583663058485], [-1.438419221675807, 55.00358358965036], [-1.438326840165998, 55.003592009577154], [-1.438235636367704, 55.00360895377081], [-1.438146395111364, 55.003634276422495], [-1.437116495111364, 55.003978876422494], [-1.437024555184017, 55.00401477538361], [-1.436936601991021, 55.00405956289852], [-1.436853492344734, 55.004112802661325], [-1.436776035873204, 55.004173976027], [-1.43670498713303, 55.00424248706384], [-1.436660679941157, 55.00429457667604], [-1.436071598207915, 55.00447101450276], [-1.43541521427972, 55.00462385532134], [-1.435368770919865, 55.004635851004586], [-1.433784903715905, 55.005085727849675], [-1.432879565454978, 55.00530796575201], [-1.432813606374069, 55.005313217279465], [-1.432723627627118, 55.00532873586743], [-1.432635439437758, 55.005352396905714], [-1.431685663914727, 55.005654331420075], [-1.430570725866042, 55.00591480758282], [-1.429402898422311, 55.006173452595675], [-1.429085206066242, 55.00624256261707], [-1.429040214113019, 55.00624062553527], [-1.428990984414673, 55.00624101274465], [-1.428982338663898, 55.00622736368553], [-1.4289239461552, 55.00615211396846], [-1.428858659259199, 55.00608276105791], [-1.428787070272, 55.0060199341377], [-1.42870982866357, 55.00596420318653], [-1.428627635185613, 55.005916073807015], [-1.428541235514212, 55.00587598263875], [-1.428451413484895, 55.005844293397026], [-1.428358983981526, 55.005821293573156], [-1.428264785543507, 55.005807191826236], [-1.427914019929856, 55.0057716587952], [-1.427771569948026, 55.00574520713282], [-1.427670410680761, 55.00573171935854], [-1.427568403511698, 55.00572861213016], [-1.427451903511697, 55.00573101213016], [-1.427357229076163, 55.00573746591012], [-1.427263592643772, 55.00575286456424], [-1.427171837401238, 55.005777069429186], [-1.427082789595345, 55.00580986254256], [-1.426997251092683, 55.005850948605676], [-1.426915992158915, 55.005899957642626], [-1.42686053561586, 55.00594104453391], [-1.426803103966538, 55.00597447082723], [-1.426727368751356, 55.00602856109113], [-1.426656990127578, 55.00608945796118], [-1.426592577685246, 55.00615663397431], [-1.426517126261885, 55.00624303505544], [-1.426164774334683, 55.00663066511021], [-1.426144136148046, 55.00657315081257], [-1.42611022657299, 55.00649047344287], [-1.426069071626202, 55.00641115335022], [-1.425949871626202, 55.00620455335022], [-1.425909028952282, 55.006139647788], [-1.425863332637627, 55.00607806286413], [-1.425700032637627, 55.005874762864124], [-1.425661613709402, 55.00582973087588], [-1.425256613709402, 55.00538253087588], [-1.425176545677969, 55.00530354244921], [-1.424827145677969, 55.00499564244922], [-1.424745670978001, 55.00493104936506], [-1.424337170978001, 55.00464044936506], [-1.424266473880505, 55.00459451803634], [-1.423827773880505, 55.00433511803634], [-1.423818432339511, 55.00432966243136], [-1.423402332339511, 55.00408966243136], [-1.423369614102551, 55.004071597325094], [-1.423060714102551, 55.00390849732509], [-1.423033183364616, 55.00389450035127], [-1.422614683364616, 55.003689800351275], [-1.422563429426811, 55.00366649512369], [-1.422215340109033, 55.00351989899463], [-1.421964167156339, 55.00338031174941], [-1.421908854184164, 55.003351787571916], [-1.421168654184164, 55.00299878757191], [-1.42108337885072, 55.00296286307424], [-1.420957693578263, 55.002916638043864], [-1.4207984474119, 55.002820799120805], [-1.420708972943729, 55.0027729582908], [-1.420615111269949, 55.00273443022745], [-1.420095654692013, 55.00255140774293], [-1.419857849001434, 55.00245968944477], [-1.419752402701923, 55.002425601625866], [-1.419279502701924, 55.00230120162587], [-1.419195877626333, 55.0022829904028], [-1.418915477626333, 55.0022343904028], [-1.418832813776422, 55.00222358958323], [-1.418749537538427, 55.00221971170096], [-1.418604837538427, 55.00221901170096], [-1.41849270065818, 55.002224773239526], [-1.418381916594647, 55.002243069865045], [-1.41827388209948, 55.00227367089595], [-1.41822808209948, 55.00228947089595], [-1.418134784488375, 55.002327005624274], [-1.418045728552192, 55.00237372114951], [-1.417601073435103, 55.00263629226136], [-1.417170085731815, 55.00286881397538], [-1.417121044149174, 55.00289709306908], [-1.417043832081864, 55.00294457799993], [-1.416630593508154, 55.00319673164322], [-1.41627866445178, 55.00339045840508], [-1.416266381627643, 55.00339733282425], [-1.415696743688551, 55.00372143207044], [-1.415419332951487, 55.00387235959319], [-1.415288064428014, 55.00353353819675], [-1.415245355213847, 55.00343836198731], [-1.415192963160428, 55.003348153004616], [-1.415131458428877, 55.003263892955864], [-1.415059175340766, 55.00317500277197], [-1.414943131300437, 55.00296523365821], [-1.414917678653804, 55.00292183804782], [-1.414801113258942, 55.002734087119364], [-1.414764775378046, 55.00264694099787], [-1.414711469188497, 55.00253816501078], [-1.414645401677465, 55.00243663250763], [-1.414575383084995, 55.00234209263594], [-1.414562120577096, 55.00228811076147], [-1.414529152516402, 55.00218047773617], [-1.414484296411088, 55.00207723195671], [-1.414428120667006, 55.00197968172894], [-1.414281420667006, 55.001755181728946], [-1.414212287214253, 55.001661734826286], [-1.414010387214252, 55.001419634826284], [-1.413936955239787, 55.001340660621814], [-1.413858462052732, 55.001272665443956], [-1.413632382028691, 55.000970800489384], [-1.413559621036976, 55.00083175496116], [-1.413514502872852, 55.00075421393363], [-1.413429868025497, 55.000622707062504], [-1.413315612040074, 55.00030287997447], [-1.413283382566284, 55.0002235579386], [-1.413244485926495, 55.00014728359317], [-1.41319920726125, 55.00007461608441], [-1.41288720726125, 54.99961861608441], [-1.412829946858146, 54.99954290635255], [-1.412765765801959, 54.99947296702679], [-1.412262081328126, 54.99897386830904], [-1.411803818357823, 54.998421854831214], [-1.411783060235928, 54.998397646116885], [-1.411587360235928, 54.99817664611688], [-1.411488564166168, 54.99807954962961], [-1.411293644539205, 54.99791288793746], [-1.411293508002988, 54.997912652986706], [-1.41123624422714, 54.99782501924375], [-1.411170132916938, 54.99774385208541], [-1.411095898573863, 54.997670041007396], [-1.411014354718191, 54.9976043948915], [-1.410930055279036, 54.99754351763308], [-1.410838815405568, 54.997444875279314], [-1.41077152691746, 54.99737868737118], [-1.410698297948534, 54.99731913824924], [-1.410502652390215, 54.997174828704274], [-1.41048798884894, 54.99715159753901], [-1.410425713854075, 54.99707203675581], [-1.410355728544986, 54.99699916598169], [-1.41027874733823, 54.99693372908831], [-1.409769870073461, 54.9965436755725], [-1.409738606071441, 54.99650489516474], [-1.409670571109416, 54.9964355275047], [-1.409596125289446, 54.99637308995025], [-1.409515971426848, 54.99631817195112], [-1.409476418713644, 54.99629380786309], [-1.409431505873038, 54.9962432055383], [-1.409206352818879, 54.99594084689141], [-1.409144937546419, 54.99586619522637], [-1.409076601233254, 54.99579782231442], [-1.408709601233254, 54.99546452231442], [-1.408644810244136, 54.99541048815742], [-1.408575695262951, 54.99536210756451], [-1.408502748219889, 54.995319724887594], [-1.408434021346306, 54.99528358241729], [-1.408404167593796, 54.99525138566262], [-1.408276207929845, 54.99510782348202], [-1.408216959114247, 54.99504678764473], [-1.408152737432185, 54.99499100797876], [-1.408084007578624, 54.994940888094355], [-1.407741507578624, 54.994712788094354], [-1.40771178473806, 54.99469374176013], [-1.40713678473806, 54.99433944176013], [-1.407104298639236, 54.994320260552726], [-1.406688398639236, 54.99408516055272], [-1.406673155431976, 54.99407671826128], [-1.406378583336277, 54.99391691027238], [-1.405772371987998, 54.993509105194754], [-1.405480128767628, 54.99328346880707], [-1.405381211350828, 54.993216140563256], [-1.404916411350828, 54.992938940563256], [-1.404856676311221, 54.99290602357747], [-1.404538576311221, 54.992744623577465], [-1.404534774329765, 54.99274270466835], [-1.404143374329765, 54.99254620466835], [-1.404012981047851, 54.99249190359991], [-1.403500681047851, 54.99231990359991], [-1.403389685624321, 54.992289619534105], [-1.403207985624321, 54.9922511195341], [-1.403114507213381, 54.99223589714737], [-1.403020007959206, 54.992229586416016], [-1.402925335513905, 54.992232243946894], [-1.402831339083098, 54.99224384590213], [-1.402535139083098, 54.992294745902136], [-1.4024167169444, 54.992322604373555], [-1.4022350169444, 54.992377204373554], [-1.402223884014544, 54.99238115755315], [-1.402198710218062, 54.99231750101529], [-1.402174107633605, 54.99226300987996], [-1.402148733787876, 54.99219569292858], [-1.402109860303205, 54.992106086088235], [-1.402062430292633, 54.99202069915865], [-1.402006896263774, 54.991940346776694], [-1.401943788040897, 54.99186579554698], [-1.401873707710127, 54.99179775672801], [-1.401767707710127, 54.991704456728016], [-1.401701619674804, 54.991651092884155], [-1.401385219674804, 54.991417092884156], [-1.401304802368369, 54.9913634311103], [-1.401219579054509, 54.99131778556372], [-1.401130346275412, 54.99128058287185], [-1.401129443563429, 54.99128025678206], [-1.401129407303767, 54.99128023747422], [-1.401094339105897, 54.99126244013184], [-1.401067839105897, 54.99124964013185], [-1.400971876592975, 54.99120930519272], [-1.400872241027587, 54.99117916443442], [-1.400830751671733, 54.9911712017193], [-1.400814945481561, 54.991161005428225], [-1.400728850667313, 54.99111661932763], [-1.400638865416828, 54.991080771068795], [-1.400516148657732, 54.991038647290985], [-1.400414905226862, 54.99098649898582], [-1.400395489894982, 54.99097759134458], [-1.400358981044405, 54.990949469160896], [-1.400267730835052, 54.990893609087934], [-1.40017103495935, 54.99084781764681], [-1.40008143495935, 54.990811117646814], [-1.400008378932794, 54.9907844617168], [-1.39993347243083, 54.99076356344929], [-1.39983747243083, 54.99074076344929], [-1.39971178134348, 54.99071926811573], [-1.39959288134348, 54.990706668115735], [-1.399483161535634, 54.990701109411184], [-1.399431461055907, 54.99070417866173], [-1.399357235746142, 54.990693906793545], [-1.399305535746142, 54.99068920679354], [-1.399296459151834, 54.99068842331893], [-1.399213259151833, 54.99068162331893], [-1.399106167399188, 54.990678628569086], [-1.399055467399188, 54.99067992856909], [-1.398955403673851, 54.99068753123545], [-1.398892935103823, 54.99069865526859], [-1.398868745499982, 54.99069910097523], [-1.398828494834564, 54.99070396239816], [-1.398818988416092, 54.99070401574506], [-1.398764332391945, 54.990705817744384], [-1.398737832391945, 54.99070741774439], [-1.398630781209426, 54.990719697153715], [-1.398576809067278, 54.99073188045564], [-1.398555627200373, 54.990729613131386], [-1.398466133934878, 54.99072808277884], [-1.398376862312924, 54.99073456074625], [-1.398330294437816, 54.99074217019291], [-1.398290922287208, 54.9907389763678], [-1.398270335648794, 54.990726544851334], [-1.398186549195771, 54.99068605437846], [-1.398099361672921, 54.99065352771305], [-1.398009528093509, 54.99062924652458], [-1.397966528093509, 54.99061974652457], [-1.39787747798354, 54.990604256106174], [-1.397787392930262, 54.99059686974555], [-1.397697008917312, 54.99059764778833], [-1.397679661591003, 54.99059937126429], [-1.397630245310732, 54.9905829906825], [-1.397538487204665, 54.99055735575911], [-1.397444706018458, 54.99054056920379], [-1.39734975297574, 54.990532783383046], [-1.39725448993673, 54.99053406896643], [-1.397188869253844, 54.99053808655926], [-1.397109953549668, 54.9904915543053], [-1.397100217468521, 54.990486420110834], [-1.397056097270018, 54.99045236729727], [-1.396958142060889, 54.99038563653168], [-1.396852979525009, 54.99033096424326], [-1.396745979525009, 54.99028316424326], [-1.396626456088836, 54.99023867675431], [-1.396330256088836, 54.99014947675431], [-1.396244600391194, 54.99012775919641], [-1.396157361897238, 54.99011368809013], [-1.396129779252758, 54.9901104819024], [-1.39612649068515, 54.99010867705745], [-1.396036157965121, 54.990070093331624], [-1.395942475620573, 54.99004055822494], [-1.395846347564739, 54.99002035671291], [-1.395780447564739, 54.99000985671291], [-1.395695700474148, 54.990000038896305], [-1.395610424963992, 54.989997480331496], [-1.395572593545833, 54.9899995762618], [-1.395567941189615, 54.98999819808448], [-1.395473210772513, 54.9899798355657], [-1.395377151570552, 54.989970688777234], [-1.39533127333253, 54.98997076204843], [-1.395321472906458, 54.989874002136084], [-1.395300899147106, 54.989774061103226], [-1.395270248115828, 54.989676736882686], [-1.395229838935517, 54.989583042764565], [-1.395180092325937, 54.98949395424422], [-1.395163592325937, 54.989467654244216], [-1.395109612264904, 54.98939002452417], [-1.395048541605403, 54.98931784007313], [-1.39498092633259, 54.989251746236], [-1.394945278373663, 54.989222952584434], [-1.39489454468751, 54.989155965151795], [-1.394869900556563, 54.989129192112344], [-1.394846837060236, 54.98908967017369], [-1.394824037060236, 54.98905497017369], [-1.394766503682893, 54.9889760880352], [-1.394729155930534, 54.988934172389705], [-1.394738677391404, 54.98888849842844], [-1.394749208798063, 54.98878849102665], [-1.394749642893401, 54.98868793157906], [-1.394739975287675, 54.988587836982106], [-1.394720303743494, 54.9884892194315], [-1.394704203743494, 54.9884254194315], [-1.394673587722979, 54.98832614934061], [-1.394632838248689, 54.98823059112797], [-1.394598538248689, 54.98816049112797], [-1.39455157077802, 54.988075273344975], [-1.394502695855119, 54.988003996085894], [-1.394502157148288, 54.98800248748022], [-1.394460348741572, 54.98791390389054], [-1.394410074202886, 54.98782983566827], [-1.394351815916188, 54.987751089447634], [-1.394286132869463, 54.987678420798225], [-1.39421365529123, 54.98761252697539], [-1.394135078603508, 54.987554040230044], [-1.394054578603508, 54.98750004023004], [-1.393978204386551, 54.987453617286775], [-1.393897990249752, 54.98741419897967], [-1.393814576952513, 54.98738210018653], [-1.393737966832197, 54.987356487250786], [-1.393630764240092, 54.98731453510004], [-1.393564015384589, 54.98728672307691], [-1.393471435302632, 54.98725339246029], [-1.393376027734414, 54.987229321782976], [-1.393278716416161, 54.98721474409731], [-1.393173516416161, 54.987204244097306], [-1.393074947900104, 54.98719930027968], [-1.393000673789771, 54.98720291421291], [-1.392932924240048, 54.987190215759924], [-1.392851664984733, 54.98717841501875], [-1.392769711506124, 54.98717332076606], [-1.392687616361132, 54.98717496734896], [-1.392672243871968, 54.98717590811327], [-1.392610121316166, 54.98715486364144], [-1.392512328803905, 54.98713235446929], [-1.392412772737884, 54.98711975970832], [-1.392365272737884, 54.98711615970832], [-1.392268687194594, 54.98711352079337], [-1.392172297821204, 54.987120215548195], [-1.39207700448298, 54.98713618147237], [-1.391983696812896, 54.98716126951231], [-1.391912081383705, 54.987188170310255], [-1.391809426721636, 54.98719562964556], [-1.391727708792463, 54.98720495897276], [-1.391605234756038, 54.98722407196407], [-1.391436133383702, 54.98722553755582], [-1.391404831961185, 54.987226299041296], [-1.391402083306684, 54.987226408987475], [-1.391215535036196, 54.987233029079704], [-1.39110288035428, 54.98724343055125], [-1.390992121495401, 54.9872664901078], [-1.390937115730899, 54.98728123248716], [-1.39091899485029, 54.987280637895765], [-1.390827908563989, 54.98728180039142], [-1.390737305983694, 54.987291246840066], [-1.390647938935319, 54.98730889885448], [-1.390560548992257, 54.98733460995713], [-1.390556787166122, 54.98733610055182], [-1.390491487314752, 54.987339124566326], [-1.390373531515371, 54.98735888063759], [-1.390244231515371, 54.98738858063759], [-1.390106839203831, 54.98743073518182], [-1.389989139203831, 54.98747633518182], [-1.389959317391852, 54.987489833388054], [-1.389935602039283, 54.987495667515645], [-1.38985190999647, 54.987524306228764], [-1.38977107617768, 54.98756022875177], [-1.389729873627879, 54.987583096076904], [-1.389683578115773, 54.98758443730553], [-1.389535118757387, 54.98758584494799], [-1.389441822823885, 54.98759109559563], [-1.389349424309903, 54.98760503170423], [-1.389258730011594, 54.98762753158785], [-1.389211130011593, 54.98764173158784], [-1.389123625102262, 54.98767231945922], [-1.389039328501507, 54.98771087863626], [-1.388985928850975, 54.987741576711095], [-1.388974906632999, 54.98773580851191], [-1.388968748578995, 54.98771720906893], [-1.388929999312482, 54.98762943065181], [-1.388883015708463, 54.98754577004506], [-1.388828230324125, 54.98746699747477], [-1.388766147544189, 54.98739383816501], [-1.388714577837025, 54.98734371950112], [-1.388688574603223, 54.98730756625942], [-1.388623929521536, 54.98723407493596], [-1.388552409576869, 54.9871672553376], [-1.38847469992752, 54.9871077475935], [-1.38841129992752, 54.9870639475935], [-1.388323926952481, 54.98700999419359], [-1.388231481545282, 54.98696528566178], [-1.388134938543306, 54.98693029344982], [-1.388013438543306, 54.986893193449816], [-1.387929803834257, 54.98687155713699], [-1.387844613829361, 54.98685721985496], [-1.387758504292644, 54.986850288601346], [-1.387672117850503, 54.98685081510337], [-1.387611317850503, 54.986853815103366], [-1.387523940553044, 54.986861981912355], [-1.387482867004599, 54.98686949770646], [-1.387405819422762, 54.986837892155144], [-1.387311718770469, 54.986809708266286], [-1.387306668943729, 54.986808722754425], [-1.387280614347984, 54.98679367450639], [-1.387222477126518, 54.9867669791363], [-1.387180231641882, 54.98672214337727], [-1.387115531641882, 54.986659143377274], [-1.387030921581656, 54.986585533837946], [-1.386938601410106, 54.98652186113974], [-1.386874001410106, 54.986482461139744], [-1.386788238253941, 54.986435739720335], [-1.386698326565379, 54.98639760708016], [-1.386625783682824, 54.986374895147314], [-1.386608900784495, 54.986339095376316], [-1.386572700784495, 54.98627239537632], [-1.386516944200463, 54.98618156760814], [-1.386451837949382, 54.98609718955291], [-1.38641800672343, 54.986061865161936], [-1.38639688654907, 54.986007106336714], [-1.386352660989456, 54.98591927945001], [-1.386300023374981, 54.98583622077379], [-1.386239482683064, 54.985758733440804], [-1.386166582683064, 54.985674333440805], [-1.386094297195486, 54.98559898450677], [-1.386014548872112, 54.98553158377611], [-1.385928207181285, 54.985472866095634], [-1.38583621347655, 54.985423471643884], [-1.38565251347655, 54.98533687164388], [-1.385577111616327, 54.985305028895574], [-1.385301811616327, 54.985201828895576], [-1.385230275349023, 54.98517804713233], [-1.385157150820569, 54.98515972192725], [-1.385026750820569, 54.98513222192725], [-1.384930421576199, 54.98511677080092], [-1.384833045139797, 54.985110779952976], [-1.384735548346187, 54.985114306404654], [-1.384638859175762, 54.985127316590976], [-1.384609639835097, 54.98513419981157], [-1.384544416293805, 54.9851196187167], [-1.384472118107608, 54.985110548926556], [-1.384469405901985, 54.98510869318843], [-1.384385524581881, 54.98506240852859], [-1.384297599057085, 54.985024363191314], [-1.384206436338451, 54.984994906369856], [-1.384159936338451, 54.98498230636986], [-1.384068954664143, 54.984962151784124], [-1.383976491914897, 54.98495055383655], [-1.383883351025427, 54.984947613242234], [-1.383790340819333, 54.98495335553692], [-1.383748940819333, 54.98495785553692], [-1.383644010058543, 54.984974945608045], [-1.383617795266492, 54.98498213915978], [-1.383529874357143, 54.98497724544879], [-1.383452134834911, 54.98497594567745], [-1.383374529303822, 54.984980689543676], [-1.383367162252702, 54.98498142824528], [-1.383343725976122, 54.98497106683795], [-1.383254364140642, 54.98494125144535], [-1.383162593197927, 54.984919977297906], [-1.383069227568777, 54.98490743319293], [-1.383026527568777, 54.98490373319293], [-1.382929140385881, 54.9849000611594], [-1.382831858244404, 54.984905886292225], [-1.382735605105536, 54.984921153265745], [-1.382669127512991, 54.98493846790901], [-1.382613034224141, 54.98492551329686], [-1.382516098923781, 54.9849129211215], [-1.382418397321475, 54.98490985318361], [-1.38232086295753, 54.98491633879738], [-1.38222442777429, 54.98493231599269], [-1.38217441060671, 54.984945727486654], [-1.382167123082931, 54.98494375710249], [-1.382151683639298, 54.98493160289993], [-1.382068845944555, 54.98487867517987], [-1.381979980315401, 54.984827866709], [-1.381951824800048, 54.984742015233046], [-1.381913499739608, 54.98465444370396], [-1.381866988320969, 54.984570931603635], [-1.381812715546079, 54.98449224203082], [-1.38175117733692, 54.98441909401801], [-1.381750447925097, 54.984418378536525], [-1.381697210781127, 54.984348421944674], [-1.381641110781128, 54.98428302194467], [-1.381575726690835, 54.98421376534599], [-1.381527306895064, 54.984171394495235], [-1.381525969741968, 54.98414183159363], [-1.381560979869611, 54.98411298278779], [-1.381602076666121, 54.98410132203447], [-1.381703054522611, 54.984060344574274], [-1.381798973879603, 54.98400862265726], [-1.381888695629533, 54.98394677051635], [-1.381919095629533, 54.98392327051634], [-1.381928855995424, 54.98391493688954], [-1.381934662335267, 54.98391221103264], [-1.382025099815569, 54.98386394984107], [-1.382110121433145, 54.98380668375163], [-1.382188833773994, 54.98374101452099], [-1.382260409722506, 54.9836676322067], [-1.382324097152856, 54.98358730791604], [-1.382379226832401, 54.98350088570311], [-1.382425219454033, 54.98340927369947], [-1.382454219454033, 54.98334327369947], [-1.382487035650459, 54.983258268804114], [-1.382511978067306, 54.98317062970997], [-1.382528839614297, 54.98308108406119], [-1.382542039614297, 54.982987784061194], [-1.382542642698556, 54.982983135373395], [-1.382547653570262, 54.982966516985115], [-1.3825862461798, 54.982930287008536], [-1.382653639974188, 54.98285251170295], [-1.382712683462559, 54.98276822179749], [-1.382762751319952, 54.98267830999995], [-1.382774588932369, 54.982650707330045], [-1.382806494531755, 54.982597130026], [-1.382832594531755, 54.982547930026], [-1.382874082272723, 54.982459553575396], [-1.382906754378379, 54.98236755268854], [-1.38293029943031, 54.982272804283795], [-1.3829444930058, 54.98217621146788], [-1.382949199816944, 54.982078694927736], [-1.38294437500016, 54.981981184154925], [-1.38294087500016, 54.98194568415492], [-1.38292516192904, 54.98184217081173], [-1.382898712081641, 54.98174086771013], [-1.382861815398884, 54.981642885325876], [-1.38283960796363, 54.98159860790731], [-1.38281960131474, 54.981532686718886], [-1.382784577488288, 54.981435618520976], [-1.382739736677455, 54.98134267657593], [-1.382685556387708, 54.981254850613546], [-1.382656202670028, 54.981216714527775], [-1.382620640475951, 54.98114328667325], [-1.382575934658741, 54.98106841021573], [-1.382524875282434, 54.98099771344017], [-1.382479038473803, 54.980944678686804], [-1.382473038316603, 54.98092344040728], [-1.38243838433192, 54.98083435068121], [-1.382395382125118, 54.98074897686698], [-1.382344424645114, 54.980668099100086], [-1.382254158883654, 54.98053895976253], [-1.382233814208104, 54.98049876054699], [-1.382179639644025, 54.980414071101414], [-1.382117235408753, 54.98033524916915], [-1.382047232233474, 54.9802630914181], [-1.381972132233474, 54.9801930914181], [-1.381922600885434, 54.98014987708807], [-1.381909430578619, 54.980139127958886], [-1.381873898606342, 54.98006599822092], [-1.381818697312666, 54.97997731926418], [-1.381761971130842, 54.979904423108415], [-1.381755450739797, 54.97989275417385], [-1.381703515042284, 54.9798170654145], [-1.381652715042284, 54.9797498654145], [-1.381651573165332, 54.979748357865596], [-1.381592073165333, 54.979669957865596], [-1.381535711791572, 54.97960212621733], [-1.381473593245202, 54.97953952411549], [-1.381406200667937, 54.97948263846275], [-1.381339743634574, 54.97943138536766], [-1.38125371275191, 54.97935392249952], [-1.38125368193222, 54.979353884669614], [-1.381161010340406, 54.97925471745835], [-1.38109060900616, 54.979188956885274], [-1.380988728591933, 54.97909332201368], [-1.380808844780882, 54.97892295271826], [-1.380698149656361, 54.97883222029039], [-1.380625949656361, 54.978781220290394], [-1.380532891715652, 54.978722872119334], [-1.38043399596525, 54.978675081744285], [-1.380155763636967, 54.97855901694317], [-1.379968035030693, 54.97847370265577], [-1.37992316780425, 54.97845461813197], [-1.379783795352441, 54.978399307735884], [-1.379646216026055, 54.9783111965479], [-1.379576293511614, 54.97827031091102], [-1.379503291403352, 54.97823521838307], [-1.37940413362014, 54.97819240596627], [-1.379315350513003, 54.978129003906844], [-1.37927489950761, 54.97810158418793], [-1.379065970042074, 54.977967292776], [-1.379055518355141, 54.977957157806856], [-1.3789936, 54.9778746], [-1.378954486415893, 54.97782571490839], [-1.378946033644695, 54.97781580313994], [-1.378930125800464, 54.97778540764207], [-1.378869674702436, 54.977695268247736], [-1.378749212439784, 54.97753516634639], [-1.378716912293663, 54.97748277847689], [-1.378658812748931, 54.97739852515445], [-1.378592405998949, 54.97732065139123], [-1.378518387599933, 54.977249972851006], [-1.378393487599933, 54.977142372851006], [-1.378335487926603, 54.97709604336563], [-1.378274211294837, 54.97705414398948], [-1.377940411294837, 54.976843643989476], [-1.377894899978576, 54.976816600457724], [-1.377627924445555, 54.97666737669195], [-1.377379086890215, 54.97650359504051], [-1.377313769879044, 54.976464092057476], [-1.377245629959935, 54.97642968640328], [-1.376917829959935, 54.97627958640328], [-1.376822204887478, 54.9762416208326], [-1.376723184980915, 54.976213681663985], [-1.376426440136171, 54.97614621921065], [-1.37628489149815, 54.976103745138424], [-1.376245471079003, 54.97607957595395], [-1.376190040056599, 54.97602923423735], [-1.376137092538695, 54.97597962982211], [-1.376135506702842, 54.9759781670771], [-1.375998056602374, 54.97581780862655], [-1.375949925762735, 54.975765535173984], [-1.375670825762735, 54.97548323517399], [-1.375579759447701, 54.975401745169975], [-1.375479433354313, 54.9753319714681], [-1.375352533354313, 54.9752547714681], [-1.37526623817049, 54.97520791669325], [-1.375175763676711, 54.97516975133393], [-1.375081982248733, 54.975140643389246], [-1.374985798148531, 54.97512087352467], [-1.374804298148531, 54.97509277352467], [-1.374748439297962, 54.97508572920429], [-1.374736274306418, 54.9750845418905], [-1.37469908650691, 54.97505614283043], [-1.374602183974732, 54.974998161191095], [-1.374377783974732, 54.97488056119109], [-1.374294584794978, 54.97484171869692], [-1.374208173592282, 54.974810671202434], [-1.374119278885918, 54.974787680464175], [-1.374028650133186, 54.97477294031345], [-1.373966049616506, 54.97476568997173], [-1.37385980007192, 54.974643655308014], [-1.373795140914947, 54.974576053269516], [-1.373724447694243, 54.97451478899987], [-1.373648339035028, 54.97446039861302], [-1.373567480952169, 54.974413358070656], [-1.373186880952169, 54.974215158070656], [-1.373146476922987, 54.97419526087238], [-1.372818576922987, 54.97404286087238], [-1.37272790626526, 54.9740060013114], [-1.372634066551192, 54.97397818219079], [-1.372208648402967, 54.97387441685531], [-1.372172394573864, 54.973865107553806], [-1.372084254687913, 54.97381631728452], [-1.371624341811617, 54.97353836069948], [-1.371551718386614, 54.97349847990405], [-1.371476042816581, 54.97346474790436], [-1.371292642816581, 54.97339194790436], [-1.371186137671997, 54.97335645105404], [-1.371076324927752, 54.97333311581444], [-1.370945524927752, 54.97331291581444], [-1.370926327091792, 54.97331108659365], [-1.370898081810793, 54.97329847594427], [-1.370817094670697, 54.973266470066], [-1.370733630109157, 54.973241631385044], [-1.370569330109157, 54.973200431385045], [-1.370494492884432, 54.973184680041555], [-1.370058392884432, 54.97311018004156], [-1.370055365250297, 54.9731096676065], [-1.369922965250297, 54.9730874676065], [-1.369834493500936, 54.97307666068808], [-1.369745410906533, 54.97307377428976], [-1.369656425142776, 54.9730788313412], [-1.369568243116123, 54.97309179166898], [-1.3695139682151, 54.973104791335146], [-1.369461908074044, 54.973095165965084], [-1.36932701501609, 54.97307960111559], [-1.36922481501609, 54.973074801115594], [-1.369130383317754, 54.97307482955549], [-1.369058256989239, 54.97308168535915], [-1.369041616316366, 54.973079651811894], [-1.36896473485387, 54.97307621881839], [-1.368829758424976, 54.97307539074214], [-1.368810654165519, 54.97306825848528], [-1.368788458748868, 54.973060269186554], [-1.36876951812491, 54.97305370275477], [-1.368735133681891, 54.972988737561174], [-1.368682465867615, 54.97290879656226], [-1.368561465867615, 54.97274299656225], [-1.368484137270339, 54.97264952020959], [-1.368396058432981, 54.972566095639635], [-1.368150158432981, 54.972359995639636], [-1.368062018604229, 54.97229402884557], [-1.36796716150892, 54.972238150595764], [-1.36773106150892, 54.972116050595766], [-1.367642044742659, 54.97207540561871], [-1.367549481555573, 54.972043655733174], [-1.367313281555573, 54.97197535573317], [-1.367207409071604, 54.97195088717849], [-1.367099506738089, 54.9719380505336], [-1.366990848632659, 54.971936997369674], [-1.366882717756867, 54.97194774012214], [-1.366759817756867, 54.97196674012214], [-1.366651429127515, 54.97198970741463], [-1.366345029127515, 54.97207260741463], [-1.366223826599534, 54.97211389210901], [-1.366034805520532, 54.972192112905006], [-1.365983201980441, 54.97218512708465], [-1.365877801980441, 54.97217732708465], [-1.365777982906864, 54.97217493850186], [-1.365733326104297, 54.97217833737905], [-1.365679449501092, 54.97215765158596], [-1.365626045681158, 54.97214330621355], [-1.365532238254834, 54.97210223869301], [-1.365515191816073, 54.97209602718047], [-1.365491821578782, 54.97205611652712], [-1.365436636948962, 54.9719794989359], [-1.365293136948962, 54.9717988989359], [-1.365236157110012, 54.971733260024116], [-1.365173692542565, 54.971672817103936], [-1.365106215176969, 54.97161802683181], [-1.365034234816113, 54.97156930315751], [-1.364882434816113, 54.97147590315751], [-1.364759631053895, 54.9714116231218], [-1.364626927445904, 54.97135349413432], [-1.364504094248898, 54.9712728769015], [-1.364428936833763, 54.97122812598411], [-1.364037036833763, 54.97101742598411], [-1.363933829636283, 54.97096929959603], [-1.363825820050429, 54.97093321907214], [-1.363714408730993, 54.97090965230013], [-1.363507408730993, 54.97087805230013], [-1.363490856957876, 54.97087566700132], [-1.363279748467073, 54.970847043578104], [-1.363223747717879, 54.970835437789034], [-1.363100525672817, 54.9708074454603], [-1.362996173677673, 54.97078948856151], [-1.362890507955967, 54.97078266621872], [-1.362784713209486, 54.970787054922596], [-1.362679975586616, 54.97080260546793], [-1.362586611120535, 54.97082677678257], [-1.36254499335424, 54.970825862388956], [-1.362447942384638, 54.97082881474855], [-1.362444454174768, 54.97082433759208], [-1.362436470166201, 54.97081607486885], [-1.362452020518219, 54.97078346964246], [-1.362485486718211, 54.97069075751044], [-1.362509663061314, 54.970595201085224], [-1.362524314661638, 54.97049772874774], [-1.36252557909359, 54.97047275692919], [-1.362551612877879, 54.97039520083393], [-1.362563812877879, 54.970350700833926], [-1.362584739730733, 54.97025690367827], [-1.362596566143903, 54.970161530854405], [-1.362599182890532, 54.97006546321044], [-1.36259256580277, 54.969969588011715], [-1.362576775994977, 54.969874790746196], [-1.362551959299284, 54.96978194694621], [-1.362518344918713, 54.969691914102214], [-1.362487744918713, 54.96962061410221], [-1.362438608303351, 54.969521610179044], [-1.362378845949908, 54.96942863359659], [-1.362309187926277, 54.96934282017389], [-1.362186987926277, 54.9692082201739], [-1.362121674042706, 54.969142650017375], [-1.362050577914483, 54.96908339894679], [-1.362027781647964, 54.96906772972385], [-1.362001463021684, 54.96903363322396], [-1.361929710618708, 54.968958352623496], [-1.361850527800077, 54.96889093113305], [-1.361764770973595, 54.9688320979549], [-1.361642570973595, 54.9687572979549], [-1.361530148869545, 54.968697956719026], [-1.361428482957837, 54.96865230297], [-1.361279924265295, 54.96856171006856], [-1.361202758324644, 54.968498687271946], [-1.361155694487626, 54.96846367203355], [-1.361162123734628, 54.96844348627106], [-1.361182975437948, 54.96834404857197], [-1.361193629649341, 54.96824300829629], [-1.361193976389119, 54.96814140844736], [-1.361184012078006, 54.96804029780482], [-1.361163839574095, 54.96794072009839], [-1.361133667111074, 54.96784370323385], [-1.361093806148705, 54.96775024868227], [-1.361079838298306, 54.96772162491003], [-1.36106329316429, 54.96768507854733], [-1.36101880536448, 54.96759833223929], [-1.360966082222916, 54.967516330064726], [-1.360905624824883, 54.96743985137937], [-1.360900811888989, 54.9674348525748], [-1.360878201418324, 54.96740327530752], [-1.360819353100029, 54.96733502467698], [-1.360754599372796, 54.967272349100035], [-1.360683038427426, 54.96720907489809], [-1.360673434097914, 54.9671816601379], [-1.360631072805776, 54.96709099491316], [-1.360579861829126, 54.96700501760266], [-1.360520314028587, 54.966924589240115], [-1.360455214028587, 54.96684528924011], [-1.360383558336016, 54.966766892750655], [-1.360303992065237, 54.96669653824553], [-1.360259392065237, 54.96666113824553], [-1.360182235477573, 54.966605662190155], [-1.360100161336087, 54.96655776055094], [-1.360007580934314, 54.96650947163672], [-1.359918634801893, 54.966456981452744], [-1.35981604245843, 54.966404168164715], [-1.35966214245843, 54.96633586816471], [-1.359565014183312, 54.96629868025741], [-1.359464548758932, 54.96627178154403], [-1.359365963765288, 54.96625611925738], [-1.359354125495967, 54.966241299375774], [-1.359307325495967, 54.96618809937577], [-1.35923609785893, 54.96611501513774], [-1.359157792426218, 54.96604957095286], [-1.359073224724022, 54.965992448401515], [-1.358994438402437, 54.96595022487218], [-1.358994423573033, 54.96593579035075], [-1.358984539902627, 54.96583731796426], [-1.358964971041928, 54.965740304781995], [-1.358935908658102, 54.96564570099937], [-1.358897637402604, 54.965554433212915], [-1.358850532123163, 54.965467395344774], [-1.358795054192336, 54.965385439887164], [-1.358731746988598, 54.96530936955263], [-1.35866123057422, 54.9652399294119], [-1.358630493507557, 54.96521513951808], [-1.35861181184407, 54.965191190101756], [-1.35855558273243, 54.96513027065097], [-1.35846288988104, 54.96503784569799], [-1.358418544222566, 54.964990763646796], [-1.358356222084573, 54.96493011102076], [-1.358288865986584, 54.96487510242151], [-1.358216985328617, 54.964826153867506], [-1.358121685328618, 54.964767153867506], [-1.358044779077138, 54.964724109140754], [-1.357988197154078, 54.9646986984635], [-1.357975939375124, 54.96469004240206], [-1.357852557243694, 54.96461562196922], [-1.357795557243694, 54.964586621969225], [-1.357777914713441, 54.96457881803851], [-1.35776502652969, 54.96452299673358], [-1.357733598059519, 54.96442981164315], [-1.357693168613142, 54.964340164168675], [-1.357651168613142, 54.964258064168675], [-1.357605503841565, 54.9641781082268], [-1.357552678329426, 54.964102691456304], [-1.357547492648864, 54.96409657384235], [-1.357546809881627, 54.96408868108242], [-1.357527807376119, 54.963988800958006], [-1.357498761234514, 54.963891366589706], [-1.357459971710683, 54.963797385169684], [-1.357411839777149, 54.96370782819651], [-1.357354862980183, 54.963623621432674], [-1.357289630296595, 54.96354563533481], [-1.357236430296595, 54.963488235334815], [-1.357169058840632, 54.963422100797146], [-1.357139163228172, 54.96339784162361], [-1.357140146860061, 54.963359000760036], [-1.357133429356317, 54.96326363271237], [-1.357117635376206, 54.96316934199404], [-1.357092909279695, 54.96307699044006], [-1.357059477067989, 54.96298742216111], [-1.357017644317835, 54.96290145582825], [-1.35696779338849, 54.96281987719002], [-1.356936990655952, 54.962778863740475], [-1.356924847157098, 54.96275359657886], [-1.356911893845221, 54.962732311927624], [-1.356889399669258, 54.96265425984718], [-1.356865813045651, 54.96253684756941], [-1.356864114431369, 54.96252857314545], [-1.356837714431369, 54.96240267314545], [-1.356810379965977, 54.96229988025983], [-1.356772282015456, 54.96220057217104], [-1.356723851602884, 54.96210587240615], [-1.356665636648174, 54.96201685235571], [-1.356598295769144, 54.96193451915254], [-1.356508395769144, 54.96183581915254], [-1.356424238941124, 54.96175369158322], [-1.356300038941124, 54.96164599158322], [-1.356293530412833, 54.96164081007448], [-1.356320975267512, 54.96161469955528], [-1.356386029594605, 54.96154669589694], [-1.356444403154105, 54.961472877941326], [-1.356495578956903, 54.961393899461804], [-1.356539103761278, 54.96131045993625], [-1.356574592087057, 54.96122329835209], [-1.356601729629646, 54.961133186661385], [-1.356620276043688, 54.961040922943994], [-1.356630067071699, 54.96094732433936], [-1.356631015998823, 54.9608532198094], [-1.35662530861323, 54.960785483773556], [-1.356635095264936, 54.96075017659036], [-1.356651902416568, 54.960653634318746], [-1.356659179636408, 54.960555910562036], [-1.35665685704211, 54.96045794375077], [-1.356644956937294, 54.96036067464951], [-1.356623593597363, 54.96026503732279], [-1.356592972172133, 54.9601719501654], [-1.356582562114399, 54.96014485549459], [-1.356582417835011, 54.96013272155315], [-1.356572833248706, 54.96004101178101], [-1.356554841911877, 54.95995057473992], [-1.356528596796705, 54.95986217937505], [-1.356502196796705, 54.95978627937505], [-1.356467922389982, 54.95970068020963], [-1.35642590931612, 54.959618601870815], [-1.35637651476826, 54.95954074218472], [-1.35627708125948, 54.95939891391711], [-1.356247329542412, 54.95928236310053], [-1.356233919193554, 54.95923477107508], [-1.356142164455502, 54.95893750144195], [-1.356083950145986, 54.95874114983277], [-1.356054826990312, 54.95865689808836], [-1.356018316540156, 54.958575574649785], [-1.355887516540156, 54.958315874649784], [-1.355841502562845, 54.958234270561576], [-1.355788053978606, 54.95815733057092], [-1.355623553978606, 54.95794273057092], [-1.355554894321733, 54.95786234515722], [-1.355218494321733, 54.957508245157214], [-1.355146091221521, 54.95743928983272], [-1.354988665181243, 54.95730370388395], [-1.355068783542734, 54.957263592063015], [-1.355169890430423, 54.957205359965236], [-1.355263526315711, 54.95713574745963], [-1.355526487527048, 54.95691530802312], [-1.355681446067911, 54.95680226562945], [-1.355881965666494, 54.95668588754741], [-1.355963862540774, 54.956632852531854], [-1.356040201154079, 54.95657208883373], [-1.356110254777247, 54.95650417491194], [-1.356173356513033, 54.95642975729419], [-1.356228905644845, 54.95634954442212], [-1.356276373355455, 54.9562642999071], [-1.356339873355455, 54.956135899907096], [-1.356363917308637, 54.956083537306945], [-1.356449417308637, 54.955882237306945], [-1.356481038334209, 54.95579727877409], [-1.35650483565959, 54.95570980575615], [-1.356520613722129, 54.95562053709253], [-1.356528242860208, 54.95553020637895], [-1.356527660378779, 54.95543955593892], [-1.356516660378779, 54.95522725593892], [-1.35651501322915, 54.95520176904183], [-1.356500230179894, 54.95501092723401], [-1.356749233015492, 54.954887806433476], [-1.356832267970146, 54.95484171877764], [-1.356910556579384, 54.95478796220242], [-1.35698339276797, 54.9547270215317], [-1.357050119635371, 54.95465944638181], [-1.357110135380263, 54.95458584620464], [-1.357122604224584, 54.95456718632777], [-1.357177235620113, 54.95451656262389], [-1.357199954434277, 54.95450145536171], [-1.357210490108144, 54.95449281998266], [-1.357272919295819, 54.95447034563999], [-1.357366832311773, 54.95442499309951], [-1.357455511200881, 54.95437010628762], [-1.357528611200881, 54.95431940628762], [-1.357610825629108, 54.954255810917914], [-1.357685994763806, 54.95418402523379], [-1.357753306508972, 54.954104824777865], [-1.357812033656562, 54.95401906519886], [-1.357886633656562, 54.95389696519886], [-1.357930355512751, 54.95381751787364], [-1.357953755512751, 54.95377001787364], [-1.357993539704329, 54.95367785901474], [-1.35802388426422, 54.953582175971015], [-1.358044483439512, 54.95348393284836], [-1.358055129672149, 54.953384119548126], [-1.358055715690296, 54.953283741792845], [-1.358046235589212, 54.953183810992506], [-1.358026784890748, 54.953085334053576], [-1.358001984890748, 54.952986234053576], [-1.357964089185621, 54.952867028561606], [-1.357932648051199, 54.9527860578485], [-1.357930575764023, 54.95276204584196], [-1.357913822705148, 54.95266987707796], [-1.357888518360076, 54.952579680425245], [-1.357769364227922, 54.9522205685009], [-1.357683269850889, 54.95193948199425], [-1.357571581658315, 54.95154608594129], [-1.357568474316374, 54.95153536898444], [-1.357421935656355, 54.95104031330081], [-1.357392900251244, 54.950882950431655], [-1.357364898726395, 54.95076908106461], [-1.357326198726395, 54.95064388106461], [-1.357307802416306, 54.95059377072969], [-1.357353764631364, 54.950540098111006], [-1.357404118495944, 54.95046981540709], [-1.357478618495944, 54.95035571540709], [-1.357487119432158, 54.95034246929451], [-1.357536058598324, 54.950264875891925], [-1.357563072542176, 54.950247504567294], [-1.35765213895025, 54.95018304465424], [-1.357733590715862, 54.95010919673405], [-1.357812704088426, 54.95002911594253], [-1.35785990954574, 54.950007464522066], [-1.357936948898941, 54.94996347989161], [-1.358047348898942, 54.94989377989161], [-1.358126543450891, 54.94983824919297], [-1.358200002714345, 54.94977532724003], [-1.358267039445901, 54.94970560269506], [-1.358327026487737, 54.94962972786154], [-1.358379402634949, 54.9495484125816], [-1.358423677885868, 54.949462417595086], [-1.358459438026238, 54.949372547422556], [-1.358461571156749, 54.949366326287056], [-1.358506633642435, 54.949325919377415], [-1.358568149584634, 54.949259818671976], [-1.358684049584634, 54.949123418671974], [-1.358750671524612, 54.94903548061809], [-1.358870172514898, 54.94898648742097], [-1.358957603425361, 54.94897463006811], [-1.359063394286358, 54.94894830717699], [-1.359117137874424, 54.94892851007964], [-1.359171226039018, 54.94893381846715], [-1.359257011329417, 54.94893852932726], [-1.359342884373759, 54.94893585940078], [-1.359428211316632, 54.948925828395254], [-1.359585611316632, 54.948900428395255], [-1.35970505790454, 54.94887356140627], [-1.35997825790454, 54.94879426140627], [-1.360066748384168, 54.94876402290818], [-1.36015202730174, 54.94872565054874], [-1.360233348898942, 54.94867947989161], [-1.360343748898942, 54.94860977989161], [-1.360436406145641, 54.948543616480116], [-1.360520942016738, 54.948467349522105], [-1.360716942016738, 54.948269149522105], [-1.360780590247842, 54.94819834090482], [-1.360837215944692, 54.94812180014403], [-1.360942115944692, 54.94796490014403], [-1.360988934656884, 54.94788751354954], [-1.361028569633245, 54.94780621320841], [-1.361060696632843, 54.947721664212466], [-1.36106396198636, 54.947709986208466], [-1.361072204075438, 54.9476942872249], [-1.361111545232068, 54.94759474016267], [-1.361140020870951, 54.947491558370714], [-1.361140078916515, 54.94749120361187], [-1.361174749541014, 54.947438472617144], [-1.361221886167425, 54.94734779637224], [-1.361259521992443, 54.9472527827542], [-1.361261794265164, 54.947246061899286], [-1.361407035737428, 54.94717269709823], [-1.361693565476898, 54.94704190027135], [-1.361766734397137, 54.947004800618664], [-1.361836616117193, 54.946961828298264], [-1.361902740327841, 54.9469132725171], [-1.362127140327841, 54.9467338725171], [-1.362145898345488, 54.94671849960713], [-1.362263962607914, 54.94661932398062], [-1.362347709559119, 54.946583655186046], [-1.362581450723479, 54.946501038244506], [-1.362694190895942, 54.94645323749683], [-1.362773539779512, 54.94640743088164], [-1.36285130282273, 54.9463799896892], [-1.362958228377258, 54.946327205818264], [-1.363236505808, 54.94616853448753], [-1.36324938354317, 54.9461632671239], [-1.363316480470339, 54.946132892112544], [-1.363381159741871, 54.94609766100719], [-1.363736359741871, 54.94588686100719], [-1.36381929898832, 54.945831882180215], [-1.36389636363143, 54.94576893274972], [-1.36408376363143, 54.94559963274972], [-1.364147359098307, 54.94553679367047], [-1.364280059098307, 54.94539339367047], [-1.364340845998079, 54.94532114217067], [-1.364487245998079, 54.94512944217067], [-1.364508402277189, 54.945100689825296], [-1.364666502277189, 54.944877589825296], [-1.364741225568383, 54.94475413739338], [-1.364837725568383, 54.94456513739338], [-1.364846402269949, 54.94454772759719], [-1.364915602269949, 54.94440542759719], [-1.364960385915388, 54.9442977995365], [-1.365183785915388, 54.9436580995365], [-1.365205766112726, 54.94358669492028], [-1.365222353972189, 54.94351384856683], [-1.365246042735929, 54.943388326659694], [-1.365335093882022, 54.943164089436394], [-1.365364340900162, 54.94307961838405], [-1.365504650368489, 54.94260703332785], [-1.365523739149972, 54.94258356429933], [-1.365644150051749, 54.94245451668246], [-1.365717461234149, 54.942366305153804], [-1.366154661234149, 54.941774205153806], [-1.366160612390989, 54.94176605984376], [-1.366629104660264, 54.94111800050987], [-1.367126295187172, 54.940433239912736], [-1.367181810804424, 54.940347970071485], [-1.367228374131607, 54.940257500263556], [-1.367336874131607, 54.94001740026356], [-1.36735542243352, 54.93997360848105], [-1.367554370230882, 54.939470940377966], [-1.367649151314507, 54.93923166175274], [-1.368053705534615, 54.93825653155128], [-1.368458239467845, 54.93729225759892], [-1.36848466560212, 54.93722198063503], [-1.368505744489756, 54.93714991904524], [-1.368569544489756, 54.93689691904524], [-1.368591908984665, 54.936778567247515], [-1.368633408984664, 54.93645226724752], [-1.368635001711076, 54.936439040868365], [-1.368724437172196, 54.93565222846013], [-1.368853837172196, 54.93451062846013], [-1.368860021215006, 54.93441690867588], [-1.368857385194648, 54.93432302208609], [-1.368845952365145, 54.93422979692449], [-1.368825823582806, 54.934138055589926], [-1.36879717641651, 54.93404860739146], [-1.36849441287928, 54.93323667752452], [-1.368501148321325, 54.9331666503143], [-1.368500732768701, 54.93306664919364], [-1.368490331492155, 54.93296718960253], [-1.36847004850858, 54.93286926617635], [-1.368470026456839, 54.93286919595665], [-1.368465485453788, 54.93283198313555], [-1.368458685453788, 54.932792783135554], [-1.368437286958119, 54.93269738828046], [-1.368406675559581, 54.93260453885248], [-1.368367143844186, 54.932515122313326], [-1.368319069658992, 54.9324299933129], [-1.368269969658992, 54.9323521933129], [-1.368209546983544, 54.93226671733323], [-1.367870246983544, 54.93183641733322], [-1.367846004682076, 54.9318068536136], [-1.367492904682075, 54.93139265361361], [-1.367480883478017, 54.93137889222847], [-1.367538393882569, 54.93134570866823], [-1.367538393882569, 54.93062706472119], [-1.3669156532268971, 54.930267742747674], [-1.3667481034266344, 54.930267742747674], [-1.366809494881372, 54.93023685218052], [-1.366892004664954, 54.93018330064478], [-1.366954784988066, 54.93015099238479], [-1.367109584988066, 54.93006119238479], [-1.367189230621416, 54.93000979598848], [-1.367263652091059, 54.92995108941882], [-1.367332180718865, 54.92988560015531], [-1.367394200773984, 54.92981391662004], [-1.367524200773984, 54.92964841662004], [-1.367572870683473, 54.92958084266659], [-1.3675919370925018, 54.929549098800635], [-1.370652097160928, 54.929549098800635], [-1.3712748378165998, 54.929189776827116], [-1.367538393882569, 54.927033844986], [-1.367538393882569, 54.92631520103896], [-1.3712748378165998, 54.924159269197844], [-1.3712748378165998, 54.923440625250805], [-1.3725203191279434, 54.922721981303766], [-1.3712748378165998, 54.92200333735673], [-1.3743885410949588, 54.92020672748913], [-1.3756340224063024, 54.92020672748913], [-1.3762567630619742, 54.91984740551561], [-1.3762567630619742, 54.91912876156857], [-1.376879503717646, 54.91876943959505], [-1.3793704663403332, 54.91876943959505], [-1.3806159476516768, 54.91948808354209], [-1.3824841696186922, 54.918410117621534], [-1.3824841696186922, 54.917691473674495], [-1.383106910274364, 54.917332151700975], [-1.3843523915857077, 54.917332151700975], [-1.3855978728970513, 54.918050795648014], [-1.386220613552723, 54.917691473674495], [-1.386220613552723, 54.916972829727456], [-1.3868433542083949, 54.91661350775394], [-1.389334316831082, 54.91661350775394], [-1.3905797981424257, 54.917332151700975], [-1.3943162420764565, 54.917332151700975], [-1.3955617233878002, 54.918050795648014], [-1.3968072046991438, 54.918050795648014], [-1.3980526860104874, 54.917332151700975], [-1.399298167321831, 54.917332151700975], [-1.3999209079775028, 54.916972829727456], [-1.3999209079775028, 54.91625418578042], [-1.4030346112558618, 54.91445757591282], [-1.4080165365012363, 54.91436774541944], [-1.4111302397795953, 54.91337960999226], [-1.4111302397795953, 54.91266096604522], [-1.411752980435267, 54.912301644071704], [-1.4142439430579543, 54.912301644071704], [-1.4148666837136261, 54.911942322098184], [-1.4148666837136261, 54.91050503420411], [-1.415489424369298, 54.91014571223059], [-1.4173576463363133, 54.911223678151146], [-1.4173576463363133, 54.911942322098184], [-1.4179803869919851, 54.912301644071704], [-1.4204713496146724, 54.912301644071704], [-1.421716830926016, 54.91302028801874], [-1.4242077935487032, 54.91302028801874], [-1.4254532748600468, 54.912301644071704], [-1.4291897187940776, 54.912301644071704], [-1.4304352001054212, 54.911583000124665], [-1.431057940761093, 54.911942322098184], [-1.4324591072363546, 54.9140982539393], [-1.4316806814167649, 54.9145474064062]]]}}, {"type": "Feature", "properties": {"band_id": "under_45", "order": 2}, "geometry": {"type": "MultiPolygon", "coordinates": [[[[-1.5308102863345994, 54.98415944806766], [-1.5320570014155237, 54.982003530545626], [-1.533303716496448, 54.980566252197605], [-1.5345504315773724, 54.97841033467557], [-1.5357971466582967, 54.967630747065414], [-1.5367681980133057, 54.96539306640625], [-1.5336153952666791, 54.968349386239424], [-1.5323686801857548, 54.97769169550156], [-1.5311219651048305, 54.979847613023594], [-1.5286285349429818, 54.982003530545626], [-1.524109192774631, 54.984608597551414], [-1.5216157626127824, 54.985327236725425], [-1.5178756173700094, 54.986045875899435], [-1.4740777569082377, 54.986045875899435], [-1.474054554962341, 54.98597601228312], [-1.474012799407749, 54.985883138319366], [-1.47396181536076, 54.98579499226765], [-1.473902131480028, 54.98571248812313], [-1.473834366633652, 54.9856364813795], [-1.473759223482062, 54.98556776015825], [-1.473677481192076, 54.98550703703654], [-1.473589987357627, 54.98545494165849], [-1.473497649210992, 54.985412014206226], [-1.473401424215596, 54.985378699798794], [-1.473302310137992, 54.985355343876584], [-1.472720310137992, 54.98524914387658], [-1.47261497370541, 54.98523565466337], [-1.472508800762333, 54.98523341210673], [-1.472402988697791, 54.9852424414976], [-1.471991632522298, 54.98529967717534], [-1.471795203725526, 54.98532705985256], [-1.470856849351693, 54.98529678205604], [-1.469274468443751, 54.985021410940334], [-1.468034842682821, 54.9845797636444], [-1.467127611991043, 54.984209676865056], [-1.467034234262697, 54.98417687479064], [-1.46693807137327, 54.98415346379036], [-1.466840065274446, 54.98413967318377], [-1.465616284208619, 54.984028879344436], [-1.463818660944269, 54.983549117960514], [-1.463729800633607, 54.983529684057636], [-1.463639542040198, 54.98351840497488], [-1.462584942040198, 54.98343510497488], [-1.462488040680435, 54.98343216489404], [-1.462391309991356, 54.98343862178103], [-1.462295659098047, 54.98345441495071], [-1.459665219052774, 54.98402092854465], [-1.45822974551761, 54.984263818467866], [-1.451288838630394, 54.98543840580874], [-1.450065343032156, 54.98563171123077], [-1.450041400323302, 54.98561256150978], [-1.449960364627241, 54.98555971847296], [-1.44987460194518, 54.985514953163374], [-1.449784914944691, 54.98547868454719], [-1.44969214302171, 54.98545125206857], [-1.449597154444489, 54.98543291247276], [-1.449500838227326, 54.985423837403175], [-1.449404095810124, 54.985424111794934], [-1.44930783262167, 54.98543373307995], [-1.44903083262167, 54.98547503307995], [-1.44891995699158, 54.985498046745775], [-1.44875205699158, 54.985542946745774], [-1.448623411203392, 54.98558691558342], [-1.448488311203392, 54.98564361558342], [-1.448417237013394, 54.985676780262175], [-1.448348980568724, 54.98571541307415], [-1.448182580568724, 54.985818413074156], [-1.448106635257169, 54.98587040357665], [-1.448035791551194, 54.9859291562108], [-1.447892191551194, 54.9860598562108], [-1.447828128973114, 54.986123693793786], [-1.447770095901827, 54.98619305814737], [-1.447718567004385, 54.98626738192311], [-1.447668867004384, 54.986346481923114], [-1.447619594167806, 54.98643445771747], [-1.447579431517851, 54.98652694833519], [-1.447548787410384, 54.986623013373034], [-1.447527973420987, 54.98672167608465], [-1.447517201176997, 54.9868219333117], [-1.447516580205771, 54.98692276568355], [-1.44752611682107, 54.98702314798172], [-1.447545714058853, 54.9871220595639], [-1.447575172663169, 54.98721849474135], [-1.447614193112103, 54.987311473004304], [-1.44766237866318, 54.98740004899137], [-1.447719239387265, 54.98748332210152], [-1.447784197149941, 54.987560445651006], [-1.447801634065621, 54.98757735158826], [-1.447745493889037, 54.987640460342305], [-1.447382198302724, 54.9879777606381], [-1.447301447080846, 54.9880620275417], [-1.447085369211931, 54.98831561262473], [-1.446828070121982, 54.98840563649531], [-1.44673262850932, 54.9884223104476], [-1.446635879244451, 54.98844944979833], [-1.446542342033594, 54.9884861615784], [-1.446452961318655, 54.98853207511026], [-1.446368639573549, 54.988586726806595], [-1.446277639573549, 54.988652426806595], [-1.44619910704435, 54.98871537238388], [-1.446127299421395, 54.98878589308387], [-1.446062944080277, 54.988863274566874], [-1.446006692908672, 54.98894673299685], [-1.445959115703038, 54.98903542298133], [-1.445920694396863, 54.98912844613476], [-1.445891818178916, 54.98922486017875], [-1.445872779550956, 54.98932368848688], [-1.445863771364839, 54.98942392997741], [-1.445864119746802, 54.98945541697961], [-1.44584156669345, 54.989477228301816], [-1.44528656669345, 54.99006852830181], [-1.445222856437363, 54.99014347479115], [-1.445166817714177, 54.99022431806234], [-1.445124703096618, 54.99030001243725], [-1.445051196371692, 54.99034126779773], [-1.444706096371692, 54.99055746779773], [-1.444698350411219, 54.99056282427458], [-1.444479467065981, 54.990457958522526], [-1.444400870053881, 54.99042435415923], [-1.444319690326744, 54.9903975848588], [-1.444110490326744, 54.9903383848588], [-1.44400564229331, 54.990314718121475], [-1.443937186985685, 54.9903068479206], [-1.443916877549964, 54.990299035089365], [-1.443825741775243, 54.990273559803114], [-1.44373260603754, 54.99025681304205], [-1.44354680603754, 54.99023241304205], [-1.443452463109908, 54.990224543288235], [-1.443357798758399, 54.99022563028996], [-1.443263661414255, 54.99023566430494], [-1.443170894785399, 54.99025455540311], [-1.443080330294694, 54.990282134272604], [-1.442992779628291, 54.99031815373723], [-1.442909027460878, 54.99036229097177], [-1.442829824423016, 54.99041415039534], [-1.442755880373596, 54.99047326721676], [-1.442687858037715, 54.99053911160027], [-1.442626367066989, 54.990611093414216], [-1.442571958575535, 54.99068856752006], [-1.442525120200602, 54.990770839554514], [-1.442469420200603, 54.990880439554516], [-1.442429815355903, 54.9909686967852], [-1.442408750514227, 54.99103120630046], [-1.442390299502535, 54.991062300054374], [-1.442347164566565, 54.991155706747215], [-1.442313855404554, 54.991253051149705], [-1.442290724608406, 54.99135330282918], [-1.442278017027611, 54.991455400578225], [-1.442275867177415, 54.991558263647946], [-1.442284297814913, 54.991660803188225], [-1.442303219698157, 54.991761933773624], [-1.442367019698157, 54.99202673377363], [-1.442394237976426, 54.992119680033014], [-1.442430319848989, 54.99220955739545], [-1.442474926873589, 54.99229552282549], [-1.442527640643392, 54.99237676998101], [-1.4425615504259, 54.9924238711537], [-1.440814824535752, 54.9931099182963], [-1.440744095110459, 54.99314090110949], [-1.440675967190729, 54.99317724905123], [-1.440570867190729, 54.99323864905123], [-1.44049304606052, 54.99328909301973], [-1.440420232734732, 54.99334652943548], [-1.440353053460557, 54.99341046430379], [-1.440292086028276, 54.99348034773865], [-1.440237854801842, 54.99355557869202], [-1.440210378895066, 54.993597680556775], [-1.440184513391614, 54.993625773997174], [-1.440125175893639, 54.99370456981433], [-1.44007388997307, 54.99378882818968], [-1.440031154627527, 54.993877729312885], [-1.439997385659934, 54.99397040820096], [-1.439972911632871, 54.99406596311431], [-1.439957970671757, 54.994163464330434], [-1.439952708147951, 54.99426196318987], [-1.439957175264334, 54.99436050132633], [-1.439971328557117, 54.9944581199914], [-1.439995030318731, 54.99455386938284], [-1.440028049937684, 54.99464681788595], [-1.440070066142348, 54.994736061137864], [-1.440120670126839, 54.994820730826774], [-1.440179369528583, 54.99490000314036], [-1.440214669796943, 54.99493897073836], [-1.440187124386376, 54.994972595991804], [-1.440129124413404, 54.99505088840147], [-1.440079019168147, 54.99513445372128], [-1.440037284334684, 54.99522249860728], [-1.440004316130931, 54.995314187187915], [-1.439980427547067, 54.995408648999444], [-1.4399658453741, 54.99550498724994], [-1.43996070805078, 54.99560228733311], [-1.439965064349305, 54.99569962551133], [-1.439968112413237, 54.99572091609696], [-1.439779094527889, 54.99604903242613], [-1.439771072628073, 54.99606322384002], [-1.439710776320772, 54.99617195242404], [-1.439706938349845, 54.99617392166269], [-1.439624535075026, 54.996226986112944], [-1.43954772223418, 54.99628786240606], [-1.439477237701871, 54.9963559657561], [-1.439413758562072, 54.99643064195306], [-1.439357894604008, 54.996511173647264], [-1.439310182464433, 54.996596787240335], [-1.439244782464433, 54.99672898724033], [-1.439210567548384, 54.996806190556526], [-1.439182988270889, 54.99688600531684], [-1.439162241300123, 54.996967862361224], [-1.439118841300123, 54.99717556236123], [-1.439106805352484, 54.99724546049048], [-1.439018484799242, 54.99789546555798], [-1.438972546055359, 54.997958989375356], [-1.438922097261959, 54.99804598662242], [-1.43888064151093, 54.99813761097759], [-1.43882324151093, 54.99828361097759], [-1.438791876993656, 54.99837653162223], [-1.438769765193593, 54.998472077671025], [-1.438757118781572, 54.99856933016409], [-1.438754059390521, 54.99866735372896], [-1.438760616445599, 54.99876520557704], [-1.438776726881188, 54.99886194457129], [-1.438802235747452, 54.99895664027808], [-1.438836897700649, 54.99904838191609], [-1.438880379362836, 54.99913628711615], [-1.438904898426021, 54.999175616966795], [-1.438866523133996, 54.999195849155676], [-1.438782516524317, 54.99925161825199], [-1.438704553191279, 54.999315563707455], [-1.43863342581168, 54.99938703536928], [-1.438569857559108, 54.99946530656346], [-1.438514494751222, 54.99954958148307], [-1.438467900278441, 54.99963900327951], [-1.438430547880869, 54.99973266277433], [-1.438324047880869, 55.00004456277433], [-1.438297513965007, 55.000136414974726], [-1.438279873079179, 55.00023038132272], [-1.438271286476523, 55.00032560288364], [-1.438271832646105, 55.000421209249055], [-1.438281506595456, 55.00051632649309], [-1.438300219896211, 55.00061008516087], [-1.438327801492419, 55.00070162821609], [-1.438363999264145, 55.0007901188751], [-1.438408482332069, 55.0008747482558], [-1.438460844082007, 55.00095474277156], [-1.438520605881729, 55.00102937120249], [-1.438587221456068, 55.00109795137939], [-1.43866008188036, 55.00115985641943], [-1.438738521146542, 55.00121452045632], [-1.438821822251058, 55.00126144381293], [-1.439275436594137, 55.00148911677464], [-1.43932336902494, 55.00165689653074], [-1.43933366213497, 55.00168617556653], [-1.439364168179122, 55.00195435637967], [-1.439356133859359, 55.00200306549155], [-1.439281658210664, 55.002192777555116], [-1.439263048045551, 55.00224428761383], [-1.439166016037449, 55.00253776832307], [-1.439066868513512, 55.00274161008557], [-1.438946746118189, 55.0029876130736], [-1.438736935199404, 55.0033012472324], [-1.438457738763042, 55.003583663058485], [-1.438419221675807, 55.00358358965036], [-1.438326840165998, 55.003592009577154], [-1.438235636367704, 55.00360895377081], [-1.438146395111364, 55.003634276422495], [-1.437116495111364, 55.003978876422494], [-1.437024555184017, 55.00401477538361], [-1.436936601991021, 55.00405956289852], [-1.436853492344734, 55.004112802661325], [-1.436776035873204, 55.004173976027], [-1.43670498713303, 55.00424248706384], [-1.436660679941157, 55.00429457667604], [-1.436071598207915, 55.00447101450276], [-1.43541521427972, 55.00462385532134], [-1.435368770919865, 55.004635851004586], [-1.433784903715905, 55.005085727849675], [-1.432879565454978, 55.00530796575201], [-1.432813606374069, 55.005313217279465], [-1.432723627627118, 55.00532873586743], [-1.432635439437758, 55.005352396905714], [-1.431685663914727, 55.005654331420075], [-1.430570725866042, 55.00591480758282], [-1.429402898422311, 55.006173452595675], [-1.429085206066242, 55.00624256261707], [-1.429040214113019, 55.00624062553527], [-1.428990984414673, 55.00624101274465], [-1.428982338663898, 55.00622736368553], [-1.4289239461552, 55.00615211396846], [-1.428858659259199, 55.00608276105791], [-1.428787070272, 55.0060199341377], [-1.42870982866357, 55.00596420318653], [-1.428627635185613, 55.005916073807015], [-1.428541235514212, 55.00587598263875], [-1.428451413484895, 55.005844293397026], [-1.428358983981526, 55.005821293573156], [-1.428264785543507, 55.005807191826236], [-1.427914019929856, 55.0057716587952], [-1.427771569948026, 55.00574520713282], [-1.427670410680761, 55.00573171935854], [-1.427568403511698, 55.00572861213016], [-1.427451903511697, 55.00573101213016], [-1.427357229076163, 55.00573746591012], [-1.427263592643772, 55.00575286456424], [-1.427171837401238, 55.005777069429186], [-1.427082789595345, 55.00580986254256], [-1.426997251092683, 55.005850948605676], [-1.426915992158915, 55.005899957642626], [-1.42686053561586, 55.00594104453391], [-1.426803103966538, 55.00597447082723], [-1.426727368751356, 55.00602856109113], [-1.426656990127578, 55.00608945796118], [-1.426592577685246, 55.00615663397431], [-1.426517126261885, 55.00624303505544], [-1.426164774334683, 55.00663066511021], [-1.426144136148046, 55.00657315081257], [-1.42611022657299, 55.00649047344287], [-1.426069071626202, 55.00641115335022], [-1.425949871626202, 55.00620455335022], [-1.425909028952282, 55.006139647788], [-1.425863332637627, 55.00607806286413], [-1.425700032637627, 55.005874762864124], [-1.425661613709402, 55.00582973087588], [-1.425256613709402, 55.00538253087588], [-1.425176545677969, 55.00530354244921], [-1.424827145677969, 55.00499564244922], [-1.424745670978001, 55.00493104936506], [-1.424337170978001, 55.00464044936506], [-1.424266473880505, 55.00459451803634], [-1.423827773880505, 55.00433511803634], [-1.423818432339511, 55.00432966243136], [-1.423402332339511, 55.00408966243136], [-1.423369614102551, 55.004071597325094], [-1.423060714102551, 55.00390849732509], [-1.423033183364616, 55.00389450035127], [-1.422614683364616, 55.003689800351275], [-1.422563429426811, 55.00366649512369], [-1.422215340109033, 55.00351989899463], [-1.421964167156339, 55.00338031174941], [-1.421908854184164, 55.003351787571916], [-1.421168654184164, 55.00299878757191], [-1.42108337885072, 55.00296286307424], [-1.420957693578263, 55.002916638043864], [-1.4207984474119, 55.002820799120805], [-1.420708972943729, 55.0027729582908], [-1.420615111269949, 55.00273443022745], [-1.420095654692013, 55.00255140774293], [-1.419857849001434, 55.00245968944477], [-1.419752402701923, 55.002425601625866], [-1.419279502701924, 55.00230120162587], [-1.419195877626333, 55.0022829904028], [-1.418915477626333, 55.0022343904028], [-1.418832813776422, 55.00222358958323], [-1.418749537538427, 55.00221971170096], [-1.418604837538427, 55.00221901170096], [-1.41849270065818, 55.002224773239526], [-1.418381916594647, 55.002243069865045], [-1.41827388209948, 55.00227367089595], [-1.41822808209948, 55.00228947089595], [-1.418134784488375, 55.002327005624274], [-1.418045728552192, 55.00237372114951], [-1.417601073435103, 55.00263629226136], [-1.417170085731815, 55.00286881397538], [-1.417121044149174, 55.00289709306908], [-1.417043832081864, 55.00294457799993], [-1.416630593508154, 55.00319673164322], [-1.41627866445178, 55.00339045840508], [-1.416266381627643, 55.00339733282425], [-1.415696743688551, 55.00372143207044], [-1.415419332951487, 55.00387235959319], [-1.415288064428014, 55.00353353819675], [-1.415245355213847, 55.00343836198731], [-1.415192963160428, 55.003348153004616], [-1.415131458428877, 55.003263892955864], [-1.415059175340766, 55.00317500277197], [-1.414943131300437, 55.00296523365821], [-1.414917678653804, 55.00292183804782], [-1.414801113258942, 55.002734087119364], [-1.414764775378046, 55.00264694099787], [-1.414711469188497, 55.00253816501078], [-1.414645401677465, 55.00243663250763], [-1.414575383084995, 55.00234209263594], [-1.414562120577096, 55.00228811076147], [-1.414529152516402, 55.00218047773617], [-1.414484296411088, 55.00207723195671], [-1.414428120667006, 55.00197968172894], [-1.414281420667006, 55.001755181728946], [-1.414212287214253, 55.001661734826286], [-1.414010387214252, 55.001419634826284], [-1.413936955239787, 55.001340660621814], [-1.413858462052732, 55.001272665443956], [-1.413632382028691, 55.000970800489384], [-1.413559621036976, 55.00083175496116], [-1.413514502872852, 55.00075421393363], [-1.413429868025497, 55.000622707062504], [-1.413315612040074, 55.00030287997447], [-1.413283382566284, 55.0002235579386], [-1.413244485926495, 55.00014728359317], [-1.41319920726125, 55.00007461608441], [-1.41288720726125, 54.99961861608441], [-1.412829946858146, 54.99954290635255], [-1.412765765801959, 54.99947296702679], [-1.412262081328126, 54.99897386830904], [-1.411803818357823, 54.998421854831214], [-1.411783060235928, 54.998397646116885], [-1.411587360235928, 54.99817664611688], [-1.411488564166168, 54.99807954962961], [-1.411293644539205, 54.99791288793746], [-1.411293508002988, 54.997912652986706], [-1.41123624422714, 54.99782501924375], [-1.411170132916938, 54.99774385208541], [-1.411095898573863, 54.997670041007396], [-1.411014354718191, 54.9976043948915], [-1.410930055279036, 54.99754351763308], [-1.410838815405568, 54.997444875279314], [-1.41077152691746, 54.99737868737118], [-1.410698297948534, 54.99731913824924], [-1.410502652390215, 54.997174828704274], [-1.41048798884894, 54.99715159753901], [-1.410425713854075, 54.99707203675581], [-1.410355728544986, 54.99699916598169], [-1.41027874733823, 54.99693372908831], [-1.409769870073461, 54.9965436755725], [-1.409738606071441, 54.99650489516474], [-1.409670571109416, 54.9964355275047], [-1.409596125289446, 54.99637308995025], [-1.409515971426848, 54.99631817195112], [-1.409476418713644, 54.99629380786309], [-1.409431505873038, 54.9962432055383], [-1.409206352818879, 54.99594084689141], [-1.409144937546419, 54.99586619522637], [-1.409076601233254, 54.99579782231442], [-1.408709601233254, 54.99546452231442], [-1.408644810244136, 54.99541048815742], [-1.408575695262951, 54.99536210756451], [-1.408502748219889, 54.995319724887594], [-1.408434021346306, 54.99528358241729], [-1.408404167593796, 54.99525138566262], [-1.408276207929845, 54.99510782348202], [-1.408216959114247, 54.99504678764473], [-1.408152737432185, 54.99499100797876], [-1.408084007578624, 54.994940888094355], [-1.407741507578624, 54.994712788094354], [-1.40771178473806, 54.99469374176013], [-1.40713678473806, 54.99433944176013], [-1.407104298639236, 54.994320260552726], [-1.406688398639236, 54.99408516055272], [-1.406673155431976, 54.99407671826128], [-1.406378583336277, 54.99391691027238], [-1.405772371987998, 54.993509105194754], [-1.405480128767628, 54.99328346880707], [-1.405381211350828, 54.993216140563256], [-1.404916411350828, 54.992938940563256], [-1.404856676311221, 54.99290602357747], [-1.404538576311221, 54.992744623577465], [-1.404534774329765, 54.99274270466835], [-1.404143374329765, 54.99254620466835], [-1.404012981047851, 54.99249190359991], [-1.403500681047851, 54.99231990359991], [-1.403389685624321, 54.992289619534105], [-1.403207985624321, 54.9922511195341], [-1.403114507213381, 54.99223589714737], [-1.403020007959206, 54.992229586416016], [-1.402925335513905, 54.992232243946894], [-1.402831339083098, 54.99224384590213], [-1.402535139083098, 54.992294745902136], [-1.4024167169444, 54.992322604373555], [-1.4022350169444, 54.992377204373554], [-1.402223884014544, 54.99238115755315], [-1.402198710218062, 54.99231750101529], [-1.402174107633605, 54.99226300987996], [-1.402148733787876, 54.99219569292858], [-1.402109860303205, 54.992106086088235], [-1.402062430292633, 54.99202069915865], [-1.402006896263774, 54.991940346776694], [-1.401943788040897, 54.99186579554698], [-1.401873707710127, 54.99179775672801], [-1.401767707710127, 54.991704456728016], [-1.401701619674804, 54.991651092884155], [-1.401385219674804, 54.991417092884156], [-1.401304802368369, 54.9913634311103], [-1.401219579054509, 54.99131778556372], [-1.401130346275412, 54.99128058287185], [-1.401129443563429, 54.99128025678206], [-1.401129407303767, 54.99128023747422], [-1.401094339105897, 54.99126244013184], [-1.401067839105897, 54.99124964013185], [-1.400971876592975, 54.99120930519272], [-1.400872241027587, 54.99117916443442], [-1.400830751671733, 54.9911712017193], [-1.400814945481561, 54.991161005428225], [-1.400728850667313, 54.99111661932763], [-1.400638865416828, 54.991080771068795], [-1.400516148657732, 54.991038647290985], [-1.400414905226862, 54.99098649898582], [-1.400395489894982, 54.99097759134458], [-1.400358981044405, 54.990949469160896], [-1.400267730835052, 54.990893609087934], [-1.40017103495935, 54.99084781764681], [-1.40008143495935, 54.990811117646814], [-1.400008378932794, 54.9907844617168], [-1.39993347243083, 54.99076356344929], [-1.3998562808433457, 54.99074523044726], [-1.40006104222266, 54.99062720063375], [-1.40006104222266, 54.98775264393771], [-1.3994376846821979, 54.987393324350705], [-1.3981909696012735, 54.987393324350705], [-1.3975676120608114, 54.9870340047637], [-1.3975676120608114, 54.98631536558969], [-1.3969442545203492, 54.985956046002684], [-1.3956975394394249, 54.986674685176695], [-1.3950741818989627, 54.98631536558969], [-1.396320896979887, 54.98559672641568], [-1.3950741818989627, 54.98487808724167], [-1.3950741818989627, 54.98415944806766], [-1.3944508243585005, 54.98380012848065], [-1.3932041092775762, 54.98380012848065], [-1.392580751737114, 54.98344080889365], [-1.3938274668180384, 54.982722169719636], [-1.3938274668180384, 54.981284891371615], [-1.392580751737114, 54.980566252197605], [-1.392580751737114, 54.979847613023594], [-1.3913340366561897, 54.97912897384958], [-1.3950741818989627, 54.97697305632755], [-1.3950741818989627, 54.97553577797953], [-1.3944508243585005, 54.975176458392525], [-1.3932041092775762, 54.975176458392525], [-1.392580751737114, 54.97481713880552], [-1.3944508243585005, 54.973739180044504], [-1.3956975394394249, 54.973739180044504], [-1.396320896979887, 54.9733798604575], [-1.396320896979887, 54.97266122128349], [-1.3975676120608114, 54.97194258210948], [-1.3975676120608114, 54.97122394293547], [-1.40006104222266, 54.969786664587446], [-1.40006104222266, 54.968349386239424], [-1.4013077573035844, 54.967630747065414], [-1.4013077573035844, 54.9669121078914], [-1.4019311148440465, 54.9665527883044], [-1.4031778299249709, 54.9665527883044], [-1.4050479025463574, 54.96547482954338], [-1.4050479025463574, 54.96403755119536], [-1.4062946176272817, 54.96331891202135], [-1.4062946176272817, 54.96188163367333], [-1.4069179751677439, 54.961522314086324], [-1.407541332708206, 54.96188163367333], [-1.407541332708206, 54.96260027284734], [-1.4081646902486682, 54.962959592434345], [-1.4087880477891304, 54.96260027284734], [-1.4087880477891304, 54.96116299449932], [-1.4106581204105169, 54.9600850357383], [-1.4119048354914412, 54.96080367491231], [-1.4131515505723655, 54.96080367491231], [-1.4143982656532899, 54.9600850357383], [-1.4156449807342142, 54.9600850357383], [-1.4162683382746764, 54.9597257161513], [-1.4162683382746764, 54.957569798629265], [-1.4175150533556007, 54.956851159455255], [-1.4175150533556007, 54.956132520281244], [-1.4162683382746764, 54.95541388110723], [-1.4162683382746764, 54.95469524193322], [-1.4168916958151385, 54.95433592234622], [-1.4181384108960629, 54.95433592234622], [-1.4193851259769872, 54.95505456152023], [-1.4212551985983737, 54.95397660275921], [-1.4193851259769872, 54.952898643998196], [-1.4181384108960629, 54.952898643998196], [-1.4168916958151385, 54.95361728317221], [-1.415021623193752, 54.95253932441119], [-1.4162683382746764, 54.95182068523718], [-1.4162683382746764, 54.95110204606317], [-1.4181384108960629, 54.950024087302154], [-1.418761768436525, 54.95038340688916], [-1.4175150533556007, 54.95110204606317], [-1.4181384108960629, 54.951461365650175], [-1.4193851259769872, 54.951461365650175], [-1.4200084835174493, 54.95110204606317], [-1.4200084835174493, 54.94966476771515], [-1.4206318410579115, 54.94930544812814], [-1.4212551985983737, 54.94966476771515], [-1.4212551985983737, 54.95038340688916], [-1.4218785561388358, 54.950742726476165], [-1.4243719863006845, 54.950742726476165], [-1.426242058922071, 54.94966476771515], [-1.426242058922071, 54.94894612854114], [-1.4268654164625332, 54.94858680895413], [-1.4274887740029953, 54.94894612854114], [-1.4274887740029953, 54.94966476771515], [-1.4281121315434575, 54.950024087302154], [-1.4293588466243818, 54.950024087302154], [-1.4306055617053062, 54.94930544812814], [-1.4318522767862305, 54.94930544812814], [-1.4324756343266927, 54.94894612854114], [-1.4312289192457683, 54.94822748936713], [-1.4312289192457683, 54.946790211019106], [-1.4324756343266927, 54.946071571845096], [-1.4318522767862305, 54.94571225225809], [-1.4306055617053062, 54.94571225225809], [-1.4287354890839197, 54.944634293497074], [-1.4293588466243818, 54.94427497391007], [-1.4343457069480792, 54.94427497391007], [-1.4355924220290035, 54.94355633473606], [-1.4368391371099278, 54.94355633473606], [-1.4393325672717765, 54.94211905638804], [-1.4430727125145495, 54.94211905638804], [-1.4443194275954738, 54.94140041721403], [-1.4468128577573225, 54.94140041721403], [-1.4474362152977847, 54.94104109762702], [-1.4474362152977847, 54.94032245845301], [-1.4480595728382468, 54.939963138866005], [-1.4505530030000955, 54.939963138866005], [-1.4511763605405577, 54.939603819279], [-1.4499296454596333, 54.93888518010499], [-1.4499296454596333, 54.93744790175697], [-1.4505530030000955, 54.93708858216996], [-1.4530464331619442, 54.93708858216996], [-1.4536697907024063, 54.93744790175697], [-1.452423075621482, 54.93816654093098], [-1.452423075621482, 54.93888518010499], [-1.4530464331619442, 54.939244499691995], [-1.4542931482428685, 54.939244499691995], [-1.4549165057833306, 54.93888518010499], [-1.4549165057833306, 54.93816654093098], [-1.4555398633237928, 54.937807221343974], [-1.4567865784047171, 54.937807221343974], [-1.4605267236474901, 54.93565130382194], [-1.4611500811879523, 54.93601062340895], [-1.4611500811879523, 54.93744790175697], [-1.4617734387284145, 54.937807221343974], [-1.4642668688902631, 54.937807221343974], [-1.4661369415116496, 54.93672926258296], [-1.4661369415116496, 54.93529198423494], [-1.4642668688902631, 54.93421402547392], [-1.463643511349801, 54.934573345060926], [-1.463643511349801, 54.93529198423494], [-1.4630201538093388, 54.93565130382194], [-1.4623967962688766, 54.93529198423494], [-1.4623967962688766, 54.934573345060926], [-1.463643511349801, 54.933854705886915], [-1.463643511349801, 54.93169878836488], [-1.4648902264307253, 54.93098014919087], [-1.4648902264307253, 54.92882423166884], [-1.463643511349801, 54.92810559249483], [-1.463643511349801, 54.92738695332082], [-1.4642668688902631, 54.927027633733815], [-1.4648902264307253, 54.92738695332082], [-1.4648902264307253, 54.92810559249483], [-1.4661369415116496, 54.92882423166884], [-1.4661369415116496, 54.93026151001686], [-1.4680070141330361, 54.93133946877788], [-1.4692537292139605, 54.93062082960387], [-1.4698770867544226, 54.93098014919087], [-1.4698770867544226, 54.934573345060926], [-1.4705004442948848, 54.93493266464793], [-1.4717471593758091, 54.93493266464793], [-1.4723705169162713, 54.93529198423494], [-1.4723705169162713, 54.93744790175697], [-1.4736172319971956, 54.93816654093098], [-1.4736172319971956, 54.94032245845301], [-1.4742405895376578, 54.940681778040016], [-1.4754873046185821, 54.940681778040016], [-1.4761106621590443, 54.94032245845301], [-1.4761106621590443, 54.939603819279], [-1.478604092320893, 54.93816654093098], [-1.478604092320893, 54.93672926258296], [-1.4792274498613551, 54.93636994299595], [-1.4804741649422795, 54.93636994299595], [-1.482344237563666, 54.93529198423494], [-1.482344237563666, 54.933854705886915], [-1.4835909526445903, 54.933136066712905], [-1.4835909526445903, 54.93098014919087], [-1.4842143101850525, 54.93062082960387], [-1.4867077403469011, 54.93062082960387], [-1.4873310978873633, 54.93098014919087], [-1.4873310978873633, 54.934573345060926], [-1.4867077403469011, 54.93493266464793], [-1.4854610252659768, 54.93493266464793], [-1.4848376677255146, 54.93529198423494], [-1.4854610252659768, 54.93565130382194], [-1.4879544554278255, 54.93565130382194], [-1.489824528049212, 54.93672926258296], [-1.489824528049212, 54.93816654093098], [-1.4885778129682876, 54.93888518010499], [-1.4892011705087498, 54.939244499691995], [-1.4904478855896741, 54.939244499691995], [-1.4910712431301363, 54.93888518010499], [-1.4910712431301363, 54.93744790175697], [-1.4916946006705984, 54.93708858216996], [-1.4954347459133714, 54.939244499691995], [-1.49792817607522, 54.939244499691995], [-1.4997982486966066, 54.93816654093098], [-1.4997982486966066, 54.93744790175697], [-1.4991748911561444, 54.93708858216996], [-1.4954347459133714, 54.93708858216996], [-1.4941880308324471, 54.93636994299595], [-1.4929413157515228, 54.93636994299595], [-1.4923179582110606, 54.93601062340895], [-1.4923179582110606, 54.934573345060926], [-1.4916946006705984, 54.93421402547392], [-1.4892011705087498, 54.93421402547392], [-1.4885778129682876, 54.933854705886915], [-1.4885778129682876, 54.93098014919087], [-1.4904478855896741, 54.92990219042986], [-1.4929413157515228, 54.92990219042986], [-1.493564673291985, 54.92954287084285], [-1.493564673291985, 54.92882423166884], [-1.4941880308324471, 54.928464912081836], [-1.4991748911561444, 54.928464912081836], [-1.4997982486966066, 54.92810559249483], [-1.4997982486966066, 54.92738695332082], [-1.5035383939393796, 54.92523103579879], [-1.5035383939393796, 54.92451239662478], [-1.5022916788584553, 54.92379375745077], [-1.5035383939393796, 54.923075118276756], [-1.5035383939393796, 54.922356479102746], [-1.5022916788584553, 54.921637839928735], [-1.5022916788584553, 54.91445144818863], [-1.5035383939393796, 54.91373280901462], [-1.5022916788584553, 54.91301416984061], [-1.5029150363989174, 54.9126548502536], [-1.5041617514798418, 54.91337348942761], [-1.504785109020304, 54.91301416984061], [-1.504785109020304, 54.91157689149259], [-1.505408466560766, 54.91121757190558], [-1.5066551816416904, 54.91193621107959], [-1.5072785391821526, 54.91157689149259], [-1.5072785391821526, 54.910858252318576], [-1.5079018967226148, 54.91049893273157], [-1.509148611803539, 54.91049893273157], [-1.5097719693440013, 54.910139613144565], [-1.5097719693440013, 54.909420973970555], [-1.5103953268844634, 54.90906165438355], [-1.5116420419653878, 54.90906165438355], [-1.512888757046312, 54.90978029355756], [-1.5141354721272364, 54.90906165438355], [-1.516628902289085, 54.90906165438355], [-1.5178756173700094, 54.90978029355756], [-1.5191223324509338, 54.90978029355756], [-1.520369047531858, 54.90906165438355], [-1.5222391201532446, 54.910139613144565], [-1.5222391201532446, 54.910858252318576], [-1.5228624776937068, 54.91121757190558], [-1.5253559078555554, 54.91121757190558], [-1.527849338017404, 54.9126548502536], [-1.5290960530983284, 54.9126548502536], [-1.5297194106387906, 54.91301416984061], [-1.5297194106387906, 54.91373280901462], [-1.5303427681792527, 54.914092128601624], [-1.531589483260177, 54.91337348942761], [-1.5328361983411014, 54.914092128601624], [-1.5334595558815636, 54.91373280901462], [-1.5334595558815636, 54.91301416984061], [-1.5340829134220257, 54.9126548502536], [-1.5365763435838744, 54.9126548502536], [-1.5371997011243366, 54.9122955306666], [-1.5371997011243366, 54.91157689149259], [-1.5378230586647987, 54.91121757190558], [-1.5415632039075717, 54.91121757190558], [-1.542186561448034, 54.91157689149259], [-1.542186561448034, 54.91301416984061], [-1.5434332765289582, 54.91373280901462], [-1.5434332765289582, 54.91445144818863], [-1.5446799916098826, 54.91517008736264], [-1.5446799916098826, 54.91660736571066], [-1.5453033491503447, 54.916966685297666], [-1.546550064231269, 54.916966685297666], [-1.54966685193358, 54.91517008736264], [-1.54966685193358, 54.91445144818863], [-1.5490434943931177, 54.914092128601624], [-1.546550064231269, 54.914092128601624], [-1.5446799916098826, 54.91301416984061], [-1.5446799916098826, 54.9122955306666], [-1.5453033491503447, 54.91193621107959], [-1.546550064231269, 54.9126548502536], [-1.5477967793121934, 54.9126548502536], [-1.54966685193358, 54.91157689149259], [-1.54966685193358, 54.910858252318576], [-1.5515369245549664, 54.90978029355756], [-1.5527836396358907, 54.90978029355756], [-1.5534069971763529, 54.909420973970555], [-1.5534069971763529, 54.908702334796544], [-1.5546537122572772, 54.907983695622534], [-1.5546537122572772, 54.90726505644852], [-1.5534069971763529, 54.90654641727451], [-1.5534069971763529, 54.9058277781005], [-1.5509135670145042, 54.90439049975248], [-1.5527836396358907, 54.903312540991465], [-1.554030354716815, 54.903312540991465], [-1.5546537122572772, 54.90367186057847], [-1.5546537122572772, 54.90439049975248], [-1.5552770697977394, 54.904749819339486], [-1.5565237848786637, 54.904749819339486], [-1.5571471424191259, 54.90510913892649], [-1.5571471424191259, 54.9058277781005], [-1.557770499959588, 54.90618709768751], [-1.5602639301214367, 54.90618709768751], [-1.5608872876618989, 54.9058277781005], [-1.5608872876618989, 54.90439049975248], [-1.561510645202361, 54.904031180165475], [-1.5621340027428232, 54.90439049975248], [-1.5621340027428232, 54.90510913892649], [-1.5627573602832854, 54.905468458513496], [-1.5633807178237475, 54.90510913892649], [-1.5633807178237475, 54.90367186057847], [-1.5646274329046719, 54.90295322140446], [-1.5646274329046719, 54.90223458223045], [-1.5640040753642097, 54.90187526264344], [-1.5627573602832854, 54.90187526264344], [-1.5608872876618989, 54.90079730388243], [-1.561510645202361, 54.90043798429542], [-1.5627573602832854, 54.90115662346943], [-1.5633807178237475, 54.90079730388243], [-1.5633807178237475, 54.90007866470842], [-1.565250790445134, 54.8990007059474], [-1.5664975055260584, 54.8990007059474], [-1.5671208630665205, 54.898641386360396], [-1.5671208630665205, 54.897922747186385], [-1.5677442206069827, 54.89756342759938], [-1.568990935687907, 54.89756342759938], [-1.5696142932283692, 54.897204108012374], [-1.5696142932283692, 54.89576682966435], [-1.5702376507688314, 54.89540751007735], [-1.57273108093068, 54.89540751007735], [-1.5733544384711422, 54.89504819049034], [-1.5721077233902179, 54.89432955131633], [-1.5733544384711422, 54.89361091214232], [-1.5733544384711422, 54.89289227296831], [-1.5739777960116044, 54.892532953381306], [-1.5752245110925287, 54.892532953381306], [-1.5758478686329909, 54.8921736337943], [-1.5758478686329909, 54.89145499462029], [-1.576471226173453, 54.891095675033284], [-1.5789646563353017, 54.891095675033284], [-1.5795880138757639, 54.89145499462029], [-1.5795880138757639, 54.8921736337943], [-1.5783412987948395, 54.89289227296831], [-1.5783412987948395, 54.89361091214232], [-1.5789646563353017, 54.89397023172933], [-1.580211371416226, 54.89397023172933], [-1.5814580864971504, 54.893251592555316], [-1.5827048015780747, 54.893251592555316], [-1.583951516658999, 54.89397023172933], [-1.5889383769826964, 54.89397023172933], [-1.5895617345231585, 54.89432955131633], [-1.5870683043613099, 54.89576682966435], [-1.5870683043613099, 54.896485468838364], [-1.5883150194422342, 54.897204108012374], [-1.5883150194422342, 54.897922747186385], [-1.5889383769826964, 54.89828206677339], [-1.591431807144545, 54.89828206677339], [-1.5933018797659315, 54.899360025534406], [-1.5933018797659315, 54.90079730388243], [-1.5939252373063937, 54.90115662346943], [-1.5970420250087045, 54.899360025534406], [-1.5970420250087045, 54.898641386360396], [-1.595171952387318, 54.89756342759938], [-1.5939252373063937, 54.89756342759938], [-1.5933018797659315, 54.897204108012374], [-1.5933018797659315, 54.896485468838364], [-1.595171952387318, 54.89540751007735], [-1.5964186674682423, 54.89612614925136], [-1.5970420250087045, 54.89576682966435], [-1.5970420250087045, 54.89504819049034], [-1.6001588127110153, 54.893251592555316], [-1.6007821702514775, 54.89361091214232], [-1.5995354551705532, 54.89432955131633], [-1.5995354551705532, 54.89504819049034], [-1.6014055277919397, 54.89612614925136], [-1.602652242872864, 54.89612614925136], [-1.6051456730347127, 54.89756342759938], [-1.6088858182774857, 54.89756342759938], [-1.61013253335841, 54.89684478842537], [-1.6126259635202587, 54.89684478842537], [-1.613872678601183, 54.89612614925136], [-1.6144960361416452, 54.896485468838364], [-1.6144960361416452, 54.897922747186385], [-1.6132493210607208, 54.898641386360396], [-1.6144960361416452, 54.899360025534406], [-1.6144960361416452, 54.90079730388243], [-1.6151193936821073, 54.90115662346943], [-1.6188595389248803, 54.90115662346943], [-1.6201062540058047, 54.90043798429542], [-1.621352969086729, 54.90115662346943], [-1.6238463992485777, 54.90115662346943], [-1.6269631869508885, 54.90295322140446], [-1.6269631869508885, 54.90510913892649], [-1.6257164718699642, 54.9058277781005], [-1.6269631869508885, 54.90654641727451], [-1.6263398294104263, 54.90690573686152], [-1.625093114329502, 54.90690573686152], [-1.6225996841676533, 54.90834301520954], [-1.6201062540058047, 54.90834301520954], [-1.6194828964653425, 54.908702334796544], [-1.6194828964653425, 54.909420973970555], [-1.621352969086729, 54.91049893273157], [-1.6238463992485777, 54.90906165438355], [-1.625093114329502, 54.90906165438355], [-1.6275865444913507, 54.91049893273157], [-1.628833259572275, 54.91049893273157], [-1.6294566171127371, 54.910858252318576], [-1.6294566171127371, 54.91301416984061], [-1.6313266897341236, 54.914092128601624], [-1.632573404815048, 54.914092128601624], [-1.6338201198959723, 54.914810767775634], [-1.6350668349768966, 54.914092128601624], [-1.636313550057821, 54.914810767775634], [-1.6375602651387453, 54.914092128601624], [-1.6388069802196696, 54.914092128601624], [-1.6406770528410561, 54.91517008736264], [-1.640053695300594, 54.915529406949645], [-1.6388069802196696, 54.915529406949645], [-1.6381836226792075, 54.91588872653665], [-1.6388069802196696, 54.916248046123656], [-1.640053695300594, 54.916248046123656], [-1.6406770528410561, 54.91660736571066], [-1.6406770528410561, 54.91876328323269], [-1.6394303377601318, 54.9194819224067], [-1.640053695300594, 54.91984124199371], [-1.6425471254624426, 54.91984124199371], [-1.6431704830029048, 54.920200561580714], [-1.6431704830029048, 54.920919200754724], [-1.643793840543367, 54.92127852034173], [-1.6450405556242913, 54.92127852034173], [-1.6456639131647535, 54.921637839928735], [-1.6456639131647535, 54.922356479102746], [-1.6487807008670643, 54.92415307703777], [-1.6500274159479886, 54.92415307703777], [-1.651274131028913, 54.92487171621178], [-1.6525208461098373, 54.92487171621178], [-1.6543909187312238, 54.92379375745077], [-1.6543909187312238, 54.923075118276756], [-1.6562609913526103, 54.92199715951574], [-1.6600011365953833, 54.92199715951574], [-1.6606244941358455, 54.922356479102746], [-1.6600011365953833, 54.92271579868975], [-1.658754421514459, 54.92271579868975], [-1.6581310639739968, 54.923075118276756], [-1.6600011365953833, 54.92415307703777], [-1.6612478516763076, 54.92415307703777], [-1.6631179242976941, 54.923075118276756], [-1.6631179242976941, 54.922356479102746], [-1.6618712092167698, 54.921637839928735], [-1.6618712092167698, 54.920919200754724], [-1.6637412818381563, 54.91984124199371], [-1.6687281421618536, 54.91984124199371], [-1.669974857242778, 54.92055988116772], [-1.6712215723237023, 54.92055988116772], [-1.673715002485551, 54.9191226028197], [-1.6749617175664753, 54.9191226028197], [-1.6755850751069374, 54.91876328323269], [-1.6755850751069374, 54.91804464405868], [-1.677455147728324, 54.916966685297666], [-1.678078505268786, 54.91732600488467], [-1.6768317901878618, 54.91804464405868], [-1.678078505268786, 54.91876328323269], [-1.6768317901878618, 54.9194819224067], [-1.677455147728324, 54.91984124199371], [-1.6787018628092483, 54.91984124199371], [-1.681195292971097, 54.92127852034173], [-1.6824420080520213, 54.92127852034173], [-1.6830653655924834, 54.921637839928735], [-1.6830653655924834, 54.923075118276756], [-1.6843120806734078, 54.92379375745077], [-1.6843120806734078, 54.92451239662478], [-1.685558795754332, 54.92523103579879], [-1.685558795754332, 54.92882423166884], [-1.68493543821387, 54.929183551255846], [-1.6836887231329456, 54.928464912081836], [-1.6805719354306348, 54.93026151001686], [-1.681195292971097, 54.93062082960387], [-1.6836887231329456, 54.93062082960387], [-1.68493543821387, 54.92990219042986], [-1.6868055108352564, 54.93098014919087], [-1.6868055108352564, 54.93169878836488], [-1.6874288683757186, 54.93205810795189], [-1.688675583456643, 54.93205810795189], [-1.6911690136184916, 54.93349538629991], [-1.692415728699416, 54.93349538629991], [-1.693039086239878, 54.933854705886915], [-1.693039086239878, 54.934573345060926], [-1.6949091588612646, 54.93565130382194], [-1.696155873942189, 54.93493266464793], [-1.6986493041040376, 54.93493266464793], [-1.699896019184962, 54.93421402547392], [-1.700519376725424, 54.934573345060926], [-1.700519376725424, 54.93601062340895], [-1.7023894493468106, 54.93708858216996], [-1.703636164427735, 54.93636994299595], [-1.704259521968197, 54.93672926258296], [-1.7017660918063484, 54.93816654093098], [-1.7017660918063484, 54.93888518010499], [-1.7023894493468106, 54.939244499691995], [-1.703636164427735, 54.939244499691995], [-1.7048828795086592, 54.939963138866005], [-1.70799966721097, 54.93816654093098], [-1.70799966721097, 54.93744790175697], [-1.707376309670508, 54.93708858216996], [-1.7061295945895836, 54.93708858216996], [-1.7055062370491214, 54.93672926258296], [-1.7061295945895836, 54.93636994299595], [-1.707376309670508, 54.93636994299595], [-1.7086230247514322, 54.93565130382194], [-1.711116454913281, 54.93565130382194], [-1.7123631699942052, 54.93493266464793], [-1.714856600156054, 54.93493266464793], [-1.715479957696516, 54.934573345060926], [-1.715479957696516, 54.933854705886915], [-1.7173500303179026, 54.9327767471259], [-1.719220102939289, 54.933854705886915], [-1.719220102939289, 54.93529198423494], [-1.7198434604797512, 54.93565130382194], [-1.7210901755606756, 54.93493266464793], [-1.7217135331011377, 54.93529198423494], [-1.7217135331011377, 54.93601062340895], [-1.7210901755606756, 54.93636994299595], [-1.7198434604797512, 54.93636994299595], [-1.719220102939289, 54.93672926258296], [-1.719220102939289, 54.93816654093098], [-1.7204668180202134, 54.93888518010499], [-1.7204668180202134, 54.939603819279], [-1.718596745398827, 54.940681778040016], [-1.7173500303179026, 54.939963138866005], [-1.7161033152369782, 54.939963138866005], [-1.715479957696516, 54.94032245845301], [-1.7173500303179026, 54.94140041721403], [-1.718596745398827, 54.94140041721403], [-1.719220102939289, 54.94175973680103], [-1.719220102939289, 54.94247837597504], [-1.7179733878583647, 54.94319701514905], [-1.7179733878583647, 54.944634293497074], [-1.7173500303179026, 54.94499361308408], [-1.7161033152369782, 54.94499361308408], [-1.714856600156054, 54.94571225225809], [-1.7136098850751296, 54.94571225225809], [-1.7123631699942052, 54.9464308914321], [-1.711116454913281, 54.9464308914321], [-1.7104930973728187, 54.946790211019106], [-1.7104930973728187, 54.94750885019312], [-1.711739812453743, 54.94822748936713], [-1.7104930973728187, 54.94894612854114], [-1.7104930973728187, 54.94966476771515], [-1.7098697398323566, 54.950024087302154], [-1.7086230247514322, 54.950024087302154], [-1.7067529521300457, 54.95110204606317], [-1.70799966721097, 54.95182068523718], [-1.70799966721097, 54.95469524193322], [-1.707376309670508, 54.95505456152023], [-1.7061295945895836, 54.95505456152023], [-1.7055062370491214, 54.95541388110723], [-1.7055062370491214, 54.956851159455255], [-1.7067529521300457, 54.957569798629265], [-1.7067529521300457, 54.958288437803276], [-1.707376309670508, 54.95864775739028], [-1.70799966721097, 54.958288437803276], [-1.70799966721097, 54.957569798629265], [-1.7086230247514322, 54.95721047904226], [-1.7098697398323566, 54.95721047904226], [-1.7104930973728187, 54.957569798629265], [-1.7104930973728187, 54.958288437803276], [-1.711116454913281, 54.95864775739028], [-1.7123631699942052, 54.95864775739028], [-1.7136098850751296, 54.95936639656429], [-1.7161033152369782, 54.95936639656429], [-1.7173500303179026, 54.9600850357383], [-1.7210901755606756, 54.9600850357383], [-1.722960248182062, 54.96116299449932], [-1.722960248182062, 54.96188163367333], [-1.7235836057225242, 54.962240953260334], [-1.7248303208034486, 54.962240953260334], [-1.7273237509652972, 54.96080367491231], [-1.7279471085057594, 54.96116299449932], [-1.7279471085057594, 54.96188163367333], [-1.7285704660462216, 54.962240953260334], [-1.7291938235866837, 54.96188163367333], [-1.7291938235866837, 54.96116299449932], [-1.7298171811271459, 54.96080367491231], [-1.7310638962080702, 54.96080367491231], [-1.7316872537485324, 54.96044435532531], [-1.7316872537485324, 54.9597257161513], [-1.734180683910381, 54.958288437803276], [-1.734180683910381, 54.957569798629265], [-1.7348040414508432, 54.95721047904226], [-1.7360507565317675, 54.95721047904226], [-1.7366741140722297, 54.957569798629265], [-1.7366741140722297, 54.9597257161513], [-1.7372974716126919, 54.9600850357383], [-1.7385441866936162, 54.95936639656429], [-1.7397909017745405, 54.95936639656429], [-1.7404142593150027, 54.9597257161513], [-1.7404142593150027, 54.96331891202135], [-1.7410376168554649, 54.963678231608355], [-1.7447777620982379, 54.963678231608355], [-1.7454011196387, 54.96403755119536], [-1.7435310470173135, 54.96511550995638], [-1.7397909017745405, 54.96511550995638], [-1.7391675442340784, 54.96547482954338], [-1.7404142593150027, 54.96619346871739], [-1.7404142593150027, 54.9669121078914], [-1.741660974395927, 54.967630747065414], [-1.7410376168554649, 54.96799006665242], [-1.7397909017745405, 54.96799006665242], [-1.737920829153154, 54.969068025413435], [-1.7410376168554649, 54.97086462334846], [-1.7422843319363892, 54.97086462334846], [-1.7441544045577757, 54.97194258210948], [-1.7441544045577757, 54.9733798604575], [-1.7429076894768514, 54.97409849963151], [-1.7429076894768514, 54.97481713880552], [-1.7435310470173135, 54.975176458392525], [-1.7447777620982379, 54.974457819218514], [-1.7454011196387, 54.97481713880552], [-1.7441544045577757, 54.97553577797953], [-1.7447777620982379, 54.975895097566536], [-1.7485179073410109, 54.975895097566536], [-1.749141264881473, 54.97625441715354], [-1.749141264881473, 54.97697305632755], [-1.7510113375028595, 54.97805101508857], [-1.7535047676647082, 54.97805101508857], [-1.7541281252051704, 54.97841033467557], [-1.7541281252051704, 54.979847613023594], [-1.7547514827456325, 54.9802069326106], [-1.7559981978265569, 54.9802069326106], [-1.756621555367019, 54.980566252197605], [-1.756621555367019, 54.981284891371615], [-1.7559981978265569, 54.98173404085537], [-1.7553748402860947, 54.981284891371615], [-1.7535047676647082, 54.98173404085537], [-1.7497646224219352, 54.98227302023588], [-1.7547514827456325, 54.98299165940989], [-1.7553748402860947, 54.98344080889365], [-1.7553748402860947, 54.98559672641568], [-1.7535047676647082, 54.986674685176695], [-1.7510113375028595, 54.986674685176695], [-1.7497646224219352, 54.985956046002684], [-1.7472711922600865, 54.985956046002684], [-1.7460244771791622, 54.986674685176695], [-1.7447777620982379, 54.986674685176695], [-1.7435310470173135, 54.987393324350705], [-1.7410376168554649, 54.987393324350705], [-1.7404142593150027, 54.98775264393771], [-1.7422843319363892, 54.98883060269873], [-1.7435310470173135, 54.98883060269873], [-1.7441544045577757, 54.98918992228573], [-1.7441544045577757, 54.98990856145974], [-1.7447777620982379, 54.99026788104675], [-1.7460244771791622, 54.99026788104675], [-1.7472711922600865, 54.98954924187274], [-1.7478945498005487, 54.98990856145974], [-1.7478945498005487, 54.992064478981774], [-1.749141264881473, 54.992783118155785], [-1.7478945498005487, 54.993501757329796], [-1.7485179073410109, 54.9938610769168], [-1.7497646224219352, 54.9938610769168], [-1.7510113375028595, 54.99314243774279], [-1.7516346950433217, 54.993501757329796], [-1.7516346950433217, 54.994220396503806], [-1.752881410124246, 54.99493903567782], [-1.752881410124246, 54.99637631402584], [-1.7510113375028595, 54.997454272786854], [-1.7485179073410109, 54.997454272786854], [-1.7478945498005487, 54.99781359237386], [-1.7478945498005487, 54.99853223154787], [-1.7472711922600865, 54.998891551134875], [-1.7460244771791622, 54.998172911960864], [-1.7435310470173135, 54.998172911960864], [-1.7429076894768514, 54.99853223154787], [-1.7429076894768514, 54.99925087072188], [-1.7435310470173135, 54.999610190308886], [-1.7460244771791622, 54.999610190308886], [-1.7472711922600865, 55.000328829482896], [-1.7485179073410109, 55.000328829482896], [-1.749141264881473, 55.0006881490699], [-1.7478945498005487, 55.00140678824391], [-1.7478945498005487, 55.00212542741792], [-1.7472711922600865, 55.00248474700493], [-1.7460244771791622, 55.00176610783092], [-1.7441544045577757, 55.00284406659193], [-1.7454011196387, 55.003562705765944], [-1.7454011196387, 55.004999984113965], [-1.7466478347196244, 55.005718623287976], [-1.7460244771791622, 55.00607794287498], [-1.7447777620982379, 55.00607794287498], [-1.7441544045577757, 55.005718623287976], [-1.7441544045577757, 55.004999984113965], [-1.7435310470173135, 55.00464066452696], [-1.7429076894768514, 55.004999984113965], [-1.7429076894768514, 55.005718623287976], [-1.7422843319363892, 55.00607794287498], [-1.7410376168554649, 55.00607794287498], [-1.7404142593150027, 55.005718623287976], [-1.7404142593150027, 55.004999984113965], [-1.7391675442340784, 55.004281344939955], [-1.7391675442340784, 55.003562705765944], [-1.7385441866936162, 55.00320338617894], [-1.737920829153154, 55.003562705765944], [-1.737920829153154, 55.004999984113965], [-1.7372974716126919, 55.00535930370097], [-1.7348040414508432, 55.00535930370097], [-1.7329339688294567, 55.006437262461986], [-1.7335573263699189, 55.00679658204899], [-1.7360507565317675, 55.00679658204899], [-1.7372974716126919, 55.007515221223], [-1.7385441866936162, 55.00679658204899], [-1.7397909017745405, 55.00679658204899], [-1.7404142593150027, 55.007155901636], [-1.7404142593150027, 55.00787454081001], [-1.7391675442340784, 55.00859317998402], [-1.7391675442340784, 55.00931181915803], [-1.7385441866936162, 55.009671138745034], [-1.7372974716126919, 55.009671138745034], [-1.7366741140722297, 55.01003045833204], [-1.7366741140722297, 55.01074909750605], [-1.7385441866936162, 55.011827056267066], [-1.7397909017745405, 55.011827056267066], [-1.7410376168554649, 55.01254569544108], [-1.7422843319363892, 55.011827056267066], [-1.7441544045577757, 55.01290501502808], [-1.7441544045577757, 55.01362365420209], [-1.7422843319363892, 55.01470161296311], [-1.7410376168554649, 55.01470161296311], [-1.7404142593150027, 55.015060932550114], [-1.7404142593150027, 55.017216850072145], [-1.7397909017745405, 55.01757616965915], [-1.737920829153154, 55.016498210898135], [-1.737920829153154, 55.015060932550114], [-1.7372974716126919, 55.01470161296311], [-1.7360507565317675, 55.01470161296311], [-1.7323106112889946, 55.01685753048514], [-1.7298171811271459, 55.01685753048514], [-1.7291938235866837, 55.017216850072145], [-1.7291938235866837, 55.01865412842017], [-1.7285704660462216, 55.01901344800717], [-1.7273237509652972, 55.01901344800717], [-1.726700393424835, 55.01865412842017], [-1.726700393424835, 55.017935489246156], [-1.726077035884373, 55.01757616965915], [-1.7242069632629864, 55.01865412842017], [-1.7242069632629864, 55.01937276759418], [-1.7248303208034486, 55.01973208718118], [-1.726077035884373, 55.01973208718118], [-1.726700393424835, 55.02009140676819], [-1.726700393424835, 55.02296596346423], [-1.726077035884373, 55.023325283051236], [-1.7254536783439107, 55.02296596346423], [-1.7254536783439107, 55.02224732429022], [-1.7248303208034486, 55.021888004703214], [-1.7223368906416, 55.021888004703214], [-1.7217135331011377, 55.02152868511621], [-1.7217135331011377, 55.0208100459422], [-1.7210901755606756, 55.02045072635519], [-1.7198434604797512, 55.02045072635519], [-1.719220102939289, 55.02009140676819], [-1.719220102939289, 55.01937276759418], [-1.718596745398827, 55.01901344800717], [-1.7136098850751296, 55.01901344800717], [-1.711739812453743, 55.02009140676819], [-1.7129865275346674, 55.0208100459422], [-1.7129865275346674, 55.02224732429022], [-1.7104930973728187, 55.02368460263824], [-1.711116454913281, 55.024043922225246], [-1.7198434604797512, 55.024043922225246], [-1.7204668180202134, 55.02440324181225], [-1.7204668180202134, 55.02512188098626], [-1.7210901755606756, 55.02548120057327], [-1.7217135331011377, 55.02512188098626], [-1.7217135331011377, 55.02440324181225], [-1.7223368906416, 55.024043922225246], [-1.7248303208034486, 55.024043922225246], [-1.7254536783439107, 55.02440324181225], [-1.7254536783439107, 55.02512188098626], [-1.7248303208034486, 55.02548120057327], [-1.7223368906416, 55.02548120057327], [-1.7217135331011377, 55.02584052016027], [-1.7217135331011377, 55.02655915933428], [-1.7198434604797512, 55.0276371180953], [-1.7161033152369782, 55.0276371180953], [-1.715479957696516, 55.027996437682305], [-1.7161033152369782, 55.02835575726931], [-1.7173500303179026, 55.02835575726931], [-1.719220102939289, 55.029433716030326], [-1.719220102939289, 55.03087099437835], [-1.718596745398827, 55.03123031396535], [-1.7161033152369782, 55.03123031396535], [-1.7142332426155917, 55.03230827272637], [-1.7142332426155917, 55.03302691190038], [-1.7129865275346674, 55.03374555107439], [-1.7136098850751296, 55.034104870661395], [-1.714856600156054, 55.034104870661395], [-1.7173500303179026, 55.03266759231337], [-1.7179733878583647, 55.03302691190038], [-1.7179733878583647, 55.03374555107439], [-1.7167266727774404, 55.0344641902484], [-1.7167266727774404, 55.03590146859642], [-1.7179733878583647, 55.03662010777043], [-1.7179733878583647, 55.03733874694444], [-1.7173500303179026, 55.03769806653145], [-1.7161033152369782, 55.03769806653145], [-1.715479957696516, 55.03805738611845], [-1.715479957696516, 55.038776025292464], [-1.714856600156054, 55.03913534487947], [-1.7136098850751296, 55.03913534487947], [-1.7129865275346674, 55.038776025292464], [-1.7129865275346674, 55.03733874694444], [-1.7123631699942052, 55.03697942735744], [-1.711739812453743, 55.03733874694444], [-1.711739812453743, 55.03805738611845], [-1.711116454913281, 55.03841670570546], [-1.7104930973728187, 55.03805738611845], [-1.7104930973728187, 55.03733874694444], [-1.7098697398323566, 55.03697942735744], [-1.7086230247514322, 55.03769806653145], [-1.70799966721097, 55.03733874694444], [-1.70799966721097, 55.0344641902484], [-1.707376309670508, 55.034104870661395], [-1.7011427342658862, 55.034104870661395], [-1.699896019184962, 55.033386231487384], [-1.6986493041040376, 55.033386231487384], [-1.6980259465635754, 55.03374555107439], [-1.6992726616444997, 55.0344641902484], [-1.6992726616444997, 55.03518282942241], [-1.6986493041040376, 55.035542149009416], [-1.6974025890231133, 55.035542149009416], [-1.696155873942189, 55.034823509835405], [-1.6955325164017268, 55.03518282942241], [-1.6955325164017268, 55.03590146859642], [-1.6949091588612646, 55.03626078818343], [-1.6936624437803403, 55.03626078818343], [-1.693039086239878, 55.03662010777043], [-1.693039086239878, 55.03805738611845], [-1.692415728699416, 55.03841670570546], [-1.6899222985375673, 55.03841670570546], [-1.689298940997105, 55.038776025292464], [-1.6899222985375673, 55.03913534487947], [-1.6911690136184916, 55.03913534487947], [-1.6955325164017268, 55.041650581988506], [-1.6955325164017268, 55.04308786033653], [-1.6949091588612646, 55.04344717992353], [-1.6936624437803403, 55.04344717992353], [-1.692415728699416, 55.04272854074952], [-1.6861821532947943, 55.04272854074952], [-1.68493543821387, 55.04200990157551], [-1.6836887231329456, 55.04200990157551], [-1.6830653655924834, 55.04236922116252], [-1.6830653655924834, 55.04380649951054], [-1.681818650511559, 55.04452513868455], [-1.681818650511559, 55.04524377785856], [-1.681195292971097, 55.045603097445564], [-1.6799485778901726, 55.045603097445564], [-1.6768317901878618, 55.04739969538059], [-1.6768317901878618, 55.04883697372861], [-1.6755850751069374, 55.04955561290262], [-1.6762084326473996, 55.04991493248963], [-1.677455147728324, 55.04991493248963], [-1.6787018628092483, 55.04919629331562], [-1.681195292971097, 55.04919629331562], [-1.681818650511559, 55.04955561290262], [-1.681818650511559, 55.050992891250644], [-1.6824420080520213, 55.05135221083765], [-1.6836887231329456, 55.05135221083765], [-1.6843120806734078, 55.051711530424654], [-1.6843120806734078, 55.053148808772676], [-1.68493543821387, 55.05350812835968], [-1.6861821532947943, 55.05278948918567], [-1.688675583456643, 55.05278948918567], [-1.689298940997105, 55.053148808772676], [-1.6861821532947943, 55.0549454067077], [-1.68493543821387, 55.05422676753369], [-1.6843120806734078, 55.0545860871207], [-1.6843120806734078, 55.05530472629471], [-1.681195292971097, 55.057101324229734], [-1.677455147728324, 55.057101324229734], [-1.6768317901878618, 55.05746064381674], [-1.6768317901878618, 55.05817928299075], [-1.6787018628092483, 55.059257241751766], [-1.6799485778901726, 55.059257241751766], [-1.6805719354306348, 55.05961656133877], [-1.6799485778901726, 55.059975880925776], [-1.6762084326473996, 55.059975880925776], [-1.6755850751069374, 55.05961656133877], [-1.6755850751069374, 55.05889792216476], [-1.6749617175664753, 55.058538602577755], [-1.673715002485551, 55.058538602577755], [-1.6724682874046266, 55.057819963403745], [-1.666234712000005, 55.057819963403745], [-1.6656113544595428, 55.05817928299075], [-1.6656113544595428, 55.05889792216476], [-1.6649879969190806, 55.059257241751766], [-1.662494566757232, 55.059257241751766], [-1.6612478516763076, 55.059975880925776], [-1.658754421514459, 55.059975880925776], [-1.6568843488930725, 55.06105383968679], [-1.6568843488930725, 55.0617724788608], [-1.6575077064335346, 55.06213179844781], [-1.6600011365953833, 55.06213179844781], [-1.6612478516763076, 55.06285043762182], [-1.6637412818381563, 55.06285043762182], [-1.6656113544595428, 55.063928396382835], [-1.6656113544595428, 55.064647035556845], [-1.6637412818381563, 55.06572499431786], [-1.662494566757232, 55.06572499431786], [-1.6612478516763076, 55.06500635514385], [-1.658754421514459, 55.06644363349187], [-1.6562609913526103, 55.06644363349187], [-1.655014276271686, 55.06572499431786], [-1.6425471254624426, 55.06572499431786], [-1.6419237679219805, 55.06608431390487], [-1.6419237679219805, 55.06680295307888], [-1.6444171980838291, 55.0682402314269], [-1.6444171980838291, 55.06895887060091], [-1.6450405556242913, 55.069318190187914], [-1.6462872707052156, 55.068599551013904], [-1.64753398578614, 55.068599551013904], [-1.6487807008670643, 55.069318190187914], [-1.6500274159479886, 55.069318190187914], [-1.651274131028913, 55.070036829361925], [-1.6525208461098373, 55.070036829361925], [-1.6531442036502995, 55.07039614894893], [-1.6531442036502995, 55.07255206647096], [-1.6525208461098373, 55.07291138605797], [-1.651274131028913, 55.07291138605797], [-1.6500274159479886, 55.07219274688396], [-1.6462872707052156, 55.07219274688396], [-1.6456639131647535, 55.07255206647096], [-1.6456639131647535, 55.07327070564497], [-1.6469106282456778, 55.07398934481898], [-1.6469106282456778, 55.074707983992994], [-1.6456639131647535, 55.075426623167004], [-1.6469106282456778, 55.076145262341015], [-1.6469106282456778, 55.077582540689036], [-1.6456639131647535, 55.07830117986305], [-1.6456639131647535, 55.07901981903706], [-1.6450405556242913, 55.07937913862406], [-1.643793840543367, 55.07937913862406], [-1.6431704830029048, 55.07901981903706], [-1.6444171980838291, 55.07830117986305], [-1.6444171980838291, 55.077582540689036], [-1.643793840543367, 55.07722322110203], [-1.6413004103815183, 55.07722322110203], [-1.6406770528410561, 55.076863901515026], [-1.6431704830029048, 55.075426623167004], [-1.6431704830029048, 55.074707983992994], [-1.6425471254624426, 55.07434866440599], [-1.640053695300594, 55.07578594275401], [-1.6381836226792075, 55.074707983992994], [-1.6381836226792075, 55.07398934481898], [-1.6388069802196696, 55.07363002523198], [-1.640053695300594, 55.07363002523198], [-1.6406770528410561, 55.07327070564497], [-1.6406770528410561, 55.07183342729695], [-1.640053695300594, 55.071474107709946], [-1.6375602651387453, 55.07291138605797], [-1.636313550057821, 55.07219274688396], [-1.6350668349768966, 55.07219274688396], [-1.632573404815048, 55.070755468535936], [-1.6313266897341236, 55.070755468535936], [-1.6307033321936615, 55.07111478812294], [-1.6319500472745858, 55.07183342729695], [-1.6319500472745858, 55.07327070564497], [-1.6294566171127371, 55.074707983992994], [-1.6307033321936615, 55.075426623167004], [-1.6307033321936615, 55.076863901515026], [-1.6294566171127371, 55.077582540689036], [-1.6294566171127371, 55.07830117986305], [-1.628833259572275, 55.07866049945005], [-1.6263398294104263, 55.07866049945005], [-1.6257164718699642, 55.07830117986305], [-1.6257164718699642, 55.077582540689036], [-1.6244697567890398, 55.076863901515026], [-1.6244697567890398, 55.07255206647096], [-1.6238463992485777, 55.07219274688396], [-1.617612823843956, 55.07219274688396], [-1.6163661087630317, 55.07291138605797], [-1.61013253335841, 55.07291138605797], [-1.6093533364328323, 55.07255206647096], [-1.6076391031965613, 55.072821556161216], [-1.6082624607370235, 55.07327070564497], [-1.6082624607370235, 55.07398934481898], [-1.6120026059797965, 55.076145262341015], [-1.6120026059797965, 55.07830117986305], [-1.6107558908988722, 55.07901981903706], [-1.6107558908988722, 55.08117573655909], [-1.6113792484393343, 55.081535056146095], [-1.6126259635202587, 55.081535056146095], [-1.6132493210607208, 55.0818943757331], [-1.6132493210607208, 55.08333165408112], [-1.6126259635202587, 55.083690973668126], [-1.6113792484393343, 55.083690973668126], [-1.6107558908988722, 55.08405029325513], [-1.6107558908988722, 55.08476893242914], [-1.61013253335841, 55.08512825201615], [-1.6088858182774857, 55.08512825201615], [-1.6076391031965613, 55.08584689119016], [-1.6070157456560992, 55.08548757160315], [-1.6070157456560992, 55.08405029325513], [-1.6057690305751748, 55.08333165408112], [-1.6082624607370235, 55.0818943757331], [-1.6076391031965613, 55.081535056146095], [-1.606392388115637, 55.081535056146095], [-1.6045223154942505, 55.08045709738508], [-1.6045223154942505, 55.07973845821107], [-1.6032756004133262, 55.07901981903706], [-1.6032756004133262, 55.077582540689036], [-1.6045223154942505, 55.076863901515026], [-1.6038989579537883, 55.07650458192802], [-1.602652242872864, 55.07650458192802], [-1.6014055277919397, 55.07578594275401], [-1.6001588127110153, 55.07578594275401], [-1.5982887400896288, 55.076863901515026], [-1.598912097630091, 55.07722322110203], [-1.6014055277919397, 55.07722322110203], [-1.6020288853324018, 55.077582540689036], [-1.6020288853324018, 55.07973845821107], [-1.6001588127110153, 55.080816416972084], [-1.598912097630091, 55.080816416972084], [-1.5976653825491667, 55.08009777779807], [-1.5970420250087045, 55.08045709738508], [-1.5970420250087045, 55.0818943757331], [-1.5976653825491667, 55.082253695320105], [-1.598912097630091, 55.081535056146095], [-1.6001588127110153, 55.081535056146095], [-1.6014055277919397, 55.082253695320105], [-1.602652242872864, 55.082253695320105], [-1.6045223154942505, 55.08333165408112], [-1.6032756004133262, 55.08405029325513], [-1.6032756004133262, 55.08476893242914], [-1.602652242872864, 55.08512825201615], [-1.6014055277919397, 55.08512825201615], [-1.6001588127110153, 55.08584689119016], [-1.5976653825491667, 55.08584689119016], [-1.5970420250087045, 55.08620621077716], [-1.5982887400896288, 55.086924849951174], [-1.5982887400896288, 55.087643489125185], [-1.5976653825491667, 55.08800280871219], [-1.591431807144545, 55.08800280871219], [-1.5901850920636207, 55.08728416953818], [-1.5895617345231585, 55.087643489125185], [-1.5895617345231585, 55.088362128299195], [-1.5864449468208477, 55.09015872623422], [-1.5858215892803855, 55.08979940664722], [-1.5858215892803855, 55.089080767473206], [-1.5851982317399234, 55.0887214478862], [-1.5827048015780747, 55.09015872623422], [-1.5820814440376125, 55.08979940664722], [-1.5820814440376125, 55.088362128299195], [-1.5814580864971504, 55.08800280871219], [-1.580211371416226, 55.08800280871219], [-1.5789646563353017, 55.08728416953818], [-1.5777179412543774, 55.08728416953818], [-1.5758478686329909, 55.088362128299195], [-1.5758478686329909, 55.089080767473206], [-1.5752245110925287, 55.08944008706021], [-1.5739777960116044, 55.0887214478862], [-1.57273108093068, 55.0887214478862], [-1.5721077233902179, 55.089080767473206], [-1.5733544384711422, 55.08979940664722], [-1.57273108093068, 55.09015872623422], [-1.5714843658497557, 55.09015872623422], [-1.5708610083092935, 55.09051804582123], [-1.5708610083092935, 55.09123668499524], [-1.5702376507688314, 55.09159600458224], [-1.568990935687907, 55.09159600458224], [-1.5677442206069827, 55.092314643756254], [-1.5671208630665205, 55.09195532416925], [-1.5671208630665205, 55.088362128299195], [-1.5658741479855962, 55.087643489125185], [-1.5671208630665205, 55.086924849951174], [-1.5671208630665205, 55.08548757160315], [-1.5664975055260584, 55.08512825201615], [-1.565250790445134, 55.08512825201615], [-1.5646274329046719, 55.08476893242914], [-1.565250790445134, 55.08440961284214], [-1.5664975055260584, 55.08440961284214], [-1.5671208630665205, 55.08405029325513], [-1.5664975055260584, 55.083690973668126], [-1.5640040753642097, 55.083690973668126], [-1.5621340027428232, 55.08261301490711], [-1.5633807178237475, 55.0818943757331], [-1.561510645202361, 55.080816416972084], [-1.5602639301214367, 55.081535056146095], [-1.5590172150405124, 55.080816416972084], [-1.557770499959588, 55.080816416972084], [-1.5552770697977394, 55.082253695320105], [-1.554030354716815, 55.081535056146095], [-1.5515369245549664, 55.081535056146095], [-1.5509135670145042, 55.0818943757331], [-1.5509135670145042, 55.08261301490711], [-1.550290209474042, 55.082972334494116], [-1.5490434943931177, 55.082972334494116], [-1.5471734217717312, 55.0818943757331], [-1.5471734217717312, 55.08117573655909], [-1.545926706690807, 55.08045709738508], [-1.545926706690807, 55.07901981903706], [-1.5453033491503447, 55.07866049945005], [-1.5440566340694204, 55.07866049945005], [-1.542809918988496, 55.07937913862406], [-1.5415632039075717, 55.07937913862406], [-1.5403164888266474, 55.08009777779807], [-1.5365763435838744, 55.08009777779807], [-1.5359529860434122, 55.07973845821107], [-1.5359529860434122, 55.07901981903706], [-1.53532962850295, 55.07866049945005], [-1.5340829134220257, 55.07937913862406], [-1.5328361983411014, 55.07937913862406], [-1.5322128408006392, 55.07901981903706], [-1.5334595558815636, 55.07830117986305], [-1.5334595558815636, 55.077582540689036], [-1.5328361983411014, 55.07722322110203], [-1.531589483260177, 55.07794186027604], [-1.5297194106387906, 55.076863901515026], [-1.5297194106387906, 55.076145262341015], [-1.5290960530983284, 55.07578594275401], [-1.5253559078555554, 55.07578594275401], [-1.524109192774631, 55.07506730358], [-1.5228624776937068, 55.07578594275401], [-1.5191223324509338, 55.07578594275401], [-1.5178756173700094, 55.07650458192802], [-1.516628902289085, 55.07650458192802], [-1.516005544748623, 55.076145262341015], [-1.516005544748623, 55.075426623167004], [-1.516628902289085, 55.07506730358], [-1.5178756173700094, 55.07506730358], [-1.5184989749104716, 55.074707983992994], [-1.5184989749104716, 55.07398934481898], [-1.5178756173700094, 55.07363002523198], [-1.516628902289085, 55.07363002523198], [-1.5153821872081608, 55.07434866440599], [-1.5141354721272364, 55.07363002523198], [-1.5116420419653878, 55.07363002523198], [-1.5097719693440013, 55.07255206647096], [-1.5097719693440013, 55.07039614894893], [-1.509148611803539, 55.070036829361925], [-1.5066551816416904, 55.070036829361925], [-1.505408466560766, 55.070755468535936], [-1.5029150363989174, 55.070755468535936], [-1.5021358394733397, 55.07039614894893], [-1.5029150363989174, 55.069946999465174], [-1.4987073730007978, 55.06967750977492], [-1.49792817607522, 55.070036829361925], [-1.497304818534758, 55.07039614894893], [-1.497304818534758, 55.07111478812294], [-1.4985515336156823, 55.07183342729695], [-1.49792817607522, 55.07219274688396], [-1.4966814609942958, 55.07219274688396], [-1.4960581034538336, 55.07183342729695], [-1.4960581034538336, 55.07111478812294], [-1.4954347459133714, 55.070755468535936], [-1.4916946006705984, 55.070755468535936], [-1.4910712431301363, 55.07039614894893], [-1.4916946006705984, 55.070036829361925], [-1.4929413157515228, 55.070036829361925], [-1.493564673291985, 55.06967750977492], [-1.493564673291985, 55.06895887060091], [-1.4929413157515228, 55.068599551013904], [-1.4916946006705984, 55.068599551013904], [-1.4904478855896741, 55.06788091183989], [-1.4879544554278255, 55.06788091183989], [-1.4873310978873633, 55.0682402314269], [-1.4873310978873633, 55.06895887060091], [-1.4867077403469011, 55.069318190187914], [-1.4842143101850525, 55.06788091183989], [-1.4835909526445903, 55.0682402314269], [-1.4835909526445903, 55.06967750977492], [-1.4829675951041281, 55.070036829361925], [-1.4817208800232038, 55.069318190187914], [-1.4792274498613551, 55.069318190187914], [-1.478604092320893, 55.06967750977492], [-1.478604092320893, 55.07039614894893], [-1.4779807347804308, 55.070755468535936], [-1.4767340196995065, 55.070755468535936], [-1.4754873046185821, 55.071474107709946], [-1.4742405895376578, 55.070755468535936], [-1.4729938744567335, 55.070755468535936], [-1.4723705169162713, 55.07039614894893], [-1.4729938744567335, 55.070036829361925], [-1.4742405895376578, 55.070036829361925], [-1.4754873046185821, 55.070755468535936], [-1.4773573772399686, 55.06967750977492], [-1.47486394707812, 55.0682402314269], [-1.4773573772399686, 55.06680295307888], [-1.4761106621590443, 55.06608431390487], [-1.4761106621590443, 55.065365674730856], [-1.4773573772399686, 55.064647035556845], [-1.4773573772399686, 55.063928396382835], [-1.4767340196995065, 55.06356907679583], [-1.4754873046185821, 55.06356907679583], [-1.4742405895376578, 55.06428771596984], [-1.4729938744567335, 55.06356907679583], [-1.4717471593758091, 55.06356907679583], [-1.471123801835347, 55.063928396382835], [-1.471123801835347, 55.065365674730856], [-1.4705004442948848, 55.06572499431786], [-1.4680070141330361, 55.06572499431786], [-1.4667602990521118, 55.06500635514385], [-1.4655135839711875, 55.06500635514385], [-1.463643511349801, 55.063928396382835], [-1.463643511349801, 55.0617724788608], [-1.4611500811879523, 55.06033520051278], [-1.4611500811879523, 55.05961656133877], [-1.459903366107028, 55.05889792216476], [-1.459903366107028, 55.05817928299075], [-1.4611500811879523, 55.05746064381674], [-1.4605267236474901, 55.057101324229734], [-1.4592800085665658, 55.057101324229734], [-1.4580332934856415, 55.057819963403745], [-1.4567865784047171, 55.057819963403745], [-1.4549165057833306, 55.05889792216476], [-1.456163220864255, 55.05961656133877], [-1.4555398633237928, 55.059975880925776], [-1.4542728576588917, 55.05930172535912], [-1.45426663175267, 55.059234172028816], [-1.45425023175267, 55.05912117202882], [-1.454231338890811, 55.05902466252715], [-1.454203057989703, 55.05893047540078], [-1.454165662554624, 55.05883952153568], [-1.454160390843833, 55.05882830246762], [-1.454149526608596, 55.05877540117577], [-1.454120210156948, 55.05868108377059], [-1.4540817324723, 55.058590118419815], [-1.454070350220616, 55.058569232643556], [-1.454063054273132, 55.05853179362635], [-1.454037094926476, 55.058443144457], [-1.453999594926476, 55.058334044457], [-1.453966663383141, 55.058250611314236], [-1.453926388132766, 55.058170464698186], [-1.453879093212933, 55.05809424943452], [-1.453859256906327, 55.05806527047582], [-1.453851772719759, 55.05802530097855], [-1.453823925654379, 55.05793003808096], [-1.453786772589057, 55.05783800478022], [-1.453740679499271, 55.05775010764841], [-1.45368610042402, 55.05766721251434], [-1.453623572993324, 55.057590135934774], [-1.453599589454379, 55.057565933047684], [-1.453587692583977, 55.0575419941291], [-1.453536998913565, 55.05746117634234], [-1.453520422164761, 55.05740347650516], [-1.453491010152677, 55.05731639731361], [-1.453453727191063, 55.05723238640463], [-1.453451978418125, 55.05722888885875], [-1.453447828204438, 55.05717477370101], [-1.453430809289266, 55.057078275229195], [-1.453404427766169, 55.05698390566962], [-1.453368936939942, 55.0568925711209], [-1.453358532130526, 55.056872019190834], [-1.453345226699673, 55.05682002745308], [-1.453325980382594, 55.05676596988155], [-1.453325745552123, 55.05676241581673], [-1.453308606400937, 55.056661558168166], [-1.453281252351361, 55.05656297940905], [-1.453243969691309, 55.05646771126623], [-1.453197515560056, 55.05637746367782], [-1.453177079908721, 55.05628764605794], [-1.453146865621855, 55.0561820416719], [-1.453119852524003, 55.05611605524399], [-1.453114022085763, 55.056090102183994], [-1.453113750743733, 55.05608309662612], [-1.453106025695635, 55.05599188928106], [-1.453089993192965, 55.055901770387266], [-1.453065787563343, 55.05581349500194], [-1.453033611612575, 55.05572780273652], [-1.452993734925457, 55.0556454115599], [-1.452935434925457, 55.0555378115599], [-1.452903291108062, 55.055485199628464], [-1.452889535175734, 55.055433922707536], [-1.452855412859945, 55.05534304938662], [-1.45284607616146, 55.05532402831978], [-1.452839750942005, 55.055293132762735], [-1.452809141663182, 55.05519562699185], [-1.452768740414867, 55.05510175451217], [-1.452733140414867, 55.05502945451217], [-1.452679112799487, 55.05493346325461], [-1.452614855439572, 55.05484399652086], [-1.452588348260507, 55.05481455865889], [-1.45254490113054, 55.0547309764412], [-1.45241430113054, 55.0545107764412], [-1.452367351335551, 55.05443884767805], [-1.452314402085439, 55.05437121331452], [-1.452149924750594, 55.054178757449634], [-1.452029605834454, 55.05400360966593], [-1.451515646635489, 55.0532555690497], [-1.451313887430442, 55.052961828442946], [-1.451287821243958, 55.0529256356205], [-1.451100524034902, 55.052677439318906], [-1.45099842661556, 55.05254214273872], [-1.450969432013061, 55.05250553043102], [-1.450296570716707, 55.051695497411245], [-1.450228482253087, 55.05161345576863], [-1.449971314097463, 55.05125832725784], [-1.449894604004189, 55.05114205272457], [-1.449571612524986, 55.05065211733628], [-1.449413429139786, 55.05041214254204], [-1.44936267561226, 55.05034196103334], [-1.44920757561226, 55.050145961033344], [-1.449137988758673, 55.05006695521517], [-1.449082445444498, 55.050010217421125], [-1.449017501937615, 55.04994377981515], [-1.448961936283249, 55.049891127271295], [-1.448902505856856, 55.049842879403585], [-1.448587335587712, 55.04960643653004], [-1.448461808444, 55.04948657114474], [-1.448439725955553, 55.049466111189574], [-1.448298994082129, 55.04933960281638], [-1.448240963831094, 55.049287470244565], [-1.447895503968445, 55.048938706803995], [-1.447691813088999, 55.04873302091104], [-1.447115781262993, 55.04814979493213], [-1.447097095235524, 55.048131365642455], [-1.446834995235524, 55.047879565642454], [-1.446811897076865, 55.047858065618065], [-1.446801208344942, 55.04784842667231], [-1.446272018977184, 55.047369888429614], [-1.446226212142487, 55.047330904916], [-1.445903188966929, 55.047072339044576], [-1.445798315391708, 55.04697539102962], [-1.445762398606069, 55.046943748707605], [-1.445098040280553, 55.04638612181194], [-1.444681335270287, 55.045955609478604], [-1.444623018167551, 55.045900026121316], [-1.443965818167551, 55.045322326121315], [-1.443920473090337, 55.04528477392715], [-1.442814373090338, 55.044422373927155], [-1.442793856474994, 55.04440679829605], [-1.442466956474994, 55.04416519829605], [-1.442378092034052, 55.044106568728246], [-1.442344998534688, 55.04408947864912], [-1.442334092750637, 55.044077479188545], [-1.442263471917565, 55.04401330012437], [-1.442187055209331, 55.043956144713036], [-1.442105538495914, 55.04390653342625], [-1.442019664089242, 55.04386491803702], [-1.441930213983501, 55.043831677505665], [-1.441549313983501, 55.04371047750566], [-1.441459144014323, 55.04368635739706], [-1.44136711791984, 55.04367074967734], [-1.441274037468471, 55.043663790327244], [-1.441180713614618, 55.04366553997945], [-1.441087959433305, 55.04367598339027], [-1.440996583036336, 55.043695029572504], [-1.440964154169641, 55.04370502080598], [-1.440808464603853, 55.04365381423781], [-1.440803195502707, 55.04364981266802], [-1.440716096647497, 55.04359671534554], [-1.440624041670263, 55.04355276745138], [-1.440527988452407, 55.043518426286965], [-1.440459622150505, 55.0434978509741], [-1.440385309608632, 55.04346183669866], [-1.440297392413103, 55.04342900548965], [-1.440234954647408, 55.04340897359123], [-1.440228355991531, 55.043402115557626], [-1.440151994696382, 55.043337218749095], [-1.440069521501872, 55.043280290589614], [-1.439981764656862, 55.04323190278838], [-1.439889605472031, 55.04319254128681], [-1.439585558841296, 55.04308034000803], [-1.439500048528985, 55.043041329591375], [-1.439459730950932, 55.043021647369464], [-1.439441037497802, 55.04301078162877], [-1.43939810266018, 55.04298333047541], [-1.439362682708942, 55.042959624208834], [-1.439307351987367, 55.04290031477899], [-1.439231416257465, 55.042833832023256], [-1.439149165941609, 55.0427753420461], [-1.439066365941609, 55.0427225420461], [-1.438960191004321, 55.042663582760845], [-1.438870291004321, 55.04262058276084], [-1.438800995658642, 55.0425905979107], [-1.438729195658642, 55.042562697910704], [-1.438695105619853, 55.04255015895588], [-1.438511091382374, 55.042486244619504], [-1.4384821414699, 55.04247423209957], [-1.438311726909886, 55.04233369801093], [-1.438306060480006, 55.0423290598831], [-1.438124260480006, 55.0421813598831], [-1.438099423526374, 55.042161824808986], [-1.437941923526374, 55.042041924808984], [-1.437885228597395, 55.04200179643502], [-1.437684128597395, 55.041869696435015], [-1.437641411899765, 55.041843149572294], [-1.437428511899765, 55.0417181495723], [-1.437357598919918, 55.041680262375515], [-1.437183298919918, 55.04159596237552], [-1.437142952787272, 55.04157754157857], [-1.436957152787272, 55.041497641578566], [-1.436881448326877, 55.04146866259776], [-1.436708448326877, 55.04141036259776], [-1.436667158076531, 55.04139743573558], [-1.436420158076531, 55.041325935735586], [-1.436371771161653, 55.0413132317135], [-1.436139971161653, 55.0412585317135], [-1.436087705767212, 55.041247662207944], [-1.435695505767212, 55.04117696220794], [-1.435680029289952, 55.041174297636275], [-1.435355968965148, 55.0411211209717], [-1.435130617873138, 55.041078045635665], [-1.434950206702912, 55.041037015379175], [-1.434758136804418, 55.04098927795264], [-1.434492268765895, 55.04091076366135], [-1.434124053680891, 55.040786527028665], [-1.433658740619628, 55.04060364097995], [-1.433501256787141, 55.040532475382946], [-1.433468829547291, 55.040507445193974], [-1.433382739454855, 55.04045395382628], [-1.433325467221762, 55.04042596494906], [-1.433255523082923, 55.04037894595963], [-1.433160909620814, 55.040329103420866], [-1.433061514662984, 55.04028964929256], [-1.432958474888768, 55.04026103477156], [-1.432852968659568, 55.04024358709313], [-1.432769968659568, 55.04023438709313], [-1.432708331701993, 55.04023066324036], [-1.432673304041493, 55.04020075990484], [-1.432635004041493, 55.04017145990484], [-1.432600342667074, 55.04014711617662], [-1.432607851123509, 55.04013274203312], [-1.432772689017177, 55.039884329151285], [-1.433004579939612, 55.03964102596199], [-1.43305794487069, 55.039580298228685], [-1.43311574487069, 55.03950889822869], [-1.433183294643095, 55.03941479065681], [-1.433216294643095, 55.0393626906568], [-1.433256159388358, 55.03929383788626], [-1.433290424326455, 55.03922203387563], [-1.433308924326455, 55.03917893387563], [-1.433350676351665, 55.03906217057344], [-1.433359376351665, 55.03903207057344], [-1.433385204322349, 55.03891813521914], [-1.433397568137724, 55.03880196514942], [-1.433398668137724, 55.03877886514942], [-1.433398398880207, 55.03867838236164], [-1.433388046906463, 55.038578433876005], [-1.433367716738957, 55.03848002885871], [-1.433337613648606, 55.03838416089174], [-1.433298041582195, 55.03829179794083], [-1.433268341582195, 55.03823109794083], [-1.433223130658557, 55.03814873919906], [-1.433170390041857, 55.03807098691734], [-1.433145590041857, 55.03803788691734], [-1.433060420607173, 55.03793849891474], [-1.433012720607173, 55.03788969891474], [-1.432951297356616, 55.037831943919116], [-1.432885227327667, 55.03777956829021], [-1.432841027327667, 55.03774746829021], [-1.43276196131333, 55.03769557422188], [-1.43267834650846, 55.037651381537444], [-1.43260144650846, 55.03761528153744], [-1.432598052199159, 55.03761369586272], [-1.432326152199159, 55.03748729586272], [-1.432218025563639, 55.03744448722836], [-1.432146825563639, 55.037420987228366], [-1.432035844293334, 55.03739130621972], [-1.431955544293334, 55.037374706219715], [-1.431856542089695, 55.037359364522004], [-1.431834024832112, 55.037357022727214], [-1.431839665858919, 55.03734628532447], [-1.431881783397117, 55.03725531232906], [-1.431927829984645, 55.03714116789315], [-1.431967690783593, 55.03708030395368], [-1.432029563028372, 55.03703145744464], [-1.432084661208161, 55.03699112376683], [-1.432348223476811, 55.0368246064771], [-1.432441308165644, 55.036758051665565], [-1.432526180001192, 55.036681298334926], [-1.432601727645991, 55.03659535151649], [-1.432622927645991, 55.03656825151649], [-1.432675909077985, 55.036493742297104], [-1.432721864147942, 55.03641470567613], [-1.432760408733244, 55.03633180229348], [-1.432791220652966, 55.03624572511002], [-1.432814042360872, 55.036157193615296], [-1.432828683098159, 55.036066947813616], [-1.432835020487943, 55.03597574203857], [-1.432835720487943, 55.03594614203857], [-1.432833544117254, 55.035852459053885], [-1.432822608074049, 55.03575939111544], [-1.432803008390327, 55.03566775547496], [-1.432800220291561, 55.035658882511704], [-1.432829578127808, 55.03563458570271], [-1.432907583692903, 55.035562727006244], [-1.432977539985888, 55.0354830109005], [-1.433090739985888, 55.0353393109005], [-1.433141548025351, 55.03526869885123], [-1.433186026985765, 55.035193938297084], [-1.433223840271779, 55.035115594989925], [-1.433254701730655, 55.03503426179417], [-1.433315801730655, 55.03484936179417], [-1.433341075153889, 55.03475527605307], [-1.433372558132129, 55.03466942156217], [-1.433380158132129, 55.03464522156217], [-1.433404837690418, 55.03455071590225], [-1.433420179699298, 55.034454253354504], [-1.433426037789862, 55.03435675421025], [-1.433422356073581, 55.03425914865037], [-1.433409169675502, 55.03416236787098], [-1.433386604399143, 55.034067335199445], [-1.433354875526273, 55.03397495728552], [-1.433314285763043, 55.03388611545148], [-1.433265222352045, 55.033801657283995], [-1.433208153377861, 55.03372238854778], [-1.433161248268731, 55.033669092072365], [-1.433142201991663, 55.033643009874446], [-1.433111880540546, 55.03360891896561], [-1.433067255212458, 55.03352807267312], [-1.433013450404005, 55.03344937991827], [-1.432952396941858, 55.03337616802143], [-1.432884649649788, 55.03330910229623], [-1.43281082418179, 55.033248792202926], [-1.432731591427328, 55.033195785809916], [-1.432716479263174, 55.03318764249459], [-1.432703196308848, 55.03315870368525], [-1.432607596308848, 55.03297340368525], [-1.432560249353309, 55.03289140831117], [-1.432505359721372, 55.032814258431884], [-1.432443419497248, 55.032742645694164], [-1.432374983973532, 55.03267721210446], [-1.432300666673023, 55.03261854427329], [-1.432221133848503, 55.03256716815635], [-1.432137098509803, 55.032523544339256], [-1.432049314031679, 55.03248806390847], [-1.431958567399833, 55.03246104494518], [-1.431865672155603, 55.03244272967375], [-1.431834522797604, 55.03243810776153], [-1.43169117989933, 55.03240205572474], [-1.431534918028005, 55.03236022033376], [-1.431415825434922, 55.03233598151249], [-1.431247625434922, 55.03231228151249], [-1.431179897292096, 55.03230508075573], [-1.430754797292096, 55.03227448075573], [-1.4306363468239, 55.03227298885222], [-1.430564389115761, 55.03227634956717], [-1.430665089762912, 55.03209866978454], [-1.430718204431495, 55.03199014935776], [-1.430757843759086, 55.031876015336735], [-1.430874043759086, 55.03146231533674], [-1.430897082387847, 55.03135992703298], [-1.430909263468263, 55.03125568805542], [-1.430910452836167, 55.03115074650709], [-1.430886052836167, 55.030558346507085], [-1.430877211967352, 55.03046063961213], [-1.430858839545613, 55.03036426922039], [-1.430773139545613, 55.03001016922039], [-1.430738394727053, 55.029896593400885], [-1.430690429212508, 55.02978793808069], [-1.430409129212508, 55.02924113808069], [-1.430333726111672, 55.029117491524794], [-1.429740426111672, 55.02828659152479], [-1.429680180812809, 55.02821034472424], [-1.429063479672452, 55.02750336911493], [-1.428151979886529, 55.02622993386475], [-1.428133251725381, 55.026157705914265], [-1.428101592013837, 55.02607012317235], [-1.428061921920396, 55.02598586548604], [-1.428014585506715, 55.025905663628485], [-1.427959993325014, 55.02583021319633], [-1.427898618857325, 55.02576016857675], [-1.427718218857325, 55.02557266857675], [-1.427654021241451, 55.02551160543893], [-1.427375916512406, 55.02526961820716], [-1.427357971276874, 55.02523287240244], [-1.427303953383056, 55.025136228634594], [-1.427239582995492, 55.02504614864835], [-1.427165649163219, 55.02496373663975], [-1.427083049163219, 55.02488133663975], [-1.42700400690778, 55.024810447321485], [-1.42687560690778, 55.024707047321485], [-1.426795006345239, 55.02464851030378], [-1.426708981789825, 55.02459828273176], [-1.426671508259696, 55.02457883783564], [-1.42650895506499, 55.024404417639644], [-1.426456148978428, 55.02435182964093], [-1.426399573133355, 55.024303320320776], [-1.426035673133355, 55.02401412032078], [-1.426032098821815, 55.024011292995034], [-1.425005698821815, 55.023203192995034], [-1.424941145626323, 55.023156413697436], [-1.424873071239433, 55.02311492519805], [-1.424801254785936, 55.02307499186034], [-1.424799137510593, 55.023071885954465], [-1.424739246696531, 55.02299964580062], [-1.424672848170247, 55.02293333754213], [-1.424600526607246, 55.02287354505964], [-1.424522918838625, 55.022820794858816], [-1.423811457782596, 55.02238455807974], [-1.423750239669201, 55.02232922632341], [-1.42367361016044, 55.02226656863248], [-1.423591161479632, 55.022211793794476], [-1.423503701464546, 55.02216543849698], [-1.423246101464547, 55.022044838496974], [-1.423163090663174, 55.022010433317455], [-1.422831990663174, 55.02189033331745], [-1.422710089473464, 55.02185469522773], [-1.422561789473464, 55.02182139522773], [-1.422452605229705, 55.02180315792901], [-1.422342074229446, 55.02179710019579], [-1.422231550897253, 55.02180329625833], [-1.422185950897253, 55.02180839625833], [-1.422089560253329, 55.021823973414], [-1.421995148252674, 55.02184887679023], [-1.421903615000801, 55.021882868963104], [-1.421815833157793, 55.021925625857904], [-1.421750051861615, 55.02196604178377], [-1.421713842983551, 55.02193610765896], [-1.421694342983551, 55.02192150765896], [-1.421607073166169, 55.02186305816699], [-1.421514153971154, 55.021814084834105], [-1.421416610516898, 55.021775127951926], [-1.421315518938311, 55.02174661730698], [-1.421229530090995, 55.02173187401622], [-1.421235139999029, 55.021675783805556], [-1.421241239999029, 55.02155438380556], [-1.421241698827535, 55.021464178717494], [-1.42123402700688, 55.021374299289356], [-1.421218286963962, 55.02128547688517], [-1.421194606778161, 55.021198434267816], [-1.421163179139136, 55.021113879717724], [-1.421121920525993, 55.02101655978291], [-1.421121441996207, 55.02101045490291], [-1.4211156243031, 55.02095566160899], [-1.4210875243031, 55.02074616160899], [-1.421084282088777, 55.0207238937544], [-1.421059813104511, 55.02056814956257], [-1.421061041747257, 55.020546863937255], [-1.421079275359621, 55.020513909970454], [-1.421160431923734, 55.02047996130771], [-1.421245381814919, 55.020434361171795], [-1.421325545438686, 55.02038079205912], [-1.421400177605498, 55.02031975194048], [-1.421468584545451, 55.020251808236026], [-1.421530130357452, 55.020177592540705], [-1.421584242920471, 55.02009779475294], [-1.421630419211893, 55.020013156661534], [-1.421668229983542, 55.01992446505], [-1.421697323751915, 55.01983254438286], [-1.421717430065519, 55.0197382491414], [-1.421728362018949, 55.01964245588067], [-1.421730017990337, 55.01954605508105], [-1.42172238258601, 55.019449942870544], [-1.42170552678359, 55.019355012694454], [-1.421679607272196, 55.01926214701007], [-1.421644864995884, 55.01917220908345], [-1.421601622913866, 55.01908603496466], [-1.421550282998328, 55.01900442571591], [-1.421491322497752, 55.018928139965084], [-1.421425289500485, 55.01885788685356], [-1.421352797839788, 55.01879431944416], [-1.421274521387729, 55.01873802865042], [-1.421191187790968, 55.01868953774345], [-1.421180902341576, 55.01868481384924], [-1.421140074095914, 55.01864468499507], [-1.421050645164233, 55.018574817269396], [-1.420934445164233, 55.0184942172694], [-1.420884419683815, 55.01846168485007], [-1.420773796833507, 55.01839435404077], [-1.420665651352681, 55.01829310393938], [-1.42058235398465, 55.01822321551165], [-1.420491961089772, 55.01816278399332], [-1.420383054993017, 55.01809825411112], [-1.420348024817547, 55.01806629129873], [-1.420240676359359, 55.017981059526576], [-1.420122176359359, 55.017899559526576], [-1.420024187538826, 55.0178401359805], [-1.419920043460418, 55.01779231362474], [-1.419725143460418, 55.017716013624735], [-1.419663347374015, 55.017694129159224], [-1.419352947374015, 55.01759552915923], [-1.41934664056295, 55.01759354869633], [-1.41920134056295, 55.01754844869633], [-1.419127970360083, 55.01752869765365], [-1.419053312307258, 55.01751457442795], [-1.418918712307258, 55.01749437442795], [-1.418772182349595, 55.01748330177162], [-1.418559682349595, 55.01748290177162], [-1.418447834322689, 55.01748896461487], [-1.418190234322689, 55.01751746461487], [-1.418114721388041, 55.01752875169847], [-1.418040289719798, 55.01754576723013], [-1.417711489719798, 55.01763426723013], [-1.41760454366295, 55.017669622391985], [-1.41750894366295, 55.017707322391985], [-1.417429386692299, 55.01774277311243], [-1.417353216242088, 55.01778501204796], [-1.417281010146316, 55.017833718771236], [-1.417244563959817, 55.01786322558848], [-1.417242135178165, 55.017864102488254], [-1.417210916586965, 55.017856110803564], [-1.417174037729422, 55.01784903549055], [-1.417156109041052, 55.017838275055844], [-1.41706979068792, 55.01779205898354], [-1.416979366404718, 55.01775450592195], [-1.416885703069467, 55.017725975884154], [-1.416789698612277, 55.017706742381435], [-1.416692273407087, 55.01769698980123], [-1.416661545474059, 55.017696933888296], [-1.416669321248794, 55.01767676550698], [-1.416672464727404, 55.01767582313173], [-1.417026520917924, 55.01766859147131], [-1.417108095254545, 55.01766358488531], [-1.417408495254545, 55.017632784885315], [-1.41750597658151, 55.01761790259385], [-1.417601518179903, 55.017593491639694], [-1.41769419099446, 55.01755978939721], [-1.417783093866233, 55.0175171235901], [-1.417867362295544, 55.01746590910457], [-1.417946176848458, 55.01740664395499], [-1.418065376848458, 55.01730744395499], [-1.418140569023476, 55.01723805837805], [-1.418208277791232, 55.017161352809545], [-1.418267794361351, 55.01707813022035], [-1.418318495701197, 55.016989261802955], [-1.418359851057913, 55.01689567785165], [-1.418391427514467, 55.016798358023955], [-1.41841289452152, 55.01669832108538], [-1.418424027357685, 55.016596614244754], [-1.41842470948197, 55.01649430219181], [-1.418414933753746, 55.01639245595178], [-1.4183948025075, 55.01629214167365], [-1.4182541025075, 55.01573934167365], [-1.418224429943974, 55.015643259018546], [-1.418127929943974, 55.015378759018546], [-1.418087810950485, 55.01528419025355], [-1.418038201721931, 55.01519423632426], [-1.417979625773834, 55.015109846495164], [-1.417969191147352, 55.01509769512814], [-1.417982454281797, 55.01509855832938], [-1.418001309039924, 55.01510423368911], [-1.41810667586204, 55.015123965956874], [-1.418213549501069, 55.01513230591341], [-1.418452649501069, 55.01513810591341], [-1.41857771932582, 55.01513330475099], [-1.41892211932582, 55.01509840475099], [-1.418940939198962, 55.015096317436424], [-1.420353464903855, 55.01492610140511], [-1.421603438407173, 55.01481105872803], [-1.422285894120841, 55.01476274995914], [-1.422804738803113, 55.01475761112861], [-1.423034025633372, 55.01477202875891], [-1.423494625106249, 55.01482912636431], [-1.424019744061286, 55.01491143706188], [-1.4240355620792, 55.014913787057665], [-1.4246231620792, 55.01499628705767], [-1.424736413819858, 55.01500566748118], [-1.425453613819858, 55.01502416748117], [-1.425532410010455, 55.01502309398095], [-1.425880910010455, 55.015004593980954], [-1.426015236332256, 55.0149882958305], [-1.426778781629709, 55.01484267801243], [-1.426802803444416, 55.014844338048874], [-1.426904700035361, 55.014840974176316], [-1.427005724549967, 55.01482725272109], [-1.428294906111232, 55.014584667465485], [-1.429689566907051, 55.01434426701309], [-1.429757582821851, 55.0143300938603], [-1.430022982821851, 55.0142650938603], [-1.430116229515592, 55.01423738531353], [-1.430206342826934, 55.01420074789308], [-1.430408942826935, 55.01410664789308], [-1.4305202120472, 55.01404612242385], [-1.4307289120472, 55.01391482242385], [-1.430802437094626, 55.01386383638334], [-1.430871110506683, 55.01380648246977], [-1.430934382517755, 55.01374321983039], [-1.431535882517755, 55.01308541983039], [-1.43156853305648, 55.013047879132145], [-1.432028180721759, 55.0124920478373], [-1.432232470915662, 55.012291482785756], [-1.432299636860603, 55.012218665255666], [-1.432359268499444, 55.01213955947524], [-1.432410780627744, 55.012054941761455], [-1.432727321393954, 55.01147176106369], [-1.432738788606697, 55.0114542454017], [-1.432787327721148, 55.01143135123927], [-1.432873507188666, 55.01137953776524], [-1.432954047379471, 55.011319331333866], [-1.433028133908466, 55.011251340724705], [-1.433095017646994, 55.01117625342729], [-1.433154022297677, 55.01109482868958], [-1.433204551232824, 55.01100788984081], [-1.433246093527251, 55.010916315966334], [-1.433278229124524, 55.01082103301875], [-1.433300633084371, 55.01072300445507], [-1.433313078868329, 55.01062322149473], [-1.433315440630397, 55.01052269309679], [-1.433309816296386, 55.01044989804038], [-1.433340355817309, 55.010425464658894], [-1.433508555817309, 55.010280264658896], [-1.433573663178942, 55.01021876168684], [-1.433633006525594, 55.010151680010374], [-1.433686109829622, 55.0100795577308], [-1.433732547118405, 55.010002973383045], [-1.433771945891327, 55.009922541294905], [-1.433787648173425, 55.0098864814659], [-1.4338793559194, 55.0098466707623], [-1.433997103510705, 55.00982576621456], [-1.434003511197468, 55.00983739724168], [-1.434056747384466, 55.00991552680627], [-1.434117123972149, 55.00998827973149], [-1.434184101295227, 55.01005500572838], [-1.434257080688923, 55.010115108378606], [-1.434335409840027, 55.01016805046542], [-1.434418388617484, 55.01021335877547], [-1.434580688617484, 55.010292258775465], [-1.434672673150531, 55.010331419271196], [-1.434768108121935, 55.01036119954955], [-1.434866039687911, 55.01038130196561], [-1.434965489051957, 55.010391525601776], [-1.43506546224764, 55.0103917682759], [-1.435164960072985, 55.01038202756252], [-1.435262988077204, 55.01036240081713], [-1.435358566499925, 55.01033308420314], [-1.435450740063607, 55.01029437073127], [-1.435538587521246, 55.010246647331016], [-1.43686885741459, 55.00943533594158], [-1.437176517637139, 55.00926244222143], [-1.437861475818403, 55.00903605493086], [-1.438187536434228, 55.008965513385306], [-1.438590019956147, 55.00887853855568], [-1.438668327617356, 55.008858269660394], [-1.439067027617356, 55.0087376696604], [-1.439153745550198, 55.00870701998681], [-1.439447141679977, 55.00858787632035], [-1.439659684885019, 55.00850634073229], [-1.439992163832928, 55.008393041432406], [-1.440327960831798, 55.00828849631224], [-1.440418051309066, 55.00825563219022], [-1.441235851309066, 55.00791203219023], [-1.441329136151909, 55.007867020115796], [-1.441417264658622, 55.00781260031192], [-1.441451717098234, 55.00778603701375], [-1.441912209398983, 55.00759214766389], [-1.441956291142268, 55.00762521834513], [-1.442038892858954, 55.00768097888777], [-1.442126634602353, 55.00772824058664], [-1.442218644896753, 55.00776653402522], [-1.442314009869988, 55.00779547886231], [-1.442470909869988, 55.00783467886231], [-1.442563831748548, 55.00785326652543], [-1.442658095848528, 55.00786297508815], [-1.442699695848528, 55.00786527508815], [-1.442799272304286, 55.00786581506426], [-1.44289840877483, 55.00785644904463], [-1.4429961222465, 55.007837269900506], [-1.443091443815758, 55.007808467807706], [-1.443183428296597, 55.007770328360934], [-1.443271163592788, 55.00772322974187], [-1.443353779742004, 55.00766763896922], [-1.443430457542161, 55.00760410726785], [-1.443500436674437, 55.00753326460301], [-1.443529936674437, 55.00750026460302], [-1.44359446308975, 55.00742014272455], [-1.44365041646669, 55.007333815479186], [-1.443697204640951, 55.00724219648316], [-1.443734332445159, 55.007146255356226], [-1.443761406949313, 55.00704700745999], [-1.443778141619233, 55.006945503152174], [-1.443784359349001, 55.0068428166705], [-1.443779994335302, 55.00674003476383], [-1.443765092773836, 55.00663824519094], [-1.443744992773836, 55.006537445190936], [-1.443739308443108, 55.00651479223709], [-1.443848423952955, 55.00635176785633], [-1.443913585230562, 55.00629481386087], [-1.443981528501935, 55.00622233673986], [-1.444022760422936, 55.00617372379597], [-1.444077203230228, 55.006140162461236], [-1.444152986109802, 55.006082853142935], [-1.444222987966014, 55.00601861029954], [-1.444244387966014, 55.00599701029954], [-1.444310255888055, 55.00592361795363], [-1.444368574706374, 55.00584409478077], [-1.444418777269324, 55.00575921414537], [-1.444436524937774, 55.00572106657954], [-1.444504525017896, 55.005634403609434], [-1.444560708178286, 55.00555515743465], [-1.444608937232507, 55.00547083387888], [-1.444648757066912, 55.00538222866167], [-1.444679791921482, 55.005290177906474], [-1.444701748935698, 55.005195550250605], [-1.444713413276138, 55.005106897046], [-1.444733408588232, 55.0050823587649], [-1.444789426170332, 55.00499718287281], [-1.444791485407309, 55.00499367437825], [-1.444825587059225, 55.00496018078114], [-1.444897527645471, 55.00487120133437], [-1.445190837873412, 55.004462656304], [-1.445299586987888, 55.00436861933626], [-1.445367934915303, 55.00430363892944], [-1.445429857584276, 55.00423250893915], [-1.445438485238184, 55.004221599591645], [-1.445447263955441, 55.00421075109552], [-1.445505864510656, 55.00413048350642], [-1.445556208318857, 55.00404479563151], [-1.445562250603372, 55.004031682142326], [-1.445568205435449, 55.00402361687696], [-1.44560235081388, 55.00396644294651], [-1.445641174680608, 55.00393401431354], [-1.445708458534391, 55.0038658801826], [-1.445768917084314, 55.003791622923565], [-1.445793917084314, 55.00375772292357], [-1.445847475184361, 55.00367722245845], [-1.445893008510808, 55.00359192585156], [-1.44593009138192, 55.00350263052338], [-1.445958377117539, 55.00341017127762], [-1.445977601280122, 55.003315412496825], [-1.445987584146915, 55.003219240061405], [-1.44598785793325, 55.003178404189164], [-1.446055097197011, 55.00310949428328], [-1.446117180513046, 55.00303170165618], [-1.446171223296788, 55.00294812289998], [-1.446216690198747, 55.002859585948435], [-1.446310690198747, 55.00265168594843], [-1.446346443385892, 55.00256110041057], [-1.446373215733498, 55.00246746670155], [-1.446390753331818, 55.002371672846294], [-1.446398889853741, 55.00227462735659], [-1.446397737463095, 55.00219099148494], [-1.446444130801749, 55.002050991798676], [-1.446444675813518, 55.00204954423196], [-1.446591810840092, 55.00190368922622], [-1.446657098700017, 55.001832389278476], [-1.446715196550279, 55.001755118151934], [-1.446765561397493, 55.00167259803702], [-1.446807722522366, 55.00158560018215], [-1.446841285879135, 55.001494937685585], [-1.446865937778384, 55.00140145789597], [-1.446881447818846, 55.00130603449294], [-1.446887671040782, 55.001209559321474], [-1.446884549280792, 55.00111293405657], [-1.446872111715432, 55.00101706177607], [-1.446850474588514, 55.00092283852023], [-1.446819840124677, 55.00083114491726], [-1.446780494639356, 55.000742837952714], [-1.446732805862822, 55.00065874296003], [-1.446677219503307, 55.000579645906754], [-1.446614255081334, 55.00050628604874], [-1.446585917929728, 55.000479093278294], [-1.446641201574842, 55.00024730580401], [-1.446957336332985, 54.99929736829038], [-1.44696025927999, 54.99928844568264], [-1.447104872984884, 54.99883988980118], [-1.447155213461579, 54.99882784177328], [-1.447246655474587, 54.9987963506533], [-1.447334627817742, 54.998756173555094], [-1.447418307656479, 54.99870768626842], [-1.447496912305453, 54.99865134231098], [-1.447569706549255, 54.99858766868653], [-1.447636009519128, 54.998517260955666], [-1.447695201061355, 54.99844077766527], [-1.447715201061355, 54.99841217766527], [-1.44776571525329, 54.99833212480571], [-1.447808433983349, 54.99824765437293], [-1.447842974485565, 54.99815952323417], [-1.447845715020071, 54.99814995056883], [-1.447900021815259, 54.9980923413334], [-1.448044876903982, 54.99799979776582], [-1.448303515748801, 54.99787076599386], [-1.448525375250339, 54.99776542046183], [-1.448939067627617, 54.99763596786537], [-1.44930763932844, 54.99755396549077], [-1.4498378582056, 54.99744739179087], [-1.449935698623839, 54.997422528545705], [-1.450030533751315, 54.99738792757755], [-1.450121397130037, 54.997343941502386], [-1.450207362777816, 54.997291018579155], [-1.450287554624893, 54.99722969814159], [-1.450361155441894, 54.99716060510187], [-1.450427415168163, 54.99708444358222], [-1.450485658555574, 54.997001989739225], [-1.450535292049937, 54.99691408385411], [-1.450575809839863, 54.99682162176944], [-1.450606799011457, 54.996725545759716], [-1.450627943756289, 54.99662683492866], [-1.45063902858978, 54.99652649523129], [-1.450639940547184, 54.99642554922229], [-1.450618840547184, 54.995916949222284], [-1.450610151347507, 54.99582053728488], [-1.450592180862133, 54.99572541722642], [-1.450565097488235, 54.99563248039452], [-1.450529155017716, 54.99554259767827], [-1.45048469025898, 54.99545661134741], [-1.45043211988078, 54.995375327159515], [-1.450371936507718, 54.99529950680952], [-1.450304704103971, 54.99522986079204], [-1.450231052688519, 54.99516704174343], [-1.450151672431384, 54.99511163832618], [-1.450067307186211, 54.99506416971263], [-1.449978747519792, 54.99502508071994], [-1.449886823303848, 54.99499473764183], [-1.449792395938501, 54.99497342481614], [-1.449696350280293, 54.9949613419603], [-1.449599586350409, 54.99495860229991], [-1.448902350962088, 54.99497262908581], [-1.449376726846227, 54.993941029271554], [-1.449826467852937, 54.99374382927421], [-1.449906094244975, 54.99370461399636], [-1.449981929692356, 54.993658492577836], [-1.450053376748234, 54.99360582837242], [-1.450119872538388, 54.99354703627926], [-1.450180893195665, 54.993482579474254], [-1.450194244626306, 54.99346715951211], [-1.45036683172654, 54.99332943849272], [-1.450419272315512, 54.993284543510136], [-1.450479547457643, 54.99322922330426], [-1.450586122761631, 54.99313122990678], [-1.450932497941714, 54.992813136370074], [-1.451000265546852, 54.99274459523866], [-1.451061119604763, 54.992669848207704], [-1.451114494760864, 54.992589589702156], [-1.451159895142072, 54.99250456535042], [-1.451196898963638, 54.99241556505722], [-1.451224473737278, 54.99232566111519], [-1.451495773848632, 54.992100423468784], [-1.45156328517891, 54.99210619231221], [-1.451658482906369, 54.99210524072785], [-1.451753158730417, 54.992095240669514], [-1.451846454555509, 54.992076282772835], [-1.451937524793737, 54.99204853886296], [-1.45202554402883, 54.992012260397175], [-1.452109714497321, 54.991967776185824], [-1.45218927331909, 54.991915489412115], [-1.452263499411735, 54.9918558739779], [-1.452310642016742, 54.99181416803982], [-1.452572804494496, 54.99166652605785], [-1.452656710385823, 54.991613627091745], [-1.452734962973321, 54.99155267603135], [-1.45284988534491, 54.99145362529164], [-1.453459233412402, 54.990935063931175], [-1.453486887893376, 54.990938745548405], [-1.453590100863333, 54.99094174456786], [-1.45369307286489, 54.990934084399434], [-1.453794706019703, 54.99091584671515], [-1.453893916724089, 54.99088722596358], [-1.453989647202322, 54.99084852729665], [-1.454080876784535, 54.9908001633161], [-1.455488175897628, 54.98995827846738], [-1.455775295311383, 54.98980899493598], [-1.456415266393933, 54.98957554535101], [-1.456931612375004, 54.98949613835742], [-1.45754755227016, 54.989598830888], [-1.458260766200772, 54.98984767867585], [-1.458359930821317, 54.98987662697288], [-1.458461552788386, 54.989895190422935], [-1.458564547630365, 54.98990317092382], [-1.458667816224836, 54.98990048331061], [-1.458770256527994, 54.989887156264516], [-1.45887077533525, 54.989863332006784], [-1.458968299947502, 54.98982926478098], [-1.459214565374874, 54.9897286852957], [-1.459824720956811, 54.98957438791896], [-1.4641080876231, 54.98971823196601], [-1.46543869079577, 54.989939458808536], [-1.465515531398826, 54.98994919357305], [-1.465592894947581, 54.98995295192932], [-1.466146659205192, 54.98995838187791], [-1.466295192040744, 54.98997718937535], [-1.466330985452726, 54.98999879737982], [-1.466424669507278, 54.99004876875353], [-1.466523123867415, 54.99008852525285], [-1.466625238574411, 54.99011761866935], [-1.466729862403369, 54.99013572100849], [-1.466835815841953, 54.9901426281874], [-1.468170082063285, 54.99015861939304], [-1.468615348302383, 54.99016460952183], [-1.46861644139335, 54.99016462362951], [-1.469506455261717, 54.99017562380081], [-1.470397455261718, 54.99018662380081], [-1.470429926944354, 54.99018649743254], [-1.471895326944354, 54.99015699743254], [-1.471966474989978, 54.99015302572582], [-1.473436074989978, 54.99001832572581], [-1.473458862262942, 54.99001597360316], [-1.473687062262942, 54.989989773603156], [-1.473781322068789, 54.98997436028222], [-1.473873681460425, 54.989950024624484], [-1.473963297891014, 54.98991698863155], [-1.474049353836327, 54.98987555367364], [-1.4741310642526, 54.9898260977404], [-1.474207683738074, 54.98976907199265], [-1.474278513332915, 54.98970499664672], [-1.474342906895455, 54.98963445622878], [-1.474400276996616, 54.98955809424246], [-1.474450100278712, 54.98947660729859], [-1.474491922229777, 54.98939073876029], [-1.474525361329836, 54.989301271961715], [-1.47455011253132, 54.98920902306207], [-1.474565950041853, 54.98911483360023], [-1.474572729384037, 54.98901956281782], [-1.474570388713449, 54.9889240798208], [-1.474558949382815, 54.98882925565101], [-1.4744599693194007, 54.988245043535926], [-1.4829675951041281, 54.988022133627965], [-1.4879544554278255, 54.988022133627965], [-1.501668321317993, 54.988740772801975], [-1.5024475182435708, 54.98918992228573], [-1.503382554554264, 54.98918992228573], [-1.5041617514798418, 54.988740772801975], [-1.5079018967226148, 54.988022133627965], [-1.5103953268844634, 54.988022133627965], [-1.5178756173700094, 54.987303494453954], [-1.5253559078555554, 54.98586621610593], [-1.527849338017404, 54.98514757693192], [-1.5290960530983284, 54.98514757693192], [-1.5308102863345994, 54.98415944806766]]], [[[-1.3981909696012735, 54.99026788104675], [-1.3989275844635864, 54.99069248511572], [-1.398892935103823, 54.99069865526859], [-1.398868745499982, 54.99069910097523], [-1.398828494834564, 54.99070396239816], [-1.398818988416092, 54.99070401574506], [-1.398764332391945, 54.990705817744384], [-1.398737832391945, 54.99070741774439], [-1.398630781209426, 54.990719697153715], [-1.398576809067278, 54.99073188045564], [-1.398555627200373, 54.990729613131386], [-1.398466133934878, 54.99072808277884], [-1.398376862312924, 54.99073456074625], [-1.398330294437816, 54.99074217019291], [-1.398290922287208, 54.9907389763678], [-1.398270335648794, 54.990726544851334], [-1.398186549195771, 54.99068605437846], [-1.398099361672921, 54.99065352771305], [-1.398009528093509, 54.99062924652458], [-1.397966528093509, 54.99061974652457], [-1.39787747798354, 54.990604256106174], [-1.397787392930262, 54.99059686974555], [-1.397697008917312, 54.99059764778833], [-1.397679661591003, 54.99059937126429], [-1.3976391740914522, 54.99058595040796], [-1.3981909696012735, 54.99026788104675]]]]}}, {"type": "Feature", "properties": {"band_id": "under_30", "order": 3}, "geometry": {"type": "MultiPolygon", "coordinates": [[[[-1.6434003954927903, 55.03081262949854], [-1.6434003954927903, 55.03189058182761], [-1.642464518226916, 55.032429557992145], [-1.642464518226916, 55.03296853415668], [-1.6401248250622302, 55.03431597456802], [-1.639188947796356, 55.03431597456802], [-1.6387210091634188, 55.03404648648575], [-1.6387210091634188, 55.03296853415668], [-1.6377851318975445, 55.032429557992145], [-1.6387210091634188, 55.03189058182761], [-1.6382530705304816, 55.03162109374534], [-1.636381315998733, 55.03162109374534], [-1.635913377365796, 55.031351605663076], [-1.635913377365796, 55.03027365333401], [-1.6373171932646073, 55.029465189087205], [-1.639188947796356, 55.029465189087205], [-1.6401248250622302, 55.02892621292267], [-1.6410607023281045, 55.02892621292267], [-1.6419965795939788, 55.028387236758135], [-1.6438683341257274, 55.028387236758135], [-1.6443362727586646, 55.0286567248404], [-1.6443362727586646, 55.02919570100494], [-1.6452721500245389, 55.02973467716947], [-1.6434003954927903, 55.03081262949854]]], [[[-1.6780278543301392, 54.96290163276717], [-1.6780278543301392, 54.9618236804381], [-1.6784957929630764, 54.961554192355834], [-1.6789637315960135, 54.9618236804381], [-1.6789637315960135, 54.962362656602636], [-1.6794316702289507, 54.9626321446849], [-1.6798996088618878, 54.96290163276717], [-1.6784957929630764, 54.96371009701397], [-1.677559915697202, 54.96377746903454], [-1.6756881611654535, 54.964316445199074], [-1.671008774836082, 54.96377746903454], [-1.664457633974962, 54.963238492870005], [-1.6625858794432133, 54.96269951670547], [-1.6597782476455905, 54.962160540540935], [-1.6504194749868475, 54.95946565971826], [-1.6476118431892246, 54.95946565971826], [-1.6438683341257274, 54.95892668355373], [-1.6382530705304816, 54.95784873122466], [-1.6345095614669845, 54.95730975506012], [-1.6326378069352359, 54.95730975506012], [-1.6279584206058644, 54.95838770738919], [-1.6260866660741158, 54.95892668355373], [-1.623279034276493, 54.9600046358828], [-1.6185996479471214, 54.961082588211866], [-1.6101767525542527, 54.96593337369268], [-1.6083049980225042, 54.96647234985721], [-1.6036256116931327, 54.96862825451535], [-1.5998821026296355, 54.969167230679886], [-1.598010348097887, 54.96970620684442], [-1.5954485586865235, 54.970075043518214], [-1.598010348097887, 54.97064941513236], [-1.6054973662248813, 54.96849351047422], [-1.6083049980225042, 54.966876581980614], [-1.6120485070860013, 54.965798629651545], [-1.6185996479471214, 54.96310374882887], [-1.623279034276493, 54.96094784417073], [-1.62702254333999, 54.95986989184166], [-1.639188947796356, 54.95986989184166], [-1.6429324568598531, 54.9604088680062], [-1.648547720455099, 54.96148682033527], [-1.6504194749868475, 54.9620257964998], [-1.6560347385820933, 54.96310374882887], [-1.6579064931138419, 54.963642724993406], [-1.6625858794432133, 54.96418170115794], [-1.673816406633705, 54.96525965348701], [-1.6831751792924479, 54.965798629651545], [-1.6850469338241965, 54.96586600167211], [-1.685631857115368, 54.96613548975438], [-1.6878545656218193, 54.966876581980614], [-1.6887904428876936, 54.96741555814515], [-1.6906621974194422, 54.96795453430968], [-1.6911301360523794, 54.96829139441252], [-1.6911301360523794, 54.970447299070656], [-1.6915980746853165, 54.970716787152924], [-1.693001890584128, 54.971525251399726], [-1.693001890584128, 54.972603203728795], [-1.6925339519511908, 54.97287269181106], [-1.6915980746853165, 54.97233371564653], [-1.6906621974194422, 54.97233371564653], [-1.690194258786505, 54.972603203728795], [-1.690194258786505, 54.97314217989333], [-1.6883225042547565, 54.9742201322224], [-1.6883225042547565, 54.974759108386934], [-1.6873866269888822, 54.97529808455147], [-1.6883225042547565, 54.975837060716], [-1.6873866269888822, 54.97637603688054], [-1.6873866269888822, 54.97691501304507], [-1.686450749723008, 54.97745398920961], [-1.686450749723008, 54.97799296537414], [-1.686918688355945, 54.97826245345641], [-1.6878545656218193, 54.97826245345641], [-1.6883225042547565, 54.97853194153868], [-1.6883225042547565, 54.97907091770321], [-1.6878545656218193, 54.97934040578548], [-1.6850469338241965, 54.977723477291875], [-1.6841110565583222, 54.977723477291875], [-1.6831751792924479, 54.97826245345641], [-1.6822393020265736, 54.977723477291875], [-1.6813034247606993, 54.977723477291875], [-1.6808354861277621, 54.97745398920961], [-1.6817713633936364, 54.97691501304507], [-1.6813034247606993, 54.976645524962805], [-1.680367547494825, 54.976645524962805], [-1.6798996088618878, 54.97691501304507], [-1.6798996088618878, 54.97907091770321], [-1.680367547494825, 54.97934040578548], [-1.6813034247606993, 54.97934040578548], [-1.6817713633936364, 54.97907091770321], [-1.6808354861277621, 54.97853194153868], [-1.6813034247606993, 54.97826245345641], [-1.6822393020265736, 54.978801429620944], [-1.6831751792924479, 54.978801429620944], [-1.6845789951912593, 54.979609893867746], [-1.6845789951912593, 54.980687846196815], [-1.6841110565583222, 54.98095733427908], [-1.6831751792924479, 54.98095733427908], [-1.6827072406595107, 54.98122682236135], [-1.6841110565583222, 54.98203528660815], [-1.6859828110900708, 54.98095733427908], [-1.686918688355945, 54.98149631044362], [-1.6887904428876936, 54.98041835811455], [-1.6892583815206308, 54.980687846196815], [-1.6892583815206308, 54.98122682236135], [-1.6883225042547565, 54.981765798525885], [-1.6883225042547565, 54.98230477469042], [-1.6887904428876936, 54.98257426277269], [-1.689726320153568, 54.98203528660815], [-1.690194258786505, 54.98230477469042], [-1.6892583815206308, 54.982843750854954], [-1.6892583815206308, 54.98446067934856], [-1.6883225042547565, 54.98499965551309], [-1.6883225042547565, 54.98607760784216], [-1.6873866269888822, 54.9866165840067], [-1.6873866269888822, 54.98715556017123], [-1.6883225042547565, 54.987694536335766], [-1.6873866269888822, 54.9882335125003], [-1.6873866269888822, 54.98931146482937], [-1.6859828110900708, 54.99011992907617], [-1.6850469338241965, 54.98958095291164], [-1.6845789951912593, 54.989850440993905], [-1.6845789951912593, 54.99038941715844], [-1.6855148724571336, 54.990928393322974], [-1.6855148724571336, 54.99146736948751], [-1.6845789951912593, 54.992006345652044], [-1.6850469338241965, 54.99227583373431], [-1.6878545656218193, 54.99227583373431], [-1.6883225042547565, 54.99254532181658], [-1.686918688355945, 54.99335378606338], [-1.6831751792924479, 54.99335378606338], [-1.6817713633936364, 54.99416225031018], [-1.6817713633936364, 54.99470122647472], [-1.6822393020265736, 54.994970714556985], [-1.6841110565583222, 54.993892762227915], [-1.6845789951912593, 54.99416225031018], [-1.683643117925385, 54.99470122647472], [-1.6845789951912593, 54.99524020263925], [-1.683643117925385, 54.99577917880379], [-1.683643117925385, 54.99631815496832], [-1.6845789951912593, 54.996857131132856], [-1.6841110565583222, 54.99712661921512], [-1.6831751792924479, 54.99712661921512], [-1.6822393020265736, 54.99766559537966], [-1.680367547494825, 54.99658764305059], [-1.6798996088618878, 54.996857131132856], [-1.6798996088618878, 54.997935083461925], [-1.6794316702289507, 54.99820457154419], [-1.6789637315960135, 54.997935083461925], [-1.6789637315960135, 54.99739610729739], [-1.6784957929630764, 54.99712661921512], [-1.677559915697202, 54.99712661921512], [-1.677091977064265, 54.99739610729739], [-1.6780278543301392, 54.997935083461925], [-1.677559915697202, 54.99820457154419], [-1.6766240384313278, 54.99820457154419], [-1.6761560997983906, 54.99847405962646], [-1.6761560997983906, 54.999013035790995], [-1.6752202225325163, 54.99955201195553], [-1.6752202225325163, 55.000090988120064], [-1.674284345266642, 55.0006299642846], [-1.674284345266642, 55.00116894044913], [-1.6756881611654535, 55.001977404695936], [-1.677559915697202, 55.000899452366866], [-1.6780278543301392, 55.00116894044913], [-1.6756881611654535, 55.00251638086047], [-1.6747522838995792, 55.00251638086047], [-1.673816406633705, 55.003055357025005], [-1.6733484680007678, 55.00278586894274], [-1.6733484680007678, 55.0022468927782], [-1.6728805293678306, 55.001977404695936], [-1.6719446521019563, 55.001977404695936], [-1.6714767134690192, 55.0022468927782], [-1.6714767134690192, 55.00278586894274], [-1.6705408362031449, 55.00332484510727], [-1.6705408362031449, 55.00386382127181], [-1.6696049589372706, 55.00440279743634], [-1.6696049589372706, 55.004941773600876], [-1.6705408362031449, 55.00548074976541], [-1.6700728975702077, 55.00575023784768], [-1.6691370203043334, 55.005211261683144], [-1.6686690816713963, 55.00548074976541], [-1.6686690816713963, 55.006019725929946], [-1.6682011430384591, 55.00628921401221], [-1.6672652657725848, 55.00628921401221], [-1.664925572607899, 55.00763665442355], [-1.664925572607899, 55.008175630588084], [-1.6630538180761505, 55.009253582917154], [-1.6630538180761505, 55.00979255908169], [-1.6621179408102762, 55.01033153524622], [-1.6635217567090876, 55.011139999493025], [-1.664457633974962, 55.01060102332849], [-1.6653935112408362, 55.01060102332849], [-1.6658614498737734, 55.01087051141076], [-1.664925572607899, 55.01140948757529], [-1.664925572607899, 55.01194846373983], [-1.6653935112408362, 55.012217951822095], [-1.6663293885067105, 55.012217951822095], [-1.667733204405522, 55.0130264160689], [-1.6672652657725848, 55.013295904151164], [-1.6663293885067105, 55.013295904151164], [-1.6658614498737734, 55.01356539223343], [-1.6686690816713963, 55.015182320727035], [-1.667733204405522, 55.01572129689157], [-1.6682011430384591, 55.01599078497384], [-1.6691370203043334, 55.01599078497384], [-1.6696049589372706, 55.016260273056105], [-1.667733204405522, 55.017338225385174], [-1.667733204405522, 55.01787720154971], [-1.6667973271396477, 55.01841617771424], [-1.6667973271396477, 55.01949413004331], [-1.6663293885067105, 55.01976361812558], [-1.6653935112408362, 55.01976361812558], [-1.664925572607899, 55.02003310620785], [-1.664925572607899, 55.02111105853692], [-1.664457633974962, 55.021380546619184], [-1.6635217567090876, 55.021380546619184], [-1.6630538180761505, 55.02165003470145], [-1.6630538180761505, 55.02272798703052], [-1.6625858794432133, 55.02299747511279], [-1.6597782476455905, 55.02299747511279], [-1.6569706158479676, 55.02461440360639], [-1.6560347385820933, 55.02461440360639], [-1.655098861316219, 55.02407542744186], [-1.6546309226832818, 55.024344915524125], [-1.6546309226832818, 55.02488389168866], [-1.6541629840503447, 55.02515337977093], [-1.652291229518596, 55.02515337977093], [-1.651823290885659, 55.025422867853194], [-1.651823290885659, 55.02596184401773], [-1.6513553522527218, 55.0262313321], [-1.6504194749868475, 55.0262313321], [-1.6494835977209732, 55.02677030826453], [-1.648547720455099, 55.02677030826453], [-1.6466759659233503, 55.02569235593546], [-1.645740088657476, 55.0262313321], [-1.6452721500245389, 55.02596184401773], [-1.6452721500245389, 55.025422867853194], [-1.6448042113916017, 55.02515337977093], [-1.6438683341257274, 55.02515337977093], [-1.642464518226916, 55.02596184401773], [-1.642464518226916, 55.026500820182264], [-1.6419965795939788, 55.02677030826453], [-1.6401248250622302, 55.02677030826453], [-1.636381315998733, 55.02892621292267], [-1.6345095614669845, 55.02892621292267], [-1.6340416228340473, 55.02919570100494], [-1.6340416228340473, 55.031351605663076], [-1.6335736842011102, 55.03162109374534], [-1.6307660524034873, 55.03162109374534], [-1.6302981137705501, 55.03189058182761], [-1.6302981137705501, 55.03296853415668], [-1.6307660524034873, 55.03323802223895], [-1.6317019296693616, 55.03269904607441], [-1.6321698683022987, 55.03296853415668], [-1.6321698683022987, 55.03404648648575], [-1.633105745568173, 55.034585462650284], [-1.6307660524034873, 55.03593290306162], [-1.6279584206058644, 55.03593290306162], [-1.6274904819729272, 55.03620239114389], [-1.6274904819729272, 55.03674136730842], [-1.626554604707053, 55.03728034347296], [-1.626554604707053, 55.03781931963749], [-1.6260866660741158, 55.03808880771976], [-1.6242149115423672, 55.03808880771976], [-1.62374697290943, 55.03835829580203], [-1.62374697290943, 55.03889727196656], [-1.6246828501753043, 55.039436248131096], [-1.6218752183776814, 55.0410531766247], [-1.6218752183776814, 55.04213112895377], [-1.6214072797447443, 55.04240061703604], [-1.6209393411118072, 55.04213112895377], [-1.6209393411118072, 55.0410531766247], [-1.62047140247887, 55.04078368854243], [-1.6200034638459329, 55.0410531766247], [-1.6200034638459329, 55.042670105118304], [-1.6190675865800586, 55.04320908128284], [-1.6190675865800586, 55.043748057447374], [-1.6185996479471214, 55.04401754552964], [-1.6181317093141843, 55.043748057447374], [-1.6181317093141843, 55.04320908128284], [-1.61719583204831, 55.042670105118304], [-1.61719583204831, 55.04213112895377], [-1.6167278934153728, 55.0418616408715], [-1.6157920161494985, 55.04240061703604], [-1.6148561388836242, 55.04240061703604], [-1.61392026161775, 55.04293959320057], [-1.6120485070860013, 55.04293959320057], [-1.611112629820127, 55.04347856936511], [-1.6054973662248813, 55.04347856936511], [-1.604561488959007, 55.04293959320057], [-1.6026897344272584, 55.04293959320057], [-1.601285918528447, 55.043748057447374], [-1.601285918528447, 55.04428703361191], [-1.601753857161384, 55.044556521694176], [-1.6036256116931327, 55.044556521694176], [-1.604561488959007, 55.04509549785871], [-1.6083049980225042, 55.04509549785871], [-1.6087729366554413, 55.04536498594098], [-1.6087729366554413, 55.04644293827005], [-1.6083049980225042, 55.046712426352315], [-1.6073691207566299, 55.04617345018778], [-1.6036256116931327, 55.04617345018778], [-1.6026897344272584, 55.045634474023245], [-1.601753857161384, 55.045634474023245], [-1.601285918528447, 55.04590396210551], [-1.601285918528447, 55.04698191443458], [-1.5998821026296355, 55.047790378681384], [-1.5989462253637612, 55.047790378681384], [-1.598010348097887, 55.04725140251685], [-1.5975424094649497, 55.04752089059912], [-1.5975424094649497, 55.048598842928186], [-1.5970744708320126, 55.04886833101045], [-1.5961385935661383, 55.04886833101045], [-1.595202716300264, 55.04940730717499], [-1.5942668390343897, 55.04940730717499], [-1.5933309617685154, 55.04886833101045], [-1.591927145869704, 55.049676795257255], [-1.591927145869704, 55.05129372375086], [-1.5928630231355783, 55.051832699915394], [-1.5914592072367668, 55.052641164162196], [-1.5909912686038297, 55.05237167607993], [-1.5909912686038297, 55.051832699915394], [-1.585843943641521, 55.04886833101045], [-1.5853760050085839, 55.04913781909272], [-1.5853760050085839, 55.05021577142179], [-1.5849080663756467, 55.05048525950406], [-1.5839721891097724, 55.05048525950406], [-1.5835042504768353, 55.05021577142179], [-1.5844401277427096, 55.049676795257255], [-1.5844401277427096, 55.04913781909272], [-1.5830363118438981, 55.04832935484592], [-1.5821004345780239, 55.04832935484592], [-1.5816324959450867, 55.048598842928186], [-1.5816324959450867, 55.04913781909272], [-1.5802286800462753, 55.04994628333952], [-1.579292802780401, 55.04994628333952], [-1.5783569255145267, 55.05048525950406], [-1.5774210482486524, 55.05048525950406], [-1.576485170982778, 55.05102423566859], [-1.5755492937169038, 55.05102423566859], [-1.5750813550839666, 55.050754747586325], [-1.5750813550839666, 55.048598842928186], [-1.5755492937169038, 55.04832935484592], [-1.576485170982778, 55.04832935484592], [-1.5769531096157152, 55.04805986676365], [-1.576485170982778, 55.047790378681384], [-1.5746134164510295, 55.047790378681384], [-1.5736775391851552, 55.04832935484592], [-1.5727416619192809, 55.047790378681384], [-1.5718057846534066, 55.047790378681384], [-1.5708699073875323, 55.04725140251685], [-1.5689981528557837, 55.04725140251685], [-1.5685302142228466, 55.04698191443458], [-1.5685302142228466, 55.04644293827005], [-1.567126398324035, 55.045634474023245], [-1.5652546437922865, 55.045634474023245], [-1.5647867051593494, 55.04590396210551], [-1.5647867051593494, 55.04698191443458], [-1.5657225824252237, 55.04752089059912], [-1.5657225824252237, 55.04805986676365], [-1.5652546437922865, 55.04832935484592], [-1.5643187665264122, 55.04832935484592], [-1.563850827893475, 55.04805986676365], [-1.563850827893475, 55.04752089059912], [-1.5615111347287893, 55.04617345018778], [-1.560575257462915, 55.04617345018778], [-1.5596393801970407, 55.045634474023245], [-1.5577676256652921, 55.045634474023245], [-1.5554279325006064, 55.04428703361191], [-1.5554279325006064, 55.043748057447374], [-1.5563638097664807, 55.04320908128284], [-1.5563638097664807, 55.042670105118304], [-1.5549599938676693, 55.0418616408715], [-1.554024116601795, 55.0418616408715], [-1.5530882393359207, 55.04132266470697], [-1.5521523620700464, 55.04132266470697], [-1.551216484804172, 55.04078368854243], [-1.5493447302724235, 55.04078368854243], [-1.5484088530065492, 55.0402447123779], [-1.5465370984748006, 55.0402447123779], [-1.5456012212089263, 55.039705736213364], [-1.544665343943052, 55.039705736213364], [-1.5432615280442405, 55.03889727196656], [-1.5432615280442405, 55.03835829580203], [-1.5423256507783663, 55.03781931963749], [-1.5423256507783663, 55.03728034347296], [-1.5404538962466177, 55.03620239114389], [-1.5404538962466177, 55.03566341497935], [-1.5399859576136805, 55.035393926897086], [-1.538114203081932, 55.035393926897086], [-1.5376462644489948, 55.03566341497935], [-1.5376462644489948, 55.03674136730842], [-1.538114203081932, 55.03701085539069], [-1.5399859576136805, 55.03701085539069], [-1.5404538962466177, 55.03728034347296], [-1.5404538962466177, 55.03835829580203], [-1.5432615280442405, 55.03997522429563], [-1.5432615280442405, 55.041592152789235], [-1.5427935894113034, 55.0418616408715], [-1.541857712145429, 55.0418616408715], [-1.5404538962466177, 55.042670105118304], [-1.5404538962466177, 55.04320908128284], [-1.5399859576136805, 55.04347856936511], [-1.538114203081932, 55.04347856936511], [-1.5376462644489948, 55.04320908128284], [-1.5376462644489948, 55.042670105118304], [-1.538582141714869, 55.04213112895377], [-1.538582141714869, 55.041592152789235], [-1.5376462644489948, 55.0410531766247], [-1.5376462644489948, 55.040514200460166], [-1.538114203081932, 55.0402447123779], [-1.5390500803478062, 55.0402447123779], [-1.5395180189807434, 55.03997522429563], [-1.5395180189807434, 55.039436248131096], [-1.5390500803478062, 55.03916676004883], [-1.538114203081932, 55.03916676004883], [-1.5371783258160576, 55.039705736213364], [-1.5362424485501833, 55.039705736213364], [-1.535306571284309, 55.0402447123779], [-1.5348386326513719, 55.03997522429563], [-1.535306571284309, 55.0396383641928], [-1.5349556173096062, 55.03889727196656], [-1.5343706940184347, 55.03916676004883], [-1.5339027553854976, 55.03889727196656], [-1.5339027553854976, 55.03835829580203], [-1.5334348167525604, 55.03808880771976], [-1.5315630622208118, 55.03808880771976], [-1.5306271849549375, 55.038627783884294], [-1.528755430423189, 55.038627783884294], [-1.5282874917902518, 55.03889727196656], [-1.5282874917902518, 55.03997522429563], [-1.529223369056126, 55.040514200460166], [-1.5282874917902518, 55.0410531766247], [-1.529223369056126, 55.041592152789235], [-1.529223369056126, 55.04213112895377], [-1.528755430423189, 55.04240061703604], [-1.5278195531573147, 55.0418616408715], [-1.5268836758914404, 55.0418616408715], [-1.525947798625566, 55.04132266470697], [-1.5250119213596918, 55.04132266470697], [-1.5240760440938175, 55.04078368854243], [-1.5222042895620689, 55.04078368854243], [-1.5212684122961946, 55.04132266470697], [-1.5203325350303203, 55.04132266470697], [-1.5198645963973831, 55.0410531766247], [-1.5198645963973831, 55.040514200460166], [-1.519396657764446, 55.0402447123779], [-1.516589025966823, 55.0402447123779], [-1.5151852100680117, 55.039436248131096], [-1.5151852100680117, 55.03889727196656], [-1.5147172714350745, 55.038627783884294], [-1.512845516903326, 55.038627783884294], [-1.5109737623715773, 55.039705736213364], [-1.5105058237386402, 55.039436248131096], [-1.5105058237386402, 55.03889727196656], [-1.5091020078398287, 55.03808880771976], [-1.5081661305739544, 55.038627783884294], [-1.5076981919410173, 55.03835829580203], [-1.5076981919410173, 55.03781931963749], [-1.506762314675143, 55.03728034347296], [-1.506762314675143, 55.03674136730842], [-1.5058264374092687, 55.03620239114389], [-1.506762314675143, 55.03566341497935], [-1.506762314675143, 55.03512443881482], [-1.5048905601433944, 55.03404648648575], [-1.5053584987763315, 55.03377699840348], [-1.5062943760422058, 55.03377699840348], [-1.506762314675143, 55.033507510321215], [-1.5062943760422058, 55.03323802223895], [-1.5053584987763315, 55.03323802223895], [-1.5048905601433944, 55.03296853415668], [-1.5048905601433944, 55.03189058182761], [-1.5058264374092687, 55.031351605663076], [-1.5058264374092687, 55.03081262949854], [-1.5048905601433944, 55.03027365333401], [-1.5053584987763315, 55.03000416525174], [-1.5072302533080801, 55.03000416525174], [-1.5076981919410173, 55.02973467716947], [-1.506762314675143, 55.02919570100494], [-1.506762314675143, 55.02811774867587], [-1.5062943760422058, 55.0278482605936], [-1.5058264374092687, 55.02811774867587], [-1.5058264374092687, 55.02919570100494], [-1.5053584987763315, 55.029465189087205], [-1.5044226215104572, 55.029465189087205], [-1.50395468287752, 55.02919570100494], [-1.50395468287752, 55.02811774867587], [-1.503486744244583, 55.0278482605936], [-1.5025508669787087, 55.0278482605936], [-1.5016149897128344, 55.028387236758135], [-1.4997432351810858, 55.027309284429066], [-1.4978714806493372, 55.027309284429066], [-1.4969356033834629, 55.02677030826453], [-1.4950638488517143, 55.02677030826453], [-1.49412797158584, 55.0262313321], [-1.4922562170540914, 55.0262313321], [-1.491320339788217, 55.02569235593546], [-1.4903844625223428, 55.02569235593546], [-1.4894485852564685, 55.0262313321], [-1.4889806466235314, 55.02596184401773], [-1.4889806466235314, 55.025422867853194], [-1.4885127079905942, 55.02515337977093], [-1.48757683072472, 55.02569235593546], [-1.4866409534588456, 55.02569235593546], [-1.4857050761929713, 55.0262313321], [-1.4852371375600342, 55.02596184401773], [-1.4852371375600342, 55.025422867853194], [-1.484769198927097, 55.02515337977093], [-1.4819615671294741, 55.02515337977093], [-1.4810256898635998, 55.02461440360639], [-1.4800898125977255, 55.02461440360639], [-1.4796218739647884, 55.024344915524125], [-1.4796218739647884, 55.022189010865986], [-1.4735386717366055, 55.01868566579651], [-1.472134855837794, 55.01949413004331], [-1.4726027944707312, 55.01976361812558], [-1.4735386717366055, 55.01976361812558], [-1.4740066103695426, 55.02003310620785], [-1.4735386717366055, 55.020302594290115], [-1.4697951626731083, 55.020302594290115], [-1.4693272240401711, 55.02003310620785], [-1.4693272240401711, 55.01895515387878], [-1.468859285407234, 55.01868566579651], [-1.466051653609611, 55.01868566579651], [-1.465583714976674, 55.01841617771424], [-1.465583714976674, 55.017338225385174], [-1.4651157763437368, 55.01706873730291], [-1.4641798990778625, 55.01706873730291], [-1.4632440218119882, 55.01760771346744], [-1.462776083179051, 55.017338225385174], [-1.462776083179051, 55.01572129689157], [-1.462308144546114, 55.0154518088093], [-1.4613722672802396, 55.0154518088093], [-1.4599684513814282, 55.0146433445625], [-1.4599684513814282, 55.014104368397966], [-1.4604363900143653, 55.0138348803157], [-1.4613722672802396, 55.01437385648023], [-1.462308144546114, 55.0138348803157], [-1.462776083179051, 55.014104368397966], [-1.4618402059131768, 55.0146433445625], [-1.462308144546114, 55.01491283264477], [-1.4632440218119882, 55.01491283264477], [-1.4637119604449254, 55.0146433445625], [-1.4637119604449254, 55.01356539223343], [-1.4632440218119882, 55.013295904151164], [-1.4604363900143653, 55.013295904151164], [-1.4599684513814282, 55.0130264160689], [-1.4609043286473025, 55.01248743990436], [-1.459500512748491, 55.01167897565756], [-1.4580966968496796, 55.01248743990436], [-1.4580966968496796, 55.0130264160689], [-1.4576287582167424, 55.013295904151164], [-1.4571608195838053, 55.0130264160689], [-1.4571608195838053, 55.01248743990436], [-1.4552890650520567, 55.01140948757529], [-1.456224942317931, 55.01087051141076], [-1.4538852491532452, 55.00952307099942], [-1.4520134946214966, 55.00952307099942], [-1.449673801456811, 55.008175630588084], [-1.4515455559885595, 55.007097678259015], [-1.450141740089748, 55.00628921401221], [-1.4473341082921252, 55.00628921401221], [-1.4459302923933137, 55.00548074976541], [-1.446866169659188, 55.004941773600876], [-1.446866169659188, 55.00440279743634], [-1.4459302923933137, 55.00386382127181], [-1.4473341082921252, 55.003055357025005], [-1.4482699855579995, 55.003055357025005], [-1.4487379241909366, 55.00278586894274], [-1.4487379241909366, 55.00116894044913], [-1.4478020469250623, 55.0006299642846], [-1.4478020469250623, 54.998260283905154], [-1.447808433983349, 54.99824765437293], [-1.447842974485565, 54.99815952323417], [-1.447845715020071, 54.99814995056883], [-1.447900021815259, 54.9980923413334], [-1.448044876903982, 54.99799979776582], [-1.448303515748801, 54.99787076599386], [-1.448525375250339, 54.99776542046183], [-1.448939067627617, 54.99763596786537], [-1.44930763932844, 54.99755396549077], [-1.4498378582056, 54.99744739179087], [-1.449935698623839, 54.997422528545705], [-1.450030533751315, 54.99738792757755], [-1.450121397130037, 54.997343941502386], [-1.450207362777816, 54.997291018579155], [-1.450287554624893, 54.99722969814159], [-1.450361155441894, 54.99716060510187], [-1.450427415168163, 54.99708444358222], [-1.450485658555574, 54.997001989739225], [-1.450535292049937, 54.99691408385411], [-1.450575809839863, 54.99682162176944], [-1.450606799011457, 54.996725545759716], [-1.450627943756289, 54.99662683492866], [-1.45063902858978, 54.99652649523129], [-1.450639940547184, 54.99642554922229], [-1.450618840547184, 54.995916949222284], [-1.450610151347507, 54.99582053728488], [-1.450592180862133, 54.99572541722642], [-1.450565097488235, 54.99563248039452], [-1.450529155017716, 54.99554259767827], [-1.45048469025898, 54.99545661134741], [-1.45043211988078, 54.995375327159515], [-1.450371936507718, 54.99529950680952], [-1.450304704103971, 54.99522986079204], [-1.450231052688519, 54.99516704174343], [-1.450151672431384, 54.99511163832618], [-1.450067307186211, 54.99506416971263], [-1.449978747519792, 54.99502508071994], [-1.449886823303848, 54.99499473764183], [-1.449792395938501, 54.99497342481614], [-1.449696350280293, 54.9949613419603], [-1.449599586350409, 54.99495860229991], [-1.448902350962088, 54.99497262908581], [-1.449376726846227, 54.993941029271554], [-1.449826467852937, 54.99374382927421], [-1.449906094244975, 54.99370461399636], [-1.449981929692356, 54.993658492577836], [-1.450053376748234, 54.99360582837242], [-1.450119872538388, 54.99354703627926], [-1.450180893195665, 54.993482579474254], [-1.450194244626306, 54.99346715951211], [-1.45036683172654, 54.99332943849272], [-1.450419272315512, 54.993284543510136], [-1.450479547457643, 54.99322922330426], [-1.450586122761631, 54.99313122990678], [-1.450932497941714, 54.992813136370074], [-1.451000265546852, 54.99274459523866], [-1.451061119604763, 54.992669848207704], [-1.451114494760864, 54.992589589702156], [-1.451159895142072, 54.99250456535042], [-1.451196898963638, 54.99241556505722], [-1.451224473737278, 54.99232566111519], [-1.451495773848632, 54.992100423468784], [-1.45156328517891, 54.99210619231221], [-1.451658482906369, 54.99210524072785], [-1.451753158730417, 54.992095240669514], [-1.451846454555509, 54.992076282772835], [-1.451937524793737, 54.99204853886296], [-1.45202554402883, 54.992012260397175], [-1.452109714497321, 54.991967776185824], [-1.45218927331909, 54.991915489412115], [-1.452263499411735, 54.9918558739779], [-1.452310642016742, 54.99181416803982], [-1.452572804494496, 54.99166652605785], [-1.452656710385823, 54.991613627091745], [-1.452734962973321, 54.99155267603135], [-1.45284988534491, 54.99145362529164], [-1.453459233412402, 54.990935063931175], [-1.453486887893376, 54.990938745548405], [-1.453590100863333, 54.99094174456786], [-1.45369307286489, 54.990934084399434], [-1.453794706019703, 54.99091584671515], [-1.453893916724089, 54.99088722596358], [-1.453989647202322, 54.99084852729665], [-1.454080876784535, 54.9908001633161], [-1.455488175897628, 54.98995827846738], [-1.455775295311383, 54.98980899493598], [-1.456415266393933, 54.98957554535101], [-1.456931612375004, 54.98949613835742], [-1.45754755227016, 54.989598830888], [-1.458260766200772, 54.98984767867585], [-1.458359930821317, 54.98987662697288], [-1.458461552788386, 54.989895190422935], [-1.458564547630365, 54.98990317092382], [-1.458667816224836, 54.98990048331061], [-1.458770256527994, 54.989887156264516], [-1.45887077533525, 54.989863332006784], [-1.458968299947502, 54.98982926478098], [-1.459214565374874, 54.9897286852957], [-1.459824720956811, 54.98957438791896], [-1.4641080876231, 54.98971823196601], [-1.46543869079577, 54.989939458808536], [-1.465515531398826, 54.98994919357305], [-1.465592894947581, 54.98995295192932], [-1.466146659205192, 54.98995838187791], [-1.466295192040744, 54.98997718937535], [-1.466330985452726, 54.98999879737982], [-1.466424669507278, 54.99004876875353], [-1.466523123867415, 54.99008852525285], [-1.466625238574411, 54.99011761866935], [-1.466729862403369, 54.99013572100849], [-1.466835815841953, 54.9901426281874], [-1.468170082063285, 54.99015861939304], [-1.468615348302383, 54.99016460952183], [-1.46861644139335, 54.99016462362951], [-1.469506455261717, 54.99017562380081], [-1.470397455261718, 54.99018662380081], [-1.470429926944354, 54.99018649743254], [-1.471895326944354, 54.99015699743254], [-1.471966474989978, 54.99015302572582], [-1.473436074989978, 54.99001832572581], [-1.473458862262942, 54.99001597360316], [-1.473687062262942, 54.989989773603156], [-1.473781322068789, 54.98997436028222], [-1.473873681460425, 54.989950024624484], [-1.473963297891014, 54.98991698863155], [-1.474049353836327, 54.98987555367364], [-1.4741310642526, 54.9898260977404], [-1.474207683738074, 54.98976907199265], [-1.474278513332915, 54.98970499664672], [-1.474342906895455, 54.98963445622878], [-1.474400276996616, 54.98955809424246], [-1.474450100278712, 54.98947660729859], [-1.474491922229777, 54.98939073876029], [-1.474525361329836, 54.989301271961715], [-1.47455011253132, 54.98920902306207], [-1.474565950041853, 54.98911483360023], [-1.474572729384037, 54.98901956281782], [-1.474570388713449, 54.9889240798208], [-1.474558949382815, 54.98882925565101], [-1.4745192181057067, 54.98859474889648], [-1.4772821808001027, 54.988435628562], [-1.4819615671294741, 54.98789665239747], [-1.510037885105703, 54.98789665239747], [-1.5175249032326974, 54.98735767623293], [-1.519396657764446, 54.98735767623293], [-1.5250119213596918, 54.98627972390386], [-1.528755430423189, 54.98466279541026], [-1.532849893461389, 54.981765798525885], [-1.5337857707272633, 54.98014887003228], [-1.5347216479931376, 54.97799296537414], [-1.5365934025248862, 54.96505753742531], [-1.5399859576136805, 54.96310374882887], [-1.5437294666771777, 54.9620257964998], [-1.5465370984748006, 54.96148682033527], [-1.5502806075382978, 54.95986989184166], [-1.5549599938676693, 54.95986989184166], [-1.5615111347287893, 54.96310374882887], [-1.5689981528557837, 54.96525965348701], [-1.5783569255145267, 54.96525965348701], [-1.5811645573121496, 54.965798629651545], [-1.581749480603321, 54.96613548975438], [-1.5826853578691953, 54.96721344208345], [-1.5853672311592164, 54.96781473736701], [-1.5852590203503496, 54.96775241824798], [-1.5815155112868524, 54.96505753742531], [-1.5783569255145267, 54.96377746903454], [-1.5746134164510295, 54.96377746903454], [-1.5718057846534066, 54.964316445199074], [-1.569934030121658, 54.964316445199074], [-1.5680622755899094, 54.96377746903454], [-1.5643187665264122, 54.963238492870005], [-1.5549599938676693, 54.95838770738919], [-1.5530882393359207, 54.95838770738919], [-1.5484088530065492, 54.9600046358828], [-1.5409218348795548, 54.96054361204733], [-1.5368273718413548, 54.96128470427357], [-1.5362424485501833, 54.961554192355834], [-1.5357745099172462, 54.962362656602636], [-1.535306571284309, 54.96269951670547], [-1.5349556173096062, 54.96290163276717], [-1.5343706940184347, 54.96317112084944], [-1.5339027553854976, 54.96290163276717], [-1.5339027553854976, 54.962362656602636], [-1.5329668781196233, 54.9618236804381], [-1.5329668781196233, 54.9602067519445], [-1.5324989394866861, 54.95993726386223], [-1.5315630622208118, 54.95993726386223], [-1.5301592463220004, 54.95912879961543], [-1.5301592463220004, 54.95805084728636], [-1.5310951235878747, 54.957511871121824], [-1.5310951235878747, 54.95589494262822], [-1.532031000853749, 54.955355966463685], [-1.532031000853749, 54.954278014134616], [-1.5329668781196233, 54.95373903797008], [-1.5310951235878747, 54.95266108564101], [-1.5315630622208118, 54.952391597558744], [-1.5324989394866861, 54.95293057372328], [-1.5329668781196233, 54.95266108564101], [-1.5329668781196233, 54.95212210947648], [-1.5324989394866861, 54.95185262139421], [-1.5315630622208118, 54.95185262139421], [-1.5310951235878747, 54.95158313331194], [-1.5315630622208118, 54.951313645229675], [-1.5343706940184347, 54.951313645229675], [-1.5348386326513719, 54.95158313331194], [-1.5348386326513719, 54.95212210947648], [-1.535306571284309, 54.952391597558744], [-1.5362424485501833, 54.952391597558744], [-1.5367103871831205, 54.95212210947648], [-1.5367103871831205, 54.95104415714741], [-1.535306571284309, 54.950235692900605], [-1.5343706940184347, 54.950235692900605], [-1.5339027553854976, 54.94996620481834], [-1.5348386326513719, 54.9494272286538], [-1.5348386326513719, 54.948349276324734], [-1.5343706940184347, 54.94807978824247], [-1.5334348167525604, 54.94807978824247], [-1.5329668781196233, 54.9478103001602], [-1.5329668781196233, 54.94673234783113], [-1.532031000853749, 54.946193371666595], [-1.5324989394866861, 54.94592388358433], [-1.5334348167525604, 54.94646285974886], [-1.5343706940184347, 54.94646285974886], [-1.5348386326513719, 54.946193371666595], [-1.5348386326513719, 54.94565439550206], [-1.535306571284309, 54.94538490741979], [-1.5362424485501833, 54.94538490741979], [-1.5367103871831205, 54.945115419337526], [-1.5357745099172462, 54.94457644317299], [-1.538114203081932, 54.943229002761655], [-1.5403369115883834, 54.94295951467939], [-1.5409218348795548, 54.94269002659712], [-1.541857712145429, 54.94269002659712], [-1.5427935894113034, 54.942151050432585], [-1.5441974053101148, 54.94295951467939], [-1.5441974053101148, 54.94349849084392], [-1.5456012212089263, 54.944306955090724], [-1.5460691598418634, 54.94403746700846], [-1.5460691598418634, 54.94349849084392], [-1.5465370984748006, 54.943229002761655], [-1.5474729757406749, 54.943229002761655], [-1.547940914373612, 54.94349849084392], [-1.547940914373612, 54.94403746700846], [-1.5493447302724235, 54.94484593125526], [-1.5502806075382978, 54.94484593125526], [-1.550748546171235, 54.94457644317299], [-1.5498126689053606, 54.94403746700846], [-1.5521523620700464, 54.94269002659712], [-1.5549599938676693, 54.94269002659712], [-1.5554279325006064, 54.94295951467939], [-1.5554279325006064, 54.94349849084392], [-1.5558958711335436, 54.94376797892619], [-1.5577676256652921, 54.94269002659712], [-1.5596393801970407, 54.94269002659712], [-1.560575257462915, 54.943229002761655], [-1.5615111347287893, 54.94269002659712], [-1.5624470119946636, 54.943229002761655], [-1.563382889260538, 54.94269002659712], [-1.5643187665264122, 54.94269002659712], [-1.5652546437922865, 54.943229002761655], [-1.5708699073875323, 54.943229002761655], [-1.5718057846534066, 54.94376797892619], [-1.5727416619192809, 54.94376797892619], [-1.573209600552218, 54.94349849084392], [-1.5722737232863437, 54.94295951467939], [-1.5722737232863437, 54.94242053851485], [-1.5727416619192809, 54.942151050432585], [-1.5736775391851552, 54.94269002659712], [-1.5746134164510295, 54.94269002659712], [-1.576485170982778, 54.94161207426805], [-1.5774210482486524, 54.94161207426805], [-1.5783569255145267, 54.941073098103516], [-1.5788248641474638, 54.94134258618578], [-1.5788248641474638, 54.94188156235032], [-1.579292802780401, 54.942151050432585], [-1.5802286800462753, 54.94161207426805], [-1.5811645573121496, 54.94161207426805], [-1.5821004345780239, 54.941073098103516], [-1.5839721891097724, 54.941073098103516], [-1.5844401277427096, 54.94080361002125], [-1.5844401277427096, 54.940264633856714], [-1.5849080663756467, 54.939995145774446], [-1.585843943641521, 54.939995145774446], [-1.5863118822744582, 54.93972565769218], [-1.5863118822744582, 54.939186681527644], [-1.5867798209073953, 54.93891719344538], [-1.5877156981732696, 54.93945616960991], [-1.588651575439144, 54.93891719344538], [-1.5895874527050182, 54.93945616960991], [-1.5909912686038297, 54.93864770536311], [-1.5909912686038297, 54.938108729198575], [-1.591927145869704, 54.93756975303404], [-1.591927145869704, 54.93649180070497], [-1.5928630231355783, 54.935952824540436], [-1.5928630231355783, 54.9354138483759], [-1.5937989004014526, 54.93487487221137], [-1.5928630231355783, 54.93433589604683], [-1.5928630231355783, 54.9337969198823], [-1.5933309617685154, 54.93352743180003], [-1.5942668390343897, 54.93352743180003], [-1.5947347776673269, 54.93325794371776], [-1.5937989004014526, 54.93271896755323], [-1.5947347776673269, 54.93217999138869], [-1.5947347776673269, 54.930024086730555], [-1.5956706549332011, 54.92948511056602], [-1.5956706549332011, 54.928946134401485], [-1.5961385935661383, 54.92867664631922], [-1.5970744708320126, 54.92921562248375], [-1.5998821026296355, 54.92921562248375], [-1.6008179798955098, 54.92867664631922], [-1.601753857161384, 54.92921562248375], [-1.604561488959007, 54.92921562248375], [-1.6050294275919441, 54.928946134401485], [-1.6050294275919441, 54.92840715823695], [-1.6040935503260698, 54.927868182072416], [-1.6040935503260698, 54.92732920590788], [-1.6054973662248813, 54.92652074166108], [-1.6059653048578184, 54.92679022974335], [-1.6059653048578184, 54.927868182072416], [-1.6064332434907556, 54.92813767015468], [-1.6073691207566299, 54.92813767015468], [-1.607837059389567, 54.92840715823695], [-1.607837059389567, 54.92948511056602], [-1.6059653048578184, 54.93056306289509], [-1.6073691207566299, 54.93137152714189], [-1.6083049980225042, 54.93083255097736], [-1.6092408752883784, 54.93137152714189], [-1.611112629820127, 54.93137152714189], [-1.6115805684530642, 54.931102039059624], [-1.61064469118719, 54.93056306289509], [-1.611112629820127, 54.93029357481282], [-1.6129843843518756, 54.93029357481282], [-1.614388200250687, 54.92948511056602], [-1.614388200250687, 54.928946134401485], [-1.6148561388836242, 54.92867664631922], [-1.6167278934153728, 54.92867664631922], [-1.61719583204831, 54.928946134401485], [-1.61719583204831, 54.92948511056602], [-1.6185996479471214, 54.93029357481282], [-1.6195355252129957, 54.92975459864829], [-1.62047140247887, 54.93029357481282], [-1.6223431570106186, 54.93029357481282], [-1.6228110956435557, 54.93056306289509], [-1.6228110956435557, 54.931102039059624], [-1.623279034276493, 54.93137152714189], [-1.6242149115423672, 54.93137152714189], [-1.6251507888082415, 54.93083255097736], [-1.6256187274411786, 54.931102039059624], [-1.6256187274411786, 54.93164101522416], [-1.6260866660741158, 54.931910503306426], [-1.62702254333999, 54.931910503306426], [-1.6279584206058644, 54.93244947947096], [-1.629830175137613, 54.93244947947096], [-1.6302981137705501, 54.93271896755323], [-1.6302981137705501, 54.93325794371776], [-1.6349775000999216, 54.935952824540436], [-1.6349775000999216, 54.938108729198575], [-1.6354454387328587, 54.93837821728084], [-1.6382530705304816, 54.93837821728084], [-1.639188947796356, 54.93783924111631], [-1.6401248250622302, 54.93783924111631], [-1.6405927636951674, 54.93756975303404], [-1.6405927636951674, 54.937030776869506], [-1.6419965795939788, 54.936222312622704], [-1.6429324568598531, 54.936222312622704], [-1.6434003954927903, 54.93649180070497], [-1.6429324568598531, 54.93676128878724], [-1.6419965795939788, 54.93676128878724], [-1.6415286409610417, 54.937030776869506], [-1.6429324568598531, 54.93783924111631], [-1.6438683341257274, 54.93783924111631], [-1.6443362727586646, 54.938108729198575], [-1.6443362727586646, 54.93864770536311], [-1.6434003954927903, 54.939186681527644], [-1.6434003954927903, 54.93972565769218], [-1.6438683341257274, 54.939995145774446], [-1.6448042113916017, 54.939995145774446], [-1.6452721500245389, 54.940264633856714], [-1.6452721500245389, 54.94349849084392], [-1.645740088657476, 54.94376797892619], [-1.6466759659233503, 54.943229002761655], [-1.649015659088036, 54.94457644317299], [-1.649015659088036, 54.945115419337526], [-1.6494835977209732, 54.94538490741979], [-1.6504194749868475, 54.94538490741979], [-1.6508874136197846, 54.94565439550206], [-1.6499515363539103, 54.946193371666595], [-1.6504194749868475, 54.94646285974886], [-1.652291229518596, 54.94646285974886], [-1.6532271067844704, 54.9470018359134], [-1.655098861316219, 54.9470018359134], [-1.6565026772150304, 54.9478103001602], [-1.6565026772150304, 54.948349276324734], [-1.6579064931138419, 54.949157740571536], [-1.6607141249114648, 54.949157740571536], [-1.661182063544402, 54.9494272286538], [-1.661182063544402, 54.94996620481834], [-1.6621179408102762, 54.95050518098287], [-1.6621179408102762, 54.95104415714741], [-1.6625858794432133, 54.951313645229675], [-1.6630538180761505, 54.95104415714741], [-1.6630538180761505, 54.94996620481834], [-1.6635217567090876, 54.94969671673607], [-1.6639896953420248, 54.94996620481834], [-1.6639896953420248, 54.95104415714741], [-1.6630538180761505, 54.95158313331194], [-1.6635217567090876, 54.95185262139421], [-1.664457633974962, 54.95185262139421], [-1.6653935112408362, 54.951313645229675], [-1.6663293885067105, 54.951313645229675], [-1.667733204405522, 54.95212210947648], [-1.667733204405522, 54.953200061805546], [-1.6686690816713963, 54.95373903797008], [-1.6686690816713963, 54.95481699029915], [-1.6691370203043334, 54.95508647838142], [-1.6700728975702077, 54.95508647838142], [-1.671008774836082, 54.95454750221688], [-1.6728805293678306, 54.95454750221688], [-1.6733484680007678, 54.95481699029915], [-1.6724125907348935, 54.955355966463685], [-1.6724125907348935, 54.95589494262822], [-1.6714767134690192, 54.956433918792754], [-1.6719446521019563, 54.95670340687502], [-1.6728805293678306, 54.95670340687502], [-1.673816406633705, 54.95616443071049], [-1.6756881611654535, 54.95616443071049], [-1.677091977064265, 54.95697289495729], [-1.6766240384313278, 54.957242383039556], [-1.6756881611654535, 54.957242383039556], [-1.6752202225325163, 54.957511871121824], [-1.6756881611654535, 54.95778135920409], [-1.6766240384313278, 54.95778135920409], [-1.677091977064265, 54.95805084728636], [-1.677091977064265, 54.95912879961543], [-1.6761560997983906, 54.95966777577996], [-1.6761560997983906, 54.9602067519445], [-1.6752202225325163, 54.96074572810903], [-1.677091977064265, 54.9618236804381], [-1.6761560997983906, 54.962362656602636], [-1.677559915697202, 54.96317112084944], [-1.6780278543301392, 54.96290163276717]]], [[[-1.513313455536263, 54.979609893867746], [-1.513313455536263, 54.97907091770321], [-1.5137813941692002, 54.978801429620944], [-1.5147172714350745, 54.978801429620944], [-1.5156531487009488, 54.97934040578548], [-1.5175249032326974, 54.97934040578548], [-1.5179928418656345, 54.979609893867746], [-1.5175249032326974, 54.97987938195001], [-1.516589025966823, 54.97987938195001], [-1.5142493328021374, 54.98122682236135], [-1.5156531487009488, 54.98203528660815], [-1.516589025966823, 54.98149631044362], [-1.5175249032326974, 54.98149631044362], [-1.5189287191315088, 54.98230477469042], [-1.5175249032326974, 54.98311323893722], [-1.516589025966823, 54.98311323893722], [-1.5156531487009488, 54.983652215101756], [-1.5137813941692002, 54.983652215101756], [-1.513313455536263, 54.98392170318402], [-1.5142493328021374, 54.98446067934856], [-1.513313455536263, 54.98607760784216], [-1.512845516903326, 54.986414467944996], [-1.5119096396374516, 54.98634709592443], [-1.5114417010045145, 54.98607760784216], [-1.5114417010045145, 54.98446067934856], [-1.5109737623715773, 54.98419119126629], [-1.5105058237386402, 54.98446067934856], [-1.5105058237386402, 54.98553863167763], [-1.510037885105703, 54.985808119759895], [-1.5091020078398287, 54.98587549178046], [-1.5062943760422058, 54.986414467944996], [-1.4741498207682797, 54.986414467944996], [-1.474108748904972, 54.98617205283067], [-1.474086649057036, 54.98607265113952], [-1.474054554962341, 54.98597601228312], [-1.474012799407749, 54.985883138319366], [-1.47396181536076, 54.98579499226765], [-1.473902131480028, 54.98571248812313], [-1.473834366633652, 54.9856364813795], [-1.473759223482062, 54.98556776015825], [-1.473677481192076, 54.98550703703654], [-1.473589987357627, 54.98545494165849], [-1.473497649210992, 54.985412014206226], [-1.473401424215596, 54.985378699798794], [-1.473302310137992, 54.985355343876584], [-1.472720310137992, 54.98524914387658], [-1.47261497370541, 54.98523565466337], [-1.472508800762333, 54.98523341210673], [-1.472402988697791, 54.9852424414976], [-1.472134855837794, 54.98527974922963], [-1.472134855837794, 54.98392170318402], [-1.4720178711795597, 54.98338272701949], [-1.4716669172048569, 54.982641634793254], [-1.4711989785719197, 54.98230477469042], [-1.4703800859642797, 54.981765798525885], [-1.4697951626731083, 54.98203528660815], [-1.468859285407234, 54.98149631044362], [-1.4674554695084225, 54.98230477469042], [-1.4683913467742968, 54.982843750854954], [-1.4679234081413597, 54.98311323893722], [-1.466051653609611, 54.98311323893722], [-1.465583714976674, 54.982843750854954], [-1.465583714976674, 54.98230477469042], [-1.4651157763437368, 54.98203528660815], [-1.4632440218119882, 54.98203528660815], [-1.462308144546114, 54.98257426277269], [-1.4613722672802396, 54.98257426277269], [-1.4609043286473025, 54.98230477469042], [-1.4618402059131768, 54.981765798525885], [-1.4618402059131768, 54.980687846196815], [-1.4613722672802396, 54.98041835811455], [-1.459500512748491, 54.98041835811455], [-1.4585646354826167, 54.97987938195001], [-1.4576287582167424, 54.97987938195001], [-1.4571608195838053, 54.979609893867746], [-1.4571608195838053, 54.97907091770321], [-1.4566928809508681, 54.978801429620944], [-1.4557570036849938, 54.978801429620944], [-1.4552890650520567, 54.97853194153868], [-1.4552890650520567, 54.97799296537414], [-1.4543531877861824, 54.97745398920961], [-1.4543531877861824, 54.97691501304507], [-1.4557570036849938, 54.97610654879827], [-1.4566928809508681, 54.97610654879827], [-1.4576287582167424, 54.975567572633736], [-1.4585646354826167, 54.975567572633736], [-1.459500512748491, 54.9750285964692], [-1.4604363900143653, 54.9750285964692], [-1.4613722672802396, 54.97448962030467], [-1.462308144546114, 54.97448962030467], [-1.462776083179051, 54.9742201322224], [-1.462776083179051, 54.973681156057864], [-1.4618402059131768, 54.97314217989333], [-1.4618402059131768, 54.972603203728795], [-1.462776083179051, 54.97206422756426], [-1.462776083179051, 54.97098627523519], [-1.4632440218119882, 54.970716787152924], [-1.4641798990778625, 54.970716787152924], [-1.4651157763437368, 54.97017781098839], [-1.466051653609611, 54.97017781098839], [-1.4669875308754854, 54.970716787152924], [-1.4679234081413597, 54.970716787152924], [-1.4683913467742968, 54.970447299070656], [-1.4683913467742968, 54.96990832290612], [-1.4674554695084225, 54.96936934674159], [-1.4674554695084225, 54.96829139441252], [-1.4697951626731083, 54.96694395400118], [-1.4726027944707312, 54.96694395400118], [-1.4730707331036683, 54.96667446591891], [-1.472134855837794, 54.96613548975438], [-1.4735386717366055, 54.96532702550758], [-1.4744745490024798, 54.96532702550758], [-1.474942487635417, 54.965596513589844], [-1.474942487635417, 54.96613548975438], [-1.4763463035342284, 54.96694395400118], [-1.4768142421671655, 54.96667446591891], [-1.4768142421671655, 54.96613548975438], [-1.478218058065977, 54.96532702550758], [-1.478685996698914, 54.965596513589844], [-1.478685996698914, 54.96613548975438], [-1.4791539353318512, 54.966404977836646], [-1.4810256898635998, 54.966404977836646], [-1.481493628496537, 54.96613548975438], [-1.4810256898635998, 54.96586600167211], [-1.4800898125977255, 54.96586600167211], [-1.4796218739647884, 54.965596513589844], [-1.4810256898635998, 54.96478804934304], [-1.4819615671294741, 54.96478804934304], [-1.4828974443953484, 54.96532702550758], [-1.4833653830282856, 54.96505753742531], [-1.4833653830282856, 54.96397958509624], [-1.4824295057624113, 54.963440608931705], [-1.4828974443953484, 54.96317112084944], [-1.4843012602941599, 54.96397958509624], [-1.4843012602941599, 54.964518561260775], [-1.484769198927097, 54.96478804934304], [-1.4866409534588456, 54.96478804934304], [-1.4885127079905942, 54.96586600167211], [-1.4894485852564685, 54.96586600167211], [-1.4903844625223428, 54.96532702550758], [-1.4922562170540914, 54.96532702550758], [-1.4927241556870285, 54.965596513589844], [-1.4917882784211542, 54.96613548975438], [-1.4922562170540914, 54.966404977836646], [-1.49412797158584, 54.966404977836646], [-1.4945959102187771, 54.96667446591891], [-1.4936600329529028, 54.96721344208345], [-1.4950638488517143, 54.96802190633025], [-1.4969356033834629, 54.96802190633025], [-1.4983394192822743, 54.96883037057705], [-1.4983394192822743, 54.96936934674159], [-1.4974035420164, 54.96990832290612], [-1.4974035420164, 54.97098627523519], [-1.4978714806493372, 54.97125576331746], [-1.50067911244696, 54.97125576331746], [-1.5016149897128344, 54.970716787152924], [-1.5025508669787087, 54.97125576331746], [-1.503486744244583, 54.970716787152924], [-1.50395468287752, 54.97098627523519], [-1.5030188056116458, 54.971525251399726], [-1.503486744244583, 54.97179473948199], [-1.5053584987763315, 54.97179473948199], [-1.5062943760422058, 54.97233371564653], [-1.5081661305739544, 54.97233371564653], [-1.5091020078398287, 54.97287269181106], [-1.510037885105703, 54.97287269181106], [-1.5105058237386402, 54.97314217989333], [-1.5105058237386402, 54.973681156057864], [-1.5109737623715773, 54.97395064414013], [-1.5119096396374516, 54.9734116679756], [-1.5123775782703888, 54.973681156057864], [-1.5114417010045145, 54.9742201322224], [-1.5114417010045145, 54.974759108386934], [-1.5109737623715773, 54.9750285964692], [-1.5081661305739544, 54.9750285964692], [-1.5076981919410173, 54.97529808455147], [-1.5081661305739544, 54.975567572633736], [-1.510037885105703, 54.975567572633736], [-1.5109737623715773, 54.97610654879827], [-1.512845516903326, 54.9750285964692], [-1.513313455536263, 54.97529808455147], [-1.513313455536263, 54.975837060716], [-1.5137813941692002, 54.97610654879827], [-1.5156531487009488, 54.97610654879827], [-1.516121087333886, 54.97637603688054], [-1.5151852100680117, 54.97691501304507], [-1.5151852100680117, 54.97799296537414], [-1.5147172714350745, 54.97826245345641], [-1.5137813941692002, 54.977723477291875], [-1.5119096396374516, 54.977723477291875], [-1.5105058237386402, 54.97853194153868], [-1.5105058237386402, 54.97907091770321], [-1.5119096396374516, 54.97987938195001], [-1.512845516903326, 54.97987938195001], [-1.513313455536263, 54.979609893867746]]]]}}, {"type": "Feature", "properties": {"band_id": "under_10", "order": 4}, "geometry": {"type": "Polygon", "coordinates": [[[-1.6074067271547392, 54.97687277411387], [-1.6075628391117789, 54.97687277411387], [-1.6076408950902987, 54.97691768853838], [-1.6076408950902987, 54.97700751738739], [-1.607484783133259, 54.977097346236405], [-1.6075628391117789, 54.97714226066091], [-1.6077189510688186, 54.97714226066091], [-1.6081872869399376, 54.97741174720795], [-1.6082653429184575, 54.97745666163246], [-1.6078750630258583, 54.97768123375499], [-1.6075628391117789, 54.97768123375499], [-1.6072506151976995, 54.97786089145302], [-1.6069383912836201, 54.97786089145302], [-1.6068603353051003, 54.977905805877526], [-1.6068603353051003, 54.97799563472654], [-1.6067822793265805, 54.978040549151046], [-1.606470055412501, 54.978040549151046], [-1.6063919994339813, 54.97808546357555], [-1.6063919994339813, 54.97826512127358], [-1.606470055412501, 54.97831003569809], [-1.6066261673695408, 54.97831003569809], [-1.6067042233480606, 54.97835495012259], [-1.6067042233480606, 54.97844477897161], [-1.606548111391021, 54.97853460782062], [-1.6067042233480606, 54.978624436669634], [-1.606548111391021, 54.97871426551865], [-1.6068603353051003, 54.978893923216674], [-1.6066261673695408, 54.979028666490194], [-1.6062358874769416, 54.97880409436766], [-1.6062358874769416, 54.97871426551865], [-1.6060797755199019, 54.978624436669634], [-1.6060797755199019, 54.97853460782062], [-1.606001719541382, 54.978489693396114], [-1.6049089358421043, 54.978489693396114], [-1.6047528238850646, 54.97857952224513], [-1.6045967119280249, 54.97857952224513], [-1.604518655949505, 54.978624436669634], [-1.604518655949505, 54.97880409436766], [-1.6043625439924654, 54.978893923216674], [-1.6044405999709852, 54.97893883764118], [-1.6047528238850646, 54.97893883764118], [-1.604986991820624, 54.9790735809147], [-1.604986991820624, 54.97925323861273], [-1.605065047799144, 54.979298153037234], [-1.6053772717132233, 54.979298153037234], [-1.6056114396487828, 54.979432896310755], [-1.6056114396487828, 54.97952272515977], [-1.6057675516058225, 54.97961255400878], [-1.6057675516058225, 54.979702382857795], [-1.6056114396487828, 54.97979221170681], [-1.6056114396487828, 54.98006169825385], [-1.6056894956273027, 54.980106612678355], [-1.606001719541382, 54.980106612678355], [-1.606470055412501, 54.980376099225396], [-1.6067822793265805, 54.980376099225396], [-1.6071725592191797, 54.98015152710286], [-1.6071725592191797, 54.97961255400878], [-1.6074067271547392, 54.97947781073526], [-1.6075628391117789, 54.97947781073526], [-1.6077189510688186, 54.979567639584275], [-1.608031174982898, 54.979567639584275], [-1.6082653429184575, 54.979702382857795], [-1.6082653429184575, 54.97979221170681], [-1.608031174982898, 54.97992695498033], [-1.6078750630258583, 54.97992695498033], [-1.6077189510688186, 54.979837126131315], [-1.6076408950902987, 54.97988204055582], [-1.6076408950902987, 54.979971869404835], [-1.6077970070473384, 54.98006169825385], [-1.6077970070473384, 54.98015152710286], [-1.6078750630258583, 54.98019644152737], [-1.608031174982898, 54.98019644152737], [-1.6082653429184575, 54.98033118480089], [-1.6082653429184575, 54.9804210136499], [-1.608031174982898, 54.98055575692342], [-1.6075628391117789, 54.98055575692342], [-1.607484783133259, 54.98060067134793], [-1.607484783133259, 54.98069050019694], [-1.6074067271547392, 54.98073541462145], [-1.6069383912836201, 54.98073541462145], [-1.6067822793265805, 54.98082524347046], [-1.6066261673695408, 54.98082524347046], [-1.606548111391021, 54.98087015789497], [-1.6067042233480606, 54.98095998674398], [-1.6067042233480606, 54.98122947329102], [-1.6066261673695408, 54.98127438771553], [-1.606470055412501, 54.98127438771553], [-1.6063919994339813, 54.98131930214004], [-1.6063919994339813, 54.98140913098905], [-1.606548111391021, 54.98149895983806], [-1.606548111391021, 54.98167861753609], [-1.6066261673695408, 54.9817235319606], [-1.6067822793265805, 54.9817235319606], [-1.6069383912836201, 54.98181336080961], [-1.6070945032406598, 54.98181336080961], [-1.6071725592191797, 54.98185827523412], [-1.6071725592191797, 54.98212776178116], [-1.60701644726214, 54.98221759063017], [-1.607484783133259, 54.98248707717721], [-1.607484783133259, 54.98266673487524], [-1.6072506151976995, 54.98280147814876], [-1.6070945032406598, 54.98280147814876], [-1.6069383912836201, 54.98289130699777], [-1.6067822793265805, 54.98289130699777], [-1.606470055412501, 54.982711649299745], [-1.6063139434554614, 54.982711649299745], [-1.6062358874769416, 54.98275656372425], [-1.6062358874769416, 54.98302605027129], [-1.6063919994339813, 54.983115879120305], [-1.6063919994339813, 54.98329553681833], [-1.6063139434554614, 54.98334045124284], [-1.6061578314984217, 54.98334045124284], [-1.6059236635628622, 54.98347519451636], [-1.6059236635628622, 54.98356502336537], [-1.6058456075843424, 54.98360993778988], [-1.6056894956273027, 54.983520108940866], [-1.6056114396487828, 54.98356502336537], [-1.6056114396487828, 54.983654852214386], [-1.6053772717132233, 54.983789595487906], [-1.6052211597561836, 54.983789595487906], [-1.6051431037776638, 54.98383450991241], [-1.6052992157347035, 54.983924338761426], [-1.6052992157347035, 54.984193825308466], [-1.6052211597561836, 54.98423873973297], [-1.6044405999709852, 54.98423873973297], [-1.6043625439924654, 54.98428365415748], [-1.604518655949505, 54.98437348300649], [-1.604518655949505, 54.98455314070452], [-1.6046747679065447, 54.98464296955353], [-1.6046747679065447, 54.984912456100574], [-1.6045967119280249, 54.98495737052508], [-1.6044405999709852, 54.98495737052508], [-1.6042844880139455, 54.985047199374094], [-1.6041283760569058, 54.985047199374094], [-1.604050320078386, 54.98500228494959], [-1.604050320078386, 54.984912456100574], [-1.6039722640998662, 54.98486754167607], [-1.6038161521428265, 54.98486754167607], [-1.6036600401857868, 54.98495737052508], [-1.6028794804005884, 54.98495737052508], [-1.6027233684435487, 54.985047199374094], [-1.6019428086583503, 54.985047199374094], [-1.6017866967013106, 54.98513702822311], [-1.601630584744271, 54.98513702822311], [-1.6013183608301915, 54.98495737052508], [-1.6011622488731518, 54.985047199374094], [-1.6010061369161122, 54.985047199374094], [-1.6008500249590725, 54.98513702822311], [-1.6006939130020328, 54.98513702822311], [-1.600069465173874, 54.98549634361916], [-1.5997572412597947, 54.98549634361916], [-1.5995230733242352, 54.98563108689268], [-1.5995230733242352, 54.985720915741695], [-1.599132793431636, 54.98594548786423], [-1.598664457560517, 54.98594548786423], [-1.5985083456034772, 54.98603531671324], [-1.5981961216893978, 54.98603531671324], [-1.5980400097323582, 54.98594548786423], [-1.5979619537538383, 54.985990402288735], [-1.5979619537538383, 54.986529375382815], [-1.597649729839759, 54.98670903308084], [-1.5977277858182788, 54.98675394750535], [-1.5980400097323582, 54.98675394750535], [-1.598118065710878, 54.986798861929856], [-1.598118065710878, 54.98715817732591], [-1.5981961216893978, 54.987203091750416], [-1.5983522336464375, 54.9871132629014], [-1.5985083456034772, 54.9871132629014], [-1.598664457560517, 54.98702343405239], [-1.599601129302755, 54.98702343405239], [-1.5998352972383145, 54.98715817732591], [-1.5998352972383145, 54.98787680811802], [-1.5999133532168344, 54.987921722542524], [-1.600069465173874, 54.987921722542524], [-1.600147521152394, 54.98787680811802], [-1.5999914091953542, 54.987786979269], [-1.5999914091953542, 54.98760732157098], [-1.6003816890879534, 54.98738274944844], [-1.6008500249590725, 54.98738274944844], [-1.6010061369161122, 54.98747257829746], [-1.6011622488731518, 54.98747257829746], [-1.6013183608301915, 54.98738274944844], [-1.6018647526798304, 54.98769715041999], [-1.6018647526798304, 54.987786979269], [-1.601630584744271, 54.987921722542524], [-1.6013183608301915, 54.987921722542524], [-1.6012403048516717, 54.98796663696703], [-1.6012403048516717, 54.988056465816044], [-1.6013964168087114, 54.98814629466506], [-1.6013964168087114, 54.988325952363084], [-1.6012403048516717, 54.9884157812121], [-1.6013183608301915, 54.988460695636604], [-1.6014744727872312, 54.988460695636604], [-1.601552528765751, 54.98850561006111], [-1.601552528765751, 54.988595438910124], [-1.6012403048516717, 54.98877509660815], [-1.6012403048516717, 54.98895475430618], [-1.6009280809375923, 54.989134412004205], [-1.6012403048516717, 54.98931406970223], [-1.601084192894632, 54.989403898551245], [-1.601084192894632, 54.98949372740026], [-1.6009280809375923, 54.98958355624927], [-1.6009280809375923, 54.9897632139473], [-1.600615857023513, 54.989942871645326], [-1.600615857023513, 54.99012252934335], [-1.600537801044993, 54.99016744376786], [-1.600069465173874, 54.99016744376786], [-1.5997572412597947, 54.98998778606983], [-1.5996791852812748, 54.99003270049434], [-1.5996791852812748, 54.99030218704138], [-1.5993669613671955, 54.990481844739406], [-1.5993669613671955, 54.99057167358842], [-1.5992108494101558, 54.99066150243743], [-1.5992108494101558, 54.99084116013546], [-1.599054737453116, 54.99093098898447], [-1.5992108494101558, 54.99102081783349], [-1.5992108494101558, 54.9911106466825], [-1.599054737453116, 54.991200475531514], [-1.599054737453116, 54.99138013322954], [-1.5988986254960764, 54.991469962078554], [-1.5988986254960764, 54.991739448625594], [-1.5988205695175566, 54.9917843630501], [-1.5983522336464375, 54.9917843630501], [-1.5981961216893978, 54.991874191899115], [-1.5980400097323582, 54.991874191899115], [-1.5978058417967986, 54.991739448625594], [-1.5978058417967986, 54.99155979092757], [-1.5977277858182788, 54.99151487650306], [-1.597649729839759, 54.99155979092757], [-1.597649729839759, 54.99191910632362], [-1.5974936178827193, 54.992008935172635], [-1.5974936178827193, 54.99218859287066], [-1.5974155619041994, 54.99223350729517], [-1.5972594499471597, 54.99223350729517], [-1.59710333799012, 54.99232333614418], [-1.5967911140760407, 54.99232333614418], [-1.5967130580975208, 54.99236825056869], [-1.5967130580975208, 54.99263773711573], [-1.596635002119001, 54.992682651540235], [-1.596166666247882, 54.992682651540235], [-1.596088610269362, 54.99263773711573], [-1.596088610269362, 54.992547908266715], [-1.5960105542908423, 54.99250299384221], [-1.5959324983123224, 54.992547908266715], [-1.5959324983123224, 54.99326653905882], [-1.595698330376763, 54.99340128233234], [-1.5955422184197232, 54.99340128233234], [-1.5954641624412034, 54.99344619675685], [-1.5954641624412034, 54.993625854454876], [-1.5955422184197232, 54.99367076887938], [-1.595698330376763, 54.99367076887938], [-1.5957763863552827, 54.99371568330389], [-1.5957763863552827, 54.99416482754896], [-1.5959324983123224, 54.99425465639797], [-1.5959324983123224, 54.99470380064304], [-1.595698330376763, 54.99483854391656], [-1.5953861064626835, 54.99483854391656], [-1.5953080504841637, 54.994883458341064], [-1.5954641624412034, 54.99497328719008], [-1.5954641624412034, 54.99506311603909], [-1.595620274398243, 54.995152944888105], [-1.595620274398243, 54.99524277373712], [-1.5955422184197232, 54.995287688161625], [-1.5953861064626835, 54.995287688161625], [-1.5953080504841637, 54.99533260258613], [-1.5953080504841637, 54.995422431435145], [-1.5954641624412034, 54.99551226028416], [-1.5954641624412034, 54.99560208913317], [-1.5953080504841637, 54.995691917982185], [-1.5953080504841637, 54.9957817468312], [-1.595151938527124, 54.99587157568021], [-1.595620274398243, 54.99614106222725], [-1.595620274398243, 54.996230891076266], [-1.5952299945056438, 54.9964554631988], [-1.5950738825486042, 54.9964554631988], [-1.5949177705915645, 54.996365634349786], [-1.5947616586345248, 54.996365634349786], [-1.594683602656005, 54.99632071992528], [-1.594683602656005, 54.99605123337824], [-1.5944494347204454, 54.99591649010472], [-1.5942933227634057, 54.99591649010472], [-1.594137210806366, 54.995826661255705], [-1.5939810988493264, 54.995826661255705], [-1.5938249868922867, 54.99573683240669], [-1.593668874935247, 54.99573683240669], [-1.5935908189567272, 54.995691917982185], [-1.5935908189567272, 54.99560208913317], [-1.5937469309137668, 54.99551226028416], [-1.593668874935247, 54.99546734585965], [-1.5933566510211676, 54.99546734585965], [-1.593200539064128, 54.99537751701064], [-1.592732203193009, 54.99564700355768], [-1.5925760912359692, 54.99564700355768], [-1.5924199792789295, 54.99573683240669], [-1.5919516434078105, 54.99573683240669], [-1.5917955314507708, 54.99564700355768], [-1.5916394194937311, 54.99564700355768], [-1.5915613635152113, 54.995691917982185], [-1.5915613635152113, 54.99587157568021], [-1.591717475472251, 54.995961404529226], [-1.591717475472251, 54.99614106222725], [-1.5916394194937311, 54.99618597665176], [-1.5914833075366914, 54.99618597665176], [-1.5913271955796517, 54.99627580550077], [-1.5905466357944533, 54.99627580550077], [-1.5900782999233343, 54.99654529204781], [-1.589766076009255, 54.99654529204781], [-1.5896099640522152, 54.996635120896826], [-1.5892977401381359, 54.996635120896826], [-1.589219684159616, 54.99668003532133], [-1.589219684159616, 54.996769864170346], [-1.5892977401381359, 54.99681477859485], [-1.590702747751493, 54.99681477859485], [-1.5908588597085327, 54.99672494974584], [-1.5910149716655724, 54.99672494974584], [-1.591171083622612, 54.99681477859485], [-1.5913271955796517, 54.99681477859485], [-1.5914833075366914, 54.99690460744387], [-1.5916394194937311, 54.99690460744387], [-1.591717475472251, 54.99694952186837], [-1.591717475472251, 54.99703935071739], [-1.5918735874292906, 54.9971291795664], [-1.5915613635152113, 54.99730883726443], [-1.5915613635152113, 54.99739866611344], [-1.591249139601132, 54.99757832381147], [-1.5913271955796517, 54.997623238235974], [-1.5916394194937311, 54.997623238235974], [-1.5920296993863303, 54.99784781035851], [-1.5920296993863303, 54.99793763920752], [-1.591717475472251, 54.99811729690555], [-1.591717475472251, 54.99820712575456], [-1.5915613635152113, 54.998296954603575], [-1.5916394194937311, 54.99834186902808], [-1.5917955314507708, 54.99834186902808], [-1.5920296993863303, 54.9984766123016], [-1.5920296993863303, 54.998566441150615], [-1.5917955314507708, 54.998701184424135], [-1.5916394194937311, 54.998701184424135], [-1.5915613635152113, 54.99865626999963], [-1.5915613635152113, 54.99838678345259], [-1.5914833075366914, 54.99834186902808], [-1.5913271955796517, 54.99834186902808], [-1.591249139601132, 54.99838678345259], [-1.591249139601132, 54.99865626999963], [-1.5910149716655724, 54.99879101327315], [-1.590702747751493, 54.99879101327315], [-1.5905466357944533, 54.99888084212216], [-1.590234411880374, 54.99888084212216], [-1.5901563559018541, 54.99892575654667], [-1.5901563559018541, 54.99901558539568], [-1.5900782999233343, 54.99906049982019], [-1.5899221879662946, 54.99906049982019], [-1.589688020030735, 54.99919524309371], [-1.5899221879662946, 54.99932998636723], [-1.5900782999233343, 54.99932998636723], [-1.5901563559018541, 54.999374900791736], [-1.5901563559018541, 54.999644387338776], [-1.5900782999233343, 54.99968930176328], [-1.5896099640522152, 54.99968930176328], [-1.5893757961166557, 54.99955455848976], [-1.5893757961166557, 54.99946472964075], [-1.5895319080736954, 54.999374900791736], [-1.5894538520951755, 54.99932998636723], [-1.5891416281810962, 54.99932998636723], [-1.5890635722025763, 54.999374900791736], [-1.5890635722025763, 54.99946472964075], [-1.589219684159616, 54.99955455848976], [-1.589219684159616, 54.999644387338776], [-1.5886732923099771, 54.99995878831032], [-1.5883610683958977, 54.99995878831032], [-1.588283012417378, 54.999913873885816], [-1.588283012417378, 54.9998240450368], [-1.5880488444818184, 54.99968930176328], [-1.587736620567739, 54.99968930176328], [-1.58726828469662, 54.99995878831032], [-1.586799948825501, 54.99995878831032], [-1.586721892846981, 55.00000370273483], [-1.586721892846981, 55.00009353158384], [-1.5868780048040207, 55.00018336043286], [-1.5868780048040207, 55.00054267582891], [-1.586799948825501, 55.00058759025342], [-1.5866438368684612, 55.00058759025342], [-1.5864877249114215, 55.00067741910243], [-1.5860193890403025, 55.00067741910243], [-1.5859413330617826, 55.00072233352694], [-1.5859413330617826, 55.00126130662102], [-1.5858632770832628, 55.001306221045525], [-1.5857071651262231, 55.001306221045525], [-1.5855510531691834, 55.00139604989454], [-1.5853949412121437, 55.00139604989454], [-1.5850046613195445, 55.001171477772004], [-1.5850046613195445, 55.00108164892299], [-1.5846924374054652, 55.000901991224964], [-1.5846924374054652, 55.00081216237595], [-1.5846143814269453, 55.000767247951444], [-1.5844582694699056, 55.000767247951444], [-1.584302157512866, 55.00085707680046], [-1.5836777096847072, 55.00085707680046], [-1.5835996537061874, 55.000901991224964], [-1.5835996537061874, 55.00099182007398], [-1.5835215977276675, 55.001036734498484], [-1.5827410379424691, 55.001036734498484], [-1.5825849259854294, 55.00094690564947], [-1.5819604781572707, 55.00094690564947], [-1.5816482542431913, 55.000767247951444], [-1.5811799183720723, 55.000767247951444], [-1.5810238064150326, 55.00067741910243], [-1.580867694457993, 55.00067741910243], [-1.580789638479473, 55.00072233352694], [-1.580789638479473, 55.00081216237595], [-1.580867694457993, 55.00085707680046], [-1.5811799183720723, 55.00085707680046], [-1.5812579743505921, 55.000901991224964], [-1.5812579743505921, 55.00099182007398], [-1.5811018623935524, 55.00108164892299], [-1.5811018623935524, 55.001171477772004], [-1.5811799183720723, 55.00121639219651], [-1.581804366200231, 55.00121639219651], [-1.5820385341357905, 55.00135113547003], [-1.5820385341357905, 55.00153079316806], [-1.5821165901143104, 55.001575707592565], [-1.5825849259854294, 55.001575707592565], [-1.582819093920989, 55.001710450866085], [-1.582819093920989, 55.00189010856411], [-1.5828971498995088, 55.00193502298862], [-1.5833654857706279, 55.00193502298862], [-1.5834435417491477, 55.001979937413125], [-1.5834435417491477, 55.002249423960166], [-1.5833654857706279, 55.00229433838467], [-1.5832093738135882, 55.00229433838467], [-1.5830532618565485, 55.002384167233686], [-1.5828971498995088, 55.00229433838467], [-1.5825849259854294, 55.00229433838467], [-1.58227270207135, 55.002114680686645], [-1.5821165901143104, 55.002114680686645], [-1.5820385341357905, 55.00206976626214], [-1.5820385341357905, 55.00189010856411], [-1.581804366200231, 55.00175536529059], [-1.5817263102217112, 55.0018002797151], [-1.5817263102217112, 55.00189010856411], [-1.5814921422861516, 55.00202485183763], [-1.581336030329112, 55.00202485183763], [-1.5812579743505921, 55.001979937413125], [-1.5812579743505921, 55.00189010856411], [-1.5811018623935524, 55.0018002797151], [-1.5811018623935524, 55.001710450866085], [-1.5810238064150326, 55.00166553644158], [-1.5807115825009532, 55.001845194139605], [-1.5803993585868739, 55.001845194139605], [-1.580321302608354, 55.00189010856411], [-1.580321302608354, 55.002249423960166], [-1.5804774145653937, 55.00233925280918], [-1.5804774145653937, 55.00242908165819], [-1.5803993585868739, 55.0024739960827], [-1.5794626868446358, 55.0024739960827], [-1.579306574887596, 55.00256382493171], [-1.5789943509735167, 55.00256382493171], [-1.5789162949949969, 55.00260873935622], [-1.5789162949949969, 55.00269856820523], [-1.5786821270594373, 55.00283331147875], [-1.5785260151023977, 55.00283331147875], [-1.5784479591238778, 55.00287822590326], [-1.5784479591238778, 55.00296805475227], [-1.5786040710809175, 55.00305788360129], [-1.5786040710809175, 55.00323754129931], [-1.5784479591238778, 55.00332737014833], [-1.5784479591238778, 55.00341719899734], [-1.578369903145358, 55.00346211342185], [-1.5780576792312786, 55.00346211342185], [-1.577901567274239, 55.00337228457283], [-1.5777454553171992, 55.00337228457283], [-1.5776673993386794, 55.00332737014833], [-1.5776673993386794, 55.0031477124503], [-1.5777454553171992, 55.00310279802579], [-1.577901567274239, 55.00310279802579], [-1.5779796232527588, 55.00305788360129], [-1.5779796232527588, 55.00296805475227], [-1.577901567274239, 55.002923140327766], [-1.5777454553171992, 55.002923140327766], [-1.5775893433601595, 55.00283331147875], [-1.5774332314031199, 55.00283331147875], [-1.5773551754246, 55.002788397054246], [-1.5773551754246, 55.002518910507206], [-1.5771990634675603, 55.00242908165819], [-1.5773551754246, 55.00233925280918], [-1.5773551754246, 55.00206976626214], [-1.5775112873816397, 55.001979937413125], [-1.5774332314031199, 55.00193502298862], [-1.5768087835749611, 55.00193502298862], [-1.5765746156394016, 55.0018002797151], [-1.5765746156394016, 55.00153079316806], [-1.5768087835749611, 55.00139604989454], [-1.5769648955320008, 55.00139604989454], [-1.5770429515105207, 55.00135113547003], [-1.5770429515105207, 55.00126130662102], [-1.5769648955320008, 55.00121639219651], [-1.5764965596608818, 55.00121639219651], [-1.576418503682362, 55.001171477772004], [-1.576418503682362, 55.00099182007398], [-1.576340447703842, 55.00094690564947], [-1.575872111832723, 55.00094690564947], [-1.5757159998756833, 55.00085707680046], [-1.5755598879186437, 55.00085707680046], [-1.5754818319401238, 55.00081216237595], [-1.5754818319401238, 55.00072233352694], [-1.5753257199830841, 55.000632504677924], [-1.5753257199830841, 55.00018336043286], [-1.575872111832723, 54.99986895946131], [-1.5764965596608818, 54.99986895946131], [-1.5765746156394016, 54.9998240450368], [-1.5765746156394016, 54.99973421618779], [-1.5762623917253222, 54.99955455848976], [-1.5762623917253222, 54.99946472964075], [-1.5757940558542032, 54.99919524309371], [-1.5757940558542032, 54.999105414244696], [-1.575403775961604, 54.99888084212216], [-1.5750915520475246, 54.99888084212216], [-1.574935440090485, 54.99879101327315], [-1.5744671042193659, 54.99879101327315], [-1.574389048240846, 54.998835927697655], [-1.574389048240846, 54.99919524309371], [-1.5742329362838063, 54.99928507194272], [-1.5742329362838063, 54.999374900791736], [-1.5741548803052865, 54.99941981521624], [-1.5739987683482468, 54.99941981521624], [-1.5738426563912071, 54.999509644065256], [-1.5735304324771278, 54.999509644065256], [-1.573452376498608, 54.99955455848976], [-1.5736084884556476, 54.999644387338776], [-1.5736084884556476, 54.99973421618779], [-1.5737646004126873, 54.9998240450368], [-1.5736865444341674, 54.99986895946131], [-1.571969312906731, 54.99986895946131], [-1.5718132009496912, 54.999779130612296], [-1.5716570889926516, 54.999779130612296], [-1.5715790330141317, 54.99973421618779], [-1.5715790330141317, 54.999644387338776], [-1.5711106971430127, 54.999374900791736], [-1.5711106971430127, 54.999105414244696], [-1.570954585185973, 54.99901558539568], [-1.570954585185973, 54.99892575654667], [-1.5707204172504134, 54.99879101327315], [-1.5705643052933738, 54.99879101327315], [-1.570408193336334, 54.99888084212216], [-1.5700959694222547, 54.99888084212216], [-1.569939857465215, 54.998970670971175], [-1.5696276335511357, 54.998970670971175], [-1.5695495775726158, 54.99901558539568], [-1.5695495775726158, 54.999105414244696], [-1.5696276335511357, 54.9991503286692], [-1.5702520813792944, 54.9991503286692], [-1.5706423612718936, 54.999374900791736], [-1.5706423612718936, 54.99946472964075], [-1.570486249314854, 54.99955455848976], [-1.570486249314854, 54.999644387338776], [-1.5703301373578142, 54.99973421618779], [-1.5703301373578142, 54.9998240450368], [-1.570486249314854, 54.999913873885816], [-1.570486249314854, 55.00000370273483], [-1.5703301373578142, 55.00009353158384], [-1.5703301373578142, 55.00018336043286], [-1.5702520813792944, 55.00022827485736], [-1.569939857465215, 55.00022827485736], [-1.5698618014866952, 55.00027318928187], [-1.5698618014866952, 55.000363018130884], [-1.5696276335511357, 55.000497761404404], [-1.5693934656155761, 55.000363018130884], [-1.5693934656155761, 55.00009353158384], [-1.5697056895296555, 54.999913873885816], [-1.5697056895296555, 54.9998240450368], [-1.5696276335511357, 54.999779130612296], [-1.5693154096370563, 54.999779130612296], [-1.5692373536585364, 54.99973421618779], [-1.5692373536585364, 54.999644387338776], [-1.5690812417014968, 54.99955455848976], [-1.5690812417014968, 54.99946472964075], [-1.5692373536585364, 54.999374900791736], [-1.5691592976800166, 54.99932998636723], [-1.569003185722977, 54.99932998636723], [-1.5688470737659372, 54.999240157518216], [-1.5686909618088976, 54.999240157518216], [-1.5685348498518579, 54.9991503286692], [-1.5683787378948182, 54.9991503286692], [-1.5681445699592587, 54.99901558539568], [-1.5681445699592587, 54.99892575654667], [-1.567988458002219, 54.998835927697655], [-1.567988458002219, 54.99865626999963], [-1.5677542900666595, 54.99852152672611], [-1.56744206615258, 54.99852152672611], [-1.566973730281461, 54.99879101327315], [-1.5666615063673817, 54.99879101327315], [-1.566505394410342, 54.998701184424135], [-1.5661931704962626, 54.998701184424135], [-1.5658809465821832, 54.99852152672611], [-1.5655687226681039, 54.99852152672611], [-1.565490666689584, 54.998566441150615], [-1.5655687226681039, 54.99861135557512], [-1.5657248346251436, 54.99861135557512], [-1.565959002560703, 54.99874609884864], [-1.565959002560703, 54.998835927697655], [-1.5658028906036634, 54.99892575654667], [-1.5658028906036634, 54.99901558539568], [-1.5657248346251436, 54.99906049982019], [-1.5654126107110642, 54.99906049982019], [-1.5652564987540245, 54.998970670971175], [-1.5651003867969848, 54.998970670971175], [-1.5649442748399451, 54.99906049982019], [-1.5647881628829055, 54.99906049982019], [-1.564553994947346, 54.99919524309371], [-1.564553994947346, 54.99928507194272], [-1.564475938968826, 54.99932998636723], [-1.5643198270117864, 54.99932998636723], [-1.5642417710332666, 54.99928507194272], [-1.5642417710332666, 54.99919524309371], [-1.5640856590762269, 54.999105414244696], [-1.5640856590762269, 54.99892575654667], [-1.564007603097707, 54.99888084212216], [-1.5638514911406673, 54.99888084212216], [-1.5636173232051078, 54.99874609884864], [-1.5636173232051078, 54.99865626999963], [-1.5639295471191872, 54.9984766123016], [-1.5636953791836277, 54.99834186902808], [-1.563070931355469, 54.99834186902808], [-1.5628367634199094, 54.9984766123016], [-1.5628367634199094, 54.998566441150615], [-1.56252453950583, 54.99874609884864], [-1.56252453950583, 54.998835927697655], [-1.5626025954843499, 54.99888084212216], [-1.563070931355469, 54.99888084212216], [-1.5631489873339888, 54.99892575654667], [-1.5631489873339888, 54.99901558539568], [-1.5633050992910285, 54.999105414244696], [-1.5633050992910285, 54.99919524309371], [-1.563070931355469, 54.99932998636723], [-1.5626025954843499, 54.99932998636723], [-1.56252453950583, 54.99928507194272], [-1.56252453950583, 54.999105414244696], [-1.5624464835273102, 54.99906049982019], [-1.5622903715702705, 54.9991503286692], [-1.5618220356991515, 54.9991503286692], [-1.5617439797206316, 54.999105414244696], [-1.5617439797206316, 54.99901558539568], [-1.5616659237421118, 54.998970670971175], [-1.561587867763592, 54.99901558539568], [-1.561587867763592, 54.999105414244696], [-1.561509811785072, 54.9991503286692], [-1.5613536998280324, 54.9991503286692], [-1.5611975878709927, 54.999240157518216], [-1.561041475913953, 54.999240157518216], [-1.5609634199354332, 54.99919524309371], [-1.5609634199354332, 54.999105414244696], [-1.5611195318924729, 54.99901558539568], [-1.5611195318924729, 54.99892575654667], [-1.5611975878709927, 54.99888084212216], [-1.5613536998280324, 54.998970670971175], [-1.561509811785072, 54.998970670971175], [-1.561587867763592, 54.99892575654667], [-1.561587867763592, 54.998835927697655], [-1.5613536998280324, 54.998701184424135], [-1.5611975878709927, 54.998701184424135], [-1.5609634199354332, 54.998835927697655], [-1.5609634199354332, 54.99892575654667], [-1.5608853639569134, 54.998970670971175], [-1.5604170280857943, 54.998970670971175], [-1.5602609161287546, 54.99906049982019], [-1.560104804171715, 54.99906049982019], [-1.5598706362361554, 54.99892575654667], [-1.5598706362361554, 54.99874609884864], [-1.5599486922146752, 54.998701184424135], [-1.5604170280857943, 54.998701184424135], [-1.5604950840643141, 54.99865626999963], [-1.5604170280857943, 54.99861135557512], [-1.5602609161287546, 54.99861135557512], [-1.560104804171715, 54.99852152672611], [-1.5599486922146752, 54.99852152672611], [-1.5597925802576356, 54.99861135557512], [-1.5591681324294768, 54.99861135557512], [-1.559090076450957, 54.99865626999963], [-1.559090076450957, 54.99892575654667], [-1.5588559085153975, 54.99906049982019], [-1.5586997965583578, 54.99906049982019], [-1.558543684601318, 54.9991503286692], [-1.5583875726442784, 54.99906049982019], [-1.5582314606872387, 54.99906049982019], [-1.5581534047087189, 54.99901558539568], [-1.5581534047087189, 54.998835927697655], [-1.5583095166657586, 54.99874609884864], [-1.5583095166657586, 54.99820712575456], [-1.5582314606872387, 54.998162211330055], [-1.5579192367731594, 54.998162211330055], [-1.5577631248161197, 54.99807238248104], [-1.55760701285908, 54.99807238248104], [-1.5575289568805601, 54.99811729690555], [-1.5575289568805601, 54.998296954603575], [-1.5572947889450006, 54.998431697877095], [-1.5569825650309213, 54.998431697877095], [-1.5568264530738816, 54.99834186902808], [-1.5565142291598022, 54.99834186902808], [-1.5562800612242427, 54.9984766123016], [-1.5564361731812824, 54.998566441150615], [-1.5564361731812824, 54.99865626999963], [-1.5562800612242427, 54.99874609884864], [-1.5562800612242427, 54.998835927697655], [-1.5560458932886831, 54.998970670971175], [-1.5559678373101633, 54.99892575654667], [-1.5559678373101633, 54.99874609884864], [-1.5558117253531236, 54.99865626999963], [-1.5558117253531236, 54.9984766123016], [-1.555655613396084, 54.99838678345259], [-1.555655613396084, 54.99820712575456], [-1.5559678373101633, 54.998027468056534], [-1.5558897813316435, 54.99798255363203], [-1.5557336693746038, 54.99798255363203], [-1.5554995014390443, 54.99784781035851], [-1.5554995014390443, 54.997757981509494], [-1.555577557417564, 54.99771306708499], [-1.5557336693746038, 54.99771306708499], [-1.5558897813316435, 54.997623238235974], [-1.5562020052457228, 54.997623238235974], [-1.5562800612242427, 54.99757832381147], [-1.5562800612242427, 54.99739866611344], [-1.5563581172027625, 54.997353751688934], [-1.5566703411168419, 54.997353751688934], [-1.5568264530738816, 54.99726392283992], [-1.5569825650309213, 54.99726392283992], [-1.557060621009441, 54.997219008415414], [-1.5569045090524014, 54.9971291795664], [-1.5569045090524014, 54.99703935071739], [-1.5567483970953617, 54.99694952186837], [-1.5567483970953617, 54.99685969301936], [-1.556592285138322, 54.996769864170346], [-1.556592285138322, 54.99668003532133], [-1.5564361731812824, 54.99659020647232], [-1.5564361731812824, 54.996500377623306], [-1.5566703411168419, 54.996365634349786], [-1.5568264530738816, 54.996365634349786], [-1.5569825650309213, 54.99627580550077], [-1.557138676987961, 54.99627580550077], [-1.5572167329664808, 54.996230891076266], [-1.5572167329664808, 54.99614106222725], [-1.557060621009441, 54.99605123337824], [-1.557060621009441, 54.995961404529226], [-1.5569045090524014, 54.99587157568021], [-1.557138676987961, 54.99573683240669], [-1.5572947889450006, 54.99573683240669], [-1.5573728449235205, 54.995691917982185], [-1.5573728449235205, 54.99560208913317], [-1.557060621009441, 54.995422431435145], [-1.557060621009441, 54.99533260258613], [-1.557138676987961, 54.995287688161625], [-1.5572947889450006, 54.995287688161625], [-1.5574509009020403, 54.99519785931261], [-1.55760701285908, 54.99519785931261], [-1.5577631248161197, 54.9951080304636], [-1.5591681324294768, 54.9951080304636], [-1.5592461884079967, 54.995152944888105], [-1.5592461884079967, 54.99533260258613], [-1.5593242443865165, 54.99537751701064], [-1.5594023003650364, 54.99533260258613], [-1.5594023003650364, 54.99479362949205], [-1.5594803563435562, 54.994748715067544], [-1.5596364683005959, 54.994748715067544], [-1.5597925802576356, 54.99465888621853], [-1.5599486922146752, 54.99465888621853], [-1.560026748193195, 54.994613971794024], [-1.5596364683005959, 54.99438939967149], [-1.5594803563435562, 54.99438939967149], [-1.5594023003650364, 54.994434314096], [-1.5594023003650364, 54.99452414294501], [-1.5593242443865165, 54.99456905736952], [-1.557138676987961, 54.99456905736952], [-1.557060621009441, 54.99452414294501], [-1.557060621009441, 54.993086881360796], [-1.5569045090524014, 54.99299705251178], [-1.5569045090524014, 54.99155979092757], [-1.5567483970953617, 54.991469962078554], [-1.5567483970953617, 54.99129030438053], [-1.5559678373101633, 54.99084116013546], [-1.5559678373101633, 54.99075133128645], [-1.5557336693746038, 54.99061658801293], [-1.5549531095894054, 54.99061658801293], [-1.5547969976323657, 54.99070641686194], [-1.5544847737182863, 54.99070641686194], [-1.5543286617612466, 54.99079624571095], [-1.5540164378471673, 54.99079624571095], [-1.5538603258901276, 54.99070641686194], [-1.5535481019760482, 54.99070641686194], [-1.5533919900190085, 54.99061658801293], [-1.5527675421908498, 54.99061658801293], [-1.5524553182767704, 54.99079624571095], [-1.5522992063197307, 54.99079624571095], [-1.552143094362691, 54.99088607455997], [-1.5519869824056514, 54.99088607455997], [-1.5518308704486117, 54.99097590340898], [-1.5515186465345323, 54.99097590340898], [-1.5513625345774926, 54.991065732257994], [-1.5510503106634133, 54.991065732257994], [-1.5507380867493339, 54.99124538995602], [-1.5505819747922942, 54.99124538995602], [-1.5502697508782148, 54.99142504765405], [-1.5501136389211752, 54.99142504765405], [-1.5499575269641355, 54.99151487650306], [-1.5493330791359767, 54.99151487650306], [-1.549255023157457, 54.99155979092757], [-1.5493330791359767, 54.991604705352074], [-1.5499575269641355, 54.991604705352074], [-1.5500355829426553, 54.99164961977658], [-1.5500355829426553, 54.991739448625594], [-1.5501136389211752, 54.9917843630501], [-1.5504258628352545, 54.9917843630501], [-1.5505819747922942, 54.99169453420109], [-1.5508941987063736, 54.99169453420109], [-1.5510503106634133, 54.9917843630501], [-1.5513625345774926, 54.9917843630501], [-1.5514405905560125, 54.99182927747461], [-1.5514405905560125, 54.99191910632362], [-1.5515967025130522, 54.992008935172635], [-1.5515967025130522, 54.99218859287066], [-1.5518308704486117, 54.99232333614418], [-1.552143094362691, 54.992143678446155], [-1.5522992063197307, 54.99223350729517], [-1.55261143023381, 54.99205384959714], [-1.5529236541478895, 54.99205384959714], [-1.553157822083449, 54.99218859287066], [-1.553157822083449, 54.99236825056869], [-1.5533139340404887, 54.9924580794177], [-1.5533139340404887, 54.99263773711573], [-1.5534700459975284, 54.99272756596474], [-1.5534700459975284, 54.992817394813756], [-1.553626157954568, 54.99290722366277], [-1.553626157954568, 54.99299705251178], [-1.5537822699116077, 54.993086881360796], [-1.5537822699116077, 54.99317671020981], [-1.5539383818686474, 54.99326653905882], [-1.5539383818686474, 54.99344619675685], [-1.5542506057827268, 54.993625854454876], [-1.5542506057827268, 54.99371568330389], [-1.5548750536108855, 54.99407499869994], [-1.5548750536108855, 54.99416482754896], [-1.5551872775249649, 54.994344485246984], [-1.5551872775249649, 54.994434314096], [-1.5553433894820046, 54.99452414294501], [-1.5553433894820046, 54.994613971794024], [-1.5554995014390443, 54.99470380064304], [-1.5554995014390443, 54.994883458341064], [-1.555655613396084, 54.99497328719008], [-1.555655613396084, 54.99524277373712], [-1.555577557417564, 54.995287688161625], [-1.5554214454605244, 54.995287688161625], [-1.555109221546445, 54.99546734585965], [-1.5549531095894054, 54.99546734585965], [-1.5547969976323657, 54.995557174708665], [-1.554640885675326, 54.995557174708665], [-1.5544847737182863, 54.99564700355768], [-1.5543286617612466, 54.99564700355768], [-1.5537042139330879, 54.99600631895373], [-1.5535481019760482, 54.99600631895373], [-1.5533919900190085, 54.996096147802746], [-1.5530797661049291, 54.996096147802746], [-1.5527675421908498, 54.99627580550077], [-1.5524553182767704, 54.99627580550077], [-1.5522992063197307, 54.996365634349786], [-1.551206422620453, 54.996365634349786], [-1.5510503106634133, 54.99627580550077], [-1.5507380867493339, 54.99627580550077], [-1.5504258628352545, 54.996096147802746], [-1.5502697508782148, 54.996096147802746], [-1.5500355829426553, 54.995961404529226], [-1.5500355829426553, 54.9957817468312], [-1.5503478068567347, 54.99560208913317], [-1.5503478068567347, 54.99551226028416], [-1.550660030770814, 54.99533260258613], [-1.550660030770814, 54.99524277373712], [-1.5505819747922942, 54.99519785931261], [-1.5504258628352545, 54.99519785931261], [-1.5502697508782148, 54.9951080304636], [-1.5501136389211752, 54.9951080304636], [-1.5498794709856156, 54.99497328719008], [-1.5498794709856156, 54.994883458341064], [-1.549645303050056, 54.994748715067544], [-1.549176967178937, 54.994748715067544], [-1.5490208552218974, 54.99465888621853], [-1.5488647432648577, 54.99465888621853], [-1.5485525193507783, 54.994479228520504], [-1.548240295436699, 54.994479228520504], [-1.5480841834796593, 54.99438939967149], [-1.54777195956558, 54.99438939967149], [-1.5474597356515005, 54.994209741973464], [-1.5473036236944608, 54.994209741973464], [-1.5470694557589013, 54.99407499869994], [-1.5470694557589013, 54.99398516985093], [-1.5468352878233418, 54.99385042657741], [-1.5463669519522227, 54.99385042657741], [-1.546210839995183, 54.9937605977284], [-1.5460547280381434, 54.9937605977284], [-1.545742504124064, 54.99358094003037], [-1.5455863921670243, 54.99358094003037], [-1.545274168252945, 54.99340128233234], [-1.5451180562959053, 54.99340128233234], [-1.5446497204247862, 54.9931317957853], [-1.5444936084677465, 54.9931317957853], [-1.5443374965107068, 54.99304196693629], [-1.5440252725966275, 54.99304196693629], [-1.5438691606395878, 54.992952138087276], [-1.543713048682548, 54.992952138087276], [-1.5434788807469886, 54.993086881360796], [-1.5434788807469886, 54.99317671020981], [-1.543322768789949, 54.99326653905882], [-1.543322768789949, 54.993356367907836], [-1.5434008247684687, 54.99340128233234], [-1.5440252725966275, 54.99340128233234], [-1.544727776403306, 54.9938055121529], [-1.544727776403306, 54.99398516985093], [-1.5445716644462664, 54.99407499869994], [-1.5445716644462664, 54.99416482754896], [-1.5444155524892267, 54.99425465639797], [-1.5444155524892267, 54.994344485246984], [-1.5443374965107068, 54.99438939967149], [-1.5441813845536672, 54.99438939967149], [-1.5438691606395878, 54.99456905736952], [-1.543713048682548, 54.99456905736952], [-1.5435569367255084, 54.99465888621853], [-1.5434008247684687, 54.99465888621853], [-1.543244712811429, 54.994748715067544], [-1.5430886008543894, 54.994748715067544], [-1.5424641530262306, 54.99438939967149], [-1.5421519291121513, 54.99438939967149], [-1.5419958171551116, 54.994479228520504], [-1.5412152573699132, 54.994479228520504], [-1.5410591454128735, 54.99456905736952], [-1.5409030334558338, 54.99456905736952], [-1.540746921498794, 54.994479228520504], [-1.5405908095417544, 54.99456905736952], [-1.5401224736706354, 54.99456905736952], [-1.539263857906917, 54.99407499869994], [-1.539263857906917, 54.99398516985093], [-1.5387174660572782, 54.99367076887938], [-1.5386394100787584, 54.99371568330389], [-1.5386394100787584, 54.9938055121529], [-1.538795522035798, 54.99389534100192], [-1.538795522035798, 54.99398516985093], [-1.5389516339928377, 54.99407499869994], [-1.5389516339928377, 54.99425465639797], [-1.5395760818209965, 54.994613971794024], [-1.5395760818209965, 54.99479362949205], [-1.5391858019283973, 54.995018201614585], [-1.538873578014318, 54.995018201614585], [-1.5386394100787584, 54.994883458341064], [-1.538795522035798, 54.99479362949205], [-1.5387174660572782, 54.994748715067544], [-1.5385613541002385, 54.994748715067544], [-1.5382491301861592, 54.99456905736952], [-1.5380930182291195, 54.99456905736952], [-1.5380149622505996, 54.994613971794024], [-1.5381710742076393, 54.99470380064304], [-1.5381710742076393, 54.99506311603909], [-1.5382491301861592, 54.9951080304636], [-1.5384052421431988, 54.9951080304636], [-1.5384832981217187, 54.995152944888105], [-1.5384832981217187, 54.99524277373712], [-1.5384052421431988, 54.995287688161625], [-1.5382491301861592, 54.995287688161625], [-1.5380930182291195, 54.99519785931261], [-1.5379369062720798, 54.99519785931261], [-1.5377807943150401, 54.995287688161625], [-1.537390514422441, 54.99506311603909], [-1.5375466263794806, 54.99497328719008], [-1.5374685704009607, 54.99492837276557], [-1.5371563464868814, 54.99492837276557], [-1.5370782905083615, 54.994883458341064], [-1.5370782905083615, 54.99479362949205], [-1.5369221785513218, 54.99470380064304], [-1.5369221785513218, 54.994613971794024], [-1.5366099546372425, 54.994434314096], [-1.5366099546372425, 54.99425465639797], [-1.5365318986587226, 54.994209741973464], [-1.536375786701683, 54.994209741973464], [-1.5361416187661234, 54.99407499869994], [-1.5361416187661234, 54.99398516985093], [-1.535907450830564, 54.99385042657741], [-1.5354391149594449, 54.99385042657741], [-1.5352830030024052, 54.99394025542642], [-1.5348146671312861, 54.99394025542642], [-1.5347366111527663, 54.99389534100192], [-1.5347366111527663, 54.9938055121529], [-1.5348146671312861, 54.9937605977284], [-1.5349707790883258, 54.9937605977284], [-1.5350488350668456, 54.99371568330389], [-1.5350488350668456, 54.993625854454876], [-1.5351268910453655, 54.99358094003037], [-1.5352830030024052, 54.99358094003037], [-1.535361058980925, 54.99353602560586], [-1.535361058980925, 54.99344619675685], [-1.5354391149594449, 54.99340128233234], [-1.5355952269164845, 54.99340128233234], [-1.5356732828950044, 54.993356367907836], [-1.5354391149594449, 54.993221624634316], [-1.5352830030024052, 54.993221624634316], [-1.5351268910453655, 54.9931317957853], [-1.5349707790883258, 54.9931317957853], [-1.5348146671312861, 54.99304196693629], [-1.5346585551742464, 54.99304196693629], [-1.5345024432172067, 54.9931317957853], [-1.5341902193031274, 54.9931317957853], [-1.5340341073460877, 54.993221624634316], [-1.5332535475608893, 54.993221624634316], [-1.5330974356038496, 54.9931317957853], [-1.53286326766829, 54.99326653905882], [-1.53286326766829, 54.993356367907836], [-1.5327852116897702, 54.99340128233234], [-1.5326290997327305, 54.99340128233234], [-1.5325510437542107, 54.993356367907836], [-1.5325510437542107, 54.99326653905882], [-1.5324729877756909, 54.993221624634316], [-1.5323168758186512, 54.993221624634316], [-1.5322388198401313, 54.99317671020981], [-1.5322388198401313, 54.99299705251178], [-1.5323168758186512, 54.992952138087276], [-1.5326290997327305, 54.992952138087276], [-1.5327071557112504, 54.99290722366277], [-1.5327071557112504, 54.992547908266715], [-1.53294132364681, 54.992413164993195], [-1.5330974356038496, 54.992413164993195], [-1.5331754915823694, 54.99236825056869], [-1.5331754915823694, 54.992278421719675], [-1.5332535475608893, 54.99223350729517], [-1.5335657714749686, 54.99223350729517], [-1.5336438274534885, 54.99218859287066], [-1.5334877154964488, 54.99209876402165], [-1.5337999394105282, 54.99191910632362], [-1.5337999394105282, 54.99182927747461], [-1.5337218834320083, 54.9917843630501], [-1.5335657714749686, 54.9917843630501], [-1.5334877154964488, 54.991739448625594], [-1.5334877154964488, 54.99164961977658], [-1.5333316035394091, 54.99155979092757], [-1.5333316035394091, 54.991469962078554], [-1.5332535475608893, 54.99142504765405], [-1.5331754915823694, 54.991469962078554], [-1.5331754915823694, 54.99164961977658], [-1.5330974356038496, 54.99169453420109], [-1.53294132364681, 54.99169453420109], [-1.5325510437542107, 54.99191910632362], [-1.5325510437542107, 54.992008935172635], [-1.5323168758186512, 54.992143678446155], [-1.5316924279904924, 54.992143678446155], [-1.5315363160334527, 54.99205384959714], [-1.5310679801623337, 54.99205384959714], [-1.5309899241838139, 54.992008935172635], [-1.5309899241838139, 54.99191910632362], [-1.5307557562482543, 54.9917843630501], [-1.5305996442912146, 54.991874191899115], [-1.5303654763556551, 54.991739448625594], [-1.5306777002697345, 54.99155979092757], [-1.5305215883126948, 54.991469962078554], [-1.5305996442912146, 54.99142504765405], [-1.5307557562482543, 54.99142504765405], [-1.5308338122267742, 54.99138013322954], [-1.5308338122267742, 54.99129030438053], [-1.5305996442912146, 54.99115556110701], [-1.530443532334175, 54.99124538995602], [-1.5298190845060162, 54.99124538995602], [-1.5297410285274964, 54.991200475531514], [-1.5297410285274964, 54.9911106466825], [-1.5298190845060162, 54.991065732257994], [-1.5301313084200956, 54.991065732257994], [-1.5303654763556551, 54.99093098898447], [-1.5303654763556551, 54.99075133128645], [-1.5302093643986154, 54.99066150243743], [-1.5302093643986154, 54.99057167358842], [-1.5302874203771353, 54.99052675916391], [-1.5303654763556551, 54.99057167358842], [-1.5303654763556551, 54.99066150243743], [-1.530443532334175, 54.99070641686194], [-1.5307557562482543, 54.99070641686194], [-1.530911868205294, 54.99079624571095], [-1.5310679801623337, 54.99079624571095], [-1.5311460361408535, 54.99075133128645], [-1.5311460361408535, 54.99066150243743], [-1.531380204076413, 54.99052675916391], [-1.5315363160334527, 54.99052675916391], [-1.5317704839690123, 54.99039201589039], [-1.5316143720119726, 54.99030218704138], [-1.5316143720119726, 54.99012252934335], [-1.531458260054933, 54.99003270049434], [-1.531458260054933, 54.98985304279631], [-1.5316143720119726, 54.9897632139473], [-1.5316143720119726, 54.98958355624927], [-1.531458260054933, 54.98949372740026], [-1.531458260054933, 54.989403898551245], [-1.5313021480978932, 54.98931406970223], [-1.5313021480978932, 54.98877509660815], [-1.5311460361408535, 54.98868526775914], [-1.5311460361408535, 54.98850561006111], [-1.5312240921193734, 54.988460695636604], [-1.531380204076413, 54.988460695636604], [-1.5315363160334527, 54.98837086678759], [-1.5316924279904924, 54.98837086678759], [-1.5317704839690123, 54.988325952363084], [-1.5317704839690123, 54.98823612351407], [-1.5318485399475321, 54.988191209089564], [-1.5321607638616115, 54.98837086678759], [-1.5322388198401313, 54.988325952363084], [-1.5322388198401313, 54.988056465816044], [-1.5324729877756909, 54.987921722542524], [-1.5326290997327305, 54.987921722542524], [-1.5327852116897702, 54.98801155139154], [-1.53286326766829, 54.98796663696703], [-1.53286326766829, 54.987786979269], [-1.5327071557112504, 54.98769715041999], [-1.5327852116897702, 54.98765223599548], [-1.53294132364681, 54.98765223599548], [-1.5330193796253297, 54.98760732157098], [-1.5330193796253297, 54.987337835023936], [-1.53286326766829, 54.98724800617492], [-1.5330974356038496, 54.9871132629014], [-1.533409659517929, 54.9871132629014], [-1.5335657714749686, 54.987203091750416], [-1.5337218834320083, 54.987203091750416], [-1.533877995389048, 54.98729292059943], [-1.5340341073460877, 54.98729292059943], [-1.5341121633246075, 54.98724800617492], [-1.5339560513675679, 54.98715817732591], [-1.5341121633246075, 54.987068348476896], [-1.5340341073460877, 54.98702343405239], [-1.5335657714749686, 54.98702343405239], [-1.5334877154964488, 54.98697851962788], [-1.5334877154964488, 54.98670903308084], [-1.5335657714749686, 54.986664118656336], [-1.5340341073460877, 54.986664118656336], [-1.5341121633246075, 54.98661920423183], [-1.5341121633246075, 54.986529375382815], [-1.5339560513675679, 54.9864395465338], [-1.5339560513675679, 54.986259888835775], [-1.5341902193031274, 54.986125145562255], [-1.534346331260167, 54.986125145562255], [-1.5345024432172067, 54.98603531671324], [-1.5349707790883258, 54.98603531671324], [-1.5350488350668456, 54.98608023113775], [-1.5350488350668456, 54.986259888835775], [-1.5354391149594449, 54.98648446095831], [-1.535829394852044, 54.986259888835775], [-1.535829394852044, 54.985990402288735], [-1.5356732828950044, 54.98590057343972], [-1.5356732828950044, 54.98581074459071], [-1.5357513388735242, 54.9857658301662], [-1.536375786701683, 54.9857658301662], [-1.5364538426802028, 54.985720915741695], [-1.5364538426802028, 54.98563108689268], [-1.5362977307231631, 54.98554125804367], [-1.536375786701683, 54.98549634361916], [-1.5365318986587226, 54.98549634361916], [-1.5366880106157623, 54.985586172468174], [-1.5369221785513218, 54.985451429194654], [-1.5369221785513218, 54.98482262725156], [-1.5370782905083615, 54.98473279840255], [-1.5370782905083615, 54.98455314070452], [-1.5371563464868814, 54.98450822628001], [-1.537312458443921, 54.98450822628001], [-1.537390514422441, 54.98446331185551], [-1.537390514422441, 54.98437348300649], [-1.5372344024654012, 54.98428365415748], [-1.5372344024654012, 54.98410399645945], [-1.537390514422441, 54.98401416761044], [-1.537390514422441, 54.983924338761426], [-1.537312458443921, 54.98387942433692], [-1.5371563464868814, 54.98387942433692], [-1.5370782905083615, 54.98383450991241], [-1.5370782905083615, 54.983654852214386], [-1.5372344024654012, 54.98356502336537], [-1.5372344024654012, 54.98347519451636], [-1.5370002345298417, 54.98334045124284], [-1.5369221785513218, 54.983385365667345], [-1.5369221785513218, 54.98347519451636], [-1.5366880106157623, 54.98360993778988], [-1.5360635627876036, 54.98360993778988], [-1.535829394852044, 54.98347519451636], [-1.535829394852044, 54.983385365667345], [-1.5355171709379647, 54.98320570796932], [-1.5355171709379647, 54.983115879120305], [-1.5352049470238853, 54.98293622142228], [-1.5352049470238853, 54.98266673487524], [-1.535361058980925, 54.982576906026225], [-1.535361058980925, 54.98248707717721], [-1.5355171709379647, 54.9823972483282], [-1.5355171709379647, 54.98212776178116], [-1.5357513388735242, 54.98199301850764], [-1.5362196747446433, 54.98199301850764], [-1.5365318986587226, 54.982172676205664], [-1.5376246823580004, 54.982172676205664], [-1.5377027383365203, 54.98212776178116], [-1.5377027383365203, 54.982037932932144], [-1.5377807943150401, 54.98199301850764], [-1.5379369062720798, 54.98199301850764], [-1.5380930182291195, 54.981903189658624], [-1.5385613541002385, 54.981903189658624], [-1.5387174660572782, 54.98199301850764], [-1.5390296899713576, 54.98199301850764], [-1.539263857906917, 54.98212776178116], [-1.5391077459498774, 54.98221759063017], [-1.5391077459498774, 54.982307419479184], [-1.5391858019283973, 54.98235233390369], [-1.539341913885437, 54.98235233390369], [-1.5394980258424766, 54.982442162752704], [-1.5396541377995163, 54.982442162752704], [-1.5397321937780362, 54.98248707717721], [-1.5397321937780362, 54.98266673487524], [-1.5401224736706354, 54.98289130699777], [-1.5402005296491552, 54.982846392573265], [-1.5402005296491552, 54.98248707717721], [-1.5400444176921155, 54.9823972483282], [-1.5400444176921155, 54.98194810408313], [-1.540356641606195, 54.981768446385104], [-1.540356641606195, 54.98167861753609], [-1.5405127535632346, 54.98158878868708], [-1.5405127535632346, 54.98140913098905], [-1.5406688655202743, 54.98131930214004], [-1.5406688655202743, 54.98095998674398], [-1.540824977477314, 54.98087015789497], [-1.540746921498794, 54.98082524347046], [-1.5405908095417544, 54.98082524347046], [-1.5399663617135957, 54.98118455886652], [-1.5396541377995163, 54.98118455886652], [-1.5394980258424766, 54.98127438771553], [-1.5391858019283973, 54.98127438771553], [-1.5391077459498774, 54.98122947329102], [-1.5391077459498774, 54.981049815592996], [-1.5389516339928377, 54.98095998674398], [-1.5389516339928377, 54.980780329045956], [-1.538795522035798, 54.98069050019694], [-1.538795522035798, 54.98033118480089], [-1.5389516339928377, 54.980241355951875], [-1.5389516339928377, 54.97898375206569], [-1.5387174660572782, 54.97884900879217], [-1.5384052421431988, 54.97884900879217], [-1.538327186164679, 54.97880409436766], [-1.538327186164679, 54.97835495012259], [-1.5384832981217187, 54.97826512127358], [-1.5384832981217187, 54.977905805877526], [-1.538327186164679, 54.97781597702851], [-1.538327186164679, 54.9777261481795], [-1.5381710742076393, 54.977636319330486], [-1.5381710742076393, 54.97745666163246], [-1.538327186164679, 54.977366832783446], [-1.538327186164679, 54.97727700393443], [-1.5384052421431988, 54.977232089509926], [-1.5394980258424766, 54.977232089509926], [-1.5396541377995163, 54.97732191835894], [-1.539810249756556, 54.97732191835894], [-1.5400444176921155, 54.97718717508542], [-1.5400444176921155, 54.976827859689365], [-1.5398883057350758, 54.97673803084035], [-1.5398883057350758, 54.9763787154443], [-1.5400444176921155, 54.976288886595285], [-1.5400444176921155, 54.97610922889726], [-1.540356641606195, 54.97592957119923], [-1.5400444176921155, 54.975749913501204], [-1.5400444176921155, 54.97557025580318], [-1.540278585627675, 54.97543551252966], [-1.5405908095417544, 54.97543551252966], [-1.540824977477314, 54.97530076925614], [-1.5405127535632346, 54.97512111155811], [-1.540746921498794, 54.97498636828459], [-1.5409030334558338, 54.9750761971336], [-1.5410591454128735, 54.97498636828459], [-1.5412152573699132, 54.97498636828459], [-1.5413713693269528, 54.974896539435576], [-1.541839705198072, 54.974896539435576], [-1.5419958171551116, 54.97498636828459], [-1.542229985090671, 54.97485162501107], [-1.542229985090671, 54.974761796162056], [-1.542308041069191, 54.97471688173755], [-1.5424641530262306, 54.97471688173755], [-1.5426983209617902, 54.97458213846403], [-1.5426983209617902, 54.974492309615016], [-1.5426202649832703, 54.97444739519051], [-1.5419958171551116, 54.97444739519051], [-1.5419177611765917, 54.974402480766], [-1.542229985090671, 54.974222823067976], [-1.542229985090671, 54.97413299421896], [-1.5424641530262306, 54.97399825094544], [-1.5425422090047505, 54.97404316536995], [-1.5425422090047505, 54.97413299421896], [-1.5426202649832703, 54.97417790864347], [-1.543244712811429, 54.97417790864347], [-1.543322768789949, 54.974222823067976], [-1.543322768789949, 54.97431265191699], [-1.5431666568329092, 54.974402480766], [-1.543322768789949, 54.974492309615016], [-1.5430886008543894, 54.974627052888536], [-1.54277637694031, 54.974627052888536], [-1.5426983209617902, 54.97467196731304], [-1.54277637694031, 54.97471688173755], [-1.543244712811429, 54.97471688173755], [-1.5434788807469886, 54.97458213846403], [-1.5434788807469886, 54.97413299421896], [-1.543322768789949, 54.97404316536995], [-1.543322768789949, 54.973953336520935], [-1.5430105448758695, 54.97377367882291], [-1.5430105448758695, 54.97323470572883], [-1.5428544329188298, 54.973144876879815], [-1.5428544329188298, 54.9730550480308], [-1.5426983209617902, 54.97296521918179], [-1.5426983209617902, 54.972875390332774], [-1.5428544329188298, 54.97278556148376], [-1.5428544329188298, 54.97269573263475], [-1.54277637694031, 54.97265081821024], [-1.5426202649832703, 54.972740647059254], [-1.5424641530262306, 54.972740647059254], [-1.542308041069191, 54.97265081821024], [-1.5421519291121513, 54.97265081821024], [-1.5420738731336314, 54.972605903785734], [-1.5420738731336314, 54.97206693069165], [-1.5423860970477108, 54.97188727299363], [-1.542308041069191, 54.97184235856912], [-1.5421519291121513, 54.97184235856912], [-1.5419177611765917, 54.9717076152956], [-1.5419177611765917, 54.971617786446586], [-1.5420738731336314, 54.97152795759757], [-1.5420738731336314, 54.971348299899546], [-1.5419958171551116, 54.97130338547504], [-1.541761649219552, 54.97143812874856], [-1.541761649219552, 54.97152795759757], [-1.5416055372625124, 54.971617786446586], [-1.5416055372625124, 54.9717076152956], [-1.5415274812839925, 54.971752529720106], [-1.5413713693269528, 54.971752529720106], [-1.541293313348433, 54.9717076152956], [-1.541293313348433, 54.971348299899546], [-1.5415274812839925, 54.971213556626026], [-1.5416835932410322, 54.971213556626026], [-1.541839705198072, 54.97112372777701], [-1.5421519291121513, 54.97112372777701], [-1.542229985090671, 54.97116864220152], [-1.542229985090671, 54.97125847105053], [-1.542308041069191, 54.97130338547504], [-1.5429324888973497, 54.97130338547504], [-1.543244712811429, 54.97112372777701], [-1.5434008247684687, 54.97112372777701], [-1.5438691606395878, 54.97139321432405], [-1.5443374965107068, 54.97139321432405], [-1.5444936084677465, 54.971483043173066], [-1.5446497204247862, 54.971483043173066], [-1.544727776403306, 54.97143812874856], [-1.544727776403306, 54.97116864220152], [-1.5445716644462664, 54.971078813352506], [-1.5445716644462664, 54.97098898450349], [-1.5444936084677465, 54.970944070078986], [-1.5443374965107068, 54.971033898928], [-1.5441813845536672, 54.971033898928], [-1.5439472166181076, 54.97089915565448], [-1.5439472166181076, 54.970809326805465], [-1.5440252725966275, 54.97076441238096], [-1.5443374965107068, 54.97076441238096], [-1.5444155524892267, 54.97071949795645], [-1.5444155524892267, 54.97062966910744], [-1.5443374965107068, 54.97058475468293], [-1.5434008247684687, 54.97058475468293], [-1.5431666568329092, 54.97045001140941], [-1.5431666568329092, 54.970270353711385], [-1.543244712811429, 54.97022543928688], [-1.5434008247684687, 54.97022543928688], [-1.5434788807469886, 54.97018052486237], [-1.543322768789949, 54.97009069601336], [-1.5435569367255084, 54.96995595273984], [-1.543713048682548, 54.96995595273984], [-1.543791104661068, 54.96991103831533], [-1.543791104661068, 54.96955172291928], [-1.5436349927040283, 54.969461894070264], [-1.543713048682548, 54.96941697964576], [-1.5438691606395878, 54.96941697964576], [-1.5440252725966275, 54.96950680849477], [-1.5443374965107068, 54.96950680849477], [-1.5446497204247862, 54.969327150796744], [-1.5449619443388656, 54.969327150796744], [-1.545274168252945, 54.96950680849477], [-1.5455863921670243, 54.96950680849477], [-1.5456644481455442, 54.969461894070264], [-1.5455083361885045, 54.96937206522125], [-1.5455083361885045, 54.969192407523224], [-1.5456644481455442, 54.96910257867421], [-1.5456644481455442, 54.9690127498252], [-1.5455083361885045, 54.96892292097618], [-1.5456644481455442, 54.96883309212717], [-1.5456644481455442, 54.96874326327816], [-1.5455083361885045, 54.96865343442914], [-1.5455083361885045, 54.96856360558013], [-1.545742504124064, 54.96842886230661], [-1.5460547280381434, 54.96842886230661], [-1.546288895973703, 54.96856360558013], [-1.546288895973703, 54.96883309212717], [-1.5463669519522227, 54.96887800655168], [-1.5465230639092624, 54.96878817770266], [-1.5468352878233418, 54.96878817770266], [-1.5469133438018616, 54.96874326327816], [-1.5468352878233418, 54.96869834885365], [-1.5465230639092624, 54.96869834885365], [-1.5464450079307426, 54.96865343442914], [-1.5464450079307426, 54.96829411903309], [-1.546679175866302, 54.96815937575957], [-1.5471475117374212, 54.96815937575957], [-1.547225567715941, 54.968204290184076], [-1.547225567715941, 54.96829411903309], [-1.5473036236944608, 54.968339033457596], [-1.5475377916300204, 54.968204290184076], [-1.5475377916300204, 54.96811446133506], [-1.54769390358706, 54.96802463248605], [-1.54769390358706, 54.967934803637036], [-1.5478500155440997, 54.96784497478802], [-1.54777195956558, 54.967800060363516], [-1.5473036236944608, 54.967800060363516], [-1.5470694557589013, 54.967665317089995], [-1.5470694557589013, 54.967395830542955], [-1.547225567715941, 54.96730600169394], [-1.547225567715941, 54.9670365151469], [-1.5473816796729807, 54.96694668629789], [-1.5473816796729807, 54.96667719975085], [-1.5476158476085402, 54.96654245647733], [-1.5479280715226196, 54.966722114175354], [-1.548240295436699, 54.966722114175354], [-1.5483183514152188, 54.96667719975085], [-1.5480061275011394, 54.96649754205282], [-1.5480061275011394, 54.96640771320381], [-1.5480841834796593, 54.9663627987793], [-1.5483964073937386, 54.9663627987793], [-1.5485525193507783, 54.96627296993029], [-1.548708631307818, 54.96627296993029], [-1.5487866872863378, 54.96622805550578], [-1.5487866872863378, 54.96613822665677], [-1.5486305753292982, 54.966048397807754], [-1.5486305753292982, 54.96595856895874], [-1.548708631307818, 54.96591365453423], [-1.549176967178937, 54.96591365453423], [-1.5494891910930164, 54.96573399683621], [-1.549645303050056, 54.96573399683621], [-1.5498014150070958, 54.96582382568522], [-1.5499575269641355, 54.96582382568522], [-1.5500355829426553, 54.96586874010973], [-1.5500355829426553, 54.96613822665677], [-1.5499575269641355, 54.966183141081274], [-1.5494891910930164, 54.966183141081274], [-1.5494111351144966, 54.96613822665677], [-1.5494111351144966, 54.966048397807754], [-1.5493330791359767, 54.96600348338325], [-1.549255023157457, 54.966048397807754], [-1.549255023157457, 54.966317884354794], [-1.549176967178937, 54.9663627987793], [-1.548708631307818, 54.9663627987793], [-1.5486305753292982, 54.96640771320381], [-1.5486305753292982, 54.96649754205282], [-1.548708631307818, 54.96654245647733], [-1.5488647432648577, 54.96654245647733], [-1.5489427992433775, 54.966587370901834], [-1.5489427992433775, 54.96667719975085], [-1.5484744633722585, 54.96694668629789], [-1.5484744633722585, 54.9670365151469], [-1.5485525193507783, 54.96708142957141], [-1.5488647432648577, 54.96708142957141], [-1.5489427992433775, 54.9670365151469], [-1.5489427992433775, 54.96694668629789], [-1.5490208552218974, 54.96690177187338], [-1.549176967178937, 54.96690177187338], [-1.5493330791359767, 54.96681194302437], [-1.549645303050056, 54.96681194302437], [-1.549723359028576, 54.96676702859986], [-1.5495672470715363, 54.96667719975085], [-1.549723359028576, 54.966587370901834], [-1.549723359028576, 54.96649754205282], [-1.5499575269641355, 54.9663627987793], [-1.5501136389211752, 54.9663627987793], [-1.5503478068567347, 54.96622805550578], [-1.5503478068567347, 54.96613822665677], [-1.5504258628352545, 54.96609331223226], [-1.5507380867493339, 54.96609331223226], [-1.5508941987063736, 54.966183141081274], [-1.5510503106634133, 54.966183141081274], [-1.5512844785989728, 54.966048397807754], [-1.5512844785989728, 54.96586874010973], [-1.5515186465345323, 54.96573399683621], [-1.551674758491572, 54.96582382568522], [-1.5519869824056514, 54.96582382568522], [-1.5523772622982506, 54.96559925356269], [-1.5523772622982506, 54.96550942471367], [-1.5522211503412109, 54.96541959586466], [-1.5522211503412109, 54.965329767015646], [-1.551674758491572, 54.9650153660441], [-1.5515186465345323, 54.9650153660441], [-1.5514405905560125, 54.96497045161959], [-1.5514405905560125, 54.96461113622354], [-1.5515967025130522, 54.964521307374525], [-1.5515967025130522, 54.96443147852551], [-1.5517528144700918, 54.9643416496765], [-1.5515967025130522, 54.964251820827485], [-1.5517528144700918, 54.96416199197847], [-1.5517528144700918, 54.96407216312946], [-1.5518308704486117, 54.96402724870495], [-1.552143094362691, 54.96402724870495], [-1.5522211503412109, 54.96407216312946], [-1.5522211503412109, 54.964251820827485], [-1.55261143023381, 54.96447639295002], [-1.5527675421908498, 54.96447639295002], [-1.5529236541478895, 54.964386564101005], [-1.5532358780619688, 54.964386564101005], [-1.5537042139330879, 54.964117077553965], [-1.5538603258901276, 54.964117077553965], [-1.5542506057827268, 54.96389250543143], [-1.5542506057827268, 54.96380267658242], [-1.5544847737182863, 54.9636679333089], [-1.5547969976323657, 54.9636679333089], [-1.5550311655679252, 54.96353319003538], [-1.5550311655679252, 54.96326370348834], [-1.5552653335034847, 54.96312896021482], [-1.5554214454605244, 54.96312896021482], [-1.5554995014390443, 54.96308404579031], [-1.5554995014390443, 54.9629942169413], [-1.5554214454605244, 54.96294930251679], [-1.555109221546445, 54.96294930251679], [-1.5547189416538458, 54.96272473039426], [-1.5547189416538458, 54.96209592845116], [-1.5545628296968061, 54.96200609960215], [-1.5545628296968061, 54.96182644190412], [-1.5544067177397665, 54.96173661305511], [-1.5544067177397665, 54.961646784206096], [-1.5549531095894054, 54.96133238323455], [-1.555109221546445, 54.96133238323455], [-1.5557336693746038, 54.960973067838495], [-1.5558897813316435, 54.960973067838495], [-1.5560458932886831, 54.96106289668751], [-1.5562020052457228, 54.96106289668751], [-1.5562800612242427, 54.961017982263], [-1.5559678373101633, 54.960838324564975], [-1.5562020052457228, 54.960703581291455], [-1.5564361731812824, 54.960838324564975], [-1.5564556871759123, 54.96092815341399], [-1.5565142291598022, 54.96105166808138], [-1.556592285138322, 54.961107811112015], [-1.5564361731812824, 54.96119763996103], [-1.5565142291598022, 54.961242554385535], [-1.5568264530738816, 54.96115272553652], [-1.5569240230470314, 54.96119763996103], [-1.5579192367731594, 54.96150081232645], [-1.5579972927516792, 54.96155695535708], [-1.5575289568805601, 54.96182644190412], [-1.5575289568805601, 54.96200609960215], [-1.5576850688375998, 54.96209592845116], [-1.5575289568805601, 54.962185757300176], [-1.5576850688375998, 54.96227558614919], [-1.5576850688375998, 54.96254507269623], [-1.5577631248161197, 54.96258998712074], [-1.5579192367731594, 54.96258998712074], [-1.5579972927516792, 54.96254507269623], [-1.5578411807946395, 54.96245524384722], [-1.5578411807946395, 54.962185757300176], [-1.558075348730199, 54.962051014026656], [-1.558543684601318, 54.962051014026656], [-1.5587778525368776, 54.962185757300176], [-1.5587778525368776, 54.96245524384722], [-1.558543684601318, 54.96258998712074], [-1.558075348730199, 54.96258998712074], [-1.5579972927516792, 54.96263490154524], [-1.558075348730199, 54.96267981596975], [-1.5583875726442784, 54.96267981596975], [-1.558543684601318, 54.96276964481876], [-1.5586997965583578, 54.96276964481876], [-1.5590120204724371, 54.96294930251679], [-1.5594803563435562, 54.96294930251679], [-1.5596364683005959, 54.963039131365804], [-1.5597925802576356, 54.963039131365804], [-1.5599486922146752, 54.96294930251679], [-1.5602609161287546, 54.96285947366778], [-1.5604170280857943, 54.96284824506165], [-1.5608853639569134, 54.96284824506165], [-1.5609634199354332, 54.962904388092284], [-1.5609829339300632, 54.9629942169413], [-1.5622903715702705, 54.96329738930672], [-1.5623879415434203, 54.96335353233735], [-1.5632270433125086, 54.963746533551785], [-1.5633050992910285, 54.96380267658242], [-1.5633050992910285, 54.96416199197847], [-1.5634612112480681, 54.964251820827485], [-1.5634612112480681, 54.9643416496765], [-1.5638514911406673, 54.96456622179903], [-1.564007603097707, 54.96456622179903], [-1.5641637150547467, 54.96447639295002], [-1.564475938968826, 54.96447639295002], [-1.5647101069043856, 54.9643416496765], [-1.5647101069043856, 54.964251820827485], [-1.5647881628829055, 54.96420690640298], [-1.5649442748399451, 54.96419567779685], [-1.565022330818465, 54.964251820827485], [-1.5651784427755047, 54.9643416496765], [-1.5651784427755047, 54.96461113622354], [-1.5654126107110642, 54.96456622179903], [-1.565510180684214, 54.96461113622354], [-1.5661931704962626, 54.96464482204192], [-1.5663492824533023, 54.964656050648045], [-1.5668176183244213, 54.96474587949706], [-1.5669151882975711, 54.964790793921566], [-1.569471521594096, 54.965093966286986], [-1.5695690915672458, 54.96515010931762], [-1.5731206385898986, 54.96515010931762], [-1.5732182085630484, 54.965093966286986], [-1.578369903145358, 54.965093966286986], [-1.5784674731185078, 54.96515010931762], [-1.5797749107587151, 54.96554311053205], [-1.579872480731865, 54.96559925356269], [-1.5811799183720723, 54.96599225477712], [-1.581277488345222, 54.966048397807754], [-1.5816482542431913, 54.96644139902219], [-1.5825263840015396, 54.96694668629789], [-1.5828971498995088, 54.967429516361335], [-1.5829947198726586, 54.96748565939197], [-1.583833821641747, 54.9678786606064], [-1.5839313916148967, 54.967934803637036], [-1.584302157512866, 54.96832780485147], [-1.5843997274860158, 54.9683839478821], [-1.584770493383985, 54.96877694909654], [-1.5848680633571348, 54.96883309212717], [-1.5857071651262231, 54.969226093341604], [-1.5865852948845713, 54.969731380617304], [-1.5869560607825406, 54.97012438183174], [-1.5870536307556904, 54.97018052486237], [-1.5878927325247787, 54.970573526076805], [-1.5879903024979285, 54.97062966910744], [-1.5884196103797876, 54.97062966910744], [-1.5885171803529374, 54.970573526076805], [-1.5892977401381359, 54.970573526076805], [-1.5893953101112857, 54.97062966910744], [-1.5977863278021687, 54.97062966910744], [-1.5978838977753185, 54.970573526076805], [-1.5996596712866449, 54.97018052486237], [-1.5997572412597947, 54.97012438183174], [-1.6013769028140814, 54.969731380617304], [-1.6014744727872312, 54.96967523758667], [-1.6027819104274386, 54.96928223637224], [-1.6028794804005884, 54.969226093341604], [-1.6041283760569058, 54.969226093341604], [-1.6042064320354257, 54.96928223637224], [-1.6042844880139455, 54.969327150796744], [-1.6044405999709852, 54.969327150796744], [-1.604518655949505, 54.96937206522125], [-1.604518655949505, 54.969461894070264], [-1.6042844880139455, 54.969596637343784], [-1.6041283760569058, 54.96950680849477], [-1.604050320078386, 54.96955172291928], [-1.604050320078386, 54.96964155176829], [-1.6039722640998662, 54.9696864661928], [-1.6038161521428265, 54.9696864661928], [-1.603581984207267, 54.96982120946632], [-1.603581984207267, 54.96991103831533], [-1.6033478162717074, 54.97004578158885], [-1.6031917043146677, 54.97004578158885], [-1.6029575363791082, 54.97018052486237], [-1.6029575363791082, 54.970270353711385], [-1.603113648336148, 54.9703601825604], [-1.603113648336148, 54.97062966910744], [-1.6029575363791082, 54.97071949795645], [-1.603035592357628, 54.97076441238096], [-1.6033478162717074, 54.97076441238096], [-1.6034258722502273, 54.97071949795645], [-1.6034258722502273, 54.97062966910744], [-1.603503928228747, 54.97058475468293], [-1.6038161521428265, 54.97058475468293], [-1.6041283760569058, 54.97076441238096], [-1.6045967119280249, 54.97076441238096], [-1.6046747679065447, 54.970809326805465], [-1.6046747679065447, 54.97098898450349], [-1.605065047799144, 54.971213556626026], [-1.6051431037776638, 54.97116864220152], [-1.6051431037776638, 54.971078813352506], [-1.6052211597561836, 54.971033898928], [-1.6053772717132233, 54.971033898928], [-1.6054553276917432, 54.971078813352506], [-1.6054553276917432, 54.97152795759757], [-1.605065047799144, 54.971752529720106], [-1.6047528238850646, 54.971752529720106], [-1.6046747679065447, 54.97179744414461], [-1.6046747679065447, 54.97188727299363], [-1.604518655949505, 54.97197710184264], [-1.604518655949505, 54.97215675954067], [-1.6045967119280249, 54.97220167396517], [-1.6047528238850646, 54.97220167396517], [-1.6049089358421043, 54.97211184511616], [-1.605065047799144, 54.97211184511616], [-1.6051431037776638, 54.97215675954067], [-1.6051431037776638, 54.97224658838968], [-1.604986991820624, 54.972336417238694], [-1.604986991820624, 54.97242624608771], [-1.6046747679065447, 54.972605903785734], [-1.6046747679065447, 54.972875390332774], [-1.604518655949505, 54.97296521918179], [-1.604518655949505, 54.9730550480308], [-1.6046747679065447, 54.973144876879815], [-1.6046747679065447, 54.97323470572883], [-1.6047528238850646, 54.973279620153335], [-1.605065047799144, 54.973279620153335], [-1.6051431037776638, 54.97323470572883], [-1.6051431037776638, 54.97278556148376], [-1.6052211597561836, 54.972740647059254], [-1.605533383670263, 54.97292030475728], [-1.6056894956273027, 54.97292030475728], [-1.6057675516058225, 54.972875390332774], [-1.6057675516058225, 54.97278556148376], [-1.606001719541382, 54.97265081821024], [-1.6061578314984217, 54.97265081821024], [-1.6062358874769416, 54.97269573263475], [-1.6062358874769416, 54.97296521918179], [-1.6060797755199019, 54.9730550480308], [-1.6062358874769416, 54.973144876879815], [-1.6062358874769416, 54.973414363426855], [-1.6060797755199019, 54.97350419227587], [-1.6060797755199019, 54.97359402112488], [-1.6059236635628622, 54.973683849973895], [-1.6059236635628622, 54.97386350767192], [-1.6061578314984217, 54.97399825094544], [-1.606470055412501, 54.97399825094544], [-1.6066261673695408, 54.974088079794456], [-1.6067822793265805, 54.974088079794456], [-1.6069383912836201, 54.97399825094544], [-1.6070945032406598, 54.97399825094544], [-1.6071725592191797, 54.97404316536995], [-1.6071725592191797, 54.97413299421896], [-1.6072506151976995, 54.97417790864347], [-1.6074067271547392, 54.97417790864347], [-1.607953119004378, 54.974492309615016], [-1.6077189510688186, 54.974627052888536], [-1.6075628391117789, 54.974627052888536], [-1.607484783133259, 54.97467196731304], [-1.607484783133259, 54.974761796162056], [-1.6073286711762194, 54.97485162501107], [-1.6073286711762194, 54.97494145386008], [-1.607484783133259, 54.9750312827091], [-1.6073286711762194, 54.97512111155811], [-1.6073286711762194, 54.97521094040712], [-1.60701644726214, 54.97539059810515], [-1.60701644726214, 54.975480426954164], [-1.6069383912836201, 54.97552534137867], [-1.6066261673695408, 54.97552534137867], [-1.606548111391021, 54.975480426954164], [-1.606548111391021, 54.97539059810515], [-1.6068603353051003, 54.97521094040712], [-1.6068603353051003, 54.97512111155811], [-1.6067822793265805, 54.9750761971336], [-1.6066261673695408, 54.9750761971336], [-1.606470055412501, 54.97516602598262], [-1.6063139434554614, 54.97516602598262], [-1.6062358874769416, 54.97512111155811], [-1.6062358874769416, 54.9750312827091], [-1.6058456075843424, 54.97480671058656], [-1.6056114396487828, 54.97494145386008], [-1.6056114396487828, 54.97539059810515], [-1.606001719541382, 54.975615170227684], [-1.6061578314984217, 54.975615170227684], [-1.6063919994339813, 54.975749913501204], [-1.6063919994339813, 54.97610922889726], [-1.6062358874769416, 54.97619905774627], [-1.6063139434554614, 54.97624397217078], [-1.6066261673695408, 54.97624397217078], [-1.6067822793265805, 54.976154143321764], [-1.6075628391117789, 54.976154143321764], [-1.6076408950902987, 54.97610922889726], [-1.6076408950902987, 54.976019400048244], [-1.6077189510688186, 54.97597448562374], [-1.607953119004378, 54.97610922889726], [-1.6077970070473384, 54.97619905774627], [-1.607953119004378, 54.976288886595285], [-1.6077970070473384, 54.9763787154443], [-1.6077970070473384, 54.97646854429331], [-1.6077189510688186, 54.97651345871782], [-1.6075628391117789, 54.97651345871782], [-1.607484783133259, 54.976558373142325], [-1.6076408950902987, 54.97664820199134], [-1.6076408950902987, 54.97673803084035], [-1.6075628391117789, 54.97678294526486], [-1.6074067271547392, 54.97678294526486], [-1.6073286711762194, 54.976827859689365], [-1.6074067271547392, 54.97687277411387]]]}}]}