{"type": "FeatureCollection", "features": [{"type": "Feature", "properties": {"band_id": "over_60", "order": 0}, "geometry": {"type": "Polygon", "coordinates": [[[-1.969352804384158, 54.94435928930179], [-1.965291554891808, 54.94980279573842], [-1.965102445683988, 54.95003007108622], [-1.959144047677785, 54.95630672774041], [-1.95909008697066, 54.95785030877818], [-1.959088434104275, 54.95786551051511], [-1.957874141470778, 54.96433835663971], [-1.955652341305184, 54.97072208281634], [-1.952440589741353, 54.97696488513139], [-1.952428143446584, 54.976985597252], [-1.948621512618619, 54.98256010869368], [-1.944024659971256, 54.98793415824276], [-1.938668885204633, 54.993070792734876], [-1.938642219587574, 54.99309411562883], [-1.938041866714362, 54.993562625308186], [-1.937312068261724, 54.99467874192255], [-1.937183668679327, 54.994850363360044], [-1.931841751697192, 55.00113334313732], [-1.929176452758036, 55.00362415552661], [-1.928709719615535, 55.00436625918139], [-1.923185279044071, 55.01096811917082], [-1.916524935858073, 55.01721449670693], [-1.908796731826823, 55.023041099954895], [-1.900079802061568, 55.028387930874864], [-1.890463570631138, 55.03319990900059], [-1.888265741986245, 55.0340920260593], [-1.884002430339719, 55.03908718041298], [-1.877672712275104, 55.044992238552325], [-1.870385138184011, 55.050521569933046], [-1.864612279658536, 55.0541234336442], [-1.863829324697496, 55.055201974517935], [-1.857808616106178, 55.061596760561905], [-1.850697732854412, 55.06761187044578], [-1.842568279706775, 55.073186334977365], [-1.838485960179797, 55.07547282893504], [-1.838353655123285, 55.076230969765824], [-1.835953450892227, 55.08312659200845], [-1.832395999998103, 55.08985576113678], [-1.827714425763689, 55.0963547394274], [-1.821952559210344, 55.10256193928863], [-1.815164541426648, 55.1084185104419], [-1.807414324912833, 55.11386890206159], [-1.799238496647234, 55.11859363895369], [-1.796822681136139, 55.120235051744174], [-1.787967903119299, 55.12517543853256], [-1.778310090547728, 55.129594956117714], [-1.767942037584924, 55.1334510280518], [-1.756963471364132, 55.136706494646084], [-1.745480085280567, 55.1393299758823], [-1.733602510808415, 55.141296178196704], [-1.728135190825124, 55.14187645595655], [-1.725526744071715, 55.142382235439534], [-1.724758716776858, 55.14250714936994], [-1.724398723160248, 55.142563142616645], [-1.721299363704323, 55.14318210207461], [-1.721324043652126, 55.14322043977435], [-1.719842371482522, 55.14353336343599], [-1.716089159629171, 55.14428767263035], [-1.71358583224136, 55.14476547147522], [-1.711198531634091, 55.14522363856607], [-1.709727519008462, 55.145500189975394], [-1.707703996228685, 55.14587272184421], [-1.707467871223995, 55.14591604349105], [-1.70686177053653, 55.146026865470034], [-1.705110060853437, 55.146347008799644], [-1.704316125822015, 55.146490330291], [-1.703648968874736, 55.14662471915858], [-1.693671821571138, 55.148372211003895], [-1.692897359714591, 55.14848801022868], [-1.687849551409021, 55.149179488800975], [-1.687213481675561, 55.1492587262039], [-1.685323731973442, 55.14948546492881], [-1.683800343866148, 55.14966127047835], [-1.680059182175907, 55.15005943073523], [-1.678677293087317, 55.15019416567449], [-1.676931563296182, 55.150357154287384], [-1.674946807661956, 55.1505342633822], [-1.672371686481475, 55.15074846198822], [-1.671380945656608, 55.15082489543709], [-1.664412370564329, 55.15124988964758], [-1.663261712518285, 55.15130157921927], [-1.659624654048027, 55.151315039427146], [-1.657484007466116, 55.15147010430263], [-1.645412105799181, 55.1516777988485], [-1.633360956870624, 55.151222851268926], [-1.621441412738444, 55.15010944721766], [-1.60976309518444, 55.14834782850343], [-1.598433371930641, 55.1459541973592], [-1.587556355222586, 55.14295056508285], [-1.577231932647767, 55.13936454655099], [-1.567554839670163, 55.13522910263817], [-1.567318136371121, 55.13510610494154], [-1.567082282409889, 55.13508782953188], [-1.566952663095267, 55.135072702606266], [-1.566960084540924, 55.135051830450124], [-1.565999290470164, 55.13502315086823], [-1.554134199334247, 55.13401509022348], [-1.550832735890716, 55.133547386420716], [-1.547619477277762, 55.133753325007454], [-1.542846324026736, 55.133785967677255], [-1.532140807488463, 55.13762747839096], [-1.531886428078406, 55.13770840466268], [-1.52339357512731, 55.140174456300265], [-1.522990215524174, 55.14028079916774], [-1.522050094588275, 55.14052850010673], [-1.510878348555858, 55.14310887324498], [-1.499326877445998, 55.14506646099529], [-1.493521963897818, 55.14571304890859], [-1.490588242341418, 55.14627654263608], [-1.479207610298336, 55.147808437758805], [-1.467627742650556, 55.148729743832796], [-1.467602998535121, 55.148731046062416], [-1.453592768681917, 55.14901991683244], [-1.439613266601937, 55.14841581908839], [-1.425837782463112, 55.14692624330831], [-1.425795312742079, 55.14692023269272], [-1.413707859985736, 55.14483651444099], [-1.402045685325968, 55.14207071207527], [-1.390925866380586, 55.138650616331496], [-1.38045995206584, 55.134610583849096], [-1.374013566210381, 55.13154310101383], [-1.372273258631707, 55.13085409540585], [-1.37187862008546, 55.13068264991121], [-1.367277776529422, 55.128585179850354], [-1.367179135721609, 55.12853801482555], [-1.359050595262404, 55.12429296682101], [-1.351599724880227, 55.11965797919321], [-1.351524860728135, 55.119607120463144], [-1.345587961399884, 55.11524509621535], [-1.340251555473553, 55.11063542987034], [-1.340083124089021, 55.11047708261677], [-1.333694861850742, 55.103677869284404], [-1.333638813126278, 55.103609717481845], [-1.329089516717215, 55.09732671381071], [-1.328875294106277, 55.096986408445154], [-1.328317443308135, 55.096081436655545], [-1.32820791911176, 55.09589993121436], [-1.323624129291114, 55.086142039720826], [-1.323592603850124, 55.0860496084586], [-1.321994909187429, 55.079838083852266], [-1.318996517700036, 55.077305128432194], [-1.314012435456128, 55.072268666394905], [-1.313951873895061, 55.072201311392384], [-1.309281719026878, 55.06638853035162], [-1.305594424466418, 55.06046985063001], [-1.299235137643062, 55.05568287767271], [-1.299161821055126, 55.0556218158624], [-1.292588787256842, 55.04951913612348], [-1.287103486853615, 55.04307223716709], [-1.282759522978047, 55.03634474935797], [-1.282209665547398, 55.03513716728323], [-1.279547956584645, 55.030610507274666], [-1.27878412860237, 55.02859626710192], [-1.278080619930722, 55.02803254661098], [-1.278125814442227, 55.02801393514947], [-1.27388913910806, 55.02467028193094], [-1.273588891569633, 55.024376236727456], [-1.270658163708995, 55.02288854110832], [-1.27051186526637, 55.02280443490339], [-1.262214509578004, 55.01753995997923], [-1.254858199709591, 55.011832709677584], [-1.248513718054659, 55.005737921929395], [-1.243241969010355, 54.99931455936171], [-1.239521293916411, 54.99331484385863], [-1.2359263079093, 54.98833680832908], [-1.23221696923388, 54.981200717582105], [-1.231850139423733, 54.98008804246671], [-1.23131508253095, 54.97903166627434], [-1.230905195978257, 54.97772107660165], [-1.228979202196657, 54.97360620573804], [-1.228843859938567, 54.9732434724224], [-1.226665661614722, 54.96524406254254], [-1.226056147609292, 54.957154688845414], [-1.226076706559333, 54.9569827832458], [-1.2260001119846, 54.95622576031582], [-1.226423384324445, 54.94943447118868], [-1.227213358609755, 54.94595272119865], [-1.227360414351794, 54.94448078564379], [-1.228324015884405, 54.940908593807166], [-1.228775551232993, 54.938358226628374], [-1.229512173544441, 54.936255828860816], [-1.22776950380395, 54.930846330931594], [-1.22776378005315, 54.93082122529025], [-1.226822824252898, 54.924663403421704], [-1.226798669778004, 54.918481794383496], [-1.226801075945323, 54.918447597102585], [-1.226815816362816, 54.91834391495384], [-1.225265675292141, 54.91158891031091], [-1.225257950795489, 54.91153200283004], [-1.224896645414412, 54.904582881422286], [-1.225695109863999, 54.89764587807723], [-1.227645371674269, 54.890785096853854], [-1.227722404161881, 54.89061721372766], [-1.227610251006896, 54.89046173879081], [-1.223936924117286, 54.88342691738036], [-1.221521778971969, 54.87621346822484], [-1.220389092263427, 54.868895928013856], [-1.220549863925591, 54.861549868503246], [-1.221022433229912, 54.85917449294248], [-1.221619524904511, 54.853065339385054], [-1.223605685348827, 54.845846262724955], [-1.22684375843205, 54.83877969169384], [-1.231300057300741, 54.831937737498976], [-1.236928528280086, 54.82539018384165], [-1.24367124234552, 54.81920377922588], [-1.251459003737777, 54.813441561360655], [-1.260212068841454, 54.80816222029474], [-1.269840967519029, 54.80341950649453], [-1.280247418261039, 54.79926168959743], [-1.291325327778641, 54.79573107304828], [-1.295562815151068, 54.79468703776717], [-1.297694230984702, 54.7935086350784], [-1.298935471644004, 54.7916178323055], [-1.300899096510787, 54.78602932649395], [-1.303822641463332, 54.78023565946273], [-1.303855788337667, 54.78017889195666], [-1.30749838892497, 54.77468755137636], [-1.311899835943749, 54.769385332924585], [-1.311979204448726, 54.76929890512026], [-1.318434545670684, 54.76304944100148], [-1.32594171604873, 54.75720646723559], [-1.334424446528308, 54.75182900916682], [-1.343796715620634, 54.7469713676206], [-1.353963623327188, 54.74268257643431], [-1.36482234958242, 54.73900591331988], [-1.365427616360978, 54.73884578766505], [-1.366466001221494, 54.738496957110094], [-1.377408585281261, 54.73522616568087], [-1.388852897936534, 54.732593463056745], [-1.40068824258066, 54.73062429710824], [-1.409032357449442, 54.729738078419835], [-1.415082498108573, 54.72883676901337], [-1.426778662390889, 54.72776345037213], [-1.43859753438481, 54.727334678853765], [-1.450433499531602, 54.72755428740775], [-1.45358540719132, 54.727786765899474], [-1.460903046425312, 54.72781557345918], [-1.466281347514923, 54.72730377697732], [-1.466400240101539, 54.72729519162635], [-1.47447636818013, 54.72686525804178], [-1.47465644842763, 54.72685906830462], [-1.492431212429634, 54.7269799799361], [-1.492641042128535, 54.726990061346775], [-1.493975884864696, 54.72708387228892], [-1.496762432870682, 54.72706795317026], [-1.497198059021766, 54.727081028411554], [-1.510195163533885, 54.72786645933397], [-1.522980307468381, 54.729431924797225], [-1.535414321640169, 54.731760389140604], [-1.537498566512326, 54.7322215198925], [-1.546704657911333, 54.73450650768987], [-1.547105661735176, 54.73461722962134], [-1.557159467598634, 54.737725876528245], [-1.566683575720808, 54.741350926917946], [-1.566974179357197, 54.741472851649306], [-1.576790537294198, 54.74604446620443], [-1.585763573878532, 54.75116399164899], [-1.593802087257864, 54.75677958402906], [-1.600824238537652, 54.76283435335628], [-1.601610433429861, 54.76359206555549], [-1.606905362717111, 54.76925050586232], [-1.611310839598539, 54.775158490816224], [-1.614791668369396, 54.781269351202035], [-1.617319917315989, 54.78753479392192], [-1.618875151676362, 54.793905281748565], [-1.61892476283026, 54.79420403328072], [-1.619476171203013, 54.7997916875698], [-1.619368051226844, 54.802844042700706], [-1.622517159473638, 54.807584643910225], [-1.626863904424482, 54.80713973581584], [-1.637064204030912, 54.806586503386534], [-1.637453275679501, 54.8065746356764], [-1.638090839173015, 54.806555268384486], [-1.654038679492899, 54.80665738471475], [-1.654705895959546, 54.806686231882274], [-1.666951697575097, 54.807642762350554], [-1.66758258406308, 54.807672345815995], [-1.668151966879174, 54.80773644755616], [-1.669533334253053, 54.80784425287393], [-1.669606311200678, 54.80785253825048], [-1.670843335714114, 54.808039405914], [-1.68127655425663, 54.80921323154923], [-1.681338653590043, 54.80922231575843], [-1.691095489514499, 54.81089563455421], [-1.70058570897683, 54.813020419972545], [-1.700640136805321, 54.81303409758521], [-1.716900973694111, 54.81796732237196], [-1.716953724957677, 54.81798629368974], [-1.726140689584707, 54.821626824167645], [-1.734732605166967, 54.8257238575018], [-1.734777594560882, 54.82574732654711], [-1.742914752591794, 54.83039864256136], [-1.749970715199066, 54.83524401269013], [-1.750577237115005, 54.83517043800942], [-1.750764112813714, 54.83515466546095], [-1.756262961636041, 54.83485167170043], [-1.762392411978171, 54.833704284959666], [-1.762518609064052, 54.83368481823516], [-1.774107260746841, 54.83223196303229], [-1.774216273554203, 54.83222138143299], [-1.785438121165305, 54.831430189483605], [-1.785593844629635, 54.83142330146576], [-1.793330514698738, 54.8312194529545], [-1.793506399749911, 54.831217955354056], [-1.808397769398701, 54.83160228726114], [-1.80876352514655, 54.83162434770375], [-1.819454386877547, 54.83253926853489], [-1.824306703518627, 54.833205080811155], [-1.824594839773808, 54.83322742740325], [-1.83391900130055, 54.83375402643821], [-1.834887931727647, 54.83378903382874], [-1.835430277638135, 54.83383930980706], [-1.835452844178034, 54.8338405831222], [-1.835796850528458, 54.833871628126246], [-1.83590952023811, 54.83388373392884], [-1.84684840266532, 54.83489718943565], [-1.858568469782658, 54.83666583851147], [-1.869939070897225, 54.83907852823602], [-1.880854345081806, 54.842112811005784], [-1.8818561353954, 54.842426519805116], [-1.892638327758094, 54.84621985595758], [-1.89530572753373, 54.847385623291395], [-1.897098753816246, 54.84775961302665], [-1.897620147886056, 54.84788670430549], [-1.900999386770374, 54.84874439074103], [-1.901242174550915, 54.84880848685381], [-1.913207389383905, 54.85242849790666], [-1.924430058211995, 54.856769585593796], [-1.925220768381413, 54.857112397737396], [-1.936703240108749, 54.86274302037726], [-1.937252686062715, 54.86304703003358], [-1.94721808600513, 54.869244090289754], [-1.955864629383556, 54.87606884568829], [-1.957732993758172, 54.877740136444665], [-1.958583654444247, 54.87851168178782], [-1.958993159328456, 54.878888326263386], [-1.964849660043422, 54.88489142753135], [-1.969690532908397, 54.89118832855751], [-1.973471470059987, 54.89772202329977], [-1.973547801680562, 54.89787834827833], [-1.97595153512018, 54.903720592250764], [-1.977506428495336, 54.90965758582822], [-1.978201393599088, 54.91564842770414], [-1.978207529557164, 54.91578862178471], [-1.977912099163569, 54.92289253739695], [-1.976407161834673, 54.9299454291074], [-1.973706631404922, 54.93687914167855], [-1.969836009425048, 54.94362663699106], [-1.969604791986068, 54.94392685488501], [-1.969352804384158, 54.94435928930179]], [[-1.626010287553072, 54.95698389770405], [-1.6251674676313996, 54.95698389770405], [-1.6247460576705635, 54.95674135944864], [-1.6245353526901454, 54.956862628576346], [-1.6249567626509815, 54.95710516683175], [-1.6247460576705635, 54.957226435959456], [-1.6243246477097273, 54.957226435959456], [-1.6241139427293092, 54.95710516683175], [-1.6241139427293092, 54.956862628576346], [-1.6239032377488911, 54.95674135944864], [-1.623481827788055, 54.95698389770405], [-1.6230604178272188, 54.95674135944864], [-1.6226390078663826, 54.95674135944864], [-1.6224283028859645, 54.956862628576346], [-1.6224283028859645, 54.95710516683175], [-1.6222175979055464, 54.957226435959456], [-1.6220068929251283, 54.95710516683175], [-1.6220068929251283, 54.956862628576346], [-1.6217961879447103, 54.95674135944864], [-1.620953368023038, 54.957226435959456], [-1.6205319580622017, 54.957226435959456], [-1.6203212530817837, 54.95710516683175], [-1.6203212530817837, 54.95662009032094], [-1.6207426630426198, 54.95637755206553], [-1.6203212530817837, 54.956135013810126], [-1.6207426630426198, 54.95589247555472], [-1.6205319580622017, 54.955771206427016], [-1.6201105481013656, 54.955771206427016], [-1.6196891381405294, 54.95552866817161], [-1.6192677281796932, 54.95552866817161], [-1.6190570231992751, 54.95564993729931], [-1.6190570231992751, 54.95589247555472], [-1.618635613238439, 54.956135013810126], [-1.618635613238439, 54.95637755206553], [-1.6184249082580209, 54.956498821193236], [-1.6180034982971847, 54.956498821193236], [-1.6175820883363485, 54.95625628293783], [-1.6173713833559304, 54.95637755206553], [-1.6173713833559304, 54.95662009032094], [-1.6171606783755124, 54.95674135944864], [-1.61631785845384, 54.95674135944864], [-1.616107153473422, 54.95662009032094], [-1.616107153473422, 54.956135013810126], [-1.616528563434258, 54.95589247555472], [-1.616528563434258, 54.95564993729931], [-1.6167392684146762, 54.95552866817161], [-1.6175820883363485, 54.95552866817161], [-1.6182142032776028, 54.9551648607885], [-1.6182142032776028, 54.95492232253309], [-1.6180034982971847, 54.95480105340539], [-1.6171606783755124, 54.95480105340539], [-1.6169499733950943, 54.95467978427769], [-1.6169499733950943, 54.95443724602228], [-1.6167392684146762, 54.95431597689458], [-1.61631785845384, 54.95431597689458], [-1.6158964484930038, 54.954558515149984], [-1.6154750385321677, 54.95431597689458], [-1.6150536285713315, 54.954558515149984], [-1.6148429235909134, 54.95443724602228], [-1.6148429235909134, 54.954194707766874], [-1.6146322186104953, 54.95407343863917], [-1.613789398688823, 54.95407343863917], [-1.6131572837475687, 54.95443724602228], [-1.6131572837475687, 54.95467978427769], [-1.6129465787671506, 54.95480105340539], [-1.6125251688063145, 54.954558515149984], [-1.6121037588454783, 54.954558515149984], [-1.611260938923806, 54.95407343863917], [-1.6108395289629698, 54.95407343863917], [-1.6106288239825517, 54.954194707766874], [-1.6110502339433879, 54.95443724602228], [-1.6108395289629698, 54.954558515149984], [-1.6095752990804613, 54.954558515149984], [-1.6093645941000432, 54.95443724602228], [-1.6093645941000432, 54.954194707766874], [-1.609153889119625, 54.95407343863917], [-1.608732479158789, 54.95407343863917], [-1.6078896592371166, 54.95358836212836], [-1.6074682492762804, 54.95358836212836], [-1.6070468393154442, 54.95334582387295], [-1.6068361343350261, 54.953467093000654], [-1.6068361343350261, 54.95395216951147], [-1.606625429354608, 54.95407343863917], [-1.6062040193937719, 54.95407343863917], [-1.6057826094329357, 54.953830900383764], [-1.6053611994720995, 54.953830900383764], [-1.6051504944916815, 54.95370963125606], [-1.6051504944916815, 54.953467093000654], [-1.6049397895112634, 54.95334582387295], [-1.6045183795504272, 54.95334582387295], [-1.603886264609173, 54.95370963125606], [-1.603886264609173, 54.954194707766874], [-1.6036755596287549, 54.95431597689458], [-1.6034648546483368, 54.954194707766874], [-1.6034648546483368, 54.953467093000654], [-1.6030434446875006, 54.95322455474525], [-1.6030434446875006, 54.95298201648984], [-1.6028327397070825, 54.95286074736214], [-1.601568509824574, 54.95286074736214], [-1.6007256899029016, 54.95334582387295], [-1.6003042799420655, 54.95334582387295], [-1.6000935749616474, 54.95322455474525], [-1.6000935749616474, 54.95298201648984], [-1.6009363948833197, 54.95249693997903], [-1.6003042799420655, 54.95213313259592], [-1.5994614600203931, 54.95213313259592], [-1.599040050059557, 54.95189059434051], [-1.5988293450791389, 54.952011863468215], [-1.5988293450791389, 54.95225440172362], [-1.5986186400987208, 54.952375670851325], [-1.5981972301378846, 54.952375670851325], [-1.5979865251574665, 54.95249693997903], [-1.5979865251574665, 54.952739478234435], [-1.5977758201770484, 54.95286074736214], [-1.5973544102162123, 54.95286074736214], [-1.596933000255376, 54.95261820910673], [-1.59651159029454, 54.95261820910673], [-1.5963008853141218, 54.952739478234435], [-1.5963008853141218, 54.95298201648984], [-1.5958794753532857, 54.95322455474525], [-1.5958794753532857, 54.953467093000654], [-1.5956687703728676, 54.95358836212836], [-1.5952473604120314, 54.95358836212836], [-1.5950366554316133, 54.95370963125606], [-1.5950366554316133, 54.95395216951147], [-1.5954580653924495, 54.954194707766874], [-1.5948259504511952, 54.954558515149984], [-1.5935617205686867, 54.953830900383764], [-1.5927189006470144, 54.95431597689458], [-1.5922974906861782, 54.95407343863917], [-1.591876080725342, 54.95431597689458], [-1.5914546707645059, 54.95431597689458], [-1.5912439657840878, 54.95443724602228], [-1.5912439657840878, 54.95492232253309], [-1.5910332608036697, 54.9550435916608], [-1.5906118508428335, 54.9550435916608], [-1.589558325940743, 54.95564993729931], [-1.589558325940743, 54.95589247555472], [-1.589136915979907, 54.956135013810126], [-1.589136915979907, 54.95637755206553], [-1.5889262109994888, 54.956498821193236], [-1.5878726860973984, 54.95589247555472], [-1.5878726860973984, 54.95564993729931], [-1.5876619811169803, 54.95552866817161], [-1.587029866175726, 54.95589247555472], [-1.587029866175726, 54.956135013810126], [-1.5874512761365622, 54.95637755206553], [-1.587029866175726, 54.95662009032094], [-1.5874512761365622, 54.956862628576346], [-1.5872405711561441, 54.95698389770405], [-1.5863977512344718, 54.95698389770405], [-1.5861870462540537, 54.956862628576346], [-1.5861870462540537, 54.95662009032094], [-1.5859763412736356, 54.956498821193236], [-1.5851335213519633, 54.95698389770405], [-1.5838692914694548, 54.95698389770405], [-1.5836585864890367, 54.95710516683175], [-1.5836585864890367, 54.95734770508716], [-1.5826050615869462, 54.957954050725675], [-1.581762241665274, 54.957954050725675], [-1.5813408317044377, 54.95819658898108], [-1.5809194217436016, 54.95819658898108], [-1.5804980117827654, 54.95843912723649], [-1.5800766018219292, 54.95843912723649], [-1.5792337819002569, 54.957954050725675], [-1.5790230769198388, 54.95807531985338], [-1.5790230769198388, 54.958317858108785], [-1.5786016669590026, 54.95856039636419], [-1.5786016669590026, 54.96122831717366], [-1.5779695520177484, 54.96159212455677], [-1.577126732096076, 54.96159212455677], [-1.576916027115658, 54.96147085542907], [-1.576916027115658, 54.96122831717366], [-1.5760732071939856, 54.96074324066285], [-1.5760732071939856, 54.960500702407444], [-1.5758625022135675, 54.96037943327974], [-1.5741768623702228, 54.96134958630137], [-1.5733340424485505, 54.96134958630137], [-1.5731233374681324, 54.96122831717366], [-1.5731233374681324, 54.96098577891826], [-1.5729126324877143, 54.960864509790554], [-1.5724912225268781, 54.96110704804596], [-1.572069812566042, 54.96110704804596], [-1.5716484026052058, 54.96134958630137], [-1.5708055826835334, 54.96134958630137], [-1.5705948777031153, 54.96147085542907], [-1.5705948777031153, 54.96195593193988], [-1.5710162876639515, 54.96219847019529], [-1.5710162876639515, 54.962441008450696], [-1.5714376976247877, 54.9626835467061], [-1.5714376976247877, 54.96292608496151], [-1.5710162876639515, 54.963168623216916], [-1.5710162876639515, 54.96413877623854], [-1.5712269926443696, 54.96429036264817], [-1.572069812566042, 54.96429036264817], [-1.574598272331059, 54.96380528613736], [-1.5748616535565816, 54.96365369972773], [-1.578127580753062, 54.96365369972773], [-1.5783909619785845, 54.96380528613736], [-1.5798132205964066, 54.96413877623854], [-1.5800766018219292, 54.96429036264817], [-1.5810774504789151, 54.964623852749355], [-1.5814988604397513, 54.96510892926017], [-1.5826050615869462, 54.96574559218061], [-1.5840273202047683, 54.9663216205372], [-1.5844487301656045, 54.966806697048014], [-1.5852915500872768, 54.96729177355883], [-1.5861343700089492, 54.96826192658045], [-1.5876619811169803, 54.9691411277563], [-1.5886628297739662, 54.969474617857486], [-1.5889262109994888, 54.969626204267115], [-1.5911912895389833, 54.9699596943683], [-1.5914546707645059, 54.97011128077793], [-1.5948259504511952, 54.97011128077793], [-1.5981972301378846, 54.969626204267115], [-1.5998828699812293, 54.9691411277563], [-1.6019899197854102, 54.96865605124549], [-1.604096969589591, 54.96841351299008], [-1.6049397895112634, 54.96792843647927], [-1.6062040193937719, 54.967443359968456], [-1.6064674006192945, 54.96729177355883], [-1.6067834580899216, 54.96777685006964], [-1.6070468393154442, 54.96792843647927], [-1.6073102205409668, 54.96777685006964], [-1.6083110691979527, 54.96647320694683], [-1.609153889119625, 54.96598813043602], [-1.6104181190021336, 54.96574559218061], [-1.6115243201493286, 54.96510892926017], [-1.6125251688063145, 54.96429036264817], [-1.6136313699535094, 54.96365369972773], [-1.6150536285713315, 54.962592594860325], [-1.6158964484930038, 54.96210751834951], [-1.6175820883363485, 54.9616224418387], [-1.621374777983874, 54.96016721230626], [-1.6230604178272188, 54.95968213579545], [-1.6243246477097273, 54.95943959754004], [-1.6245353526901454, 54.95928801113041], [-1.6245353526901454, 54.959045472875005], [-1.623692532768473, 54.95856039636419], [-1.6239032377488911, 54.95843912723649], [-1.6247460576705635, 54.95843912723649], [-1.6251674676313996, 54.958681665491895], [-1.6255888775922358, 54.95843912723649], [-1.625799582572654, 54.95856039636419], [-1.625799582572654, 54.9588029346196], [-1.626010287553072, 54.95895452102923], [-1.6272745174355805, 54.958469444518414], [-1.6274852224159986, 54.958317858108785], [-1.6274852224159986, 54.95807531985338], [-1.6272745174355805, 54.957954050725675], [-1.6264316975139081, 54.957954050725675], [-1.62622099253349, 54.95783278159797], [-1.62622099253349, 54.957590243342565], [-1.6266424024943262, 54.95734770508716], [-1.626010287553072, 54.95698389770405]], [[-1.6352813066914678, 54.972021269539255], [-1.6348598967306316, 54.972021269539255], [-1.6344384867697954, 54.97226380779466], [-1.6340170768089592, 54.97226380779466], [-1.6338063718285412, 54.97214253866696], [-1.6342277817893773, 54.97190000041155], [-1.6342277817893773, 54.971657462156145], [-1.6346491917502135, 54.97141492390074], [-1.6346491917502135, 54.97117238564533], [-1.6352813066914678, 54.97080857826222], [-1.635702716652304, 54.97080857826222], [-1.63612412661314, 54.97105111651763], [-1.6365455365739763, 54.97105111651763], [-1.6369669465348125, 54.971293654773035], [-1.6371776515152305, 54.97117238564533], [-1.6371776515152305, 54.9699596943683], [-1.6375990614760667, 54.96971715611289], [-1.6375990614760667, 54.969474617857486], [-1.6378097664564848, 54.96935334872978], [-1.638231176417321, 54.96935334872978], [-1.638441881397739, 54.96923207960208], [-1.638441881397739, 54.96898954134667], [-1.6378097664564848, 54.96862573396356], [-1.6373883564956486, 54.96886827221897], [-1.6371776515152305, 54.968747003091266], [-1.6371776515152305, 54.96850446483586], [-1.6367562415543944, 54.96826192658045], [-1.6367562415543944, 54.96704923530342], [-1.6371776515152305, 54.966806697048014], [-1.6367562415543944, 54.96656415879261], [-1.6369669465348125, 54.966442889664904], [-1.6373883564956486, 54.966442889664904], [-1.6375990614760667, 54.9663216205372], [-1.6373883564956486, 54.9662003514095], [-1.6369669465348125, 54.9662003514095], [-1.63612412661314, 54.965715274898685], [-1.635702716652304, 54.965715274898685], [-1.6352813066914678, 54.96547273664328], [-1.6348598967306316, 54.96547273664328], [-1.6346491917502135, 54.965351467515575], [-1.6350706017110497, 54.96510892926017], [-1.6346491917502135, 54.96486639100476], [-1.6346491917502135, 54.964623852749355], [-1.6340170768089592, 54.964260045366245], [-1.633595666848123, 54.96450258362165], [-1.633174256887287, 54.96450258362165], [-1.6329635519068688, 54.96438131449395], [-1.6329635519068688, 54.963896237983136], [-1.633595666848123, 54.963532430600026], [-1.6338063718285412, 54.96365369972773], [-1.6338063718285412, 54.963896237983136], [-1.6340170768089592, 54.96401750711084], [-1.6348598967306316, 54.96401750711084], [-1.6350706017110497, 54.963896237983136], [-1.6350706017110497, 54.96365369972773], [-1.6354920116718858, 54.96341116147232], [-1.6348598967306316, 54.96304735408921], [-1.6344384867697954, 54.96304735408921], [-1.6342277817893773, 54.96292608496151], [-1.6342277817893773, 54.9626835467061], [-1.633595666848123, 54.96231973932299], [-1.633174256887287, 54.9625622775784], [-1.6327528469264507, 54.9625622775784], [-1.6323314369656146, 54.96231973932299], [-1.6319100270047784, 54.9625622775784], [-1.631067207083106, 54.9625622775784], [-1.630856502102688, 54.962441008450696], [-1.630856502102688, 54.96195593193988], [-1.6304350921418518, 54.96171339368448], [-1.6304350921418518, 54.96147085542907], [-1.6300136821810156, 54.96122831717366], [-1.6302243871614337, 54.96110704804596], [-1.6306457971222699, 54.96110704804596], [-1.631067207083106, 54.96134958630137], [-1.6314886170439422, 54.96134958630137], [-1.6321207319851965, 54.96098577891826], [-1.6316993220243603, 54.96074324066285], [-1.6316993220243603, 54.96025816415204], [-1.6314886170439422, 54.96010657774241], [-1.6306457971222699, 54.96037943327974], [-1.6302243871614337, 54.96062197153515], [-1.6298029772005975, 54.96062197153515], [-1.6295922722201794, 54.960500702407444], [-1.6295922722201794, 54.96025816415204], [-1.6293815672397614, 54.960136895024334], [-1.6289601572789252, 54.96010657774241], [-1.6268531074747443, 54.96010657774241], [-1.6251674676313996, 54.96059165425322], [-1.6230604178272188, 54.961076730764034], [-1.6222175979055464, 54.96156180727485], [-1.620953368023038, 54.96204688378566], [-1.6201105481013656, 54.962531960296474], [-1.6192677281796932, 54.96277449855188], [-1.6175820883363485, 54.963744651573506], [-1.61631785845384, 54.96422972808432], [-1.6154750385321677, 54.96471480459513], [-1.6142108086496592, 54.965199881105946], [-1.6133679887279868, 54.96568495761676], [-1.6121037588454783, 54.965927495872165], [-1.611260938923806, 54.96641257238298], [-1.6099967090412974, 54.96689764889379], [-1.609153889119625, 54.967382725404605], [-1.6078896592371166, 54.96786780191542], [-1.6062040193937719, 54.96835287842623], [-1.6049397895112634, 54.96859541668164], [-1.6028327397070825, 54.96908049319245], [-1.601568509824574, 54.96956556970326], [-1.5981972301378846, 54.97053572272489], [-1.597933848912362, 54.97068730913452], [-1.5891895922250114, 54.97068730913452], [-1.5889262109994888, 54.97053572272489], [-1.5885048010386527, 54.97053572272489], [-1.58824141981313, 54.97068730913452], [-1.587925362342503, 54.97068730913452], [-1.5870825424208306, 54.970202232623706], [-1.5866611324599944, 54.96971715611289], [-1.5849754926166497, 54.968747003091266], [-1.5841326726949774, 54.96801938832505], [-1.5838692914694548, 54.96786780191542], [-1.5828684428124689, 54.967534311814234], [-1.5824470328516327, 54.96704923530342], [-1.5816042129299603, 54.96656415879261], [-1.5811828029691242, 54.966079082281794], [-1.5809194217436016, 54.965927495872165], [-1.579655191861093, 54.96568495761676], [-1.5786543432041071, 54.965351467515575], [-1.5783909619785845, 54.965199881105946], [-1.5733340424485505, 54.965199881105946], [-1.5730706612230279, 54.965351467515575], [-1.5693833240657113, 54.965351467515575], [-1.5691199428401887, 54.965199881105946], [-1.5668548643006943, 54.96486639100476], [-1.5665914830751717, 54.96471480459513], [-1.5655906344181858, 54.96438131449395], [-1.5653272531926632, 54.96422972808432], [-1.5639049945748411, 54.963896237983136], [-1.5636416133493185, 54.963744651573506], [-1.5622193547314964, 54.96341116147232], [-1.5619559735059738, 54.96325957506269], [-1.560955124848988, 54.96292608496151], [-1.5606917436234653, 54.96277449855188], [-1.5592694850056432, 54.96219847019529], [-1.5581632838584483, 54.96156180727485], [-1.5571624352014624, 54.96122831717366], [-1.5567410252406262, 54.96074324066285], [-1.5564776440151036, 54.96059165425322], [-1.5554767953581177, 54.96025816415204], [-1.555213414132595, 54.96010657774241], [-1.5542125654756092, 54.959773087641224], [-1.5539491842500865, 54.959621501231595], [-1.5505779045633972, 54.96010657774241], [-1.5488922647200525, 54.96059165425322], [-1.545099575072527, 54.96204688378566], [-1.544098726415541, 54.96219847019529], [-1.5438353451900184, 54.96204688378566], [-1.5434139352291822, 54.96204688378566], [-1.5417282953858376, 54.962531960296474], [-1.540464065503329, 54.96277449855188], [-1.5385150444344617, 54.963896237983136], [-1.5375141957774758, 54.96471480459513], [-1.5372508145519532, 54.96486639100476], [-1.536829404591117, 54.965351467515575], [-1.5362499658949673, 54.967382725404605], [-1.5359865846694447, 54.967534311814234], [-1.5351437647477724, 54.97481045947643], [-1.5347223547869362, 54.977963456796715], [-1.5343009448261, 54.978691071562935], [-1.5338795348652638, 54.980146301095374], [-1.5334581249044277, 54.98063137760619], [-1.5330367149435915, 54.98135899237241], [-1.5326153049827553, 54.98184406888322], [-1.5321938950219192, 54.982814221904846], [-1.5311930463649333, 54.98363278851684], [-1.5309296651394106, 54.98378437492647], [-1.5305082551785745, 54.984269451437285], [-1.5309296651394106, 54.985724680969724], [-1.5306136076687835, 54.98596721922513], [-1.5301921977079473, 54.98451198969269], [-1.5299288164824247, 54.98436040328306], [-1.5295074065215886, 54.98436040328306], [-1.5286645865999162, 54.984845479793876], [-1.5274003567174077, 54.98533055630469], [-1.5265575367957354, 54.9858156328155], [-1.5248718969523907, 54.986300709326315], [-1.5236076670698822, 54.98678578583713], [-1.5210792073048651, 54.98727086234794], [-1.5189721575006843, 54.98751340060335], [-1.5187087762751617, 54.98766498701298], [-1.5183927188045345, 54.98766498701298], [-1.518129337579012, 54.98751340060335], [-1.5177079276181757, 54.98751340060335], [-1.5092797284014523, 54.98799847711416], [-1.5090163471759297, 54.98815006352379], [-1.5078574697836302, 54.98815006352379], [-1.5075940885581076, 54.98799847711416], [-1.5073833835776895, 54.98815006352379], [-1.5073833835776895, 54.98887767829001], [-1.5078047935385257, 54.989120216545416], [-1.5075940885581076, 54.98924148567312], [-1.506329858675599, 54.98924148567312], [-1.505908448714763, 54.98899894741771], [-1.5056977437343448, 54.989120216545416], [-1.5056977437343448, 54.98936275480082], [-1.5048549238126725, 54.989847831311636], [-1.5048549238126725, 54.99033290782245], [-1.5040121038910002, 54.99081798433326], [-1.5040121038910002, 54.99154559909948], [-1.5044335138518363, 54.99178813735489], [-1.5044335138518363, 54.99251575212111], [-1.5042228088714182, 54.99263702124881], [-1.503379988949746, 54.99263702124881], [-1.5031692839693278, 54.992758290376514], [-1.5031692839693278, 54.99445605816436], [-1.503590693930164, 54.99469859641977], [-1.503590693930164, 54.995426211185986], [-1.503801398910582, 54.99554748031369], [-1.5042228088714182, 54.99530494205828], [-1.5044335138518363, 54.995426211185986], [-1.5044335138518363, 54.9959112876968], [-1.5042228088714182, 54.9960325568245], [-1.503801398910582, 54.995790018569096], [-1.503379988949746, 54.995790018569096], [-1.5027478740084916, 54.996153825952206], [-1.5027478740084916, 54.99639636420761], [-1.5029585789889097, 54.996517633335316], [-1.503379988949746, 54.996517633335316], [-1.503590693930164, 54.99663890246302], [-1.503590693930164, 54.996881440718425], [-1.503801398910582, 54.99700270984613], [-1.5042228088714182, 54.99676017159072], [-1.5044335138518363, 54.996881440718425], [-1.5044335138518363, 54.99736651722924], [-1.5046442188322544, 54.99748778635694], [-1.5050656287930906, 54.997245248101535], [-1.5054870387539268, 54.997245248101535], [-1.5056977437343448, 54.99736651722924], [-1.5056977437343448, 54.99809413199546], [-1.506329858675599, 54.99845793937857], [-1.5067512686364353, 54.99821540112316], [-1.5069619736168534, 54.998336670250865], [-1.5069619736168534, 54.99857920850627], [-1.5071726785972714, 54.998700477633975], [-1.5075940885581076, 54.998700477633975], [-1.5078047935385257, 54.99882174676168], [-1.5078047935385257, 54.999064285017084], [-1.5088583184406161, 54.9996706306556], [-1.5092797284014523, 54.9996706306556], [-1.5094904333818704, 54.999791899783304], [-1.5090690234210342, 55.00003443803871], [-1.5092797284014523, 55.000155707166414], [-1.5101225483231246, 55.000155707166414], [-1.5105439582839608, 55.00039824542182], [-1.510965368244797, 55.000155707166414], [-1.5113867782056332, 55.00039824542182], [-1.5118081881664693, 55.000155707166414], [-1.5126510080881417, 55.000155707166414], [-1.5128617130685598, 55.00027697629412], [-1.5122295981273055, 55.00064078367723], [-1.5118081881664693, 55.00064078367723], [-1.5115974831860512, 55.00076205280493], [-1.5124403031077236, 55.00124712931574], [-1.5124403031077236, 55.001732205826556], [-1.5126510080881417, 55.00185347495426], [-1.5130724180489779, 55.00185347495426], [-1.513493828009814, 55.00161093669885], [-1.5141259429510683, 55.00197474408196], [-1.5141259429510683, 55.002459820592776], [-1.5143366479314864, 55.00258108972048], [-1.5145473529119045, 55.002459820592776], [-1.5145473529119045, 55.00197474408196], [-1.5147580578923225, 55.00185347495426], [-1.5153901728335768, 55.00221728233737], [-1.5153901728335768, 55.002459820592776], [-1.515811582794413, 55.00270235884818], [-1.515811582794413, 55.00294489710359], [-1.516022287774831, 55.00306616623129], [-1.5168651076965034, 55.00258108972048], [-1.5172865176573396, 55.00258108972048], [-1.5174972226377577, 55.00270235884818], [-1.5174972226377577, 55.003187435358996], [-1.5166544027160853, 55.00367251186981], [-1.5166544027160853, 55.003915050125215], [-1.5162329927552491, 55.00415758838062], [-1.5162329927552491, 55.00512774140225], [-1.5168651076965034, 55.00549154878536], [-1.5170758126769215, 55.005370279657654], [-1.5170758126769215, 55.00512774140225], [-1.5172865176573396, 55.005006472274545], [-1.518129337579012, 55.005006472274545], [-1.5187614525202662, 55.004642664891435], [-1.5187614525202662, 55.00440012663603], [-1.518550747539848, 55.004278857508325], [-1.518129337579012, 55.004278857508325], [-1.5179186325985938, 55.00415758838062], [-1.5179186325985938, 55.003915050125215], [-1.518550747539848, 55.003551242742105], [-1.5189721575006843, 55.003551242742105], [-1.5200256824027747, 55.00415758838062], [-1.5200256824027747, 55.00440012663603], [-1.5202363873831928, 55.00452139576373], [-1.520657797344029, 55.00452139576373], [-1.520868502324447, 55.004642664891435], [-1.520868502324447, 55.00488520314684], [-1.5212899122852832, 55.00512774140225], [-1.520868502324447, 55.005370279657654], [-1.520868502324447, 55.00561281791306], [-1.5210792073048651, 55.005734087040764], [-1.5219220272265375, 55.005734087040764], [-1.5223434371873736, 55.00549154878536], [-1.5227648471482098, 55.00549154878536], [-1.523186257109046, 55.00524901052995], [-1.523396962089464, 55.005370279657654], [-1.523396962089464, 55.006097894423874], [-1.522975552128628, 55.00634043267928], [-1.522975552128628, 55.0070680474455], [-1.523186257109046, 55.0071893165732], [-1.5244504869915545, 55.006461701806984], [-1.5248718969523907, 55.006461701806984], [-1.5250826019328088, 55.00658297093469], [-1.5250826019328088, 55.006825509190094], [-1.5248718969523907, 55.0069467783178], [-1.5244504869915545, 55.0069467783178], [-1.5242397820111364, 55.0070680474455], [-1.5246611919719726, 55.00731058570091], [-1.5246611919719726, 55.00755312395631], [-1.5252933069132268, 55.00791693133942], [-1.525714716874063, 55.00791693133942], [-1.525925421854481, 55.008038200467126], [-1.525925421854481, 55.00852327697794], [-1.5261361268348992, 55.00864454610564], [-1.5278217666782439, 55.00864454610564], [-1.52824317663908, 55.008402007850236], [-1.5290859965607524, 55.008402007850236], [-1.5292967015411705, 55.00852327697794], [-1.5292967015411705, 55.008765815233346], [-1.5295074065215886, 55.00888708436105], [-1.5299288164824247, 55.00864454610564], [-1.530350226443261, 55.00864454610564], [-1.530560931423679, 55.00852327697794], [-1.530560931423679, 55.008038200467126], [-1.5311930463649333, 55.00767439308402], [-1.5333000961691141, 55.00767439308402], [-1.5335108011495322, 55.00779566221172], [-1.5333000961691141, 55.00791693133942], [-1.532878686208278, 55.00791693133942], [-1.5326679812278599, 55.008038200467126], [-1.5326679812278599, 55.008765815233346], [-1.532878686208278, 55.00888708436105], [-1.5333000961691141, 55.00888708436105], [-1.5339322111103684, 55.00852327697794], [-1.5339322111103684, 55.008038200467126], [-1.5341429160907865, 55.00791693133942], [-1.5345643260516226, 55.00791693133942], [-1.5349857360124588, 55.00767439308402], [-1.535407145973295, 55.00767439308402], [-1.535617850953713, 55.00779566221172], [-1.535617850953713, 55.008038200467126], [-1.5364606708753854, 55.00852327697794], [-1.5364606708753854, 55.00925089174416], [-1.5366713758558035, 55.00937216087186], [-1.5370927858166397, 55.00937216087186], [-1.537935605738312, 55.009857237382676], [-1.53814631071873, 55.00973596825497], [-1.53814631071873, 55.00925089174416], [-1.5383570156991482, 55.009129622616456], [-1.5385677206795663, 55.00925089174416], [-1.5385677206795663, 55.00997850651038], [-1.53814631071873, 55.010221044765785], [-1.5385677206795663, 55.01046358302119], [-1.5385677206795663, 55.0107061212766], [-1.5387784256599844, 55.0108273904043], [-1.5389891306404024, 55.0107061212766], [-1.5389891306404024, 55.01046358302119], [-1.5396212455816567, 55.01009977563808], [-1.5400426555424929, 55.01009977563808], [-1.5413068854250014, 55.0108273904043], [-1.5421497053466737, 55.0108273904043], [-1.54257111530751, 55.01106992865971], [-1.542781820287928, 55.010948659532005], [-1.5423604103270918, 55.0107061212766], [-1.5423604103270918, 55.01046358302119], [-1.54257111530751, 55.01034231389349], [-1.5434139352291822, 55.01034231389349], [-1.5436246402096003, 55.01046358302119], [-1.5436246402096003, 55.0107061212766], [-1.5438353451900184, 55.0108273904043], [-1.5446781651116908, 55.0108273904043], [-1.5448888700921088, 55.010948659532005], [-1.5448888700921088, 55.01143373604282], [-1.545099575072527, 55.01155500517052], [-1.545520985033363, 55.011312466915115], [-1.5459423949941993, 55.011312466915115], [-1.5461530999746174, 55.01143373604282], [-1.5461530999746174, 55.011676274298225], [-1.5457316900137812, 55.01191881255363], [-1.5459423949941993, 55.012040081681334], [-1.5463638049550354, 55.012040081681334], [-1.5465745099354535, 55.01191881255363], [-1.5465745099354535, 55.011676274298225], [-1.5467852149158716, 55.01155500517052], [-1.5469959198962897, 55.011676274298225], [-1.5469959198962897, 55.012403889064444], [-1.547628034837544, 55.012767696447554], [-1.547838739817962, 55.01264642731985], [-1.547838739817962, 55.012403889064444], [-1.5480494447983801, 55.01228261993674], [-1.5484708547592163, 55.01228261993674], [-1.5486815597396344, 55.012403889064444], [-1.5486815597396344, 55.01264642731985], [-1.5491029697004706, 55.01288896557526], [-1.5486815597396344, 55.013131503830664], [-1.5486815597396344, 55.01337404208607], [-1.5488922647200525, 55.013495311213774], [-1.5493136746808887, 55.013495311213774], [-1.5495243796613067, 55.01361658034148], [-1.5495243796613067, 55.01385911859688], [-1.5497350846417248, 55.01398038772459], [-1.550156494602561, 55.01398038772459], [-1.5505779045633972, 55.01373784946918], [-1.5514207244850695, 55.01373784946918], [-1.5516314294654876, 55.01385911859688], [-1.5516314294654876, 55.0143441951077], [-1.5518421344459057, 55.0144654642354], [-1.5522635444067419, 55.0144654642354], [-1.552684954367578, 55.01422292597999], [-1.5539491842500865, 55.01422292597999], [-1.5543705942109227, 55.0144654642354], [-1.554792004171759, 55.0144654642354], [-1.5554241191130131, 55.01410165685229], [-1.5554241191130131, 55.01361658034148], [-1.555213414132595, 55.013495311213774], [-1.554792004171759, 55.013495311213774], [-1.5545812991913408, 55.01337404208607], [-1.5545812991913408, 55.013131503830664], [-1.555213414132595, 55.012767696447554], [-1.5556348240934312, 55.012767696447554], [-1.5562669390346855, 55.013131503830664], [-1.5562669390346855, 55.01337404208607], [-1.5566883489955217, 55.01361658034148], [-1.5566883489955217, 55.01385911859688], [-1.5568990539759398, 55.01398038772459], [-1.5581632838584483, 55.01398038772459], [-1.5590061037801206, 55.0144654642354], [-1.5602703336626291, 55.0144654642354], [-1.5609024486038834, 55.01482927161851], [-1.5609024486038834, 55.01531434812932], [-1.5613238585647196, 55.01555688638473], [-1.5613238585647196, 55.015799424640136], [-1.5609024486038834, 55.01604196289554], [-1.5611131535843015, 55.016163232023246], [-1.5619559735059738, 55.016163232023246], [-1.562166678486392, 55.01604196289554], [-1.562166678486392, 55.015799424640136], [-1.5617452685255557, 55.01555688638473], [-1.562166678486392, 55.01531434812932], [-1.562166678486392, 55.01482927161851], [-1.5627987934276462, 55.0144654642354], [-1.5634309083689004, 55.01482927161851], [-1.5634309083689004, 55.015799424640136], [-1.562588088447228, 55.01628450115095], [-1.562588088447228, 55.016527039406355], [-1.5636416133493185, 55.01713338504487], [-1.5640630233101547, 55.01713338504487], [-1.564905843231827, 55.01664830853406], [-1.565116548212245, 55.01676957766176], [-1.565116548212245, 55.017254654172575], [-1.5655379581730813, 55.01749719242798], [-1.5655379581730813, 55.01773973068339], [-1.5657486631534994, 55.01786099981109], [-1.5665914830751717, 55.01786099981109], [-1.567434302996844, 55.018346076321905], [-1.5676450079772621, 55.0182248071942], [-1.5676450079772621, 55.017982268938795], [-1.5678557129576802, 55.01786099981109], [-1.5682771229185164, 55.0181035380665], [-1.5684878278989345, 55.017982268938795], [-1.5684878278989345, 55.01773973068339], [-1.5682771229185164, 55.017618461555685], [-1.5678557129576802, 55.017618461555685], [-1.5676450079772621, 55.01749719242798], [-1.5676450079772621, 55.017254654172575], [-1.5678557129576802, 55.01713338504487], [-1.5682771229185164, 55.01713338504487], [-1.5686985328793526, 55.01737592330028], [-1.5689092378597707, 55.017254654172575], [-1.5689092378597707, 55.01676957766176], [-1.569541352801025, 55.01640577027865], [-1.569752057781443, 55.016527039406355], [-1.569752057781443, 55.01676957766176], [-1.5693306478206068, 55.01701211591717], [-1.5693306478206068, 55.017254654172575], [-1.5703841727226973, 55.01786099981109], [-1.5712269926443696, 55.01786099981109], [-1.5714376976247877, 55.017982268938795], [-1.5714376976247877, 55.0182248071942], [-1.5718591075856239, 55.01846734544961], [-1.5718591075856239, 55.018709883705014], [-1.572069812566042, 55.01883115283272], [-1.5729126324877143, 55.01883115283272], [-1.5733340424485505, 55.01858861457731], [-1.5739661573898047, 55.01895242196042], [-1.5739661573898047, 55.01992257498205], [-1.5741768623702228, 55.02004384410975], [-1.5754410922527313, 55.02004384410975], [-1.5767053221352398, 55.01931622934353], [-1.577126732096076, 55.01931622934353], [-1.5775481420569122, 55.019073691088124], [-1.5788123719394207, 55.019073691088124], [-1.5790230769198388, 55.01895242196042], [-1.5790230769198388, 55.018709883705014], [-1.5809194217436016, 55.017618461555685], [-1.5813408317044377, 55.01786099981109], [-1.581762241665274, 55.01786099981109], [-1.58218365162611, 55.017618461555685], [-1.5826050615869462, 55.017618461555685], [-1.5830264715477824, 55.01737592330028], [-1.5836585864890367, 55.01773973068339], [-1.5836585864890367, 55.0182248071942], [-1.5840799964498729, 55.01846734544961], [-1.5840799964498729, 55.01919496021583], [-1.5838692914694548, 55.01931622934353], [-1.5834478815086186, 55.01931622934353], [-1.5832371765282005, 55.01919496021583], [-1.5832371765282005, 55.01895242196042], [-1.5830264715477824, 55.01883115283272], [-1.58218365162611, 55.01883115283272], [-1.581762241665274, 55.01858861457731], [-1.5813408317044377, 55.01858861457731], [-1.5807087167631835, 55.01895242196042], [-1.5811301267240196, 55.01919496021583], [-1.5811301267240196, 55.01968003672664], [-1.5815515366848558, 55.01992257498205], [-1.5815515366848558, 55.02040765149286], [-1.5809194217436016, 55.02077145887597], [-1.5804980117827654, 55.02052892062056], [-1.5802873068023473, 55.02065018974827], [-1.5807087167631835, 55.02089272800367], [-1.5807087167631835, 55.021377804514486], [-1.5809194217436016, 55.02149907364219], [-1.5813408317044377, 55.02149907364219], [-1.5815515366848558, 55.021377804514486], [-1.5815515366848558, 55.02113526625908], [-1.58218365162611, 55.02077145887597], [-1.5823943566065282, 55.02089272800367], [-1.5823943566065282, 55.02113526625908], [-1.5830264715477824, 55.02149907364219], [-1.5834478815086186, 55.02149907364219], [-1.5836585864890367, 55.021377804514486], [-1.5832371765282005, 55.02113526625908], [-1.5834478815086186, 55.02101399713138], [-1.5838692914694548, 55.02101399713138], [-1.5840799964498729, 55.02113526625908], [-1.5840799964498729, 55.02234795753611], [-1.584290701430291, 55.022469226663816], [-1.584712111391127, 55.022469226663816], [-1.5849228163715452, 55.02234795753611], [-1.5849228163715452, 55.0218628810253], [-1.5853442263323814, 55.02162034276989], [-1.5853442263323814, 55.02065018974827], [-1.5855549313127995, 55.02052892062056], [-1.5863977512344718, 55.02052892062056], [-1.5866084562148899, 55.02065018974827], [-1.5866084562148899, 55.02113526625908], [-1.586819161195308, 55.02125653538678], [-1.5872405711561441, 55.02101399713138], [-1.5880833910778165, 55.02101399713138], [-1.5882940960582346, 55.02089272800367], [-1.5882940960582346, 55.02040765149286], [-1.5885048010386527, 55.02028638236516], [-1.5889262109994888, 55.02028638236516], [-1.589136915979907, 55.020165113237454], [-1.589136915979907, 55.01992257498205], [-1.5887155060190707, 55.01968003672664], [-1.5887155060190707, 55.019437498471234], [-1.5885048010386527, 55.01931622934353], [-1.5880833910778165, 55.01955876759894], [-1.5878726860973984, 55.019437498471234], [-1.5878726860973984, 55.01919496021583], [-1.5876619811169803, 55.019073691088124], [-1.5872405711561441, 55.019073691088124], [-1.587029866175726, 55.01919496021583], [-1.587029866175726, 55.019437498471234], [-1.586819161195308, 55.01955876759894], [-1.5863977512344718, 55.01955876759894], [-1.5853442263323814, 55.01895242196042], [-1.5853442263323814, 55.01846734544961], [-1.5855549313127995, 55.018346076321905], [-1.586819161195308, 55.018346076321905], [-1.587029866175726, 55.0182248071942], [-1.587029866175726, 55.017982268938795], [-1.5872405711561441, 55.01786099981109], [-1.5880833910778165, 55.01786099981109], [-1.5887155060190707, 55.01749719242798], [-1.5887155060190707, 55.017254654172575], [-1.5889262109994888, 55.01713338504487], [-1.5910332608036697, 55.01713338504487], [-1.591876080725342, 55.017618461555685], [-1.5920867857057601, 55.01749719242798], [-1.5920867857057601, 55.017254654172575], [-1.5927189006470144, 55.016890846789465], [-1.5931403106078506, 55.016890846789465], [-1.593983130529523, 55.01640577027865], [-1.5952473604120314, 55.01640577027865], [-1.5960901803337038, 55.016890846789465], [-1.596933000255376, 55.016890846789465], [-1.5971437052357942, 55.01676957766176], [-1.5971437052357942, 55.016527039406355], [-1.5973544102162123, 55.01640577027865], [-1.5977758201770484, 55.01640577027865], [-1.5986186400987208, 55.01592069376784], [-1.599040050059557, 55.01592069376784], [-1.5994614600203931, 55.016163232023246], [-1.6000935749616474, 55.015799424640136], [-1.5996721650008112, 55.01555688638473], [-1.5996721650008112, 55.015071809873916], [-1.5998828699812293, 55.01495054074621], [-1.6003042799420655, 55.01519307900162], [-1.6011470998637378, 55.01519307900162], [-1.601779214804992, 55.01482927161851], [-1.601779214804992, 55.0143441951077], [-1.6019899197854102, 55.01422292597999], [-1.6024113297462463, 55.0144654642354], [-1.6026220347266644, 55.0143441951077], [-1.6022006247658283, 55.01410165685229], [-1.6024113297462463, 55.01398038772459], [-1.6036755596287549, 55.01398038772459], [-1.604096969589591, 55.01373784946918], [-1.6053611994720995, 55.01373784946918], [-1.6057826094329357, 55.013495311213774], [-1.6059933144133538, 55.01361658034148], [-1.6059933144133538, 55.01385911859688], [-1.606625429354608, 55.01422292597999], [-1.6074682492762804, 55.01422292597999], [-1.6076789542566985, 55.01410165685229], [-1.6076789542566985, 55.01361658034148], [-1.6081003642175347, 55.01337404208607], [-1.6081003642175347, 55.013131503830664], [-1.6076789542566985, 55.01288896557526], [-1.6078896592371166, 55.012767696447554], [-1.6083110691979527, 55.012767696447554], [-1.608732479158789, 55.01301023470296], [-1.608943184139207, 55.01288896557526], [-1.608943184139207, 55.012403889064444], [-1.608732479158789, 55.01228261993674], [-1.6078896592371166, 55.01228261993674], [-1.6072575442958623, 55.01191881255363], [-1.6072575442958623, 55.01143373604282], [-1.6053611994720995, 55.01034231389349], [-1.6045183795504272, 55.01034231389349], [-1.6043076745700091, 55.010221044765785], [-1.6043076745700091, 55.00973596825497], [-1.6045183795504272, 55.00961469912727], [-1.6049397895112634, 55.00961469912727], [-1.6051504944916815, 55.009493429999566], [-1.6051504944916815, 55.00925089174416], [-1.6062040193937719, 55.00864454610564], [-1.606625429354608, 55.00864454610564], [-1.6070468393154442, 55.008402007850236], [-1.6074682492762804, 55.008402007850236], [-1.6076789542566985, 55.00852327697794], [-1.6076789542566985, 55.008765815233346], [-1.6083110691979527, 55.009129622616456], [-1.609153889119625, 55.00864454610564], [-1.6097860040608793, 55.00900835348875], [-1.6097860040608793, 55.00973596825497], [-1.6104181190021336, 55.01009977563808], [-1.6110502339433879, 55.00973596825497], [-1.6110502339433879, 55.009493429999566], [-1.611260938923806, 55.00937216087186], [-1.6116823488846421, 55.00937216087186], [-1.6121037588454783, 55.009129622616456], [-1.6125251688063145, 55.009129622616456], [-1.6127358737867326, 55.00925089174416], [-1.6127358737867326, 55.009493429999566], [-1.6129465787671506, 55.00961469912727], [-1.613578693708405, 55.00925089174416], [-1.6131572837475687, 55.00900835348875], [-1.6131572837475687, 55.008765815233346], [-1.6133679887279868, 55.00864454610564], [-1.6142108086496592, 55.00864454610564], [-1.6152643335517496, 55.008038200467126], [-1.6152643335517496, 55.00779566221172], [-1.6154750385321677, 55.00767439308402], [-1.6158964484930038, 55.00767439308402], [-1.616107153473422, 55.00755312395631], [-1.616107153473422, 55.00731058570091], [-1.6158964484930038, 55.0071893165732], [-1.6154750385321677, 55.0071893165732], [-1.6152643335517496, 55.0070680474455], [-1.6152643335517496, 55.006825509190094], [-1.6156857435125858, 55.00658297093469], [-1.6156857435125858, 55.00634043267928], [-1.6158964484930038, 55.00621916355158], [-1.61631785845384, 55.00621916355158], [-1.6167392684146762, 55.006461701806984], [-1.6171606783755124, 55.006461701806984], [-1.618635613238439, 55.00561281791306], [-1.618635613238439, 55.00512774140225], [-1.618846318218857, 55.005006472274545], [-1.6192677281796932, 55.005006472274545], [-1.6198998431209475, 55.005370279657654], [-1.6198998431209475, 55.00561281791306], [-1.6201105481013656, 55.005734087040764], [-1.620953368023038, 55.00524901052995], [-1.621374777983874, 55.00549154878536], [-1.6215854829642922, 55.005370279657654], [-1.6215854829642922, 55.00512774140225], [-1.6220068929251283, 55.00488520314684], [-1.6217961879447103, 55.00476393401914], [-1.621374777983874, 55.00476393401914], [-1.621164073003456, 55.004642664891435], [-1.6222175979055464, 55.00403631925292], [-1.6226390078663826, 55.00403631925292], [-1.623481827788055, 55.003551242742105], [-1.6239032377488911, 55.003551242742105], [-1.6241139427293092, 55.0034299736144], [-1.6241139427293092, 55.003187435358996], [-1.623692532768473, 55.00294489710359], [-1.623692532768473, 55.002459820592776], [-1.6243246477097273, 55.002096013209666], [-1.6247460576705635, 55.002096013209666], [-1.6249567626509815, 55.00197474408196], [-1.6249567626509815, 55.001732205826556], [-1.6253781726118177, 55.00148966757115], [-1.6253781726118177, 55.00100459106034], [-1.6247460576705635, 55.00064078367723], [-1.623481827788055, 55.00064078367723], [-1.6232711228076369, 55.000519514549524], [-1.623692532768473, 55.00027697629412], [-1.623692532768473, 55.00003443803871], [-1.6239032377488911, 54.99991316891101], [-1.6251674676313996, 54.99991316891101], [-1.6255888775922358, 55.000155707166414], [-1.626010287553072, 55.000155707166414], [-1.6266424024943262, 54.999791899783304], [-1.6266424024943262, 54.9995493615279], [-1.62622099253349, 54.99930682327249], [-1.6264316975139081, 54.99918555414479], [-1.6268531074747443, 54.99918555414479], [-1.6270638124551624, 54.999064285017084], [-1.6270638124551624, 54.99857920850627], [-1.62622099253349, 54.99809413199546], [-1.62622099253349, 54.99736651722924], [-1.6266424024943262, 54.99712397897383], [-1.6266424024943262, 54.996881440718425], [-1.6268531074747443, 54.99676017159072], [-1.6276959273964167, 54.99676017159072], [-1.6279066323768348, 54.99663890246302], [-1.6279066323768348, 54.99639636420761], [-1.6281173373572528, 54.99627509507991], [-1.6289601572789252, 54.99627509507991], [-1.6293815672397614, 54.996517633335316], [-1.6295922722201794, 54.99639636420761], [-1.6295922722201794, 54.996153825952206], [-1.6304350921418518, 54.99566874944139], [-1.6304350921418518, 54.995426211185986], [-1.6300136821810156, 54.99518367293058], [-1.6300136821810156, 54.99494113467517], [-1.6304350921418518, 54.99469859641977], [-1.6304350921418518, 54.99445605816436], [-1.630856502102688, 54.99421351990895], [-1.630856502102688, 54.99397098165355], [-1.6306457971222699, 54.993849712525844], [-1.6298029772005975, 54.993849712525844], [-1.6295922722201794, 54.99397098165355], [-1.6295922722201794, 54.99421351990895], [-1.6293815672397614, 54.99433478903666], [-1.6291708622593433, 54.99421351990895], [-1.6291708622593433, 54.99300082863192], [-1.628749452298507, 54.992758290376514], [-1.628749452298507, 54.99251575212111], [-1.628328042337671, 54.9922732138657], [-1.628538747318089, 54.992151944738], [-1.6289601572789252, 54.992151944738], [-1.6293815672397614, 54.99190940648259], [-1.6298029772005975, 54.99190940648259], [-1.6304350921418518, 54.99154559909948], [-1.6304350921418518, 54.99009036956704], [-1.630856502102688, 54.989847831311636], [-1.630856502102688, 54.98936275480082], [-1.631067207083106, 54.98924148567312], [-1.6314886170439422, 54.98924148567312], [-1.6319100270047784, 54.989484023928526], [-1.633595666848123, 54.989484023928526], [-1.6338063718285412, 54.98960529305623], [-1.6338063718285412, 54.989847831311636], [-1.6348598967306316, 54.99045417695015], [-1.635702716652304, 54.98996910043934], [-1.63612412661314, 54.98996910043934], [-1.6367562415543944, 54.98960529305623], [-1.6367562415543944, 54.98936275480082], [-1.6369669465348125, 54.98924148567312], [-1.6378097664564848, 54.98924148567312], [-1.6380204714369029, 54.989120216545416], [-1.6380204714369029, 54.98887767829001], [-1.6375990614760667, 54.9886351400346], [-1.6375990614760667, 54.988392601779196], [-1.6378097664564848, 54.98827133265149], [-1.638231176417321, 54.98827133265149], [-1.638441881397739, 54.98815006352379], [-1.638441881397739, 54.98790752526838], [-1.6371776515152305, 54.987179910502164], [-1.6371776515152305, 54.98620975748054], [-1.6369669465348125, 54.986088488352834], [-1.635702716652304, 54.986088488352834], [-1.6354920116718858, 54.98596721922513], [-1.6354920116718858, 54.985724680969724], [-1.6363348315935582, 54.98523960445891], [-1.6363348315935582, 54.9847545279481], [-1.6367562415543944, 54.98451198969269], [-1.6367562415543944, 54.984269451437285], [-1.6363348315935582, 54.98402691318188], [-1.6363348315935582, 54.98378437492647], [-1.635913421632722, 54.983541836671066], [-1.635913421632722, 54.982814221904846], [-1.63612412661314, 54.98269295277714], [-1.6369669465348125, 54.98269295277714], [-1.6380204714369029, 54.982086607138626], [-1.6371776515152305, 54.98160153062781], [-1.6371776515152305, 54.98135899237241], [-1.6375990614760667, 54.981116454117], [-1.6375990614760667, 54.980873915861594], [-1.6373883564956486, 54.98075264673389], [-1.6369669465348125, 54.98075264673389], [-1.6365455365739763, 54.980510108478484], [-1.635702716652304, 54.980510108478484], [-1.6354920116718858, 54.98038883935078], [-1.6354920116718858, 54.97990376283997], [-1.6344384867697954, 54.97929741720145], [-1.6340170768089592, 54.97929741720145], [-1.633595666848123, 54.97953995545686], [-1.633174256887287, 54.97953995545686], [-1.6329635519068688, 54.979418686329154], [-1.6329635519068688, 54.97917614807375], [-1.633384961867705, 54.97893360981834], [-1.633384961867705, 54.978691071562935], [-1.633595666848123, 54.97856980243523], [-1.6340170768089592, 54.97881234069064], [-1.6344384867697954, 54.97856980243523], [-1.6348598967306316, 54.97881234069064], [-1.6352813066914678, 54.97856980243523], [-1.63612412661314, 54.979054878946044], [-1.6365455365739763, 54.979054878946044], [-1.6369669465348125, 54.97929741720145], [-1.6378097664564848, 54.97929741720145], [-1.6380204714369029, 54.97917614807375], [-1.6375990614760667, 54.97893360981834], [-1.6375990614760667, 54.978691071562935], [-1.6371776515152305, 54.97844853330753], [-1.6371776515152305, 54.977963456796715], [-1.6375990614760667, 54.97772091854131], [-1.6375990614760667, 54.9774783802859], [-1.6371776515152305, 54.977235842030495], [-1.6371776515152305, 54.97699330377509], [-1.6378097664564848, 54.97662949639198], [-1.638231176417321, 54.97662949639198], [-1.6397061112802476, 54.975780612498056], [-1.6397061112802476, 54.97553807424265], [-1.6392847013194114, 54.97529553598724], [-1.6392847013194114, 54.97505299773184], [-1.6380204714369029, 54.97432538296562], [-1.6380204714369029, 54.97408284471021], [-1.6386525863781571, 54.9737190373271], [-1.6390739963389933, 54.9737190373271], [-1.6392847013194114, 54.9735977681994], [-1.6392847013194114, 54.97335522994399], [-1.6390739963389933, 54.97323396081629], [-1.6386525863781571, 54.97323396081629], [-1.6378097664564848, 54.972748884305474], [-1.63612412661314, 54.972748884305474], [-1.635913421632722, 54.97262761517777], [-1.635913421632722, 54.972385076922365], [-1.6352813066914678, 54.972021269539255]]]}}, {"type": "Feature", "properties": {"band_id": "under_60", "order": 1}, "geometry": {"type": "MultiPolygon", "coordinates": [[[[-1.6266424024943262, 54.95734770508716], [-1.62622099253349, 54.957590243342565], [-1.62622099253349, 54.95783278159797], [-1.6264316975139081, 54.957954050725675], [-1.6272745174355805, 54.957954050725675], [-1.6274852224159986, 54.95807531985338], [-1.6274852224159986, 54.958317858108785], [-1.6272745174355805, 54.958469444518414], [-1.626010287553072, 54.95895452102923], [-1.625799582572654, 54.9588029346196], [-1.625799582572654, 54.95856039636419], [-1.6255888775922358, 54.95843912723649], [-1.6251674676313996, 54.958681665491895], [-1.6247460576705635, 54.95843912723649], [-1.6239032377488911, 54.95843912723649], [-1.623692532768473, 54.95856039636419], [-1.6245353526901454, 54.959045472875005], [-1.6245353526901454, 54.95928801113041], [-1.6243246477097273, 54.95943959754004], [-1.6230604178272188, 54.95968213579545], [-1.621374777983874, 54.96016721230626], [-1.6175820883363485, 54.9616224418387], [-1.6158964484930038, 54.96210751834951], [-1.6150536285713315, 54.962592594860325], [-1.6136313699535094, 54.96365369972773], [-1.6125251688063145, 54.96429036264817], [-1.6115243201493286, 54.96510892926017], [-1.6104181190021336, 54.96574559218061], [-1.609153889119625, 54.96598813043602], [-1.6083110691979527, 54.96647320694683], [-1.6073102205409668, 54.96777685006964], [-1.6070468393154442, 54.96792843647927], [-1.6067834580899216, 54.96777685006964], [-1.6064674006192945, 54.96729177355883], [-1.6062040193937719, 54.967443359968456], [-1.6049397895112634, 54.96792843647927], [-1.604096969589591, 54.96841351299008], [-1.6019899197854102, 54.96865605124549], [-1.5998828699812293, 54.9691411277563], [-1.5981972301378846, 54.969626204267115], [-1.5948259504511952, 54.97011128077793], [-1.5914546707645059, 54.97011128077793], [-1.5911912895389833, 54.9699596943683], [-1.5889262109994888, 54.969626204267115], [-1.5886628297739662, 54.969474617857486], [-1.5876619811169803, 54.9691411277563], [-1.5861343700089492, 54.96826192658045], [-1.5852915500872768, 54.96729177355883], [-1.5844487301656045, 54.966806697048014], [-1.5840273202047683, 54.9663216205372], [-1.5826050615869462, 54.96574559218061], [-1.5814988604397513, 54.96510892926017], [-1.5810774504789151, 54.964623852749355], [-1.5800766018219292, 54.96429036264817], [-1.5798132205964066, 54.96413877623854], [-1.5783909619785845, 54.96380528613736], [-1.578127580753062, 54.96365369972773], [-1.5748616535565816, 54.96365369972773], [-1.574598272331059, 54.96380528613736], [-1.572069812566042, 54.96429036264817], [-1.5712269926443696, 54.96429036264817], [-1.5710162876639515, 54.96413877623854], [-1.5710162876639515, 54.963168623216916], [-1.5714376976247877, 54.96292608496151], [-1.5714376976247877, 54.9626835467061], [-1.5710162876639515, 54.962441008450696], [-1.5710162876639515, 54.96219847019529], [-1.5705948777031153, 54.96195593193988], [-1.5705948777031153, 54.96147085542907], [-1.5708055826835334, 54.96134958630137], [-1.5716484026052058, 54.96134958630137], [-1.572069812566042, 54.96110704804596], [-1.5724912225268781, 54.96110704804596], [-1.5729126324877143, 54.960864509790554], [-1.5731233374681324, 54.96098577891826], [-1.5731233374681324, 54.96122831717366], [-1.5733340424485505, 54.96134958630137], [-1.5741768623702228, 54.96134958630137], [-1.5758625022135675, 54.96037943327974], [-1.5760732071939856, 54.960500702407444], [-1.5760732071939856, 54.96074324066285], [-1.576916027115658, 54.96122831717366], [-1.576916027115658, 54.96147085542907], [-1.577126732096076, 54.96159212455677], [-1.5779695520177484, 54.96159212455677], [-1.5786016669590026, 54.96122831717366], [-1.5786016669590026, 54.95856039636419], [-1.5790230769198388, 54.958317858108785], [-1.5790230769198388, 54.95807531985338], [-1.5792337819002569, 54.957954050725675], [-1.5800766018219292, 54.95843912723649], [-1.5804980117827654, 54.95843912723649], [-1.5809194217436016, 54.95819658898108], [-1.5813408317044377, 54.95819658898108], [-1.581762241665274, 54.957954050725675], [-1.5826050615869462, 54.957954050725675], [-1.5836585864890367, 54.95734770508716], [-1.5836585864890367, 54.95710516683175], [-1.5838692914694548, 54.95698389770405], [-1.5851335213519633, 54.95698389770405], [-1.5859763412736356, 54.956498821193236], [-1.5861870462540537, 54.95662009032094], [-1.5861870462540537, 54.956862628576346], [-1.5863977512344718, 54.95698389770405], [-1.5872405711561441, 54.95698389770405], [-1.5874512761365622, 54.956862628576346], [-1.587029866175726, 54.95662009032094], [-1.5874512761365622, 54.95637755206553], [-1.587029866175726, 54.956135013810126], [-1.587029866175726, 54.95589247555472], [-1.5876619811169803, 54.95552866817161], [-1.5878726860973984, 54.95564993729931], [-1.5878726860973984, 54.95589247555472], [-1.5889262109994888, 54.956498821193236], [-1.589136915979907, 54.95637755206553], [-1.589136915979907, 54.956135013810126], [-1.589558325940743, 54.95589247555472], [-1.589558325940743, 54.95564993729931], [-1.5906118508428335, 54.9550435916608], [-1.5910332608036697, 54.9550435916608], [-1.5912439657840878, 54.95492232253309], [-1.5912439657840878, 54.95443724602228], [-1.5914546707645059, 54.95431597689458], [-1.591876080725342, 54.95431597689458], [-1.5922974906861782, 54.95407343863917], [-1.5927189006470144, 54.95431597689458], [-1.5935617205686867, 54.953830900383764], [-1.5948259504511952, 54.954558515149984], [-1.5954580653924495, 54.954194707766874], [-1.5950366554316133, 54.95395216951147], [-1.5950366554316133, 54.95370963125606], [-1.5952473604120314, 54.95358836212836], [-1.5956687703728676, 54.95358836212836], [-1.5958794753532857, 54.953467093000654], [-1.5958794753532857, 54.95322455474525], [-1.5963008853141218, 54.95298201648984], [-1.5963008853141218, 54.952739478234435], [-1.59651159029454, 54.95261820910673], [-1.596933000255376, 54.95261820910673], [-1.5973544102162123, 54.95286074736214], [-1.5977758201770484, 54.95286074736214], [-1.5979865251574665, 54.952739478234435], [-1.5979865251574665, 54.95249693997903], [-1.5981972301378846, 54.952375670851325], [-1.5986186400987208, 54.952375670851325], [-1.5988293450791389, 54.95225440172362], [-1.5988293450791389, 54.952011863468215], [-1.599040050059557, 54.95189059434051], [-1.5994614600203931, 54.95213313259592], [-1.6003042799420655, 54.95213313259592], [-1.6009363948833197, 54.95249693997903], [-1.6000935749616474, 54.95298201648984], [-1.6000935749616474, 54.95322455474525], [-1.6003042799420655, 54.95334582387295], [-1.6007256899029016, 54.95334582387295], [-1.601568509824574, 54.95286074736214], [-1.6028327397070825, 54.95286074736214], [-1.6030434446875006, 54.95298201648984], [-1.6030434446875006, 54.95322455474525], [-1.6034648546483368, 54.953467093000654], [-1.6034648546483368, 54.954194707766874], [-1.6036755596287549, 54.95431597689458], [-1.603886264609173, 54.954194707766874], [-1.603886264609173, 54.95370963125606], [-1.6045183795504272, 54.95334582387295], [-1.6049397895112634, 54.95334582387295], [-1.6051504944916815, 54.953467093000654], [-1.6051504944916815, 54.95370963125606], [-1.6053611994720995, 54.953830900383764], [-1.6057826094329357, 54.953830900383764], [-1.6062040193937719, 54.95407343863917], [-1.606625429354608, 54.95407343863917], [-1.6068361343350261, 54.95395216951147], [-1.6068361343350261, 54.953467093000654], [-1.6070468393154442, 54.95334582387295], [-1.6074682492762804, 54.95358836212836], [-1.6078896592371166, 54.95358836212836], [-1.608732479158789, 54.95407343863917], [-1.609153889119625, 54.95407343863917], [-1.6093645941000432, 54.954194707766874], [-1.6093645941000432, 54.95443724602228], [-1.6095752990804613, 54.954558515149984], [-1.6108395289629698, 54.954558515149984], [-1.6110502339433879, 54.95443724602228], [-1.6106288239825517, 54.954194707766874], [-1.6108395289629698, 54.95407343863917], [-1.611260938923806, 54.95407343863917], [-1.6121037588454783, 54.954558515149984], [-1.6125251688063145, 54.954558515149984], [-1.6129465787671506, 54.95480105340539], [-1.6131572837475687, 54.95467978427769], [-1.6131572837475687, 54.95443724602228], [-1.613789398688823, 54.95407343863917], [-1.6146322186104953, 54.95407343863917], [-1.6148429235909134, 54.954194707766874], [-1.6148429235909134, 54.95443724602228], [-1.6150536285713315, 54.954558515149984], [-1.6154750385321677, 54.95431597689458], [-1.6158964484930038, 54.954558515149984], [-1.61631785845384, 54.95431597689458], [-1.6167392684146762, 54.95431597689458], [-1.6169499733950943, 54.95443724602228], [-1.6169499733950943, 54.95467978427769], [-1.6171606783755124, 54.95480105340539], [-1.6180034982971847, 54.95480105340539], [-1.6182142032776028, 54.95492232253309], [-1.6182142032776028, 54.9551648607885], [-1.6175820883363485, 54.95552866817161], [-1.6167392684146762, 54.95552866817161], [-1.616528563434258, 54.95564993729931], [-1.616528563434258, 54.95589247555472], [-1.616107153473422, 54.956135013810126], [-1.616107153473422, 54.95662009032094], [-1.61631785845384, 54.95674135944864], [-1.6171606783755124, 54.95674135944864], [-1.6173713833559304, 54.95662009032094], [-1.6173713833559304, 54.95637755206553], [-1.6175820883363485, 54.95625628293783], [-1.6180034982971847, 54.956498821193236], [-1.6184249082580209, 54.956498821193236], [-1.618635613238439, 54.95637755206553], [-1.618635613238439, 54.956135013810126], [-1.6190570231992751, 54.95589247555472], [-1.6190570231992751, 54.95564993729931], [-1.6192677281796932, 54.95552866817161], [-1.6196891381405294, 54.95552866817161], [-1.6201105481013656, 54.955771206427016], [-1.6205319580622017, 54.955771206427016], [-1.6207426630426198, 54.95589247555472], [-1.6203212530817837, 54.956135013810126], [-1.6207426630426198, 54.95637755206553], [-1.6203212530817837, 54.95662009032094], [-1.6203212530817837, 54.95710516683175], [-1.6205319580622017, 54.957226435959456], [-1.620953368023038, 54.957226435959456], [-1.6217961879447103, 54.95674135944864], [-1.6220068929251283, 54.956862628576346], [-1.6220068929251283, 54.95710516683175], [-1.6222175979055464, 54.957226435959456], [-1.6224283028859645, 54.95710516683175], [-1.6224283028859645, 54.956862628576346], [-1.6226390078663826, 54.95674135944864], [-1.6230604178272188, 54.95674135944864], [-1.623481827788055, 54.95698389770405], [-1.6239032377488911, 54.95674135944864], [-1.6241139427293092, 54.956862628576346], [-1.6241139427293092, 54.95710516683175], [-1.6243246477097273, 54.957226435959456], [-1.6247460576705635, 54.957226435959456], [-1.6249567626509815, 54.95710516683175], [-1.6245353526901454, 54.956862628576346], [-1.6247460576705635, 54.95674135944864], [-1.6251674676313996, 54.95698389770405], [-1.626010287553072, 54.95698389770405], [-1.6266424024943262, 54.95734770508716]]], [[[-1.635913421632722, 54.972385076922365], [-1.635913421632722, 54.97262761517777], [-1.63612412661314, 54.972748884305474], [-1.6378097664564848, 54.972748884305474], [-1.6386525863781571, 54.97323396081629], [-1.6390739963389933, 54.97323396081629], [-1.6392847013194114, 54.97335522994399], [-1.6392847013194114, 54.9735977681994], [-1.6390739963389933, 54.9737190373271], [-1.6386525863781571, 54.9737190373271], [-1.6380204714369029, 54.97408284471021], [-1.6380204714369029, 54.97432538296562], [-1.6392847013194114, 54.97505299773184], [-1.6392847013194114, 54.97529553598724], [-1.6397061112802476, 54.97553807424265], [-1.6397061112802476, 54.975780612498056], [-1.638231176417321, 54.97662949639198], [-1.6378097664564848, 54.97662949639198], [-1.6371776515152305, 54.97699330377509], [-1.6371776515152305, 54.977235842030495], [-1.6375990614760667, 54.9774783802859], [-1.6375990614760667, 54.97772091854131], [-1.6371776515152305, 54.977963456796715], [-1.6371776515152305, 54.97844853330753], [-1.6375990614760667, 54.978691071562935], [-1.6375990614760667, 54.97893360981834], [-1.6380204714369029, 54.97917614807375], [-1.6378097664564848, 54.97929741720145], [-1.6369669465348125, 54.97929741720145], [-1.6365455365739763, 54.979054878946044], [-1.63612412661314, 54.979054878946044], [-1.6352813066914678, 54.97856980243523], [-1.6348598967306316, 54.97881234069064], [-1.6344384867697954, 54.97856980243523], [-1.6340170768089592, 54.97881234069064], [-1.633595666848123, 54.97856980243523], [-1.633384961867705, 54.978691071562935], [-1.633384961867705, 54.97893360981834], [-1.6329635519068688, 54.97917614807375], [-1.6329635519068688, 54.979418686329154], [-1.633174256887287, 54.97953995545686], [-1.633595666848123, 54.97953995545686], [-1.6340170768089592, 54.97929741720145], [-1.6344384867697954, 54.97929741720145], [-1.6354920116718858, 54.97990376283997], [-1.6354920116718858, 54.98038883935078], [-1.635702716652304, 54.980510108478484], [-1.6365455365739763, 54.980510108478484], [-1.6369669465348125, 54.98075264673389], [-1.6373883564956486, 54.98075264673389], [-1.6375990614760667, 54.980873915861594], [-1.6375990614760667, 54.981116454117], [-1.6371776515152305, 54.98135899237241], [-1.6371776515152305, 54.98160153062781], [-1.6380204714369029, 54.982086607138626], [-1.6369669465348125, 54.98269295277714], [-1.63612412661314, 54.98269295277714], [-1.635913421632722, 54.982814221904846], [-1.635913421632722, 54.983541836671066], [-1.6363348315935582, 54.98378437492647], [-1.6363348315935582, 54.98402691318188], [-1.6367562415543944, 54.984269451437285], [-1.6367562415543944, 54.98451198969269], [-1.6363348315935582, 54.9847545279481], [-1.6363348315935582, 54.98523960445891], [-1.6354920116718858, 54.985724680969724], [-1.6354920116718858, 54.98596721922513], [-1.635702716652304, 54.986088488352834], [-1.6369669465348125, 54.986088488352834], [-1.6371776515152305, 54.98620975748054], [-1.6371776515152305, 54.987179910502164], [-1.638441881397739, 54.98790752526838], [-1.638441881397739, 54.98815006352379], [-1.638231176417321, 54.98827133265149], [-1.6378097664564848, 54.98827133265149], [-1.6375990614760667, 54.988392601779196], [-1.6375990614760667, 54.9886351400346], [-1.6380204714369029, 54.98887767829001], [-1.6380204714369029, 54.989120216545416], [-1.6378097664564848, 54.98924148567312], [-1.6369669465348125, 54.98924148567312], [-1.6367562415543944, 54.98936275480082], [-1.6367562415543944, 54.98960529305623], [-1.63612412661314, 54.98996910043934], [-1.635702716652304, 54.98996910043934], [-1.6348598967306316, 54.99045417695015], [-1.6338063718285412, 54.989847831311636], [-1.6338063718285412, 54.98960529305623], [-1.633595666848123, 54.989484023928526], [-1.6319100270047784, 54.989484023928526], [-1.6314886170439422, 54.98924148567312], [-1.631067207083106, 54.98924148567312], [-1.630856502102688, 54.98936275480082], [-1.630856502102688, 54.989847831311636], [-1.6304350921418518, 54.99009036956704], [-1.6304350921418518, 54.99154559909948], [-1.6298029772005975, 54.99190940648259], [-1.6293815672397614, 54.99190940648259], [-1.6289601572789252, 54.992151944738], [-1.628538747318089, 54.992151944738], [-1.628328042337671, 54.9922732138657], [-1.628749452298507, 54.99251575212111], [-1.628749452298507, 54.992758290376514], [-1.6291708622593433, 54.99300082863192], [-1.6291708622593433, 54.99421351990895], [-1.6293815672397614, 54.99433478903666], [-1.6295922722201794, 54.99421351990895], [-1.6295922722201794, 54.99397098165355], [-1.6298029772005975, 54.993849712525844], [-1.6306457971222699, 54.993849712525844], [-1.630856502102688, 54.99397098165355], [-1.630856502102688, 54.99421351990895], [-1.6304350921418518, 54.99445605816436], [-1.6304350921418518, 54.99469859641977], [-1.6300136821810156, 54.99494113467517], [-1.6300136821810156, 54.99518367293058], [-1.6304350921418518, 54.995426211185986], [-1.6304350921418518, 54.99566874944139], [-1.6295922722201794, 54.996153825952206], [-1.6295922722201794, 54.99639636420761], [-1.6293815672397614, 54.996517633335316], [-1.6289601572789252, 54.99627509507991], [-1.6281173373572528, 54.99627509507991], [-1.6279066323768348, 54.99639636420761], [-1.6279066323768348, 54.99663890246302], [-1.6276959273964167, 54.99676017159072], [-1.6268531074747443, 54.99676017159072], [-1.6266424024943262, 54.996881440718425], [-1.6266424024943262, 54.99712397897383], [-1.62622099253349, 54.99736651722924], [-1.62622099253349, 54.99809413199546], [-1.6270638124551624, 54.99857920850627], [-1.6270638124551624, 54.999064285017084], [-1.6268531074747443, 54.99918555414479], [-1.6264316975139081, 54.99918555414479], [-1.62622099253349, 54.99930682327249], [-1.6266424024943262, 54.9995493615279], [-1.6266424024943262, 54.999791899783304], [-1.626010287553072, 55.000155707166414], [-1.6255888775922358, 55.000155707166414], [-1.6251674676313996, 54.99991316891101], [-1.6239032377488911, 54.99991316891101], [-1.623692532768473, 55.00003443803871], [-1.623692532768473, 55.00027697629412], [-1.6232711228076369, 55.000519514549524], [-1.623481827788055, 55.00064078367723], [-1.6247460576705635, 55.00064078367723], [-1.6253781726118177, 55.00100459106034], [-1.6253781726118177, 55.00148966757115], [-1.6249567626509815, 55.001732205826556], [-1.6249567626509815, 55.00197474408196], [-1.6247460576705635, 55.002096013209666], [-1.6243246477097273, 55.002096013209666], [-1.623692532768473, 55.002459820592776], [-1.623692532768473, 55.00294489710359], [-1.6241139427293092, 55.003187435358996], [-1.6241139427293092, 55.0034299736144], [-1.6239032377488911, 55.003551242742105], [-1.623481827788055, 55.003551242742105], [-1.6226390078663826, 55.00403631925292], [-1.6222175979055464, 55.00403631925292], [-1.621164073003456, 55.004642664891435], [-1.621374777983874, 55.00476393401914], [-1.6217961879447103, 55.00476393401914], [-1.6220068929251283, 55.00488520314684], [-1.6215854829642922, 55.00512774140225], [-1.6215854829642922, 55.005370279657654], [-1.621374777983874, 55.00549154878536], [-1.620953368023038, 55.00524901052995], [-1.6201105481013656, 55.005734087040764], [-1.6198998431209475, 55.00561281791306], [-1.6198998431209475, 55.005370279657654], [-1.6192677281796932, 55.005006472274545], [-1.618846318218857, 55.005006472274545], [-1.618635613238439, 55.00512774140225], [-1.618635613238439, 55.00561281791306], [-1.6171606783755124, 55.006461701806984], [-1.6167392684146762, 55.006461701806984], [-1.61631785845384, 55.00621916355158], [-1.6158964484930038, 55.00621916355158], [-1.6156857435125858, 55.00634043267928], [-1.6156857435125858, 55.00658297093469], [-1.6152643335517496, 55.006825509190094], [-1.6152643335517496, 55.0070680474455], [-1.6154750385321677, 55.0071893165732], [-1.6158964484930038, 55.0071893165732], [-1.616107153473422, 55.00731058570091], [-1.616107153473422, 55.00755312395631], [-1.6158964484930038, 55.00767439308402], [-1.6154750385321677, 55.00767439308402], [-1.6152643335517496, 55.00779566221172], [-1.6152643335517496, 55.008038200467126], [-1.6142108086496592, 55.00864454610564], [-1.6133679887279868, 55.00864454610564], [-1.6131572837475687, 55.008765815233346], [-1.6131572837475687, 55.00900835348875], [-1.613578693708405, 55.00925089174416], [-1.6129465787671506, 55.00961469912727], [-1.6127358737867326, 55.009493429999566], [-1.6127358737867326, 55.00925089174416], [-1.6125251688063145, 55.009129622616456], [-1.6121037588454783, 55.009129622616456], [-1.6116823488846421, 55.00937216087186], [-1.611260938923806, 55.00937216087186], [-1.6110502339433879, 55.009493429999566], [-1.6110502339433879, 55.00973596825497], [-1.6104181190021336, 55.01009977563808], [-1.6097860040608793, 55.00973596825497], [-1.6097860040608793, 55.00900835348875], [-1.609153889119625, 55.00864454610564], [-1.6083110691979527, 55.009129622616456], [-1.6076789542566985, 55.008765815233346], [-1.6076789542566985, 55.00852327697794], [-1.6074682492762804, 55.008402007850236], [-1.6070468393154442, 55.008402007850236], [-1.606625429354608, 55.00864454610564], [-1.6062040193937719, 55.00864454610564], [-1.6051504944916815, 55.00925089174416], [-1.6051504944916815, 55.009493429999566], [-1.6049397895112634, 55.00961469912727], [-1.6045183795504272, 55.00961469912727], [-1.6043076745700091, 55.00973596825497], [-1.6043076745700091, 55.010221044765785], [-1.6045183795504272, 55.01034231389349], [-1.6053611994720995, 55.01034231389349], [-1.6072575442958623, 55.01143373604282], [-1.6072575442958623, 55.01191881255363], [-1.6078896592371166, 55.01228261993674], [-1.608732479158789, 55.01228261993674], [-1.608943184139207, 55.012403889064444], [-1.608943184139207, 55.01288896557526], [-1.608732479158789, 55.01301023470296], [-1.6083110691979527, 55.012767696447554], [-1.6078896592371166, 55.012767696447554], [-1.6076789542566985, 55.01288896557526], [-1.6081003642175347, 55.013131503830664], [-1.6081003642175347, 55.01337404208607], [-1.6076789542566985, 55.01361658034148], [-1.6076789542566985, 55.01410165685229], [-1.6074682492762804, 55.01422292597999], [-1.606625429354608, 55.01422292597999], [-1.6059933144133538, 55.01385911859688], [-1.6059933144133538, 55.01361658034148], [-1.6057826094329357, 55.013495311213774], [-1.6053611994720995, 55.01373784946918], [-1.604096969589591, 55.01373784946918], [-1.6036755596287549, 55.01398038772459], [-1.6024113297462463, 55.01398038772459], [-1.6022006247658283, 55.01410165685229], [-1.6026220347266644, 55.0143441951077], [-1.6024113297462463, 55.0144654642354], [-1.6019899197854102, 55.01422292597999], [-1.601779214804992, 55.0143441951077], [-1.601779214804992, 55.01482927161851], [-1.6011470998637378, 55.01519307900162], [-1.6003042799420655, 55.01519307900162], [-1.5998828699812293, 55.01495054074621], [-1.5996721650008112, 55.015071809873916], [-1.5996721650008112, 55.01555688638473], [-1.6000935749616474, 55.015799424640136], [-1.5994614600203931, 55.016163232023246], [-1.599040050059557, 55.01592069376784], [-1.5986186400987208, 55.01592069376784], [-1.5977758201770484, 55.01640577027865], [-1.5973544102162123, 55.01640577027865], [-1.5971437052357942, 55.016527039406355], [-1.5971437052357942, 55.01676957766176], [-1.596933000255376, 55.016890846789465], [-1.5960901803337038, 55.016890846789465], [-1.5952473604120314, 55.01640577027865], [-1.593983130529523, 55.01640577027865], [-1.5931403106078506, 55.016890846789465], [-1.5927189006470144, 55.016890846789465], [-1.5920867857057601, 55.017254654172575], [-1.5920867857057601, 55.01749719242798], [-1.591876080725342, 55.017618461555685], [-1.5910332608036697, 55.01713338504487], [-1.5889262109994888, 55.01713338504487], [-1.5887155060190707, 55.017254654172575], [-1.5887155060190707, 55.01749719242798], [-1.5880833910778165, 55.01786099981109], [-1.5872405711561441, 55.01786099981109], [-1.587029866175726, 55.017982268938795], [-1.587029866175726, 55.0182248071942], [-1.586819161195308, 55.018346076321905], [-1.5855549313127995, 55.018346076321905], [-1.5853442263323814, 55.01846734544961], [-1.5853442263323814, 55.01895242196042], [-1.5863977512344718, 55.01955876759894], [-1.586819161195308, 55.01955876759894], [-1.587029866175726, 55.019437498471234], [-1.587029866175726, 55.01919496021583], [-1.5872405711561441, 55.019073691088124], [-1.5876619811169803, 55.019073691088124], [-1.5878726860973984, 55.01919496021583], [-1.5878726860973984, 55.019437498471234], [-1.5880833910778165, 55.01955876759894], [-1.5885048010386527, 55.01931622934353], [-1.5887155060190707, 55.019437498471234], [-1.5887155060190707, 55.01968003672664], [-1.589136915979907, 55.01992257498205], [-1.589136915979907, 55.020165113237454], [-1.5889262109994888, 55.02028638236516], [-1.5885048010386527, 55.02028638236516], [-1.5882940960582346, 55.02040765149286], [-1.5882940960582346, 55.02089272800367], [-1.5880833910778165, 55.02101399713138], [-1.5872405711561441, 55.02101399713138], [-1.586819161195308, 55.02125653538678], [-1.5866084562148899, 55.02113526625908], [-1.5866084562148899, 55.02065018974827], [-1.5863977512344718, 55.02052892062056], [-1.5855549313127995, 55.02052892062056], [-1.5853442263323814, 55.02065018974827], [-1.5853442263323814, 55.02162034276989], [-1.5849228163715452, 55.0218628810253], [-1.5849228163715452, 55.02234795753611], [-1.584712111391127, 55.022469226663816], [-1.584290701430291, 55.022469226663816], [-1.5840799964498729, 55.02234795753611], [-1.5840799964498729, 55.02113526625908], [-1.5838692914694548, 55.02101399713138], [-1.5834478815086186, 55.02101399713138], [-1.5832371765282005, 55.02113526625908], [-1.5836585864890367, 55.021377804514486], [-1.5834478815086186, 55.02149907364219], [-1.5830264715477824, 55.02149907364219], [-1.5823943566065282, 55.02113526625908], [-1.5823943566065282, 55.02089272800367], [-1.58218365162611, 55.02077145887597], [-1.5815515366848558, 55.02113526625908], [-1.5815515366848558, 55.021377804514486], [-1.5813408317044377, 55.02149907364219], [-1.5809194217436016, 55.02149907364219], [-1.5807087167631835, 55.021377804514486], [-1.5807087167631835, 55.02089272800367], [-1.5802873068023473, 55.02065018974827], [-1.5804980117827654, 55.02052892062056], [-1.5809194217436016, 55.02077145887597], [-1.5815515366848558, 55.02040765149286], [-1.5815515366848558, 55.01992257498205], [-1.5811301267240196, 55.01968003672664], [-1.5811301267240196, 55.01919496021583], [-1.5807087167631835, 55.01895242196042], [-1.5813408317044377, 55.01858861457731], [-1.581762241665274, 55.01858861457731], [-1.58218365162611, 55.01883115283272], [-1.5830264715477824, 55.01883115283272], [-1.5832371765282005, 55.01895242196042], [-1.5832371765282005, 55.01919496021583], [-1.5834478815086186, 55.01931622934353], [-1.5838692914694548, 55.01931622934353], [-1.5840799964498729, 55.01919496021583], [-1.5840799964498729, 55.01846734544961], [-1.5836585864890367, 55.0182248071942], [-1.5836585864890367, 55.01773973068339], [-1.5830264715477824, 55.01737592330028], [-1.5826050615869462, 55.017618461555685], [-1.58218365162611, 55.017618461555685], [-1.581762241665274, 55.01786099981109], [-1.5813408317044377, 55.01786099981109], [-1.5809194217436016, 55.017618461555685], [-1.5790230769198388, 55.018709883705014], [-1.5790230769198388, 55.01895242196042], [-1.5788123719394207, 55.019073691088124], [-1.5775481420569122, 55.019073691088124], [-1.577126732096076, 55.01931622934353], [-1.5767053221352398, 55.01931622934353], [-1.5754410922527313, 55.02004384410975], [-1.5741768623702228, 55.02004384410975], [-1.5739661573898047, 55.01992257498205], [-1.5739661573898047, 55.01895242196042], [-1.5733340424485505, 55.01858861457731], [-1.5729126324877143, 55.01883115283272], [-1.572069812566042, 55.01883115283272], [-1.5718591075856239, 55.018709883705014], [-1.5718591075856239, 55.01846734544961], [-1.5714376976247877, 55.0182248071942], [-1.5714376976247877, 55.017982268938795], [-1.5712269926443696, 55.01786099981109], [-1.5703841727226973, 55.01786099981109], [-1.5693306478206068, 55.017254654172575], [-1.5693306478206068, 55.01701211591717], [-1.569752057781443, 55.01676957766176], [-1.569752057781443, 55.016527039406355], [-1.569541352801025, 55.01640577027865], [-1.5689092378597707, 55.01676957766176], [-1.5689092378597707, 55.017254654172575], [-1.5686985328793526, 55.01737592330028], [-1.5682771229185164, 55.01713338504487], [-1.5678557129576802, 55.01713338504487], [-1.5676450079772621, 55.017254654172575], [-1.5676450079772621, 55.01749719242798], [-1.5678557129576802, 55.017618461555685], [-1.5682771229185164, 55.017618461555685], [-1.5684878278989345, 55.01773973068339], [-1.5684878278989345, 55.017982268938795], [-1.5682771229185164, 55.0181035380665], [-1.5678557129576802, 55.01786099981109], [-1.5676450079772621, 55.017982268938795], [-1.5676450079772621, 55.0182248071942], [-1.567434302996844, 55.018346076321905], [-1.5665914830751717, 55.01786099981109], [-1.5657486631534994, 55.01786099981109], [-1.5655379581730813, 55.01773973068339], [-1.5655379581730813, 55.01749719242798], [-1.565116548212245, 55.017254654172575], [-1.565116548212245, 55.01676957766176], [-1.564905843231827, 55.01664830853406], [-1.5640630233101547, 55.01713338504487], [-1.5636416133493185, 55.01713338504487], [-1.562588088447228, 55.016527039406355], [-1.562588088447228, 55.01628450115095], [-1.5634309083689004, 55.015799424640136], [-1.5634309083689004, 55.01482927161851], [-1.5627987934276462, 55.0144654642354], [-1.562166678486392, 55.01482927161851], [-1.562166678486392, 55.01531434812932], [-1.5617452685255557, 55.01555688638473], [-1.562166678486392, 55.015799424640136], [-1.562166678486392, 55.01604196289554], [-1.5619559735059738, 55.016163232023246], [-1.5611131535843015, 55.016163232023246], [-1.5609024486038834, 55.01604196289554], [-1.5613238585647196, 55.015799424640136], [-1.5613238585647196, 55.01555688638473], [-1.5609024486038834, 55.01531434812932], [-1.5609024486038834, 55.01482927161851], [-1.5602703336626291, 55.0144654642354], [-1.5590061037801206, 55.0144654642354], [-1.5581632838584483, 55.01398038772459], [-1.5568990539759398, 55.01398038772459], [-1.5566883489955217, 55.01385911859688], [-1.5566883489955217, 55.01361658034148], [-1.5562669390346855, 55.01337404208607], [-1.5562669390346855, 55.013131503830664], [-1.5556348240934312, 55.012767696447554], [-1.555213414132595, 55.012767696447554], [-1.5545812991913408, 55.013131503830664], [-1.5545812991913408, 55.01337404208607], [-1.554792004171759, 55.013495311213774], [-1.555213414132595, 55.013495311213774], [-1.5554241191130131, 55.01361658034148], [-1.5554241191130131, 55.01410165685229], [-1.554792004171759, 55.0144654642354], [-1.5543705942109227, 55.0144654642354], [-1.5539491842500865, 55.01422292597999], [-1.552684954367578, 55.01422292597999], [-1.5522635444067419, 55.0144654642354], [-1.5518421344459057, 55.0144654642354], [-1.5516314294654876, 55.0143441951077], [-1.5516314294654876, 55.01385911859688], [-1.5514207244850695, 55.01373784946918], [-1.5505779045633972, 55.01373784946918], [-1.550156494602561, 55.01398038772459], [-1.5497350846417248, 55.01398038772459], [-1.5495243796613067, 55.01385911859688], [-1.5495243796613067, 55.01361658034148], [-1.5493136746808887, 55.013495311213774], [-1.5488922647200525, 55.013495311213774], [-1.5486815597396344, 55.01337404208607], [-1.5486815597396344, 55.013131503830664], [-1.5491029697004706, 55.01288896557526], [-1.5486815597396344, 55.01264642731985], [-1.5486815597396344, 55.012403889064444], [-1.5484708547592163, 55.01228261993674], [-1.5480494447983801, 55.01228261993674], [-1.547838739817962, 55.012403889064444], [-1.547838739817962, 55.01264642731985], [-1.547628034837544, 55.012767696447554], [-1.5469959198962897, 55.012403889064444], [-1.5469959198962897, 55.011676274298225], [-1.5467852149158716, 55.01155500517052], [-1.5465745099354535, 55.011676274298225], [-1.5465745099354535, 55.01191881255363], [-1.5463638049550354, 55.012040081681334], [-1.5459423949941993, 55.012040081681334], [-1.5457316900137812, 55.01191881255363], [-1.5461530999746174, 55.011676274298225], [-1.5461530999746174, 55.01143373604282], [-1.5459423949941993, 55.011312466915115], [-1.545520985033363, 55.011312466915115], [-1.545099575072527, 55.01155500517052], [-1.5448888700921088, 55.01143373604282], [-1.5448888700921088, 55.010948659532005], [-1.5446781651116908, 55.0108273904043], [-1.5438353451900184, 55.0108273904043], [-1.5436246402096003, 55.0107061212766], [-1.5436246402096003, 55.01046358302119], [-1.5434139352291822, 55.01034231389349], [-1.54257111530751, 55.01034231389349], [-1.5423604103270918, 55.01046358302119], [-1.5423604103270918, 55.0107061212766], [-1.542781820287928, 55.010948659532005], [-1.54257111530751, 55.01106992865971], [-1.5421497053466737, 55.0108273904043], [-1.5413068854250014, 55.0108273904043], [-1.5400426555424929, 55.01009977563808], [-1.5396212455816567, 55.01009977563808], [-1.5389891306404024, 55.01046358302119], [-1.5389891306404024, 55.0107061212766], [-1.5387784256599844, 55.0108273904043], [-1.5385677206795663, 55.0107061212766], [-1.5385677206795663, 55.01046358302119], [-1.53814631071873, 55.010221044765785], [-1.5385677206795663, 55.00997850651038], [-1.5385677206795663, 55.00925089174416], [-1.5383570156991482, 55.009129622616456], [-1.53814631071873, 55.00925089174416], [-1.53814631071873, 55.00973596825497], [-1.537935605738312, 55.009857237382676], [-1.5370927858166397, 55.00937216087186], [-1.5366713758558035, 55.00937216087186], [-1.5364606708753854, 55.00925089174416], [-1.5364606708753854, 55.00852327697794], [-1.535617850953713, 55.008038200467126], [-1.535617850953713, 55.00779566221172], [-1.535407145973295, 55.00767439308402], [-1.5349857360124588, 55.00767439308402], [-1.5345643260516226, 55.00791693133942], [-1.5341429160907865, 55.00791693133942], [-1.5339322111103684, 55.008038200467126], [-1.5339322111103684, 55.00852327697794], [-1.5333000961691141, 55.00888708436105], [-1.532878686208278, 55.00888708436105], [-1.5326679812278599, 55.008765815233346], [-1.5326679812278599, 55.008038200467126], [-1.532878686208278, 55.00791693133942], [-1.5333000961691141, 55.00791693133942], [-1.5335108011495322, 55.00779566221172], [-1.5333000961691141, 55.00767439308402], [-1.5311930463649333, 55.00767439308402], [-1.530560931423679, 55.008038200467126], [-1.530560931423679, 55.00852327697794], [-1.530350226443261, 55.00864454610564], [-1.5299288164824247, 55.00864454610564], [-1.5295074065215886, 55.00888708436105], [-1.5292967015411705, 55.008765815233346], [-1.5292967015411705, 55.00852327697794], [-1.5290859965607524, 55.008402007850236], [-1.52824317663908, 55.008402007850236], [-1.5278217666782439, 55.00864454610564], [-1.5261361268348992, 55.00864454610564], [-1.525925421854481, 55.00852327697794], [-1.525925421854481, 55.008038200467126], [-1.525714716874063, 55.00791693133942], [-1.5252933069132268, 55.00791693133942], [-1.5246611919719726, 55.00755312395631], [-1.5246611919719726, 55.00731058570091], [-1.5242397820111364, 55.0070680474455], [-1.5244504869915545, 55.0069467783178], [-1.5248718969523907, 55.0069467783178], [-1.5250826019328088, 55.006825509190094], [-1.5250826019328088, 55.00658297093469], [-1.5248718969523907, 55.006461701806984], [-1.5244504869915545, 55.006461701806984], [-1.523186257109046, 55.0071893165732], [-1.522975552128628, 55.0070680474455], [-1.522975552128628, 55.00634043267928], [-1.523396962089464, 55.006097894423874], [-1.523396962089464, 55.005370279657654], [-1.523186257109046, 55.00524901052995], [-1.5227648471482098, 55.00549154878536], [-1.5223434371873736, 55.00549154878536], [-1.5219220272265375, 55.005734087040764], [-1.5210792073048651, 55.005734087040764], [-1.520868502324447, 55.00561281791306], [-1.520868502324447, 55.005370279657654], [-1.5212899122852832, 55.00512774140225], [-1.520868502324447, 55.00488520314684], [-1.520868502324447, 55.004642664891435], [-1.520657797344029, 55.00452139576373], [-1.5202363873831928, 55.00452139576373], [-1.5200256824027747, 55.00440012663603], [-1.5200256824027747, 55.00415758838062], [-1.5189721575006843, 55.003551242742105], [-1.518550747539848, 55.003551242742105], [-1.5179186325985938, 55.003915050125215], [-1.5179186325985938, 55.00415758838062], [-1.518129337579012, 55.004278857508325], [-1.518550747539848, 55.004278857508325], [-1.5187614525202662, 55.00440012663603], [-1.5187614525202662, 55.004642664891435], [-1.518129337579012, 55.005006472274545], [-1.5172865176573396, 55.005006472274545], [-1.5170758126769215, 55.00512774140225], [-1.5170758126769215, 55.005370279657654], [-1.5168651076965034, 55.00549154878536], [-1.5162329927552491, 55.00512774140225], [-1.5162329927552491, 55.00415758838062], [-1.5166544027160853, 55.003915050125215], [-1.5166544027160853, 55.00367251186981], [-1.5174972226377577, 55.003187435358996], [-1.5174972226377577, 55.00270235884818], [-1.5172865176573396, 55.00258108972048], [-1.5168651076965034, 55.00258108972048], [-1.516022287774831, 55.00306616623129], [-1.515811582794413, 55.00294489710359], [-1.515811582794413, 55.00270235884818], [-1.5153901728335768, 55.002459820592776], [-1.5153901728335768, 55.00221728233737], [-1.5147580578923225, 55.00185347495426], [-1.5145473529119045, 55.00197474408196], [-1.5145473529119045, 55.002459820592776], [-1.5143366479314864, 55.00258108972048], [-1.5141259429510683, 55.002459820592776], [-1.5141259429510683, 55.00197474408196], [-1.513493828009814, 55.00161093669885], [-1.5130724180489779, 55.00185347495426], [-1.5126510080881417, 55.00185347495426], [-1.5124403031077236, 55.001732205826556], [-1.5124403031077236, 55.00124712931574], [-1.5115974831860512, 55.00076205280493], [-1.5118081881664693, 55.00064078367723], [-1.5122295981273055, 55.00064078367723], [-1.5128617130685598, 55.00027697629412], [-1.5126510080881417, 55.000155707166414], [-1.5118081881664693, 55.000155707166414], [-1.5113867782056332, 55.00039824542182], [-1.510965368244797, 55.000155707166414], [-1.5105439582839608, 55.00039824542182], [-1.5101225483231246, 55.000155707166414], [-1.5092797284014523, 55.000155707166414], [-1.5090690234210342, 55.00003443803871], [-1.5094904333818704, 54.999791899783304], [-1.5092797284014523, 54.9996706306556], [-1.5088583184406161, 54.9996706306556], [-1.5078047935385257, 54.999064285017084], [-1.5078047935385257, 54.99882174676168], [-1.5075940885581076, 54.998700477633975], [-1.5071726785972714, 54.998700477633975], [-1.5069619736168534, 54.99857920850627], [-1.5069619736168534, 54.998336670250865], [-1.5067512686364353, 54.99821540112316], [-1.506329858675599, 54.99845793937857], [-1.5056977437343448, 54.99809413199546], [-1.5056977437343448, 54.99736651722924], [-1.5054870387539268, 54.997245248101535], [-1.5050656287930906, 54.997245248101535], [-1.5046442188322544, 54.99748778635694], [-1.5044335138518363, 54.99736651722924], [-1.5044335138518363, 54.996881440718425], [-1.5042228088714182, 54.99676017159072], [-1.503801398910582, 54.99700270984613], [-1.503590693930164, 54.996881440718425], [-1.503590693930164, 54.99663890246302], [-1.503379988949746, 54.996517633335316], [-1.5029585789889097, 54.996517633335316], [-1.5027478740084916, 54.99639636420761], [-1.5027478740084916, 54.996153825952206], [-1.503379988949746, 54.995790018569096], [-1.503801398910582, 54.995790018569096], [-1.5042228088714182, 54.9960325568245], [-1.5044335138518363, 54.9959112876968], [-1.5044335138518363, 54.995426211185986], [-1.5042228088714182, 54.99530494205828], [-1.503801398910582, 54.99554748031369], [-1.503590693930164, 54.995426211185986], [-1.503590693930164, 54.99469859641977], [-1.5031692839693278, 54.99445605816436], [-1.5031692839693278, 54.992758290376514], [-1.503379988949746, 54.99263702124881], [-1.5042228088714182, 54.99263702124881], [-1.5044335138518363, 54.99251575212111], [-1.5044335138518363, 54.99178813735489], [-1.5040121038910002, 54.99154559909948], [-1.5040121038910002, 54.99081798433326], [-1.5048549238126725, 54.99033290782245], [-1.5048549238126725, 54.989847831311636], [-1.5056977437343448, 54.98936275480082], [-1.5056977437343448, 54.989120216545416], [-1.505908448714763, 54.98899894741771], [-1.506329858675599, 54.98924148567312], [-1.5075940885581076, 54.98924148567312], [-1.5078047935385257, 54.989120216545416], [-1.5073833835776895, 54.98887767829001], [-1.5073833835776895, 54.98815006352379], [-1.5075940885581076, 54.98799847711416], [-1.5078574697836302, 54.98815006352379], [-1.5090163471759297, 54.98815006352379], [-1.5092797284014523, 54.98799847711416], [-1.5177079276181757, 54.98751340060335], [-1.518129337579012, 54.98751340060335], [-1.5183927188045345, 54.98766498701298], [-1.5187087762751617, 54.98766498701298], [-1.5189721575006843, 54.98751340060335], [-1.5210792073048651, 54.98727086234794], [-1.5236076670698822, 54.98678578583713], [-1.5248718969523907, 54.986300709326315], [-1.5265575367957354, 54.9858156328155], [-1.5274003567174077, 54.98533055630469], [-1.5286645865999162, 54.984845479793876], [-1.5295074065215886, 54.98436040328306], [-1.5299288164824247, 54.98436040328306], [-1.5301921977079473, 54.98451198969269], [-1.5306136076687835, 54.98596721922513], [-1.5309296651394106, 54.985724680969724], [-1.5305082551785745, 54.984269451437285], [-1.5309296651394106, 54.98378437492647], [-1.5311930463649333, 54.98363278851684], [-1.5321938950219192, 54.982814221904846], [-1.5326153049827553, 54.98184406888322], [-1.5330367149435915, 54.98135899237241], [-1.5334581249044277, 54.98063137760619], [-1.5338795348652638, 54.980146301095374], [-1.5343009448261, 54.978691071562935], [-1.5347223547869362, 54.977963456796715], [-1.5351437647477724, 54.97481045947643], [-1.5359865846694447, 54.967534311814234], [-1.5362499658949673, 54.967382725404605], [-1.536829404591117, 54.965351467515575], [-1.5372508145519532, 54.96486639100476], [-1.5375141957774758, 54.96471480459513], [-1.5385150444344617, 54.963896237983136], [-1.540464065503329, 54.96277449855188], [-1.5417282953858376, 54.962531960296474], [-1.5434139352291822, 54.96204688378566], [-1.5438353451900184, 54.96204688378566], [-1.544098726415541, 54.96219847019529], [-1.545099575072527, 54.96204688378566], [-1.5488922647200525, 54.96059165425322], [-1.5505779045633972, 54.96010657774241], [-1.5539491842500865, 54.959621501231595], [-1.5542125654756092, 54.959773087641224], [-1.555213414132595, 54.96010657774241], [-1.5554767953581177, 54.96025816415204], [-1.5564776440151036, 54.96059165425322], [-1.5567410252406262, 54.96074324066285], [-1.5571624352014624, 54.96122831717366], [-1.5581632838584483, 54.96156180727485], [-1.5592694850056432, 54.96219847019529], [-1.5606917436234653, 54.96277449855188], [-1.560955124848988, 54.96292608496151], [-1.5619559735059738, 54.96325957506269], [-1.5622193547314964, 54.96341116147232], [-1.5636416133493185, 54.963744651573506], [-1.5639049945748411, 54.963896237983136], [-1.5653272531926632, 54.96422972808432], [-1.5655906344181858, 54.96438131449395], [-1.5665914830751717, 54.96471480459513], [-1.5668548643006943, 54.96486639100476], [-1.5691199428401887, 54.965199881105946], [-1.5693833240657113, 54.965351467515575], [-1.5730706612230279, 54.965351467515575], [-1.5733340424485505, 54.965199881105946], [-1.5783909619785845, 54.965199881105946], [-1.5786543432041071, 54.965351467515575], [-1.579655191861093, 54.96568495761676], [-1.5809194217436016, 54.965927495872165], [-1.5811828029691242, 54.966079082281794], [-1.5816042129299603, 54.96656415879261], [-1.5824470328516327, 54.96704923530342], [-1.5828684428124689, 54.967534311814234], [-1.5838692914694548, 54.96786780191542], [-1.5841326726949774, 54.96801938832505], [-1.5849754926166497, 54.968747003091266], [-1.5866611324599944, 54.96971715611289], [-1.5870825424208306, 54.970202232623706], [-1.587925362342503, 54.97068730913452], [-1.58824141981313, 54.97068730913452], [-1.5885048010386527, 54.97053572272489], [-1.5889262109994888, 54.97053572272489], [-1.5891895922250114, 54.97068730913452], [-1.597933848912362, 54.97068730913452], [-1.5981972301378846, 54.97053572272489], [-1.601568509824574, 54.96956556970326], [-1.6028327397070825, 54.96908049319245], [-1.6049397895112634, 54.96859541668164], [-1.6062040193937719, 54.96835287842623], [-1.6078896592371166, 54.96786780191542], [-1.609153889119625, 54.967382725404605], [-1.6099967090412974, 54.96689764889379], [-1.611260938923806, 54.96641257238298], [-1.6121037588454783, 54.965927495872165], [-1.6133679887279868, 54.96568495761676], [-1.6142108086496592, 54.965199881105946], [-1.6154750385321677, 54.96471480459513], [-1.61631785845384, 54.96422972808432], [-1.6175820883363485, 54.963744651573506], [-1.6192677281796932, 54.96277449855188], [-1.6201105481013656, 54.962531960296474], [-1.620953368023038, 54.96204688378566], [-1.6222175979055464, 54.96156180727485], [-1.6230604178272188, 54.961076730764034], [-1.6251674676313996, 54.96059165425322], [-1.6268531074747443, 54.96010657774241], [-1.6289601572789252, 54.96010657774241], [-1.6293815672397614, 54.960136895024334], [-1.6295922722201794, 54.96025816415204], [-1.6295922722201794, 54.960500702407444], [-1.6298029772005975, 54.96062197153515], [-1.6302243871614337, 54.96062197153515], [-1.6306457971222699, 54.96037943327974], [-1.6314886170439422, 54.96010657774241], [-1.6316993220243603, 54.96025816415204], [-1.6316993220243603, 54.96074324066285], [-1.6321207319851965, 54.96098577891826], [-1.6314886170439422, 54.96134958630137], [-1.631067207083106, 54.96134958630137], [-1.6306457971222699, 54.96110704804596], [-1.6302243871614337, 54.96110704804596], [-1.6300136821810156, 54.96122831717366], [-1.6304350921418518, 54.96147085542907], [-1.6304350921418518, 54.96171339368448], [-1.630856502102688, 54.96195593193988], [-1.630856502102688, 54.962441008450696], [-1.631067207083106, 54.9625622775784], [-1.6319100270047784, 54.9625622775784], [-1.6323314369656146, 54.96231973932299], [-1.6327528469264507, 54.9625622775784], [-1.633174256887287, 54.9625622775784], [-1.633595666848123, 54.96231973932299], [-1.6342277817893773, 54.9626835467061], [-1.6342277817893773, 54.96292608496151], [-1.6344384867697954, 54.96304735408921], [-1.6348598967306316, 54.96304735408921], [-1.6354920116718858, 54.96341116147232], [-1.6350706017110497, 54.96365369972773], [-1.6350706017110497, 54.963896237983136], [-1.6348598967306316, 54.96401750711084], [-1.6340170768089592, 54.96401750711084], [-1.6338063718285412, 54.963896237983136], [-1.6338063718285412, 54.96365369972773], [-1.633595666848123, 54.963532430600026], [-1.6329635519068688, 54.963896237983136], [-1.6329635519068688, 54.96438131449395], [-1.633174256887287, 54.96450258362165], [-1.633595666848123, 54.96450258362165], [-1.6340170768089592, 54.964260045366245], [-1.6346491917502135, 54.964623852749355], [-1.6346491917502135, 54.96486639100476], [-1.6350706017110497, 54.96510892926017], [-1.6346491917502135, 54.965351467515575], [-1.6348598967306316, 54.96547273664328], [-1.6352813066914678, 54.96547273664328], [-1.635702716652304, 54.965715274898685], [-1.63612412661314, 54.965715274898685], [-1.6369669465348125, 54.9662003514095], [-1.6373883564956486, 54.9662003514095], [-1.6375990614760667, 54.9663216205372], [-1.6373883564956486, 54.966442889664904], [-1.6369669465348125, 54.966442889664904], [-1.6367562415543944, 54.96656415879261], [-1.6371776515152305, 54.966806697048014], [-1.6367562415543944, 54.96704923530342], [-1.6367562415543944, 54.96826192658045], [-1.6371776515152305, 54.96850446483586], [-1.6371776515152305, 54.968747003091266], [-1.6373883564956486, 54.96886827221897], [-1.6378097664564848, 54.96862573396356], [-1.638441881397739, 54.96898954134667], [-1.638441881397739, 54.96923207960208], [-1.638231176417321, 54.96935334872978], [-1.6378097664564848, 54.96935334872978], [-1.6375990614760667, 54.969474617857486], [-1.6375990614760667, 54.96971715611289], [-1.6371776515152305, 54.9699596943683], [-1.6371776515152305, 54.97117238564533], [-1.6369669465348125, 54.971293654773035], [-1.6365455365739763, 54.97105111651763], [-1.63612412661314, 54.97105111651763], [-1.635702716652304, 54.97080857826222], [-1.6352813066914678, 54.97080857826222], [-1.6346491917502135, 54.97117238564533], [-1.6346491917502135, 54.97141492390074], [-1.6342277817893773, 54.971657462156145], [-1.6342277817893773, 54.97190000041155], [-1.6338063718285412, 54.97214253866696], [-1.6340170768089592, 54.97226380779466], [-1.6344384867697954, 54.97226380779466], [-1.6348598967306316, 54.972021269539255], [-1.6352813066914678, 54.972021269539255], [-1.635913421632722, 54.972385076922365]]]]}}, {"type": "Feature", "properties": {"band_id": "under_45", "order": 2}, "geometry": {"type": "MultiPolygon", "coordinates": [[[[-1.6104934984177817, 54.9641143014378], [-1.610758884169627, 54.9641143014378], [-1.6108915770455496, 54.964190655970015], [-1.6108915770455496, 54.96434336503444], [-1.6110242699214723, 54.96441971956665], [-1.6112896556733176, 54.96441971956665], [-1.611555041425163, 54.96457242863107], [-1.6116877343010856, 54.964648783163284], [-1.611555041425163, 54.96474422632855], [-1.611455521768221, 54.96480149222771], [-1.6112896556733176, 54.96487784675992], [-1.611156962797395, 54.96510691035655], [-1.6110242699214723, 54.96520235352182], [-1.6102281126659364, 54.96566048071509], [-1.609962726914091, 54.96566048071509], [-1.6096973411622457, 54.965641392082034], [-1.6095978215053037, 54.96602316474309], [-1.6086357981548645, 54.966576735101626], [-1.607209349738696, 54.967702964451746], [-1.6070434836437926, 54.96779840761701], [-1.6062473263882566, 54.96734028042374], [-1.6050862637239334, 54.967702964451746], [-1.604124240373494, 54.96825653481028], [-1.6024324062054802, 54.968619218838285], [-1.602266540110577, 54.96871466200355], [-1.6000439344388724, 54.969077346031554], [-1.599878068343969, 54.96917278919682], [-1.5984516199278005, 54.96953547322482], [-1.5982857538328972, 54.96963091639009], [-1.5952669909056567, 54.96999360041809], [-1.5951011248107534, 54.97008904358336], [-1.5911203385330737, 54.97008904358336], [-1.5909544724381703, 54.96999360041809], [-1.5889972525183111, 54.96963091639009], [-1.5888313864234078, 54.96953547322482], [-1.5888645596423885, 54.9693827641604], [-1.5888645596423885, 54.96923005509598], [-1.5876703237590846, 54.96917278919682], [-1.5867083004086453, 54.968619218838285], [-1.5861775289049547, 54.968161091645015], [-1.5861775289049547, 54.96800838258059], [-1.586343394999858, 54.96793202804838], [-1.5866087807517033, 54.96793202804838], [-1.5868741665035486, 54.96777931898396], [-1.5874049380072393, 54.96777931898396], [-1.5878030166350072, 54.96755025538732], [-1.5878030166350072, 54.9673975463229], [-1.587537630883162, 54.96724483725848], [-1.587537630883162, 54.966634001000784], [-1.5876703237590846, 54.96655764646857], [-1.5887318667664658, 54.96655764646857], [-1.5892626382701565, 54.96686306459742], [-1.589793409773847, 54.96686306459742], [-1.5900587955256924, 54.96701577366184], [-1.5908549527812283, 54.96701577366184], [-1.591385724284919, 54.966710355532996], [-1.5916511100367643, 54.96686306459742], [-1.592181881540455, 54.96686306459742], [-1.5924472672923002, 54.966710355532996], [-1.5928453459200682, 54.96693941912963], [-1.5928453459200682, 54.96755025538732], [-1.5929780387959909, 54.967626609919535], [-1.5932434245478362, 54.967626609919535], [-1.5933761174237588, 54.96755025538732], [-1.5933761174237588, 54.96693941912963], [-1.5931107316719135, 54.96678671006521], [-1.5931107316719135, 54.96602316474309], [-1.5933761174237588, 54.96587045567867], [-1.5933761174237588, 54.965717746614246], [-1.5931107316719135, 54.96556503754982], [-1.5931107316719135, 54.965259619420976], [-1.5928453459200682, 54.96510691035655], [-1.5928453459200682, 54.96480149222771], [-1.592579960168223, 54.964648783163284], [-1.5927126530441456, 54.96457242863107], [-1.5929780387959909, 54.96457242863107], [-1.5932434245478362, 54.96441971956665], [-1.5935088102996815, 54.96441971956665], [-1.5937741960515268, 54.96457242863107], [-1.5939068889274495, 54.96449607409886], [-1.5939068889274495, 54.963732528776745], [-1.5943049675552174, 54.96350346518011], [-1.594835739058908, 54.96350346518011], [-1.595631896314444, 54.96396159237338], [-1.5961626678181347, 54.96396159237338], [-1.5965607464459026, 54.964190655970015], [-1.5965607464459026, 54.96434336503444], [-1.596826132197748, 54.96449607409886], [-1.596826132197748, 54.96480149222771], [-1.5965607464459026, 54.96495420129213], [-1.5965607464459026, 54.965259619420976], [-1.597224210825516, 54.965641392082034], [-1.5976222894532839, 54.9654123284854], [-1.5976222894532839, 54.96495420129213], [-1.5973569037014386, 54.96480149222771], [-1.5973569037014386, 54.964648783163284], [-1.5970915179495933, 54.96449607409886], [-1.5973569037014386, 54.96434336503444], [-1.5973569037014386, 54.964190655970015], [-1.5976222894532839, 54.96403794690559], [-1.5976222894532839, 54.963732528776745], [-1.5977549823292065, 54.963656174244534], [-1.5980203680810519, 54.963656174244534], [-1.5981530609569745, 54.96357981971232], [-1.5981530609569745, 54.963274401583476], [-1.5984184467088198, 54.96312169251905], [-1.5984184467088198, 54.962205438132514], [-1.5985511395847425, 54.9621290836003], [-1.5986838324606651, 54.962205438132514], [-1.5986838324606651, 54.96235814719694], [-1.5988165253365878, 54.96243450172915], [-1.5990819110884331, 54.96243450172915], [-1.599479989716201, 54.962663565325784], [-1.599479989716201, 54.96296898345463], [-1.5996126825921237, 54.96304533798684], [-1.599878068343969, 54.96304533798684], [-1.6000107612198917, 54.96296898345463], [-1.6000107612198917, 54.96281627439021], [-1.600276146971737, 54.962663565325784], [-1.600276146971737, 54.96251085626136], [-1.6004088398476597, 54.96243450172915], [-1.600674225599505, 54.96258721079357], [-1.6012049971031956, 54.96258721079357], [-1.601470382855041, 54.962739919857995], [-1.6017357686068863, 54.962739919857995], [-1.601868461482809, 54.96281627439021], [-1.6016030757309636, 54.96296898345463], [-1.6016030757309636, 54.963274401583476], [-1.6020011543587316, 54.96350346518011], [-1.6025319258624222, 54.96350346518011], [-1.6029300044901902, 54.963274401583476], [-1.6029300044901902, 54.96312169251905], [-1.6030626973661128, 54.96304533798684], [-1.6035934688698035, 54.96304533798684], [-1.6038588546216488, 54.96289262892242], [-1.604124240373494, 54.96289262892242], [-1.6046550118771847, 54.963198047051264], [-1.60492039762903, 54.96304533798684], [-1.6050530905049527, 54.96312169251905], [-1.6047877047531074, 54.963274401583476], [-1.6047877047531074, 54.96357981971232], [-1.6050530905049527, 54.963732528776745], [-1.6050530905049527, 54.96388523784117], [-1.6054511691327207, 54.9641143014378], [-1.605716554884566, 54.9641143014378], [-1.6059819406364113, 54.96396159237338], [-1.6062473263882566, 54.96396159237338], [-1.6063800192641793, 54.96388523784117], [-1.6063800192641793, 54.96357981971232], [-1.606114633512334, 54.9634271106479], [-1.606114633512334, 54.963274401583476], [-1.6062473263882566, 54.963198047051264], [-1.6070434836437926, 54.963198047051264], [-1.6074415622715605, 54.9634271106479], [-1.6074415622715605, 54.96388523784117], [-1.60691079076787, 54.964190655970015], [-1.6071761765197152, 54.96434336503444], [-1.6071761765197152, 54.96449607409886], [-1.6073088693956379, 54.96457242863107], [-1.6078396408993285, 54.96457242863107], [-1.6079723337752512, 54.96449607409886], [-1.6079723337752512, 54.964190655970015], [-1.6081050266511738, 54.9641143014378], [-1.6085031052789418, 54.96434336503444], [-1.6085031052789418, 54.96449607409886], [-1.6086357981548645, 54.96457242863107], [-1.6089011839067098, 54.96457242863107], [-1.6090338767826324, 54.96449607409886], [-1.6090338767826324, 54.96403794690559], [-1.609166569658555, 54.96396159237338], [-1.6094319554104004, 54.96396159237338], [-1.609962726914091, 54.964267010502226], [-1.6102281126659364, 54.964267010502226], [-1.6104934984177817, 54.9641143014378]]], [[[-1.6205781569879036, 54.97327684530319], [-1.6211089284915943, 54.97327684530319], [-1.6213743142434396, 54.973124136238766], [-1.6215070071193622, 54.97320049077098], [-1.6215070071193622, 54.97365861796425], [-1.621639699995285, 54.97373497249646], [-1.6217723928712076, 54.97381132702867], [-1.6217723928712076, 54.97396403609309], [-1.621241621367517, 54.97426945422194], [-1.621241621367517, 54.97442216328636], [-1.6209762356156716, 54.974574872350786], [-1.6209762356156716, 54.97472758141521], [-1.620843542739749, 54.97480393594742], [-1.6205781569879036, 54.97480393594742], [-1.620445464111981, 54.97488029047963], [-1.620445464111981, 54.97518570860848], [-1.6197819997323677, 54.975567481269536], [-1.6195166139805224, 54.97541477220511], [-1.619251228228677, 54.97541477220511], [-1.6185877638490638, 54.97579654486617], [-1.6187204567249864, 54.97587289939838], [-1.6197819997323677, 54.97587289939838], [-1.6199146926082904, 54.975949253930594], [-1.6199146926082904, 54.97625467205944], [-1.6197819997323677, 54.97633102659165], [-1.619251228228677, 54.97633102659165], [-1.6191185353527544, 54.97640738112386], [-1.6191185353527544, 54.976560090188286], [-1.6199146926082904, 54.977018217381556], [-1.6199146926082904, 54.977476344574825], [-1.619649306856445, 54.97762905363925], [-1.619649306856445, 54.977934471768094], [-1.6193839211045997, 54.97808718083252], [-1.6193839211045997, 54.97854530802579], [-1.6195166139805224, 54.978621662558], [-1.6197819997323677, 54.978621662558], [-1.6199146926082904, 54.97869801709021], [-1.6197819997323677, 54.97877437162242], [-1.6195166139805224, 54.97877437162242], [-1.6193839211045997, 54.97885072615463], [-1.6193839211045997, 54.979003435219056], [-1.6199146926082904, 54.9793088533479], [-1.6199146926082904, 54.979461562412325], [-1.6201800783601357, 54.97961427147675], [-1.6201800783601357, 54.97976698054117], [-1.6197819997323677, 54.979996044137806], [-1.6195166139805224, 54.979996044137806], [-1.6193839211045997, 54.98007239867002], [-1.6193839211045997, 54.980377816798864], [-1.619251228228677, 54.980454171331075], [-1.6189858424768317, 54.980454171331075], [-1.618853149600909, 54.98053052586329], [-1.618853149600909, 54.98068323492771], [-1.6185877638490638, 54.98083594399213], [-1.6185877638490638, 54.980988653056556], [-1.6187204567249864, 54.98106500758877], [-1.619251228228677, 54.98106500758877], [-1.6193839211045997, 54.98114136212098], [-1.6193839211045997, 54.98159948931425], [-1.619649306856445, 54.98175219837867], [-1.619649306856445, 54.981904907443095], [-1.6197819997323677, 54.98198126197531], [-1.6205781569879036, 54.98152313478204], [-1.6207108498638263, 54.98159948931425], [-1.6207108498638263, 54.98175219837867], [-1.621241621367517, 54.98205761650752], [-1.6207108498638263, 54.982363034636364], [-1.6207108498638263, 54.98266845276521], [-1.6209762356156716, 54.982821161829634], [-1.6209762356156716, 54.98312657995848], [-1.620843542739749, 54.98320293449069], [-1.6205781569879036, 54.98320293449069], [-1.620445464111981, 54.9832792890229], [-1.620445464111981, 54.983431998087326], [-1.621241621367517, 54.983890125280595], [-1.621241621367517, 54.98419554340944], [-1.6209762356156716, 54.984348252473865], [-1.6209762356156716, 54.98450096153829], [-1.620843542739749, 54.9845773160705], [-1.619251228228677, 54.9845773160705], [-1.618853149600909, 54.984806379667134], [-1.618853149600909, 54.98556992498925], [-1.6185877638490638, 54.98572263405367], [-1.6185877638490638, 54.985875343118096], [-1.6191185353527544, 54.98618076124694], [-1.6191185353527544, 54.98663888844021], [-1.618853149600909, 54.986791597504634], [-1.618853149600909, 54.98694430656906], [-1.6187204567249864, 54.98702066110127], [-1.6184550709731411, 54.98702066110127], [-1.6183223780972185, 54.98709701563348], [-1.6183223780972185, 54.987249724697904], [-1.6181896852212958, 54.987326079230115], [-1.6176589137176052, 54.987326079230115], [-1.6171281422139145, 54.98702066110127], [-1.6167300635861466, 54.987249724697904], [-1.6169954493379919, 54.98740243376233], [-1.6168627564620692, 54.98747878829454], [-1.6163319849583786, 54.98747878829454], [-1.616199292082456, 54.98755514282675], [-1.616199292082456, 54.98770785189117], [-1.6160665992065333, 54.987784206423385], [-1.6152704419509973, 54.987784206423385], [-1.615005056199152, 54.98763149735896], [-1.6147396704473067, 54.98763149735896], [-1.614606977571384, 54.98770785189117], [-1.614606977571384, 54.98816597908444], [-1.6148723633232294, 54.988318688148865], [-1.6148723633232294, 54.98847139721329], [-1.6143415918195387, 54.988776815342135], [-1.6143415918195387, 54.98892952440656], [-1.613810820315848, 54.989234942535404], [-1.6139435131917708, 54.989311297067616], [-1.614208898943616, 54.989311297067616], [-1.6144742846954614, 54.98946400613204], [-1.6152704419509973, 54.98946400613204], [-1.6155358277028427, 54.98961671519646], [-1.6163319849583786, 54.98961671519646], [-1.6164646778343013, 54.98969306972867], [-1.6164646778343013, 54.9898457787931], [-1.615801213454688, 54.990227551454154], [-1.6155358277028427, 54.990227551454154], [-1.6152704419509973, 54.99038026051858], [-1.6147396704473067, 54.99038026051858], [-1.614208898943616, 54.990685678647424], [-1.6139435131917708, 54.990685678647424], [-1.6135454345640028, 54.99091474224406], [-1.6135454345640028, 54.99289996008156], [-1.6140762060676934, 54.993205378210405], [-1.6140762060676934, 54.99335808727483], [-1.6136781274399254, 54.99358715087146], [-1.6131473559362348, 54.99358715087146], [-1.6127492773084668, 54.9938162144681], [-1.6130146630603122, 54.99396892353252], [-1.6130146630603122, 54.99412163259694], [-1.6127492773084668, 54.99427434166137], [-1.6127492773084668, 54.99442705072579], [-1.6130146630603122, 54.99457975979021], [-1.6130146630603122, 54.994732468854636], [-1.6127492773084668, 54.99488517791906], [-1.6127492773084668, 54.995190596047905], [-1.6126165844325442, 54.99526695058012], [-1.6123511986806989, 54.99526695058012], [-1.6120858129288536, 54.995114241515694], [-1.611953120052931, 54.995190596047905], [-1.611953120052931, 54.99549601417675], [-1.611555041425163, 54.995725077773386], [-1.6114223485492403, 54.995648723241175], [-1.6116877343010856, 54.99549601417675], [-1.611555041425163, 54.99541965964454], [-1.6112896556733176, 54.99541965964454], [-1.611156962797395, 54.99549601417675], [-1.611156962797395, 54.996106850434444], [-1.6114223485492403, 54.99625955949887], [-1.6114223485492403, 54.99641226856329], [-1.6116877343010856, 54.99656497762771], [-1.611555041425163, 54.996641332159925], [-1.6112896556733176, 54.996641332159925], [-1.6110242699214723, 54.99679404122435], [-1.6104934984177817, 54.99679404122435], [-1.6102281126659364, 54.99694675028877], [-1.609962726914091, 54.99694675028877], [-1.609564648286323, 54.997175813885406], [-1.609564648286323, 54.99732852294983], [-1.6094319554104004, 54.99740487748204], [-1.609166569658555, 54.99740487748204], [-1.6090338767826324, 54.99748123201425], [-1.6090338767826324, 54.997633941078675], [-1.6086357981548645, 54.99786300467531], [-1.6075742551474832, 54.99786300467531], [-1.6074415622715605, 54.99793935920752], [-1.6074415622715605, 54.998092068271944], [-1.6075742551474832, 54.998168422804156], [-1.6078396408993285, 54.99801571373973], [-1.6079723337752512, 54.998092068271944], [-1.6079723337752512, 54.99824477733637], [-1.6078396408993285, 54.99832113186858], [-1.6075742551474832, 54.99832113186858], [-1.6074415622715605, 54.99839748640079], [-1.6074415622715605, 54.998550195465214], [-1.6075742551474832, 54.998626549997425], [-1.6078396408993285, 54.998626549997425], [-1.6085031052789418, 54.99824477733637], [-1.6085031052789418, 54.998092068271944], [-1.6086357981548645, 54.99801571373973], [-1.6089011839067098, 54.99801571373973], [-1.6100954197900137, 54.99870290452964], [-1.6092992625344777, 54.999161031722906], [-1.609564648286323, 54.99931374078733], [-1.6094319554104004, 54.99939009531954], [-1.6089011839067098, 54.99939009531954], [-1.6087684910307871, 54.99946644985175], [-1.6087684910307871, 54.999619158916175], [-1.6085031052789418, 54.9997718679806], [-1.6085031052789418, 54.99992457704502], [-1.6081050266511738, 55.000153640641656], [-1.6078396408993285, 55.000153640641656], [-1.6074415622715605, 54.99992457704502], [-1.6074415622715605, 54.999161031722906], [-1.6073088693956379, 54.999084677190694], [-1.6071761765197152, 54.999161031722906], [-1.6071761765197152, 54.99946644985175], [-1.6070434836437926, 54.999542804383964], [-1.6067780978919473, 54.99939009531954], [-1.6066454050160246, 54.99946644985175], [-1.6066454050160246, 54.9997718679806], [-1.60691079076787, 54.99992457704502], [-1.60691079076787, 55.000077286109445], [-1.6071761765197152, 55.00022999517387], [-1.6071761765197152, 55.000535413302714], [-1.6070434836437926, 55.000611767834926], [-1.6067780978919473, 55.000611767834926], [-1.606114633512334, 55.00099354049598], [-1.6063800192641793, 55.001146249560406], [-1.6058492477604887, 55.00145166768925], [-1.6058492477604887, 55.001604376753676], [-1.605716554884566, 55.00168073128589], [-1.6051857833808754, 55.00168073128589], [-1.60492039762903, 55.00183344035031], [-1.6046550118771847, 55.00168073128589], [-1.6043896261253394, 55.00168073128589], [-1.6039915474975714, 55.00190979488252], [-1.6039915474975714, 55.002520631140214], [-1.6035934688698035, 55.00274969473685], [-1.6033280831179582, 55.002596985672426], [-1.6030626973661128, 55.002596985672426], [-1.6029300044901902, 55.00267334020464], [-1.6029300044901902, 55.002978758333484], [-1.6027973116142675, 55.003055112865695], [-1.6025319258624222, 55.003055112865695], [-1.6023992329864996, 55.00313146739791], [-1.6023992329864996, 55.00328417646233], [-1.602266540110577, 55.00336053099454], [-1.6009396113513503, 55.00336053099454], [-1.6008069184754277, 55.00343688552675], [-1.6009396113513503, 55.003513240058965], [-1.6012049971031956, 55.003513240058965], [-1.6013376899791183, 55.003589594591176], [-1.6013376899791183, 55.0037423036556], [-1.6016030757309636, 55.00389501272002], [-1.6016030757309636, 55.004047721784445], [-1.6012049971031956, 55.00427678538108], [-1.600674225599505, 55.00427678538108], [-1.6005415327235823, 55.00435313991329], [-1.6005415327235823, 55.00511668523541], [-1.6004088398476597, 55.00519303976762], [-1.6001434540958144, 55.00519303976762], [-1.6000107612198917, 55.00511668523541], [-1.6000107612198917, 55.004505848977715], [-1.600276146971737, 55.00435313991329], [-1.600276146971737, 55.00420043084887], [-1.6001434540958144, 55.00412407631666], [-1.5997453754680464, 55.00435313991329], [-1.5997453754680464, 55.004505848977715], [-1.5993472968402784, 55.00473491257435], [-1.5990819110884331, 55.00473491257435], [-1.5985511395847425, 55.0044294944455], [-1.5984184467088198, 55.004505848977715], [-1.5984184467088198, 55.00481126710656], [-1.5981530609569745, 55.004963976170984], [-1.5981530609569745, 55.00511668523541], [-1.5980203680810519, 55.00519303976762], [-1.5978876752051292, 55.00511668523541], [-1.5978876752051292, 55.004963976170984], [-1.5976222894532839, 55.00481126710656], [-1.5976222894532839, 55.00465855804214], [-1.5974895965773612, 55.004582203509926], [-1.597224210825516, 55.004582203509926], [-1.5970915179495933, 55.00465855804214], [-1.5970915179495933, 55.00511668523541], [-1.5973569037014386, 55.00526939429983], [-1.5973569037014386, 55.00557481242868], [-1.5976222894532839, 55.0057275214931], [-1.5976222894532839, 55.00588023055752], [-1.5973569037014386, 55.006032939621946], [-1.5973569037014386, 55.00633835775079], [-1.597224210825516, 55.006414712283004], [-1.5969588250736706, 55.006414712283004], [-1.596826132197748, 55.00633835775079], [-1.596826132197748, 55.00618564868637], [-1.5966934393218253, 55.00610929415416], [-1.59642805356998, 55.00610929415416], [-1.5962953606940573, 55.006032939621946], [-1.5962953606940573, 55.00588023055752], [-1.5958972820662893, 55.00565116696089], [-1.5954992034385214, 55.00588023055752], [-1.5954992034385214, 55.00679648494406], [-1.5953665105625987, 55.00687283947627], [-1.5945703533070628, 55.00687283947627], [-1.59443766043114, 55.00679648494406], [-1.59443766043114, 55.00633835775079], [-1.5941722746792948, 55.00618564868637], [-1.5941722746792948, 55.006032939621946], [-1.5937741960515268, 55.00580387602531], [-1.5935088102996815, 55.00580387602531], [-1.5927126530441456, 55.00534574883204], [-1.5924472672923002, 55.00534574883204], [-1.5923145744163776, 55.00526939429983], [-1.5923145744163776, 55.00511668523541], [-1.5919164957886096, 55.00488762163877], [-1.591385724284919, 55.00488762163877], [-1.5911203385330737, 55.00473491257435], [-1.590987645657151, 55.00481126710656], [-1.590987645657151, 55.00511668523541], [-1.590589567029383, 55.00534574883204], [-1.5903241812775377, 55.00534574883204], [-1.5900587955256924, 55.005498457896465], [-1.589793409773847, 55.00534574883204], [-1.5895280240220018, 55.00534574883204], [-1.5893953311460791, 55.00542210336425], [-1.5893953311460791, 55.00557481242868], [-1.5896607168979244, 55.0057275214931], [-1.5896607168979244, 55.006032939621946], [-1.5899261026497697, 55.00618564868637], [-1.5899261026497697, 55.00633835775079], [-1.5903241812775377, 55.00656742134743], [-1.5904568741534604, 55.006491066815215], [-1.5904568741534604, 55.006032939621946], [-1.590589567029383, 55.005956585089734], [-1.590987645657151, 55.00618564868637], [-1.590987645657151, 55.006949194008484], [-1.5912530314089963, 55.00710190307291], [-1.5912530314089963, 55.00725461213733], [-1.5915184171608416, 55.007407321201754], [-1.5915184171608416, 55.00756003026618], [-1.5916511100367643, 55.00763638479839], [-1.592181881540455, 55.00763638479839], [-1.5923145744163776, 55.00756003026618], [-1.5923145744163776, 55.007407321201754], [-1.5924472672923002, 55.00733096666954], [-1.5927126530441456, 55.00733096666954], [-1.5928453459200682, 55.007407321201754], [-1.5928453459200682, 55.008018157459446], [-1.5927126530441456, 55.00809451199166], [-1.592181881540455, 55.00809451199166], [-1.591783802912687, 55.00832357558829], [-1.5920491886645323, 55.008476284652716], [-1.5919164957886096, 55.00855263918493], [-1.5903241812775377, 55.00855263918493], [-1.590191488401615, 55.008476284652716], [-1.590191488401615, 55.00817086652387], [-1.5900587955256924, 55.00809451199166], [-1.589793409773847, 55.00824722105608], [-1.5891299453942338, 55.00786544839502], [-1.5895280240220018, 55.00763638479839], [-1.589793409773847, 55.00763638479839], [-1.5899261026497697, 55.00756003026618], [-1.5899261026497697, 55.00710190307291], [-1.5895280240220018, 55.00687283947627], [-1.5892626382701565, 55.00687283947627], [-1.5885991738905432, 55.00725461213733], [-1.5885991738905432, 55.007407321201754], [-1.5883337881386979, 55.00756003026618], [-1.5883337881386979, 55.0077127393306], [-1.5888645596423885, 55.008018157459446], [-1.5887318667664658, 55.00809451199166], [-1.5884664810146205, 55.00809451199166], [-1.5882010952627752, 55.00824722105608], [-1.5879357095109299, 55.00809451199166], [-1.5876703237590846, 55.00824722105608], [-1.5874049380072393, 55.00824722105608], [-1.587139552255394, 55.00809451199166], [-1.5866087807517033, 55.00809451199166], [-1.5864760878757806, 55.008018157459446], [-1.5864760878757806, 55.00664377587964], [-1.586343394999858, 55.00656742134743], [-1.5858126234961674, 55.00656742134743], [-1.5848837733647088, 55.00710190307291], [-1.5848837733647088, 55.00725461213733], [-1.5846183876128634, 55.007407321201754], [-1.5846183876128634, 55.0077127393306], [-1.5843530018610181, 55.00786544839502], [-1.5843530018610181, 55.008018157459446], [-1.5844856947369408, 55.00809451199166], [-1.5850164662406314, 55.00809451199166], [-1.585149159116554, 55.00817086652387], [-1.585149159116554, 55.008476284652716], [-1.5850164662406314, 55.00855263918493], [-1.5844856947369408, 55.00855263918493], [-1.5843530018610181, 55.00862899371714], [-1.5846183876128634, 55.00878170278156], [-1.5842203089850955, 55.009010766378196], [-1.5839549232332502, 55.00885805731377], [-1.5836895374814048, 55.00885805731377], [-1.5834241517295595, 55.00870534824935], [-1.5823626087221783, 55.00870534824935], [-1.5822299158462556, 55.00878170278156], [-1.5822299158462556, 55.00908712091041], [-1.5819645300944103, 55.00923982997483], [-1.5819645300944103, 55.009392539039254], [-1.581699144342565, 55.00954524810368], [-1.581699144342565, 55.0096979571681], [-1.5815664514666423, 55.00977431170031], [-1.5810356799629517, 55.00977431170031], [-1.5806376013351837, 55.01000337529695], [-1.5806376013351837, 55.01076692061906], [-1.580902987087029, 55.010919629683485], [-1.580902987087029, 55.01107233874791], [-1.5807702942111064, 55.01114869328012], [-1.580504908459261, 55.01114869328012], [-1.5803722155833384, 55.01122504781233], [-1.580902987087029, 55.01153046594118], [-1.5802395227074157, 55.011912238602235], [-1.5799741369555704, 55.011912238602235], [-1.5797087512037251, 55.01175952953781], [-1.5789125939481892, 55.01175952953781], [-1.5787799010722665, 55.0116831750056], [-1.5787799010722665, 55.01061421155464], [-1.5786472081963439, 55.01053785702243], [-1.5781164366926532, 55.01053785702243], [-1.577851050940808, 55.010385147958004], [-1.5773202794371173, 55.010385147958004], [-1.5765241221815813, 55.010843275151274], [-1.5761260435538134, 55.01061421155464], [-1.5761260435538134, 55.010461502490216], [-1.5757279649260454, 55.01023243889358], [-1.5751971934223548, 55.01023243889358], [-1.575064500546432, 55.01030879342579], [-1.575064500546432, 55.01061421155464], [-1.5749318076705094, 55.01069056608685], [-1.5747991147945868, 55.01061421155464], [-1.5747991147945868, 55.010461502490216], [-1.5746664219186641, 55.010385147958004], [-1.5736048789112829, 55.010385147958004], [-1.572410643027979, 55.0096979571681], [-1.572410643027979, 55.009392539039254], [-1.5722779501520563, 55.00931618450704], [-1.572012564400211, 55.00931618450704], [-1.5718798715242883, 55.009392539039254], [-1.5721452572761336, 55.00954524810368], [-1.572012564400211, 55.00962160263589], [-1.5714817928965203, 55.00962160263589], [-1.5713491000205977, 55.00954524810368], [-1.5713491000205977, 55.00923982997483], [-1.5710837142687524, 55.00908712091041], [-1.5714817928965203, 55.00885805731377], [-1.572012564400211, 55.00885805731377], [-1.5722779501520563, 55.009010766378196], [-1.572410643027979, 55.008934411845985], [-1.572410643027979, 55.00878170278156], [-1.5721452572761336, 55.00862899371714], [-1.5721452572761336, 55.008476284652716], [-1.571614485772443, 55.00817086652387], [-1.571614485772443, 55.008018157459446], [-1.5714817928965203, 55.007941802927235], [-1.571216407144675, 55.007941802927235], [-1.570420249889139, 55.007483675733965], [-1.5701548641372938, 55.007483675733965], [-1.5698894783854485, 55.00733096666954], [-1.5696240926336031, 55.00733096666954], [-1.5693587068817578, 55.00717825760512], [-1.5688279353780672, 55.00717825760512], [-1.5686952425021445, 55.00710190307291], [-1.5686952425021445, 55.00633835775079], [-1.5684298567502992, 55.00618564868637], [-1.5689606282539899, 55.00588023055752], [-1.5689606282539899, 55.0057275214931], [-1.5692260140058352, 55.00557481242868], [-1.5692260140058352, 55.00542210336425], [-1.5694913997576805, 55.00526939429983], [-1.5694913997576805, 55.00481126710656], [-1.5690933211299125, 55.004582203509926], [-1.5685625496262219, 55.004582203509926], [-1.5682971638743766, 55.0044294944455], [-1.5680317781225313, 55.0044294944455], [-1.5678990852466086, 55.004505848977715], [-1.5678990852466086, 55.00465855804214], [-1.567766392370686, 55.00473491257435], [-1.56697023511515, 55.00473491257435], [-1.5667048493633047, 55.004582203509926], [-1.5659086921077687, 55.004582203509926], [-1.5656433063559234, 55.0044294944455], [-1.565377920604078, 55.0044294944455], [-1.5651125348522328, 55.00427678538108], [-1.5648471491003875, 55.00427678538108], [-1.5645817633485422, 55.00412407631666], [-1.5643163775966968, 55.00412407631666], [-1.5641836847207742, 55.00420043084887], [-1.5641836847207742, 55.00435313991329], [-1.5632548345893156, 55.00488762163877], [-1.562724063085625, 55.00488762163877], [-1.5624586773337796, 55.005040330703196], [-1.5621932915819343, 55.005040330703196], [-1.5617952129541663, 55.00481126710656], [-1.5617952129541663, 55.00465855804214], [-1.5620605987060117, 55.004505848977715], [-1.5620605987060117, 55.0037423036556], [-1.5617952129541663, 55.003589594591176], [-1.5617952129541663, 55.00343688552675], [-1.5606009770708624, 55.00274969473685], [-1.5603355913190171, 55.00290240380127], [-1.5587432768079452, 55.00290240380127], [-1.5586105839320226, 55.002978758333484], [-1.5586105839320226, 55.00343688552675], [-1.5588759696838679, 55.003589594591176], [-1.5588759696838679, 55.00481126710656], [-1.5586105839320226, 55.004963976170984], [-1.5586105839320226, 55.00511668523541], [-1.5584778910561, 55.00519303976762], [-1.5578144266764866, 55.00481126710656], [-1.5578144266764866, 55.004505848977715], [-1.557681733800564, 55.0044294944455], [-1.5575490409246413, 55.004505848977715], [-1.5575490409246413, 55.00465855804214], [-1.5571509622968733, 55.00488762163877], [-1.5563548050413374, 55.00488762163877], [-1.5562221121654147, 55.00481126710656], [-1.5562221121654147, 55.00465855804214], [-1.556089419289492, 55.004582203509926], [-1.5550278762821108, 55.004582203509926], [-1.5548951834061882, 55.004505848977715], [-1.5548951834061882, 55.004047721784445], [-1.5554259549098788, 55.0037423036556], [-1.5554259549098788, 55.00328417646233], [-1.5552932620339561, 55.00320782193012], [-1.5544971047784202, 55.00320782193012], [-1.5543644119024975, 55.00328417646233], [-1.5544971047784202, 55.00336053099454], [-1.5547624905302655, 55.00336053099454], [-1.5548951834061882, 55.00343688552675], [-1.5548951834061882, 55.003589594591176], [-1.5547624905302655, 55.00366594912339], [-1.5544971047784202, 55.003513240058965], [-1.5543644119024975, 55.003589594591176], [-1.5543644119024975, 55.0037423036556], [-1.5540990261506522, 55.00389501272002], [-1.5540990261506522, 55.004047721784445], [-1.5539663332747295, 55.00412407631666], [-1.5535682546469616, 55.00389501272002], [-1.5535682546469616, 55.003589594591176], [-1.553435561771039, 55.003513240058965], [-1.5531701760191936, 55.003513240058965], [-1.553037483143271, 55.003589594591176], [-1.553037483143271, 55.00389501272002], [-1.5533028688951163, 55.004047721784445], [-1.5529047902673483, 55.00427678538108], [-1.5527720973914256, 55.00420043084887], [-1.5527720973914256, 55.004047721784445], [-1.552639404515503, 55.003971367252234], [-1.5521086330118123, 55.003971367252234], [-1.5519759401358897, 55.00389501272002], [-1.5519759401358897, 55.0037423036556], [-1.5517105543840444, 55.003589594591176], [-1.5517105543840444, 55.00343688552675], [-1.5515778615081217, 55.00336053099454], [-1.5513124757562764, 55.00336053099454], [-1.5511797828803537, 55.00328417646233], [-1.5511797828803537, 55.00313146739791], [-1.5503836256248178, 55.00267334020464], [-1.5503836256248178, 55.00236792207579], [-1.5502509327488951, 55.00229156754358], [-1.5501182398729725, 55.00236792207579], [-1.5501182398729725, 55.00267334020464], [-1.5499855469970498, 55.00274969473685], [-1.5497201612452045, 55.002596985672426], [-1.5494547754933592, 55.002596985672426], [-1.5493220826174365, 55.002520631140214], [-1.5493220826174365, 55.00190979488252], [-1.5489240039896686, 55.00168073128589], [-1.5486586182378232, 55.00168073128589], [-1.5482605396100553, 55.00145166768925], [-1.5485259253619006, 55.00129895862483], [-1.548393232485978, 55.00122260409262], [-1.5481278467341326, 55.00122260409262], [-1.54799515385821, 55.001146249560406], [-1.54799515385821, 55.00084083143156], [-1.5478624609822873, 55.00076447689935], [-1.547597075230442, 55.00076447689935], [-1.547198996602674, 55.00099354049598], [-1.547198996602674, 55.00145166768925], [-1.5470663037267514, 55.001528022221464], [-1.546800917974906, 55.001528022221464], [-1.5465355322230607, 55.00168073128589], [-1.5462701464712154, 55.00168073128589], [-1.5461374535952928, 55.001604376753676], [-1.5461374535952928, 55.00129895862483], [-1.5458720678434474, 55.001146249560406], [-1.5458720678434474, 55.00099354049598], [-1.5457393749675248, 55.00091718596377], [-1.5452086034638342, 55.00122260409262], [-1.5449432177119888, 55.00122260409262], [-1.5448105248360662, 55.001146249560406], [-1.5448105248360662, 55.00099354049598], [-1.5446778319601435, 55.00091718596377], [-1.5444124462082982, 55.00091718596377], [-1.544147060456453, 55.001069895028195], [-1.5436162889527623, 55.001069895028195], [-1.5434835960768396, 55.00099354049598], [-1.5436162889527623, 55.00091718596377], [-1.5438816747046076, 55.00091718596377], [-1.5440143675805302, 55.00084083143156], [-1.5440143675805302, 55.00068812236714], [-1.5434835960768396, 55.00038270423829], [-1.5434835960768396, 55.00022999517387], [-1.543350903200917, 55.000153640641656], [-1.5430855174490716, 55.000153640641656], [-1.5428201316972263, 55.00030634970608], [-1.542554745945381, 55.00030634970608], [-1.5422893601935357, 55.000153640641656], [-1.5420239744416904, 55.000153640641656], [-1.541758588689845, 55.00030634970608], [-1.5416258958139224, 55.00022999517387], [-1.5418912815657677, 55.000077286109445], [-1.5418912815657677, 54.9997718679806], [-1.542156667317613, 54.999619158916175], [-1.542156667317613, 54.99931374078733], [-1.5420239744416904, 54.99923738625512], [-1.541758588689845, 54.99923738625512], [-1.5414932029379997, 54.99939009531954], [-1.5412278171861544, 54.99923738625512], [-1.540962431434309, 54.99923738625512], [-1.5405643528065411, 54.99900832265848], [-1.5405643528065411, 54.99885561359406], [-1.5404316599306185, 54.99877925906185], [-1.5400335813028505, 54.99900832265848], [-1.5400335813028505, 54.999161031722906], [-1.5396355026750825, 54.99939009531954], [-1.539104731171392, 54.99939009531954], [-1.538706652543624, 54.999161031722906], [-1.538706652543624, 54.99900832265848], [-1.5385739596677013, 54.99893196812627], [-1.538308573915856, 54.99893196812627], [-1.5380431881640106, 54.99877925906185], [-1.5377778024121653, 54.99877925906185], [-1.5376451095362427, 54.99885561359406], [-1.5376451095362427, 54.99900832265848], [-1.5368489522807067, 54.99946644985175], [-1.5368489522807067, 54.999619158916175], [-1.5364508736529388, 54.99984822251281], [-1.5361854879010934, 54.99984822251281], [-1.5357874092733255, 54.999619158916175], [-1.5357874092733255, 54.99885561359406], [-1.5355220235214802, 54.99870290452964], [-1.5355220235214802, 54.998550195465214], [-1.5353893306455575, 54.998473840933], [-1.5351239448937122, 54.998473840933], [-1.5349912520177895, 54.998550195465214], [-1.5349912520177895, 54.99870290452964], [-1.5347258662659442, 54.99885561359406], [-1.5347258662659442, 54.999619158916175], [-1.5345931733900215, 54.99969551344839], [-1.5337970161344856, 54.99969551344839], [-1.5333989375067176, 54.99946644985175], [-1.5333989375067176, 54.999161031722906], [-1.5335316303826403, 54.999084677190694], [-1.5337970161344856, 54.999084677190694], [-1.5339297090104083, 54.99900832265848], [-1.5339297090104083, 54.998550195465214], [-1.5337970161344856, 54.998473840933], [-1.533266244630795, 54.998473840933], [-1.5330008588789497, 54.998626549997425], [-1.5327354731271043, 54.998626549997425], [-1.5322047016234137, 54.99832113186858], [-1.5319393158715684, 54.99832113186858], [-1.5318066229956457, 54.99824477733637], [-1.5318066229956457, 54.998092068271944], [-1.531673930119723, 54.99801571373973], [-1.5314085443678778, 54.99801571373973], [-1.5303470013604965, 54.998626549997425], [-1.5300816156086512, 54.998626549997425], [-1.5298162298568059, 54.99877925906185], [-1.5295508441049606, 54.99877925906185], [-1.5292854583531152, 54.998626549997425], [-1.52902007260127, 54.998626549997425], [-1.5288873797253473, 54.998550195465214], [-1.5288873797253473, 54.99793935920752], [-1.5287546868494246, 54.99786300467531], [-1.5279585295938887, 54.99786300467531], [-1.5276931438420434, 54.99771029561089], [-1.5268969865865074, 54.99771029561089], [-1.5264989079587394, 54.99748123201425], [-1.5264989079587394, 54.99732852294983], [-1.5262335222068941, 54.997175813885406], [-1.5262335222068941, 54.99702310482098], [-1.5264989079587394, 54.99687039575656], [-1.5264989079587394, 54.996717686692136], [-1.5262335222068941, 54.99656497762771], [-1.5262335222068941, 54.996106850434444], [-1.5261008293309715, 54.99603049590223], [-1.5245085148198996, 54.99603049590223], [-1.5241104361921316, 54.9958014323056], [-1.5241104361921316, 54.995648723241175], [-1.524375821943977, 54.99549601417675], [-1.524375821943977, 54.99503788698348], [-1.523977743316209, 54.99480882338685], [-1.5234469718125183, 54.99480882338685], [-1.5233142789365957, 54.994732468854636], [-1.5233142789365957, 54.99396892353252], [-1.523181586060673, 54.99389256900031], [-1.5229162003088277, 54.99389256900031], [-1.5226508145569824, 54.99404527806473], [-1.522385428805137, 54.99404527806473], [-1.5221200430532917, 54.99389256900031], [-1.5218546573014464, 54.99389256900031], [-1.5214565786736785, 54.993663505403674], [-1.5217219644255238, 54.99351079633925], [-1.521589271549601, 54.99343444180704], [-1.5210585000459105, 54.99343444180704], [-1.5205277285422198, 54.99312902367819], [-1.5202623427903745, 54.99312902367819], [-1.5201296499144519, 54.99305266914598], [-1.5203950356662972, 54.99289996008156], [-1.5203950356662972, 54.992747251017136], [-1.5207931142940652, 54.9925181874205], [-1.5213238857977558, 54.9925181874205], [-1.5214565786736785, 54.99244183288829], [-1.5214565786736785, 54.99198370569502], [-1.5211911929218331, 54.9918309966306], [-1.5211911929218331, 54.99137286943733], [-1.5213238857977558, 54.991296514905116], [-1.5218546573014464, 54.991296514905116], [-1.521987350177369, 54.991220160372905], [-1.521987350177369, 54.99106745130848], [-1.5222527359292144, 54.99091474224406], [-1.5222527359292144, 54.99045661505079], [-1.5225181216810597, 54.990303905986366], [-1.5225181216810597, 54.98999848785752], [-1.5229162003088277, 54.989769424260885], [-1.523181586060673, 54.989769424260885], [-1.5234469718125183, 54.98961671519646], [-1.5237123575643636, 54.98961671519646], [-1.523977743316209, 54.989769424260885], [-1.5242431290680543, 54.989769424260885], [-1.5245085148198996, 54.98961671519646], [-1.524773900571745, 54.98961671519646], [-1.5250392863235902, 54.989769424260885], [-1.5254373649513582, 54.98954036066425], [-1.5254373649513582, 54.98938765159983], [-1.5251719791995129, 54.989234942535404], [-1.5251719791995129, 54.98908223347098], [-1.5249065934476675, 54.98892952440656], [-1.5249065934476675, 54.988776815342135], [-1.5245085148198996, 54.9885477517455], [-1.5242431290680543, 54.9885477517455], [-1.5238450504402863, 54.988318688148865], [-1.5238450504402863, 54.987860560955596], [-1.5241104361921316, 54.98770785189117], [-1.5241104361921316, 54.98755514282675], [-1.5242431290680543, 54.98747878829454], [-1.5245085148198996, 54.98747878829454], [-1.5246412076958222, 54.986333470311365], [-1.524773900571745, 54.9862380271461], [-1.5262003489879135, 54.98618076124694], [-1.5263662150828168, 54.98610440671473], [-1.5267642937105848, 54.986333470311365], [-1.5267642937105848, 54.98663888844021], [-1.52702967946243, 54.986791597504634], [-1.52702967946243, 54.98694430656906], [-1.5271623723383527, 54.98702066110127], [-1.5279585295938887, 54.98702066110127], [-1.528223915345734, 54.986867952036846], [-1.5284893010975793, 54.986867952036846], [-1.528621993973502, 54.986791597504634], [-1.528621993973502, 54.98663888844021], [-1.5288873797253473, 54.98648617937579], [-1.5288873797253473, 54.986333470311365], [-1.5291527654771926, 54.98618076124694], [-1.5291527654771926, 54.98602805218252], [-1.5296835369808832, 54.98572263405367], [-1.5296835369808832, 54.98541721592483], [-1.529418151229038, 54.9852645068604], [-1.5293849780100572, 54.984806379667134], [-1.5293849780100572, 54.98450096153829], [-1.5295508441049606, 54.98440551837302], [-1.5298162298568059, 54.98440551837302], [-1.5299820959517092, 54.98450096153829], [-1.5305128674553998, 54.985875343118096], [-1.5308777728641871, 54.98581807721894], [-1.5307119067692838, 54.98572263405367], [-1.5304465210174385, 54.984348252473865], [-1.5304465210174385, 54.98404283434502], [-1.5307119067692838, 54.98358470715175], [-1.5322047016234137, 54.98272571866437], [-1.532569607032201, 54.981904907443095], [-1.5327354731271043, 54.98180946427783], [-1.5331003785358917, 54.981446780249826], [-1.533266244630795, 54.98135133708456], [-1.5336311500395823, 54.98053052586329], [-1.5338965357914276, 54.98007239867002], [-1.534062401886331, 54.97997695550475], [-1.5344273072951182, 54.97869801709021], [-1.5345931733900215, 54.978602573924945], [-1.5349580787988089, 54.97778176270367], [-1.5352234645506542, 54.97472758141521], [-1.5357542360543448, 54.97442216328636], [-1.5357874092733255, 54.97426945422194], [-1.5357874092733255, 54.97381132702867], [-1.5359201021492481, 54.97373497249646], [-1.5360527950251708, 54.97381132702867], [-1.5360527950251708, 54.97396403609309], [-1.5361854879010934, 54.974040390625305], [-1.5369816451566294, 54.974040390625305], [-1.5376451095362427, 54.97365861796425], [-1.5376451095362427, 54.973505908899824], [-1.53751241666032, 54.97342955436761], [-1.5372470309084747, 54.97342955436761], [-1.5359201021492481, 54.973124136238766], [-1.5357542360543448, 54.973047781706555], [-1.5357542360543448, 54.9713679819979], [-1.5359201021492481, 54.97129162746569], [-1.5365835665288614, 54.97167340012675], [-1.5365835665288614, 54.97182610919117], [-1.537114338032552, 54.972131527320016], [-1.537114338032552, 54.97228423638444], [-1.5372470309084747, 54.97236059091665], [-1.53751241666032, 54.97220788185223], [-1.5377778024121653, 54.97220788185223], [-1.5381758810399333, 54.97197881825559], [-1.5381758810399333, 54.97167340012675], [-1.5376451095362427, 54.9713679819979], [-1.5376451095362427, 54.97121527293348], [-1.5373797237843974, 54.971062563869054], [-1.5376451095362427, 54.97090985480463], [-1.5376451095362427, 54.97075714574021], [-1.5381758810399333, 54.97045172761136], [-1.5381758810399333, 54.96953547322482], [-1.5385739596677013, 54.96930640962819], [-1.5388393454195466, 54.96930640962819], [-1.5392374240473146, 54.969077346031554], [-1.5392374240473146, 54.967702964451746], [-1.5395028097991599, 54.96755025538732], [-1.5395028097991599, 54.9673975463229], [-1.5397681955510052, 54.96724483725848], [-1.5397681955510052, 54.967092128194054], [-1.5402989670546958, 54.96678671006521], [-1.5402989670546958, 54.966634001000784], [-1.5408297385583865, 54.96632858287194], [-1.5408297385583865, 54.966175873807515], [-1.5410951243102318, 54.96602316474309], [-1.5410951243102318, 54.96587045567867], [-1.5412278171861544, 54.96579410114646], [-1.5420239744416904, 54.96579410114646], [-1.542156667317613, 54.965717746614246], [-1.542156667317613, 54.9654123284854], [-1.5424220530694583, 54.965259619420976], [-1.5424220530694583, 54.96510691035655], [-1.5430855174490716, 54.964725137695496], [-1.543350903200917, 54.96487784675992], [-1.5434835960768396, 54.96480149222771], [-1.5434835960768396, 54.964648783163284], [-1.5432182103249943, 54.96449607409886], [-1.5432182103249943, 54.96434336503444], [-1.5436162889527623, 54.9641143014378], [-1.5438816747046076, 54.9641143014378], [-1.5442797533323755, 54.96434336503444], [-1.5442797533323755, 54.96449607409886], [-1.5444124462082982, 54.96457242863107], [-1.5446778319601435, 54.96457242863107], [-1.5448105248360662, 54.964648783163284], [-1.5448105248360662, 54.96480149222771], [-1.5452086034638342, 54.96503055582434], [-1.5456066820916021, 54.96480149222771], [-1.5456066820916021, 54.964648783163284], [-1.5461374535952928, 54.96434336503444], [-1.5461374535952928, 54.964190655970015], [-1.546402839347138, 54.96403794690559], [-1.546402839347138, 54.963732528776745], [-1.5461374535952928, 54.96357981971232], [-1.5461374535952928, 54.9634271106479], [-1.5457393749675248, 54.963198047051264], [-1.5454739892156795, 54.963198047051264], [-1.5452086034638342, 54.96304533798684], [-1.5449432177119888, 54.963198047051264], [-1.5444124462082982, 54.963198047051264], [-1.5442797533323755, 54.96312169251905], [-1.5442797533323755, 54.96281627439021], [-1.544147060456453, 54.962739919857995], [-1.5436162889527623, 54.962739919857995], [-1.5434835960768396, 54.962663565325784], [-1.5434835960768396, 54.96251085626136], [-1.5436162889527623, 54.96243450172915], [-1.544147060456453, 54.962415413096096], [-1.5449432177119888, 54.96195728590283], [-1.546104280376312, 54.96159460187482], [-1.5462701464712154, 54.96149915870956], [-1.5474312091355387, 54.96113647468155], [-1.547597075230442, 54.96104103151629], [-1.5487581378947652, 54.96067834748828], [-1.5489240039896686, 54.96058290432302], [-1.5500850666539918, 54.960220220295014], [-1.5502509327488951, 54.96012477712975], [-1.5538004671798262, 54.959762093101745], [-1.5539663332747295, 54.95966664993648], [-1.5542317190265749, 54.95966664993648], [-1.5543975851214782, 54.959762093101745], [-1.5555586477858014, 54.96012477712975], [-1.5565206711362407, 54.96067834748828], [-1.5570514426399313, 54.96113647468155], [-1.5582125053042546, 54.96149915870956], [-1.5591745286546939, 54.96205272906809], [-1.5600702055671718, 54.962415413096096], [-1.561032228917611, 54.96296898345463], [-1.5621932915819343, 54.963331667482635], [-1.5623591576768376, 54.9634271106479], [-1.563520220341161, 54.963789794675904], [-1.5636860864360642, 54.96388523784117], [-1.565377920604078, 54.96424792186917], [-1.5655437866989814, 54.96434336503444], [-1.5667048493633047, 54.96470604906244], [-1.566870715458208, 54.96480149222771], [-1.5693587068817578, 54.96516417625571], [-1.5695245729766611, 54.965259619420976], [-1.5731736270645342, 54.965259619420976], [-1.5733394931594376, 54.96516417625571], [-1.5783818224444985, 54.96516417625571], [-1.5785476885394019, 54.965259619420976], [-1.5797087512037251, 54.96562230344898], [-1.5798746172986284, 54.965717746614246], [-1.5810356799629517, 54.96608043064225], [-1.581201546057855, 54.966175873807515], [-1.5817323175615456, 54.966634001000784], [-1.5838554035763082, 54.96785567351617], [-1.5849169465836894, 54.96877192790271], [-1.5857131038392254, 54.96923005509598], [-1.5866087807517033, 54.96959273912398], [-1.5867746468466066, 54.96968818228925], [-1.587040032598452, 54.970146309482516], [-1.5879357095109299, 54.97050899351052], [-1.5881015756058332, 54.970604436675785], [-1.5883006149197172, 54.970604436675785], [-1.5884664810146205, 54.97050899351052], [-1.5892626382701565, 54.97050899351052], [-1.5894285043650598, 54.970604436675785], [-1.5978545019861485, 54.970604436675785], [-1.5980203680810519, 54.97050899351052], [-1.5997122022490657, 54.970146309482516], [-1.599878068343969, 54.97005086631725], [-1.6013045167601376, 54.96968818228925], [-1.601470382855041, 54.96959273912398], [-1.6026314455193642, 54.96923005509598], [-1.6027973116142675, 54.96913461193071], [-1.6044891457822814, 54.96877192790271], [-1.6046550118771847, 54.96867648473744], [-1.605816074541508, 54.96831380070944], [-1.6059819406364113, 54.968218357544174], [-1.6076737748044252, 54.96785567351617], [-1.6078396408993285, 54.967760230350905], [-1.6090007035636518, 54.9673975463229], [-1.609166569658555, 54.967302103157635], [-1.6102281126659364, 54.96699668502879], [-1.6118204271770082, 54.96608043064225], [-1.6120858129288536, 54.96608043064225], [-1.6122185058047762, 54.966175873807515], [-1.6123511986806989, 54.96625222833973], [-1.6128819701843895, 54.96625222833973], [-1.6129814898413315, 54.965717746614246], [-1.6131473559362348, 54.96562230344898], [-1.6140430328487128, 54.965259619420976], [-1.614208898943616, 54.96516417625571], [-1.6147396704473067, 54.96516417625571], [-1.6148723633232294, 54.965259619420976], [-1.6148723633232294, 54.9654123284854], [-1.615005056199152, 54.96548868301761], [-1.6152704419509973, 54.96533597395319], [-1.61540313482692, 54.9654123284854], [-1.61540313482692, 54.96587045567867], [-1.6152704419509973, 54.96594681021088], [-1.615005056199152, 54.96594681021088], [-1.6143415918195387, 54.96632858287194], [-1.6143415918195387, 54.966634001000784], [-1.6144742846954614, 54.966710355532996], [-1.6147396704473067, 54.966710355532996], [-1.6151377490750747, 54.96693941912963], [-1.6151377490750747, 54.967092128194054], [-1.6152704419509973, 54.967168482726265], [-1.6155358277028427, 54.967168482726265], [-1.6156685205787653, 54.96724483725848], [-1.6156685205787653, 54.968161091645015], [-1.6152704419509973, 54.96839015524165], [-1.615005056199152, 54.96823744617723], [-1.6147396704473067, 54.96823744617723], [-1.6144742846954614, 54.96839015524165], [-1.6139435131917708, 54.96839015524165], [-1.6136781274399254, 54.96854286430607], [-1.6134127416880801, 54.96854286430607], [-1.6132800488121575, 54.968619218838285], [-1.6132800488121575, 54.96892463696713], [-1.6134127416880801, 54.96900099149934], [-1.6139435131917708, 54.96900099149934], [-1.6140762060676934, 54.96892463696713], [-1.6140762060676934, 54.96877192790271], [-1.614208898943616, 54.968695573370496], [-1.615005056199152, 54.968695573370496], [-1.6152704419509973, 54.96854286430607], [-1.6155358277028427, 54.96854286430607], [-1.6160665992065333, 54.96884828243492], [-1.6163319849583786, 54.96884828243492], [-1.6167300635861466, 54.968619218838285], [-1.6167300635861466, 54.96831380070944], [-1.6168627564620692, 54.96823744617723], [-1.6171281422139145, 54.96823744617723], [-1.6172608350898372, 54.968161091645015], [-1.6172608350898372, 54.96800838258059], [-1.6171281422139145, 54.96793202804838], [-1.6168627564620692, 54.96793202804838], [-1.616597370710224, 54.96777931898396], [-1.6163319849583786, 54.96793202804838], [-1.616199292082456, 54.96785567351617], [-1.616199292082456, 54.967702964451746], [-1.6159339063306106, 54.96755025538732], [-1.6159339063306106, 54.9673975463229], [-1.6160665992065333, 54.96732119179069], [-1.616597370710224, 54.96732119179069], [-1.6167300635861466, 54.9673975463229], [-1.6167300635861466, 54.96755025538732], [-1.6175262208416825, 54.96800838258059], [-1.6175262208416825, 54.968161091645015], [-1.6176589137176052, 54.96823744617723], [-1.6179242994694505, 54.96823744617723], [-1.6180569923453731, 54.968161091645015], [-1.6180569923453731, 54.96800838258059], [-1.6181896852212958, 54.96793202804838], [-1.6184550709731411, 54.96793202804838], [-1.6189858424768317, 54.96823744617723], [-1.619251228228677, 54.96823744617723], [-1.6193839211045997, 54.96831380070944], [-1.6193839211045997, 54.96846650977386], [-1.619649306856445, 54.968619218838285], [-1.619649306856445, 54.96877192790271], [-1.6193839211045997, 54.96892463696713], [-1.6193839211045997, 54.96953547322482], [-1.6191185353527544, 54.96968818228925], [-1.6191185353527544, 54.970146309482516], [-1.6193839211045997, 54.97029901854694], [-1.6193839211045997, 54.97045172761136], [-1.6191185353527544, 54.970604436675785], [-1.6191185353527544, 54.97090985480463], [-1.6189858424768317, 54.97098620933684], [-1.6187204567249864, 54.97083350027242], [-1.6183223780972185, 54.971062563869054], [-1.6183223780972185, 54.97121527293348], [-1.6185877638490638, 54.9713679819979], [-1.6185877638490638, 54.971520691062324], [-1.6183223780972185, 54.97167340012675], [-1.6184550709731411, 54.97174975465896], [-1.6187204567249864, 54.97174975465896], [-1.6191185353527544, 54.97197881825559], [-1.6191185353527544, 54.972131527320016], [-1.6189858424768317, 54.97220788185223], [-1.6187204567249864, 54.97220788185223], [-1.6183223780972185, 54.97243694544886], [-1.6183223780972185, 54.972589654513285], [-1.6184550709731411, 54.9726660090455], [-1.619251228228677, 54.9726660090455], [-1.6195166139805224, 54.972513299981074], [-1.620047385484213, 54.972513299981074], [-1.6203127712360583, 54.9726660090455], [-1.6205781569879036, 54.9726660090455], [-1.6207108498638263, 54.97274236357771], [-1.6207108498638263, 54.973047781706555], [-1.620445464111981, 54.97320049077098], [-1.6205781569879036, 54.97327684530319]]]]}}, {"type": "Feature", "properties": {"band_id": "under_30", "order": 3}, "geometry": {"type": "Polygon", "coordinates": [[[-1.6039474474382587, 54.97765345366861], [-1.6042596969055012, 54.97765345366861], [-1.6045719463727437, 54.977833111279324], [-1.604728071106365, 54.977743282473966], [-1.6048841958399862, 54.977743282473966], [-1.605118382940418, 54.977878025682], [-1.6049622582067968, 54.97796785448736], [-1.6049622582067968, 54.97805768329272], [-1.6048841958399862, 54.9781025976954], [-1.604728071106365, 54.9781025976954], [-1.6046500087395543, 54.978147512098076], [-1.6046500087395543, 54.97841699851415], [-1.6048061334731756, 54.97850682731951], [-1.604728071106365, 54.978551741722185], [-1.6044158216391224, 54.978551741722185], [-1.6043377592723118, 54.978596656124864], [-1.604493884005933, 54.97868648493022], [-1.604493884005933, 54.97886614254094], [-1.6043377592723118, 54.978955971346295], [-1.6043377592723118, 54.97913562895701], [-1.6040255098050693, 54.979315286567726], [-1.6040255098050693, 54.97949494417844], [-1.603869385071448, 54.9795847729838], [-1.603869385071448, 54.97994408820523], [-1.6040255098050693, 54.98003391701059], [-1.6040255098050693, 54.9802135746213], [-1.6037132603378268, 54.98039323223202], [-1.6037913227046374, 54.9804381466347], [-1.6039474474382587, 54.9804381466347], [-1.6041816345386906, 54.98057288984273], [-1.6041816345386906, 54.980842376258806], [-1.6043377592723118, 54.980932205064164], [-1.6043377592723118, 54.981291520285595], [-1.6041816345386906, 54.98138134909095], [-1.6041816345386906, 54.98147117789631], [-1.60410357217188, 54.98151609229899], [-1.6039474474382587, 54.98142626349363], [-1.6037913227046374, 54.98142626349363], [-1.6037132603378268, 54.98147117789631], [-1.6037132603378268, 54.98156100670167], [-1.603869385071448, 54.981650835507025], [-1.603869385071448, 54.9819203219231], [-1.6037913227046374, 54.98196523632578], [-1.6033229485037737, 54.98196523632578], [-1.603244886136963, 54.982010150728456], [-1.603244886136963, 54.98218980833917], [-1.6033229485037737, 54.98223472274185], [-1.6036351979710162, 54.98223472274185], [-1.6037913227046374, 54.98214489393649], [-1.6040255098050693, 54.98227963714453], [-1.6040255098050693, 54.98236946594989], [-1.60410357217188, 54.982414380352566], [-1.6042596969055012, 54.982414380352566], [-1.604493884005933, 54.9825491235606], [-1.604493884005933, 54.98272878117132], [-1.6046500087395543, 54.982818609976675], [-1.6046500087395543, 54.98290843878203], [-1.60410357217188, 54.983222839600785], [-1.6039474474382587, 54.983222839600785], [-1.603869385071448, 54.983267754003464], [-1.603869385071448, 54.98335758280882], [-1.6039474474382587, 54.9834024972115], [-1.60410357217188, 54.9834024972115], [-1.6041816345386906, 54.98344741161418], [-1.6041816345386906, 54.983627069224895], [-1.6039474474382587, 54.98376181243293], [-1.6037132603378268, 54.983627069224895], [-1.6037132603378268, 54.98353724041954], [-1.6036351979710162, 54.98349232601686], [-1.603479073237395, 54.983582154822216], [-1.6031668237701524, 54.983582154822216], [-1.6029326366697205, 54.98371689803025], [-1.6029326366697205, 54.98407621325168], [-1.6030106990365312, 54.98412112765436], [-1.6036351979710162, 54.98412112765436], [-1.6039474474382587, 54.98430078526508], [-1.60410357217188, 54.98430078526508], [-1.6041816345386906, 54.984345699667756], [-1.6041816345386906, 54.984435528473114], [-1.6040255098050693, 54.98452535727847], [-1.6041816345386906, 54.98461518608383], [-1.603869385071448, 54.984794843694544], [-1.603869385071448, 54.9848846724999], [-1.6037132603378268, 54.98497450130526], [-1.6037132603378268, 54.98506433011062], [-1.603479073237395, 54.985199073318654], [-1.6033229485037737, 54.985109244513296], [-1.6031668237701524, 54.985199073318654], [-1.60285457430291, 54.985199073318654], [-1.6026984495692886, 54.98528890212401], [-1.6020739506348036, 54.98528890212401], [-1.601995888267993, 54.98533381652669], [-1.601995888267993, 54.98542364533205], [-1.6020739506348036, 54.98546855973473], [-1.6025423248356674, 54.98546855973473], [-1.602620387202478, 54.985513474137406], [-1.602620387202478, 54.98614227577491], [-1.6027765119360993, 54.98623210458027], [-1.6026984495692886, 54.986277018982946], [-1.6025423248356674, 54.986277018982946], [-1.6024642624688568, 54.986321933385625], [-1.602620387202478, 54.98641176219098], [-1.602620387202478, 54.98650159099634], [-1.6025423248356674, 54.98654650539902], [-1.6023862001020461, 54.98654650539902], [-1.6020739506348036, 54.986366847788304], [-1.6019178259011824, 54.986366847788304], [-1.6018397635343717, 54.98641176219098], [-1.6018397635343717, 54.986681248607056], [-1.6016836388007505, 54.98677107741241], [-1.6016836388007505, 54.98686090621777], [-1.6016055764339399, 54.98690582062045], [-1.6014494517003186, 54.98681599181509], [-1.601137202233076, 54.98681599181509], [-1.6009810774994548, 54.986726163009735], [-1.6003565785649698, 54.986726163009735], [-1.5998101419972954, 54.98641176219098], [-1.5998101419972954, 54.986321933385625], [-1.5997320796304848, 54.986277018982946], [-1.5995759548968635, 54.986366847788304], [-1.5994198301632423, 54.986366847788304], [-1.599263705429621, 54.98645667659366], [-1.598639206495136, 54.98645667659366], [-1.5984830817615148, 54.98654650539902], [-1.5981708322942723, 54.98654650539902], [-1.5980927699274616, 54.9865914198017], [-1.5980927699274616, 54.98704056382849], [-1.5981708322942723, 54.987085478231165], [-1.5983269570278935, 54.987085478231165], [-1.5984830817615148, 54.98699564942581], [-1.598639206495136, 54.98699564942581], [-1.5987953312287573, 54.98690582062045], [-1.5994198301632423, 54.98690582062045], [-1.5995759548968635, 54.98699564942581], [-1.5997320796304848, 54.98699564942581], [-1.5999662667309167, 54.987130392633844], [-1.5999662667309167, 54.98731005024456], [-1.5998101419972954, 54.98739987904992], [-1.5998101419972954, 54.987849023076706], [-1.5997320796304848, 54.987893937479384], [-1.5995759548968635, 54.987893937479384], [-1.599497892530053, 54.98793885188206], [-1.599497892530053, 54.988208338298136], [-1.5993417677964317, 54.988298167103494], [-1.5993417677964317, 54.98847782471421], [-1.5990295183291892, 54.988657482324925], [-1.5991856430628104, 54.98874731113028], [-1.5991856430628104, 54.989016797546356], [-1.5991075806959998, 54.989061711949034], [-1.598639206495136, 54.989061711949034], [-1.5985611441283254, 54.98910662635171], [-1.5985611441283254, 54.98919645515707], [-1.5984830817615148, 54.98924136955975], [-1.5983269570278935, 54.98924136955975], [-1.5982488946610829, 54.98928628396243], [-1.5982488946610829, 54.989376112767786], [-1.5980927699274616, 54.989465941573144], [-1.5980927699274616, 54.98964559918386], [-1.5984050193947041, 54.989825256794575], [-1.5984050193947041, 54.99009474321065], [-1.5982488946610829, 54.990184572016005], [-1.5982488946610829, 54.990543887237436], [-1.5981708322942723, 54.990588801640115], [-1.5978585828270297, 54.990588801640115], [-1.5974682709929766, 54.99081337365351], [-1.5974682709929766, 54.990993031264225], [-1.5975463333597872, 54.9910379456669], [-1.5977024580934085, 54.990948116861546], [-1.5978585828270297, 54.990948116861546], [-1.5979366451938404, 54.990993031264225], [-1.5979366451938404, 54.99108286006958], [-1.5977024580934085, 54.99121760327762], [-1.5975463333597872, 54.99112777447226], [-1.597390208626166, 54.99121760327762], [-1.5969218344253022, 54.99121760327762], [-1.596765709691681, 54.99130743208298], [-1.5966095849580597, 54.99130743208298], [-1.596531522591249, 54.991352346485655], [-1.596531522591249, 54.99144217529101], [-1.5964534602244385, 54.99148708969369], [-1.5958289612899534, 54.99148708969369], [-1.5957508989231428, 54.99153200409637], [-1.5957508989231428, 54.99162183290173], [-1.5958289612899534, 54.99166674730441], [-1.5959850860235747, 54.99166674730441], [-1.5962192731240066, 54.991801490512444], [-1.5962192731240066, 54.9918913193178], [-1.5960631483903853, 54.99198114812316], [-1.5960631483903853, 54.99207097692852], [-1.5959850860235747, 54.992115891331196], [-1.5958289612899534, 54.99202606252584], [-1.5956728365563322, 54.99202606252584], [-1.5955947741895216, 54.99207097692852], [-1.5955947741895216, 54.99225063453923], [-1.595516711822711, 54.99229554894191], [-1.5953605870890897, 54.99229554894191], [-1.5951263999886578, 54.992160805733874], [-1.5951263999886578, 54.99207097692852], [-1.5948141505214153, 54.9918913193178], [-1.5948141505214153, 54.991801490512444], [-1.5945799634209834, 54.99166674730441], [-1.5944238386873621, 54.99166674730441], [-1.5943457763205515, 54.991711661707086], [-1.5943457763205515, 54.991801490512444], [-1.5941115892201196, 54.99193623372048], [-1.5939554644864984, 54.99193623372048], [-1.5937212773860665, 54.99207097692852], [-1.5937212773860665, 54.992160805733874], [-1.5935651526524452, 54.99225063453923], [-1.5935651526524452, 54.99260994976066], [-1.5937212773860665, 54.99269977856602], [-1.5937212773860665, 54.99278960737138], [-1.5937993397528771, 54.99283452177406], [-1.594267713953741, 54.99283452177406], [-1.5943457763205515, 54.992879436176736], [-1.5943457763205515, 54.992969264982094], [-1.594658025787794, 54.99314892259281], [-1.594658025787794, 54.99323875139817], [-1.5948141505214153, 54.993328580203524], [-1.5948141505214153, 54.99341840900888], [-1.5947360881546047, 54.99346332341156], [-1.5945799634209834, 54.99346332341156], [-1.5945019010541728, 54.99350823781424], [-1.5945019010541728, 54.9935980666196], [-1.5944238386873621, 54.993642981022276], [-1.594267713953741, 54.993642981022276], [-1.5941896515869303, 54.993687895424955], [-1.5941896515869303, 54.99377772423031], [-1.594267713953741, 54.99382263863299], [-1.5944238386873621, 54.99382263863299], [-1.5945019010541728, 54.99386755303567], [-1.5945019010541728, 54.99395738184103], [-1.594658025787794, 54.994047210646386], [-1.594658025787794, 54.9942268682571], [-1.5948141505214153, 54.99431669706246], [-1.5947360881546047, 54.99436161146514], [-1.5944238386873621, 54.99436161146514], [-1.594267713953741, 54.99427178265978], [-1.5941115892201196, 54.99427178265978], [-1.5934870902856346, 54.99463109788121], [-1.5933309655520134, 54.99454126907585], [-1.5931748408183921, 54.99454126907585], [-1.5930967784515815, 54.994496354673174], [-1.5930967784515815, 54.99440652586782], [-1.5929406537179602, 54.99431669706246], [-1.5929406537179602, 54.994047210646386], [-1.5930967784515815, 54.99395738184103], [-1.5930187160847709, 54.99391246743835], [-1.5928625913511496, 54.99391246743835], [-1.5926284042507177, 54.994047210646386], [-1.5926284042507177, 54.99413703945174], [-1.5913794063817477, 54.994855669894605], [-1.5913794063817477, 54.99494549869996], [-1.591535531115369, 54.99503532750532], [-1.591535531115369, 54.99575395794818], [-1.591301344014937, 54.99588870115622], [-1.5909890945476945, 54.99588870115622], [-1.5908329698140733, 54.995978529961576], [-1.590676845080452, 54.99588870115622], [-1.5905207203468308, 54.99588870115622], [-1.5904426579800202, 54.9959336155589], [-1.5904426579800202, 54.996382759585686], [-1.590052346145967, 54.99660733159908], [-1.5892717224778607, 54.99660733159908], [-1.5891936601110501, 54.99665224600176], [-1.5891936601110501, 54.99773019166605], [-1.5891155977442395, 54.99777510606873], [-1.5889594730106182, 54.99777510606873], [-1.5888814106438076, 54.99782002047141], [-1.5888814106438076, 54.997909849276766], [-1.5891936601110501, 54.99808950688748], [-1.5891936601110501, 54.99817933569284], [-1.5890375353774289, 54.9982691644982], [-1.5890375353774289, 54.998358993303555], [-1.5891936601110501, 54.99844882210891], [-1.5891155977442395, 54.99849373651159], [-1.5889594730106182, 54.99840390770623], [-1.5884910988097545, 54.99840390770623], [-1.5884130364429438, 54.998358993303555], [-1.5884910988097545, 54.998314078900876], [-1.5886472235433757, 54.998314078900876], [-1.5887252859101864, 54.9982691644982], [-1.5887252859101864, 54.99817933569284], [-1.588569161176565, 54.99808950688748], [-1.588569161176565, 54.997999678082124], [-1.5884910988097545, 54.997954763679445], [-1.588178849342512, 54.997954763679445], [-1.5880227246088907, 54.9980445924848], [-1.58794466224208, 54.997999678082124], [-1.58794466224208, 54.99764036286069], [-1.5877885375084588, 54.997550534055335], [-1.5877885375084588, 54.99746070524998], [-1.5876324127748376, 54.99737087644462], [-1.5876324127748376, 54.99728104763926], [-1.5874762880412163, 54.997191218833905], [-1.5874762880412163, 54.99710139002855], [-1.5872421009407844, 54.99696664682051], [-1.5870859762071632, 54.99696664682051], [-1.586929851473542, 54.99687681801515], [-1.5868517891067313, 54.99692173241783], [-1.5868517891067313, 54.997550534055335], [-1.586929851473542, 54.997595448458014], [-1.587554350408027, 54.997595448458014], [-1.5876324127748376, 54.99764036286069], [-1.5876324127748376, 54.997909849276766], [-1.5873982256744057, 54.9980445924848], [-1.5870859762071632, 54.9980445924848], [-1.5868517891067313, 54.99817933569284], [-1.586929851473542, 54.99822425009552], [-1.5870859762071632, 54.99822425009552], [-1.5874762880412163, 54.99844882210891], [-1.5872421009407844, 54.99858356531695], [-1.586929851473542, 54.99858356531695], [-1.5868517891067313, 54.99853865091427], [-1.5868517891067313, 54.99844882210891], [-1.58669566437311, 54.998358993303555], [-1.5868517891067313, 54.9982691644982], [-1.5867737267399207, 54.99822425009552], [-1.5866176020062994, 54.99822425009552], [-1.5863834149058675, 54.998358993303555], [-1.5863834149058675, 54.99844882210891], [-1.5862272901722463, 54.99853865091427], [-1.5862272901722463, 54.99862847971963], [-1.5859931030718144, 54.998763222927664], [-1.585680853604572, 54.998763222927664], [-1.5856027912377613, 54.99880813733034], [-1.5856027912377613, 54.99898779494106], [-1.58544666650414, 54.999077623746416], [-1.58544666650414, 54.99925728135713], [-1.5849002299364656, 54.99957168217588], [-1.5847441052028444, 54.99957168217588], [-1.5842757310019806, 54.99930219575981], [-1.5841196062683593, 54.99930219575981], [-1.583963481534738, 54.99921236695445], [-1.5831828578666318, 54.99921236695445], [-1.5830267331330106, 54.99930219575981], [-1.5828706083993893, 54.99930219575981], [-1.5827925460325787, 54.99934711016249], [-1.5827925460325787, 54.99979625418928], [-1.5826364212989574, 54.999886082994635], [-1.5826364212989574, 55.000694542242854], [-1.5825583589321468, 55.00073945664553], [-1.5816216105304193, 55.00073945664553], [-1.581465485796798, 55.00082928545089], [-1.5813093610631768, 55.00082928545089], [-1.5809971115959343, 55.000649627840176], [-1.580840986862313, 55.000649627840176], [-1.5806067997618811, 55.00078437104821], [-1.5806067997618811, 55.00087419985357], [-1.5803726126614492, 55.001008943061606], [-1.5799042384605855, 55.001008943061606], [-1.5798261760937748, 55.00096402865893], [-1.5798261760937748, 55.00087419985357], [-1.5796700513601536, 55.00078437104821], [-1.5796700513601536, 55.000694542242854], [-1.5795139266265323, 55.0006047134375], [-1.5795139266265323, 55.00051488463214], [-1.5792797395261005, 55.0003801414241], [-1.5788113653252367, 55.0003801414241], [-1.578342991124373, 55.00011065500803], [-1.5781868663907517, 55.00011065500803], [-1.5778746169235092, 55.000290312618745], [-1.5774062427226454, 55.000290312618745], [-1.577093993255403, 55.00011065500803], [-1.5769378685217816, 55.00011065500803], [-1.576859806154971, 55.00006574060535], [-1.576859806154971, 54.999886082994635], [-1.576235307220486, 54.999526767773204], [-1.576235307220486, 54.99943693896785], [-1.5760791824868647, 54.99934711016249], [-1.5760791824868647, 54.999077623746416], [-1.576235307220486, 54.99898779494106], [-1.576235307220486, 54.99880813733034], [-1.5761572448536754, 54.998763222927664], [-1.5756888706528116, 54.998763222927664], [-1.5752204964519478, 54.99903270934374], [-1.5751424340851372, 54.99898779494106], [-1.5751424340851372, 54.9988979661357], [-1.574986309351516, 54.99880813733034], [-1.574986309351516, 54.998718308524985], [-1.5746740598842734, 54.99853865091427], [-1.5746740598842734, 54.99844882210891], [-1.5745179351506522, 54.998358993303555], [-1.5745179351506522, 54.9982691644982], [-1.5744398727838416, 54.99822425009552], [-1.5742837480502203, 54.99822425009552], [-1.574127623316599, 54.99813442129016], [-1.5739714985829778, 54.99822425009552], [-1.5736592491157353, 54.99822425009552], [-1.573503124382114, 54.998314078900876], [-1.5730347501812503, 54.998314078900876], [-1.572878625447629, 54.99840390770623], [-1.5725663759803865, 54.99840390770623], [-1.5724102512467653, 54.998314078900876], [-1.572254126513144, 54.998314078900876], [-1.5717857523122802, 54.99858356531695], [-1.5711612533777952, 54.99858356531695], [-1.570770941543742, 54.998358993303555], [-1.570770941543742, 54.99782002047141], [-1.5706928791769315, 54.99777510606873], [-1.5705367544433102, 54.99786493487409], [-1.5700683802424464, 54.99786493487409], [-1.5698341931420146, 54.99773019166605], [-1.5698341931420146, 54.997550534055335], [-1.5700683802424464, 54.9974157908473], [-1.5705367544433102, 54.9974157908473], [-1.5706148168101208, 54.99737087644462], [-1.5706148168101208, 54.997191218833905], [-1.5704586920764996, 54.99710139002855], [-1.5704586920764996, 54.996742074807116], [-1.570380629709689, 54.99669716040444], [-1.5702245049760677, 54.996786989209795], [-1.5700683802424464, 54.996786989209795], [-1.5699122555088252, 54.99687681801515], [-1.569756130775204, 54.99687681801515], [-1.5696000060415827, 54.99696664682051], [-1.5694438813079614, 54.99696664682051], [-1.569131631840719, 54.997146304431226], [-1.5689755071070977, 54.997146304431226], [-1.5687413200066658, 54.99728104763926], [-1.5688193823734764, 54.99732596204194], [-1.5689755071070977, 54.99732596204194], [-1.5692096942075295, 54.99746070524998], [-1.5692096942075295, 54.99764036286069], [-1.5689755071070977, 54.99777510606873], [-1.5688193823734764, 54.99777510606873], [-1.5685851952730445, 54.99764036286069], [-1.5685851952730445, 54.99746070524998], [-1.5687413200066658, 54.99737087644462], [-1.5685851952730445, 54.99728104763926], [-1.5685851952730445, 54.99710139002855], [-1.568507132906234, 54.99705647562587], [-1.5684290705394233, 54.99710139002855], [-1.5684290705394233, 54.997191218833905], [-1.568272945805802, 54.99728104763926], [-1.568272945805802, 54.99737087644462], [-1.5678826339717489, 54.997595448458014], [-1.5677265092381276, 54.99750561965266], [-1.5672581350372639, 54.99750561965266], [-1.567023947936832, 54.99737087644462], [-1.567023947936832, 54.99728104763926], [-1.5669458855700213, 54.997236133236584], [-1.5667897608364, 54.99732596204194], [-1.5666336361027788, 54.99732596204194], [-1.566399449002347, 54.997191218833905], [-1.566399449002347, 54.99710139002855], [-1.5666336361027788, 54.99696664682051], [-1.5669458855700213, 54.99696664682051], [-1.567023947936832, 54.99692173241783], [-1.5668678232032107, 54.996831903612474], [-1.5668678232032107, 54.99647258839104], [-1.567023947936832, 54.996382759585686], [-1.5669458855700213, 54.99633784518301], [-1.5667897608364, 54.99633784518301], [-1.5666336361027788, 54.99624801637765], [-1.5663213866355363, 54.99624801637765], [-1.5660091371682938, 54.996427673988364], [-1.5656968877010513, 54.996427673988364], [-1.56554076296743, 54.99651750279372], [-1.5652285135001875, 54.99651750279372], [-1.5650723887665663, 54.996427673988364], [-1.5646040145657025, 54.996427673988364], [-1.564525952198892, 54.99647258839104], [-1.564525952198892, 54.9965624171964], [-1.5642137027316494, 54.996742074807116], [-1.5642137027316494, 54.996831903612474], [-1.5639795156312175, 54.99696664682051], [-1.5638233908975963, 54.99696664682051], [-1.5637453285307856, 54.99692173241783], [-1.5637453285307856, 54.996831903612474], [-1.5631208295963006, 54.99647258839104], [-1.5631208295963006, 54.996382759585686], [-1.56304276722949, 54.99633784518301], [-1.5628866424958687, 54.99633784518301], [-1.562808580129058, 54.996382759585686], [-1.562808580129058, 54.99647258839104], [-1.5627305177622475, 54.99651750279372], [-1.5625743930286262, 54.996427673988364], [-1.562418268295005, 54.996427673988364], [-1.5622621435613837, 54.99651750279372], [-1.562184081194573, 54.99647258839104], [-1.562184081194573, 54.99629293078033], [-1.5623402059281943, 54.99620310197497], [-1.5623402059281943, 54.99611327316961], [-1.562418268295005, 54.996068358766934], [-1.5627305177622475, 54.996068358766934], [-1.562808580129058, 54.996023444364255], [-1.562808580129058, 54.99584378675354], [-1.5629647048626794, 54.99575395794818], [-1.5629647048626794, 54.99539464272675], [-1.5628866424958687, 54.99534972832407], [-1.5627305177622475, 54.99534972832407], [-1.5623402059281943, 54.995574300337466], [-1.5623402059281943, 54.995664129142824], [-1.5622621435613837, 54.9957090435455], [-1.5616376446268987, 54.9957090435455], [-1.5614815198932774, 54.995619214740145], [-1.5613253951596562, 54.995619214740145], [-1.5612473327928456, 54.995574300337466], [-1.5612473327928456, 54.99548447153211], [-1.5606228338583605, 54.99512515631068], [-1.5606228338583605, 54.99503532750532], [-1.5599983349238755, 54.99467601228389], [-1.5599983349238755, 54.99458618347853], [-1.5597641478234436, 54.994451440270495], [-1.5594518983562011, 54.994451440270495], [-1.5592957736225799, 54.99454126907585], [-1.5585151499544736, 54.99454126907585], [-1.5583590252208523, 54.99463109788121], [-1.5572661520855036, 54.99463109788121], [-1.557188089718693, 54.99458618347853], [-1.557188089718693, 54.99440652586782], [-1.5570319649850717, 54.99431669706246], [-1.5570319649850717, 54.992879436176736], [-1.5568758402514504, 54.99278960737138], [-1.5568758402514504, 54.99153200409637], [-1.5567197155178292, 54.99144217529101], [-1.5567197155178292, 54.9912625176803], [-1.5557829671161016, 54.99072354484815], [-1.5557829671161016, 54.990633716042794], [-1.555704904749291, 54.990588801640115], [-1.555080405814806, 54.990588801640115], [-1.5549242810811847, 54.99067863044547], [-1.5546120316139422, 54.99067863044547], [-1.554455906880321, 54.99076845925083], [-1.553831407945836, 54.99076845925083], [-1.5536752832122147, 54.99067863044547], [-1.5535191584785935, 54.99067863044547], [-1.5533630337449722, 54.990588801640115], [-1.5528946595441084, 54.990588801640115], [-1.5527385348104872, 54.99067863044547], [-1.552582410076866, 54.99067863044547], [-1.5522701606096234, 54.99085828805619], [-1.5521140358760022, 54.99085828805619], [-1.551957911142381, 54.990948116861546], [-1.5516456616751384, 54.990948116861546], [-1.5514895369415171, 54.9910379456669], [-1.5511772874742746, 54.9910379456669], [-1.5510211627406534, 54.99112777447226], [-1.5508650380070321, 54.99112777447226], [-1.5505527885397896, 54.99130743208298], [-1.5503966638061684, 54.99130743208298], [-1.5500844143389259, 54.99148708969369], [-1.5497721648716833, 54.99148708969369], [-1.549616040138062, 54.99157691849905], [-1.5494599154044408, 54.99148708969369], [-1.5491476659371983, 54.99148708969369], [-1.5488354164699558, 54.99166674730441], [-1.5486792917363346, 54.99166674730441], [-1.5482889799022814, 54.9918913193178], [-1.5482889799022814, 54.99207097692852], [-1.5481328551686602, 54.992160805733874], [-1.5481328551686602, 54.99225063453923], [-1.547976730435039, 54.99234046334459], [-1.547976730435039, 54.99243029214995], [-1.5478206057014177, 54.992520120955305], [-1.5478206057014177, 54.99260994976066], [-1.5476644809677964, 54.99269977856602], [-1.5476644809677964, 54.992969264982094], [-1.5475083562341752, 54.99305909378745], [-1.5475083562341752, 54.993328580203524], [-1.547352231500554, 54.99341840900888], [-1.547352231500554, 54.99350823781424], [-1.5471961067669326, 54.9935980666196], [-1.5471961067669326, 54.993687895424955], [-1.5470399820333114, 54.99377772423031], [-1.5470399820333114, 54.99386755303567], [-1.5469619196665008, 54.99391246743835], [-1.5468057949328795, 54.99382263863299], [-1.5461812959983945, 54.99382263863299], [-1.5457129217975307, 54.99355315221692], [-1.5455567970639095, 54.99355315221692], [-1.5453226099634776, 54.99341840900888], [-1.5453226099634776, 54.99323875139817], [-1.545244547596667, 54.99319383699549], [-1.5447761733958032, 54.99319383699549], [-1.5445419862953713, 54.99305909378745], [-1.5445419862953713, 54.99278960737138], [-1.5444639239285607, 54.9927446929687], [-1.5438394249940757, 54.9927446929687], [-1.543761362627265, 54.99269977856602], [-1.543761362627265, 54.99260994976066], [-1.5436052378936438, 54.992520120955305], [-1.5436052378936438, 54.99234046334459], [-1.5435271755268332, 54.99229554894191], [-1.5429026765923481, 54.99229554894191], [-1.5428246142255375, 54.99225063453923], [-1.5428246142255375, 54.9918913193178], [-1.5429807389591588, 54.991801490512444], [-1.5429807389591588, 54.99162183290173], [-1.5430588013259694, 54.99157691849905], [-1.5435271755268332, 54.99157691849905], [-1.5436052378936438, 54.99153200409637], [-1.543371050793212, 54.991397260888334], [-1.5432149260595907, 54.991397260888334], [-1.5430588013259694, 54.99148708969369], [-1.5426684894919163, 54.9912625176803], [-1.5426684894919163, 54.99117268887494], [-1.5424343023914844, 54.9910379456669], [-1.5423562400246738, 54.99108286006958], [-1.5423562400246738, 54.9912625176803], [-1.5422781776578631, 54.99130743208298], [-1.541653678723378, 54.99130743208298], [-1.5414975539897569, 54.991397260888334], [-1.5414194916229462, 54.991352346485655], [-1.5414194916229462, 54.990993031264225], [-1.5413414292561356, 54.990948116861546], [-1.5411853045225143, 54.990948116861546], [-1.541029179788893, 54.9910379456669], [-1.5408730550552718, 54.990948116861546], [-1.540404680854408, 54.990948116861546], [-1.5403266184875974, 54.99090320245887], [-1.5403266184875974, 54.99072354484815], [-1.5400924313871656, 54.990588801640115], [-1.5399363066535443, 54.99067863044547], [-1.5396240571863018, 54.99067863044547], [-1.5395459948194912, 54.990633716042794], [-1.5395459948194912, 54.99036422962672], [-1.53938987008587, 54.99027440082136], [-1.53938987008587, 54.99009474321065], [-1.5395459948194912, 54.99000491440529], [-1.5395459948194912, 54.98991508559993], [-1.539780181919923, 54.989780342391896], [-1.5399363066535443, 54.989780342391896], [-1.540014369020355, 54.98973542798922], [-1.540014369020355, 54.9895557703785], [-1.539780181919923, 54.989421027170465], [-1.5394679324526805, 54.989421027170465], [-1.5393118077190593, 54.98951085597582], [-1.539155682985438, 54.98951085597582], [-1.5389995582518168, 54.989421027170465], [-1.5388434335181955, 54.989421027170465], [-1.538765371151385, 54.989376112767786], [-1.538765371151385, 54.989016797546356], [-1.5388434335181955, 54.98897188314368], [-1.5389995582518168, 54.98897188314368], [-1.53938987008587, 54.98874731113028], [-1.53938987008587, 54.988657482324925], [-1.5395459948194912, 54.98856765351957], [-1.5395459948194912, 54.98847782471421], [-1.53938987008587, 54.98838799590885], [-1.5394679324526805, 54.98834308150617], [-1.5396240571863018, 54.98843291031153], [-1.5399363066535443, 54.98843291031153], [-1.5400924313871656, 54.98852273911689], [-1.5402485561207868, 54.98852273911689], [-1.540404680854408, 54.98843291031153], [-1.5408730550552718, 54.98843291031153], [-1.5411853045225143, 54.988253252700815], [-1.5413414292561356, 54.988253252700815], [-1.5414194916229462, 54.988208338298136], [-1.5414194916229462, 54.98811850949278], [-1.5415756163565675, 54.98802868068742], [-1.5415756163565675, 54.98793885188206], [-1.5417317410901887, 54.987849023076706], [-1.5417317410901887, 54.98739987904992], [-1.5424343023914844, 54.98699564942581], [-1.5425904271251056, 54.98699564942581], [-1.5428246142255375, 54.98686090621777], [-1.5428246142255375, 54.98677107741241], [-1.5427465518587269, 54.986726163009735], [-1.5424343023914844, 54.98690582062045], [-1.5421220529242419, 54.98690582062045], [-1.5419659281906206, 54.98699564942581], [-1.5418098034569994, 54.98690582062045], [-1.5414975539897569, 54.98690582062045], [-1.5411072421557037, 54.986681248607056], [-1.5411072421557037, 54.9865914198017], [-1.5409511174220825, 54.98650159099634], [-1.5409511174220825, 54.98578296055348], [-1.5411072421557037, 54.98569313174812], [-1.5411072421557037, 54.98560330294276], [-1.541263366889325, 54.985513474137406], [-1.541263366889325, 54.98497450130526], [-1.5414194916229462, 54.9848846724999], [-1.5414194916229462, 54.984794843694544], [-1.5411072421557037, 54.98461518608383], [-1.5411072421557037, 54.98452535727847], [-1.541029179788893, 54.98448044287579], [-1.5408730550552718, 54.98448044287579], [-1.54063886795484, 54.984345699667756], [-1.54063886795484, 54.9842558708624], [-1.5404827432212187, 54.98416604205704], [-1.5404827432212187, 54.98353724041954], [-1.54063886795484, 54.98344741161418], [-1.54063886795484, 54.98335758280882], [-1.5407949926884612, 54.983267754003464], [-1.5407169303216506, 54.983222839600785], [-1.5405608055880293, 54.983222839600785], [-1.5404827432212187, 54.983177925198106], [-1.5404827432212187, 54.98272878117132], [-1.54063886795484, 54.98263895236596], [-1.54063886795484, 54.9825491235606], [-1.5407169303216506, 54.98250420915792], [-1.5408730550552718, 54.98250420915792], [-1.541029179788893, 54.982414380352566], [-1.5411853045225143, 54.982414380352566], [-1.5413414292561356, 54.98232455154721], [-1.5414975539897569, 54.98232455154721], [-1.5417317410901887, 54.982459294755245], [-1.5417317410901887, 54.9825491235606], [-1.5419659281906206, 54.98268386676864], [-1.5422781776578631, 54.98268386676864], [-1.5425904271251056, 54.982863524379354], [-1.5427465518587269, 54.982863524379354], [-1.5429026765923481, 54.98295335318471], [-1.5430588013259694, 54.98295335318471], [-1.54313686369278, 54.98290843878203], [-1.54313686369278, 54.982818609976675], [-1.543371050793212, 54.98268386676864], [-1.5438394249940757, 54.98268386676864], [-1.5439174873608863, 54.98263895236596], [-1.5439174873608863, 54.9825491235606], [-1.5438394249940757, 54.98250420915792], [-1.5436833002604544, 54.98259403796328], [-1.5435271755268332, 54.98259403796328], [-1.5432929884264013, 54.982459294755245], [-1.5432929884264013, 54.98218980833917], [-1.5430588013259694, 54.982055065131135], [-1.5429807389591588, 54.982099979533814], [-1.5429807389591588, 54.98218980833917], [-1.54313686369278, 54.98227963714453], [-1.54313686369278, 54.982459294755245], [-1.5430588013259694, 54.98250420915792], [-1.5429026765923481, 54.98250420915792], [-1.5427465518587269, 54.98259403796328], [-1.5424343023914844, 54.98259403796328], [-1.5422781776578631, 54.98250420915792], [-1.5421220529242419, 54.98250420915792], [-1.5417317410901887, 54.98227963714453], [-1.5417317410901887, 54.98218980833917], [-1.5419659281906206, 54.982055065131135], [-1.5422781776578631, 54.982055065131135], [-1.5426684894919163, 54.98183049311774], [-1.5425904271251056, 54.98178557871506], [-1.5424343023914844, 54.98178557871506], [-1.5422781776578631, 54.98187540752042], [-1.541653678723378, 54.98187540752042], [-1.541263366889325, 54.981650835507025], [-1.541263366889325, 54.98120169148024], [-1.5418098034569994, 54.980887290661485], [-1.5424343023914844, 54.980887290661485], [-1.542512364758295, 54.980842376258806], [-1.542512364758295, 54.980483061037376], [-1.5426684894919163, 54.98039323223202], [-1.5426684894919163, 54.980123745815945], [-1.5427465518587269, 54.980078831413266], [-1.5429026765923481, 54.980078831413266], [-1.5430588013259694, 54.980168660218624], [-1.5432149260595907, 54.980078831413266], [-1.5435271755268332, 54.980078831413266], [-1.5436052378936438, 54.98003391701059], [-1.5436052378936438, 54.97985425939987], [-1.5434491131600225, 54.979764430594514], [-1.5434491131600225, 54.97949494417844], [-1.5438394249940757, 54.97927037216505], [-1.543995549727697, 54.97927037216505], [-1.54438586156175, 54.97904580015165], [-1.54438586156175, 54.97868648493022], [-1.5447761733958032, 54.97846191291683], [-1.5450884228630457, 54.97846191291683], [-1.5454006723302882, 54.97864157052754], [-1.5457129217975307, 54.97864157052754], [-1.5459471088979626, 54.97850682731951], [-1.5459471088979626, 54.97796785448736], [-1.545869046531152, 54.97792294008468], [-1.5457909841643414, 54.97796785448736], [-1.5457909841643414, 54.978147512098076], [-1.5455567970639095, 54.97828225530611], [-1.545244547596667, 54.97828225530611], [-1.5451664852298563, 54.97823734090343], [-1.5451664852298563, 54.97796785448736], [-1.5455567970639095, 54.977743282473966], [-1.5457129217975307, 54.977743282473966], [-1.5457909841643414, 54.97769836807129], [-1.5457909841643414, 54.97671025121235], [-1.54563485943072, 54.976620422406995], [-1.5461812959983945, 54.97630602158824], [-1.546493545465637, 54.97630602158824], [-1.5466496701992583, 54.976216192782886], [-1.5468057949328795, 54.976216192782886], [-1.5468838572996901, 54.97617127838021], [-1.5468838572996901, 54.975452647937345], [-1.5467277325660689, 54.97536281913199], [-1.5467277325660689, 54.97527299032663], [-1.5466496701992583, 54.97522807592395], [-1.546493545465637, 54.97522807592395], [-1.5462593583652051, 54.975093332715915], [-1.546493545465637, 54.97495858950788], [-1.5468057949328795, 54.97495858950788], [-1.5470399820333114, 54.97482384629984], [-1.5470399820333114, 54.974644188689126], [-1.5468838572996901, 54.97455435988377], [-1.5468838572996901, 54.97437470227305], [-1.547118044400122, 54.97423995906502], [-1.5475864186009858, 54.97423995906502], [-1.5476644809677964, 54.97419504466234], [-1.5476644809677964, 54.97401538705162], [-1.5478206057014177, 54.973925558246265], [-1.5478206057014177, 54.97365607183019], [-1.5478986680682283, 54.97361115742751], [-1.5480547928018495, 54.97361115742751], [-1.5482109175354708, 54.973521328622155], [-1.548367042269092, 54.973521328622155], [-1.5485231670027133, 54.97361115742751], [-1.5486792917363346, 54.97361115742751], [-1.5489134788367664, 54.973476414219476], [-1.5489134788367664, 54.9732069278034], [-1.5488354164699558, 54.973162013400724], [-1.5485231670027133, 54.97334167101144], [-1.548367042269092, 54.97334167101144], [-1.5482889799022814, 54.97329675660876], [-1.5482889799022814, 54.973117098998046], [-1.5482109175354708, 54.97307218459537], [-1.5480547928018495, 54.97307218459537], [-1.547976730435039, 54.97302727019269], [-1.5480547928018495, 54.97298235579001], [-1.5482109175354708, 54.97298235579001], [-1.5482889799022814, 54.97293744138733], [-1.5482889799022814, 54.97284761258197], [-1.548367042269092, 54.972802698179294], [-1.5485231670027133, 54.972802698179294], [-1.5489134788367664, 54.97302727019269], [-1.5489134788367664, 54.973117098998046], [-1.548991541203577, 54.973162013400724], [-1.5490696035703877, 54.973117098998046], [-1.5490696035703877, 54.97284761258197], [-1.549225728304009, 54.972757783776615], [-1.549225728304009, 54.9725781261659], [-1.5493037906708196, 54.97253321176322], [-1.549616040138062, 54.97253321176322], [-1.5497721648716833, 54.97262304056858], [-1.5500844143389259, 54.97262304056858], [-1.550240539072547, 54.97253321176322], [-1.5505527885397896, 54.97253321176322], [-1.5507869756402215, 54.972398468555184], [-1.5507869756402215, 54.971230694085534], [-1.5506308509066002, 54.97114086528018], [-1.5506308509066002, 54.97105103647482], [-1.550474726172979, 54.97096120766946], [-1.550474726172979, 54.970781550058746], [-1.5512553498410853, 54.97033240603196], [-1.5512553498410853, 54.9702425772266], [-1.5514895369415171, 54.97010783401856], [-1.551957911142381, 54.970377320434636], [-1.5524262853432447, 54.970377320434636], [-1.5525043477100553, 54.97033240603196], [-1.5525043477100553, 54.96952394678374], [-1.552582410076866, 54.96947903238106], [-1.5527385348104872, 54.96947903238106], [-1.5528946595441084, 54.96956886118642], [-1.5530507842777297, 54.96956886118642], [-1.5535191584785935, 54.96983834760249], [-1.553597220845404, 54.96979343319981], [-1.553597220845404, 54.969613775589096], [-1.5539094703126466, 54.96943411797838], [-1.553831407945836, 54.9693892035757], [-1.5536752832122147, 54.9693892035757], [-1.553597220845404, 54.96934428917302], [-1.553597220845404, 54.96916463156231], [-1.5537533455790253, 54.96907480275695], [-1.5537533455790253, 54.96898497395159], [-1.553831407945836, 54.96894005954891], [-1.5542997821466997, 54.96894005954891], [-1.5543778445135104, 54.968895145146234], [-1.5543778445135104, 54.96880531634088], [-1.5545339692471316, 54.96871548753552], [-1.5545339692471316, 54.96835617231409], [-1.5543778445135104, 54.96826634350873], [-1.5546120316139422, 54.968131600300694], [-1.555080405814806, 54.968131600300694], [-1.5552365305484273, 54.96822142910605], [-1.5553926552820485, 54.96822142910605], [-1.5555487800156698, 54.968131600300694], [-1.5558610294829123, 54.968131600300694], [-1.5560171542165335, 54.96822142910605], [-1.5560952165833442, 54.96817651470337], [-1.5560952165833442, 54.967278226649796], [-1.5562513413169654, 54.96718839784444], [-1.5560952165833442, 54.96709856903908], [-1.5560952165833442, 54.96700874023372], [-1.555939091849723, 54.966918911428365], [-1.5560952165833442, 54.96682908262301], [-1.5560952165833442, 54.96673925381765], [-1.556329403683776, 54.96660451060961], [-1.5564855284173973, 54.96660451060961], [-1.5566416531510185, 54.966514681804256], [-1.5572661520855036, 54.966514681804256], [-1.5573442144523142, 54.966559596206935], [-1.5573442144523142, 54.96664942501229], [-1.5575003391859354, 54.96673925381765], [-1.5575003391859354, 54.966918911428365], [-1.557578401552746, 54.966963825831044], [-1.5581248381204205, 54.96664942501229], [-1.5580467757536098, 54.96660451060961], [-1.5577345262863673, 54.96660451060961], [-1.5575003391859354, 54.96646976740158], [-1.5575003391859354, 54.966200280985504], [-1.557578401552746, 54.966155366582825], [-1.5577345262863673, 54.966155366582825], [-1.557812588653178, 54.966110452180146], [-1.557812588653178, 54.96593079456943], [-1.5579687133867992, 54.96584096576407], [-1.5579687133867992, 54.965751136958716], [-1.5580467757536098, 54.96570622255604], [-1.558202900487231, 54.96570622255604], [-1.5582809628540417, 54.965751136958716], [-1.5582809628540417, 54.96584096576407], [-1.558437087587663, 54.96593079456943], [-1.558437087587663, 54.96602062337479], [-1.5585932123212842, 54.966110452180146], [-1.5585932123212842, 54.96629010979086], [-1.5586712746880949, 54.96633502419354], [-1.5595299607230118, 54.96584096576407], [-1.5595299607230118, 54.96566130815336], [-1.5592957736225799, 54.96552656494532], [-1.5591396488889586, 54.96552656494532], [-1.558437087587663, 54.96512233532121], [-1.558437087587663, 54.964942677710496], [-1.5586712746880949, 54.96480793450246], [-1.558827399421716, 54.96480793450246], [-1.5589835241553374, 54.9647181056971], [-1.5591396488889586, 54.9647181056971], [-1.5596080230898224, 54.964987592113175], [-1.559920272557065, 54.964987592113175], [-1.5600763972906861, 54.96507742091853], [-1.56054477149155, 54.96507742091853], [-1.5607789585919818, 54.964942677710496], [-1.5607789585919818, 54.96485284890514], [-1.5608570209587924, 54.96480793450246], [-1.5613253951596562, 54.96480793450246], [-1.5614034575264668, 54.96476302009978], [-1.5613253951596562, 54.9647181056971], [-1.5608570209587924, 54.9647181056971], [-1.5607789585919818, 54.96467319129442], [-1.5607789585919818, 54.96449353368371], [-1.5606228338583605, 54.96440370487835], [-1.5606228338583605, 54.96404438965692], [-1.5608570209587924, 54.96390964644888], [-1.5613253951596562, 54.96390964644888], [-1.561559582260088, 54.96404438965692], [-1.561559582260088, 54.964224047267635], [-1.5617157069937093, 54.96431387607299], [-1.5617157069937093, 54.96449353368371], [-1.56179376936052, 54.96453844808639], [-1.5619498940941412, 54.96453844808639], [-1.5621060188277625, 54.96444861928103], [-1.5622621435613837, 54.96444861928103], [-1.5623402059281943, 54.96440370487835], [-1.562184081194573, 54.96431387607299], [-1.562184081194573, 54.96413421846228], [-1.5620279564609518, 54.96404438965692], [-1.5621060188277625, 54.96399947525424], [-1.5622621435613837, 54.9640893040596], [-1.5623402059281943, 54.96404438965692], [-1.5623402059281943, 54.96395456085156], [-1.562418268295005, 54.96390964644888], [-1.5625743930286262, 54.96390964644888], [-1.5626524553954368, 54.96395456085156], [-1.5626524553954368, 54.96440370487835], [-1.5627305177622475, 54.96444861928103], [-1.5628866424958687, 54.96444861928103], [-1.56304276722949, 54.96453844808639], [-1.5631208295963006, 54.96449353368371], [-1.5631208295963006, 54.96431387607299], [-1.5631988919631112, 54.964268961670314], [-1.5633550166967325, 54.964268961670314], [-1.5638233908975963, 54.96453844808639], [-1.5641356403648388, 54.96453844808639], [-1.56429176509846, 54.96444861928103], [-1.5647601392993238, 54.964268961670314], [-1.564916264032945, 54.964257733069644], [-1.5650723887665663, 54.964257733069644], [-1.565150451133377, 54.96431387607299], [-1.565150451133377, 54.96476302009978], [-1.5653065758669982, 54.96485284890514], [-1.5653065758669982, 54.96530199293193], [-1.5654627006006194, 54.965391821737285], [-1.5654627006006194, 54.965571479348], [-1.5656968877010513, 54.96570622255604], [-1.5660091371682938, 54.96570622255604], [-1.566165261901915, 54.965796051361394], [-1.5663213866355363, 54.965796051361394], [-1.5664775113691576, 54.96588588016675], [-1.5666336361027788, 54.96588588016675], [-1.5667116984695895, 54.96593079456943], [-1.5667116984695895, 54.966200280985504], [-1.5669458855700213, 54.96633502419354], [-1.5672581350372639, 54.96633502419354], [-1.567414259770885, 54.96624519538818], [-1.5677265092381276, 54.96624519538818], [-1.5681948834389914, 54.96597570897211], [-1.568507132906234, 54.96597570897211], [-1.5686632576398551, 54.96606553777747], [-1.5688193823734764, 54.96606553777747], [-1.568897444740287, 54.966110452180146], [-1.568897444740287, 54.96637993859622], [-1.5690535694739083, 54.96646976740158], [-1.5690535694739083, 54.96673925381765], [-1.5692877565743402, 54.96687399702569], [-1.5694438813079614, 54.96687399702569], [-1.5696780684083933, 54.96673925381765], [-1.5696780684083933, 54.96664942501229], [-1.5698341931420146, 54.966559596206935], [-1.5698341931420146, 54.96646976740158], [-1.5699122555088252, 54.9664248529989], [-1.570380629709689, 54.9664248529989], [-1.5705367544433102, 54.966514681804256], [-1.5706928791769315, 54.966514681804256], [-1.5709270662773633, 54.96664942501229], [-1.5709270662773633, 54.96673925381765], [-1.5710831910109846, 54.96682908262301], [-1.5710831910109846, 54.966918911428365], [-1.5712393157446058, 54.96700874023372], [-1.5712393157446058, 54.96709856903908], [-1.5713173781114165, 54.96714348344176], [-1.5714735028450377, 54.96714348344176], [-1.5715515652118484, 54.96709856903908], [-1.5715515652118484, 54.96700874023372], [-1.5717076899454696, 54.966918911428365], [-1.5717076899454696, 54.966559596206935], [-1.5718638146790909, 54.96646976740158], [-1.5718638146790909, 54.966200280985504], [-1.5724102512467653, 54.96588588016675], [-1.5725663759803865, 54.96588588016675], [-1.5727225007140078, 54.96597570897211], [-1.5733469996484928, 54.96597570897211], [-1.5735811867489247, 54.96584096576407], [-1.5735811867489247, 54.965751136958716], [-1.573503124382114, 54.96570622255604], [-1.5733469996484928, 54.96570622255604], [-1.5732689372816822, 54.96566130815336], [-1.5732689372816822, 54.96548165054264], [-1.5733469996484928, 54.965436736139964], [-1.573503124382114, 54.965436736139964], [-1.5735811867489247, 54.965391821737285], [-1.5735811867489247, 54.96521216412657], [-1.5736592491157353, 54.96516724972389], [-1.5738153738493565, 54.96515602112322], [-1.5778746169235092, 54.96515602112322], [-1.5779526792903198, 54.96521216412657], [-1.5779526792903198, 54.965751136958716], [-1.578108804023941, 54.96584096576407], [-1.578108804023941, 54.96593079456943], [-1.5782649287575623, 54.96602062337479], [-1.5782649287575623, 54.966110452180146], [-1.578342991124373, 54.966155366582825], [-1.5784991158579942, 54.966155366582825], [-1.5786552405916154, 54.96606553777747], [-1.5788113653252367, 54.96606553777747], [-1.578967490058858, 54.96597570897211], [-1.5792797395261005, 54.96597570897211], [-1.5796700513601536, 54.966200280985504], [-1.5796700513601536, 54.96629010979086], [-1.5798261760937748, 54.96637993859622], [-1.5798261760937748, 54.96646976740158], [-1.5800603631942067, 54.96660451060961], [-1.580216487927828, 54.96660451060961], [-1.5803726126614492, 54.966514681804256], [-1.5811532363295555, 54.96624519538818], [-1.5812508142880688, 54.96629010979086], [-1.5817191884889326, 54.966559596206935], [-1.5817777352640405, 54.966952597230375], [-1.5818557976308512, 54.96700874023372], [-1.5818557976308512, 54.96709856903908], [-1.5820119223644724, 54.96718839784444], [-1.5820119223644724, 54.96754771306587], [-1.5822461094649043, 54.967682456273906], [-1.5824022341985255, 54.967682456273906], [-1.5828706083993893, 54.96777228507926], [-1.5829681863579026, 54.96781719948194], [-1.5838073568011168, 54.96785088528395], [-1.5839049347596301, 54.9679070282873], [-1.5839049347596301, 54.96826634350873], [-1.5838854191679275, 54.96835617231409], [-1.5838073568011168, 54.96840108671677], [-1.583338982600253, 54.96840108671677], [-1.5832609202334424, 54.968446001119446], [-1.5832609202334424, 54.96862565873016], [-1.583338982600253, 54.96867057313284], [-1.5834951073338743, 54.96867057313284], [-1.5836512320674956, 54.96858074432748], [-1.5838073568011168, 54.96858074432748], [-1.583963481534738, 54.968490915522125], [-1.5841196062683593, 54.968490915522125], [-1.58419766863517, 54.968446001119446], [-1.58419766863517, 54.96835617231409], [-1.5842757310019806, 54.96831125791141], [-1.5843733089604939, 54.96835617231409], [-1.5847441052028444, 54.96874917333753], [-1.5848416831613577, 54.96880531634088], [-1.585680853604572, 54.96919831736432], [-1.5865590552311915, 54.969703604394454], [-1.586929851473542, 54.97009660541789], [-1.5870274294320552, 54.97015274842124], [-1.5878665998752695, 54.97054574944468], [-1.5879641778337827, 54.97060189244803], [-1.5883935208512412, 54.97060189244803], [-1.5884910988097545, 54.97054574944468], [-1.5892717224778607, 54.97054574944468], [-1.589369300436374, 54.97060189244803], [-1.5959850860235747, 54.97099489347147], [-1.5960631483903853, 54.97105103647482], [-1.595907023656764, 54.97114086528018], [-1.595907023656764, 54.971230694085534], [-1.5955947741895216, 54.97141035169625], [-1.5955947741895216, 54.971590009306965], [-1.5959850860235747, 54.97181458132036], [-1.5963753978576278, 54.971590009306965], [-1.5963753978576278, 54.971230694085534], [-1.596531522591249, 54.97114086528018], [-1.596531522591249, 54.97105103647482], [-1.5966095849580597, 54.97100612207214], [-1.5970779591589235, 54.97127560848821], [-1.5972340838925447, 54.97127560848821], [-1.5974682709929766, 54.97105103647482], [-1.5975463333597872, 54.97099489347147], [-1.5977610048685165, 54.97060189244803], [-1.5978585828270297, 54.97054574944468], [-1.5979366451938404, 54.97060189244803], [-1.5980927699274616, 54.97069172125339], [-1.5980927699274616, 54.970781550058746], [-1.5981708322942723, 54.970826464461425], [-1.5983269570278935, 54.970826464461425], [-1.5984830817615148, 54.97073663565607], [-1.598639206495136, 54.970826464461425], [-1.5987172688619466, 54.970781550058746], [-1.5987172688619466, 54.97069172125339], [-1.5985611441283254, 54.97060189244803], [-1.598639206495136, 54.97055697804535], [-1.598873393595568, 54.97069172125339], [-1.598873393595568, 54.970781550058746], [-1.5990295183291892, 54.9708713788641], [-1.5989514559623785, 54.97091629326678], [-1.5987953312287573, 54.97091629326678], [-1.5987172688619466, 54.97096120766946], [-1.5987172688619466, 54.97105103647482], [-1.5987953312287573, 54.9710959508775], [-1.5989514559623785, 54.9710959508775], [-1.5991075806959998, 54.97100612207214], [-1.5994198301632423, 54.97100612207214], [-1.599497892530053, 54.97105103647482], [-1.599497892530053, 54.97114086528018], [-1.5995759548968635, 54.971185779682855], [-1.5997320796304848, 54.9710959508775], [-1.5998101419972954, 54.97114086528018], [-1.5996540172636742, 54.971230694085534], [-1.5996540172636742, 54.97132052289089], [-1.5995759548968635, 54.97136543729357], [-1.5994198301632423, 54.97136543729357], [-1.5993417677964317, 54.97141035169625], [-1.5993417677964317, 54.971590009306965], [-1.5994198301632423, 54.971634923709644], [-1.5995759548968635, 54.971634923709644], [-1.5996540172636742, 54.971590009306965], [-1.5996540172636742, 54.97150018050161], [-1.5997320796304848, 54.97145526609893], [-1.599888204364106, 54.97145526609893], [-1.5999662667309167, 54.97150018050161], [-1.5999662667309167, 54.97185949572304], [-1.600122391464538, 54.971949324528396], [-1.599888204364106, 54.97208406773643], [-1.5995759548968635, 54.97208406773643], [-1.599497892530053, 54.97212898213911], [-1.599497892530053, 54.972398468555184], [-1.5996540172636742, 54.97248829736054], [-1.5996540172636742, 54.97266795497126], [-1.5997320796304848, 54.972712869373936], [-1.599888204364106, 54.972712869373936], [-1.600122391464538, 54.9725781261659], [-1.600122391464538, 54.97248829736054], [-1.6002004538313486, 54.97244338295786], [-1.6003565785649698, 54.97244338295786], [-1.6006688280322123, 54.97226372534715], [-1.6009030151326442, 54.972398468555184], [-1.6009030151326442, 54.97248829736054], [-1.6009810774994548, 54.97253321176322], [-1.601137202233076, 54.97253321176322], [-1.6012933269666974, 54.97244338295786], [-1.6016055764339399, 54.97244338295786], [-1.6018397635343717, 54.9725781261659], [-1.6016836388007505, 54.97266795497126], [-1.6016836388007505, 54.972757783776615], [-1.6018397635343717, 54.97284761258197], [-1.6016055764339399, 54.97298235579001], [-1.6014494517003186, 54.97298235579001], [-1.6012933269666974, 54.97289252698465], [-1.601137202233076, 54.97289252698465], [-1.6009810774994548, 54.972802698179294], [-1.6009030151326442, 54.97284761258197], [-1.6009030151326442, 54.97401538705162], [-1.6012152645998867, 54.97419504466234], [-1.6012152645998867, 54.974284873467695], [-1.6014494517003186, 54.97441961667573], [-1.6019178259011824, 54.97415013025966], [-1.6020739506348036, 54.97415013025966], [-1.6021520130016143, 54.97419504466234], [-1.6021520130016143, 54.974284873467695], [-1.6023862001020461, 54.97441961667573], [-1.6025423248356674, 54.97441961667573], [-1.602620387202478, 54.97437470227305], [-1.602620387202478, 54.974284873467695], [-1.60285457430291, 54.97415013025966], [-1.603479073237395, 54.97415013025966], [-1.6037132603378268, 54.974284873467695], [-1.6037132603378268, 54.97437470227305], [-1.6040255098050693, 54.97455435988377], [-1.6040255098050693, 54.974644188689126], [-1.603869385071448, 54.974734017494484], [-1.603869385071448, 54.975811963158776], [-1.6039474474382587, 54.975856877561455], [-1.6042596969055012, 54.975856877561455], [-1.6043377592723118, 54.975901791964134], [-1.6043377592723118, 54.97644076479628], [-1.6042596969055012, 54.97648567919896], [-1.60410357217188, 54.97648567919896], [-1.6037913227046374, 54.976665336809674], [-1.603479073237395, 54.976665336809674], [-1.6034010108705843, 54.97671025121235], [-1.6034010108705843, 54.97680008001771], [-1.603244886136963, 54.97688990882307], [-1.603244886136963, 54.97715939523914], [-1.6030887614033418, 54.9772492240445], [-1.6030887614033418, 54.97733905284986], [-1.603244886136963, 54.977428881655214], [-1.603244886136963, 54.97760853926593], [-1.603479073237395, 54.977743282473966], [-1.6037913227046374, 54.977743282473966], [-1.6039474474382587, 54.97765345366861]]]}}, {"type": "Feature", "properties": {"band_id": "under_10", "order": 4}, "geometry": {"type": "Polygon", "coordinates": [[[-1.5818012453091796, 54.978975182504655], [-1.5821135918959044, 54.97915483973702], [-1.5822697651892668, 54.97915483973702], [-1.5824259384826291, 54.9792446683532], [-1.5825040251293103, 54.979289582661295], [-1.5825040251293103, 54.979648897126026], [-1.5826601984226727, 54.97973872574221], [-1.5826601984226727, 54.98000821159076], [-1.5824259384826291, 54.98014295451503], [-1.5822697651892668, 54.98014295451503], [-1.581957418602542, 54.979963297282666], [-1.5818793319558608, 54.98000821159076], [-1.5818793319558608, 54.98036752605549], [-1.5820355052492232, 54.98045735467167], [-1.5820355052492232, 54.980547183287854], [-1.5821916785425856, 54.98063701190404], [-1.5821916785425856, 54.98072684052022], [-1.5818793319558608, 54.980906497752585], [-1.5820355052492232, 54.98099632636877], [-1.5820355052492232, 54.98108615498495], [-1.581566985369136, 54.9813556408335], [-1.581566985369136, 54.98171495529823], [-1.5813327254290925, 54.981849698222504], [-1.5811765521357302, 54.981849698222504], [-1.581098465489049, 54.981894612530596], [-1.5812546387824113, 54.98198444114678], [-1.5812546387824113, 54.98234375561151], [-1.5813327254290925, 54.9823886699196], [-1.581488898722455, 54.98229884130342], [-1.5816450720158173, 54.98229884130342], [-1.5818793319558608, 54.98243358422769], [-1.5818793319558608, 54.982523412843875], [-1.5821916785425856, 54.98270307007624], [-1.5820355052492232, 54.98279289869242], [-1.5820355052492232, 54.982882727308606], [-1.581957418602542, 54.9829276416167], [-1.5816450720158173, 54.9829276416167], [-1.581566985369136, 54.98297255592479], [-1.581566985369136, 54.983152213157155], [-1.5817231586624985, 54.98324204177334], [-1.5817231586624985, 54.98333187038952], [-1.5816450720158173, 54.98337678469761], [-1.5813327254290925, 54.98337678469761], [-1.5812546387824113, 54.9834216990057], [-1.5814108120757737, 54.983511527621886], [-1.5813327254290925, 54.98355644192998], [-1.5811765521357302, 54.983466613313794], [-1.5808642055490054, 54.983466613313794], [-1.5807861189023242, 54.9834216990057], [-1.5807861189023242, 54.98324204177334], [-1.580708032255643, 54.983197127465246], [-1.5805518589622807, 54.983197127465246], [-1.5804737723155995, 54.98324204177334], [-1.5804737723155995, 54.98369118485425], [-1.5803175990222371, 54.983781013470434], [-1.5803175990222371, 54.984499642399896], [-1.5801614257288747, 54.98458947101608], [-1.5801614257288747, 54.98467929963226], [-1.5800833390821936, 54.98472421394035], [-1.5799271657888312, 54.98472421394035], [-1.5796929058487876, 54.98485895686463], [-1.57984907914215, 54.98494878548081], [-1.57984907914215, 54.985128442713176], [-1.5797709924954688, 54.98517335702127], [-1.5788339527352946, 54.98517335702127], [-1.5786777794419322, 54.985083528405085], [-1.5785216061485698, 54.985083528405085], [-1.5784435195018887, 54.985128442713176], [-1.5784435195018887, 54.98530809994554], [-1.5782873462085263, 54.985397928561724], [-1.5782873462085263, 54.98548775717791], [-1.5779749996218015, 54.98566741441027], [-1.5779749996218015, 54.985757243026455], [-1.5778188263284392, 54.98584707164264], [-1.5778188263284392, 54.98620638610737], [-1.5776626530350768, 54.98629621472355], [-1.5776626530350768, 54.98647587195592], [-1.5775845663883956, 54.98652078626401], [-1.5774283930950332, 54.98652078626401], [-1.577350306448352, 54.9865657005721], [-1.5775064797417144, 54.98665552918828], [-1.5771160465083085, 54.98688010072874], [-1.5768036999215838, 54.98688010072874], [-1.5767256132749026, 54.98683518642065], [-1.5767256132749026, 54.986745357804466], [-1.576491353334859, 54.98661061488019], [-1.5763351800414966, 54.98661061488019], [-1.5761790067481343, 54.98652078626401], [-1.576022833454772, 54.98652078626401], [-1.5757104868680472, 54.986700443496375], [-1.5755543135746848, 54.986700443496375], [-1.5754762269280036, 54.98665552918828], [-1.5754762269280036, 54.9865657005721], [-1.5753981402813224, 54.98652078626401], [-1.5750857936945977, 54.98652078626401], [-1.5750077070479165, 54.98647587195592], [-1.5750077070479165, 54.986386043339735], [-1.5749296204012353, 54.98634112903164], [-1.5746172738145106, 54.98634112903164], [-1.5745391871678294, 54.98629621472355], [-1.5745391871678294, 54.98620638610737], [-1.5744611005211482, 54.98616147179928], [-1.5743049272277858, 54.98616147179928], [-1.5741487539344234, 54.986071643183095], [-1.573992580641061, 54.986071643183095], [-1.5737583207010175, 54.98593690025882], [-1.5737583207010175, 54.985757243026455], [-1.5738364073476987, 54.985712328718364], [-1.5741487539344234, 54.985712328718364], [-1.5742268405811046, 54.98566741441027], [-1.5742268405811046, 54.98557758579409], [-1.5743049272277858, 54.985532671486], [-1.5744611005211482, 54.985532671486], [-1.5745391871678294, 54.98548775717791], [-1.5745391871678294, 54.985397928561724], [-1.5744611005211482, 54.98535301425363], [-1.573992580641061, 54.98535301425363], [-1.5738364073476987, 54.985442842869816], [-1.5728993675875245, 54.985442842869816], [-1.572743194294162, 54.985532671486], [-1.5725870210007997, 54.985532671486], [-1.572274674414075, 54.985712328718364], [-1.5721185011207126, 54.985712328718364], [-1.571884241180669, 54.98557758579409], [-1.571884241180669, 54.985397928561724], [-1.5718061545339879, 54.98535301425363], [-1.5716499812406255, 54.98535301425363], [-1.571415721300582, 54.98521827132936], [-1.571415721300582, 54.98503861409699], [-1.5712595480072196, 54.98494878548081], [-1.5712595480072196, 54.98485895686463], [-1.5707910281271324, 54.98458947101608], [-1.5707910281271324, 54.984409813783714], [-1.57063485483377, 54.98431998516753], [-1.57063485483377, 54.98387084208662], [-1.5702444216003641, 54.98364627054616], [-1.5700882483070018, 54.98364627054616], [-1.5689950352534652, 54.98427507085944], [-1.5688388619601028, 54.98427507085944], [-1.5683703420800157, 54.98454455670799], [-1.5682141687866533, 54.98454455670799], [-1.5681360821399721, 54.984499642399896], [-1.5681360821399721, 54.984409813783714], [-1.5679799088466098, 54.98431998516753], [-1.5679799088466098, 54.98423015655135], [-1.567667562259885, 54.98405049931898], [-1.567667562259885, 54.9839606707028], [-1.5675113889665226, 54.98387084208662], [-1.5675113889665226, 54.983781013470434], [-1.5674333023198415, 54.98373609916234], [-1.567277129026479, 54.98373609916234], [-1.5671209557331167, 54.98364627054616], [-1.5658715693862177, 54.98364627054616], [-1.5657934827395366, 54.98369118485425], [-1.5657934827395366, 54.983781013470434], [-1.5656373094461742, 54.98387084208662], [-1.5656373094461742, 54.98405049931898], [-1.5654811361528118, 54.984140327935165], [-1.5654811361528118, 54.98423015655135], [-1.5653249628594494, 54.98431998516753], [-1.5653249628594494, 54.984409813783714], [-1.565168789566087, 54.984499642399896], [-1.565168789566087, 54.98467929963226], [-1.5649345296260435, 54.984814042556536], [-1.5647783563326811, 54.98472421394035], [-1.5644660097459564, 54.98472421394035], [-1.564309836452594, 54.98463438532417], [-1.5641536631592317, 54.98463438532417], [-1.563450883339101, 54.98423015655135], [-1.563450883339101, 54.984140327935165], [-1.5632166233990574, 54.98400558501089], [-1.563060450105695, 54.98400558501089], [-1.5629042768123327, 54.98391575639471], [-1.5627481035189703, 54.98391575639471], [-1.5626700168722891, 54.98387084208662], [-1.5626700168722891, 54.9834216990057], [-1.5625138435789268, 54.98333187038952], [-1.5625138435789268, 54.98324204177334], [-1.5626700168722891, 54.983152213157155], [-1.5626700168722891, 54.982882727308606], [-1.5631385367523762, 54.98261324146006], [-1.5628261901656515, 54.98243358422769], [-1.5628261901656515, 54.982164098379144], [-1.5629042768123327, 54.98211918407105], [-1.5635289699857822, 54.98211918407105], [-1.5636070566324634, 54.982164098379144], [-1.5636070566324634, 54.98225392699533], [-1.5636851432791445, 54.98229884130342], [-1.5639974898658693, 54.98229884130342], [-1.5640755765125505, 54.98225392699533], [-1.5640755765125505, 54.982164098379144], [-1.5642317498059128, 54.98207426976296], [-1.5642317498059128, 54.98108615498495], [-1.5644660097459564, 54.980951412060676], [-1.5646221830393188, 54.980951412060676], [-1.5649345296260435, 54.98077175482831], [-1.5650907029194059, 54.98077175482831], [-1.5653249628594494, 54.98063701190404], [-1.5650907029194059, 54.98050226897976], [-1.5646221830393188, 54.98050226897976], [-1.5645440963926376, 54.98045735467167], [-1.5645440963926376, 54.98036752605549], [-1.5643879230992752, 54.980277697439305], [-1.5643879230992752, 54.98018786882312], [-1.5647783563326811, 54.979963297282666], [-1.5649345296260435, 54.979963297282666], [-1.5650126162727247, 54.979918382974574], [-1.5650126162727247, 54.97982855435839], [-1.5653249628594494, 54.979648897126026], [-1.5653249628594494, 54.97955906850984], [-1.5654811361528118, 54.97946923989366], [-1.5654811361528118, 54.979289582661295], [-1.5653249628594494, 54.97919975404511], [-1.5653249628594494, 54.97902009681275], [-1.565168789566087, 54.978930268196564], [-1.565168789566087, 54.978660782348015], [-1.5652468762127683, 54.978615868039924], [-1.5654030495061306, 54.978615868039924], [-1.565559222799493, 54.97852603942374], [-1.5660277426795801, 54.97852603942374], [-1.566418175912986, 54.9787506109642], [-1.566418175912986, 54.97884043958038], [-1.5666524358530296, 54.978975182504655], [-1.566808609146392, 54.978975182504655], [-1.5669647824397543, 54.97888535388847], [-1.567277129026479, 54.97906501112084], [-1.5674333023198415, 54.97906501112084], [-1.5679018221999286, 54.979334496969386], [-1.568057995493291, 54.979334496969386], [-1.5681360821399721, 54.979289582661295], [-1.5681360821399721, 54.97919975404511], [-1.5682922554333345, 54.97910992542893], [-1.5682922554333345, 54.978930268196564], [-1.5684484287266969, 54.97884043958038], [-1.5684484287266969, 54.97848112511565], [-1.5682922554333345, 54.97839129649947], [-1.5682922554333345, 54.9782116392671], [-1.5681360821399721, 54.97812181065092], [-1.5681360821399721, 54.978031982034736], [-1.5678237355532474, 54.97785232480237], [-1.5678237355532474, 54.977403181721456], [-1.5681360821399721, 54.97722352448909], [-1.568057995493291, 54.977178610181], [-1.5677456489065662, 54.977178610181], [-1.5675113889665226, 54.977043867256725], [-1.5675113889665226, 54.976684552791994], [-1.5675894756132038, 54.9766396384839], [-1.5679018221999286, 54.9766396384839], [-1.5679799088466098, 54.97659472417581], [-1.5679799088466098, 54.97650489555963], [-1.568057995493291, 54.97645998125154], [-1.5682141687866533, 54.97645998125154], [-1.5682922554333345, 54.97650489555963], [-1.5682922554333345, 54.97659472417581], [-1.5683703420800157, 54.9766396384839], [-1.5686826886667404, 54.9766396384839], [-1.5687607753134216, 54.976684552791994], [-1.5686046020200592, 54.97677438140818], [-1.5686046020200592, 54.97713369587291], [-1.5687607753134216, 54.97722352448909], [-1.5687607753134216, 54.977313353105274], [-1.5689950352534652, 54.97744809602955], [-1.5690731219001464, 54.977403181721456], [-1.5690731219001464, 54.97722352448909], [-1.5692292951935087, 54.97713369587291], [-1.5692292951935087, 54.97686421002436], [-1.5694635551335523, 54.976729467100085], [-1.5695416417802335, 54.97677438140818], [-1.5695416417802335, 54.977043867256725], [-1.5696197284269147, 54.97708878156482], [-1.569775901720277, 54.976998952948634], [-1.5702444216003641, 54.976998952948634], [-1.5703225082470453, 54.977043867256725], [-1.5703225082470453, 54.97713369587291], [-1.5702444216003641, 54.977178610181], [-1.569775901720277, 54.977178610181], [-1.5696978150735958, 54.97722352448909], [-1.5696978150735958, 54.977403181721456], [-1.569775901720277, 54.97744809602955], [-1.5702444216003641, 54.97744809602955], [-1.5704786815404077, 54.977313353105274], [-1.5704786815404077, 54.97722352448909], [-1.570556768187089, 54.977178610181], [-1.5708691147738136, 54.977178610181], [-1.571025288067176, 54.97708878156482], [-1.5711814613605384, 54.97708878156482], [-1.5713376346539007, 54.976998952948634], [-1.5714938079472631, 54.97708878156482], [-1.5716499812406255, 54.97708878156482], [-1.5717280678873067, 54.97713369587291], [-1.5717280678873067, 54.97722352448909], [-1.5718061545339879, 54.97726843879718], [-1.5721185011207126, 54.97726843879718], [-1.572274674414075, 54.977358267413365], [-1.5724308477074374, 54.977358267413365], [-1.5725089343541185, 54.977313353105274], [-1.5725089343541185, 54.97722352448909], [-1.572665107647481, 54.97713369587291], [-1.572665107647481, 54.977043867256725], [-1.572743194294162, 54.976998952948634], [-1.5728993675875245, 54.976998952948634], [-1.5730555408808868, 54.97708878156482], [-1.5732117141742492, 54.97708878156482], [-1.5732898008209304, 54.977043867256725], [-1.5732898008209304, 54.97695403864054], [-1.5733678874676116, 54.97690912433245], [-1.573524060760974, 54.97690912433245], [-1.5736021474076551, 54.97695403864054], [-1.5736021474076551, 54.977043867256725], [-1.5737583207010175, 54.97713369587291], [-1.5737583207010175, 54.97722352448909], [-1.5738364073476987, 54.97726843879718], [-1.573992580641061, 54.97726843879718], [-1.5740706672877423, 54.97722352448909], [-1.5740706672877423, 54.977043867256725], [-1.5744611005211482, 54.97681929571627], [-1.5745391871678294, 54.97686421002436], [-1.5745391871678294, 54.97695403864054], [-1.5746953604611917, 54.977043867256725], [-1.5746953604611917, 54.97713369587291], [-1.5745391871678294, 54.97722352448909], [-1.5745391871678294, 54.97758283895382], [-1.5746172738145106, 54.97762775326191], [-1.574773447107873, 54.97762775326191], [-1.5750077070479165, 54.97749301033764], [-1.5750077070479165, 54.977313353105274], [-1.5750857936945977, 54.97726843879718], [-1.57524196698796, 54.97726843879718], [-1.5754762269280036, 54.97713369587291], [-1.5753200536346412, 54.977043867256725], [-1.5755543135746848, 54.97690912433245], [-1.5763351800414966, 54.97690912433245], [-1.5764132666881778, 54.97695403864054], [-1.5764132666881778, 54.977403181721456], [-1.576491353334859, 54.97744809602955], [-1.5766475266282214, 54.97744809602955], [-1.5767256132749026, 54.97749301033764], [-1.5767256132749026, 54.97776249618619], [-1.5768036999215838, 54.97780741049428], [-1.576881786568265, 54.97776249618619], [-1.576881786568265, 54.977672667570005], [-1.5771160465083085, 54.97753792464573], [-1.5772722198016709, 54.97753792464573], [-1.577350306448352, 54.97758283895382], [-1.577350306448352, 54.977672667570005], [-1.5771160465083085, 54.97780741049428], [-1.5769598732149461, 54.97780741049428], [-1.576881786568265, 54.97785232480237], [-1.576881786568265, 54.978031982034736], [-1.5769598732149461, 54.97807689634283], [-1.5771160465083085, 54.97807689634283], [-1.5771941331549897, 54.97812181065092], [-1.5771941331549897, 54.9782116392671], [-1.5771160465083085, 54.97825655357519], [-1.5769598732149461, 54.97825655357519], [-1.5767256132749026, 54.97839129649947], [-1.5767256132749026, 54.978660782348015], [-1.5768036999215838, 54.97870569665611], [-1.5769598732149461, 54.97870569665611], [-1.5770379598616273, 54.978660782348015], [-1.5770379598616273, 54.97857095373183], [-1.5771160465083085, 54.97852603942374], [-1.5772722198016709, 54.97852603942374], [-1.5774283930950332, 54.97843621080756], [-1.577740739681758, 54.97843621080756], [-1.5778969129751204, 54.97852603942374], [-1.5780530862684827, 54.97852603942374], [-1.5785216061485698, 54.97825655357519], [-1.5788339527352946, 54.97825655357519], [-1.5791462993220193, 54.97843621080756], [-1.5797709924954688, 54.97843621080756], [-1.5800052524355124, 54.97857095373183], [-1.5800052524355124, 54.978660782348015], [-1.5801614257288747, 54.9787506109642], [-1.5801614257288747, 54.97884043958038], [-1.580239512375556, 54.97888535388847], [-1.5803175990222371, 54.97884043958038], [-1.5803175990222371, 54.9787506109642], [-1.5805518589622807, 54.978615868039924], [-1.5806299456089619, 54.978660782348015], [-1.5806299456089619, 54.9787506109642], [-1.5807861189023242, 54.97884043958038], [-1.5807861189023242, 54.97902009681275], [-1.580708032255643, 54.97906501112084], [-1.5803956856689183, 54.97906501112084], [-1.5803175990222371, 54.97910992542893], [-1.5803175990222371, 54.979289582661295], [-1.5803956856689183, 54.979334496969386], [-1.5805518589622807, 54.979334496969386], [-1.580708032255643, 54.9792446683532], [-1.5808642055490054, 54.9792446683532], [-1.581098465489049, 54.97910992542893], [-1.581098465489049, 54.97902009681275], [-1.5811765521357302, 54.978975182504655], [-1.5813327254290925, 54.978975182504655], [-1.581488898722455, 54.97906501112084], [-1.5816450720158173, 54.97906501112084], [-1.5818012453091796, 54.978975182504655]]]}}]}