{"type": "FeatureCollection", "features": [{"type": "Feature", "properties": {"band_id": "over_60", "order": 0}, "geometry": {"type": "MultiPolygon", "coordinates": [[[[-1.969352804384158, 54.94435928930179], [-1.965291554891808, 54.94980279573842], [-1.965102445683988, 54.95003007108622], [-1.959144047677785, 54.95630672774041], [-1.95909008697066, 54.95785030877818], [-1.959088434104275, 54.95786551051511], [-1.957874141470778, 54.96433835663971], [-1.955652341305184, 54.97072208281634], [-1.952440589741353, 54.97696488513139], [-1.952428143446584, 54.976985597252], [-1.948621512618619, 54.98256010869368], [-1.944024659971256, 54.98793415824276], [-1.938668885204633, 54.993070792734876], [-1.938642219587574, 54.99309411562883], [-1.938041866714362, 54.993562625308186], [-1.937312068261724, 54.99467874192255], [-1.937183668679327, 54.994850363360044], [-1.931841751697192, 55.00113334313732], [-1.929176452758036, 55.00362415552661], [-1.928709719615535, 55.00436625918139], [-1.923185279044071, 55.01096811917082], [-1.916524935858073, 55.01721449670693], [-1.908796731826823, 55.023041099954895], [-1.900079802061568, 55.028387930874864], [-1.890463570631138, 55.03319990900059], [-1.888265741986245, 55.0340920260593], [-1.884002430339719, 55.03908718041298], [-1.877672712275104, 55.044992238552325], [-1.870385138184011, 55.050521569933046], [-1.864612279658536, 55.0541234336442], [-1.863829324697496, 55.055201974517935], [-1.857808616106178, 55.061596760561905], [-1.850697732854412, 55.06761187044578], [-1.842568279706775, 55.073186334977365], [-1.838485960179797, 55.07547282893504], [-1.838353655123285, 55.076230969765824], [-1.835953450892227, 55.08312659200845], [-1.832395999998103, 55.08985576113678], [-1.827714425763689, 55.0963547394274], [-1.821952559210344, 55.10256193928863], [-1.815164541426648, 55.1084185104419], [-1.807414324912833, 55.11386890206159], [-1.799238496647234, 55.11859363895369], [-1.796822681136139, 55.120235051744174], [-1.787967903119299, 55.12517543853256], [-1.778310090547728, 55.129594956117714], [-1.767942037584924, 55.1334510280518], [-1.756963471364132, 55.136706494646084], [-1.745480085280567, 55.1393299758823], [-1.7444379008375108, 55.139502498097904], [-1.7444379008375108, 55.137018168345094], [-1.7438201820477843, 55.13665882672649], [-1.7413493068888783, 55.13665882672649], [-1.7407315880991518, 55.136299485107884], [-1.7425847444683313, 55.13522146025207], [-1.7438201820477843, 55.13522146025207], [-1.7450556196272373, 55.13450277701486], [-1.7462910572066903, 55.13450277701486], [-1.7475264947861433, 55.13378409377765], [-1.7487619323655963, 55.13450277701486], [-1.7512328075245023, 55.13306541054044], [-1.7524682451039553, 55.13306541054044], [-1.7543214014731348, 55.131987385684624], [-1.7543214014731348, 55.131268702447414], [-1.7574099954217672, 55.12947199435439], [-1.7586454330012202, 55.12947199435439], [-1.7598808705806732, 55.1301906775916], [-1.7648226208984852, 55.1301906775916], [-1.7654403396882117, 55.129831335972995], [-1.7654403396882117, 55.128393969498575], [-1.7648226208984852, 55.12803462787997], [-1.7635871833190322, 55.12803462787997], [-1.7629694645293057, 55.127675286261365], [-1.7629694645293057, 55.126956603024155], [-1.7642049021087587, 55.126237919786945], [-1.7642049021087587, 55.125519236549735], [-1.7648226208984852, 55.12515989493113], [-1.7660580584779382, 55.12587857816834], [-1.7685289336368442, 55.12587857816834], [-1.7691466524265707, 55.125519236549735], [-1.7691466524265707, 55.123363186838105], [-1.7685289336368442, 55.1230038452195], [-1.7672934960573912, 55.1230038452195], [-1.7666757772676647, 55.122644503600895], [-1.7666757772676647, 55.121925820363685], [-1.7672934960573912, 55.12156647874508], [-1.7685289336368442, 55.12156647874508], [-1.7691466524265707, 55.121207137126476], [-1.7691466524265707, 55.119769770652056], [-1.7685289336368442, 55.11941042903345], [-1.7672934960573912, 55.11941042903345], [-1.7660580584779382, 55.11869174579624], [-1.7623517457395792, 55.11869174579624], [-1.7611163081601262, 55.11797306255903], [-1.7586454330012202, 55.11797306255903], [-1.7580277142114937, 55.117613720940426], [-1.7580277142114937, 55.116895037703216], [-1.7574099954217672, 55.11653569608461], [-1.7561745578423142, 55.11653569608461], [-1.7530859638936818, 55.114738987991586], [-1.7530859638936818, 55.114020304754376], [-1.7518505263142288, 55.11330162151717], [-1.7518505263142288, 55.11258293827996], [-1.7512328075245023, 55.11222359666135], [-1.7493796511553228, 55.11330162151717], [-1.7493796511553228, 55.114738987991586], [-1.7506150887347758, 55.115457671228796], [-1.7506150887347758, 55.116176354466006], [-1.7493796511553228, 55.116895037703216], [-1.7493796511553228, 55.117613720940426], [-1.7487619323655963, 55.11797306255903], [-1.7450556196272373, 55.11797306255903], [-1.7444379008375108, 55.118332404177636], [-1.7444379008375108, 55.119051087414846], [-1.7438201820477843, 55.11941042903345], [-1.7401138693094254, 55.11941042903345], [-1.7394961505196989, 55.119769770652056], [-1.7394961505196989, 55.124081870075315], [-1.7407315880991518, 55.124800553312525], [-1.7407315880991518, 55.125519236549735], [-1.7419670256786048, 55.126237919786945], [-1.7394961505196989, 55.127675286261365], [-1.7407315880991518, 55.128393969498575], [-1.7401138693094254, 55.12875331111718], [-1.7339366814121604, 55.12875331111718], [-1.733318962622434, 55.129112652735785], [-1.733318962622434, 55.129831335972995], [-1.732083525042981, 55.130550019210204], [-1.732083525042981, 55.131987385684624], [-1.730848087463528, 55.132706068921834], [-1.730848087463528, 55.134862118633464], [-1.729612649884075, 55.135580801870674], [-1.729612649884075, 55.137736851582304], [-1.728377212304622, 55.138455534819514], [-1.728377212304622, 55.13989290129393], [-1.727141774725169, 55.14061158453114], [-1.727141774725169, 55.14204895100556], [-1.727089872274466, 55.142079143887756], [-1.725526744071715, 55.142382235439534], [-1.7253665327249028, 55.14240829262417], [-1.7252886183559895, 55.14240829262417], [-1.7252583803091275, 55.14242588281065], [-1.724758716776858, 55.14250714936994], [-1.724398723160248, 55.142563142616645], [-1.721299363704323, 55.14318210207461], [-1.721324043652126, 55.14322043977435], [-1.719842371482522, 55.14353336343599], [-1.716089159629171, 55.14428767263035], [-1.71358583224136, 55.14476547147522], [-1.711198531634091, 55.14522363856607], [-1.71108108619228, 55.14524571839182], [-1.71108108619228, 55.1449236839544], [-1.7104633674025536, 55.1445643423358], [-1.7079924922436476, 55.1445643423358], [-1.7055216170847416, 55.14312697586138], [-1.7042861795052886, 55.14384565909859], [-1.7030507419258356, 55.14384565909859], [-1.7024330231361091, 55.14420500071719], [-1.703668460715562, 55.1449236839544], [-1.703668460715562, 55.14564236719161], [-1.7024330231361091, 55.14636105042882], [-1.7030507419258356, 55.14672039204743], [-1.7031027331326096, 55.14672039204743], [-1.6954664324718138, 55.14805788589482], [-1.6931672412902117, 55.14672039204743], [-1.6919318037107587, 55.14672039204743], [-1.6906963661313057, 55.14600170881022], [-1.6894609285518527, 55.14600170881022], [-1.6888432097621262, 55.14564236719161], [-1.6888432097621262, 55.14348631747998], [-1.6876077721826732, 55.14276763424277], [-1.6876077721826732, 55.14204895100556], [-1.6882254909723997, 55.14168960938696], [-1.6894609285518527, 55.14168960938696], [-1.6900786473415792, 55.14133026776835], [-1.6900786473415792, 55.14061158453114], [-1.6882254909723997, 55.13953355967533], [-1.6869900533929467, 55.13953355967533], [-1.6863723346032202, 55.13917421805672], [-1.6869900533929467, 55.13881487643812], [-1.6894609285518527, 55.13881487643812], [-1.6906963661313057, 55.13809619320091], [-1.6931672412902117, 55.13809619320091], [-1.6937849600799382, 55.137736851582304], [-1.6937849600799382, 55.134862118633464], [-1.6919318037107587, 55.13378409377765], [-1.6906963661313057, 55.13450277701486], [-1.6888432097621262, 55.133424752159044], [-1.6888432097621262, 55.132706068921834], [-1.6882254909723997, 55.13234672730323], [-1.6869900533929467, 55.13234672730323], [-1.6857546158134937, 55.13162804406602], [-1.6832837406545877, 55.13162804406602], [-1.6820483030751348, 55.13090936082881], [-1.6808128654956818, 55.13090936082881], [-1.6795774279162288, 55.1301906775916], [-1.6783419903367758, 55.1301906775916], [-1.6771065527573228, 55.12947199435439], [-1.6758711151778698, 55.1301906775916], [-1.6752533963881433, 55.129831335972995], [-1.6752533963881433, 55.126237919786945], [-1.6740179588086903, 55.125519236549735], [-1.6740179588086903, 55.124800553312525], [-1.6727825212292373, 55.124081870075315], [-1.6777242715470493, 55.121207137126476], [-1.6777242715470493, 55.119769770652056], [-1.6764888339675963, 55.119051087414846], [-1.6764888339675963, 55.118332404177636], [-1.6758711151778698, 55.11797306255903], [-1.6721648024395108, 55.11797306255903], [-1.6709293648600578, 55.11725437932182], [-1.6696939272806048, 55.11797306255903], [-1.6666053333319724, 55.116176354466006], [-1.6666053333319724, 55.114020304754376], [-1.6659876145422459, 55.11366096313577], [-1.6653698957525194, 55.114020304754376], [-1.6653698957525194, 55.114738987991586], [-1.6647521769627929, 55.11509832961019], [-1.6635167393833399, 55.11509832961019], [-1.6628990205936134, 55.115457671228796], [-1.6641344581730664, 55.116176354466006], [-1.6641344581730664, 55.116895037703216], [-1.6653698957525194, 55.117613720940426], [-1.6647521769627929, 55.11797306255903], [-1.6635167393833399, 55.11797306255903], [-1.6628990205936134, 55.118332404177636], [-1.6641344581730664, 55.119051087414846], [-1.6641344581730664, 55.119769770652056], [-1.6647521769627929, 55.12012911227066], [-1.6659876145422459, 55.12012911227066], [-1.6666053333319724, 55.120488453889266], [-1.6666053333319724, 55.121207137126476], [-1.6653698957525194, 55.121925820363685], [-1.6653698957525194, 55.122644503600895], [-1.6641344581730664, 55.123363186838105], [-1.6641344581730664, 55.124081870075315], [-1.6635167393833399, 55.12444121169392], [-1.659810426644981, 55.12228516198229], [-1.658574989065528, 55.1230038452195], [-1.657339551486075, 55.1230038452195], [-1.656104113906622, 55.12372252845671], [-1.654868676327169, 55.12372252845671], [-1.653633238747716, 55.12444121169392], [-1.652397801168263, 55.12444121169392], [-1.6517800823785365, 55.124081870075315], [-1.6517800823785365, 55.123363186838105], [-1.65116236358881, 55.1230038452195], [-1.6505446447990835, 55.123363186838105], [-1.6505446447990835, 55.124081870075315], [-1.649926926009357, 55.12444121169392], [-1.644985175691545, 55.12444121169392], [-1.643749738112092, 55.12372252845671], [-1.642514300532639, 55.12372252845671], [-1.641278862953186, 55.12444121169392], [-1.63880798779428, 55.12444121169392], [-1.6381902690045536, 55.124800553312525], [-1.6381902690045536, 55.126237919786945], [-1.63880798779428, 55.12659726140555], [-1.640043425373733, 55.12659726140555], [-1.6406611441634595, 55.126956603024155], [-1.6406611441634595, 55.127675286261365], [-1.640043425373733, 55.12803462787997], [-1.63880798779428, 55.12803462787997], [-1.6381902690045536, 55.128393969498575], [-1.6381902690045536, 55.129831335972995], [-1.63880798779428, 55.1301906775916], [-1.640043425373733, 55.12947199435439], [-1.641278862953186, 55.12947199435439], [-1.6418965817429125, 55.129831335972995], [-1.6418965817429125, 55.131268702447414], [-1.640043425373733, 55.13234672730323], [-1.63880798779428, 55.13234672730323], [-1.6381902690045536, 55.132706068921834], [-1.6381902690045536, 55.133424752159044], [-1.6394257065840065, 55.134143435396254], [-1.6394257065840065, 55.134862118633464], [-1.640043425373733, 55.13522146025207], [-1.641278862953186, 55.13522146025207], [-1.6418965817429125, 55.135580801870674], [-1.6406611441634595, 55.136299485107884], [-1.6406611441634595, 55.137018168345094], [-1.6381902690045536, 55.138455534819514], [-1.6406611441634595, 55.13989290129393], [-1.6406611441634595, 55.14061158453114], [-1.641278862953186, 55.14097092614975], [-1.643749738112092, 55.14097092614975], [-1.6443674569018185, 55.14133026776835], [-1.6443674569018185, 55.14204895100556], [-1.644985175691545, 55.14240829262417], [-1.6468383320607245, 55.14133026776835], [-1.6456028944812715, 55.14061158453114], [-1.6456028944812715, 55.13989290129393], [-1.646220613270998, 55.13953355967533], [-1.6480737696401775, 55.14061158453114], [-1.6480737696401775, 55.14276763424277], [-1.6493092072196305, 55.14348631747998], [-1.6493092072196305, 55.14636105042882], [-1.647456050850451, 55.14743907528464], [-1.644985175691545, 55.14743907528464], [-1.6431320193223655, 55.14851710014045], [-1.6431320193223655, 55.15067314985208], [-1.6418965817429125, 55.15139183308929], [-1.6418965817429125, 55.15154508294151], [-1.633360956870624, 55.151222851268926], [-1.621441412738444, 55.15010944721766], [-1.60976309518444, 55.14834782850343], [-1.6035051534440001, 55.14702571286891], [-1.6023625792004168, 55.14636105042882], [-1.6035980167798698, 55.14564236719161], [-1.6035980167798698, 55.14420500071719], [-1.6029802979901433, 55.14384565909859], [-1.6017448604106903, 55.14384565909859], [-1.6005094228312373, 55.14312697586138], [-1.5968031100928783, 55.14312697586138], [-1.5961853913031518, 55.14348631747998], [-1.5961853913031518, 55.14533342905935], [-1.587556355222586, 55.14295056508285], [-1.577231932647767, 55.13936454655099], [-1.567554839670163, 55.13522910263817], [-1.567318136371121, 55.13510610494154], [-1.567082282409889, 55.13508782953188], [-1.566952663095267, 55.135072702606266], [-1.566960084540924, 55.135051830450124], [-1.565999290470164, 55.13502315086823], [-1.554134199334247, 55.13401509022348], [-1.550832735890716, 55.133547386420716], [-1.547619477277762, 55.133753325007454], [-1.542846324026736, 55.133785967677255], [-1.532140807488463, 55.13762747839096], [-1.531886428078406, 55.13770840466268], [-1.52339357512731, 55.140174456300265], [-1.522990215524174, 55.14028079916774], [-1.522050094588275, 55.14052850010673], [-1.510878348555858, 55.14310887324498], [-1.499326877445998, 55.14506646099529], [-1.493521963897818, 55.14571304890859], [-1.490588242341418, 55.14627654263608], [-1.479207610298336, 55.147808437758805], [-1.467627742650556, 55.148729743832796], [-1.467602998535121, 55.148731046062416], [-1.453592768681917, 55.14901991683244], [-1.439613266601937, 55.14841581908839], [-1.425837782463112, 55.14692624330831], [-1.425795312742079, 55.14692023269272], [-1.413707859985736, 55.14483651444099], [-1.402045685325968, 55.14207071207527], [-1.390925866380586, 55.138650616331496], [-1.38045995206584, 55.134610583849096], [-1.374013566210381, 55.13154310101383], [-1.372273258631707, 55.13085409540585], [-1.37187862008546, 55.13068264991121], [-1.367277776529422, 55.128585179850354], [-1.367179135721609, 55.12853801482555], [-1.359050595262404, 55.12429296682101], [-1.351599724880227, 55.11965797919321], [-1.351524860728135, 55.119607120463144], [-1.345587961399884, 55.11524509621535], [-1.340251555473553, 55.11063542987034], [-1.340083124089021, 55.11047708261677], [-1.333694861850742, 55.103677869284404], [-1.333638813126278, 55.103609717481845], [-1.329089516717215, 55.09732671381071], [-1.328875294106277, 55.096986408445154], [-1.328317443308135, 55.096081436655545], [-1.32820791911176, 55.09589993121436], [-1.323624129291114, 55.086142039720826], [-1.323592603850124, 55.0860496084586], [-1.321994909187429, 55.079838083852266], [-1.318996517700036, 55.077305128432194], [-1.314012435456128, 55.072268666394905], [-1.313951873895061, 55.072201311392384], [-1.309281719026878, 55.06638853035162], [-1.305594424466418, 55.06046985063001], [-1.299235137643062, 55.05568287767271], [-1.299161821055126, 55.0556218158624], [-1.292588787256842, 55.04951913612348], [-1.287103486853615, 55.04307223716709], [-1.282759522978047, 55.03634474935797], [-1.282209665547398, 55.03513716728323], [-1.279547956584645, 55.030610507274666], [-1.27878412860237, 55.02859626710192], [-1.278080619930722, 55.02803254661098], [-1.278125814442227, 55.02801393514947], [-1.27388913910806, 55.02467028193094], [-1.273588891569633, 55.024376236727456], [-1.270658163708995, 55.02288854110832], [-1.27051186526637, 55.02280443490339], [-1.262214509578004, 55.01753995997923], [-1.254858199709591, 55.011832709677584], [-1.248513718054659, 55.005737921929395], [-1.243241969010355, 54.99931455936171], [-1.239521293916411, 54.99331484385863], [-1.2359263079093, 54.98833680832908], [-1.23221696923388, 54.981200717582105], [-1.231850139423733, 54.98008804246671], [-1.23131508253095, 54.97903166627434], [-1.230905195978257, 54.97772107660165], [-1.228979202196657, 54.97360620573804], [-1.228843859938567, 54.9732434724224], [-1.226665661614722, 54.96524406254254], [-1.226056147609292, 54.957154688845414], [-1.226076706559333, 54.9569827832458], [-1.2260001119846, 54.95622576031582], [-1.226423384324445, 54.94943447118868], [-1.227213358609755, 54.94595272119865], [-1.227360414351794, 54.94448078564379], [-1.228324015884405, 54.940908593807166], [-1.228775551232993, 54.938358226628374], [-1.229512173544441, 54.936255828860816], [-1.22776950380395, 54.930846330931594], [-1.22776378005315, 54.93082122529025], [-1.226822824252898, 54.924663403421704], [-1.226798669778004, 54.918481794383496], [-1.226801075945323, 54.918447597102585], [-1.226815816362816, 54.91834391495384], [-1.225265675292141, 54.91158891031091], [-1.225257950795489, 54.91153200283004], [-1.224896645414412, 54.904582881422286], [-1.225695109863999, 54.89764587807723], [-1.227645371674269, 54.890785096853854], [-1.227722404161881, 54.89061721372766], [-1.227610251006896, 54.89046173879081], [-1.223936924117286, 54.88342691738036], [-1.221521778971969, 54.87621346822484], [-1.220389092263427, 54.868895928013856], [-1.220549863925591, 54.861549868503246], [-1.221022433229912, 54.85917449294248], [-1.221619524904511, 54.853065339385054], [-1.223605685348827, 54.845846262724955], [-1.22684375843205, 54.83877969169384], [-1.231300057300741, 54.831937737498976], [-1.236928528280086, 54.82539018384165], [-1.24367124234552, 54.81920377922588], [-1.251459003737777, 54.813441561360655], [-1.260212068841454, 54.80816222029474], [-1.269840967519029, 54.80341950649453], [-1.280247418261039, 54.79926168959743], [-1.291325327778641, 54.79573107304828], [-1.295562815151068, 54.79468703776717], [-1.297694230984702, 54.7935086350784], [-1.298935471644004, 54.7916178323055], [-1.300899096510787, 54.78602932649395], [-1.303822641463332, 54.78023565946273], [-1.303855788337667, 54.78017889195666], [-1.30749838892497, 54.77468755137636], [-1.311899835943749, 54.769385332924585], [-1.311979204448726, 54.76929890512026], [-1.318434545670684, 54.76304944100148], [-1.32594171604873, 54.75720646723559], [-1.334424446528308, 54.75182900916682], [-1.343796715620634, 54.7469713676206], [-1.353963623327188, 54.74268257643431], [-1.36482234958242, 54.73900591331988], [-1.365427616360978, 54.73884578766505], [-1.366466001221494, 54.738496957110094], [-1.377408585281261, 54.73522616568087], [-1.388852897936534, 54.732593463056745], [-1.40068824258066, 54.73062429710824], [-1.409032357449442, 54.729738078419835], [-1.415082498108573, 54.72883676901337], [-1.426778662390889, 54.72776345037213], [-1.43859753438481, 54.727334678853765], [-1.450433499531602, 54.72755428740775], [-1.45358540719132, 54.727786765899474], [-1.460903046425312, 54.72781557345918], [-1.466281347514923, 54.72730377697732], [-1.466400240101539, 54.72729519162635], [-1.47447636818013, 54.72686525804178], [-1.47465644842763, 54.72685906830462], [-1.492431212429634, 54.7269799799361], [-1.492641042128535, 54.726990061346775], [-1.493975884864696, 54.72708387228892], [-1.496762432870682, 54.72706795317026], [-1.497198059021766, 54.727081028411554], [-1.510195163533885, 54.72786645933397], [-1.522980307468381, 54.729431924797225], [-1.535414321640169, 54.731760389140604], [-1.537498566512326, 54.7322215198925], [-1.546704657911333, 54.73450650768987], [-1.547105661735176, 54.73461722962134], [-1.557159467598634, 54.737725876528245], [-1.566683575720808, 54.741350926917946], [-1.566974179357197, 54.741472851649306], [-1.576790537294198, 54.74604446620443], [-1.585763573878532, 54.75116399164899], [-1.586301890667528, 54.751540052186016], [-1.586301890667528, 54.75252263643779], [-1.5856841718778014, 54.752881978056394], [-1.5844487342983484, 54.752881978056394], [-1.583831015508622, 54.753241319675], [-1.583831015508622, 54.75396000291221], [-1.5844487342983484, 54.75431934453081], [-1.5856841718778014, 54.7536006612936], [-1.587537328246981, 54.75467868614942], [-1.5869196094572544, 54.75503802776802], [-1.5844487342983484, 54.75503802776802], [-1.582595577929169, 54.75611605262384], [-1.5832132967188954, 54.75647539424244], [-1.5844487342983484, 54.75647539424244], [-1.585066453088075, 54.75683473586105], [-1.585066453088075, 54.75755341909826], [-1.5832132967188954, 54.75863144395407], [-1.5819778591394424, 54.75791276071686], [-1.5807424215599895, 54.75791276071686], [-1.5795069839805365, 54.75863144395407], [-1.5782715464010835, 54.75863144395407], [-1.577653827611357, 54.75899078557268], [-1.577653827611357, 54.7604281520471], [-1.5770361088216305, 54.7607874936657], [-1.5758006712421775, 54.7607874936657], [-1.573947514872998, 54.76186551852152], [-1.573947514872998, 54.76258420175873], [-1.572712077293545, 54.76330288499594], [-1.573947514872998, 54.76402156823315], [-1.5733297960832715, 54.76438090985175], [-1.5720943585038185, 54.76438090985175], [-1.5708589209243655, 54.76366222661454], [-1.5683880457654595, 54.76509959308896], [-1.5671526081860065, 54.76509959308896], [-1.565299451816827, 54.76617761794478], [-1.565299451816827, 54.76689630118199], [-1.564064014237374, 54.7676149844192], [-1.5646817330271006, 54.7679743260378], [-1.5659171706065536, 54.7679743260378], [-1.56653488939628, 54.76833366765641], [-1.56653488939628, 54.76905235089362], [-1.5659171706065536, 54.76941169251222], [-1.5646817330271006, 54.76941169251222], [-1.561593139078468, 54.771208400605246], [-1.561593139078468, 54.771927083842456], [-1.5597399827092886, 54.77300510869827], [-1.5585045451298356, 54.77300510869827], [-1.557886826340109, 54.773364450316876], [-1.5585045451298356, 54.77372379193548], [-1.5597399827092886, 54.77372379193548], [-1.560357701499015, 54.774083133554086], [-1.560357701499015, 54.774801816791296], [-1.5597399827092886, 54.7751611584099], [-1.5572691075503826, 54.7751611584099], [-1.5566513887606561, 54.774801816791296], [-1.5566513887606561, 54.774083133554086], [-1.5560336699709296, 54.77372379193548], [-1.5547982323914766, 54.77444247517269], [-1.5535627948120236, 54.77444247517269], [-1.5510919196531177, 54.77587984164711], [-1.5498564820736647, 54.7751611584099], [-1.5492387632839382, 54.775520500028506], [-1.5492387632839382, 54.776957866502926], [-1.5486210444942117, 54.77731720812153], [-1.5473856069147587, 54.77659852488432], [-1.5461501693353057, 54.77659852488432], [-1.5455324505455792, 54.776957866502926], [-1.5461501693353057, 54.77731720812153], [-1.5473856069147587, 54.77731720812153], [-1.5480033257044852, 54.777676549740136], [-1.5473856069147587, 54.77803589135874], [-1.5449147317558527, 54.77803589135874], [-1.5436792941763997, 54.77875457459595], [-1.5424438565969467, 54.77875457459595], [-1.5418261378072202, 54.779113916214556], [-1.5418261378072202, 54.779832599451765], [-1.5387375438585877, 54.78162930754479], [-1.5362666686996818, 54.78162930754479], [-1.5350312311202288, 54.782347990782], [-1.5337957935407758, 54.782347990782], [-1.5331780747510493, 54.782707332400605], [-1.5331780747510493, 54.784144698875025], [-1.5325603559613228, 54.78450404049363], [-1.5313249183818698, 54.78450404049363], [-1.5300894808024168, 54.78378535725642], [-1.5294717620126903, 54.784144698875025], [-1.5307071995921433, 54.784863382112235], [-1.5282363244332373, 54.786300748586655], [-1.5288540432229638, 54.78666009020526], [-1.5300894808024168, 54.78666009020526], [-1.5313249183818698, 54.78594140696805], [-1.5337957935407758, 54.78594140696805], [-1.5350312311202288, 54.78666009020526], [-1.5362666686996818, 54.78594140696805], [-1.5375021062791348, 54.78594140696805], [-1.5381198250688612, 54.785582065349445], [-1.5381198250688612, 54.784863382112235], [-1.5393552626483142, 54.784144698875025], [-1.5393552626483142, 54.783426015637815], [-1.5399729814380407, 54.78306667401921], [-1.5412084190174937, 54.78306667401921], [-1.5424438565969467, 54.78378535725642], [-1.5436792941763997, 54.78378535725642], [-1.5461501693353057, 54.782347990782], [-1.5467678881250322, 54.782707332400605], [-1.5467678881250322, 54.783426015637815], [-1.5473856069147587, 54.78378535725642], [-1.5486210444942117, 54.78306667401921], [-1.5498564820736647, 54.78306667401921], [-1.5510919196531177, 54.78378535725642], [-1.5535627948120236, 54.78378535725642], [-1.5541805136017501, 54.784144698875025], [-1.5529450760222971, 54.784863382112235], [-1.5529450760222971, 54.785582065349445], [-1.5535627948120236, 54.78594140696805], [-1.5547982323914766, 54.78522272373084], [-1.5572691075503826, 54.78522272373084], [-1.557886826340109, 54.784863382112235], [-1.557886826340109, 54.783426015637815], [-1.5585045451298356, 54.78306667401921], [-1.5634462954476476, 54.78306667401921], [-1.5646817330271006, 54.78378535725642], [-1.5659171706065536, 54.78306667401921], [-1.5683880457654595, 54.78306667401921], [-1.569005764555186, 54.783426015637815], [-1.569005764555186, 54.784144698875025], [-1.5708589209243655, 54.78522272373084], [-1.5720943585038185, 54.78522272373084], [-1.5733297960832715, 54.78450404049363], [-1.5758006712421775, 54.78450404049363], [-1.576418390031904, 54.784863382112235], [-1.576418390031904, 54.785582065349445], [-1.575182952452451, 54.786300748586655], [-1.575182952452451, 54.790612848009914], [-1.5770361088216305, 54.79169087286573], [-1.5782715464010835, 54.79169087286573], [-1.5795069839805365, 54.79240955610294], [-1.5807424215599895, 54.79240955610294], [-1.581360140349716, 54.792768897721544], [-1.5807424215599895, 54.79312823934015], [-1.5782715464010835, 54.79312823934015], [-1.5770361088216305, 54.79240955610294], [-1.5745652336627245, 54.79240955610294], [-1.5733297960832715, 54.79169087286573], [-1.5696234833449125, 54.79169087286573], [-1.5646817330271006, 54.79456560581457], [-1.5634462954476476, 54.79456560581457], [-1.561593139078468, 54.795643630670384], [-1.561593139078468, 54.79636231390759], [-1.560357701499015, 54.7970809971448], [-1.560357701499015, 54.79779968038201], [-1.561593139078468, 54.79851836361922], [-1.561593139078468, 54.79995573009364], [-1.560357701499015, 54.80067441333085], [-1.560357701499015, 54.80139309656806], [-1.561593139078468, 54.80211177980527], [-1.561593139078468, 54.8042678295169], [-1.5646817330271006, 54.80606453760993], [-1.5659171706065536, 54.80606453760993], [-1.5671526081860065, 54.80678322084714], [-1.5683880457654595, 54.80606453760993], [-1.5696234833449125, 54.80606453760993], [-1.570241202134639, 54.80570519599132], [-1.570241202134639, 54.80498651275411], [-1.5708589209243655, 54.80462717113551], [-1.5720943585038185, 54.80462717113551], [-1.5733297960832715, 54.8039084878983], [-1.5745652336627245, 54.8039084878983], [-1.5758006712421775, 54.80462717113551], [-1.5770361088216305, 54.80462717113551], [-1.577653827611357, 54.8042678295169], [-1.576418390031904, 54.80354914627969], [-1.5770361088216305, 54.80318980466109], [-1.5782715464010835, 54.80318980466109], [-1.5795069839805365, 54.80247112142388], [-1.5819778591394424, 54.80247112142388], [-1.582595577929169, 54.80283046304248], [-1.582595577929169, 54.80498651275411], [-1.5819778591394424, 54.80534585437272], [-1.581360140349716, 54.80498651275411], [-1.581360140349716, 54.8042678295169], [-1.5807424215599895, 54.8039084878983], [-1.580124702770263, 54.8042678295169], [-1.580124702770263, 54.80498651275411], [-1.5819778591394424, 54.80606453760993], [-1.5844487342983484, 54.80606453760993], [-1.585066453088075, 54.80642387922853], [-1.585066453088075, 54.80714256246574], [-1.583831015508622, 54.80786124570295], [-1.583831015508622, 54.80857992894016], [-1.5844487342983484, 54.80893927055877], [-1.5869196094572544, 54.80893927055877], [-1.5881550470367074, 54.80965795379598], [-1.5900082034058869, 54.80857992894016], [-1.588772765826434, 54.80786124570295], [-1.5906259221956134, 54.80678322084714], [-1.5918613597750664, 54.80678322084714], [-1.5937145161442459, 54.80570519599132], [-1.5937145161442459, 54.80498651275411], [-1.5943322349339724, 54.80462717113551], [-1.5955676725134254, 54.80462717113551], [-1.5961853913031518, 54.8042678295169], [-1.5961853913031518, 54.80067441333085], [-1.5974208288826048, 54.79995573009364], [-1.5974208288826048, 54.79923704685643], [-1.5992739852517843, 54.79815902200062], [-1.6005094228312373, 54.79815902200062], [-1.6011271416209638, 54.79779968038201], [-1.5986562664620578, 54.79636231390759], [-1.5992739852517843, 54.79600297228899], [-1.6017448604106903, 54.79600297228899], [-1.6029802979901433, 54.7967216555262], [-1.6054511731490493, 54.7967216555262], [-1.6066866107285023, 54.79600297228899], [-1.6079220483079553, 54.79600297228899], [-1.6085397670976818, 54.795643630670384], [-1.6085397670976818, 54.794924947433174], [-1.6097752046771348, 54.794206264195964], [-1.6085397670976818, 54.793487580958754], [-1.6085397670976818, 54.792768897721544], [-1.6073043295182288, 54.792050214484334], [-1.6073043295182288, 54.790612848009914], [-1.6085397670976818, 54.789894164772704], [-1.6085397670976818, 54.787738115061074], [-1.6079220483079553, 54.78737877344247], [-1.6054511731490493, 54.78737877344247], [-1.6035980167798698, 54.788456798298284], [-1.6035980167798698, 54.789175481535494], [-1.6029802979901433, 54.7895348231541], [-1.6017448604106903, 54.7895348231541], [-1.6011271416209638, 54.789175481535494], [-1.6011271416209638, 54.786300748586655], [-1.5998917040415108, 54.785582065349445], [-1.6011271416209638, 54.784863382112235], [-1.5998917040415108, 54.784144698875025], [-1.5998917040415108, 54.779832599451765], [-1.5980385476723313, 54.77875457459595], [-1.5974208288826048, 54.779113916214556], [-1.5974208288826048, 54.779832599451765], [-1.5968031100928783, 54.78019194107037], [-1.5955676725134254, 54.78019194107037], [-1.5937145161442459, 54.779113916214556], [-1.5937145161442459, 54.777676549740136], [-1.5955676725134254, 54.77659852488432], [-1.5961853913031518, 54.776957866502926], [-1.5961853913031518, 54.777676549740136], [-1.5968031100928783, 54.77803589135874], [-1.5992739852517843, 54.77803589135874], [-1.5998917040415108, 54.777676549740136], [-1.5998917040415108, 54.775520500028506], [-1.6011271416209638, 54.774801816791296], [-1.6011271416209638, 54.774083133554086], [-1.5998917040415108, 54.773364450316876], [-1.5998917040415108, 54.771927083842456], [-1.6005094228312373, 54.77156774222385], [-1.6029802979901433, 54.77156774222385], [-1.6035980167798698, 54.771208400605246], [-1.6023625792004168, 54.77048971736804], [-1.6023625792004168, 54.76617761794478], [-1.6034421934705925, 54.765549580809164], [-1.606905362717111, 54.76925050586232], [-1.611310839598539, 54.775158490816224], [-1.614791668369396, 54.781269351202035], [-1.617319917315989, 54.78753479392192], [-1.618875151676362, 54.793905281748565], [-1.61892476283026, 54.79420403328072], [-1.619476171203013, 54.7997916875698], [-1.619368051226844, 54.802844042700706], [-1.622517159473638, 54.807584643910225], [-1.626863904424482, 54.80713973581584], [-1.637064204030912, 54.806586503386534], [-1.637453275679501, 54.8065746356764], [-1.638090839173015, 54.806555268384486], [-1.654038679492899, 54.80665738471475], [-1.654705895959546, 54.806686231882274], [-1.666951697575097, 54.807642762350554], [-1.66758258406308, 54.807672345815995], [-1.668151966879174, 54.80773644755616], [-1.669533334253053, 54.80784425287393], [-1.669606311200678, 54.80785253825048], [-1.670843335714114, 54.808039405914], [-1.68127655425663, 54.80921323154923], [-1.681338653590043, 54.80922231575843], [-1.691095489514499, 54.81089563455421], [-1.70058570897683, 54.813020419972545], [-1.700640136805321, 54.81303409758521], [-1.716900973694111, 54.81796732237196], [-1.716953724957677, 54.81798629368974], [-1.726140689584707, 54.821626824167645], [-1.734732605166967, 54.8257238575018], [-1.734777594560882, 54.82574732654711], [-1.742914752591794, 54.83039864256136], [-1.749970715199066, 54.83524401269013], [-1.750577237115005, 54.83517043800942], [-1.750764112813714, 54.83515466546095], [-1.756262961636041, 54.83485167170043], [-1.762392411978171, 54.833704284959666], [-1.762518609064052, 54.83368481823516], [-1.774107260746841, 54.83223196303229], [-1.774216273554203, 54.83222138143299], [-1.785438121165305, 54.831430189483605], [-1.785593844629635, 54.83142330146576], [-1.793330514698738, 54.8312194529545], [-1.793506399749911, 54.831217955354056], [-1.808397769398701, 54.83160228726114], [-1.80876352514655, 54.83162434770375], [-1.819454386877547, 54.83253926853489], [-1.824306703518627, 54.833205080811155], [-1.824594839773808, 54.83322742740325], [-1.83391900130055, 54.83375402643821], [-1.834887931727647, 54.83378903382874], [-1.835430277638135, 54.83383930980706], [-1.835452844178034, 54.8338405831222], [-1.835796850528458, 54.833871628126246], [-1.83590952023811, 54.83388373392884], [-1.84684840266532, 54.83489718943565], [-1.858568469782658, 54.83666583851147], [-1.869939070897225, 54.83907852823602], [-1.880854345081806, 54.842112811005784], [-1.8818561353954, 54.842426519805116], [-1.892638327758094, 54.84621985595758], [-1.89530572753373, 54.847385623291395], [-1.897098753816246, 54.84775961302665], [-1.897620147886056, 54.84788670430549], [-1.900999386770374, 54.84874439074103], [-1.901242174550915, 54.84880848685381], [-1.913207389383905, 54.85242849790666], [-1.924430058211995, 54.856769585593796], [-1.925220768381413, 54.857112397737396], [-1.936703240108749, 54.86274302037726], [-1.937252686062715, 54.86304703003358], [-1.94721808600513, 54.869244090289754], [-1.955864629383556, 54.87606884568829], [-1.957732993758172, 54.877740136444665], [-1.958583654444247, 54.87851168178782], [-1.958993159328456, 54.878888326263386], [-1.964849660043422, 54.88489142753135], [-1.969690532908397, 54.89118832855751], [-1.973471470059987, 54.89772202329977], [-1.973547801680562, 54.89787834827833], [-1.97595153512018, 54.903720592250764], [-1.977506428495336, 54.90965758582822], [-1.978201393599088, 54.91564842770414], [-1.978207529557164, 54.91578862178471], [-1.977912099163569, 54.92289253739695], [-1.976407161834673, 54.9299454291074], [-1.973706631404922, 54.93687914167855], [-1.969836009425048, 54.94362663699106], [-1.969604791986068, 54.94392685488501], [-1.969352804384158, 54.94435928930179]], [[-1.945196507498622, 54.96489353303332], [-1.942725632339716, 54.96489353303332], [-1.9421079135499895, 54.965252874651924], [-1.9421079135499895, 54.966690241126344], [-1.9408724759705365, 54.96740892436355], [-1.9408724759705365, 54.96812760760076], [-1.94025475718081, 54.96848694921937], [-1.937783882021904, 54.96848694921937], [-1.936548444442451, 54.96920563245658], [-1.935313006862998, 54.96920563245658], [-1.9346952880732715, 54.96956497407518], [-1.9359307256527245, 54.97028365731239], [-1.9359307256527245, 54.97387707349844], [-1.936548444442451, 54.97423641511705], [-1.941490194760263, 54.97423641511705], [-1.9421079135499895, 54.97459575673565], [-1.9421079135499895, 54.97531443997286], [-1.942725632339716, 54.97567378159147], [-1.9458142262883484, 54.97387707349844], [-1.9458142262883484, 54.97315839026123], [-1.9495205390267074, 54.9710023405496], [-1.9495205390267074, 54.97028365731239], [-1.950138257816434, 54.96992431569379], [-1.95260913297534, 54.96992431569379], [-1.9532268517650664, 54.96956497407518], [-1.9532268517650664, 54.96812760760076], [-1.9519914141856134, 54.96740892436355], [-1.9519914141856134, 54.966690241126344], [-1.951373695395887, 54.96633089950774], [-1.950138257816434, 54.96704958274495], [-1.946431945078075, 54.96704958274495], [-1.9458142262883484, 54.966690241126344], [-1.9458142262883484, 54.965252874651924], [-1.945196507498622, 54.96489353303332]], [[-1.921723193489015, 54.97136168216821], [-1.9192523183301091, 54.97279904864263], [-1.9180168807506561, 54.97208036540542], [-1.9167814431712031, 54.97208036540542], [-1.9161637243814766, 54.97172102378681], [-1.9161637243814766, 54.9710023405496], [-1.9155460055917501, 54.970642998931], [-1.9149282868020236, 54.9710023405496], [-1.9149282868020236, 54.97459575673565], [-1.9130751304328442, 54.97567378159147], [-1.9118396928533912, 54.97567378159147], [-1.9106042552739382, 54.97495509835426], [-1.9056625049561262, 54.97495509835426], [-1.9044270673766732, 54.97567378159147], [-1.9031916297972202, 54.97495509835426], [-1.9019561922177672, 54.97495509835426], [-1.9013384734280407, 54.97531443997286], [-1.9013384734280407, 54.97603312321007], [-1.9001030358485878, 54.97675180644728], [-1.9001030358485878, 54.9781891729217], [-1.9007207546383142, 54.97854851454031], [-1.9044270673766732, 54.97854851454031], [-1.9062802237458527, 54.97962653939612], [-1.9062802237458527, 54.98034522263333], [-1.9056625049561262, 54.98070456425194], [-1.9031916297972202, 54.98070456425194], [-1.9019561922177672, 54.98142324748915], [-1.9007207546383142, 54.98142324748915], [-1.9001030358485878, 54.98106390587054], [-1.9001030358485878, 54.97962653939612], [-1.8982498794794083, 54.97854851454031], [-1.8970144418999553, 54.97926719777752], [-1.8945435667410493, 54.97926719777752], [-1.8939258479513228, 54.97890785615891], [-1.8939258479513228, 54.9781891729217], [-1.8933081291615963, 54.9778298313031], [-1.8920726915821433, 54.9778298313031], [-1.8908372540026903, 54.97711114806589], [-1.8896018164232373, 54.97711114806589], [-1.8889840976335108, 54.97747048968449], [-1.8889840976335108, 54.97890785615891], [-1.8902195352129638, 54.97962653939612], [-1.8902195352129638, 54.98106390587054], [-1.8896018164232373, 54.98142324748915], [-1.8883663788437843, 54.98070456425194], [-1.8877486600540578, 54.98106390587054], [-1.8877486600540578, 54.98178258910775], [-1.8883663788437843, 54.98214193072636], [-1.8896018164232373, 54.98214193072636], [-1.8902195352129638, 54.98250127234496], [-1.8902195352129638, 54.98321995558217], [-1.8889840976335108, 54.98393863881938], [-1.8889840976335108, 54.98465732205659], [-1.8883663788437843, 54.9850166636752], [-1.8871309412643313, 54.9850166636752], [-1.8858955036848783, 54.98429798043799], [-1.8852777848951519, 54.98465732205659], [-1.8852777848951519, 54.9853760052938], [-1.8865132224746048, 54.98609468853101], [-1.8865132224746048, 54.98681337176822], [-1.8871309412643313, 54.987172713386826], [-1.8908372540026903, 54.987172713386826], [-1.8933081291615963, 54.985735346912406], [-1.8945435667410493, 54.985735346912406], [-1.8951612855307758, 54.98609468853101], [-1.8951612855307758, 54.98825073824264], [-1.8957790043205023, 54.988610079861246], [-1.9031916297972202, 54.988610079861246], [-1.9038093485869467, 54.98825073824264], [-1.9038093485869467, 54.98753205500543], [-1.9044270673766732, 54.987172713386826], [-1.9068979425355792, 54.987172713386826], [-1.9081333801150322, 54.986454030149616], [-1.9106042552739382, 54.986454030149616], [-1.9118396928533912, 54.985735346912406], [-1.9130751304328442, 54.985735346912406], [-1.9143105680122972, 54.9850166636752], [-1.9155460055917501, 54.9850166636752], [-1.9180168807506561, 54.98357929720078], [-1.9192523183301091, 54.98357929720078], [-1.921723193489015, 54.98214193072636], [-1.922958631068468, 54.98214193072636], [-1.9248117874376476, 54.98106390587054], [-1.9248117874376476, 54.97962653939612], [-1.9260472250171006, 54.97890785615891], [-1.9260472250171006, 54.97747048968449], [-1.926664943806827, 54.97711114806589], [-1.92790038138628, 54.97711114806589], [-1.9285181001760066, 54.97675180644728], [-1.9285181001760066, 54.97603312321007], [-1.92790038138628, 54.97567378159147], [-1.9272826625965536, 54.97531443997286], [-1.9272826625965536, 54.97387707349844], [-1.926664943806827, 54.97351773187984], [-1.925429506227374, 54.97351773187984], [-1.924194068647921, 54.97423641511705], [-1.9223409122787416, 54.97315839026123], [-1.9223409122787416, 54.97172102378681], [-1.921723193489015, 54.97136168216821]], [[-1.875394284259528, 54.964534191414714], [-1.8747765654698014, 54.96489353303332], [-1.8723056903108954, 54.96489353303332], [-1.8710702527314425, 54.96561221627053], [-1.8698348151519895, 54.96561221627053], [-1.8690626666648313, 54.965971557889134], [-1.8723056903108954, 54.9634561665589], [-1.8730778387980536, 54.963096824940294], [-1.8747765654698014, 54.96273748332169], [-1.876629721838981, 54.961659458465874], [-1.876629721838981, 54.960222091991454], [-1.877865159418434, 54.959503408754244], [-1.8735411278903484, 54.95698801742401], [-1.8710702527314425, 54.95698801742401], [-1.870452533941716, 54.957347359042615], [-1.870452533941716, 54.958784725517035], [-1.8698348151519895, 54.95914406713564], [-1.8661285024136305, 54.95914406713564], [-1.865510783623904, 54.959503408754244], [-1.865510783623904, 54.960222091991454], [-1.8648930648341775, 54.96058143361006], [-1.8624221896752715, 54.96058143361006], [-1.8611867520958185, 54.95986275037285], [-1.860569033306092, 54.960222091991454], [-1.860569033306092, 54.960940775228664], [-1.8599513145163655, 54.96130011684727], [-1.8587158769369125, 54.96058143361006], [-1.8574804393574595, 54.96130011684727], [-1.8562450017780066, 54.96058143361006], [-1.8537741266191006, 54.96058143361006], [-1.853156407829374, 54.960222091991454], [-1.853156407829374, 54.959503408754244], [-1.8525386890396476, 54.95914406713564], [-1.851920970249921, 54.959503408754244], [-1.851920970249921, 54.960222091991454], [-1.8513032514601946, 54.96058143361006], [-1.8500678138807416, 54.96058143361006], [-1.849450095091015, 54.960940775228664], [-1.849450095091015, 54.963096824940294], [-1.850685532670468, 54.963815508177504], [-1.850685532670468, 54.965252874651924], [-1.851920970249921, 54.965971557889134], [-1.851920970249921, 54.96740892436355], [-1.8513032514601946, 54.96776826598216], [-1.8500678138807416, 54.96704958274495], [-1.848214657511562, 54.96812760760076], [-1.848214657511562, 54.96884629083797], [-1.8488323763012886, 54.96920563245658], [-1.8500678138807416, 54.96920563245658], [-1.8513032514601946, 54.96848694921937], [-1.8525386890396476, 54.96848694921937], [-1.853156407829374, 54.96884629083797], [-1.853156407829374, 54.9710023405496], [-1.8525386890396476, 54.97136168216821], [-1.8513032514601946, 54.970642998931], [-1.850685532670468, 54.9710023405496], [-1.8562450017780066, 54.97423641511705], [-1.8574804393574595, 54.97423641511705], [-1.8587158769369125, 54.97495509835426], [-1.8599513145163655, 54.97495509835426], [-1.860569033306092, 54.97459575673565], [-1.860569033306092, 54.97387707349844], [-1.8611867520958185, 54.97351773187984], [-1.8648930648341775, 54.97351773187984], [-1.8661285024136305, 54.97279904864263], [-1.866746221203357, 54.97315839026123], [-1.866746221203357, 54.97459575673565], [-1.8673639399930835, 54.97495509835426], [-1.8698348151519895, 54.97495509835426], [-1.8723056903108954, 54.97351773187984], [-1.8735411278903484, 54.97423641511705], [-1.8747765654698014, 54.97351773187984], [-1.8760120030492544, 54.97351773187984], [-1.877865159418434, 54.97243970702402], [-1.876629721838981, 54.97172102378681], [-1.876629721838981, 54.96956497407518], [-1.879100596997887, 54.96812760760076], [-1.879100596997887, 54.966690241126344], [-1.8803360345773399, 54.965971557889134], [-1.8803360345773399, 54.965252874651924], [-1.8784828782081604, 54.96417484979611], [-1.8772474406287074, 54.96417484979611], [-1.8760120030492544, 54.9634561665589], [-1.875394284259528, 54.963815508177504], [-1.875394284259528, 54.964534191414714]], [[-1.8253590622916818, 54.87218339543324], [-1.8241236247122288, 54.87218339543324], [-1.8210350307635963, 54.870386687340215], [-1.8210350307635963, 54.868230637628585], [-1.8197995931841433, 54.867511954391375], [-1.8197995931841433, 54.866793271154165], [-1.8191818743944168, 54.86643392953556], [-1.8179464368149638, 54.86715261277277], [-1.8167109992355108, 54.86715261277277], [-1.8160932804457843, 54.866793271154165], [-1.8160932804457843, 54.865355904679745], [-1.8148578428663313, 54.864637221442536], [-1.8148578428663313, 54.863918538205326], [-1.8117692489176989, 54.8621218301123], [-1.8092983737587929, 54.8621218301123], [-1.8086806549690664, 54.861762488493696], [-1.8086806549690664, 54.861043805256486], [-1.8123869677074254, 54.858887755544856], [-1.8117692489176989, 54.85852841392625], [-1.8080629361793399, 54.85852841392625], [-1.806827498599887, 54.85780973068904], [-1.8037389046512544, 54.859606438782066], [-1.8062097798101604, 54.861043805256486], [-1.8062097798101604, 54.861762488493696], [-1.8086806549690664, 54.863199854968116], [-1.8086806549690664, 54.865355904679745], [-1.8099160925485194, 54.866074587916955], [-1.8099160925485194, 54.866793271154165], [-1.8105338113382459, 54.86715261277277], [-1.8117692489176989, 54.86643392953556], [-1.8136224052868783, 54.867511954391375], [-1.8136224052868783, 54.868949320865795], [-1.8142401240766048, 54.8693086624844], [-1.8154755616560578, 54.8693086624844], [-1.8197995931841433, 54.871824053814635], [-1.8197995931841433, 54.873261420289055], [-1.8210350307635963, 54.873980103526264], [-1.8210350307635963, 54.874698786763474], [-1.8222704683430493, 54.875417470000684], [-1.8222704683430493, 54.876136153237894], [-1.8210350307635963, 54.876854836475104], [-1.8210350307635963, 54.877573519712314], [-1.8204173119738698, 54.87793286133092], [-1.8191818743944168, 54.87721417809371], [-1.8167109992355108, 54.87721417809371], [-1.8105338113382459, 54.88080759427976], [-1.8080629361793399, 54.88080759427976], [-1.806827498599887, 54.88152627751697], [-1.805592061020434, 54.88152627751697], [-1.8037389046512544, 54.88260430237278], [-1.8037389046512544, 54.88476035208441], [-1.8049743422307074, 54.88547903532162], [-1.8049743422307074, 54.88619771855883], [-1.804356623440981, 54.88655706017744], [-1.803121185861528, 54.88655706017744], [-1.8025034670718014, 54.88691640179604], [-1.8025034670718014, 54.88763508503325], [-1.804356623440981, 54.88871310988907], [-1.805592061020434, 54.88871310988907], [-1.8062097798101604, 54.88907245150767], [-1.8062097798101604, 54.88979113474488], [-1.806827498599887, 54.89015047636349], [-1.8080629361793399, 54.89015047636349], [-1.8086806549690664, 54.88979113474488], [-1.8086806549690664, 54.88835376827046], [-1.8105338113382459, 54.88727574341465], [-1.8117692489176989, 54.88727574341465], [-1.8123869677074254, 54.88763508503325], [-1.8123869677074254, 54.88835376827046], [-1.8130046864971519, 54.88871310988907], [-1.8142401240766048, 54.88799442665186], [-1.8148578428663313, 54.88835376827046], [-1.8148578428663313, 54.88907245150767], [-1.8154755616560578, 54.88943179312628], [-1.8167109992355108, 54.88871310988907], [-1.8179464368149638, 54.88871310988907], [-1.8191818743944168, 54.88943179312628], [-1.8204173119738698, 54.88943179312628], [-1.8210350307635963, 54.88907245150767], [-1.8210350307635963, 54.88835376827046], [-1.8216527495533228, 54.88799442665186], [-1.8228881871327758, 54.88799442665186], [-1.8235059059225023, 54.88763508503325], [-1.8235059059225023, 54.88691640179604], [-1.8247413435019553, 54.88619771855883], [-1.8235059059225023, 54.88547903532162], [-1.8235059059225023, 54.8840416688472], [-1.8222704683430493, 54.88332298560999], [-1.8241236247122288, 54.88224496075418], [-1.8265944998711348, 54.88224496075418], [-1.8278299374505877, 54.88152627751697], [-1.8303008126094937, 54.88152627751697], [-1.8309185313992202, 54.881166935898364], [-1.8309185313992202, 54.880448252661154], [-1.8321539689786732, 54.879729569423944], [-1.8321539689786732, 54.879010886186734], [-1.8309185313992202, 54.878292202949524], [-1.8333894065581262, 54.876854836475104], [-1.8321539689786732, 54.876136153237894], [-1.8333894065581262, 54.875417470000684], [-1.8327716877683997, 54.87505812838208], [-1.8303008126094937, 54.87505812838208], [-1.8296830938197672, 54.874698786763474], [-1.8309185313992202, 54.873980103526264], [-1.8290653750300407, 54.87290207867045], [-1.8265944998711348, 54.87290207867045], [-1.8253590622916818, 54.87218339543324]], [[-1.7963262791745365, 54.89194718445651], [-1.79570856038481, 54.89158784283791], [-1.794473122805357, 54.89158784283791], [-1.7926199664361775, 54.89266586769372], [-1.7938554040156305, 54.89338455093093], [-1.7938554040156305, 54.89410323416814], [-1.7913845288567245, 54.89554060064256], [-1.7913845288567245, 54.89625928387977], [-1.790766810066998, 54.89661862549838], [-1.789531372487545, 54.89661862549838], [-1.7876782161183655, 54.89554060064256], [-1.7876782161183655, 54.89410323416814], [-1.787060497328639, 54.89374389254954], [-1.785825059749186, 54.89374389254954], [-1.7839719033800066, 54.89482191740535], [-1.7839719033800066, 54.89554060064256], [-1.78335418459028, 54.89589994226117], [-1.782118747010827, 54.89589994226117], [-1.779647871851921, 54.89733730873559], [-1.777176996693015, 54.89733730873559], [-1.7765592779032886, 54.89769665035419], [-1.7765592779032886, 54.8984153335914], [-1.7728529651649296, 54.90057138330303], [-1.7747061215341091, 54.901649408158846], [-1.777176996693015, 54.901649408158846], [-1.7777947154827416, 54.90200874977745], [-1.7777947154827416, 54.90344611625187], [-1.7765592779032886, 54.90416479948908], [-1.7765592779032886, 54.90488348272629], [-1.778412434272468, 54.905961507582106], [-1.779647871851921, 54.905242824344896], [-1.780883309431374, 54.905242824344896], [-1.7815010282211006, 54.9056021659635], [-1.7815010282211006, 54.90632084920071], [-1.782118747010827, 54.906680190819316], [-1.787060497328639, 54.906680190819316], [-1.788295934908092, 54.905961507582106], [-1.789531372487545, 54.905961507582106], [-1.792002247646451, 54.904524141107686], [-1.794473122805357, 54.904524141107686], [-1.79570856038481, 54.905242824344896], [-1.800650310702622, 54.905242824344896], [-1.8012680294923484, 54.90488348272629], [-1.8000325919128954, 54.90416479948908], [-1.8000325919128954, 54.90344611625187], [-1.800650310702622, 54.903086774633266], [-1.804356623440981, 54.903086774633266], [-1.8049743422307074, 54.90272743301466], [-1.8049743422307074, 54.90200874977745], [-1.8037389046512544, 54.90129006654024], [-1.8037389046512544, 54.89697796711698], [-1.803121185861528, 54.89661862549838], [-1.801885748282075, 54.89733730873559], [-1.8012680294923484, 54.89697796711698], [-1.8012680294923484, 54.89625928387977], [-1.8025034670718014, 54.89554060064256], [-1.801885748282075, 54.89518125902396], [-1.800650310702622, 54.89518125902396], [-1.8000325919128954, 54.89482191740535], [-1.8000325919128954, 54.89410323416814], [-1.7987971543334424, 54.89338455093093], [-1.7987971543334424, 54.89266586769372], [-1.798179435543716, 54.89230652607512], [-1.796943997964263, 54.89302520931233], [-1.7963262791745365, 54.89266586769372], [-1.7963262791745365, 54.89194718445651]], [[-1.6227472992613912, 54.81325136998203], [-1.6215118616819382, 54.813970053219236], [-1.6208941428922117, 54.81361071160063], [-1.6208941428922117, 54.81289202836342], [-1.6221295804716647, 54.81217334512621], [-1.6208941428922117, 54.811454661889], [-1.6208941428922117, 54.80714256246574], [-1.6178055489435792, 54.80534585437272], [-1.6165701113641262, 54.80534585437272], [-1.6134815174154937, 54.80354914627969], [-1.6147169549949467, 54.80283046304248], [-1.6147169549949467, 54.80211177980527], [-1.6128637986257672, 54.80103375494946], [-1.6122460798360407, 54.80139309656806], [-1.6122460798360407, 54.80211177980527], [-1.6116283610463142, 54.80247112142388], [-1.6103929234668612, 54.80175243818667], [-1.6091574858874083, 54.80247112142388], [-1.6079220483079553, 54.80175243818667], [-1.6066866107285023, 54.80247112142388], [-1.6060688919387758, 54.80211177980527], [-1.6060688919387758, 54.80139309656806], [-1.6054511731490493, 54.80103375494946], [-1.6042157355695963, 54.80103375494946], [-1.6035980167798698, 54.80139309656806], [-1.6035980167798698, 54.80211177980527], [-1.6042157355695963, 54.80247112142388], [-1.6054511731490493, 54.80247112142388], [-1.6060688919387758, 54.80283046304248], [-1.6048334543593228, 54.80354914627969], [-1.6048334543593228, 54.80570519599132], [-1.6054511731490493, 54.80606453760993], [-1.6079220483079553, 54.80606453760993], [-1.6085397670976818, 54.80642387922853], [-1.6085397670976818, 54.80714256246574], [-1.6091574858874083, 54.80750190408435], [-1.6103929234668612, 54.80678322084714], [-1.6122460798360407, 54.80786124570295], [-1.6122460798360407, 54.80929861217737], [-1.6134815174154937, 54.81001729541458], [-1.6134815174154937, 54.81073597865179], [-1.6140992362052202, 54.8110953202704], [-1.6153346737846732, 54.8110953202704], [-1.6165701113641262, 54.81181400350761], [-1.6178055489435792, 54.8110953202704], [-1.6184232677333057, 54.811454661889], [-1.6184232677333057, 54.81289202836342], [-1.6196587053127587, 54.81361071160063], [-1.6196587053127587, 54.81720412778668], [-1.6202764241024852, 54.817563469405286], [-1.6239827368408442, 54.817563469405286], [-1.6252181744202971, 54.818282152642496], [-1.6264536119997501, 54.818282152642496], [-1.6270713307894766, 54.8186414942611], [-1.6270713307894766, 54.82079754397273], [-1.6276890495792031, 54.821156885591336], [-1.6289244871586561, 54.821156885591336], [-1.6295422059483826, 54.82151622720994], [-1.6295422059483826, 54.82223491044715], [-1.6301599247381091, 54.822594252065755], [-1.6320130811072886, 54.82151622720994], [-1.6320130811072886, 54.82079754397273], [-1.631395362317562, 54.820438202354126], [-1.6301599247381091, 54.820438202354126], [-1.6295422059483826, 54.82007886073552], [-1.6295422059483826, 54.81792281102389], [-1.6283067683689296, 54.81720412778668], [-1.6283067683689296, 54.81648544454947], [-1.6227472992613912, 54.81325136998203]], [[-1.3650041342480108, 54.92500661336817], [-1.3662395718274638, 54.92788134631701], [-1.3650041342480108, 54.93003739602864], [-1.3650041342480108, 54.93075607926585], [-1.3662395718274638, 54.93219344574027], [-1.3662395718274638, 54.93866159487516], [-1.3637686966685578, 54.94225501106121], [-1.3600623839301988, 54.946567110484466], [-1.3563560711918399, 54.949441843433306], [-1.355892782099545, 54.95402344907052], [-1.3552750633098185, 54.954472626093775], [-1.354657344520092, 54.9562693341868], [-1.353885196032934, 54.956628675805405], [-1.353885196032934, 54.958066042279825], [-1.3551206336123869, 54.962378141703084], [-1.3563560711918399, 54.964534191414714], [-1.3565105008892715, 54.965252874651924], [-1.357128219678998, 54.96570205167518], [-1.3575915087712929, 54.966690241126344], [-1.3600623839301988, 54.96884629083797], [-1.3600623839301988, 54.9710023405496], [-1.36206996999681, 54.97217020081007], [-1.3637686966685578, 54.97243970702402], [-1.364540845155716, 54.97279904864263], [-1.367011720314622, 54.97288888404728], [-1.3674750094069168, 54.97315839026123], [-1.368247157894075, 54.97351773187984], [-1.3688648766838014, 54.97315839026123], [-1.3688648766838014, 54.97243970702402], [-1.369482595473528, 54.97208036540542], [-1.370718033052981, 54.97208036540542], [-1.371953470632434, 54.97136168216821], [-1.3750420645810664, 54.97315839026123], [-1.3750420645810664, 54.97387707349844], [-1.3738066270016134, 54.97459575673565], [-1.3738066270016134, 54.97531443997286], [-1.3744243457913399, 54.97576361699612], [-1.3748876348836347, 54.97675180644728], [-1.3810648227808997, 54.98034522263333], [-1.3818369712680578, 54.98070456425194], [-1.3836901276372373, 54.98106390587054], [-1.3836901276372373, 54.98178258910775], [-1.3843078464269638, 54.98214193072636], [-1.3855432840064168, 54.98214193072636], [-1.3873964403755963, 54.98321995558217], [-1.3861610027961433, 54.98393863881938], [-1.3861610027961433, 54.98465732205659], [-1.3867787215858698, 54.9850166636752], [-1.3873964403755963, 54.98465732205659], [-1.3873964403755963, 54.98393863881938], [-1.3880141591653228, 54.98357929720078], [-1.3904850343242288, 54.9850166636752], [-1.3917204719036818, 54.98429798043799], [-1.3929559094831347, 54.98429798043799], [-1.3935736282728612, 54.98465732205659], [-1.3935736282728612, 54.98681337176822], [-1.3923381906934083, 54.98753205500543], [-1.3935736282728612, 54.98825073824264], [-1.3935736282728612, 54.99040678795427], [-1.3941913470625877, 54.99085596497753], [-1.3966622222214937, 54.99157464821474], [-1.4008318240521476, 54.99328152090311], [-1.4016039725393057, 54.99373069792637], [-1.4070090119494125, 54.99615625385195], [-1.4107153246877715, 54.999749670038], [-1.4119507622672245, 55.00118703651242], [-1.4131861998466775, 55.00334308622405], [-1.4139583483338356, 55.00504995891242], [-1.413340629544109, 55.00549913593568], [-1.4139583483338356, 55.005858477554284], [-1.4147304968209937, 55.00549913593568], [-1.4230697004823014, 55.00549913593568], [-1.4255405756412074, 55.0069365024101], [-1.4263127241283655, 55.007295844028704], [-1.4300190368667245, 55.007295844028704], [-1.430636755656451, 55.0069365024101], [-1.430636755656451, 55.00621781917289], [-1.4312544744461775, 55.005858477554284], [-1.431872193235904, 55.00621781917289], [-1.4324899120256305, 55.006666996196145], [-1.4361962247639894, 55.005948312958935], [-1.4406746859895065, 55.00334308622405], [-1.4406746859895065, 54.999749670038], [-1.4448442878201604, 54.99301201468916], [-1.4456164363073185, 54.9925628376659], [-1.4468518738867715, 54.99040678795427], [-1.4473151629790664, 54.98941859850311], [-1.4479328817687929, 54.98896942147985], [-1.4473151629790664, 54.987891396624036], [-1.4485506005585194, 54.987891396624036], [-1.4493227490456775, 54.98753205500543], [-1.4522569132968783, 54.98654386555427], [-1.4534923508763313, 54.986454030149616], [-1.4559632260352373, 54.985735346912406], [-1.4571986636146903, 54.98582518231706], [-1.4584341011941433, 54.98582518231706], [-1.4609049763530493, 54.98510649907985], [-1.4646112890914083, 54.98510649907985], [-1.4695530394092202, 54.98654386555427], [-1.4707884769886732, 54.986454030149616], [-1.4715606254758313, 54.98609468853101], [-1.4732593521475792, 54.98654386555427], [-1.502909854054451, 54.98654386555427], [-1.504145291633904, 54.986454030149616], [-1.511557917110622, 54.98654386555427], [-1.512793354690075, 54.98654386555427], [-1.5202059801667929, 54.98582518231706], [-1.5226768553256989, 54.98510649907985], [-1.523449003812857, 54.98465732205659], [-1.5245300116948783, 54.98321995558217], [-1.5232945741154253, 54.98250127234496], [-1.5239122929051518, 54.98214193072636], [-1.5251477304846048, 54.98214193072636], [-1.5257654492743313, 54.98250127234496], [-1.5263831680640578, 54.98295044936822], [-1.5276186056435108, 54.98295044936822], [-1.529626191710122, 54.98178258910775], [-1.530861629289575, 54.98034522263333], [-1.533332504448481, 54.97459575673565], [-1.5319426371715963, 54.97172102378681], [-1.5325603559613228, 54.97136168216821], [-1.533332504448481, 54.9710023405496], [-1.533332504448481, 54.966690241126344], [-1.5307071995921433, 54.963815508177504], [-1.5313249183818698, 54.9634561665589], [-1.5319426371715963, 54.963815508177504], [-1.5319426371715963, 54.964534191414714], [-1.5325603559613228, 54.96489353303332], [-1.5337957935407758, 54.96417484979611], [-1.534567942027934, 54.963815508177504], [-1.5375021062791348, 54.96138995225192], [-1.5412084190174937, 54.96067126901471], [-1.5486210444942117, 54.9599525857775], [-1.5535627948120236, 54.95851521930308], [-1.5609754202887416, 54.96138995225192], [-1.561593139078468, 54.960940775228664], [-1.561593139078468, 54.960222091991454], [-1.560357701499015, 54.959503408754244], [-1.560357701499015, 54.958784725517035], [-1.5609754202887416, 54.95842538389843], [-1.5634462954476476, 54.95842538389843], [-1.564064014237374, 54.958784725517035], [-1.564064014237374, 54.959503408754244], [-1.56653488939628, 54.960940775228664], [-1.565299451816827, 54.961659458465874], [-1.56653488939628, 54.962378141703084], [-1.56653488939628, 54.963096824940294], [-1.5671526081860065, 54.96354600196355], [-1.5696234833449125, 54.96426468520076], [-1.5720943585038185, 54.96426468520076], [-1.5746681690216064, 54.964805603027344], [-1.5683880457654595, 54.96480369762867], [-1.5642184439348057, 54.963815508177504], [-1.5634462954476476, 54.9634561665589], [-1.5609754202887416, 54.96264764791704], [-1.5547982323914766, 54.9597729149682], [-1.5510919196531177, 54.9597729149682], [-1.5436792941763997, 54.96192896467983], [-1.5430615753866732, 54.962378141703084], [-1.5424438565969467, 54.9634561665589], [-1.5412084190174937, 54.96273748332169], [-1.5399729814380407, 54.9634561665589], [-1.5387375438585877, 54.96336633115425], [-1.5379653953714296, 54.963815508177504], [-1.5367299577919766, 54.965252874651924], [-1.5362666686996818, 54.9669597473403], [-1.5356489499099553, 54.96740892436355], [-1.5356489499099553, 54.96884629083797], [-1.5381198250688612, 54.97028365731239], [-1.5362666686996818, 54.97136168216821], [-1.5354945202125236, 54.97172102378681], [-1.5342590826330706, 54.9781891729217], [-1.5330236450536177, 54.98106390587054], [-1.5305527698947117, 54.98393863881938], [-1.5288540432229638, 54.984926828270545], [-1.5214414177462459, 54.987082877982175], [-1.510322479531169, 54.987801561219385], [-1.507851604372263, 54.987801561219385], [-1.505380729213357, 54.988520244456595], [-1.502909854054451, 54.988520244456595], [-1.488084603101015, 54.987801561219385], [-1.4819074152037501, 54.987801561219385], [-1.4720239145681262, 54.989238927693805], [-1.4714061957783997, 54.98968810471706], [-1.4707884769886732, 54.992203496047296], [-1.4695530394092202, 54.992203496047296], [-1.4689353206194937, 54.9925628376659], [-1.4689353206194937, 54.99471888737753], [-1.4683176018297672, 54.995078228996135], [-1.4664644454605877, 54.99400020414032], [-1.4664644454605877, 54.99328152090311], [-1.4652290078811347, 54.9925628376659], [-1.4652290078811347, 54.98968810471706], [-1.4646112890914083, 54.989238927693805], [-1.4633758515119553, 54.988520244456595], [-1.4596695387735963, 54.988520244456595], [-1.4590518199838698, 54.98896942147985], [-1.4584341011941433, 54.990766129572876], [-1.4571986636146903, 54.990047446335666], [-1.4565809448249638, 54.99040678795427], [-1.4578163824044168, 54.99112547119148], [-1.4578163824044168, 54.9925628376659], [-1.4571986636146903, 54.992922179284506], [-1.4553455072455108, 54.99184415442869], [-1.4553455072455108, 54.99112547119148], [-1.4541100696660578, 54.99040678795427], [-1.4534923508763313, 54.989957610931015], [-1.4522569132968783, 54.989957610931015], [-1.4516391945071518, 54.99040678795427], [-1.4510214757174253, 54.991484812810086], [-1.4502493272302672, 54.99184415442869], [-1.4477784520713612, 54.99400020414032], [-1.4465430144919083, 54.99615625385195], [-1.4465430144919083, 54.99759362032637], [-1.4453075769124553, 54.99903098680079], [-1.4440721393330023, 55.00406176946126], [-1.4428367017535493, 55.00549913593568], [-1.4399025375023484, 55.00720600862405], [-1.4374316623434424, 55.00792469186126], [-1.4337253496050835, 55.00864337509847], [-1.4317177635384724, 55.00981123535894], [-1.4263127241283655, 55.01367415775894], [-1.4213709738105536, 55.01367415775894], [-1.4164292234927416, 55.01439284099615], [-1.4156570750055835, 55.01484201801941], [-1.4156570750055835, 55.01843543420546], [-1.4164292234927416, 55.018884611228714], [-1.4193633877439424, 55.02274753362872], [-1.4201355362311006, 55.02319671065197], [-1.4213709738105536, 55.02319671065197], [-1.4230697004823014, 55.02346621686593], [-1.4267760132206604, 55.02705963305198], [-1.4280114508001134, 55.028496999526396], [-1.4292468883795664, 55.033527782186866], [-1.4300190368667245, 55.03397695921012], [-1.4304823259590194, 55.035683831898496], [-1.4292468883795664, 55.037121198372915], [-1.4292468883795664, 55.037839881610125], [-1.4317177635384724, 55.040714614558965], [-1.4337253496050835, 55.04188247481943], [-1.4440721393330023, 55.047182763693854], [-1.4453075769124553, 55.048620130168274], [-1.4490138896508142, 55.052213546354324], [-1.4502493272302672, 55.05365091282874], [-1.4514847648097202, 55.05724432901479], [-1.4539556399686262, 55.06155642843805], [-1.4539556399686262, 55.0651498446241], [-1.4541100696660578, 55.06586852786131], [-1.4547277884557843, 55.06622786947992], [-1.4559632260352373, 55.06622786947992], [-1.4571986636146903, 55.06694655271713], [-1.4584341011941433, 55.06694655271713], [-1.4596695387735963, 55.06622786947992], [-1.4609049763530493, 55.06622786947992], [-1.4621404139325023, 55.06694655271713], [-1.4633758515119553, 55.06622786947992], [-1.4646112890914083, 55.06694655271713], [-1.4652290078811347, 55.06658721109852], [-1.4639935703016818, 55.06586852786131], [-1.4664644454605877, 55.06443116138689], [-1.4664644454605877, 55.06299379491247], [-1.4646112890914083, 55.06191577005666], [-1.4633758515119553, 55.06263445329387], [-1.4627581327222288, 55.06227511167526], [-1.4627581327222288, 55.06083774520084], [-1.4639935703016818, 55.06011906196363], [-1.4627581327222288, 55.05940037872642], [-1.4627581327222288, 55.05868169548921], [-1.4615226951427758, 55.057963012252], [-1.4615226951427758, 55.05724432901479], [-1.4621404139325023, 55.05688498739619], [-1.4633758515119553, 55.05688498739619], [-1.4664644454605877, 55.05508827930316], [-1.4652290078811347, 55.05436959606595], [-1.4652290078811347, 55.05365091282874], [-1.4658467266708612, 55.05329157121014], [-1.4670821642503142, 55.05401025444735], [-1.4683176018297672, 55.05401025444735], [-1.4689353206194937, 55.05365091282874], [-1.4689353206194937, 55.051494863117114], [-1.4676998830400407, 55.050776179879904], [-1.4689353206194937, 55.050057496642694], [-1.4689353206194937, 55.049338813405484], [-1.4701707581989467, 55.048620130168274], [-1.4701707581989467, 55.047182763693854], [-1.4707884769886732, 55.04682342207525], [-1.4732593521475792, 55.04682342207525], [-1.4744947897270322, 55.04754210531246], [-1.4757302273064852, 55.04754210531246], [-1.4782011024653912, 55.04897947178688], [-1.4794365400448442, 55.04826078854967], [-1.4819074152037501, 55.04969815502409], [-1.486849165521562, 55.04969815502409], [-1.489320040680468, 55.04826078854967], [-1.4899377594701946, 55.048620130168274], [-1.4899377594701946, 55.050057496642694], [-1.4911731970496476, 55.050776179879904], [-1.4911731970496476, 55.052213546354324], [-1.491790915839374, 55.05257288797293], [-1.493026353418827, 55.05257288797293], [-1.49426179099828, 55.05185420473572], [-1.495497228577733, 55.05185420473572], [-1.497968103736639, 55.05329157121014], [-1.4998212601058185, 55.052213546354324], [-1.4998212601058185, 55.051494863117114], [-1.5010566976852715, 55.050776179879904], [-1.5010566976852715, 55.050057496642694], [-1.501674416474998, 55.04969815502409], [-1.502909854054451, 55.04969815502409], [-1.5035275728441775, 55.049338813405484], [-1.5035275728441775, 55.048620130168274], [-1.505380729213357, 55.04754210531246], [-1.5072338855825365, 55.048620130168274], [-1.5072338855825365, 55.050057496642694], [-1.507851604372263, 55.0504168382613], [-1.5121756359003484, 55.047901446931064], [-1.5121756359003484, 55.047182763693854], [-1.515264229848981, 55.04538605560083], [-1.5177351050078869, 55.04538605560083], [-1.5195882613770664, 55.046464080456644], [-1.5195882613770664, 55.047182763693854], [-1.5202059801667929, 55.04754210531246], [-1.5214414177462459, 55.04754210531246], [-1.5220591365359724, 55.047182763693854], [-1.5220591365359724, 55.046464080456644], [-1.5226768553256989, 55.04610473883804], [-1.5251477304846048, 55.04754210531246], [-1.5263831680640578, 55.04754210531246], [-1.5270008868537843, 55.047182763693854], [-1.5270008868537843, 55.046464080456644], [-1.5276186056435108, 55.04610473883804], [-1.5288540432229638, 55.04610473883804], [-1.5294717620126903, 55.046464080456644], [-1.5294717620126903, 55.047182763693854], [-1.5300894808024168, 55.04754210531246], [-1.5313249183818698, 55.04682342207525], [-1.5319426371715963, 55.047182763693854], [-1.5319426371715963, 55.050057496642694], [-1.5325603559613228, 55.0504168382613], [-1.5362666686996818, 55.0504168382613], [-1.5381198250688612, 55.049338813405484], [-1.5381198250688612, 55.046464080456644], [-1.5387375438585877, 55.04610473883804], [-1.5399729814380407, 55.04610473883804], [-1.5436792941763997, 55.04826078854967], [-1.5449147317558527, 55.04826078854967], [-1.5461501693353057, 55.04754210531246], [-1.5473856069147587, 55.04754210531246], [-1.5486210444942117, 55.04682342207525], [-1.5498564820736647, 55.04682342207525], [-1.5504742008633912, 55.046464080456644], [-1.5504742008633912, 55.045026713982224], [-1.5498564820736647, 55.04466737236362], [-1.5486210444942117, 55.04466737236362], [-1.5461501693353057, 55.0432300058892], [-1.5449147317558527, 55.0432300058892], [-1.5430615753866732, 55.042151981033385], [-1.5430615753866732, 55.041433297796175], [-1.5442970129661262, 55.040714614558965], [-1.5430615753866732, 55.039995931321755], [-1.5436792941763997, 55.03963658970315], [-1.5461501693353057, 55.03963658970315], [-1.5486210444942117, 55.04107395617757], [-1.5523273572325706, 55.04107395617757], [-1.5541805136017501, 55.042151981033385], [-1.5541805136017501, 55.042870664270595], [-1.5554159511812031, 55.043589347507805], [-1.5554159511812031, 55.045745397219434], [-1.5560336699709296, 55.04610473883804], [-1.5572691075503826, 55.04610473883804], [-1.5585045451298356, 55.04538605560083], [-1.5597399827092886, 55.04538605560083], [-1.560357701499015, 55.045745397219434], [-1.560357701499015, 55.046464080456644], [-1.562828576657921, 55.047901446931064], [-1.562828576657921, 55.048620130168274], [-1.5634462954476476, 55.04897947178688], [-1.5646817330271006, 55.04897947178688], [-1.565299451816827, 55.049338813405484], [-1.564064014237374, 55.050057496642694], [-1.564064014237374, 55.050776179879904], [-1.562828576657921, 55.051494863117114], [-1.5634462954476476, 55.05185420473572], [-1.5646817330271006, 55.05185420473572], [-1.56653488939628, 55.05293222959153], [-1.5659171706065536, 55.05329157121014], [-1.5646817330271006, 55.05329157121014], [-1.564064014237374, 55.05365091282874], [-1.564064014237374, 55.05436959606595], [-1.565299451816827, 55.05508827930316], [-1.565299451816827, 55.05580696254037], [-1.5659171706065536, 55.05616630415898], [-1.5671526081860065, 55.05616630415898], [-1.567770326975733, 55.05652564577758], [-1.5671526081860065, 55.05688498739619], [-1.5659171706065536, 55.05688498739619], [-1.565299451816827, 55.05724432901479], [-1.565299451816827, 55.05868169548921], [-1.5646817330271006, 55.05904103710782], [-1.5634462954476476, 55.05904103710782], [-1.5622108578681946, 55.05975972034503], [-1.5609754202887416, 55.05904103710782], [-1.560357701499015, 55.05940037872642], [-1.5622108578681946, 55.06047840358224], [-1.5634462954476476, 55.06047840358224], [-1.5646817330271006, 55.05975972034503], [-1.5659171706065536, 55.05975972034503], [-1.567770326975733, 55.06083774520084], [-1.567770326975733, 55.06155642843805], [-1.565299451816827, 55.06299379491247], [-1.56653488939628, 55.06371247814968], [-1.56653488939628, 55.06443116138689], [-1.569005764555186, 55.06586852786131], [-1.569005764555186, 55.06658721109852], [-1.5683880457654595, 55.06694655271713], [-1.5671526081860065, 55.06694655271713], [-1.56653488939628, 55.06658721109852], [-1.56653488939628, 55.06586852786131], [-1.5659171706065536, 55.06550918624271], [-1.565299451816827, 55.06586852786131], [-1.565299451816827, 55.06658721109852], [-1.564064014237374, 55.06730589433573], [-1.564064014237374, 55.06874326081015], [-1.5659171706065536, 55.06982128566597], [-1.5671526081860065, 55.06982128566597], [-1.567770326975733, 55.07018062728457], [-1.567770326975733, 55.07089931052178], [-1.5683880457654595, 55.071258652140386], [-1.5720943585038185, 55.071258652140386], [-1.572712077293545, 55.07161799375899], [-1.572712077293545, 55.07377404347062], [-1.5708589209243655, 55.074852068326436], [-1.5696234833449125, 55.074133385089226], [-1.5671526081860065, 55.075570751563646], [-1.56653488939628, 55.07521140994504], [-1.56653488939628, 55.07449272670783], [-1.5659171706065536, 55.074133385089226], [-1.5646817330271006, 55.074852068326436], [-1.5634462954476476, 55.074852068326436], [-1.561593139078468, 55.07593009318225], [-1.561593139078468, 55.07664877641946], [-1.560357701499015, 55.07736745965667], [-1.560357701499015, 55.07808614289388], [-1.559122263919562, 55.07880482613109], [-1.559122263919562, 55.0795235093683], [-1.557886826340109, 55.08024219260551], [-1.557886826340109, 55.08096087584272], [-1.5585045451298356, 55.081320217461325], [-1.5597399827092886, 55.081320217461325], [-1.561593139078468, 55.08239824231714], [-1.561593139078468, 55.08311692555435], [-1.5646817330271006, 55.084913633647375], [-1.5671526081860065, 55.084913633647375], [-1.567770326975733, 55.08527297526598], [-1.567770326975733, 55.08599165850319], [-1.56653488939628, 55.0867103417404], [-1.56653488939628, 55.09030375792645], [-1.564064014237374, 55.09174112440087], [-1.564064014237374, 55.09245980763808], [-1.562828576657921, 55.09317849087529], [-1.5634462954476476, 55.093537832493894], [-1.5659171706065536, 55.093537832493894], [-1.56653488939628, 55.0938971741125], [-1.56653488939628, 55.09605322382413], [-1.5646817330271006, 55.09713124867994], [-1.5634462954476476, 55.09641256544273], [-1.562828576657921, 55.09677190706134], [-1.564064014237374, 55.09749059029855], [-1.5634462954476476, 55.09784993191715], [-1.5622108578681946, 55.09784993191715], [-1.561593139078468, 55.09749059029855], [-1.561593139078468, 55.09605322382413], [-1.5609754202887416, 55.09569388220552], [-1.5585045451298356, 55.09569388220552], [-1.5541805136017501, 55.09820927353576], [-1.5541805136017501, 55.09892795677297], [-1.5529450760222971, 55.09964664001018], [-1.5529450760222971, 55.1010840064846], [-1.5523273572325706, 55.1014433481032], [-1.5510919196531177, 55.1014433481032], [-1.5504742008633912, 55.10180268972181], [-1.5510919196531177, 55.10216203134041], [-1.5523273572325706, 55.10216203134041], [-1.5535627948120236, 55.1014433481032], [-1.5541805136017501, 55.10180268972181], [-1.5541805136017501, 55.10252137295902], [-1.5547982323914766, 55.10288071457762], [-1.5560336699709296, 55.10288071457762], [-1.557886826340109, 55.10395873943344], [-1.557886826340109, 55.10467742267065], [-1.5585045451298356, 55.10503676428925], [-1.5597399827092886, 55.10503676428925], [-1.5609754202887416, 55.10431808105204], [-1.5622108578681946, 55.10503676428925], [-1.562828576657921, 55.10467742267065], [-1.562828576657921, 55.10324005619623], [-1.564064014237374, 55.10252137295902], [-1.564064014237374, 55.1010840064846], [-1.5646817330271006, 55.10072466486599], [-1.5659171706065536, 55.10072466486599], [-1.56653488939628, 55.1010840064846], [-1.56653488939628, 55.10324005619623], [-1.5671526081860065, 55.10359939781483], [-1.5683880457654595, 55.10359939781483], [-1.569005764555186, 55.10395873943344], [-1.569005764555186, 55.10539610590786], [-1.5696234833449125, 55.10575544752646], [-1.5720943585038185, 55.10575544752646], [-1.5733297960832715, 55.10503676428925], [-1.5745652336627245, 55.10503676428925], [-1.5758006712421775, 55.10431808105204], [-1.5770361088216305, 55.10431808105204], [-1.5782715464010835, 55.10359939781483], [-1.5807424215599895, 55.10359939781483], [-1.5819778591394424, 55.10431808105204], [-1.582595577929169, 55.10395873943344], [-1.582595577929169, 55.10324005619623], [-1.5900082034058869, 55.09892795677297], [-1.5900082034058869, 55.09749059029855], [-1.5912436409853399, 55.09677190706134], [-1.5912436409853399, 55.09605322382413], [-1.5918613597750664, 55.09569388220552], [-1.5930967973545194, 55.09569388220552], [-1.5968031100928783, 55.093537832493894], [-1.5980385476723313, 55.093537832493894], [-1.5986562664620578, 55.09317849087529], [-1.5986562664620578, 55.09174112440087], [-1.6011271416209638, 55.09030375792645], [-1.6011271416209638, 55.08958507468924], [-1.6029802979901433, 55.088507049833424], [-1.6042157355695963, 55.089225733070634], [-1.6054511731490493, 55.089225733070634], [-1.6066866107285023, 55.089944416307844], [-1.6079220483079553, 55.089944416307844], [-1.6085397670976818, 55.09030375792645], [-1.6085397670976818, 55.09174112440087], [-1.6110106422565877, 55.09317849087529], [-1.6110106422565877, 55.09461585734971], [-1.6103929234668612, 55.094975198968314], [-1.6091574858874083, 55.094975198968314], [-1.6060688919387758, 55.09677190706134], [-1.6060688919387758, 55.09820927353576], [-1.6073043295182288, 55.09892795677297], [-1.6073043295182288, 55.1010840064846], [-1.6097752046771348, 55.10252137295902], [-1.6097752046771348, 55.10324005619623], [-1.6091574858874083, 55.10359939781483], [-1.6079220483079553, 55.10359939781483], [-1.6060688919387758, 55.10467742267065], [-1.6060688919387758, 55.10539610590786], [-1.6048334543593228, 55.10611478914507], [-1.6048334543593228, 55.10755215561949], [-1.6066866107285023, 55.1086301804753], [-1.6079220483079553, 55.1086301804753], [-1.6091574858874083, 55.10934886371251], [-1.6116283610463142, 55.10791149723809], [-1.6140992362052202, 55.10791149723809], [-1.6159523925743997, 55.10898952209391], [-1.6159523925743997, 55.11114557180554], [-1.6153346737846732, 55.11150491342414], [-1.6128637986257672, 55.11150491342414], [-1.6116283610463142, 55.11078623018693], [-1.6097752046771348, 55.11186425504275], [-1.6110106422565877, 55.11258293827996], [-1.6110106422565877, 55.118332404177636], [-1.6097752046771348, 55.119051087414846], [-1.6097752046771348, 55.119769770652056], [-1.6091574858874083, 55.12012911227066], [-1.6079220483079553, 55.12012911227066], [-1.6066866107285023, 55.11941042903345], [-1.6029802979901433, 55.11941042903345], [-1.6017448604106903, 55.11869174579624], [-1.5980385476723313, 55.11869174579624], [-1.5974208288826048, 55.119051087414846], [-1.5974208288826048, 55.119769770652056], [-1.5961853913031518, 55.120488453889266], [-1.5961853913031518, 55.122644503600895], [-1.5949499537236989, 55.123363186838105], [-1.5949499537236989, 55.124081870075315], [-1.5943322349339724, 55.12444121169392], [-1.5930967973545194, 55.12444121169392], [-1.5924790785647929, 55.124800553312525], [-1.5924790785647929, 55.126237919786945], [-1.5912436409853399, 55.126956603024155], [-1.5912436409853399, 55.128393969498575], [-1.5906259221956134, 55.12875331111718], [-1.5893904846161604, 55.12875331111718], [-1.588772765826434, 55.128393969498575], [-1.588772765826434, 55.127675286261365], [-1.5881550470367074, 55.12731594464276], [-1.5869196094572544, 55.12731594464276], [-1.586301890667528, 55.127675286261365], [-1.587537328246981, 55.128393969498575], [-1.587537328246981, 55.131268702447414], [-1.586301890667528, 55.131987385684624], [-1.586301890667528, 55.132706068921834], [-1.5869196094572544, 55.13306541054044], [-1.5906259221956134, 55.13306541054044], [-1.5912436409853399, 55.133424752159044], [-1.5900082034058869, 55.134143435396254], [-1.5906259221956134, 55.13450277701486], [-1.5918613597750664, 55.13450277701486], [-1.5924790785647929, 55.134862118633464], [-1.5924790785647929, 55.135580801870674], [-1.5949499537236989, 55.137018168345094], [-1.5949499537236989, 55.138455534819514], [-1.5961853913031518, 55.13917421805672], [-1.5961853913031518, 55.14061158453114], [-1.5968031100928783, 55.14097092614975], [-1.5980385476723313, 55.14097092614975], [-1.5992739852517843, 55.14168960938696], [-1.6005094228312373, 55.14168960938696], [-1.6011271416209638, 55.14133026776835], [-1.6011271416209638, 55.13989290129393], [-1.6023625792004168, 55.13917421805672], [-1.6023625792004168, 55.134862118633464], [-1.6029802979901433, 55.13450277701486], [-1.6042157355695963, 55.13450277701486], [-1.6054511731490493, 55.13522146025207], [-1.6066866107285023, 55.13522146025207], [-1.6091574858874083, 55.13378409377765], [-1.6103929234668612, 55.13378409377765], [-1.6110106422565877, 55.133424752159044], [-1.6110106422565877, 55.132706068921834], [-1.6122460798360407, 55.131987385684624], [-1.6116283610463142, 55.13162804406602], [-1.6103929234668612, 55.13162804406602], [-1.6091574858874083, 55.13090936082881], [-1.6054511731490493, 55.13090936082881], [-1.6048334543593228, 55.130550019210204], [-1.6054511731490493, 55.1301906775916], [-1.6066866107285023, 55.1301906775916], [-1.6073043295182288, 55.129831335972995], [-1.6073043295182288, 55.128393969498575], [-1.6085397670976818, 55.127675286261365], [-1.6085397670976818, 55.125519236549735], [-1.6091574858874083, 55.12515989493113], [-1.6116283610463142, 55.12515989493113], [-1.6134815174154937, 55.124081870075315], [-1.6134815174154937, 55.122644503600895], [-1.6140992362052202, 55.12228516198229], [-1.6153346737846732, 55.12228516198229], [-1.6165701113641262, 55.12156647874508], [-1.6178055489435792, 55.12156647874508], [-1.6202764241024852, 55.1230038452195], [-1.6215118616819382, 55.1230038452195], [-1.6221295804716647, 55.122644503600895], [-1.6221295804716647, 55.121925820363685], [-1.6227472992613912, 55.12156647874508], [-1.6239827368408442, 55.12156647874508], [-1.6252181744202971, 55.12084779550787], [-1.6264536119997501, 55.12084779550787], [-1.6276890495792031, 55.12156647874508], [-1.6295422059483826, 55.120488453889266], [-1.6295422059483826, 55.119769770652056], [-1.6307776435278356, 55.119051087414846], [-1.6307776435278356, 55.117613720940426], [-1.6295422059483826, 55.116895037703216], [-1.6295422059483826, 55.116176354466006], [-1.6301599247381091, 55.1158170128474], [-1.631395362317562, 55.1158170128474], [-1.6320130811072886, 55.115457671228796], [-1.6320130811072886, 55.11330162151717], [-1.632630799897015, 55.11294227989856], [-1.633866237476468, 55.11294227989856], [-1.6344839562661946, 55.11258293827996], [-1.6344839562661946, 55.11186425504275], [-1.6357193938456476, 55.11114557180554], [-1.633866237476468, 55.11006754694972], [-1.631395362317562, 55.11006754694972], [-1.6301599247381091, 55.11078623018693], [-1.6295422059483826, 55.11042688856833], [-1.6295422059483826, 55.10755215561949], [-1.631395362317562, 55.10647413076367], [-1.632630799897015, 55.10647413076367], [-1.6332485186867416, 55.10611478914507], [-1.6332485186867416, 55.10395873943344], [-1.632630799897015, 55.10359939781483], [-1.6301599247381091, 55.10359939781483], [-1.6295422059483826, 55.10324005619623], [-1.6295422059483826, 55.10180268972181], [-1.6301599247381091, 55.1014433481032], [-1.631395362317562, 55.1014433481032], [-1.6320130811072886, 55.1010840064846], [-1.631395362317562, 55.10072466486599], [-1.6301599247381091, 55.10072466486599], [-1.6295422059483826, 55.10036532324739], [-1.6307776435278356, 55.09964664001018], [-1.6307776435278356, 55.09605322382413], [-1.6301599247381091, 55.09569388220552], [-1.6295422059483826, 55.09605322382413], [-1.6295422059483826, 55.09677190706134], [-1.6276890495792031, 55.09784993191715], [-1.6270713307894766, 55.09749059029855], [-1.6270713307894766, 55.09533454058692], [-1.6264536119997501, 55.094975198968314], [-1.6252181744202971, 55.094975198968314], [-1.6246004556305707, 55.09461585734971], [-1.6246004556305707, 55.0938971741125], [-1.6252181744202971, 55.093537832493894], [-1.6264536119997501, 55.093537832493894], [-1.6289244871586561, 55.094975198968314], [-1.631395362317562, 55.094975198968314], [-1.6320130811072886, 55.09461585734971], [-1.6320130811072886, 55.09245980763808], [-1.6332485186867416, 55.09174112440087], [-1.6332485186867416, 55.09030375792645], [-1.6344839562661946, 55.08958507468924], [-1.6344839562661946, 55.08742902497761], [-1.635101675055921, 55.087069683359005], [-1.636337112635374, 55.087788366596214], [-1.6369548314251006, 55.08742902497761], [-1.6369548314251006, 55.08599165850319], [-1.6381902690045536, 55.08527297526598], [-1.6381902690045536, 55.08311692555435], [-1.637572550214827, 55.082757583935745], [-1.635101675055921, 55.082757583935745], [-1.6320130811072886, 55.08096087584272], [-1.6320130811072886, 55.08024219260551], [-1.6332485186867416, 55.0795235093683], [-1.6332485186867416, 55.07880482613109], [-1.6357193938456476, 55.07736745965667], [-1.6357193938456476, 55.07664877641946], [-1.6344839562661946, 55.07593009318225], [-1.6344839562661946, 55.07449272670783], [-1.640043425373733, 55.071258652140386], [-1.641278862953186, 55.071258652140386], [-1.6418965817429125, 55.07161799375899], [-1.6418965817429125, 55.07305536023341], [-1.642514300532639, 55.073414701852016], [-1.643749738112092, 55.073414701852016], [-1.6443674569018185, 55.07305536023341], [-1.6443674569018185, 55.06874326081015], [-1.643749738112092, 55.06838391919155], [-1.642514300532639, 55.06838391919155], [-1.6418965817429125, 55.06802457757294], [-1.6418965817429125, 55.06730589433573], [-1.641278862953186, 55.06694655271713], [-1.6406611441634595, 55.06730589433573], [-1.6406611441634595, 55.06946194404736], [-1.640043425373733, 55.06982128566597], [-1.63880798779428, 55.06982128566597], [-1.6381902690045536, 55.06946194404736], [-1.6394257065840065, 55.06874326081015], [-1.6369548314251006, 55.06730589433573], [-1.6381902690045536, 55.06658721109852], [-1.6369548314251006, 55.06586852786131], [-1.6369548314251006, 55.06371247814968], [-1.6357193938456476, 55.06299379491247], [-1.6357193938456476, 55.06227511167526], [-1.636337112635374, 55.06191577005666], [-1.637572550214827, 55.06263445329387], [-1.6381902690045536, 55.06227511167526], [-1.6381902690045536, 55.06083774520084], [-1.6406611441634595, 55.05940037872642], [-1.6406611441634595, 55.057963012252], [-1.642514300532639, 55.05688498739619], [-1.643749738112092, 55.05688498739619], [-1.6443674569018185, 55.05652564577758], [-1.643749738112092, 55.05607646875433], [-1.642514300532639, 55.05481877308921], [-1.646220613270998, 55.054100089852], [-1.649926926009357, 55.054100089852], [-1.65116236358881, 55.05401025444735], [-1.6517800823785365, 55.05365091282874], [-1.6517800823785365, 55.052213546354324], [-1.653633238747716, 55.05113552149851], [-1.657339551486075, 55.05113552149851], [-1.6579572702758014, 55.051494863117114], [-1.6567218326963484, 55.052213546354324], [-1.6567218326963484, 55.05580696254037], [-1.657339551486075, 55.05616630415898], [-1.658574989065528, 55.05616630415898], [-1.659810426644981, 55.05544762092177], [-1.6604281454347074, 55.05580696254037], [-1.6604281454347074, 55.05724432901479], [-1.661045864224434, 55.0576036706334], [-1.662281301803887, 55.0576036706334], [-1.6628990205936134, 55.057963012252], [-1.6628990205936134, 55.05868169548921], [-1.6635167393833399, 55.05904103710782], [-1.6659876145422459, 55.05904103710782], [-1.6666053333319724, 55.05940037872642], [-1.6666053333319724, 55.06083774520084], [-1.6672230521216989, 55.06119708681945], [-1.6696939272806048, 55.06119708681945], [-1.6709293648600578, 55.06047840358224], [-1.6746356775984168, 55.06047840358224], [-1.6758711151778698, 55.06119708681945], [-1.6771065527573228, 55.06119708681945], [-1.6783419903367758, 55.06191577005666], [-1.6795774279162288, 55.06191577005666], [-1.6808128654956818, 55.06263445329387], [-1.6820483030751348, 55.06263445329387], [-1.6839014594443142, 55.06155642843805], [-1.6839014594443142, 55.06083774520084], [-1.6832837406545877, 55.06047840358224], [-1.6820483030751348, 55.06047840358224], [-1.6814305842854083, 55.06011906196363], [-1.6814305842854083, 55.05868169548921], [-1.6845191782340407, 55.05688498739619], [-1.6863723346032202, 55.057963012252], [-1.6863723346032202, 55.05868169548921], [-1.6869900533929467, 55.05904103710782], [-1.6882254909723997, 55.05904103710782], [-1.6894609285518527, 55.05832235387061], [-1.6906963661313057, 55.05832235387061], [-1.6913140849210322, 55.057963012252], [-1.6913140849210322, 55.05580696254037], [-1.6937849600799382, 55.05436959606595], [-1.6937849600799382, 55.05293222959153], [-1.6944026788696647, 55.05257288797293], [-1.6968735540285707, 55.05257288797293], [-1.6974912728182971, 55.052213546354324], [-1.6974912728182971, 55.050776179879904], [-1.6968735540285707, 55.0504168382613], [-1.6944026788696647, 55.0504168382613], [-1.6937849600799382, 55.050057496642694], [-1.6937849600799382, 55.049338813405484], [-1.6919318037107587, 55.04826078854967], [-1.6906963661313057, 55.04826078854967], [-1.6882254909723997, 55.04969815502409], [-1.6857546158134937, 55.04969815502409], [-1.6839014594443142, 55.048620130168274], [-1.6839014594443142, 55.047901446931064], [-1.6832837406545877, 55.04754210531246], [-1.6820483030751348, 55.04754210531246], [-1.6814305842854083, 55.047182763693854], [-1.6814305842854083, 55.046464080456644], [-1.6808128654956818, 55.04610473883804], [-1.6771065527573228, 55.04610473883804], [-1.6764888339675963, 55.045745397219434], [-1.6764888339675963, 55.045026713982224], [-1.6752533963881433, 55.044308030745015], [-1.6752533963881433, 55.042151981033385], [-1.6764888339675963, 55.041433297796175], [-1.6764888339675963, 55.040714614558965], [-1.6771065527573228, 55.04035527294036], [-1.6795774279162288, 55.04035527294036], [-1.6814305842854083, 55.039277248084545], [-1.6795774279162288, 55.03819922322873], [-1.6783419903367758, 55.03891790646594], [-1.6771065527573228, 55.03891790646594], [-1.6752533963881433, 55.037839881610125], [-1.6752533963881433, 55.037121198372915], [-1.6746356775984168, 55.03676185675431], [-1.6721648024395108, 55.03819922322873], [-1.6709293648600578, 55.03819922322873], [-1.6690762084908783, 55.037121198372915], [-1.6690762084908783, 55.034965148661286], [-1.6709293648600578, 55.03388712380547], [-1.6721648024395108, 55.03388712380547], [-1.6734002400189638, 55.03316844056826], [-1.6771065527573228, 55.03316844056826], [-1.6777242715470493, 55.032809098949656], [-1.6758711151778698, 55.03173107409384], [-1.6746356775984168, 55.03173107409384], [-1.6727825212292373, 55.030653049238026], [-1.6727825212292373, 55.029215682763606], [-1.6721648024395108, 55.028856341145], [-1.6709293648600578, 55.028856341145], [-1.6703116460703313, 55.028496999526396], [-1.6703116460703313, 55.02705963305198], [-1.6721648024395108, 55.02598160819616], [-1.6758711151778698, 55.02598160819616], [-1.6783419903367758, 55.02454424172174], [-1.6808128654956818, 55.02454424172174], [-1.6814305842854083, 55.02490358334035], [-1.6814305842854083, 55.02634094981477], [-1.6820483030751348, 55.02670029143337], [-1.6845191782340407, 55.02670029143337], [-1.6851368970237672, 55.02705963305198], [-1.6839014594443142, 55.02777831628919], [-1.6839014594443142, 55.029215682763606], [-1.6857546158134937, 55.03029370761942], [-1.6869900533929467, 55.02957502438221], [-1.6894609285518527, 55.02957502438221], [-1.6906963661313057, 55.028856341145], [-1.6937849600799382, 55.030653049238026], [-1.6925495225004852, 55.031371732475236], [-1.6925495225004852, 55.032090415712446], [-1.6919318037107587, 55.03244975733105], [-1.6906963661313057, 55.03244975733105], [-1.6888432097621262, 55.033527782186866], [-1.6906963661313057, 55.03460580704268], [-1.6968735540285707, 55.03460580704268], [-1.6974912728182971, 55.034246465424076], [-1.6974912728182971, 55.033527782186866], [-1.6981089916080236, 55.03316844056826], [-1.6993444291874766, 55.03316844056826], [-1.7011975855566561, 55.034246465424076], [-1.7011975855566561, 55.034965148661286], [-1.7024330231361091, 55.035683831898496], [-1.7024330231361091, 55.036402515135705], [-1.703668460715562, 55.037121198372915], [-1.703668460715562, 55.040714614558965], [-1.704903898295015, 55.041433297796175], [-1.703668460715562, 55.042151981033385], [-1.703668460715562, 55.043589347507805], [-1.7042861795052886, 55.04394868912641], [-1.7067570546641946, 55.04394868912641], [-1.707374773453921, 55.044308030745015], [-1.707374773453921, 55.045745397219434], [-1.708610211033374, 55.046464080456644], [-1.708610211033374, 55.050057496642694], [-1.7092279298231006, 55.0504168382613], [-1.7104633674025536, 55.0504168382613], [-1.7116988049820065, 55.04969815502409], [-1.7129342425614595, 55.04969815502409], [-1.7141696801409125, 55.0504168382613], [-1.7178759928792715, 55.0504168382613], [-1.7215823056176305, 55.04826078854967], [-1.72343546198681, 55.049338813405484], [-1.72343546198681, 55.050057496642694], [-1.7252886183559895, 55.05113552149851], [-1.7277594935148954, 55.05113552149851], [-1.7289949310943484, 55.05185420473572], [-1.7302303686738014, 55.05185420473572], [-1.730848087463528, 55.052213546354324], [-1.730848087463528, 55.05293222959153], [-1.732083525042981, 55.05365091282874], [-1.732083525042981, 55.05652564577758], [-1.7327012438327074, 55.05688498739619], [-1.7339366814121604, 55.05616630415898], [-1.7351721189916134, 55.05616630415898], [-1.7364075565710664, 55.05544762092177], [-1.7376429941505194, 55.05616630415898], [-1.7401138693094254, 55.05616630415898], [-1.7407315880991518, 55.05652564577758], [-1.7401138693094254, 55.05688498739619], [-1.7388784317299724, 55.05688498739619], [-1.7382607129402459, 55.05724432901479], [-1.7382607129402459, 55.057963012252], [-1.7388784317299724, 55.05832235387061], [-1.7413493068888783, 55.05832235387061], [-1.7425847444683313, 55.05904103710782], [-1.7438201820477843, 55.05904103710782], [-1.7444379008375108, 55.05868169548921], [-1.7444379008375108, 55.05652564577758], [-1.7450556196272373, 55.05616630415898], [-1.7456733384169638, 55.05652564577758], [-1.7456733384169638, 55.057963012252], [-1.7469087759964168, 55.05868169548921], [-1.7456733384169638, 55.05940037872642], [-1.7456733384169638, 55.06011906196363], [-1.7481442135758698, 55.06155642843805], [-1.7481442135758698, 55.06227511167526], [-1.7456733384169638, 55.06371247814968], [-1.7456733384169638, 55.06443116138689], [-1.7475264947861433, 55.06550918624271], [-1.7487619323655963, 55.06550918624271], [-1.7493796511553228, 55.06586852786131], [-1.7481442135758698, 55.06658721109852], [-1.7481442135758698, 55.06802457757294], [-1.7493796511553228, 55.06874326081015], [-1.7481442135758698, 55.06946194404736], [-1.7481442135758698, 55.07018062728457], [-1.7469087759964168, 55.07089931052178], [-1.7469087759964168, 55.07161799375899], [-1.7475264947861433, 55.071977335377596], [-1.7487619323655963, 55.071977335377596], [-1.7499973699450493, 55.072696018614806], [-1.7537036826834083, 55.072696018614806], [-1.7561745578423142, 55.071258652140386], [-1.7574099954217672, 55.071977335377596], [-1.7580277142114937, 55.07161799375899], [-1.7567922766320407, 55.07089931052178], [-1.7580277142114937, 55.07018062728457], [-1.7580277142114937, 55.06874326081015], [-1.7574099954217672, 55.06838391919155], [-1.7561745578423142, 55.06838391919155], [-1.7555568390525877, 55.06802457757294], [-1.7555568390525877, 55.06730589433573], [-1.7543214014731348, 55.06658721109852], [-1.7543214014731348, 55.0651498446241], [-1.7549391202628613, 55.0647905030055], [-1.7561745578423142, 55.0647905030055], [-1.7567922766320407, 55.06443116138689], [-1.7567922766320407, 55.06371247814968], [-1.7561745578423142, 55.06335313653108], [-1.7549391202628613, 55.06335313653108], [-1.7543214014731348, 55.06299379491247], [-1.7543214014731348, 55.06227511167526], [-1.7530859638936818, 55.06155642843805], [-1.7537036826834083, 55.06119708681945], [-1.7549391202628613, 55.06119708681945], [-1.7555568390525877, 55.06083774520084], [-1.7530859638936818, 55.05940037872642], [-1.7530859638936818, 55.05868169548921], [-1.7524682451039553, 55.05832235387061], [-1.7499973699450493, 55.05832235387061], [-1.7493796511553228, 55.057963012252], [-1.7506150887347758, 55.05724432901479], [-1.7506150887347758, 55.05652564577758], [-1.7512328075245023, 55.05616630415898], [-1.7549391202628613, 55.05616630415898], [-1.7567922766320407, 55.05508827930316], [-1.7567922766320407, 55.05436959606595], [-1.7574099954217672, 55.05401025444735], [-1.7598808705806732, 55.05401025444735], [-1.7604985893703997, 55.05365091282874], [-1.7604985893703997, 55.050776179879904], [-1.7592631517909467, 55.050057496642694], [-1.7592631517909467, 55.046464080456644], [-1.7611163081601262, 55.04538605560083], [-1.7635871833190322, 55.04538605560083], [-1.7660580584779382, 55.04394868912641], [-1.7685289336368442, 55.04394868912641], [-1.7691466524265707, 55.043589347507805], [-1.7691466524265707, 55.040714614558965], [-1.7697643712162971, 55.04035527294036], [-1.7709998087957501, 55.04107395617757], [-1.7722352463752031, 55.04107395617757], [-1.7728529651649296, 55.040714614558965], [-1.7728529651649296, 55.039995931321755], [-1.7740884027443826, 55.039277248084545], [-1.7740884027443826, 55.037121198372915], [-1.7734706839546561, 55.03676185675431], [-1.7722352463752031, 55.03676185675431], [-1.7716175275854766, 55.036402515135705], [-1.7716175275854766, 55.034965148661286], [-1.7722352463752031, 55.03460580704268], [-1.7728529651649296, 55.034965148661286], [-1.7728529651649296, 55.035683831898496], [-1.7734706839546561, 55.0360431735171], [-1.777176996693015, 55.0360431735171], [-1.7777947154827416, 55.035683831898496], [-1.777176996693015, 55.03532449027989], [-1.775941559113562, 55.03532449027989], [-1.7728529651649296, 55.033527782186866], [-1.7728529651649296, 55.032809098949656], [-1.7722352463752031, 55.03244975733105], [-1.7709998087957501, 55.03316844056826], [-1.7703820900060236, 55.032809098949656], [-1.7703820900060236, 55.032090415712446], [-1.7697643712162971, 55.03173107409384], [-1.7660580584779382, 55.03173107409384], [-1.7654403396882117, 55.031371732475236], [-1.7654403396882117, 55.030653049238026], [-1.7648226208984852, 55.03029370761942], [-1.7635871833190322, 55.03029370761942], [-1.7623517457395792, 55.02957502438221], [-1.7617340269498527, 55.029934366000816], [-1.7629694645293057, 55.030653049238026], [-1.7623517457395792, 55.03101239085663], [-1.7611163081601262, 55.03101239085663], [-1.7592631517909467, 55.032090415712446], [-1.7598808705806732, 55.03244975733105], [-1.7611163081601262, 55.03244975733105], [-1.7617340269498527, 55.032809098949656], [-1.7617340269498527, 55.034246465424076], [-1.7629694645293057, 55.034965148661286], [-1.7623517457395792, 55.03532449027989], [-1.7611163081601262, 55.03532449027989], [-1.7604985893703997, 55.034965148661286], [-1.7604985893703997, 55.033527782186866], [-1.7598808705806732, 55.03316844056826], [-1.7592631517909467, 55.033527782186866], [-1.7592631517909467, 55.035683831898496], [-1.7586454330012202, 55.0360431735171], [-1.7574099954217672, 55.03532449027989], [-1.7549391202628613, 55.03532449027989], [-1.7537036826834083, 55.0360431735171], [-1.7524682451039553, 55.0360431735171], [-1.7512328075245023, 55.03532449027989], [-1.7506150887347758, 55.035683831898496], [-1.7506150887347758, 55.036402515135705], [-1.7499973699450493, 55.03676185675431], [-1.7487619323655963, 55.0360431735171], [-1.7481442135758698, 55.036402515135705], [-1.7481442135758698, 55.037121198372915], [-1.7469087759964168, 55.037839881610125], [-1.7475264947861433, 55.03819922322873], [-1.7487619323655963, 55.03819922322873], [-1.7493796511553228, 55.038558564847335], [-1.7493796511553228, 55.039995931321755], [-1.7487619323655963, 55.04035527294036], [-1.7475264947861433, 55.03963658970315], [-1.7469087759964168, 55.039995931321755], [-1.7481442135758698, 55.040714614558965], [-1.7481442135758698, 55.041433297796175], [-1.7475264947861433, 55.04179263941478], [-1.7425847444683313, 55.04179263941478], [-1.7407315880991518, 55.040714614558965], [-1.7407315880991518, 55.039995931321755], [-1.7401138693094254, 55.03963658970315], [-1.7376429941505194, 55.03963658970315], [-1.7364075565710664, 55.04035527294036], [-1.7357898377813399, 55.039995931321755], [-1.7357898377813399, 55.039277248084545], [-1.7351721189916134, 55.03891790646594], [-1.7327012438327074, 55.04035527294036], [-1.7314658062532544, 55.04035527294036], [-1.730848087463528, 55.039995931321755], [-1.730848087463528, 55.039277248084545], [-1.728377212304622, 55.037839881610125], [-1.728377212304622, 55.037121198372915], [-1.7277594935148954, 55.03676185675431], [-1.7240531807765365, 55.03676185675431], [-1.72343546198681, 55.036402515135705], [-1.72343546198681, 55.032809098949656], [-1.7228177431970835, 55.03244975733105], [-1.7215823056176305, 55.03244975733105], [-1.7203468680381775, 55.03173107409384], [-1.7166405552998185, 55.03173107409384], [-1.716022836510092, 55.031371732475236], [-1.718493711668998, 55.029934366000816], [-1.716022836510092, 55.028496999526396], [-1.716022836510092, 55.02777831628919], [-1.7166405552998185, 55.02741897467058], [-1.7203468680381775, 55.02741897467058], [-1.720964586827904, 55.02705963305198], [-1.720964586827904, 55.02418490010314], [-1.7203468680381775, 55.02382555848453], [-1.7166405552998185, 55.02382555848453], [-1.716022836510092, 55.02346621686593], [-1.716022836510092, 55.02274753362872], [-1.7154051177203655, 55.02238819201011], [-1.7129342425614595, 55.02238819201011], [-1.7092279298231006, 55.02454424172174], [-1.7079924922436476, 55.02454424172174], [-1.7067570546641946, 55.02382555848453], [-1.7055216170847416, 55.02382555848453], [-1.7042861795052886, 55.02310687524732], [-1.7030507419258356, 55.02310687524732], [-1.7018153043463826, 55.02238819201011], [-1.7005798667669296, 55.02238819201011], [-1.6999621479772031, 55.02202885039151], [-1.6999621479772031, 55.0213101671543], [-1.6993444291874766, 55.02095082553569], [-1.6987267103977501, 55.0213101671543], [-1.6987267103977501, 55.02202885039151], [-1.6981089916080236, 55.02238819201011], [-1.6974912728182971, 55.02202885039151], [-1.6974912728182971, 55.0213101671543], [-1.6937849600799382, 55.01915411744267], [-1.6937849600799382, 55.01843543420546], [-1.6944026788696647, 55.01807609258685], [-1.6956381164491177, 55.01807609258685], [-1.6968735540285707, 55.01735740934964], [-1.6993444291874766, 55.01735740934964], [-1.7005798667669296, 55.01807609258685], [-1.7018153043463826, 55.01735740934964], [-1.7030507419258356, 55.01735740934964], [-1.703668460715562, 55.01699806773104], [-1.703668460715562, 55.01627938449383], [-1.7024330231361091, 55.01556070125662], [-1.7024330231361091, 55.0141233347822], [-1.7042861795052886, 55.01304530992638], [-1.7067570546641946, 55.01304530992638], [-1.7079924922436476, 55.01376399316359], [-1.7092279298231006, 55.01376399316359], [-1.7116988049820065, 55.01232662668917], [-1.7129342425614595, 55.01232662668917], [-1.713551961351186, 55.01268596830778], [-1.713551961351186, 55.0141233347822], [-1.7141696801409125, 55.0144826764008], [-1.7154051177203655, 55.0144826764008], [-1.7166405552998185, 55.01520135963801], [-1.7191114304587245, 55.01376399316359], [-1.7203468680381775, 55.01376399316359], [-1.7215823056176305, 55.01304530992638], [-1.7240531807765365, 55.01304530992638], [-1.7252886183559895, 55.01376399316359], [-1.7265240559354424, 55.01376399316359], [-1.727141774725169, 55.01340465154499], [-1.727141774725169, 55.01196728507057], [-1.7277594935148954, 55.01160794345196], [-1.7289949310943484, 55.01232662668917], [-1.729612649884075, 55.01196728507057], [-1.728377212304622, 55.01124860183336], [-1.728377212304622, 55.01052991859615], [-1.7289949310943484, 55.01017057697754], [-1.7302303686738014, 55.01017057697754], [-1.7314658062532544, 55.01088926021475], [-1.734554400201887, 55.00909255212173], [-1.732083525042981, 55.00765518564731], [-1.732083525042981, 55.00621781917289], [-1.7327012438327074, 55.005858477554284], [-1.7364075565710664, 55.005858477554284], [-1.7382607129402459, 55.00478045269847], [-1.7382607129402459, 54.999749670038], [-1.7370252753607929, 54.99903098680079], [-1.7370252753607929, 54.99831230356358], [-1.7376429941505194, 54.997952961944975], [-1.7388784317299724, 54.997952961944975], [-1.7394961505196989, 54.99831230356358], [-1.7394961505196989, 54.999749670038], [-1.7401138693094254, 55.000109011656605], [-1.7407315880991518, 54.999749670038], [-1.7407315880991518, 54.99903098680079], [-1.7413493068888783, 54.998671645182185], [-1.7425847444683313, 54.998671645182185], [-1.7432024632580578, 54.99903098680079], [-1.7432024632580578, 54.999749670038], [-1.7438201820477843, 55.000109011656605], [-1.7450556196272373, 55.000109011656605], [-1.7462910572066903, 54.999390328419395], [-1.7469087759964168, 54.999749670038], [-1.7469087759964168, 55.00262440298684], [-1.7475264947861433, 55.002983744605444], [-1.7487619323655963, 55.002983744605444], [-1.7512328075245023, 55.001546378131025], [-1.7537036826834083, 55.001546378131025], [-1.7543214014731348, 55.00190571974963], [-1.7543214014731348, 55.00406176946126], [-1.7530859638936818, 55.00478045269847], [-1.7537036826834083, 55.005139794317074], [-1.7549391202628613, 55.005139794317074], [-1.7561745578423142, 55.005858477554284], [-1.7586454330012202, 55.005858477554284], [-1.7592631517909467, 55.00549913593568], [-1.7592631517909467, 55.00334308622405], [-1.7580277142114937, 55.00262440298684], [-1.7586454330012202, 55.002265061368234], [-1.7598808705806732, 55.002265061368234], [-1.7623517457395792, 55.003702427842654], [-1.7635871833190322, 55.002983744605444], [-1.7648226208984852, 55.002983744605444], [-1.7660580584779382, 55.003702427842654], [-1.7672934960573912, 55.002983744605444], [-1.7697643712162971, 55.002983744605444], [-1.7703820900060236, 55.00334308622405], [-1.7679112148471177, 55.00478045269847], [-1.7679112148471177, 55.00549913593568], [-1.7666757772676647, 55.00621781917289], [-1.7672934960573912, 55.006577160791494], [-1.7697643712162971, 55.006577160791494], [-1.7703820900060236, 55.00621781917289], [-1.7703820900060236, 55.00549913593568], [-1.7709998087957501, 55.005139794317074], [-1.7722352463752031, 55.005858477554284], [-1.7728529651649296, 55.00549913593568], [-1.7728529651649296, 55.00478045269847], [-1.7722352463752031, 55.004421111079864], [-1.7709998087957501, 55.004421111079864], [-1.7703820900060236, 55.00406176946126], [-1.7728529651649296, 55.00262440298684], [-1.7728529651649296, 55.00046835327521], [-1.7722352463752031, 55.000109011656605], [-1.7709998087957501, 55.000109011656605], [-1.7703820900060236, 54.999749670038], [-1.7709998087957501, 54.999390328419395], [-1.777176996693015, 54.999390328419395], [-1.7777947154827416, 54.999749670038], [-1.7777947154827416, 55.00118703651242], [-1.7790301530621946, 55.00190571974963], [-1.7790301530621946, 55.00334308622405], [-1.779647871851921, 55.003702427842654], [-1.780883309431374, 55.003702427842654], [-1.782118747010827, 55.002983744605444], [-1.784589622169733, 55.002983744605444], [-1.785825059749186, 55.002265061368234], [-1.7876782161183655, 55.00334308622405], [-1.7876782161183655, 55.00406176946126], [-1.7864427785389125, 55.00478045269847], [-1.7864427785389125, 55.00549913593568], [-1.787060497328639, 55.005858477554284], [-1.789531372487545, 55.005858477554284], [-1.7901490912772715, 55.00621781917289], [-1.7901490912772715, 55.0069365024101], [-1.790766810066998, 55.007295844028704], [-1.7926199664361775, 55.00621781917289], [-1.792002247646451, 55.005858477554284], [-1.790766810066998, 55.005858477554284], [-1.7901490912772715, 55.00549913593568], [-1.7913845288567245, 55.00478045269847], [-1.7901490912772715, 55.00406176946126], [-1.7901490912772715, 55.00262440298684], [-1.792002247646451, 55.001546378131025], [-1.79570856038481, 55.001546378131025], [-1.7963262791745365, 55.00190571974963], [-1.7963262791745365, 55.00262440298684], [-1.7950908415950835, 55.00334308622405], [-1.7950908415950835, 55.00478045269847], [-1.7938554040156305, 55.00549913593568], [-1.79570856038481, 55.006577160791494], [-1.796943997964263, 55.006577160791494], [-1.7975617167539895, 55.00621781917289], [-1.7975617167539895, 55.00549913593568], [-1.7987971543334424, 55.00478045269847], [-1.7987971543334424, 55.00190571974963], [-1.7975617167539895, 55.00118703651242], [-1.799414873123169, 55.000109011656605], [-1.800650310702622, 55.000109011656605], [-1.8012680294923484, 55.00046835327521], [-1.8012680294923484, 55.00406176946126], [-1.8025034670718014, 55.00478045269847], [-1.8025034670718014, 55.00549913593568], [-1.803121185861528, 55.005858477554284], [-1.804356623440981, 55.005858477554284], [-1.805592061020434, 55.006577160791494], [-1.8074452173896134, 55.00549913593568], [-1.8074452173896134, 55.00478045269847], [-1.8099160925485194, 55.00334308622405], [-1.8099160925485194, 55.00262440298684], [-1.8123869677074254, 55.00118703651242], [-1.8123869677074254, 55.00046835327521], [-1.8099160925485194, 54.99903098680079], [-1.8099160925485194, 54.99687493708916], [-1.8105338113382459, 54.996515595470555], [-1.8130046864971519, 54.996515595470555], [-1.8154755616560578, 54.995078228996135], [-1.8179464368149638, 54.995078228996135], [-1.8191818743944168, 54.994359545758925], [-1.8216527495533228, 54.994359545758925], [-1.8228881871327758, 54.993640862521715], [-1.8235059059225023, 54.99400020414032], [-1.8235059059225023, 54.99471888737753], [-1.8247413435019553, 54.99543757061474], [-1.8247413435019553, 54.99687493708916], [-1.8253590622916818, 54.997234278707765], [-1.8265944998711348, 54.996515595470555], [-1.8278299374505877, 54.996515595470555], [-1.8296830938197672, 54.99759362032637], [-1.8290653750300407, 54.997952961944975], [-1.8278299374505877, 54.997952961944975], [-1.8272122186608613, 54.99831230356358], [-1.8272122186608613, 54.99903098680079], [-1.8278299374505877, 54.999390328419395], [-1.8290653750300407, 54.998671645182185], [-1.8303008126094937, 54.998671645182185], [-1.8315362501889467, 54.999390328419395], [-1.8327716877683997, 54.999390328419395], [-1.8333894065581262, 54.99903098680079], [-1.8333894065581262, 54.99831230356358], [-1.8340071253478527, 54.997952961944975], [-1.8364780005067587, 54.997952961944975], [-1.8370957192964852, 54.99831230356358], [-1.8370957192964852, 54.99903098680079], [-1.8389488756656647, 55.000109011656605], [-1.8414197508245707, 55.000109011656605], [-1.8420374696142972, 54.999749670038], [-1.8420374696142972, 54.99687493708916], [-1.8432729071937501, 54.99615625385195], [-1.8420374696142972, 54.99543757061474], [-1.8420374696142972, 54.99471888737753], [-1.8414197508245707, 54.994359545758925], [-1.8389488756656647, 54.994359545758925], [-1.8370957192964852, 54.99328152090311], [-1.8370957192964852, 54.99184415442869], [-1.8377134380862117, 54.991484812810086], [-1.8401843132451177, 54.991484812810086], [-1.8414197508245707, 54.990766129572876], [-1.8426551884040236, 54.990766129572876], [-1.8438906259834766, 54.991484812810086], [-1.8451260635629296, 54.991484812810086], [-1.8457437823526561, 54.99184415442869], [-1.8457437823526561, 54.99328152090311], [-1.8463615011423826, 54.993640862521715], [-1.8475969387218356, 54.993640862521715], [-1.848214657511562, 54.99400020414032], [-1.848214657511562, 54.99471888737753], [-1.8488323763012886, 54.995078228996135], [-1.8500678138807416, 54.995078228996135], [-1.850685532670468, 54.99543757061474], [-1.850685532670468, 54.99615625385195], [-1.8525386890396476, 54.997234278707765], [-1.8537741266191006, 54.997234278707765], [-1.854391845408827, 54.99687493708916], [-1.854391845408827, 54.99543757061474], [-1.8562450017780066, 54.994359545758925], [-1.856862720567733, 54.99471888737753], [-1.856862720567733, 54.99543757061474], [-1.8574804393574595, 54.995796912233345], [-1.8599513145163655, 54.995796912233345], [-1.8611867520958185, 54.996515595470555], [-1.8636576272547245, 54.995078228996135], [-1.8673639399930835, 54.995078228996135], [-1.8685993775725365, 54.995796912233345], [-1.8710702527314425, 54.995796912233345], [-1.874158846680075, 54.99400020414032], [-1.874158846680075, 54.99328152090311], [-1.875394284259528, 54.9925628376659], [-1.875394284259528, 54.99184415442869], [-1.8760120030492544, 54.991484812810086], [-1.8772474406287074, 54.991484812810086], [-1.877865159418434, 54.99112547119148], [-1.877865159418434, 54.98968810471706], [-1.8784828782081604, 54.989328763098456], [-1.8797183157876134, 54.989328763098456], [-1.8803360345773399, 54.98896942147985], [-1.8803360345773399, 54.98825073824264], [-1.8809537533670664, 54.987891396624036], [-1.8834246285259724, 54.987891396624036], [-1.8840423473156989, 54.98753205500543], [-1.8840423473156989, 54.98465732205659], [-1.8828069097362459, 54.98393863881938], [-1.8828069097362459, 54.98321995558217], [-1.8821891909465194, 54.98286061396357], [-1.8809537533670664, 54.98286061396357], [-1.879100596997887, 54.98393863881938], [-1.8803360345773399, 54.98465732205659], [-1.8803360345773399, 54.9853760052938], [-1.8784828782081604, 54.986454030149616], [-1.872923409100622, 54.98321995558217], [-1.872923409100622, 54.98250127234496], [-1.8723056903108954, 54.98214193072636], [-1.8698348151519895, 54.98214193072636], [-1.869217096362263, 54.98178258910775], [-1.869217096362263, 54.9781891729217], [-1.8673639399930835, 54.97711114806589], [-1.866746221203357, 54.97747048968449], [-1.866746221203357, 54.97890785615891], [-1.865510783623904, 54.97962653939612], [-1.865510783623904, 54.98106390587054], [-1.8648930648341775, 54.98142324748915], [-1.8636576272547245, 54.98142324748915], [-1.8611867520958185, 54.98286061396357], [-1.8587158769369125, 54.98286061396357], [-1.856862720567733, 54.98178258910775], [-1.856862720567733, 54.98106390587054], [-1.85562728298828, 54.98034522263333], [-1.85562728298828, 54.97962653939612], [-1.8550095641985536, 54.97926719777752], [-1.8513032514601946, 54.97926719777752], [-1.8500678138807416, 54.97998588101473], [-1.8438906259834766, 54.97998588101473], [-1.8432729071937501, 54.98034522263333], [-1.8432729071937501, 54.98250127234496], [-1.8451260635629296, 54.98357929720078], [-1.8463615011423826, 54.98357929720078], [-1.8469792199321091, 54.98393863881938], [-1.8469792199321091, 54.98465732205659], [-1.8451260635629296, 54.985735346912406], [-1.8420374696142972, 54.98393863881938], [-1.8420374696142972, 54.98321995558217], [-1.8395665944553912, 54.98178258910775], [-1.8395665944553912, 54.98034522263333], [-1.8383311568759382, 54.97962653939612], [-1.8383311568759382, 54.97890785615891], [-1.8370957192964852, 54.9781891729217], [-1.8370957192964852, 54.97747048968449], [-1.8364780005067587, 54.97711114806589], [-1.8358602817170322, 54.97747048968449], [-1.8358602817170322, 54.9781891729217], [-1.8352425629273057, 54.97854851454031], [-1.8346248441375792, 54.9781891729217], [-1.8346248441375792, 54.97747048968449], [-1.8333894065581262, 54.97675180644728], [-1.8327716877683997, 54.976302629424026], [-1.8319995392812416, 54.97459575673565], [-1.8327716877683997, 54.97495509835426], [-1.8333894065581262, 54.97459575673565], [-1.8321539689786732, 54.97387707349844], [-1.8333894065581262, 54.97315839026123], [-1.8333894065581262, 54.97243970702402], [-1.8303008126094937, 54.970642998931], [-1.8290653750300407, 54.970642998931], [-1.8272122186608613, 54.97172102378681], [-1.8261312107788399, 54.97243970702402], [-1.8241236247122288, 54.97136168216821], [-1.8228881871327758, 54.97136168216821], [-1.8222704683430493, 54.97172102378681], [-1.8228881871327758, 54.97217020081007], [-1.8216527495533228, 54.97342789647519], [-1.8191818743944168, 54.97423641511705], [-1.8184097259072587, 54.97459575673565], [-1.816247710143216, 54.97459575673565], [-1.8160932804457843, 54.97387707349844], [-1.8142401240766048, 54.97279904864263], [-1.8130046864971519, 54.97279904864263], [-1.8123869677074254, 54.97315839026123], [-1.8136224052868783, 54.97387707349844], [-1.8111515301279724, 54.97531443997286], [-1.8117692489176989, 54.97567378159147], [-1.8130046864971519, 54.97576361699612], [-1.8105338113382459, 54.97711114806589], [-1.8099160925485194, 54.97747048968449], [-1.8117692489176989, 54.97854851454031], [-1.8130046864971519, 54.97854851454031], [-1.8136224052868783, 54.97890785615891], [-1.8136224052868783, 54.98034522263333], [-1.8148578428663313, 54.98106390587054], [-1.8148578428663313, 54.98321995558217], [-1.8160932804457843, 54.98393863881938], [-1.8148578428663313, 54.98465732205659], [-1.8148578428663313, 54.9853760052938], [-1.8142401240766048, 54.985735346912406], [-1.8105338113382459, 54.985735346912406], [-1.8092983737587929, 54.986454030149616], [-1.8080629361793399, 54.986454030149616], [-1.805592061020434, 54.9850166636752], [-1.8049743422307074, 54.9853760052938], [-1.8049743422307074, 54.98609468853101], [-1.804356623440981, 54.986454030149616], [-1.803121185861528, 54.985735346912406], [-1.8025034670718014, 54.98609468853101], [-1.8025034670718014, 54.98681337176822], [-1.8012680294923484, 54.98753205500543], [-1.8012680294923484, 54.98896942147985], [-1.800650310702622, 54.989328763098456], [-1.79570856038481, 54.989328763098456], [-1.794473122805357, 54.990047446335666], [-1.793237685225904, 54.990047446335666], [-1.7926199664361775, 54.98968810471706], [-1.7938554040156305, 54.98896942147985], [-1.7938554040156305, 54.98825073824264], [-1.793237685225904, 54.987891396624036], [-1.788295934908092, 54.987891396624036], [-1.7876782161183655, 54.98825073824264], [-1.7889136536978185, 54.98896942147985], [-1.7889136536978185, 54.99112547119148], [-1.788295934908092, 54.991484812810086], [-1.785825059749186, 54.990047446335666], [-1.784589622169733, 54.990047446335666], [-1.7839719033800066, 54.99040678795427], [-1.7839719033800066, 54.99112547119148], [-1.78335418459028, 54.991484812810086], [-1.782118747010827, 54.990766129572876], [-1.7802655906416476, 54.99184415442869], [-1.7802655906416476, 54.99328152090311], [-1.7815010282211006, 54.99400020414032], [-1.780883309431374, 54.994359545758925], [-1.779647871851921, 54.994359545758925], [-1.777176996693015, 54.992922179284506], [-1.7747061215341091, 54.992922179284506], [-1.7728529651649296, 54.99184415442869], [-1.7728529651649296, 54.99112547119148], [-1.7703820900060236, 54.98968810471706], [-1.7709998087957501, 54.989328763098456], [-1.7722352463752031, 54.989328763098456], [-1.7728529651649296, 54.98896942147985], [-1.7728529651649296, 54.98825073824264], [-1.7703820900060236, 54.98681337176822], [-1.7703820900060236, 54.98609468853101], [-1.7697643712162971, 54.985735346912406], [-1.7685289336368442, 54.985735346912406], [-1.7666757772676647, 54.98465732205659], [-1.7679112148471177, 54.98393863881938], [-1.7679112148471177, 54.98321995558217], [-1.7672934960573912, 54.98286061396357], [-1.7586454330012202, 54.98286061396357], [-1.7499973699450493, 54.98223176613101], [-1.7561745578423142, 54.98223176613101], [-1.7611163081601262, 54.98079439965659], [-1.7635871833190322, 54.98070456425194], [-1.7643593318061903, 54.98034522263333], [-1.768992222729139, 54.98034522263333], [-1.7697643712162971, 54.98070456425194], [-1.7722352463752031, 54.98079439965659], [-1.7734706839546561, 54.98079439965659], [-1.777176996693015, 54.98070456425194], [-1.7777947154827416, 54.98034522263333], [-1.7777947154827416, 54.97890785615891], [-1.778412434272468, 54.97854851454031], [-1.779647871851921, 54.97854851454031], [-1.7815010282211006, 54.97747048968449], [-1.779647871851921, 54.97639246482868], [-1.777176996693015, 54.97639246482868], [-1.7765592779032886, 54.97603312321007], [-1.778412434272468, 54.97495509835426], [-1.779647871851921, 54.97495509835426], [-1.780883309431374, 54.97423641511705], [-1.78335418459028, 54.97423641511705], [-1.7852073409594595, 54.97531443997286], [-1.7852073409594595, 54.97747048968449], [-1.787060497328639, 54.97854851454031], [-1.789531372487545, 54.97854851454031], [-1.7901490912772715, 54.97890785615891], [-1.7876782161183655, 54.98034522263333], [-1.788295934908092, 54.98070456425194], [-1.790766810066998, 54.98070456425194], [-1.7913845288567245, 54.98106390587054], [-1.7913845288567245, 54.98178258910775], [-1.792002247646451, 54.98214193072636], [-1.7950908415950835, 54.98034522263333], [-1.7950908415950835, 54.97962653939612], [-1.7963262791745365, 54.97890785615891], [-1.7963262791745365, 54.9781891729217], [-1.79570856038481, 54.9778298313031], [-1.794473122805357, 54.9778298313031], [-1.7913845288567245, 54.97603312321007], [-1.7913845288567245, 54.97531443997286], [-1.792002247646451, 54.97495509835426], [-1.794473122805357, 54.97495509835426], [-1.7950908415950835, 54.97459575673565], [-1.7950908415950835, 54.97387707349844], [-1.796943997964263, 54.97279904864263], [-1.798179435543716, 54.97279904864263], [-1.8000325919128954, 54.97172102378681], [-1.8000325919128954, 54.96884629083797], [-1.8012680294923484, 54.96812760760076], [-1.8012680294923484, 54.96740892436355], [-1.801885748282075, 54.96704958274495], [-1.804356623440981, 54.96704958274495], [-1.8062097798101604, 54.965971557889134], [-1.8062097798101604, 54.963815508177504], [-1.8086806549690664, 54.962378141703084], [-1.8086806549690664, 54.961659458465874], [-1.8092983737587929, 54.96130011684727], [-1.8130046864971519, 54.96130011684727], [-1.8142401240766048, 54.96058143361006], [-1.8154755616560578, 54.96058143361006], [-1.8160932804457843, 54.960940775228664], [-1.8148578428663313, 54.961659458465874], [-1.8154755616560578, 54.96201880008448], [-1.8167109992355108, 54.96201880008448], [-1.8179464368149638, 54.96130011684727], [-1.8204173119738698, 54.96130011684727], [-1.8228881871327758, 54.95986275037285], [-1.8241236247122288, 54.95986275037285], [-1.8247413435019553, 54.959503408754244], [-1.8247413435019553, 54.957347359042615], [-1.8241236247122288, 54.95698801742401], [-1.8228881871327758, 54.95698801742401], [-1.8204173119738698, 54.95555065094959], [-1.8191818743944168, 54.9562693341868], [-1.8179464368149638, 54.95555065094959], [-1.8142401240766048, 54.95555065094959], [-1.8099160925485194, 54.958066042279825], [-1.8099160925485194, 54.958784725517035], [-1.8092983737587929, 54.95914406713564], [-1.806827498599887, 54.95770670066122], [-1.805592061020434, 54.95770670066122], [-1.804356623440981, 54.95698801742401], [-1.800650310702622, 54.95914406713564], [-1.799414873123169, 54.95914406713564], [-1.7987971543334424, 54.959503408754244], [-1.7987971543334424, 54.960222091991454], [-1.798179435543716, 54.96058143361006], [-1.796943997964263, 54.96058143361006], [-1.79570856038481, 54.96130011684727], [-1.794473122805357, 54.96130011684727], [-1.793237685225904, 54.96058143361006], [-1.792002247646451, 54.96058143361006], [-1.790766810066998, 54.96130011684727], [-1.789531372487545, 54.96058143361006], [-1.787060497328639, 54.96058143361006], [-1.7864427785389125, 54.960940775228664], [-1.7876782161183655, 54.961659458465874], [-1.7876782161183655, 54.962378141703084], [-1.787060497328639, 54.96273748332169], [-1.785825059749186, 54.96273748332169], [-1.784589622169733, 54.96201880008448], [-1.78335418459028, 54.96201880008448], [-1.782118747010827, 54.96130011684727], [-1.780883309431374, 54.96130011684727], [-1.7802655906416476, 54.961659458465874], [-1.7802655906416476, 54.962378141703084], [-1.7777947154827416, 54.963815508177504], [-1.7777947154827416, 54.964534191414714], [-1.777176996693015, 54.96489353303332], [-1.775941559113562, 54.96489353303332], [-1.7747061215341091, 54.96417484979611], [-1.7734706839546561, 54.96417484979611], [-1.7722352463752031, 54.9634561665589], [-1.7697643712162971, 54.96489353303332], [-1.7685289336368442, 54.96417484979611], [-1.7679112148471177, 54.964534191414714], [-1.7679112148471177, 54.965252874651924], [-1.7672934960573912, 54.96561221627053], [-1.7635871833190322, 54.96561221627053], [-1.7598808705806732, 54.9634561665589], [-1.7586454330012202, 54.9634561665589], [-1.7574099954217672, 54.96273748332169], [-1.7549391202628613, 54.96273748332169], [-1.7537036826834083, 54.96201880008448], [-1.7475264947861433, 54.96201880008448], [-1.7469087759964168, 54.961659458465874], [-1.7469087759964168, 54.960940775228664], [-1.7456733384169638, 54.960222091991454], [-1.7456733384169638, 54.959503408754244], [-1.7450556196272373, 54.95914406713564], [-1.7438201820477843, 54.95986275037285], [-1.7425847444683313, 54.95986275037285], [-1.7419670256786048, 54.959503408754244], [-1.7419670256786048, 54.958784725517035], [-1.7432024632580578, 54.958066042279825], [-1.7419670256786048, 54.957347359042615], [-1.7425847444683313, 54.95698801742401], [-1.7462910572066903, 54.95698801742401], [-1.7475264947861433, 54.9562693341868], [-1.7487619323655963, 54.9562693341868], [-1.7493796511553228, 54.955909992568195], [-1.7493796511553228, 54.954472626093775], [-1.7469087759964168, 54.953035259619355], [-1.7469087759964168, 54.952316576382145], [-1.7462910572066903, 54.95195723476354], [-1.7438201820477843, 54.95195723476354], [-1.7432024632580578, 54.951597893144935], [-1.7432024632580578, 54.948723160196096], [-1.7425847444683313, 54.94836381857749], [-1.7413493068888783, 54.94836381857749], [-1.7401138693094254, 54.9490825018147], [-1.7382607129402459, 54.948004476958886], [-1.7382607129402459, 54.946567110484466], [-1.7364075565710664, 54.94548908562865], [-1.7351721189916134, 54.94548908562865], [-1.7339366814121604, 54.94620776886586], [-1.7327012438327074, 54.94620776886586], [-1.7302303686738014, 54.94477040239144], [-1.7277594935148954, 54.94477040239144], [-1.724670899566263, 54.942973694298416], [-1.7252886183559895, 54.94261435267981], [-1.7265240559354424, 54.94261435267981], [-1.7277594935148954, 54.9418956694426], [-1.7302303686738014, 54.9418956694426], [-1.730848087463528, 54.94225501106121], [-1.730848087463528, 54.942973694298416], [-1.7314658062532544, 54.94333303591702], [-1.7327012438327074, 54.94333303591702], [-1.733318962622434, 54.943692377535626], [-1.733318962622434, 54.944411060772836], [-1.7339366814121604, 54.94477040239144], [-1.7382607129402459, 54.94225501106121], [-1.7382607129402459, 54.941536327824], [-1.7370252753607929, 54.94081764458679], [-1.7370252753607929, 54.93938027811237], [-1.7382607129402459, 54.93866159487516], [-1.7382607129402459, 54.93722422840074], [-1.7370252753607929, 54.93650554516353], [-1.7370252753607929, 54.93578686192632], [-1.7376429941505194, 54.93542752030771], [-1.7388784317299724, 54.93542752030771], [-1.7407315880991518, 54.93650554516353], [-1.7407315880991518, 54.93722422840074], [-1.7413493068888783, 54.93758357001934], [-1.7425847444683313, 54.93758357001934], [-1.7438201820477843, 54.93830225325655], [-1.7450556196272373, 54.93830225325655], [-1.7456733384169638, 54.93794291163795], [-1.7444379008375108, 54.93722422840074], [-1.7444379008375108, 54.93650554516353], [-1.7450556196272373, 54.93614620354492], [-1.7462910572066903, 54.93614620354492], [-1.7469087759964168, 54.93578686192632], [-1.7469087759964168, 54.9343494954519], [-1.7462910572066903, 54.93399015383329], [-1.7450556196272373, 54.93399015383329], [-1.7444379008375108, 54.93363081221469], [-1.7444379008375108, 54.93219344574027], [-1.7450556196272373, 54.93183410412166], [-1.7462910572066903, 54.93183410412166], [-1.7475264947861433, 54.93255278735887], [-1.7487619323655963, 54.93255278735887], [-1.7506150887347758, 54.93147476250306], [-1.7506150887347758, 54.92860002955422], [-1.7530859638936818, 54.9271626630798], [-1.7518505263142288, 54.92644397984259], [-1.7518505263142288, 54.92428793013096], [-1.7524682451039553, 54.923928588512354], [-1.7537036826834083, 54.923928588512354], [-1.7561745578423142, 54.92536595498677], [-1.7586454330012202, 54.92536595498677], [-1.7598808705806732, 54.92608463822398], [-1.7611163081601262, 54.92608463822398], [-1.7623517457395792, 54.92536595498677], [-1.7648226208984852, 54.92536595498677], [-1.7660580584779382, 54.92608463822398], [-1.7672934960573912, 54.92608463822398], [-1.7703820900060236, 54.92788134631701], [-1.7703820900060236, 54.92860002955422], [-1.7697643712162971, 54.92895937117282], [-1.7685289336368442, 54.92824068793561], [-1.7672934960573912, 54.92824068793561], [-1.7654403396882117, 54.92931871279143], [-1.7672934960573912, 54.93039673764724], [-1.7685289336368442, 54.93039673764724], [-1.7697643712162971, 54.92967805441003], [-1.7716175275854766, 54.93075607926585], [-1.7716175275854766, 54.93147476250306], [-1.7703820900060236, 54.93219344574027], [-1.7703820900060236, 54.93363081221469], [-1.7691466524265707, 54.9343494954519], [-1.7697643712162971, 54.9347088370705], [-1.7734706839546561, 54.9347088370705], [-1.7740884027443826, 54.93506817868911], [-1.7740884027443826, 54.93650554516353], [-1.7747061215341091, 54.93686488678213], [-1.775941559113562, 54.93686488678213], [-1.7765592779032886, 54.93722422840074], [-1.7765592779032886, 54.93794291163795], [-1.777176996693015, 54.93830225325655], [-1.778412434272468, 54.93830225325655], [-1.782118747010827, 54.94045830296818], [-1.784589622169733, 54.94045830296818], [-1.787060497328639, 54.93902093649376], [-1.789531372487545, 54.93902093649376], [-1.792002247646451, 54.94045830296818], [-1.794473122805357, 54.94045830296818], [-1.796943997964263, 54.93902093649376], [-1.798179435543716, 54.93902093649376], [-1.8000325919128954, 54.93794291163795], [-1.8000325919128954, 54.93722422840074], [-1.8012680294923484, 54.93650554516353], [-1.8012680294923484, 54.93578686192632], [-1.803121185861528, 54.9347088370705], [-1.804356623440981, 54.9347088370705], [-1.8049743422307074, 54.93506817868911], [-1.8049743422307074, 54.93578686192632], [-1.8037389046512544, 54.93650554516353], [-1.804356623440981, 54.93686488678213], [-1.805592061020434, 54.93614620354492], [-1.8080629361793399, 54.93614620354492], [-1.8092983737587929, 54.93542752030771], [-1.8105338113382459, 54.93542752030771], [-1.8111515301279724, 54.93506817868911], [-1.8111515301279724, 54.93147476250306], [-1.8074452173896134, 54.92931871279143], [-1.8080629361793399, 54.92895937117282], [-1.8092983737587929, 54.92895937117282], [-1.8123869677074254, 54.9271626630798], [-1.8123869677074254, 54.92644397984259], [-1.8111515301279724, 54.92572529660538], [-1.8130046864971519, 54.92464727174956], [-1.8142401240766048, 54.92464727174956], [-1.8154755616560578, 54.92536595498677], [-1.8167109992355108, 54.92536595498677], [-1.8173287180252373, 54.92500661336817], [-1.8173287180252373, 54.92428793013096], [-1.8185641556046903, 54.92356924689375], [-1.8185641556046903, 54.92069451394491], [-1.8191818743944168, 54.920335172326304], [-1.8216527495533228, 54.920335172326304], [-1.8222704683430493, 54.9199758307077], [-1.8222704683430493, 54.91853846423328], [-1.8210350307635963, 54.91781978099607], [-1.8210350307635963, 54.91710109775886], [-1.8204173119738698, 54.916741756140254], [-1.8191818743944168, 54.917460439377464], [-1.8167109992355108, 54.917460439377464], [-1.8160932804457843, 54.91710109775886], [-1.8167109992355108, 54.916741756140254], [-1.8179464368149638, 54.916741756140254], [-1.8210350307635963, 54.91494504804723], [-1.8191818743944168, 54.913867023191415], [-1.8179464368149638, 54.913867023191415], [-1.8136224052868783, 54.91135163186118], [-1.8142401240766048, 54.910992290242575], [-1.8154755616560578, 54.910992290242575], [-1.8160932804457843, 54.91063294862397], [-1.8154755616560578, 54.910273607005365], [-1.8142401240766048, 54.910273607005365], [-1.8123869677074254, 54.91135163186118], [-1.8148578428663313, 54.9127889983356], [-1.8148578428663313, 54.91494504804723], [-1.8160932804457843, 54.91566373128444], [-1.8160932804457843, 54.91638241452165], [-1.8154755616560578, 54.916741756140254], [-1.8142401240766048, 54.916741756140254], [-1.8136224052868783, 54.91710109775886], [-1.8136224052868783, 54.91781978099607], [-1.8117692489176989, 54.918897805851884], [-1.8105338113382459, 54.918897805851884], [-1.8099160925485194, 54.91925714747049], [-1.8099160925485194, 54.92141319718212], [-1.8080629361793399, 54.922491222037934], [-1.805592061020434, 54.922491222037934], [-1.804356623440981, 54.923209905275144], [-1.803121185861528, 54.923209905275144], [-1.800650310702622, 54.92464727174956], [-1.796943997964263, 54.92464727174956], [-1.794473122805357, 54.923209905275144], [-1.792002247646451, 54.923209905275144], [-1.7913845288567245, 54.92285056365654], [-1.7926199664361775, 54.92213188041933], [-1.7926199664361775, 54.92141319718212], [-1.792002247646451, 54.921053855563514], [-1.790766810066998, 54.921053855563514], [-1.7901490912772715, 54.92069451394491], [-1.7913845288567245, 54.9199758307077], [-1.7913845288567245, 54.91853846423328], [-1.790766810066998, 54.918179122614674], [-1.789531372487545, 54.918179122614674], [-1.788295934908092, 54.918897805851884], [-1.787060497328639, 54.918897805851884], [-1.7864427785389125, 54.91853846423328], [-1.7864427785389125, 54.91781978099607], [-1.785825059749186, 54.917460439377464], [-1.78335418459028, 54.917460439377464], [-1.7815010282211006, 54.91638241452165], [-1.7815010282211006, 54.91566373128444], [-1.780883309431374, 54.915304389665835], [-1.778412434272468, 54.915304389665835], [-1.777176996693015, 54.914585706428625], [-1.775941559113562, 54.914585706428625], [-1.7747061215341091, 54.915304389665835], [-1.7734706839546561, 54.915304389665835], [-1.7709998087957501, 54.913867023191415], [-1.7672934960573912, 54.916023072903045], [-1.7635871833190322, 54.916023072903045], [-1.7611163081601262, 54.914585706428625], [-1.7586454330012202, 54.914585706428625], [-1.7561745578423142, 54.913148339954205], [-1.7537036826834083, 54.913148339954205], [-1.7518505263142288, 54.91422636481002], [-1.7518505263142288, 54.91781978099607], [-1.7512328075245023, 54.918179122614674], [-1.7481442135758698, 54.91638241452165], [-1.7481442135758698, 54.91566373128444], [-1.7487619323655963, 54.915304389665835], [-1.7499973699450493, 54.915304389665835], [-1.7506150887347758, 54.91494504804723], [-1.7506150887347758, 54.91350768157281], [-1.7499973699450493, 54.913148339954205], [-1.7475264947861433, 54.913148339954205], [-1.7469087759964168, 54.9127889983356], [-1.7469087759964168, 54.91135163186118], [-1.7462910572066903, 54.910992290242575], [-1.7450556196272373, 54.910992290242575], [-1.7438201820477843, 54.911710973479785], [-1.7425847444683313, 54.911710973479785], [-1.7419670256786048, 54.91207031509839], [-1.7419670256786048, 54.9127889983356], [-1.7401138693094254, 54.913867023191415], [-1.7364075565710664, 54.913867023191415], [-1.734554400201887, 54.9127889983356], [-1.7370252753607929, 54.91135163186118], [-1.734554400201887, 54.90991426538676], [-1.7351721189916134, 54.909554923768155], [-1.7413493068888783, 54.909554923768155], [-1.7425847444683313, 54.910273607005365], [-1.7462910572066903, 54.910273607005365], [-1.7475264947861433, 54.909554923768155], [-1.7487619323655963, 54.909554923768155], [-1.7518505263142288, 54.91135163186118], [-1.7518505263142288, 54.91207031509839], [-1.7524682451039553, 54.912429656716995], [-1.7537036826834083, 54.912429656716995], [-1.7549391202628613, 54.911710973479785], [-1.7561745578423142, 54.911710973479785], [-1.7567922766320407, 54.91135163186118], [-1.7567922766320407, 54.91063294862397], [-1.7555568390525877, 54.90991426538676], [-1.7555568390525877, 54.90919558214955], [-1.7567922766320407, 54.90847689891234], [-1.7561745578423142, 54.908117557293735], [-1.7549391202628613, 54.908836240530945], [-1.7543214014731348, 54.90847689891234], [-1.7543214014731348, 54.90632084920071], [-1.7549391202628613, 54.905961507582106], [-1.7586454330012202, 54.905961507582106], [-1.7611163081601262, 54.904524141107686], [-1.7635871833190322, 54.904524141107686], [-1.7648226208984852, 54.903805457870476], [-1.7654403396882117, 54.90416479948908], [-1.7654403396882117, 54.90488348272629], [-1.7660580584779382, 54.905242824344896], [-1.7672934960573912, 54.905242824344896], [-1.7679112148471177, 54.90488348272629], [-1.7679112148471177, 54.90416479948908], [-1.7666757772676647, 54.90344611625187], [-1.7666757772676647, 54.90272743301466], [-1.7672934960573912, 54.902368091396056], [-1.7685289336368442, 54.902368091396056], [-1.7691466524265707, 54.90200874977745], [-1.7691466524265707, 54.90129006654024], [-1.7697643712162971, 54.900930724921636], [-1.7709998087957501, 54.900930724921636], [-1.7716175275854766, 54.90057138330303], [-1.7716175275854766, 54.89913401682861], [-1.7709998087957501, 54.89877467521001], [-1.7697643712162971, 54.89877467521001], [-1.7666757772676647, 54.89697796711698], [-1.7666757772676647, 54.89625928387977], [-1.7660580584779382, 54.89589994226117], [-1.7648226208984852, 54.89589994226117], [-1.7623517457395792, 54.89446257578675], [-1.7611163081601262, 54.89518125902396], [-1.7586454330012202, 54.89518125902396], [-1.7567922766320407, 54.89410323416814], [-1.7567922766320407, 54.89338455093093], [-1.7561745578423142, 54.89302520931233], [-1.7499973699450493, 54.89302520931233], [-1.7493796511553228, 54.89338455093093], [-1.7493796511553228, 54.89554060064256], [-1.7475264947861433, 54.89661862549838], [-1.7462910572066903, 54.89661862549838], [-1.7450556196272373, 54.89589994226117], [-1.7438201820477843, 54.89589994226117], [-1.7425847444683313, 54.89518125902396], [-1.7413493068888783, 54.89518125902396], [-1.7407315880991518, 54.89482191740535], [-1.7407315880991518, 54.89410323416814], [-1.7401138693094254, 54.89374389254954], [-1.7388784317299724, 54.89374389254954], [-1.7382607129402459, 54.89338455093093], [-1.7394961505196989, 54.89266586769372], [-1.7394961505196989, 54.8912285012193], [-1.7419670256786048, 54.88979113474488], [-1.7401138693094254, 54.88871310988907], [-1.7364075565710664, 54.88871310988907], [-1.7351721189916134, 54.88799442665186], [-1.7327012438327074, 54.88943179312628], [-1.7314658062532544, 54.88943179312628], [-1.7302303686738014, 54.88871310988907], [-1.7277594935148954, 54.88871310988907], [-1.727141774725169, 54.88835376827046], [-1.728377212304622, 54.88763508503325], [-1.727141774725169, 54.88691640179604], [-1.728377212304622, 54.88619771855883], [-1.728377212304622, 54.88547903532162], [-1.7277594935148954, 54.88511969370302], [-1.7252886183559895, 54.88511969370302], [-1.7240531807765365, 54.88440101046581], [-1.7228177431970835, 54.88440101046581], [-1.722200024407357, 54.8840416688472], [-1.722200024407357, 54.881166935898364], [-1.7215823056176305, 54.88080759427976], [-1.7191114304587245, 54.88080759427976], [-1.7166405552998185, 54.88224496075418], [-1.716022836510092, 54.88188561913557], [-1.716022836510092, 54.879010886186734], [-1.714787398930639, 54.878292202949524], [-1.714787398930639, 54.877573519712314], [-1.7141696801409125, 54.87721417809371], [-1.7129342425614595, 54.87721417809371], [-1.7116988049820065, 54.8764954948565], [-1.7104633674025536, 54.87721417809371], [-1.708610211033374, 54.876136153237894], [-1.709845648612827, 54.875417470000684], [-1.709845648612827, 54.873980103526264], [-1.708610211033374, 54.873261420289055], [-1.709845648612827, 54.872542737051845], [-1.709845648612827, 54.871824053814635], [-1.712316523771733, 54.870386687340215], [-1.712316523771733, 54.869668004103005], [-1.713551961351186, 54.868949320865795], [-1.713551961351186, 54.866074587916955], [-1.7141696801409125, 54.86571524629835], [-1.7178759928792715, 54.86571524629835], [-1.7203468680381775, 54.86715261277277], [-1.7215823056176305, 54.86715261277277], [-1.72343546198681, 54.866074587916955], [-1.72343546198681, 54.863918538205326], [-1.7277594935148954, 54.86140314687509], [-1.7289949310943484, 54.86140314687509], [-1.729612649884075, 54.861043805256486], [-1.728377212304622, 54.860325122019276], [-1.7289949310943484, 54.85996578040067], [-1.7314658062532544, 54.85996578040067], [-1.7339366814121604, 54.85852841392625], [-1.7364075565710664, 54.85852841392625], [-1.7370252753607929, 54.858887755544856], [-1.7357898377813399, 54.859606438782066], [-1.7364075565710664, 54.85996578040067], [-1.7376429941505194, 54.85924709716346], [-1.7382607129402459, 54.859606438782066], [-1.7382607129402459, 54.861762488493696], [-1.7388784317299724, 54.8621218301123], [-1.7425847444683313, 54.8621218301123], [-1.7432024632580578, 54.861762488493696], [-1.7432024632580578, 54.861043805256486], [-1.7413493068888783, 54.85996578040067], [-1.7401138693094254, 54.85996578040067], [-1.7394961505196989, 54.859606438782066], [-1.7394961505196989, 54.857450389070436], [-1.7382607129402459, 54.856731705833226], [-1.7382607129402459, 54.85601302259602], [-1.7376429941505194, 54.85565368097741], [-1.7351721189916134, 54.85565368097741], [-1.7339366814121604, 54.8549349977402], [-1.7327012438327074, 54.8549349977402], [-1.7314658062532544, 54.85421631450299], [-1.730848087463528, 54.8545756561216], [-1.730848087463528, 54.85529433935881], [-1.7289949310943484, 54.85637236421462], [-1.7277594935148954, 54.85637236421462], [-1.727141774725169, 54.856731705833226], [-1.727141774725169, 54.857450389070436], [-1.7265240559354424, 54.85780973068904], [-1.7252886183559895, 54.85709104745183], [-1.7240531807765365, 54.85709104745183], [-1.72343546198681, 54.857450389070436], [-1.72343546198681, 54.858169072307646], [-1.7228177431970835, 54.85852841392625], [-1.7215823056176305, 54.85780973068904], [-1.7203468680381775, 54.85852841392625], [-1.7178759928792715, 54.85709104745183], [-1.717258274089545, 54.857450389070436], [-1.717258274089545, 54.859606438782066], [-1.7154051177203655, 54.86068446363788], [-1.7141696801409125, 54.86068446363788], [-1.713551961351186, 54.860325122019276], [-1.714787398930639, 54.859606438782066], [-1.714787398930639, 54.858169072307646], [-1.7129342425614595, 54.85709104745183], [-1.7104633674025536, 54.85709104745183], [-1.709845648612827, 54.856731705833226], [-1.709845648612827, 54.85529433935881], [-1.71108108619228, 54.8545756561216], [-1.71108108619228, 54.85385697288439], [-1.7129342425614595, 54.85277894802857], [-1.7141696801409125, 54.85277894802857], [-1.7154051177203655, 54.85349763126578], [-1.716022836510092, 54.85313828964718], [-1.714787398930639, 54.85241960640997], [-1.714787398930639, 54.85026355669834], [-1.716022836510092, 54.84954487346113], [-1.7141696801409125, 54.84846684860531], [-1.7129342425614595, 54.84846684860531], [-1.7116988049820065, 54.8477481653681], [-1.7079924922436476, 54.8477481653681], [-1.707374773453921, 54.84810750698671], [-1.707374773453921, 54.85026355669834], [-1.7067570546641946, 54.85062289831694], [-1.7055216170847416, 54.85062289831694], [-1.7042861795052886, 54.84990421507973], [-1.7030507419258356, 54.84990421507973], [-1.7018153043463826, 54.85062289831694], [-1.7005798667669296, 54.85062289831694], [-1.6999621479772031, 54.85098223993555], [-1.6999621479772031, 54.85385697288439], [-1.6993444291874766, 54.85421631450299], [-1.6968735540285707, 54.85421631450299], [-1.6962558352388442, 54.8545756561216], [-1.6974912728182971, 54.85529433935881], [-1.6974912728182971, 54.857450389070436], [-1.6956381164491177, 54.85852841392625], [-1.6944026788696647, 54.85852841392625], [-1.6925495225004852, 54.859606438782066], [-1.6925495225004852, 54.861762488493696], [-1.6894609285518527, 54.86355919658672], [-1.6882254909723997, 54.86284051334951], [-1.6869900533929467, 54.86355919658672], [-1.6832837406545877, 54.86355919658672], [-1.6826660218648612, 54.863918538205326], [-1.6826660218648612, 54.864637221442536], [-1.6820483030751348, 54.86499656306114], [-1.6808128654956818, 54.86499656306114], [-1.6801951467059553, 54.864637221442536], [-1.6801951467059553, 54.863918538205326], [-1.6795774279162288, 54.86355919658672], [-1.6783419903367758, 54.86355919658672], [-1.6777242715470493, 54.863918538205326], [-1.6789597091265023, 54.864637221442536], [-1.6789597091265023, 54.865355904679745], [-1.6783419903367758, 54.86571524629835], [-1.6771065527573228, 54.86499656306114], [-1.6746356775984168, 54.86643392953556], [-1.6734002400189638, 54.86643392953556], [-1.6703116460703313, 54.868230637628585], [-1.6703116460703313, 54.868949320865795], [-1.6696939272806048, 54.8693086624844], [-1.6684584897011518, 54.86858997924719], [-1.6659876145422459, 54.86858997924719], [-1.6647521769627929, 54.86787129600998], [-1.662281301803887, 54.86787129600998], [-1.659810426644981, 54.8693086624844], [-1.658574989065528, 54.8693086624844], [-1.6567218326963484, 54.870386687340215], [-1.6567218326963484, 54.871824053814635], [-1.656104113906622, 54.87218339543324], [-1.654868676327169, 54.87218339543324], [-1.6542509575374424, 54.872542737051845], [-1.6542509575374424, 54.873261420289055], [-1.6530155199579895, 54.873980103526264], [-1.6530155199579895, 54.874698786763474], [-1.652397801168263, 54.87505812838208], [-1.65116236358881, 54.87505812838208], [-1.6480737696401775, 54.873261420289055], [-1.6480737696401775, 54.872542737051845], [-1.6468383320607245, 54.871824053814635], [-1.6468383320607245, 54.871105370577425], [-1.6456028944812715, 54.870386687340215], [-1.6456028944812715, 54.869668004103005], [-1.6468383320607245, 54.868949320865795], [-1.6468383320607245, 54.868230637628585], [-1.646220613270998, 54.86787129600998], [-1.643749738112092, 54.86787129600998], [-1.6418965817429125, 54.866793271154165], [-1.6418965817429125, 54.860325122019276], [-1.641278862953186, 54.85996578040067], [-1.63880798779428, 54.85996578040067], [-1.637572550214827, 54.85924709716346], [-1.6369548314251006, 54.859606438782066], [-1.6369548314251006, 54.861043805256486], [-1.636337112635374, 54.86140314687509], [-1.635101675055921, 54.86068446363788], [-1.6344839562661946, 54.861043805256486], [-1.6344839562661946, 54.862481171730906], [-1.633866237476468, 54.86284051334951], [-1.632630799897015, 54.8621218301123], [-1.6320130811072886, 54.862481171730906], [-1.6320130811072886, 54.863918538205326], [-1.632630799897015, 54.86427787982393], [-1.635101675055921, 54.86427787982393], [-1.636337112635374, 54.86499656306114], [-1.63880798779428, 54.86499656306114], [-1.6394257065840065, 54.865355904679745], [-1.637572550214827, 54.86643392953556], [-1.633866237476468, 54.86643392953556], [-1.6332485186867416, 54.866793271154165], [-1.6332485186867416, 54.867511954391375], [-1.632630799897015, 54.86787129600998], [-1.6320130811072886, 54.867511954391375], [-1.6320130811072886, 54.866793271154165], [-1.6295422059483826, 54.865355904679745], [-1.6295422059483826, 54.863199854968116], [-1.6276890495792031, 54.8621218301123], [-1.6239827368408442, 54.86427787982393], [-1.6233650180511177, 54.863918538205326], [-1.6233650180511177, 54.863199854968116], [-1.6227472992613912, 54.86284051334951], [-1.6215118616819382, 54.86284051334951], [-1.6202764241024852, 54.86355919658672], [-1.6190409865230322, 54.86284051334951], [-1.6178055489435792, 54.86284051334951], [-1.6171878301538527, 54.863199854968116], [-1.6171878301538527, 54.863918538205326], [-1.6165701113641262, 54.86427787982393], [-1.6153346737846732, 54.86427787982393], [-1.6140992362052202, 54.86499656306114], [-1.6128637986257672, 54.86499656306114], [-1.6110106422565877, 54.863918538205326], [-1.6110106422565877, 54.862481171730906], [-1.6097752046771348, 54.861762488493696], [-1.6110106422565877, 54.861043805256486], [-1.6110106422565877, 54.860325122019276], [-1.6103929234668612, 54.85996578040067], [-1.6091574858874083, 54.85996578040067], [-1.6085397670976818, 54.859606438782066], [-1.6085397670976818, 54.858887755544856], [-1.6079220483079553, 54.85852841392625], [-1.6054511731490493, 54.85852841392625], [-1.6023625792004168, 54.856731705833226], [-1.6023625792004168, 54.85601302259602], [-1.6017448604106903, 54.85565368097741], [-1.6005094228312373, 54.85565368097741], [-1.5998917040415108, 54.85601302259602], [-1.5998917040415108, 54.857450389070436], [-1.5980385476723313, 54.85852841392625], [-1.5968031100928783, 54.85852841392625], [-1.5955676725134254, 54.85924709716346], [-1.5937145161442459, 54.858169072307646], [-1.5937145161442459, 54.857450389070436], [-1.5949499537236989, 54.856731705833226], [-1.5949499537236989, 54.85601302259602], [-1.5943322349339724, 54.85565368097741], [-1.5930967973545194, 54.85637236421462], [-1.5906259221956134, 54.85637236421462], [-1.5900082034058869, 54.85601302259602], [-1.5900082034058869, 54.8545756561216], [-1.5924790785647929, 54.85313828964718], [-1.5906259221956134, 54.85206026479136], [-1.5893904846161604, 54.85206026479136], [-1.588772765826434, 54.85170092317276], [-1.588772765826434, 54.85098223993555], [-1.5906259221956134, 54.84990421507973], [-1.5918613597750664, 54.85062289831694], [-1.5943322349339724, 54.85062289831694], [-1.5961853913031518, 54.84954487346113], [-1.5943322349339724, 54.84846684860531], [-1.5930967973545194, 54.84846684860531], [-1.5924790785647929, 54.84810750698671], [-1.5924790785647929, 54.8473888237495], [-1.5906259221956134, 54.84631079889368], [-1.5893904846161604, 54.84631079889368], [-1.5881550470367074, 54.84559211565647], [-1.5869196094572544, 54.84559211565647], [-1.585066453088075, 54.84451409080066], [-1.586301890667528, 54.84379540756345], [-1.585066453088075, 54.84307672432624], [-1.585066453088075, 54.84235804108903], [-1.5856841718778014, 54.84199869947042], [-1.5881550470367074, 54.84199869947042], [-1.588772765826434, 54.84163935785182], [-1.588772765826434, 54.8402019913774], [-1.5893904846161604, 54.83984264975879], [-1.5943322349339724, 54.83984264975879], [-1.5949499537236989, 54.83948330814019], [-1.5949499537236989, 54.83876462490298], [-1.5974208288826048, 54.83732725842856], [-1.5974208288826048, 54.83660857519135], [-1.5980385476723313, 54.836249233572744], [-1.5992739852517843, 54.836249233572744], [-1.5998917040415108, 54.83588989195414], [-1.5992739852517843, 54.835530550335534], [-1.5968031100928783, 54.835530550335534], [-1.5937145161442459, 54.83373384224251], [-1.5937145161442459, 54.83014042605646], [-1.5974208288826048, 54.82798437634483], [-1.5974208288826048, 54.82439096015878], [-1.5980385476723313, 54.824031618540175], [-1.5992739852517843, 54.824750301777385], [-1.6011271416209638, 54.82367227692157], [-1.6005094228312373, 54.823312935302965], [-1.5992739852517843, 54.823312935302965], [-1.5986562664620578, 54.82295359368436], [-1.5986562664620578, 54.82223491044715], [-1.5980385476723313, 54.821875568828546], [-1.5968031100928783, 54.822594252065755], [-1.5949499537236989, 54.82151622720994], [-1.5949499537236989, 54.82007886073552], [-1.5937145161442459, 54.81936017749831], [-1.5937145161442459, 54.8186414942611], [-1.5943322349339724, 54.818282152642496], [-1.5968031100928783, 54.818282152642496], [-1.5974208288826048, 54.81792281102389], [-1.5974208288826048, 54.81720412778668], [-1.5955676725134254, 54.816126102930866], [-1.5943322349339724, 54.816126102930866], [-1.5924790785647929, 54.81504807807505], [-1.5924790785647929, 54.81432939483784], [-1.5918613597750664, 54.813970053219236], [-1.5906259221956134, 54.813970053219236], [-1.5900082034058869, 54.81432939483784], [-1.5900082034058869, 54.81720412778668], [-1.588772765826434, 54.81792281102389], [-1.588772765826434, 54.8186414942611], [-1.5912436409853399, 54.82007886073552], [-1.5906259221956134, 54.820438202354126], [-1.5893904846161604, 54.820438202354126], [-1.588772765826434, 54.82079754397273], [-1.588772765826434, 54.82295359368436], [-1.5900082034058869, 54.82367227692157], [-1.5893904846161604, 54.824031618540175], [-1.5881550470367074, 54.824031618540175], [-1.587537328246981, 54.82439096015878], [-1.587537328246981, 54.82510964339599], [-1.586301890667528, 54.8258283266332], [-1.587537328246981, 54.82654700987041], [-1.586301890667528, 54.82726569310762], [-1.5869196094572544, 54.827625034726225], [-1.5893904846161604, 54.827625034726225], [-1.5906259221956134, 54.828343717963435], [-1.5918613597750664, 54.827625034726225], [-1.5924790785647929, 54.82798437634483], [-1.5924790785647929, 54.82942174281925], [-1.5900082034058869, 54.83085910929367], [-1.5900082034058869, 54.83229647576809], [-1.5881550470367074, 54.833374500623904], [-1.5856841718778014, 54.833374500623904], [-1.5832132967188954, 54.831937134149484], [-1.582595577929169, 54.83229647576809], [-1.582595577929169, 54.8330151590053], [-1.5819778591394424, 54.833374500623904], [-1.5807424215599895, 54.833374500623904], [-1.580124702770263, 54.83373384224251], [-1.580124702770263, 54.83804594166577], [-1.5795069839805365, 54.838405283284374], [-1.57888926519081, 54.83804594166577], [-1.57888926519081, 54.83732725842856], [-1.5770361088216305, 54.836249233572744], [-1.576418390031904, 54.83660857519135], [-1.576418390031904, 54.83732725842856], [-1.5758006712421775, 54.837686600047164], [-1.5745652336627245, 54.837686600047164], [-1.572712077293545, 54.83876462490298], [-1.572712077293545, 54.84092067461461], [-1.5720943585038185, 54.84128001623321], [-1.5708589209243655, 54.84128001623321], [-1.570241202134639, 54.84163935785182], [-1.5720943585038185, 54.84271738270763], [-1.5733297960832715, 54.84271738270763], [-1.573947514872998, 54.84307672432624], [-1.573947514872998, 54.84379540756345], [-1.572712077293545, 54.84451409080066], [-1.572712077293545, 54.84523277403787], [-1.5720943585038185, 54.84559211565647], [-1.5696234833449125, 54.84559211565647], [-1.5671526081860065, 54.84415474918205], [-1.5659171706065536, 54.84415474918205], [-1.5646817330271006, 54.84343606594484], [-1.5634462954476476, 54.84343606594484], [-1.5622108578681946, 54.84415474918205], [-1.5609754202887416, 54.84415474918205], [-1.560357701499015, 54.84451409080066], [-1.560357701499015, 54.84523277403787], [-1.5585045451298356, 54.84631079889368], [-1.557886826340109, 54.84595145727508], [-1.557886826340109, 54.84523277403787], [-1.5572691075503826, 54.84487343241926], [-1.5560336699709296, 54.84487343241926], [-1.5554159511812031, 54.84451409080066], [-1.5566513887606561, 54.84379540756345], [-1.5566513887606561, 54.84235804108903], [-1.5547982323914766, 54.84128001623321], [-1.5541805136017501, 54.84163935785182], [-1.5541805136017501, 54.84235804108903], [-1.5535627948120236, 54.84271738270763], [-1.5510919196531177, 54.84271738270763], [-1.5504742008633912, 54.84235804108903], [-1.5504742008633912, 54.84092067461461], [-1.5510919196531177, 54.840561332996], [-1.5547982323914766, 54.840561332996], [-1.5554159511812031, 54.8402019913774], [-1.5554159511812031, 54.83732725842856], [-1.5560336699709296, 54.836967916809954], [-1.5572691075503826, 54.837686600047164], [-1.5585045451298356, 54.837686600047164], [-1.559122263919562, 54.83732725842856], [-1.559122263919562, 54.83517120871693], [-1.5585045451298356, 54.834811867098324], [-1.5560336699709296, 54.836249233572744], [-1.5541805136017501, 54.83517120871693], [-1.5566513887606561, 54.83373384224251], [-1.5566513887606561, 54.8330151590053], [-1.5560336699709296, 54.832655817386694], [-1.5547982323914766, 54.832655817386694], [-1.5541805136017501, 54.83229647576809], [-1.5554159511812031, 54.83157779253088], [-1.5535627948120236, 54.830499767675065], [-1.5523273572325706, 54.831218450912274], [-1.5510919196531177, 54.831218450912274], [-1.5498564820736647, 54.830499767675065], [-1.5461501693353057, 54.830499767675065], [-1.5449147317558527, 54.831218450912274], [-1.5436792941763997, 54.830499767675065], [-1.5430615753866732, 54.83085910929367], [-1.5430615753866732, 54.83229647576809], [-1.5424438565969467, 54.832655817386694], [-1.5418261378072202, 54.83229647576809], [-1.5418261378072202, 54.83157779253088], [-1.5412084190174937, 54.831218450912274], [-1.5387375438585877, 54.832655817386694], [-1.5362666686996818, 54.832655817386694], [-1.5337957935407758, 54.834093183861114], [-1.5313249183818698, 54.834093183861114], [-1.5307071995921433, 54.83445252547972], [-1.5307071995921433, 54.83517120871693], [-1.5294717620126903, 54.83588989195414], [-1.5313249183818698, 54.836967916809954], [-1.5337957935407758, 54.836967916809954], [-1.5356489499099553, 54.83804594166577], [-1.5356489499099553, 54.83948330814019], [-1.5344135123305023, 54.8402019913774], [-1.5344135123305023, 54.84092067461461], [-1.5337957935407758, 54.84128001623321], [-1.5300894808024168, 54.84128001623321], [-1.5294717620126903, 54.84163935785182], [-1.5294717620126903, 54.84235804108903], [-1.5300894808024168, 54.84271738270763], [-1.5313249183818698, 54.84271738270763], [-1.5319426371715963, 54.84307672432624], [-1.5319426371715963, 54.84379540756345], [-1.5313249183818698, 54.84415474918205], [-1.5276186056435108, 54.84415474918205], [-1.5270008868537843, 54.84379540756345], [-1.5270008868537843, 54.84307672432624], [-1.5263831680640578, 54.84271738270763], [-1.5239122929051518, 54.84271738270763], [-1.5232945741154253, 54.84235804108903], [-1.5232945741154253, 54.84163935785182], [-1.5245300116948783, 54.84092067461461], [-1.5245300116948783, 54.83948330814019], [-1.5226768553256989, 54.838405283284374], [-1.5214414177462459, 54.838405283284374], [-1.5208236989565194, 54.83876462490298], [-1.5208236989565194, 54.83948330814019], [-1.5195882613770664, 54.8402019913774], [-1.5195882613770664, 54.84092067461461], [-1.5189705425873399, 54.84128001623321], [-1.5177351050078869, 54.84128001623321], [-1.515264229848981, 54.84271738270763], [-1.5146465110592544, 54.84235804108903], [-1.5146465110592544, 54.84163935785182], [-1.512793354690075, 54.840561332996], [-1.511557917110622, 54.84128001623321], [-1.510322479531169, 54.84128001623321], [-1.509087041951716, 54.840561332996], [-1.507851604372263, 54.840561332996], [-1.5047630104236305, 54.83876462490298], [-1.5047630104236305, 54.83660857519135], [-1.504145291633904, 54.836249233572744], [-1.499203541316092, 54.836249233572744], [-1.496732666157186, 54.834811867098324], [-1.495497228577733, 54.835530550335534], [-1.491790915839374, 54.835530550335534], [-1.490555478259921, 54.834811867098324], [-1.488084603101015, 54.834811867098324], [-1.4874668843112886, 54.83517120871693], [-1.4899377594701946, 54.83660857519135], [-1.4899377594701946, 54.83732725842856], [-1.488084603101015, 54.838405283284374], [-1.486849165521562, 54.837686600047164], [-1.485613727942109, 54.837686600047164], [-1.4843782903626561, 54.838405283284374], [-1.4831428527832031, 54.838405283284374], [-1.4819074152037501, 54.837686600047164], [-1.4806719776242971, 54.837686600047164], [-1.4800542588345706, 54.83732725842856], [-1.4800542588345706, 54.83588989195414], [-1.4806719776242971, 54.835530550335534], [-1.4831428527832031, 54.835530550335534], [-1.4837605715729296, 54.83517120871693], [-1.4837605715729296, 54.8330151590053], [-1.4849960091523826, 54.83229647576809], [-1.4837605715729296, 54.83157779253088], [-1.4843782903626561, 54.831218450912274], [-1.485613727942109, 54.831218450912274], [-1.4862314467318356, 54.83085910929367], [-1.4862314467318356, 54.82942174281925], [-1.485613727942109, 54.829062401200645], [-1.4843782903626561, 54.829062401200645], [-1.4837605715729296, 54.82870305958204], [-1.4843782903626561, 54.828343717963435], [-1.486849165521562, 54.828343717963435], [-1.4874668843112886, 54.82798437634483], [-1.4874668843112886, 54.82510964339599], [-1.490555478259921, 54.823312935302965], [-1.491790915839374, 54.824031618540175], [-1.4948795097880065, 54.82223491044715], [-1.4948795097880065, 54.82007886073552], [-1.496732666157186, 54.819000835879706], [-1.499203541316092, 54.819000835879706], [-1.500438978895545, 54.818282152642496], [-1.501674416474998, 54.818282152642496], [-1.5022921352647245, 54.81792281102389], [-1.5022921352647245, 54.81720412778668], [-1.5035275728441775, 54.81648544454947], [-1.5035275728441775, 54.81576676131226], [-1.504145291633904, 54.815407419693656], [-1.505380729213357, 54.816126102930866], [-1.5059984480030835, 54.81576676131226], [-1.5059984480030835, 54.81504807807505], [-1.507851604372263, 54.813970053219236], [-1.509087041951716, 54.813970053219236], [-1.5097047607414424, 54.81361071160063], [-1.5097047607414424, 54.81217334512621], [-1.507851604372263, 54.8110953202704], [-1.5059984480030835, 54.81217334512621], [-1.5059984480030835, 54.81361071160063], [-1.504145291633904, 54.814688736456446], [-1.501674416474998, 54.814688736456446], [-1.500438978895545, 54.813970053219236], [-1.499203541316092, 54.814688736456446], [-1.493026353418827, 54.814688736456446], [-1.490555478259921, 54.816126102930866], [-1.489320040680468, 54.816126102930866], [-1.4862314467318356, 54.81792281102389], [-1.4862314467318356, 54.81936017749831], [-1.4843782903626561, 54.820438202354126], [-1.4831428527832031, 54.820438202354126], [-1.4819074152037501, 54.819719519116916], [-1.4806719776242971, 54.819719519116916], [-1.4794365400448442, 54.820438202354126], [-1.4782011024653912, 54.820438202354126], [-1.4775833836756647, 54.82079754397273], [-1.4788188212551177, 54.82151622720994], [-1.4788188212551177, 54.82223491044715], [-1.4769656648859382, 54.823312935302965], [-1.4757302273064852, 54.822594252065755], [-1.4744947897270322, 54.823312935302965], [-1.4720239145681262, 54.823312935302965], [-1.4714061957783997, 54.82367227692157], [-1.4714061957783997, 54.82510964339599], [-1.4726416333578527, 54.8258283266332], [-1.4707884769886732, 54.826906351489015], [-1.4670821642503142, 54.826906351489015], [-1.4664644454605877, 54.82726569310762], [-1.4664644454605877, 54.82798437634483], [-1.4676998830400407, 54.82870305958204], [-1.4670821642503142, 54.829062401200645], [-1.4646112890914083, 54.829062401200645], [-1.4633758515119553, 54.829781084437855], [-1.4621404139325023, 54.829062401200645], [-1.4609049763530493, 54.829062401200645], [-1.4578163824044168, 54.82726569310762], [-1.4578163824044168, 54.82654700987041], [-1.4609049763530493, 54.824750301777385], [-1.4621404139325023, 54.824750301777385], [-1.4639935703016818, 54.82367227692157], [-1.4627581327222288, 54.82295359368436], [-1.4627581327222288, 54.82079754397273], [-1.4639935703016818, 54.82007886073552], [-1.4633758515119553, 54.819719519116916], [-1.4609049763530493, 54.819719519116916], [-1.4590518199838698, 54.8186414942611], [-1.4590518199838698, 54.81576676131226], [-1.4584341011941433, 54.815407419693656], [-1.4571986636146903, 54.816126102930866], [-1.4553455072455108, 54.81504807807505], [-1.4565809448249638, 54.81432939483784], [-1.4547277884557843, 54.81325136998203], [-1.4541100696660578, 54.81361071160063], [-1.4541100696660578, 54.81432939483784], [-1.4534923508763313, 54.814688736456446], [-1.4522569132968783, 54.814688736456446], [-1.4516391945071518, 54.81432939483784], [-1.4528746320866048, 54.81361071160063], [-1.4528746320866048, 54.811454661889], [-1.4516391945071518, 54.81073597865179], [-1.4516391945071518, 54.81001729541458], [-1.4510214757174253, 54.80965795379598], [-1.4497860381379724, 54.80965795379598], [-1.4485506005585194, 54.80893927055877], [-1.4473151629790664, 54.80893927055877], [-1.4460797253996134, 54.80822058732156], [-1.4448442878201604, 54.80893927055877], [-1.4423734126612544, 54.80893927055877], [-1.441755693871528, 54.80857992894016], [-1.442991131450981, 54.80786124570295], [-1.4423734126612544, 54.80750190408435], [-1.4399025375023484, 54.80750190408435], [-1.439284818712622, 54.80714256246574], [-1.439284818712622, 54.80642387922853], [-1.4386670999228954, 54.80606453760993], [-1.4374316623434424, 54.80606453760993], [-1.4361962247639894, 54.80534585437272], [-1.4349607871845365, 54.80606453760993], [-1.4337253496050835, 54.80606453760993], [-1.431872193235904, 54.80498651275411], [-1.431872193235904, 54.8042678295169], [-1.433107630815357, 54.80354914627969], [-1.4324899120256305, 54.80318980466109], [-1.4312544744461775, 54.80318980466109], [-1.430636755656451, 54.80354914627969], [-1.430636755656451, 54.8042678295169], [-1.4300190368667245, 54.80462717113551], [-1.429401318076998, 54.8042678295169], [-1.429401318076998, 54.80354914627969], [-1.4287835992872715, 54.80318980466109], [-1.4275481617078185, 54.8039084878983], [-1.4263127241283655, 54.8039084878983], [-1.425695005338639, 54.80354914627969], [-1.425695005338639, 54.80211177980527], [-1.4250772865489125, 54.80175243818667], [-1.4238418489694595, 54.80247112142388], [-1.4226064113900065, 54.80175243818667], [-1.4213709738105536, 54.80175243818667], [-1.420753255020827, 54.80211177980527], [-1.420753255020827, 54.8042678295169], [-1.4213709738105536, 54.80462717113551], [-1.4250772865489125, 54.80462717113551], [-1.425695005338639, 54.80498651275411], [-1.425695005338639, 54.80570519599132], [-1.4275481617078185, 54.80678322084714], [-1.4287835992872715, 54.80678322084714], [-1.429401318076998, 54.80714256246574], [-1.429401318076998, 54.80786124570295], [-1.4300190368667245, 54.80822058732156], [-1.4312544744461775, 54.80750190408435], [-1.431872193235904, 54.80786124570295], [-1.431872193235904, 54.80857992894016], [-1.4337253496050835, 54.80965795379598], [-1.4349607871845365, 54.80965795379598], [-1.4361962247639894, 54.81037663703319], [-1.4374316623434424, 54.81037663703319], [-1.438049381133169, 54.81073597865179], [-1.438049381133169, 54.811454661889], [-1.4386670999228954, 54.81181400350761], [-1.4399025375023484, 54.81181400350761], [-1.440520256292075, 54.81217334512621], [-1.440520256292075, 54.81361071160063], [-1.4411379750818014, 54.813970053219236], [-1.4423734126612544, 54.813970053219236], [-1.442991131450981, 54.81432939483784], [-1.441755693871528, 54.81504807807505], [-1.4423734126612544, 54.815407419693656], [-1.4436088502407074, 54.815407419693656], [-1.444226569030434, 54.81576676131226], [-1.444226569030434, 54.81648544454947], [-1.4460797253996134, 54.817563469405286], [-1.4473151629790664, 54.817563469405286], [-1.4479328817687929, 54.81720412778668], [-1.4479328817687929, 54.81648544454947], [-1.4485506005585194, 54.816126102930866], [-1.4491683193482459, 54.81648544454947], [-1.4491683193482459, 54.81792281102389], [-1.4504037569276989, 54.8186414942611], [-1.4497860381379724, 54.819000835879706], [-1.4473151629790664, 54.819000835879706], [-1.4460797253996134, 54.819719519116916], [-1.4448442878201604, 54.819719519116916], [-1.444226569030434, 54.82007886073552], [-1.4454620066098869, 54.82079754397273], [-1.4454620066098869, 54.82367227692157], [-1.440520256292075, 54.82654700987041], [-1.4411379750818014, 54.826906351489015], [-1.4423734126612544, 54.826906351489015], [-1.442991131450981, 54.82726569310762], [-1.442991131450981, 54.83157779253088], [-1.444226569030434, 54.83229647576809], [-1.4436088502407074, 54.832655817386694], [-1.4423734126612544, 54.832655817386694], [-1.441755693871528, 54.8330151590053], [-1.4436088502407074, 54.834093183861114], [-1.4448442878201604, 54.834093183861114], [-1.4454620066098869, 54.83445252547972], [-1.444226569030434, 54.83517120871693], [-1.444226569030434, 54.83588989195414], [-1.4454620066098869, 54.83660857519135], [-1.4454620066098869, 54.83732725842856], [-1.4448442878201604, 54.837686600047164], [-1.4436088502407074, 54.837686600047164], [-1.442991131450981, 54.83804594166577], [-1.442991131450981, 54.83948330814019], [-1.4423734126612544, 54.83984264975879], [-1.4411379750818014, 54.83984264975879], [-1.440520256292075, 54.8402019913774], [-1.4411379750818014, 54.840561332996], [-1.4423734126612544, 54.840561332996], [-1.442991131450981, 54.84092067461461], [-1.442991131450981, 54.84163935785182], [-1.4436088502407074, 54.84199869947042], [-1.4448442878201604, 54.84199869947042], [-1.4460797253996134, 54.84271738270763], [-1.4473151629790664, 54.84271738270763], [-1.4479328817687929, 54.84235804108903], [-1.4466974441893399, 54.84163935785182], [-1.4473151629790664, 54.84128001623321], [-1.4485506005585194, 54.84128001623321], [-1.4491683193482459, 54.84163935785182], [-1.4491683193482459, 54.84451409080066], [-1.4516391945071518, 54.84595145727508], [-1.4516391945071518, 54.84667014051229], [-1.4510214757174253, 54.84702948213089], [-1.4497860381379724, 54.84702948213089], [-1.4491683193482459, 54.8473888237495], [-1.4491683193482459, 54.84810750698671], [-1.4497860381379724, 54.84846684860531], [-1.4534923508763313, 54.84846684860531], [-1.4541100696660578, 54.84810750698671], [-1.4541100696660578, 54.8473888237495], [-1.4547277884557843, 54.84702948213089], [-1.4565809448249638, 54.84810750698671], [-1.4553455072455108, 54.84882619022392], [-1.4559632260352373, 54.84918553184252], [-1.4596695387735963, 54.84918553184252], [-1.4602872575633228, 54.84954487346113], [-1.4602872575633228, 54.85026355669834], [-1.4596695387735963, 54.85062289831694], [-1.4584341011941433, 54.85062289831694], [-1.4565809448249638, 54.85170092317276], [-1.4565809448249638, 54.85241960640997], [-1.4578163824044168, 54.85313828964718], [-1.4571986636146903, 54.85349763126578], [-1.4559632260352373, 54.85349763126578], [-1.4553455072455108, 54.85385697288439], [-1.4553455072455108, 54.85601302259602], [-1.4547277884557843, 54.85637236421462], [-1.4534923508763313, 54.85637236421462], [-1.4528746320866048, 54.856731705833226], [-1.4528746320866048, 54.857450389070436], [-1.4522569132968783, 54.85780973068904], [-1.4497860381379724, 54.85780973068904], [-1.4466974441893399, 54.859606438782066], [-1.4466974441893399, 54.860325122019276], [-1.4454620066098869, 54.861043805256486], [-1.4454620066098869, 54.861762488493696], [-1.4479328817687929, 54.863199854968116], [-1.4460797253996134, 54.86427787982393], [-1.4448442878201604, 54.86427787982393], [-1.440520256292075, 54.861762488493696], [-1.440520256292075, 54.860325122019276], [-1.4399025375023484, 54.85996578040067], [-1.4386670999228954, 54.86068446363788], [-1.4361962247639894, 54.86068446363788], [-1.4337253496050835, 54.8621218301123], [-1.4324899120256305, 54.8621218301123], [-1.4300190368667245, 54.86068446363788], [-1.4287835992872715, 54.86140314687509], [-1.4275481617078185, 54.86140314687509], [-1.426930442918092, 54.861762488493696], [-1.426930442918092, 54.863918538205326], [-1.4275481617078185, 54.86427787982393], [-1.4287835992872715, 54.86427787982393], [-1.4300190368667245, 54.86499656306114], [-1.4312544744461775, 54.86499656306114], [-1.431872193235904, 54.865355904679745], [-1.431872193235904, 54.866793271154165], [-1.430636755656451, 54.867511954391375], [-1.430636755656451, 54.868230637628585], [-1.4300190368667245, 54.86858997924719], [-1.4287835992872715, 54.86858997924719], [-1.426930442918092, 54.867511954391375], [-1.426930442918092, 54.866793271154165], [-1.425695005338639, 54.866074587916955], [-1.425695005338639, 54.865355904679745], [-1.4250772865489125, 54.86499656306114], [-1.4238418489694595, 54.86571524629835], [-1.4226064113900065, 54.86571524629835], [-1.420753255020827, 54.866793271154165], [-1.4213709738105536, 54.86715261277277], [-1.4226064113900065, 54.86715261277277], [-1.423224130179733, 54.867511954391375], [-1.423224130179733, 54.869668004103005], [-1.42198869260028, 54.870386687340215], [-1.4226064113900065, 54.87074602895882], [-1.4238418489694595, 54.87074602895882], [-1.424459567759186, 54.871105370577425], [-1.4226064113900065, 54.87218339543324], [-1.4213709738105536, 54.87218339543324], [-1.4201355362311006, 54.87290207867045], [-1.4176646610721946, 54.87290207867045], [-1.417046942282468, 54.872542737051845], [-1.417046942282468, 54.871824053814635], [-1.418282379861921, 54.871105370577425], [-1.418282379861921, 54.869668004103005], [-1.4176646610721946, 54.8693086624844], [-1.4164292234927416, 54.87002734572161], [-1.4151937859132886, 54.8693086624844], [-1.414576067123562, 54.869668004103005], [-1.415811504703015, 54.870386687340215], [-1.4151937859132886, 54.87074602895882], [-1.4139583483338356, 54.87074602895882], [-1.413340629544109, 54.870386687340215], [-1.413340629544109, 54.868230637628585], [-1.4102520355954766, 54.86643392953556], [-1.4077811604365706, 54.86643392953556], [-1.4065457228571177, 54.86715261277277], [-1.4053102852776647, 54.86643392953556], [-1.4046925664879382, 54.866793271154165], [-1.4059280040673912, 54.867511954391375], [-1.4053102852776647, 54.86787129600998], [-1.4040748476982117, 54.86787129600998], [-1.4034571289084852, 54.868230637628585], [-1.4034571289084852, 54.868949320865795], [-1.4028394101187587, 54.8693086624844], [-1.4003685349598527, 54.8693086624844], [-1.3985153785906732, 54.868230637628585], [-1.3985153785906732, 54.867511954391375], [-1.3978976598009467, 54.86715261277277], [-1.3972799410112202, 54.867511954391375], [-1.3972799410112202, 54.868230637628585], [-1.3966622222214937, 54.86858997924719], [-1.3954267846420407, 54.86787129600998], [-1.3948090658523142, 54.868230637628585], [-1.3960445034317672, 54.868949320865795], [-1.3960445034317672, 54.869668004103005], [-1.3954267846420407, 54.87002734572161], [-1.3941913470625877, 54.87002734572161], [-1.3929559094831347, 54.8693086624844], [-1.3923381906934083, 54.869668004103005], [-1.3935736282728612, 54.870386687340215], [-1.3923381906934083, 54.871105370577425], [-1.3923381906934083, 54.873261420289055], [-1.3917204719036818, 54.87362076190766], [-1.3904850343242288, 54.87362076190766], [-1.3898673155345023, 54.873980103526264], [-1.3898673155345023, 54.875417470000684], [-1.3923381906934083, 54.876854836475104], [-1.3923381906934083, 54.877573519712314], [-1.3917204719036818, 54.87793286133092], [-1.3904850343242288, 54.87793286133092], [-1.3898673155345023, 54.878292202949524], [-1.3898673155345023, 54.879729569423944], [-1.3911027531139553, 54.880448252661154], [-1.3898673155345023, 54.881166935898364], [-1.3898673155345023, 54.88260430237278], [-1.3892495967447758, 54.88296364399139], [-1.3873964403755963, 54.88188561913557], [-1.3873964403755963, 54.881166935898364], [-1.3861610027961433, 54.880448252661154], [-1.3861610027961433, 54.879729569423944], [-1.3855432840064168, 54.87937022780534], [-1.3843078464269638, 54.87937022780534], [-1.3830724088475108, 54.87865154456813], [-1.3824546900577843, 54.879010886186734], [-1.3824546900577843, 54.879729569423944], [-1.3818369712680578, 54.88008891104255], [-1.3799838148988783, 54.879010886186734], [-1.3799838148988783, 54.878292202949524], [-1.3812192524783313, 54.877573519712314], [-1.3806015336886048, 54.87721417809371], [-1.3793660961091518, 54.87721417809371], [-1.3787483773194253, 54.876854836475104], [-1.3787483773194253, 54.876136153237894], [-1.3775129397399724, 54.875417470000684], [-1.3775129397399724, 54.874698786763474], [-1.3756597833707929, 54.87362076190766], [-1.3744243457913399, 54.87362076190766], [-1.3738066270016134, 54.873261420289055], [-1.3738066270016134, 54.871105370577425], [-1.3713357518427074, 54.869668004103005], [-1.3713357518427074, 54.868949320865795], [-1.3738066270016134, 54.867511954391375], [-1.3738066270016134, 54.866793271154165], [-1.3725711894221604, 54.866074587916955], [-1.3738066270016134, 54.865355904679745], [-1.3738066270016134, 54.863918538205326], [-1.3750420645810664, 54.863199854968116], [-1.3731889082118869, 54.8621218301123], [-1.371953470632434, 54.86284051334951], [-1.3713357518427074, 54.862481171730906], [-1.3713357518427074, 54.861043805256486], [-1.3725711894221604, 54.860325122019276], [-1.371953470632434, 54.85996578040067], [-1.370718033052981, 54.85996578040067], [-1.3701003142632544, 54.860325122019276], [-1.3701003142632544, 54.861043805256486], [-1.369482595473528, 54.86140314687509], [-1.368247157894075, 54.86140314687509], [-1.3676294391043484, 54.861043805256486], [-1.3676294391043484, 54.859606438782066], [-1.3688648766838014, 54.858887755544856], [-1.367011720314622, 54.85780973068904], [-1.3663940015248954, 54.858169072307646], [-1.3663940015248954, 54.858887755544856], [-1.365776282735169, 54.85924709716346], [-1.364540845155716, 54.85852841392625], [-1.363305407576263, 54.85852841392625], [-1.3626876887865365, 54.858887755544856], [-1.3626876887865365, 54.861762488493696], [-1.3614522512070835, 54.862481171730906], [-1.3614522512070835, 54.863918538205326], [-1.360834532417357, 54.86427787982393], [-1.355892782099545, 54.86427787982393], [-1.3552750633098185, 54.864637221442536], [-1.3552750633098185, 54.866793271154165], [-1.3565105008892715, 54.867511954391375], [-1.355892782099545, 54.86787129600998], [-1.354657344520092, 54.86787129600998], [-1.353421906940639, 54.86858997924719], [-1.352186469361186, 54.86858997924719], [-1.3515687505714595, 54.868949320865795], [-1.3528041881509125, 54.869668004103005], [-1.352649758453481, 54.870386687340215], [-1.352649758453481, 54.871824053814635], [-1.353885196032934, 54.873980103526264], [-1.353885196032934, 54.880448252661154], [-1.3563560711918399, 54.88332298560999], [-1.3577459384687245, 54.88619771855883], [-1.358363657258451, 54.88664689558209], [-1.3588269463507459, 54.88835376827046], [-1.3588269463507459, 54.88907245150767], [-1.3600623839301988, 54.89266586769372], [-1.359599094837904, 54.893654057144886], [-1.3588269463507459, 54.89410323416814], [-1.359599094837904, 54.89446257578675], [-1.3626876887865365, 54.89482191740535], [-1.3626876887865365, 54.8984153335914], [-1.3614522512070835, 54.89913401682861], [-1.36206996999681, 54.89958319385187], [-1.359599094837904, 54.900840889516985], [-1.3588269463507459, 54.90129006654024], [-1.3589813760481775, 54.90200874977745], [-1.3602168136276305, 54.90416479948908], [-1.3589813760481775, 54.90488348272629], [-1.3589813760481775, 54.90703953243792], [-1.3602168136276305, 54.90775821567513], [-1.3602168136276305, 54.90847689891234], [-1.359599094837904, 54.908836240530945], [-1.358363657258451, 54.908836240530945], [-1.3577459384687245, 54.90919558214955], [-1.3577459384687245, 54.91063294862397], [-1.3575915087712929, 54.91135163186118], [-1.3575915087712929, 54.91350768157281], [-1.359599094837904, 54.914675541833276], [-1.36206996999681, 54.914585706428625], [-1.3626876887865365, 54.91422636481002], [-1.3626876887865365, 54.91350768157281], [-1.363305407576263, 54.913148339954205], [-1.364540845155716, 54.913148339954205], [-1.365776282735169, 54.913238175358856], [-1.367011720314622, 54.913238175358856], [-1.3700231313705444, 54.91236114501953], [-1.3687104469863698, 54.91350768157281], [-1.3674750094069168, 54.91710109775886], [-1.3674750094069168, 54.91781978099607], [-1.366548431222327, 54.91853846423328], [-1.365776282735169, 54.91808928721002], [-1.363305407576263, 54.91737060397281], [-1.3625332590891048, 54.91781978099607], [-1.3625332590891048, 54.92213188041933], [-1.3650041342480108, 54.92500661336817]], [[-1.8265944998711348, 54.95770670066122], [-1.8259767810814083, 54.958066042279825], [-1.8259767810814083, 54.959503408754244], [-1.8272122186608613, 54.960222091991454], [-1.8272122186608613, 54.960940775228664], [-1.8278299374505877, 54.96130011684727], [-1.8290653750300407, 54.96130011684727], [-1.8303008126094937, 54.96201880008448], [-1.8327716877683997, 54.96058143361006], [-1.8352425629273057, 54.96201880008448], [-1.8377134380862117, 54.96201880008448], [-1.8389488756656647, 54.96273748332169], [-1.8408020320348442, 54.961659458465874], [-1.8408020320348442, 54.960940775228664], [-1.8401843132451177, 54.96058143361006], [-1.8389488756656647, 54.96058143361006], [-1.8377134380862117, 54.95986275037285], [-1.8327716877683997, 54.95986275037285], [-1.8309185313992202, 54.958784725517035], [-1.8309185313992202, 54.958066042279825], [-1.8303008126094937, 54.95770670066122], [-1.8290653750300407, 54.95770670066122], [-1.8278299374505877, 54.95842538389843], [-1.8265944998711348, 54.95770670066122]], [[-1.7666757772676647, 55.08239824231714], [-1.7672934960573912, 55.082038900698535], [-1.7685289336368442, 55.082038900698535], [-1.7691466524265707, 55.08167955907993], [-1.7691466524265707, 55.08024219260551], [-1.7672934960573912, 55.079164167749695], [-1.7660580584779382, 55.079882850986905], [-1.7648226208984852, 55.079882850986905], [-1.7635871833190322, 55.079164167749695], [-1.7623517457395792, 55.079164167749695], [-1.7611163081601262, 55.079882850986905], [-1.7598808705806732, 55.079882850986905], [-1.7592631517909467, 55.08024219260551], [-1.7592631517909467, 55.08167955907993], [-1.7586454330012202, 55.082038900698535], [-1.7561745578423142, 55.082038900698535], [-1.7555568390525877, 55.08239824231714], [-1.7555568390525877, 55.08599165850319], [-1.7561745578423142, 55.086351000121795], [-1.7598808705806732, 55.086351000121795], [-1.7604985893703997, 55.0867103417404], [-1.7598808705806732, 55.087069683359005], [-1.7586454330012202, 55.087069683359005], [-1.7580277142114937, 55.08742902497761], [-1.7580277142114937, 55.08814770821482], [-1.7586454330012202, 55.088507049833424], [-1.7598808705806732, 55.088507049833424], [-1.7623517457395792, 55.087069683359005], [-1.7635871833190322, 55.087069683359005], [-1.7642049021087587, 55.08742902497761], [-1.7642049021087587, 55.08814770821482], [-1.7629694645293057, 55.08886639145203], [-1.7635871833190322, 55.089225733070634], [-1.7648226208984852, 55.089225733070634], [-1.7654403396882117, 55.08886639145203], [-1.7654403396882117, 55.08814770821482], [-1.7685289336368442, 55.086351000121795], [-1.7697643712162971, 55.086351000121795], [-1.7709998087957501, 55.087069683359005], [-1.7722352463752031, 55.087069683359005], [-1.7728529651649296, 55.0867103417404], [-1.7728529651649296, 55.08455429202877], [-1.7722352463752031, 55.084194950410165], [-1.7709998087957501, 55.084194950410165], [-1.7703820900060236, 55.08383560879156], [-1.7703820900060236, 55.08311692555435], [-1.7697643712162971, 55.082757583935745], [-1.7672934960573912, 55.082757583935745], [-1.7666757772676647, 55.08239824231714]], [[-1.7438201820477843, 55.10000598162878], [-1.7413493068888783, 55.10000598162878], [-1.7407315880991518, 55.10036532324739], [-1.7407315880991518, 55.10252137295902], [-1.7394961505196989, 55.10324005619623], [-1.7394961505196989, 55.1082708388567], [-1.7401138693094254, 55.1086301804753], [-1.7450556196272373, 55.1086301804753], [-1.7469087759964168, 55.10970820533112], [-1.7469087759964168, 55.11042688856833], [-1.7475264947861433, 55.11078623018693], [-1.7512328075245023, 55.11078623018693], [-1.7530859638936818, 55.10970820533112], [-1.7530859638936818, 55.10898952209391], [-1.7518505263142288, 55.1082708388567], [-1.7524682451039553, 55.10791149723809], [-1.7537036826834083, 55.10791149723809], [-1.7549391202628613, 55.1086301804753], [-1.7555568390525877, 55.1082708388567], [-1.7555568390525877, 55.10755215561949], [-1.7580277142114937, 55.10611478914507], [-1.7580277142114937, 55.10395873943344], [-1.7592631517909467, 55.10324005619623], [-1.7592631517909467, 55.1010840064846], [-1.7586454330012202, 55.10072466486599], [-1.7561745578423142, 55.10072466486599], [-1.7549391202628613, 55.10000598162878], [-1.7524682451039553, 55.10000598162878], [-1.7518505263142288, 55.09964664001018], [-1.7518505263142288, 55.09820927353576], [-1.7506150887347758, 55.09749059029855], [-1.7512328075245023, 55.09713124867994], [-1.7537036826834083, 55.09713124867994], [-1.7543214014731348, 55.09677190706134], [-1.7543214014731348, 55.09605322382413], [-1.7537036826834083, 55.09569388220552], [-1.7524682451039553, 55.094975198968314], [-1.7499973699450493, 55.094975198968314], [-1.7487619323655963, 55.094256515731104], [-1.7475264947861433, 55.094256515731104], [-1.7462910572066903, 55.094975198968314], [-1.7450556196272373, 55.094975198968314], [-1.7444379008375108, 55.09533454058692], [-1.7444379008375108, 55.09964664001018], [-1.7438201820477843, 55.10000598162878]], [[-1.6641344581730664, 55.10755215561949], [-1.6641344581730664, 55.11042688856833], [-1.6647521769627929, 55.11078623018693], [-1.6659876145422459, 55.11078623018693], [-1.6672230521216989, 55.11150491342414], [-1.6727825212292373, 55.1082708388567], [-1.6721648024395108, 55.10791149723809], [-1.6709293648600578, 55.10791149723809], [-1.6703116460703313, 55.10755215561949], [-1.6703116460703313, 55.10683347238228], [-1.6690762084908783, 55.10611478914507], [-1.6690762084908783, 55.10539610590786], [-1.6684584897011518, 55.10503676428925], [-1.6672230521216989, 55.10575544752646], [-1.6647521769627929, 55.10575544752646], [-1.6628990205936134, 55.10683347238228], [-1.6641344581730664, 55.10755215561949]], [[-1.5572691075503826, 55.12659726140555], [-1.557886826340109, 55.126956603024155], [-1.557886826340109, 55.127675286261365], [-1.5585045451298356, 55.12803462787997], [-1.5597399827092886, 55.12803462787997], [-1.5609754202887416, 55.12875331111718], [-1.561593139078468, 55.128393969498575], [-1.561593139078468, 55.127675286261365], [-1.562828576657921, 55.126956603024155], [-1.562828576657921, 55.125519236549735], [-1.561593139078468, 55.124800553312525], [-1.561593139078468, 55.122644503600895], [-1.560357701499015, 55.121925820363685], [-1.560357701499015, 55.121207137126476], [-1.5597399827092886, 55.12084779550787], [-1.5585045451298356, 55.12084779550787], [-1.5566513887606561, 55.121925820363685], [-1.5566513887606561, 55.122644503600895], [-1.5541805136017501, 55.124081870075315], [-1.5541805136017501, 55.124800553312525], [-1.5535627948120236, 55.12515989493113], [-1.5523273572325706, 55.12515989493113], [-1.5517096384428442, 55.125519236549735], [-1.5523273572325706, 55.12587857816834], [-1.5535627948120236, 55.12587857816834], [-1.5547982323914766, 55.12515989493113], [-1.5560336699709296, 55.12515989493113], [-1.5566513887606561, 55.125519236549735], [-1.5566513887606561, 55.126237919786945], [-1.5554159511812031, 55.126956603024155], [-1.5560336699709296, 55.12731594464276], [-1.5572691075503826, 55.12659726140555]], [[-1.5430615753866732, 55.08167955907993], [-1.5461501693353057, 55.079882850986905], [-1.5486210444942117, 55.079882850986905], [-1.5492387632839382, 55.0795235093683], [-1.5492387632839382, 55.07736745965667], [-1.5517096384428442, 55.07593009318225], [-1.5510919196531177, 55.075570751563646], [-1.5498564820736647, 55.075570751563646], [-1.5486210444942117, 55.076289434800856], [-1.5480033257044852, 55.07593009318225], [-1.5480033257044852, 55.07449272670783], [-1.5486210444942117, 55.074133385089226], [-1.5498564820736647, 55.074852068326436], [-1.5504742008633912, 55.07449272670783], [-1.5492387632839382, 55.07377404347062], [-1.5498564820736647, 55.073414701852016], [-1.5510919196531177, 55.073414701852016], [-1.5517096384428442, 55.07305536023341], [-1.5510919196531177, 55.072696018614806], [-1.5486210444942117, 55.072696018614806], [-1.5473856069147587, 55.073414701852016], [-1.5461501693353057, 55.073414701852016], [-1.5455324505455792, 55.07305536023341], [-1.5455324505455792, 55.07089931052178], [-1.5467678881250322, 55.07018062728457], [-1.5467678881250322, 55.06946194404736], [-1.5480033257044852, 55.06874326081015], [-1.5480033257044852, 55.06802457757294], [-1.5473856069147587, 55.06766523595434], [-1.5461501693353057, 55.06838391919155], [-1.5436792941763997, 55.06838391919155], [-1.5412084190174937, 55.06694655271713], [-1.5375021062791348, 55.06694655271713], [-1.5368843874894083, 55.06730589433573], [-1.5368843874894083, 55.06802457757294], [-1.5356489499099553, 55.06874326081015], [-1.5356489499099553, 55.06946194404736], [-1.5350312311202288, 55.06982128566597], [-1.5337957935407758, 55.06910260242876], [-1.5325603559613228, 55.06910260242876], [-1.5300894808024168, 55.06766523595434], [-1.5288540432229638, 55.06838391919155], [-1.5276186056435108, 55.06838391919155], [-1.5270008868537843, 55.06874326081015], [-1.5270008868537843, 55.07018062728457], [-1.5251477304846048, 55.071258652140386], [-1.5226768553256989, 55.071258652140386], [-1.5220591365359724, 55.07161799375899], [-1.5220591365359724, 55.07377404347062], [-1.5232945741154253, 55.07449272670783], [-1.5232945741154253, 55.07521140994504], [-1.5245300116948783, 55.07593009318225], [-1.5245300116948783, 55.07808614289388], [-1.5270008868537843, 55.0795235093683], [-1.5270008868537843, 55.08167955907993], [-1.5276186056435108, 55.082038900698535], [-1.5300894808024168, 55.082038900698535], [-1.5307071995921433, 55.08239824231714], [-1.5307071995921433, 55.08311692555435], [-1.5313249183818698, 55.083476267172955], [-1.5362666686996818, 55.083476267172955], [-1.5368843874894083, 55.08311692555435], [-1.5368843874894083, 55.08239824231714], [-1.5375021062791348, 55.082038900698535], [-1.5424438565969467, 55.082038900698535], [-1.5430615753866732, 55.08239824231714], [-1.5430615753866732, 55.08311692555435], [-1.5436792941763997, 55.083476267172955], [-1.5442970129661262, 55.08311692555435], [-1.5442970129661262, 55.08239824231714], [-1.5430615753866732, 55.08167955907993]], [[-1.5146465110592544, 55.10611478914507], [-1.516499667428434, 55.10719281400088], [-1.5177351050078869, 55.10647413076367], [-1.5189705425873399, 55.10719281400088], [-1.5195882613770664, 55.10683347238228], [-1.5195882613770664, 55.10611478914507], [-1.5202059801667929, 55.10575544752646], [-1.5251477304846048, 55.10575544752646], [-1.5270008868537843, 55.10683347238228], [-1.5270008868537843, 55.10755215561949], [-1.5282363244332373, 55.1082708388567], [-1.5282363244332373, 55.10898952209391], [-1.5288540432229638, 55.10934886371251], [-1.5300894808024168, 55.10934886371251], [-1.5319426371715963, 55.1082708388567], [-1.5319426371715963, 55.10755215561949], [-1.5331780747510493, 55.10683347238228], [-1.5319426371715963, 55.10611478914507], [-1.5319426371715963, 55.10539610590786], [-1.5337957935407758, 55.10431808105204], [-1.5350312311202288, 55.10431808105204], [-1.5356489499099553, 55.10395873943344], [-1.5344135123305023, 55.10324005619623], [-1.5344135123305023, 55.1010840064846], [-1.5356489499099553, 55.10036532324739], [-1.5356489499099553, 55.09964664001018], [-1.5350312311202288, 55.09928729839157], [-1.5313249183818698, 55.09928729839157], [-1.5307071995921433, 55.09892795677297], [-1.5319426371715963, 55.09820927353576], [-1.5319426371715963, 55.09749059029855], [-1.5313249183818698, 55.09713124867994], [-1.5300894808024168, 55.09713124867994], [-1.5294717620126903, 55.09749059029855], [-1.5294717620126903, 55.09892795677297], [-1.5288540432229638, 55.09928729839157], [-1.5276186056435108, 55.09928729839157], [-1.5263831680640578, 55.09856861515436], [-1.5251477304846048, 55.09856861515436], [-1.5239122929051518, 55.09928729839157], [-1.5226768553256989, 55.09928729839157], [-1.5214414177462459, 55.10000598162878], [-1.5202059801667929, 55.10000598162878], [-1.5183528237976134, 55.1010840064846], [-1.5183528237976134, 55.10180268972181], [-1.5171173862181604, 55.10252137295902], [-1.5177351050078869, 55.10288071457762], [-1.5189705425873399, 55.10288071457762], [-1.5195882613770664, 55.10324005619623], [-1.5189705425873399, 55.10359939781483], [-1.516499667428434, 55.10359939781483], [-1.5158819486387074, 55.10395873943344], [-1.5158819486387074, 55.10467742267065], [-1.5146465110592544, 55.10539610590786], [-1.5146465110592544, 55.10611478914507]], [[-1.3904850343242288, 54.816126102930866], [-1.3880141591653228, 54.816126102930866], [-1.3873964403755963, 54.81576676131226], [-1.3873964403755963, 54.81504807807505], [-1.3855432840064168, 54.813970053219236], [-1.3843078464269638, 54.813970053219236], [-1.3818369712680578, 54.81253268674482], [-1.3781306585296988, 54.81253268674482], [-1.3768952209502459, 54.81325136998203], [-1.3756597833707929, 54.81325136998203], [-1.3750420645810664, 54.81289202836342], [-1.3750420645810664, 54.81217334512621], [-1.3731889082118869, 54.8110953202704], [-1.369482595473528, 54.8110953202704], [-1.3688648766838014, 54.811454661889], [-1.3688648766838014, 54.81217334512621], [-1.368247157894075, 54.81253268674482], [-1.367011720314622, 54.81253268674482], [-1.3663940015248954, 54.81289202836342], [-1.3663940015248954, 54.81361071160063], [-1.3676294391043484, 54.81432939483784], [-1.3676294391043484, 54.81504807807505], [-1.3663940015248954, 54.81576676131226], [-1.3676294391043484, 54.81648544454947], [-1.3676294391043484, 54.81720412778668], [-1.367011720314622, 54.817563469405286], [-1.365776282735169, 54.817563469405286], [-1.364540845155716, 54.816844786168076], [-1.3639231263659894, 54.81720412778668], [-1.3651585639454424, 54.81792281102389], [-1.364540845155716, 54.818282152642496], [-1.363305407576263, 54.818282152642496], [-1.3626876887865365, 54.8186414942611], [-1.3626876887865365, 54.81936017749831], [-1.3614522512070835, 54.82007886073552], [-1.3614522512070835, 54.82079754397273], [-1.3626876887865365, 54.82151622720994], [-1.3626876887865365, 54.82223491044715], [-1.363305407576263, 54.822594252065755], [-1.365776282735169, 54.822594252065755], [-1.3663940015248954, 54.82295359368436], [-1.3663940015248954, 54.82367227692157], [-1.3639231263659894, 54.82510964339599], [-1.3639231263659894, 54.8258283266332], [-1.364540845155716, 54.826187668251805], [-1.367011720314622, 54.826187668251805], [-1.3676294391043484, 54.82654700987041], [-1.3676294391043484, 54.82726569310762], [-1.368247157894075, 54.827625034726225], [-1.3688648766838014, 54.82726569310762], [-1.3688648766838014, 54.82654700987041], [-1.3701003142632544, 54.8258283266332], [-1.3701003142632544, 54.82367227692157], [-1.369482595473528, 54.823312935302965], [-1.368247157894075, 54.823312935302965], [-1.3663940015248954, 54.82223491044715], [-1.3676294391043484, 54.82151622720994], [-1.3676294391043484, 54.82079754397273], [-1.3688648766838014, 54.82007886073552], [-1.3688648766838014, 54.81792281102389], [-1.369482595473528, 54.817563469405286], [-1.370718033052981, 54.818282152642496], [-1.3744243457913399, 54.818282152642496], [-1.3750420645810664, 54.81792281102389], [-1.3750420645810664, 54.81648544454947], [-1.3756597833707929, 54.816126102930866], [-1.3768952209502459, 54.816126102930866], [-1.3775129397399724, 54.81648544454947], [-1.3762775021605194, 54.81720412778668], [-1.3768952209502459, 54.817563469405286], [-1.3793660961091518, 54.817563469405286], [-1.3806015336886048, 54.818282152642496], [-1.3830724088475108, 54.818282152642496], [-1.3836901276372373, 54.8186414942611], [-1.3824546900577843, 54.81936017749831], [-1.3824546900577843, 54.82007886073552], [-1.3843078464269638, 54.821156885591336], [-1.3849255652166903, 54.82079754397273], [-1.3849255652166903, 54.82007886073552], [-1.3855432840064168, 54.819719519116916], [-1.3867787215858698, 54.819719519116916], [-1.3873964403755963, 54.81936017749831], [-1.3873964403755963, 54.8186414942611], [-1.3880141591653228, 54.818282152642496], [-1.3892495967447758, 54.819000835879706], [-1.3917204719036818, 54.819000835879706], [-1.3954267846420407, 54.816844786168076], [-1.3978976598009467, 54.818282152642496], [-1.3997508161701262, 54.81720412778668], [-1.3997508161701262, 54.81576676131226], [-1.3978976598009467, 54.814688736456446], [-1.3966622222214937, 54.815407419693656], [-1.3954267846420407, 54.815407419693656], [-1.3941913470625877, 54.814688736456446], [-1.3917204719036818, 54.814688736456446], [-1.3911027531139553, 54.81504807807505], [-1.3911027531139553, 54.81576676131226], [-1.3904850343242288, 54.816126102930866]], [[-1.367011720314622, 54.85565368097741], [-1.3676294391043484, 54.85529433935881], [-1.3676294391043484, 54.8545756561216], [-1.3688648766838014, 54.85385697288439], [-1.3688648766838014, 54.85313828964718], [-1.369482595473528, 54.85277894802857], [-1.370718033052981, 54.85277894802857], [-1.3713357518427074, 54.85241960640997], [-1.3701003142632544, 54.85170092317276], [-1.3713357518427074, 54.85098223993555], [-1.3701003142632544, 54.85026355669834], [-1.3701003142632544, 54.84954487346113], [-1.370718033052981, 54.84918553184252], [-1.371953470632434, 54.84918553184252], [-1.3725711894221604, 54.84882619022392], [-1.3701003142632544, 54.8473888237495], [-1.3701003142632544, 54.84667014051229], [-1.3688648766838014, 54.84595145727508], [-1.3688648766838014, 54.84307672432624], [-1.3701003142632544, 54.84235804108903], [-1.3688648766838014, 54.84163935785182], [-1.3688648766838014, 54.83804594166577], [-1.3701003142632544, 54.83732725842856], [-1.369482595473528, 54.836967916809954], [-1.368247157894075, 54.836967916809954], [-1.3676294391043484, 54.83660857519135], [-1.3676294391043484, 54.83588989195414], [-1.3688648766838014, 54.83517120871693], [-1.3676294391043484, 54.83445252547972], [-1.3676294391043484, 54.83373384224251], [-1.365776282735169, 54.832655817386694], [-1.3651585639454424, 54.8330151590053], [-1.3663940015248954, 54.83373384224251], [-1.3663940015248954, 54.83445252547972], [-1.3651585639454424, 54.83517120871693], [-1.3663940015248954, 54.83588989195414], [-1.3663940015248954, 54.83732725842856], [-1.3651585639454424, 54.83804594166577], [-1.3663940015248954, 54.83876462490298], [-1.3663940015248954, 54.83948330814019], [-1.365776282735169, 54.83984264975879], [-1.364540845155716, 54.83984264975879], [-1.3639231263659894, 54.8402019913774], [-1.3639231263659894, 54.84092067461461], [-1.3626876887865365, 54.84163935785182], [-1.3626876887865365, 54.84307672432624], [-1.3639231263659894, 54.84379540756345], [-1.3639231263659894, 54.84523277403787], [-1.364540845155716, 54.84559211565647], [-1.365776282735169, 54.84559211565647], [-1.3676294391043484, 54.84667014051229], [-1.367011720314622, 54.84702948213089], [-1.365776282735169, 54.84702948213089], [-1.3651585639454424, 54.8473888237495], [-1.3651585639454424, 54.84954487346113], [-1.3626876887865365, 54.85098223993555], [-1.3626876887865365, 54.85170092317276], [-1.3614522512070835, 54.85241960640997], [-1.363305407576263, 54.85349763126578], [-1.364540845155716, 54.85421631450299], [-1.365776282735169, 54.85421631450299], [-1.3663940015248954, 54.8545756561216], [-1.3651585639454424, 54.85529433935881], [-1.365776282735169, 54.85565368097741], [-1.367011720314622, 54.85565368097741]]], [[[-1.6695310088822721, 55.15093771798811], [-1.6684584897011518, 55.15031380823348], [-1.6672230521216989, 55.15031380823348], [-1.6659876145422459, 55.14959512499627], [-1.6647521769627929, 55.14959512499627], [-1.6628990205936134, 55.14851710014045], [-1.6628990205936134, 55.14636105042882], [-1.662281301803887, 55.14600170881022], [-1.661045864224434, 55.14600170881022], [-1.6604281454347074, 55.14564236719161], [-1.6604281454347074, 55.14420500071719], [-1.6616635830141604, 55.14348631747998], [-1.6616635830141604, 55.14276763424277], [-1.6628990205936134, 55.14204895100556], [-1.6628990205936134, 55.13989290129393], [-1.6616635830141604, 55.13917421805672], [-1.6616635830141604, 55.137736851582304], [-1.662281301803887, 55.1373775099637], [-1.6635167393833399, 55.13809619320091], [-1.6653698957525194, 55.137018168345094], [-1.6653698957525194, 55.135580801870674], [-1.6647521769627929, 55.13522146025207], [-1.6635167393833399, 55.13522146025207], [-1.662281301803887, 55.13594014348928], [-1.661045864224434, 55.13594014348928], [-1.6604281454347074, 55.135580801870674], [-1.6604281454347074, 55.134862118633464], [-1.6616635830141604, 55.134143435396254], [-1.6616635830141604, 55.133424752159044], [-1.662281301803887, 55.13306541054044], [-1.6672230521216989, 55.13306541054044], [-1.6684584897011518, 55.13378409377765], [-1.6696939272806048, 55.13378409377765], [-1.6703116460703313, 55.133424752159044], [-1.6703116460703313, 55.131268702447414], [-1.6709293648600578, 55.13090936082881], [-1.6734002400189638, 55.13090936082881], [-1.6740179588086903, 55.131268702447414], [-1.6740179588086903, 55.132706068921834], [-1.6727825212292373, 55.133424752159044], [-1.6727825212292373, 55.134143435396254], [-1.6740179588086903, 55.134862118633464], [-1.6740179588086903, 55.135580801870674], [-1.6734002400189638, 55.13594014348928], [-1.6721648024395108, 55.13522146025207], [-1.6709293648600578, 55.13594014348928], [-1.6696939272806048, 55.13594014348928], [-1.6690762084908783, 55.136299485107884], [-1.6703116460703313, 55.137018168345094], [-1.6703116460703313, 55.13917421805672], [-1.6709293648600578, 55.13953355967533], [-1.6734002400189638, 55.13953355967533], [-1.6758711151778698, 55.13809619320091], [-1.6783419903367758, 55.13809619320091], [-1.6801951467059553, 55.13917421805672], [-1.6801951467059553, 55.14061158453114], [-1.6814305842854083, 55.14133026776835], [-1.6814305842854083, 55.1449236839544], [-1.6808128654956818, 55.14528302557301], [-1.6795774279162288, 55.14528302557301], [-1.6783419903367758, 55.1445643423358], [-1.6758711151778698, 55.1445643423358], [-1.6727825212292373, 55.14636105042882], [-1.6727825212292373, 55.14779841690324], [-1.6715470836497843, 55.14851710014045], [-1.6715470836497843, 55.14923578337766], [-1.6703116460703313, 55.14995446661487], [-1.6703116460703313, 55.15067314985208], [-1.669895006809473, 55.150915518756605], [-1.6695310088822721, 55.15093771798811]]], [[[-1.600824238537652, 54.76283435335628], [-1.601610433429861, 54.76359206555549], [-1.6025712608996887, 54.764618856394094], [-1.6017448604106903, 54.76509959308896], [-1.6011271416209638, 54.76474025147036], [-1.6011271416209638, 54.76402156823315], [-1.6005094228312373, 54.76366222661454], [-1.5992739852517843, 54.76366222661454], [-1.5986562664620578, 54.76330288499594], [-1.5986562664620578, 54.76186551852152], [-1.5949499537236989, 54.75970946880989], [-1.5949499537236989, 54.75899078557268], [-1.5943322349339724, 54.75863144395407], [-1.5930967973545194, 54.75863144395407], [-1.5924790785647929, 54.75827210233547], [-1.5930967973545194, 54.75791276071686], [-1.5943322349339724, 54.75791276071686], [-1.5948004348370228, 54.757640397768235], [-1.600824238537652, 54.76283435335628]]], [[[-1.6178055489435792, 55.077726801275276], [-1.6165701113641262, 55.078445484512486], [-1.6153346737846732, 55.078445484512486], [-1.6147169549949467, 55.07880482613109], [-1.6147169549949467, 55.0795235093683], [-1.6134815174154937, 55.08024219260551], [-1.6134815174154937, 55.08167955907993], [-1.6116283610463142, 55.082757583935745], [-1.6103929234668612, 55.082757583935745], [-1.6097752046771348, 55.08311692555435], [-1.6097752046771348, 55.08383560879156], [-1.6091574858874083, 55.084194950410165], [-1.6079220483079553, 55.084194950410165], [-1.6073043295182288, 55.08455429202877], [-1.6073043295182288, 55.08527297526598], [-1.6042157355695963, 55.087069683359005], [-1.6011271416209638, 55.08527297526598], [-1.6017448604106903, 55.084913633647375], [-1.6042157355695963, 55.084913633647375], [-1.6048334543593228, 55.08455429202877], [-1.6048334543593228, 55.08311692555435], [-1.6011271416209638, 55.08096087584272], [-1.6011271416209638, 55.08024219260551], [-1.6023625792004168, 55.0795235093683], [-1.6023625792004168, 55.07736745965667], [-1.5998917040415108, 55.07593009318225], [-1.5998917040415108, 55.07305536023341], [-1.6035980167798698, 55.07089931052178], [-1.6035980167798698, 55.06802457757294], [-1.6042157355695963, 55.06766523595434], [-1.6054511731490493, 55.06838391919155], [-1.6073043295182288, 55.06730589433573], [-1.6073043295182288, 55.06658721109852], [-1.6066866107285023, 55.06622786947992], [-1.6054511731490493, 55.06622786947992], [-1.6048334543593228, 55.06586852786131], [-1.6048334543593228, 55.06443116138689], [-1.6066866107285023, 55.06335313653108], [-1.6091574858874083, 55.06335313653108], [-1.6097752046771348, 55.06299379491247], [-1.6097752046771348, 55.06083774520084], [-1.6091574858874083, 55.06047840358224], [-1.6079220483079553, 55.06047840358224], [-1.6073043295182288, 55.06011906196363], [-1.6091574858874083, 55.05904103710782], [-1.6116283610463142, 55.05904103710782], [-1.6128637986257672, 55.05975972034503], [-1.6165701113641262, 55.05975972034503], [-1.6171878301538527, 55.06011906196363], [-1.6171878301538527, 55.06083774520084], [-1.6178055489435792, 55.06119708681945], [-1.6227472992613912, 55.06119708681945], [-1.6233650180511177, 55.06155642843805], [-1.6233650180511177, 55.06443116138689], [-1.6227472992613912, 55.0647905030055], [-1.6202764241024852, 55.0647905030055], [-1.6171878301538527, 55.06658721109852], [-1.6171878301538527, 55.06730589433573], [-1.6178055489435792, 55.06766523595434], [-1.6190409865230322, 55.06766523595434], [-1.6196587053127587, 55.06802457757294], [-1.6171878301538527, 55.06946194404736], [-1.6184232677333057, 55.07018062728457], [-1.6184232677333057, 55.0723366769962], [-1.6190409865230322, 55.072696018614806], [-1.6202764241024852, 55.072696018614806], [-1.6208941428922117, 55.07305536023341], [-1.6202764241024852, 55.073414701852016], [-1.6190409865230322, 55.073414701852016], [-1.6184232677333057, 55.07377404347062], [-1.6184232677333057, 55.07521140994504], [-1.6196587053127587, 55.07593009318225], [-1.6196587053127587, 55.07664877641946], [-1.6208941428922117, 55.07736745965667], [-1.6202764241024852, 55.077726801275276], [-1.6190409865230322, 55.077726801275276], [-1.6178055489435792, 55.077726801275276]]], [[[-1.6993444291874766, 54.905242824344896], [-1.6956381164491177, 54.905242824344896], [-1.6950203976593912, 54.9056021659635], [-1.6950203976593912, 54.90703953243792], [-1.6944026788696647, 54.907398874056526], [-1.6931672412902117, 54.907398874056526], [-1.6919318037107587, 54.906680190819316], [-1.6894609285518527, 54.906680190819316], [-1.6876077721826732, 54.9056021659635], [-1.6876077721826732, 54.90488348272629], [-1.6894609285518527, 54.903805457870476], [-1.6906963661313057, 54.903805457870476], [-1.6931672412902117, 54.905242824344896], [-1.6950203976593912, 54.90416479948908], [-1.6950203976593912, 54.90344611625187], [-1.6944026788696647, 54.903086774633266], [-1.6931672412902117, 54.903086774633266], [-1.6925495225004852, 54.90272743301466], [-1.6925495225004852, 54.90200874977745], [-1.6931672412902117, 54.901649408158846], [-1.6944026788696647, 54.901649408158846], [-1.6950203976593912, 54.90129006654024], [-1.6950203976593912, 54.89769665035419], [-1.6962558352388442, 54.89697796711698], [-1.6962558352388442, 54.89554060064256], [-1.6950203976593912, 54.89482191740535], [-1.6950203976593912, 54.89410323416814], [-1.6937849600799382, 54.89338455093093], [-1.6956381164491177, 54.89230652607512], [-1.6962558352388442, 54.89266586769372], [-1.6962558352388442, 54.89338455093093], [-1.6968735540285707, 54.89374389254954], [-1.6981089916080236, 54.89374389254954], [-1.7024330231361091, 54.8912285012193], [-1.7024330231361091, 54.89050981798209], [-1.703668460715562, 54.88979113474488], [-1.7011975855566561, 54.88835376827046], [-1.7011975855566561, 54.88691640179604], [-1.6993444291874766, 54.88583837694023], [-1.6981089916080236, 54.88583837694023], [-1.6974912728182971, 54.88547903532162], [-1.6987267103977501, 54.88476035208441], [-1.6987267103977501, 54.88260430237278], [-1.6993444291874766, 54.88224496075418], [-1.7005798667669296, 54.88224496075418], [-1.7011975855566561, 54.88188561913557], [-1.7011975855566561, 54.881166935898364], [-1.7018153043463826, 54.88080759427976], [-1.7030507419258356, 54.88080759427976], [-1.703668460715562, 54.880448252661154], [-1.703668460715562, 54.879729569423944], [-1.7055216170847416, 54.87865154456813], [-1.7067570546641946, 54.87865154456813], [-1.707374773453921, 54.879010886186734], [-1.707374773453921, 54.879729569423944], [-1.706139335874468, 54.880448252661154], [-1.706139335874468, 54.881166935898364], [-1.7067570546641946, 54.88152627751697], [-1.7079924922436476, 54.88080759427976], [-1.708610211033374, 54.881166935898364], [-1.708610211033374, 54.88188561913557], [-1.7116988049820065, 54.8836823272286], [-1.7154051177203655, 54.8836823272286], [-1.7166405552998185, 54.88296364399139], [-1.717258274089545, 54.88332298560999], [-1.717258274089545, 54.8840416688472], [-1.7178759928792715, 54.88440101046581], [-1.7191114304587245, 54.88440101046581], [-1.719729149248451, 54.88476035208441], [-1.718493711668998, 54.88547903532162], [-1.718493711668998, 54.88691640179604], [-1.7191114304587245, 54.88727574341465], [-1.7203468680381775, 54.88655706017744], [-1.720964586827904, 54.88691640179604], [-1.720964586827904, 54.88835376827046], [-1.7203468680381775, 54.88871310988907], [-1.7191114304587245, 54.88799442665186], [-1.7178759928792715, 54.88871310988907], [-1.7166405552998185, 54.88871310988907], [-1.716022836510092, 54.88907245150767], [-1.717258274089545, 54.88979113474488], [-1.717258274089545, 54.8912285012193], [-1.7166405552998185, 54.89158784283791], [-1.7154051177203655, 54.89158784283791], [-1.713551961351186, 54.89266586769372], [-1.7141696801409125, 54.89302520931233], [-1.7154051177203655, 54.89230652607512], [-1.7166405552998185, 54.89230652607512], [-1.7178759928792715, 54.89158784283791], [-1.7191114304587245, 54.89158784283791], [-1.7203468680381775, 54.8908691596007], [-1.7215823056176305, 54.8908691596007], [-1.722200024407357, 54.89050981798209], [-1.722200024407357, 54.88907245150767], [-1.7228177431970835, 54.88871310988907], [-1.7240531807765365, 54.88871310988907], [-1.724670899566263, 54.88907245150767], [-1.724670899566263, 54.89050981798209], [-1.727141774725169, 54.89194718445651], [-1.727141774725169, 54.89410323416814], [-1.7277594935148954, 54.89446257578675], [-1.7289949310943484, 54.89446257578675], [-1.729612649884075, 54.89482191740535], [-1.728377212304622, 54.89554060064256], [-1.729612649884075, 54.89625928387977], [-1.7277594935148954, 54.89733730873559], [-1.7265240559354424, 54.89661862549838], [-1.7252886183559895, 54.89733730873559], [-1.7228177431970835, 54.89733730873559], [-1.7203468680381775, 54.89877467521001], [-1.7191114304587245, 54.8980559919728], [-1.7178759928792715, 54.8980559919728], [-1.716022836510092, 54.89913401682861], [-1.716022836510092, 54.89985270006582], [-1.7154051177203655, 54.900212041684426], [-1.714787398930639, 54.89985270006582], [-1.714787398930639, 54.8984153335914], [-1.7141696801409125, 54.8980559919728], [-1.71108108619228, 54.89985270006582], [-1.71108108619228, 54.90129006654024], [-1.713551961351186, 54.90272743301466], [-1.713551961351186, 54.90344611625187], [-1.714787398930639, 54.90416479948908], [-1.714787398930639, 54.90488348272629], [-1.7129342425614595, 54.905961507582106], [-1.7104633674025536, 54.905961507582106], [-1.709845648612827, 54.9056021659635], [-1.709845648612827, 54.90488348272629], [-1.7092279298231006, 54.904524141107686], [-1.7079924922436476, 54.904524141107686], [-1.7067570546641946, 54.903805457870476], [-1.7055216170847416, 54.904524141107686], [-1.7042861795052886, 54.904524141107686], [-1.7030507419258356, 54.903805457870476], [-1.7024330231361091, 54.90416479948908], [-1.7024330231361091, 54.90488348272629], [-1.703668460715562, 54.9056021659635], [-1.7030507419258356, 54.905961507582106], [-1.7005798667669296, 54.905961507582106], [-1.6999621479772031, 54.9056021659635], [-1.6993444291874766, 54.905242824344896]]], [[[-1.7024330231361091, 54.92572529660538], [-1.7011975855566561, 54.92500661336817], [-1.7024330231361091, 54.92428793013096], [-1.7024330231361091, 54.92213188041933], [-1.7030507419258356, 54.921772538800724], [-1.7042861795052886, 54.921772538800724], [-1.704903898295015, 54.92213188041933], [-1.704903898295015, 54.92285056365654], [-1.7055216170847416, 54.923209905275144], [-1.7067570546641946, 54.923209905275144], [-1.7079924922436476, 54.922491222037934], [-1.7092279298231006, 54.922491222037934], [-1.7104633674025536, 54.923209905275144], [-1.7116988049820065, 54.922491222037934], [-1.7141696801409125, 54.922491222037934], [-1.714787398930639, 54.92213188041933], [-1.714787398930639, 54.92141319718212], [-1.713551961351186, 54.92069451394491], [-1.713551961351186, 54.91925714747049], [-1.712316523771733, 54.91853846423328], [-1.7141696801409125, 54.917460439377464], [-1.7166405552998185, 54.917460439377464], [-1.718493711668998, 54.91638241452165], [-1.718493711668998, 54.91494504804723], [-1.7191114304587245, 54.914585706428625], [-1.7203468680381775, 54.914585706428625], [-1.7215823056176305, 54.913867023191415], [-1.7228177431970835, 54.913867023191415], [-1.724670899566263, 54.9127889983356], [-1.724670899566263, 54.91063294862397], [-1.7252886183559895, 54.910273607005365], [-1.7265240559354424, 54.910273607005365], [-1.727141774725169, 54.91063294862397], [-1.727141774725169, 54.91135163186118], [-1.729612649884075, 54.9127889983356], [-1.729612649884075, 54.91422636481002], [-1.730848087463528, 54.91494504804723], [-1.730848087463528, 54.91638241452165], [-1.732083525042981, 54.91710109775886], [-1.732083525042981, 54.91925714747049], [-1.730848087463528, 54.9199758307077], [-1.730848087463528, 54.92069451394491], [-1.732083525042981, 54.92141319718212], [-1.732083525042981, 54.92213188041933], [-1.7327012438327074, 54.922491222037934], [-1.7339366814121604, 54.921772538800724], [-1.734554400201887, 54.92213188041933], [-1.734554400201887, 54.92285056365654], [-1.7339366814121604, 54.923209905275144], [-1.7327012438327074, 54.923209905275144], [-1.730848087463528, 54.92428793013096], [-1.730848087463528, 54.92500661336817], [-1.729612649884075, 54.92572529660538], [-1.729612649884075, 54.92788134631701], [-1.7277594935148954, 54.92895937117282], [-1.7265240559354424, 54.92895937117282], [-1.7252886183559895, 54.92824068793561], [-1.724670899566263, 54.92860002955422], [-1.724670899566263, 54.93075607926585], [-1.7240531807765365, 54.93111542088445], [-1.7228177431970835, 54.93039673764724], [-1.7215823056176305, 54.93039673764724], [-1.7203468680381775, 54.92967805441003], [-1.719729149248451, 54.93003739602864], [-1.719729149248451, 54.93075607926585], [-1.7191114304587245, 54.93111542088445], [-1.7178759928792715, 54.93111542088445], [-1.717258274089545, 54.93147476250306], [-1.717258274089545, 54.93363081221469], [-1.7154051177203655, 54.9347088370705], [-1.7141696801409125, 54.9347088370705], [-1.713551961351186, 54.9343494954519], [-1.713551961351186, 54.93291212897748], [-1.7129342425614595, 54.93255278735887], [-1.712316523771733, 54.93291212897748], [-1.712316523771733, 54.93363081221469], [-1.7104633674025536, 54.9347088370705], [-1.706139335874468, 54.93219344574027], [-1.706139335874468, 54.93075607926585], [-1.7055216170847416, 54.93039673764724], [-1.7042861795052886, 54.93039673764724], [-1.703668460715562, 54.93003739602864], [-1.703668460715562, 54.92860002955422], [-1.7024330231361091, 54.92788134631701], [-1.7024330231361091, 54.92572529660538]]], [[[-1.6752533963881433, 54.88547903532162], [-1.6752533963881433, 54.88763508503325], [-1.6740179588086903, 54.88835376827046], [-1.6752533963881433, 54.88907245150767], [-1.6746356775984168, 54.88943179312628], [-1.6721648024395108, 54.88943179312628], [-1.6715470836497843, 54.88979113474488], [-1.6727825212292373, 54.89050981798209], [-1.6727825212292373, 54.89194718445651], [-1.6721648024395108, 54.89230652607512], [-1.6709293648600578, 54.89230652607512], [-1.6690762084908783, 54.89338455093093], [-1.6690762084908783, 54.89625928387977], [-1.6678407709114254, 54.89697796711698], [-1.6678407709114254, 54.89769665035419], [-1.6690762084908783, 54.8984153335914], [-1.6690762084908783, 54.89913401682861], [-1.6703116460703313, 54.89985270006582], [-1.6703116460703313, 54.90057138330303], [-1.6684584897011518, 54.901649408158846], [-1.6659876145422459, 54.900212041684426], [-1.6647521769627929, 54.900930724921636], [-1.6635167393833399, 54.900930724921636], [-1.662281301803887, 54.901649408158846], [-1.661045864224434, 54.901649408158846], [-1.6591927078552544, 54.90272743301466], [-1.6591927078552544, 54.90344611625187], [-1.659810426644981, 54.903805457870476], [-1.6604281454347074, 54.90344611625187], [-1.6604281454347074, 54.90272743301466], [-1.661045864224434, 54.902368091396056], [-1.662281301803887, 54.902368091396056], [-1.6628990205936134, 54.90272743301466], [-1.6628990205936134, 54.90416479948908], [-1.6591927078552544, 54.90632084920071], [-1.6591927078552544, 54.90847689891234], [-1.6616635830141604, 54.90991426538676], [-1.6616635830141604, 54.91063294862397], [-1.662281301803887, 54.910992290242575], [-1.6647521769627929, 54.910992290242575], [-1.6684584897011518, 54.913148339954205], [-1.6696939272806048, 54.913148339954205], [-1.6703116460703313, 54.91350768157281], [-1.6696939272806048, 54.913867023191415], [-1.6684584897011518, 54.913867023191415], [-1.6678407709114254, 54.91422636481002], [-1.6678407709114254, 54.91781978099607], [-1.6672230521216989, 54.918179122614674], [-1.6647521769627929, 54.918179122614674], [-1.661045864224434, 54.920335172326304], [-1.6604281454347074, 54.9199758307077], [-1.6604281454347074, 54.91925714747049], [-1.659810426644981, 54.918897805851884], [-1.6579572702758014, 54.9199758307077], [-1.6579572702758014, 54.92213188041933], [-1.6554863951168954, 54.92356924689375], [-1.6567218326963484, 54.92428793013096], [-1.656104113906622, 54.92464727174956], [-1.654868676327169, 54.92464727174956], [-1.653633238747716, 54.923928588512354], [-1.652397801168263, 54.92464727174956], [-1.648691488429904, 54.92464727174956], [-1.6468383320607245, 54.92572529660538], [-1.6468383320607245, 54.92644397984259], [-1.6456028944812715, 54.9271626630798], [-1.6456028944812715, 54.92788134631701], [-1.6480737696401775, 54.92931871279143], [-1.6480737696401775, 54.93003739602864], [-1.6493092072196305, 54.93075607926585], [-1.6493092072196305, 54.93219344574027], [-1.647456050850451, 54.93327147059608], [-1.646220613270998, 54.93327147059608], [-1.644985175691545, 54.93399015383329], [-1.6443674569018185, 54.93363081221469], [-1.6443674569018185, 54.93075607926585], [-1.6456028944812715, 54.93003739602864], [-1.6456028944812715, 54.92931871279143], [-1.644985175691545, 54.92895937117282], [-1.640043425373733, 54.92895937117282], [-1.6394257065840065, 54.92931871279143], [-1.6394257065840065, 54.93003739602864], [-1.636337112635374, 54.93183410412166], [-1.632630799897015, 54.93183410412166], [-1.6320130811072886, 54.93147476250306], [-1.6320130811072886, 54.93003739602864], [-1.631395362317562, 54.92967805441003], [-1.6301599247381091, 54.92967805441003], [-1.6295422059483826, 54.92931871279143], [-1.6295422059483826, 54.92860002955422], [-1.6289244871586561, 54.92824068793561], [-1.6276890495792031, 54.92824068793561], [-1.6258358932100236, 54.9271626630798], [-1.6258358932100236, 54.92428793013096], [-1.6246004556305707, 54.92356924689375], [-1.6246004556305707, 54.92213188041933], [-1.6221295804716647, 54.92069451394491], [-1.6246004556305707, 54.91925714747049], [-1.6246004556305707, 54.91853846423328], [-1.6239827368408442, 54.918179122614674], [-1.6215118616819382, 54.918179122614674], [-1.6208941428922117, 54.91781978099607], [-1.6208941428922117, 54.91710109775886], [-1.6202764241024852, 54.916741756140254], [-1.6190409865230322, 54.916741756140254], [-1.6178055489435792, 54.917460439377464], [-1.6128637986257672, 54.917460439377464], [-1.6122460798360407, 54.91710109775886], [-1.6122460798360407, 54.91494504804723], [-1.6110106422565877, 54.91422636481002], [-1.6110106422565877, 54.91350768157281], [-1.6122460798360407, 54.9127889983356], [-1.6110106422565877, 54.91207031509839], [-1.6110106422565877, 54.91135163186118], [-1.6103929234668612, 54.910992290242575], [-1.6085397670976818, 54.91207031509839], [-1.6085397670976818, 54.91350768157281], [-1.6066866107285023, 54.914585706428625], [-1.6054511731490493, 54.914585706428625], [-1.6048334543593228, 54.91494504804723], [-1.6048334543593228, 54.91566373128444], [-1.6042157355695963, 54.916023072903045], [-1.6017448604106903, 54.916023072903045], [-1.6011271416209638, 54.91566373128444], [-1.6011271416209638, 54.91494504804723], [-1.6005094228312373, 54.914585706428625], [-1.5968031100928783, 54.914585706428625], [-1.5961853913031518, 54.91494504804723], [-1.5961853913031518, 54.91566373128444], [-1.5968031100928783, 54.916023072903045], [-1.5980385476723313, 54.916023072903045], [-1.5986562664620578, 54.91638241452165], [-1.5986562664620578, 54.91781978099607], [-1.5980385476723313, 54.918179122614674], [-1.5937145161442459, 54.91566373128444], [-1.5937145161442459, 54.91422636481002], [-1.5930967973545194, 54.913867023191415], [-1.5918613597750664, 54.914585706428625], [-1.5912436409853399, 54.91422636481002], [-1.5912436409853399, 54.90991426538676], [-1.5918613597750664, 54.909554923768155], [-1.5930967973545194, 54.910273607005365], [-1.5943322349339724, 54.910273607005365], [-1.5949499537236989, 54.90991426538676], [-1.5949499537236989, 54.90847689891234], [-1.5961853913031518, 54.90775821567513], [-1.5937145161442459, 54.90632084920071], [-1.5937145161442459, 54.9056021659635], [-1.5924790785647929, 54.90488348272629], [-1.5924790785647929, 54.90272743301466], [-1.5918613597750664, 54.902368091396056], [-1.5906259221956134, 54.902368091396056], [-1.5893904846161604, 54.901649408158846], [-1.5869196094572544, 54.901649408158846], [-1.586301890667528, 54.90129006654024], [-1.5869196094572544, 54.900930724921636], [-1.5881550470367074, 54.900930724921636], [-1.5900082034058869, 54.89985270006582], [-1.588772765826434, 54.89913401682861], [-1.588772765826434, 54.8984153335914], [-1.5893904846161604, 54.8980559919728], [-1.5906259221956134, 54.89877467521001], [-1.5918613597750664, 54.89877467521001], [-1.5930967973545194, 54.89949335844722], [-1.5943322349339724, 54.89949335844722], [-1.5955676725134254, 54.89958319385187], [-1.5968031100928783, 54.89949335844722], [-1.5986562664620578, 54.89913401682861], [-1.5986562664620578, 54.89985270006582], [-1.5998917040415108, 54.90057138330303], [-1.5998917040415108, 54.90129006654024], [-1.6005094228312373, 54.901649408158846], [-1.6017448604106903, 54.901649408158846], [-1.6035980167798698, 54.90057138330303], [-1.6035980167798698, 54.89697796711698], [-1.6103929234668612, 54.89302520931233], [-1.6128637986257672, 54.89302520931233], [-1.6134815174154937, 54.89266586769372], [-1.6134815174154937, 54.88979113474488], [-1.6153346737846732, 54.88871310988907], [-1.6165701113641262, 54.88871310988907], [-1.6184232677333057, 54.88763508503325], [-1.6184232677333057, 54.88691640179604], [-1.6190409865230322, 54.88655706017744], [-1.6202764241024852, 54.88655706017744], [-1.6208941428922117, 54.88619771855883], [-1.6208941428922117, 54.8840416688472], [-1.6215118616819382, 54.8836823272286], [-1.6227472992613912, 54.8836823272286], [-1.6233650180511177, 54.88332298560999], [-1.6215118616819382, 54.88224496075418], [-1.6202764241024852, 54.88296364399139], [-1.6190409865230322, 54.88296364399139], [-1.6184232677333057, 54.88260430237278], [-1.6196587053127587, 54.88188561913557], [-1.6196587053127587, 54.881166935898364], [-1.6184232677333057, 54.880448252661154], [-1.6184232677333057, 54.879729569423944], [-1.6190409865230322, 54.87937022780534], [-1.6202764241024852, 54.88008891104255], [-1.6208941428922117, 54.879729569423944], [-1.6208941428922117, 54.878292202949524], [-1.6215118616819382, 54.87793286133092], [-1.6221295804716647, 54.878292202949524], [-1.6221295804716647, 54.879729569423944], [-1.6227472992613912, 54.88008891104255], [-1.6239827368408442, 54.88008891104255], [-1.6246004556305707, 54.879729569423944], [-1.6246004556305707, 54.878292202949524], [-1.6239827368408442, 54.87793286133092], [-1.6227472992613912, 54.87793286133092], [-1.6221295804716647, 54.877573519712314], [-1.6221295804716647, 54.876854836475104], [-1.6227472992613912, 54.8764954948565], [-1.6239827368408442, 54.8764954948565], [-1.6264536119997501, 54.87505812838208], [-1.6276890495792031, 54.87505812838208], [-1.6283067683689296, 54.875417470000684], [-1.6283067683689296, 54.876854836475104], [-1.6270713307894766, 54.877573519712314], [-1.6270713307894766, 54.878292202949524], [-1.6276890495792031, 54.87865154456813], [-1.6289244871586561, 54.87865154456813], [-1.6307776435278356, 54.879729569423944], [-1.6307776435278356, 54.881166935898364], [-1.631395362317562, 54.88152627751697], [-1.633866237476468, 54.88152627751697], [-1.6344839562661946, 54.881166935898364], [-1.6344839562661946, 54.879010886186734], [-1.635101675055921, 54.87865154456813], [-1.637572550214827, 54.87865154456813], [-1.6381902690045536, 54.879010886186734], [-1.6381902690045536, 54.879729569423944], [-1.640043425373733, 54.88080759427976], [-1.642514300532639, 54.88080759427976], [-1.6431320193223655, 54.880448252661154], [-1.6431320193223655, 54.879729569423944], [-1.643749738112092, 54.87937022780534], [-1.644985175691545, 54.87937022780534], [-1.646220613270998, 54.88008891104255], [-1.648691488429904, 54.88008891104255], [-1.6493092072196305, 54.880448252661154], [-1.6493092072196305, 54.881166935898364], [-1.6505446447990835, 54.88188561913557], [-1.6505446447990835, 54.88260430237278], [-1.65116236358881, 54.88296364399139], [-1.654868676327169, 54.88296364399139], [-1.656104113906622, 54.88224496075418], [-1.6567218326963484, 54.88260430237278], [-1.6567218326963484, 54.88547903532162], [-1.657339551486075, 54.88583837694023], [-1.6591927078552544, 54.88476035208441], [-1.6591927078552544, 54.88260430237278], [-1.659810426644981, 54.88224496075418], [-1.661045864224434, 54.88224496075418], [-1.6616635830141604, 54.88260430237278], [-1.6604281454347074, 54.88332298560999], [-1.661045864224434, 54.8836823272286], [-1.6635167393833399, 54.88224496075418], [-1.6647521769627929, 54.88224496075418], [-1.6653698957525194, 54.88188561913557], [-1.6641344581730664, 54.881166935898364], [-1.6641344581730664, 54.880448252661154], [-1.6628990205936134, 54.879729569423944], [-1.6641344581730664, 54.879010886186734], [-1.6628990205936134, 54.878292202949524], [-1.6635167393833399, 54.87793286133092], [-1.6647521769627929, 54.87793286133092], [-1.6659876145422459, 54.87721417809371], [-1.6672230521216989, 54.87721417809371], [-1.6678407709114254, 54.877573519712314], [-1.6678407709114254, 54.878292202949524], [-1.6684584897011518, 54.87865154456813], [-1.6696939272806048, 54.87865154456813], [-1.6709293648600578, 54.87793286133092], [-1.6721648024395108, 54.87793286133092], [-1.6740179588086903, 54.879010886186734], [-1.6740179588086903, 54.880448252661154], [-1.6752533963881433, 54.881166935898364], [-1.6752533963881433, 54.88332298560999], [-1.6758711151778698, 54.8836823272286], [-1.6771065527573228, 54.88296364399139], [-1.6777242715470493, 54.88332298560999], [-1.6777242715470493, 54.8840416688472], [-1.6758711151778698, 54.88511969370302], [-1.6752533963881433, 54.88547903532162]]], [[[-1.562828576657921, 54.857450389070436], [-1.562828576657921, 54.859606438782066], [-1.5622108578681946, 54.85996578040067], [-1.5609754202887416, 54.85996578040067], [-1.560357701499015, 54.860325122019276], [-1.560357701499015, 54.861762488493696], [-1.5597399827092886, 54.8621218301123], [-1.5585045451298356, 54.8621218301123], [-1.5572691075503826, 54.86284051334951], [-1.5560336699709296, 54.86284051334951], [-1.5554159511812031, 54.863199854968116], [-1.5554159511812031, 54.866074587916955], [-1.5560336699709296, 54.86643392953556], [-1.5585045451298356, 54.86643392953556], [-1.559122263919562, 54.866074587916955], [-1.559122263919562, 54.865355904679745], [-1.5597399827092886, 54.86499656306114], [-1.560357701499015, 54.865355904679745], [-1.560357701499015, 54.866074587916955], [-1.561593139078468, 54.866793271154165], [-1.561593139078468, 54.871824053814635], [-1.562828576657921, 54.872542737051845], [-1.5622108578681946, 54.87290207867045], [-1.5609754202887416, 54.87290207867045], [-1.5597399827092886, 54.87362076190766], [-1.5560336699709296, 54.87362076190766], [-1.5547982323914766, 54.87290207867045], [-1.5541805136017501, 54.873261420289055], [-1.5541805136017501, 54.874698786763474], [-1.5535627948120236, 54.87505812838208], [-1.5523273572325706, 54.87433944514487], [-1.5510919196531177, 54.87433944514487], [-1.5498564820736647, 54.87362076190766], [-1.5492387632839382, 54.873980103526264], [-1.5504742008633912, 54.874698786763474], [-1.5504742008633912, 54.877573519712314], [-1.5498564820736647, 54.87793286133092], [-1.5486210444942117, 54.87793286133092], [-1.5480033257044852, 54.877573519712314], [-1.5492387632839382, 54.876854836475104], [-1.5492387632839382, 54.876136153237894], [-1.5486210444942117, 54.87577681161929], [-1.5473856069147587, 54.87577681161929], [-1.5449147317558527, 54.87721417809371], [-1.5436792941763997, 54.8764954948565], [-1.5424438565969467, 54.87721417809371], [-1.5412084190174937, 54.87721417809371], [-1.5399729814380407, 54.87793286133092], [-1.5375021062791348, 54.87793286133092], [-1.5362666686996818, 54.87721417809371], [-1.5337957935407758, 54.87721417809371], [-1.5294717620126903, 54.874698786763474], [-1.5294717620126903, 54.873980103526264], [-1.5276186056435108, 54.87290207867045], [-1.5263831680640578, 54.87362076190766], [-1.5251477304846048, 54.87290207867045], [-1.5239122929051518, 54.87362076190766], [-1.5231401444179937, 54.873980103526264], [-1.520978128653951, 54.873980103526264], [-1.5202059801667929, 54.87362076190766], [-1.5214414177462459, 54.87218339543324], [-1.5220591365359724, 54.871824053814635], [-1.5202059801667929, 54.87074602895882], [-1.5177351050078869, 54.87074602895882], [-1.516499667428434, 54.87002734572161], [-1.5158819486387074, 54.870386687340215], [-1.5158819486387074, 54.872542737051845], [-1.515264229848981, 54.87290207867045], [-1.5134110734798014, 54.871824053814635], [-1.5146465110592544, 54.871105370577425], [-1.5146465110592544, 54.868230637628585], [-1.515264229848981, 54.86787129600998], [-1.516499667428434, 54.86787129600998], [-1.5177351050078869, 54.86715261277277], [-1.5189705425873399, 54.86715261277277], [-1.5202059801667929, 54.86643392953556], [-1.5226768553256989, 54.86643392953556], [-1.5232945741154253, 54.866074587916955], [-1.5232945741154253, 54.865355904679745], [-1.5245300116948783, 54.864637221442536], [-1.5239122929051518, 54.86427787982393], [-1.5226768553256989, 54.86427787982393], [-1.5220591365359724, 54.863918538205326], [-1.5226768553256989, 54.86355919658672], [-1.5288540432229638, 54.86355919658672], [-1.5294717620126903, 54.863199854968116], [-1.5294717620126903, 54.861762488493696], [-1.5288540432229638, 54.86140314687509], [-1.5263831680640578, 54.86140314687509], [-1.5257654492743313, 54.861043805256486], [-1.5257654492743313, 54.860325122019276], [-1.5270008868537843, 54.859606438782066], [-1.5270008868537843, 54.858887755544856], [-1.5276186056435108, 54.85852841392625], [-1.5288540432229638, 54.85852841392625], [-1.5294717620126903, 54.858887755544856], [-1.5294717620126903, 54.860325122019276], [-1.5300894808024168, 54.86068446363788], [-1.5313249183818698, 54.85996578040067], [-1.5325603559613228, 54.85996578040067], [-1.5331780747510493, 54.859606438782066], [-1.5331780747510493, 54.858887755544856], [-1.5337957935407758, 54.85852841392625], [-1.5350312311202288, 54.85924709716346], [-1.5356489499099553, 54.858887755544856], [-1.5356489499099553, 54.856731705833226], [-1.5368843874894083, 54.85601302259602], [-1.5368843874894083, 54.85529433935881], [-1.5375021062791348, 54.8549349977402], [-1.5436792941763997, 54.8549349977402], [-1.5449147317558527, 54.85421631450299], [-1.5461501693353057, 54.85421631450299], [-1.5467678881250322, 54.85385697288439], [-1.5467678881250322, 54.85170092317276], [-1.5473856069147587, 54.85134158155415], [-1.5486210444942117, 54.85134158155415], [-1.5492387632839382, 54.85170092317276], [-1.5492387632839382, 54.85241960640997], [-1.5480033257044852, 54.85313828964718], [-1.5492387632839382, 54.85385697288439], [-1.5492387632839382, 54.8545756561216], [-1.5510919196531177, 54.85565368097741], [-1.5523273572325706, 54.8549349977402], [-1.5535627948120236, 54.8549349977402], [-1.5554159511812031, 54.85601302259602], [-1.5554159511812031, 54.856731705833226], [-1.5566513887606561, 54.857450389070436], [-1.5566513887606561, 54.858169072307646], [-1.5572691075503826, 54.85852841392625], [-1.5585045451298356, 54.85780973068904], [-1.5597399827092886, 54.85780973068904], [-1.5609754202887416, 54.85709104745183], [-1.5622108578681946, 54.85709104745183], [-1.562828576657921, 54.857450389070436]]], [[[-1.5900082034058869, 55.028496999526396], [-1.5900082034058869, 55.02705963305198], [-1.5906259221956134, 55.02670029143337], [-1.5930967973545194, 55.02670029143337], [-1.5943322349339724, 55.02598160819616], [-1.5955676725134254, 55.02598160819616], [-1.5968031100928783, 55.02670029143337], [-1.5980385476723313, 55.02670029143337], [-1.5986562664620578, 55.02634094981477], [-1.5986562664620578, 55.02562226657756], [-1.5998917040415108, 55.02490358334035], [-1.5998917040415108, 55.01915411744267], [-1.6005094228312373, 55.01879477582406], [-1.6029802979901433, 55.01879477582406], [-1.6035980167798698, 55.01915411744267], [-1.6035980167798698, 55.01987280067988], [-1.6029802979901433, 55.02023214229848], [-1.6017448604106903, 55.02023214229848], [-1.6011271416209638, 55.02059148391709], [-1.6017448604106903, 55.02095082553569], [-1.6029802979901433, 55.02095082553569], [-1.6042157355695963, 55.0216695087729], [-1.6054511731490493, 55.0216695087729], [-1.6060688919387758, 55.0213101671543], [-1.6060688919387758, 55.02059148391709], [-1.6066866107285023, 55.02023214229848], [-1.6079220483079553, 55.02095082553569], [-1.6091574858874083, 55.02023214229848], [-1.6097752046771348, 55.02059148391709], [-1.6097752046771348, 55.0213101671543], [-1.6085397670976818, 55.02202885039151], [-1.6097752046771348, 55.02274753362872], [-1.6097752046771348, 55.02346621686593], [-1.6110106422565877, 55.02418490010314], [-1.6110106422565877, 55.02490358334035], [-1.6103929234668612, 55.02526292495895], [-1.6091574858874083, 55.02526292495895], [-1.6085397670976818, 55.02562226657756], [-1.6085397670976818, 55.02777831628919], [-1.6091574858874083, 55.02813765790779], [-1.6103929234668612, 55.02741897467058], [-1.6116283610463142, 55.02741897467058], [-1.6140992362052202, 55.028856341145], [-1.6153346737846732, 55.02813765790779], [-1.6178055489435792, 55.02813765790779], [-1.6184232677333057, 55.028496999526396], [-1.6184232677333057, 55.029215682763606], [-1.6196587053127587, 55.029934366000816], [-1.6196587053127587, 55.030653049238026], [-1.6190409865230322, 55.03101239085663], [-1.6153346737846732, 55.03101239085663], [-1.6140992362052202, 55.03029370761942], [-1.6128637986257672, 55.03029370761942], [-1.6122460798360407, 55.030653049238026], [-1.6122460798360407, 55.033527782186866], [-1.6116283610463142, 55.03388712380547], [-1.6110106422565877, 55.033527782186866], [-1.6110106422565877, 55.032809098949656], [-1.6091574858874083, 55.03173107409384], [-1.6085397670976818, 55.032090415712446], [-1.6085397670976818, 55.032809098949656], [-1.6097752046771348, 55.033527782186866], [-1.6091574858874083, 55.03388712380547], [-1.6054511731490493, 55.03388712380547], [-1.6042157355695963, 55.03316844056826], [-1.6029802979901433, 55.03316844056826], [-1.6023625792004168, 55.032809098949656], [-1.6023625792004168, 55.032090415712446], [-1.6017448604106903, 55.03173107409384], [-1.6005094228312373, 55.03173107409384], [-1.5992739852517843, 55.03101239085663], [-1.5955676725134254, 55.03101239085663], [-1.5943322349339724, 55.03029370761942], [-1.5930967973545194, 55.03029370761942], [-1.5912436409853399, 55.029215682763606], [-1.5900082034058869, 55.028496999526396]]], [[[-1.4399025375023484, 54.93973961973097], [-1.438049381133169, 54.93866159487516], [-1.438049381133169, 54.93722422840074], [-1.4374316623434424, 54.93686488678213], [-1.4349607871845365, 54.93686488678213], [-1.4337253496050835, 54.93758357001934], [-1.4324899120256305, 54.93686488678213], [-1.4312544744461775, 54.93686488678213], [-1.4300190368667245, 54.93614620354492], [-1.428165880497545, 54.93722422840074], [-1.429401318076998, 54.93794291163795], [-1.429401318076998, 54.93938027811237], [-1.4287835992872715, 54.93973961973097], [-1.4250772865489125, 54.93973961973097], [-1.4226064113900065, 54.93830225325655], [-1.4213709738105536, 54.93902093649376], [-1.4201355362311006, 54.93902093649376], [-1.4189000986516476, 54.93973961973097], [-1.4164292234927416, 54.93973961973097], [-1.415811504703015, 54.94009896134958], [-1.415811504703015, 54.941536327824], [-1.4139583483338356, 54.94261435267981], [-1.4090165980160236, 54.94261435267981], [-1.4077811604365706, 54.94333303591702], [-1.4053102852776647, 54.94333303591702], [-1.4040748476982117, 54.94261435267981], [-1.4028394101187587, 54.94261435267981], [-1.4022216913290322, 54.94225501106121], [-1.4034571289084852, 54.941536327824], [-1.4022216913290322, 54.94081764458679], [-1.4040748476982117, 54.93973961973097], [-1.4053102852776647, 54.93973961973097], [-1.4065457228571177, 54.94045830296818], [-1.4090165980160236, 54.94045830296818], [-1.4096343168057501, 54.94081764458679], [-1.4096343168057501, 54.941536327824], [-1.4102520355954766, 54.9418956694426], [-1.4121051919646561, 54.94081764458679], [-1.4121051919646561, 54.93722422840074], [-1.4114874731749296, 54.93686488678213], [-1.4096343168057501, 54.93794291163795], [-1.4096343168057501, 54.93866159487516], [-1.4090165980160236, 54.93902093649376], [-1.4083988792262971, 54.93866159487516], [-1.4083988792262971, 54.93722422840074], [-1.4096343168057501, 54.93650554516353], [-1.4096343168057501, 54.93578686192632], [-1.4102520355954766, 54.93542752030771], [-1.4127229107543826, 54.93542752030771], [-1.414576067123562, 54.9343494954519], [-1.414576067123562, 54.93291212897748], [-1.4164292234927416, 54.93183410412166], [-1.4176646610721946, 54.93183410412166], [-1.4189000986516476, 54.93255278735887], [-1.4201355362311006, 54.93255278735887], [-1.4213709738105536, 54.93183410412166], [-1.4250772865489125, 54.93183410412166], [-1.425695005338639, 54.93147476250306], [-1.425695005338639, 54.93003739602864], [-1.4263127241283655, 54.92967805441003], [-1.4275481617078185, 54.92967805441003], [-1.428165880497545, 54.92931871279143], [-1.428165880497545, 54.92860002955422], [-1.4287835992872715, 54.92824068793561], [-1.4300190368667245, 54.92824068793561], [-1.430636755656451, 54.92860002955422], [-1.430636755656451, 54.93075607926585], [-1.4312544744461775, 54.93111542088445], [-1.4337253496050835, 54.93111542088445], [-1.435578505974263, 54.93219344574027], [-1.435578505974263, 54.93291212897748], [-1.4361962247639894, 54.93327147059608], [-1.4386670999228954, 54.93327147059608], [-1.439284818712622, 54.93363081221469], [-1.439284818712622, 54.93578686192632], [-1.4399025375023484, 54.93614620354492], [-1.4411379750818014, 54.93614620354492], [-1.4423734126612544, 54.93686488678213], [-1.4436088502407074, 54.93614620354492], [-1.4448442878201604, 54.93614620354492], [-1.4466974441893399, 54.93722422840074], [-1.4454620066098869, 54.93794291163795], [-1.4454620066098869, 54.93866159487516], [-1.4436088502407074, 54.93973961973097], [-1.4411379750818014, 54.93973961973097], [-1.4399025375023484, 54.93973961973097]]], [[[-1.3954267846420407, 54.95698801742401], [-1.3960445034317672, 54.957347359042615], [-1.3960445034317672, 54.959503408754244], [-1.3954267846420407, 54.95986275037285], [-1.3941913470625877, 54.95986275037285], [-1.3935736282728612, 54.960222091991454], [-1.3935736282728612, 54.960940775228664], [-1.3948090658523142, 54.961659458465874], [-1.3948090658523142, 54.963096824940294], [-1.3954267846420407, 54.9634561665589], [-1.3978976598009467, 54.9634561665589], [-1.3985153785906732, 54.963815508177504], [-1.3966622222214937, 54.96489353303332], [-1.3954267846420407, 54.96417484979611], [-1.3948090658523142, 54.964534191414714], [-1.3948090658523142, 54.965252874651924], [-1.3929559094831347, 54.96633089950774], [-1.3917204719036818, 54.96633089950774], [-1.3867787215858698, 54.96920563245658], [-1.3861610027961433, 54.96884629083797], [-1.3861610027961433, 54.96740892436355], [-1.3855432840064168, 54.96704958274495], [-1.3843078464269638, 54.96704958274495], [-1.3830724088475108, 54.96776826598216], [-1.3818369712680578, 54.96776826598216], [-1.3812192524783313, 54.96740892436355], [-1.3812192524783313, 54.966690241126344], [-1.3824546900577843, 54.965971557889134], [-1.3818369712680578, 54.96561221627053], [-1.3731889082118869, 54.96561221627053], [-1.3713357518427074, 54.964534191414714], [-1.3713357518427074, 54.961659458465874], [-1.371953470632434, 54.96130011684727], [-1.3725711894221604, 54.961659458465874], [-1.3725711894221604, 54.963815508177504], [-1.3731889082118869, 54.96417484979611], [-1.3750420645810664, 54.963096824940294], [-1.3750420645810664, 54.962378141703084], [-1.3725711894221604, 54.960940775228664], [-1.3725711894221604, 54.960222091991454], [-1.3731889082118869, 54.95986275037285], [-1.3744243457913399, 54.95986275037285], [-1.3762775021605194, 54.958784725517035], [-1.3762775021605194, 54.957347359042615], [-1.3775129397399724, 54.956628675805405], [-1.3775129397399724, 54.953753942856565], [-1.3793660961091518, 54.95267591800075], [-1.3806015336886048, 54.95267591800075], [-1.3818369712680578, 54.95339460123796], [-1.3830724088475108, 54.95339460123796], [-1.3867787215858698, 54.95555065094959], [-1.3892495967447758, 54.95555065094959], [-1.3898673155345023, 54.955909992568195], [-1.3917204719036818, 54.95698801742401], [-1.3954267846420407, 54.95698801742401]]], [[[-1.5134110734798014, 54.941536327824], [-1.512793354690075, 54.9418956694426], [-1.511557917110622, 54.9418956694426], [-1.510322479531169, 54.94117698620539], [-1.509087041951716, 54.94117698620539], [-1.5084693231619895, 54.941536327824], [-1.5084693231619895, 54.942973694298416], [-1.5072338855825365, 54.943692377535626], [-1.5072338855825365, 54.945848427247256], [-1.507851604372263, 54.94620776886586], [-1.509087041951716, 54.94620776886586], [-1.5097047607414424, 54.946567110484466], [-1.5097047607414424, 54.948723160196096], [-1.509087041951716, 54.9490825018147], [-1.507851604372263, 54.9490825018147], [-1.5072338855825365, 54.948723160196096], [-1.5072338855825365, 54.948004476958886], [-1.50661616679281, 54.94764513534028], [-1.504145291633904, 54.94764513534028], [-1.502909854054451, 54.94692645210307], [-1.501674416474998, 54.94764513534028], [-1.493026353418827, 54.94764513534028], [-1.4911731970496476, 54.946567110484466], [-1.4924086346291006, 54.945848427247256], [-1.4924086346291006, 54.944411060772836], [-1.493026353418827, 54.94405171915423], [-1.49426179099828, 54.94405171915423], [-1.495497228577733, 54.94477040239144], [-1.4961149473674595, 54.944411060772836], [-1.4961149473674595, 54.943692377535626], [-1.4948795097880065, 54.942973694298416], [-1.4948795097880065, 54.94225501106121], [-1.493026353418827, 54.94117698620539], [-1.491790915839374, 54.94117698620539], [-1.4911731970496476, 54.94081764458679], [-1.4911731970496476, 54.93938027811237], [-1.490555478259921, 54.93902093649376], [-1.489320040680468, 54.93902093649376], [-1.4874668843112886, 54.93794291163795], [-1.4874668843112886, 54.93722422840074], [-1.485613727942109, 54.93614620354492], [-1.4843782903626561, 54.93614620354492], [-1.4837605715729296, 54.93650554516353], [-1.4837605715729296, 54.93722422840074], [-1.4806719776242971, 54.93902093649376], [-1.4794365400448442, 54.93902093649376], [-1.4775833836756647, 54.93794291163795], [-1.4775833836756647, 54.93506817868911], [-1.4782011024653912, 54.9347088370705], [-1.4794365400448442, 54.9347088370705], [-1.4825251339934766, 54.93291212897748], [-1.4825251339934766, 54.93219344574027], [-1.4831428527832031, 54.93183410412166], [-1.4843782903626561, 54.93183410412166], [-1.485613727942109, 54.93255278735887], [-1.4862314467318356, 54.93219344574027], [-1.4862314467318356, 54.93147476250306], [-1.485613727942109, 54.93111542088445], [-1.4843782903626561, 54.93111542088445], [-1.4837605715729296, 54.93075607926585], [-1.4837605715729296, 54.92931871279143], [-1.4825251339934766, 54.92860002955422], [-1.4831428527832031, 54.92824068793561], [-1.4843782903626561, 54.92824068793561], [-1.4849960091523826, 54.92788134631701], [-1.4849960091523826, 54.92500661336817], [-1.4843782903626561, 54.92464727174956], [-1.4831428527832031, 54.924018423917005], [-1.4837605715729296, 54.92356924689375], [-1.4843782903626561, 54.921772538800724], [-1.485613727942109, 54.921772538800724], [-1.4862314467318356, 54.92141319718212], [-1.4862314467318356, 54.92069451394491], [-1.4874668843112886, 54.9199758307077], [-1.4874668843112886, 54.91925714747049], [-1.488084603101015, 54.918897805851884], [-1.489320040680468, 54.918897805851884], [-1.490555478259921, 54.919616489089094], [-1.491790915839374, 54.919616489089094], [-1.49426179099828, 54.921053855563514], [-1.495497228577733, 54.921053855563514], [-1.499203541316092, 54.923209905275144], [-1.501674416474998, 54.921772538800724], [-1.502909854054451, 54.921772538800724], [-1.504145291633904, 54.922491222037934], [-1.505380729213357, 54.922491222037934], [-1.50661616679281, 54.921772538800724], [-1.5072338855825365, 54.92213188041933], [-1.5072338855825365, 54.92356924689375], [-1.507851604372263, 54.923928588512354], [-1.509087041951716, 54.923209905275144], [-1.5097047607414424, 54.92356924689375], [-1.5097047607414424, 54.92428793013096], [-1.5109401983208954, 54.92500661336817], [-1.5109401983208954, 54.9271626630798], [-1.5121756359003484, 54.92788134631701], [-1.510322479531169, 54.92895937117282], [-1.509087041951716, 54.92895937117282], [-1.5072338855825365, 54.93003739602864], [-1.5072338855825365, 54.93147476250306], [-1.50661616679281, 54.93183410412166], [-1.504145291633904, 54.93183410412166], [-1.5022921352647245, 54.93291212897748], [-1.5022921352647245, 54.9343494954519], [-1.504145291633904, 54.93542752030771], [-1.505380729213357, 54.93542752030771], [-1.5059984480030835, 54.93578686192632], [-1.5059984480030835, 54.93722422840074], [-1.507851604372263, 54.93830225325655], [-1.509087041951716, 54.93830225325655], [-1.5097047607414424, 54.93866159487516], [-1.5097047607414424, 54.93938027811237], [-1.510322479531169, 54.93973961973097], [-1.511557917110622, 54.93902093649376], [-1.5134110734798014, 54.94009896134958], [-1.5134110734798014, 54.941536327824]]], [[[-1.4689353206194937, 54.91638241452165], [-1.4689353206194937, 54.91566373128444], [-1.4683176018297672, 54.915304389665835], [-1.4670821642503142, 54.915304389665835], [-1.4664644454605877, 54.91566373128444], [-1.4676998830400407, 54.91638241452165], [-1.4676998830400407, 54.91781978099607], [-1.4658467266708612, 54.918897805851884], [-1.4646112890914083, 54.918179122614674], [-1.4627581327222288, 54.91925714747049], [-1.4639935703016818, 54.9199758307077], [-1.4633758515119553, 54.920335172326304], [-1.4621404139325023, 54.920335172326304], [-1.4602872575633228, 54.91925714747049], [-1.4602872575633228, 54.91710109775886], [-1.4590518199838698, 54.91638241452165], [-1.4590518199838698, 54.91566373128444], [-1.4602872575633228, 54.91494504804723], [-1.4602872575633228, 54.90919558214955], [-1.4584341011941433, 54.908117557293735], [-1.4571986636146903, 54.908117557293735], [-1.4559632260352373, 54.908836240530945], [-1.4547277884557843, 54.908117557293735], [-1.4528746320866048, 54.90919558214955], [-1.4522569132968783, 54.910273607005365], [-1.4510214757174253, 54.910273607005365], [-1.4504037569276989, 54.90991426538676], [-1.4497860381379724, 54.909465088363504], [-1.4559632260352373, 54.906680190819316], [-1.4571986636146903, 54.906680190819316], [-1.4578163824044168, 54.90632084920071], [-1.4578163824044168, 54.9056021659635], [-1.4571986636146903, 54.905152988940245], [-1.4571986636146903, 54.90461397651234], [-1.4590518199838698, 54.90344611625187], [-1.4590518199838698, 54.90129006654024], [-1.4602872575633228, 54.90057138330303], [-1.4596695387735963, 54.900122206279775], [-1.4596695387735963, 54.89886451061466], [-1.4602872575633228, 54.8984153335914], [-1.4602872575633228, 54.89625928387977], [-1.4596695387735963, 54.89589994226117], [-1.4571986636146903, 54.89589994226117], [-1.4565809448249638, 54.89554060064256], [-1.4565809448249638, 54.89338455093093], [-1.4571986636146903, 54.89302520931233], [-1.4584341011941433, 54.89374389254954], [-1.4596695387735963, 54.89302520931233], [-1.4602872575633228, 54.89338455093093], [-1.4602872575633228, 54.89410323416814], [-1.4609049763530493, 54.89446257578675], [-1.4621404139325023, 54.89446257578675], [-1.4633758515119553, 54.89518125902396], [-1.4646112890914083, 54.89518125902396], [-1.4652290078811347, 54.89482191740535], [-1.4652290078811347, 54.89410323416814], [-1.4689353206194937, 54.89194718445651], [-1.4689353206194937, 54.8912285012193], [-1.4695530394092202, 54.8908691596007], [-1.4707884769886732, 54.8908691596007], [-1.4738770709373057, 54.88907245150767], [-1.4738770709373057, 54.88835376827046], [-1.4732593521475792, 54.88799442665186], [-1.4720239145681262, 54.88799442665186], [-1.4714061957783997, 54.88763508503325], [-1.4732593521475792, 54.88655706017744], [-1.4751125085167587, 54.88763508503325], [-1.4751125085167587, 54.88835376827046], [-1.4769656648859382, 54.88943179312628], [-1.4843782903626561, 54.88511969370302], [-1.489320040680468, 54.88511969370302], [-1.491790915839374, 54.8836823272286], [-1.493026353418827, 54.8836823272286], [-1.49426179099828, 54.88440101046581], [-1.496732666157186, 54.88440101046581], [-1.497968103736639, 54.8836823272286], [-1.499203541316092, 54.88440101046581], [-1.501674416474998, 54.88440101046581], [-1.502909854054451, 54.88502985829837], [-1.5022921352647245, 54.88547903532162], [-1.501674416474998, 54.88646722477279], [-1.5010566976852715, 54.88691640179604], [-1.504145291633904, 54.88871310988907], [-1.505380729213357, 54.88871310988907], [-1.5059984480030835, 54.88835376827046], [-1.5059984480030835, 54.88763508503325], [-1.5084693231619895, 54.88979113474488], [-1.507851604372263, 54.89015047636349], [-1.50661616679281, 54.88943179312628], [-1.505380729213357, 54.88943179312628], [-1.5047630104236305, 54.88979113474488], [-1.5047630104236305, 54.89050981798209], [-1.504145291633904, 54.8908691596007], [-1.502909854054451, 54.89015047636349], [-1.501674416474998, 54.8908691596007], [-1.500438978895545, 54.8908691596007], [-1.499203541316092, 54.89158784283791], [-1.497968103736639, 54.89158784283791], [-1.4973503849469125, 54.8912285012193], [-1.4973503849469125, 54.89050981798209], [-1.496732666157186, 54.89015047636349], [-1.49426179099828, 54.89015047636349], [-1.491790915839374, 54.89158784283791], [-1.490555478259921, 54.89158784283791], [-1.4899377594701946, 54.89194718445651], [-1.4899377594701946, 54.89266586769372], [-1.489320040680468, 54.89302520931233], [-1.488084603101015, 54.89302520931233], [-1.486849165521562, 54.892935373907676], [-1.4862314467318356, 54.89338455093093], [-1.4849960091523826, 54.89697796711698], [-1.4862314467318356, 54.89769665035419], [-1.4862314467318356, 54.8984153335914], [-1.485613727942109, 54.89877467521001], [-1.4843782903626561, 54.89877467521001], [-1.4819074152037501, 54.89733730873559], [-1.4794365400448442, 54.89733730873559], [-1.4788188212551177, 54.89769665035419], [-1.4794365400448442, 54.89814582737745], [-1.4794365400448442, 54.898684839805355], [-1.4788188212551177, 54.89913401682861], [-1.4769656648859382, 54.903086774633266], [-1.4757302273064852, 54.903086774633266], [-1.4738770709373057, 54.90416479948908], [-1.4738770709373057, 54.90488348272629], [-1.4744947897270322, 54.905242824344896], [-1.4757302273064852, 54.905242824344896], [-1.4763479460962117, 54.9056021659635], [-1.4757302273064852, 54.905961507582106], [-1.4744947897270322, 54.905961507582106], [-1.4726416333578527, 54.90703953243792], [-1.4757302273064852, 54.908836240530945], [-1.4769656648859382, 54.908836240530945], [-1.4782011024653912, 54.908117557293735], [-1.4794365400448442, 54.908836240530945], [-1.4806719776242971, 54.908836240530945], [-1.4812896964140236, 54.90847689891234], [-1.4812896964140236, 54.90775821567513], [-1.4819074152037501, 54.907398874056526], [-1.4825251339934766, 54.90775821567513], [-1.4825251339934766, 54.90847689891234], [-1.4831428527832031, 54.908836240530945], [-1.4843782903626561, 54.908836240530945], [-1.4849960091523826, 54.90919558214955], [-1.4849960091523826, 54.90991426538676], [-1.4837605715729296, 54.91063294862397], [-1.4837605715729296, 54.9127889983356], [-1.4831428527832031, 54.913148339954205], [-1.4819074152037501, 54.913148339954205], [-1.481135266716592, 54.91350768157281], [-1.4782011024653912, 54.914585706428625], [-1.4775833836756647, 54.91422636481002], [-1.4775833836756647, 54.91350768157281], [-1.4769656648859382, 54.913148339954205], [-1.4763479460962117, 54.91350768157281], [-1.4763479460962117, 54.91422636481002], [-1.4757302273064852, 54.914585706428625], [-1.4744947897270322, 54.914585706428625], [-1.4732593521475792, 54.915304389665835], [-1.4720239145681262, 54.915304389665835], [-1.4714061957783997, 54.91566373128444], [-1.4714061957783997, 54.91638241452165], [-1.4707884769886732, 54.916741756140254], [-1.4695530394092202, 54.916741756140254], [-1.4689353206194937, 54.91638241452165]]], [[[-1.4460797253996134, 54.87505812838208], [-1.4466974441893399, 54.874698786763474], [-1.4466974441893399, 54.873980103526264], [-1.4479328817687929, 54.873261420289055], [-1.4479328817687929, 54.872542737051845], [-1.4466974441893399, 54.871824053814635], [-1.4473151629790664, 54.87146471219603], [-1.4497860381379724, 54.87146471219603], [-1.4504037569276989, 54.871105370577425], [-1.4504037569276989, 54.868949320865795], [-1.4479328817687929, 54.867511954391375], [-1.4479328817687929, 54.866793271154165], [-1.4466974441893399, 54.866074587916955], [-1.4473151629790664, 54.86571524629835], [-1.4485506005585194, 54.86571524629835], [-1.4491683193482459, 54.865355904679745], [-1.4491683193482459, 54.864637221442536], [-1.4516391945071518, 54.863199854968116], [-1.4516391945071518, 54.861762488493696], [-1.4522569132968783, 54.86140314687509], [-1.4534923508763313, 54.86140314687509], [-1.4541100696660578, 54.861043805256486], [-1.4541100696660578, 54.860325122019276], [-1.4547277884557843, 54.85996578040067], [-1.4559632260352373, 54.85996578040067], [-1.4565809448249638, 54.860325122019276], [-1.4565809448249638, 54.861043805256486], [-1.4571986636146903, 54.86140314687509], [-1.4609049763530493, 54.86140314687509], [-1.4621404139325023, 54.86068446363788], [-1.4633758515119553, 54.86068446363788], [-1.4639935703016818, 54.861043805256486], [-1.4639935703016818, 54.862481171730906], [-1.4652290078811347, 54.863199854968116], [-1.4652290078811347, 54.863918538205326], [-1.4670821642503142, 54.86499656306114], [-1.4683176018297672, 54.86499656306114], [-1.4689353206194937, 54.865355904679745], [-1.4664644454605877, 54.866793271154165], [-1.4664644454605877, 54.867511954391375], [-1.4658467266708612, 54.86787129600998], [-1.4646112890914083, 54.86787129600998], [-1.4633758515119553, 54.86715261277277], [-1.4609049763530493, 54.86715261277277], [-1.4596695387735963, 54.86787129600998], [-1.4559632260352373, 54.86787129600998], [-1.4528746320866048, 54.869668004103005], [-1.4528746320866048, 54.870386687340215], [-1.4541100696660578, 54.871105370577425], [-1.4541100696660578, 54.871824053814635], [-1.4553455072455108, 54.872542737051845], [-1.4553455072455108, 54.873980103526264], [-1.4559632260352373, 54.87433944514487], [-1.4571986636146903, 54.87433944514487], [-1.4584341011941433, 54.87362076190766], [-1.4596695387735963, 54.87362076190766], [-1.4609049763530493, 54.87290207867045], [-1.4621404139325023, 54.87290207867045], [-1.4646112890914083, 54.87146471219603], [-1.4652290078811347, 54.871824053814635], [-1.4652290078811347, 54.872542737051845], [-1.4683176018297672, 54.87433944514487], [-1.4707884769886732, 54.87433944514487], [-1.4714061957783997, 54.874698786763474], [-1.4714061957783997, 54.876136153237894], [-1.4690897503169253, 54.877573519712314], [-1.4683176018297672, 54.87721417809371], [-1.4676998830400407, 54.877573519712314], [-1.4689353206194937, 54.878292202949524], [-1.4689353206194937, 54.881166935898364], [-1.4701707581989467, 54.88188561913557], [-1.4695530394092202, 54.88224496075418], [-1.4683176018297672, 54.88224496075418], [-1.4670821642503142, 54.88152627751697], [-1.4658467266708612, 54.88152627751697], [-1.4652290078811347, 54.88188561913557], [-1.4652290078811347, 54.88260430237278], [-1.4633758515119553, 54.8836823272286], [-1.4596695387735963, 54.8836823272286], [-1.4584341011941433, 54.88296364399139], [-1.4571986636146903, 54.8836823272286], [-1.4565809448249638, 54.88332298560999], [-1.4565809448249638, 54.88260430237278], [-1.4559632260352373, 54.88224496075418], [-1.4541100696660578, 54.88332298560999], [-1.4541100696660578, 54.8840416688472], [-1.4565809448249638, 54.88547903532162], [-1.4559632260352373, 54.88583837694023], [-1.4547277884557843, 54.88583837694023], [-1.4534923508763313, 54.88511969370302], [-1.4497860381379724, 54.88511969370302], [-1.4485506005585194, 54.88583837694023], [-1.4466974441893399, 54.88476035208441], [-1.4466974441893399, 54.8840416688472], [-1.4460797253996134, 54.8836823272286], [-1.4436088502407074, 54.8836823272286], [-1.4423734126612544, 54.88296364399139], [-1.4399025375023484, 54.88296364399139], [-1.438049381133169, 54.8840416688472], [-1.438049381133169, 54.88476035208441], [-1.4374316623434424, 54.88511969370302], [-1.436813943553716, 54.88476035208441], [-1.436813943553716, 54.88188561913557], [-1.4374316623434424, 54.88152627751697], [-1.4386670999228954, 54.88152627751697], [-1.439284818712622, 54.881166935898364], [-1.439284818712622, 54.879729569423944], [-1.4399025375023484, 54.87937022780534], [-1.4411379750818014, 54.87937022780534], [-1.441755693871528, 54.879010886186734], [-1.441755693871528, 54.878292202949524], [-1.444226569030434, 54.876854836475104], [-1.444226569030434, 54.874698786763474], [-1.4448442878201604, 54.87433944514487], [-1.4454620066098869, 54.874698786763474], [-1.4460797253996134, 54.87505812838208]]]]}}, {"type": "Feature", "properties": {"band_id": "under_60", "order": 1}, "geometry": {"type": "MultiPolygon", "coordinates": [[[[-1.9458142262883484, 54.965252874651924], [-1.9458142262883484, 54.966690241126344], [-1.946431945078075, 54.96704958274495], [-1.950138257816434, 54.96704958274495], [-1.951373695395887, 54.96633089950774], [-1.9519914141856134, 54.966690241126344], [-1.9519914141856134, 54.96740892436355], [-1.9532268517650664, 54.96812760760076], [-1.9532268517650664, 54.96956497407518], [-1.95260913297534, 54.96992431569379], [-1.950138257816434, 54.96992431569379], [-1.9495205390267074, 54.97028365731239], [-1.9495205390267074, 54.9710023405496], [-1.9458142262883484, 54.97315839026123], [-1.9458142262883484, 54.97387707349844], [-1.942725632339716, 54.97567378159147], [-1.9421079135499895, 54.97531443997286], [-1.9421079135499895, 54.97459575673565], [-1.941490194760263, 54.97423641511705], [-1.936548444442451, 54.97423641511705], [-1.9359307256527245, 54.97387707349844], [-1.9359307256527245, 54.97028365731239], [-1.9346952880732715, 54.96956497407518], [-1.935313006862998, 54.96920563245658], [-1.936548444442451, 54.96920563245658], [-1.937783882021904, 54.96848694921937], [-1.94025475718081, 54.96848694921937], [-1.9408724759705365, 54.96812760760076], [-1.9408724759705365, 54.96740892436355], [-1.9421079135499895, 54.966690241126344], [-1.9421079135499895, 54.965252874651924], [-1.942725632339716, 54.96489353303332], [-1.945196507498622, 54.96489353303332], [-1.9458142262883484, 54.965252874651924]]], [[[-1.9223409122787416, 54.97172102378681], [-1.9223409122787416, 54.97315839026123], [-1.924194068647921, 54.97423641511705], [-1.925429506227374, 54.97351773187984], [-1.926664943806827, 54.97351773187984], [-1.9272826625965536, 54.97387707349844], [-1.9272826625965536, 54.97531443997286], [-1.92790038138628, 54.97567378159147], [-1.9285181001760066, 54.97603312321007], [-1.9285181001760066, 54.97675180644728], [-1.92790038138628, 54.97711114806589], [-1.926664943806827, 54.97711114806589], [-1.9260472250171006, 54.97747048968449], [-1.9260472250171006, 54.97890785615891], [-1.9248117874376476, 54.97962653939612], [-1.9248117874376476, 54.98106390587054], [-1.922958631068468, 54.98214193072636], [-1.921723193489015, 54.98214193072636], [-1.9192523183301091, 54.98357929720078], [-1.9180168807506561, 54.98357929720078], [-1.9155460055917501, 54.9850166636752], [-1.9143105680122972, 54.9850166636752], [-1.9130751304328442, 54.985735346912406], [-1.9118396928533912, 54.985735346912406], [-1.9106042552739382, 54.986454030149616], [-1.9081333801150322, 54.986454030149616], [-1.9068979425355792, 54.987172713386826], [-1.9044270673766732, 54.987172713386826], [-1.9038093485869467, 54.98753205500543], [-1.9038093485869467, 54.98825073824264], [-1.9031916297972202, 54.988610079861246], [-1.8957790043205023, 54.988610079861246], [-1.8951612855307758, 54.98825073824264], [-1.8951612855307758, 54.98609468853101], [-1.8945435667410493, 54.985735346912406], [-1.8933081291615963, 54.985735346912406], [-1.8908372540026903, 54.987172713386826], [-1.8871309412643313, 54.987172713386826], [-1.8865132224746048, 54.98681337176822], [-1.8865132224746048, 54.98609468853101], [-1.8852777848951519, 54.9853760052938], [-1.8852777848951519, 54.98465732205659], [-1.8858955036848783, 54.98429798043799], [-1.8871309412643313, 54.9850166636752], [-1.8883663788437843, 54.9850166636752], [-1.8889840976335108, 54.98465732205659], [-1.8889840976335108, 54.98393863881938], [-1.8902195352129638, 54.98321995558217], [-1.8902195352129638, 54.98250127234496], [-1.8896018164232373, 54.98214193072636], [-1.8883663788437843, 54.98214193072636], [-1.8877486600540578, 54.98178258910775], [-1.8877486600540578, 54.98106390587054], [-1.8883663788437843, 54.98070456425194], [-1.8896018164232373, 54.98142324748915], [-1.8902195352129638, 54.98106390587054], [-1.8902195352129638, 54.97962653939612], [-1.8889840976335108, 54.97890785615891], [-1.8889840976335108, 54.97747048968449], [-1.8896018164232373, 54.97711114806589], [-1.8908372540026903, 54.97711114806589], [-1.8920726915821433, 54.9778298313031], [-1.8933081291615963, 54.9778298313031], [-1.8939258479513228, 54.9781891729217], [-1.8939258479513228, 54.97890785615891], [-1.8945435667410493, 54.97926719777752], [-1.8970144418999553, 54.97926719777752], [-1.8982498794794083, 54.97854851454031], [-1.9001030358485878, 54.97962653939612], [-1.9001030358485878, 54.98106390587054], [-1.9007207546383142, 54.98142324748915], [-1.9019561922177672, 54.98142324748915], [-1.9031916297972202, 54.98070456425194], [-1.9056625049561262, 54.98070456425194], [-1.9062802237458527, 54.98034522263333], [-1.9062802237458527, 54.97962653939612], [-1.9044270673766732, 54.97854851454031], [-1.9007207546383142, 54.97854851454031], [-1.9001030358485878, 54.9781891729217], [-1.9001030358485878, 54.97675180644728], [-1.9013384734280407, 54.97603312321007], [-1.9013384734280407, 54.97531443997286], [-1.9019561922177672, 54.97495509835426], [-1.9031916297972202, 54.97495509835426], [-1.9044270673766732, 54.97567378159147], [-1.9056625049561262, 54.97495509835426], [-1.9106042552739382, 54.97495509835426], [-1.9118396928533912, 54.97567378159147], [-1.9130751304328442, 54.97567378159147], [-1.9149282868020236, 54.97459575673565], [-1.9149282868020236, 54.9710023405496], [-1.9155460055917501, 54.970642998931], [-1.9161637243814766, 54.9710023405496], [-1.9161637243814766, 54.97172102378681], [-1.9167814431712031, 54.97208036540542], [-1.9180168807506561, 54.97208036540542], [-1.9192523183301091, 54.97279904864263], [-1.921723193489015, 54.97136168216821], [-1.9223409122787416, 54.97172102378681]]], [[[-1.875394284259528, 54.963815508177504], [-1.8760120030492544, 54.9634561665589], [-1.8772474406287074, 54.96417484979611], [-1.8784828782081604, 54.96417484979611], [-1.8803360345773399, 54.965252874651924], [-1.8803360345773399, 54.965971557889134], [-1.879100596997887, 54.966690241126344], [-1.879100596997887, 54.96812760760076], [-1.876629721838981, 54.96956497407518], [-1.876629721838981, 54.97172102378681], [-1.877865159418434, 54.97243970702402], [-1.8760120030492544, 54.97351773187984], [-1.8747765654698014, 54.97351773187984], [-1.8735411278903484, 54.97423641511705], [-1.8723056903108954, 54.97351773187984], [-1.8698348151519895, 54.97495509835426], [-1.8673639399930835, 54.97495509835426], [-1.866746221203357, 54.97459575673565], [-1.866746221203357, 54.97315839026123], [-1.8661285024136305, 54.97279904864263], [-1.8648930648341775, 54.97351773187984], [-1.8611867520958185, 54.97351773187984], [-1.860569033306092, 54.97387707349844], [-1.860569033306092, 54.97459575673565], [-1.8599513145163655, 54.97495509835426], [-1.8587158769369125, 54.97495509835426], [-1.8574804393574595, 54.97423641511705], [-1.8562450017780066, 54.97423641511705], [-1.850685532670468, 54.9710023405496], [-1.8513032514601946, 54.970642998931], [-1.8525386890396476, 54.97136168216821], [-1.853156407829374, 54.9710023405496], [-1.853156407829374, 54.96884629083797], [-1.8525386890396476, 54.96848694921937], [-1.8513032514601946, 54.96848694921937], [-1.8500678138807416, 54.96920563245658], [-1.8488323763012886, 54.96920563245658], [-1.848214657511562, 54.96884629083797], [-1.848214657511562, 54.96812760760076], [-1.8500678138807416, 54.96704958274495], [-1.8513032514601946, 54.96776826598216], [-1.851920970249921, 54.96740892436355], [-1.851920970249921, 54.965971557889134], [-1.850685532670468, 54.965252874651924], [-1.850685532670468, 54.963815508177504], [-1.849450095091015, 54.963096824940294], [-1.849450095091015, 54.960940775228664], [-1.8500678138807416, 54.96058143361006], [-1.8513032514601946, 54.96058143361006], [-1.851920970249921, 54.960222091991454], [-1.851920970249921, 54.959503408754244], [-1.8525386890396476, 54.95914406713564], [-1.853156407829374, 54.959503408754244], [-1.853156407829374, 54.960222091991454], [-1.8537741266191006, 54.96058143361006], [-1.8562450017780066, 54.96058143361006], [-1.8574804393574595, 54.96130011684727], [-1.8587158769369125, 54.96058143361006], [-1.8599513145163655, 54.96130011684727], [-1.860569033306092, 54.960940775228664], [-1.860569033306092, 54.960222091991454], [-1.8611867520958185, 54.95986275037285], [-1.8624221896752715, 54.96058143361006], [-1.8648930648341775, 54.96058143361006], [-1.865510783623904, 54.960222091991454], [-1.865510783623904, 54.959503408754244], [-1.8661285024136305, 54.95914406713564], [-1.8698348151519895, 54.95914406713564], [-1.870452533941716, 54.958784725517035], [-1.870452533941716, 54.957347359042615], [-1.8710702527314425, 54.95698801742401], [-1.8735411278903484, 54.95698801742401], [-1.877865159418434, 54.959503408754244], [-1.876629721838981, 54.960222091991454], [-1.876629721838981, 54.961659458465874], [-1.8747765654698014, 54.96273748332169], [-1.8730778387980536, 54.963096824940294], [-1.8723056903108954, 54.9634561665589], [-1.8690626666648313, 54.965971557889134], [-1.8698348151519895, 54.96561221627053], [-1.8710702527314425, 54.96561221627053], [-1.8723056903108954, 54.96489353303332], [-1.8747765654698014, 54.96489353303332], [-1.875394284259528, 54.964534191414714], [-1.875394284259528, 54.963815508177504]]], [[[-1.8265944998711348, 54.87290207867045], [-1.8290653750300407, 54.87290207867045], [-1.8309185313992202, 54.873980103526264], [-1.8296830938197672, 54.874698786763474], [-1.8303008126094937, 54.87505812838208], [-1.8327716877683997, 54.87505812838208], [-1.8333894065581262, 54.875417470000684], [-1.8321539689786732, 54.876136153237894], [-1.8333894065581262, 54.876854836475104], [-1.8309185313992202, 54.878292202949524], [-1.8321539689786732, 54.879010886186734], [-1.8321539689786732, 54.879729569423944], [-1.8309185313992202, 54.880448252661154], [-1.8309185313992202, 54.881166935898364], [-1.8303008126094937, 54.88152627751697], [-1.8278299374505877, 54.88152627751697], [-1.8265944998711348, 54.88224496075418], [-1.8241236247122288, 54.88224496075418], [-1.8222704683430493, 54.88332298560999], [-1.8235059059225023, 54.8840416688472], [-1.8235059059225023, 54.88547903532162], [-1.8247413435019553, 54.88619771855883], [-1.8235059059225023, 54.88691640179604], [-1.8235059059225023, 54.88763508503325], [-1.8228881871327758, 54.88799442665186], [-1.8216527495533228, 54.88799442665186], [-1.8210350307635963, 54.88835376827046], [-1.8210350307635963, 54.88907245150767], [-1.8204173119738698, 54.88943179312628], [-1.8191818743944168, 54.88943179312628], [-1.8179464368149638, 54.88871310988907], [-1.8167109992355108, 54.88871310988907], [-1.8154755616560578, 54.88943179312628], [-1.8148578428663313, 54.88907245150767], [-1.8148578428663313, 54.88835376827046], [-1.8142401240766048, 54.88799442665186], [-1.8130046864971519, 54.88871310988907], [-1.8123869677074254, 54.88835376827046], [-1.8123869677074254, 54.88763508503325], [-1.8117692489176989, 54.88727574341465], [-1.8105338113382459, 54.88727574341465], [-1.8086806549690664, 54.88835376827046], [-1.8086806549690664, 54.88979113474488], [-1.8080629361793399, 54.89015047636349], [-1.806827498599887, 54.89015047636349], [-1.8062097798101604, 54.88979113474488], [-1.8062097798101604, 54.88907245150767], [-1.805592061020434, 54.88871310988907], [-1.804356623440981, 54.88871310988907], [-1.8025034670718014, 54.88763508503325], [-1.8025034670718014, 54.88691640179604], [-1.803121185861528, 54.88655706017744], [-1.804356623440981, 54.88655706017744], [-1.8049743422307074, 54.88619771855883], [-1.8049743422307074, 54.88547903532162], [-1.8037389046512544, 54.88476035208441], [-1.8037389046512544, 54.88260430237278], [-1.805592061020434, 54.88152627751697], [-1.806827498599887, 54.88152627751697], [-1.8080629361793399, 54.88080759427976], [-1.8105338113382459, 54.88080759427976], [-1.8167109992355108, 54.87721417809371], [-1.8191818743944168, 54.87721417809371], [-1.8204173119738698, 54.87793286133092], [-1.8210350307635963, 54.877573519712314], [-1.8210350307635963, 54.876854836475104], [-1.8222704683430493, 54.876136153237894], [-1.8222704683430493, 54.875417470000684], [-1.8210350307635963, 54.874698786763474], [-1.8210350307635963, 54.873980103526264], [-1.8197995931841433, 54.873261420289055], [-1.8197995931841433, 54.871824053814635], [-1.8154755616560578, 54.8693086624844], [-1.8142401240766048, 54.8693086624844], [-1.8136224052868783, 54.868949320865795], [-1.8136224052868783, 54.867511954391375], [-1.8117692489176989, 54.86643392953556], [-1.8105338113382459, 54.86715261277277], [-1.8099160925485194, 54.866793271154165], [-1.8099160925485194, 54.866074587916955], [-1.8086806549690664, 54.865355904679745], [-1.8086806549690664, 54.863199854968116], [-1.8062097798101604, 54.861762488493696], [-1.8062097798101604, 54.861043805256486], [-1.8037389046512544, 54.859606438782066], [-1.806827498599887, 54.85780973068904], [-1.8080629361793399, 54.85852841392625], [-1.8117692489176989, 54.85852841392625], [-1.8123869677074254, 54.858887755544856], [-1.8086806549690664, 54.861043805256486], [-1.8086806549690664, 54.861762488493696], [-1.8092983737587929, 54.8621218301123], [-1.8117692489176989, 54.8621218301123], [-1.8148578428663313, 54.863918538205326], [-1.8148578428663313, 54.864637221442536], [-1.8160932804457843, 54.865355904679745], [-1.8160932804457843, 54.866793271154165], [-1.8167109992355108, 54.86715261277277], [-1.8179464368149638, 54.86715261277277], [-1.8191818743944168, 54.86643392953556], [-1.8197995931841433, 54.866793271154165], [-1.8197995931841433, 54.867511954391375], [-1.8210350307635963, 54.868230637628585], [-1.8210350307635963, 54.870386687340215], [-1.8241236247122288, 54.87218339543324], [-1.8253590622916818, 54.87218339543324], [-1.8265944998711348, 54.87290207867045]]], [[[-1.7963262791745365, 54.89266586769372], [-1.796943997964263, 54.89302520931233], [-1.798179435543716, 54.89230652607512], [-1.7987971543334424, 54.89266586769372], [-1.7987971543334424, 54.89338455093093], [-1.8000325919128954, 54.89410323416814], [-1.8000325919128954, 54.89482191740535], [-1.800650310702622, 54.89518125902396], [-1.801885748282075, 54.89518125902396], [-1.8025034670718014, 54.89554060064256], [-1.8012680294923484, 54.89625928387977], [-1.8012680294923484, 54.89697796711698], [-1.801885748282075, 54.89733730873559], [-1.803121185861528, 54.89661862549838], [-1.8037389046512544, 54.89697796711698], [-1.8037389046512544, 54.90129006654024], [-1.8049743422307074, 54.90200874977745], [-1.8049743422307074, 54.90272743301466], [-1.804356623440981, 54.903086774633266], [-1.800650310702622, 54.903086774633266], [-1.8000325919128954, 54.90344611625187], [-1.8000325919128954, 54.90416479948908], [-1.8012680294923484, 54.90488348272629], [-1.800650310702622, 54.905242824344896], [-1.79570856038481, 54.905242824344896], [-1.794473122805357, 54.904524141107686], [-1.792002247646451, 54.904524141107686], [-1.789531372487545, 54.905961507582106], [-1.788295934908092, 54.905961507582106], [-1.787060497328639, 54.906680190819316], [-1.782118747010827, 54.906680190819316], [-1.7815010282211006, 54.90632084920071], [-1.7815010282211006, 54.9056021659635], [-1.780883309431374, 54.905242824344896], [-1.779647871851921, 54.905242824344896], [-1.778412434272468, 54.905961507582106], [-1.7765592779032886, 54.90488348272629], [-1.7765592779032886, 54.90416479948908], [-1.7777947154827416, 54.90344611625187], [-1.7777947154827416, 54.90200874977745], [-1.777176996693015, 54.901649408158846], [-1.7747061215341091, 54.901649408158846], [-1.7728529651649296, 54.90057138330303], [-1.7765592779032886, 54.8984153335914], [-1.7765592779032886, 54.89769665035419], [-1.777176996693015, 54.89733730873559], [-1.779647871851921, 54.89733730873559], [-1.782118747010827, 54.89589994226117], [-1.78335418459028, 54.89589994226117], [-1.7839719033800066, 54.89554060064256], [-1.7839719033800066, 54.89482191740535], [-1.785825059749186, 54.89374389254954], [-1.787060497328639, 54.89374389254954], [-1.7876782161183655, 54.89410323416814], [-1.7876782161183655, 54.89554060064256], [-1.789531372487545, 54.89661862549838], [-1.790766810066998, 54.89661862549838], [-1.7913845288567245, 54.89625928387977], [-1.7913845288567245, 54.89554060064256], [-1.7938554040156305, 54.89410323416814], [-1.7938554040156305, 54.89338455093093], [-1.7926199664361775, 54.89266586769372], [-1.794473122805357, 54.89158784283791], [-1.79570856038481, 54.89158784283791], [-1.7963262791745365, 54.89194718445651], [-1.7963262791745365, 54.89266586769372]]], [[[-1.6283067683689296, 54.81648544454947], [-1.6283067683689296, 54.81720412778668], [-1.6295422059483826, 54.81792281102389], [-1.6295422059483826, 54.82007886073552], [-1.6301599247381091, 54.820438202354126], [-1.631395362317562, 54.820438202354126], [-1.6320130811072886, 54.82079754397273], [-1.6320130811072886, 54.82151622720994], [-1.6301599247381091, 54.822594252065755], [-1.6295422059483826, 54.82223491044715], [-1.6295422059483826, 54.82151622720994], [-1.6289244871586561, 54.821156885591336], [-1.6276890495792031, 54.821156885591336], [-1.6270713307894766, 54.82079754397273], [-1.6270713307894766, 54.8186414942611], [-1.6264536119997501, 54.818282152642496], [-1.6252181744202971, 54.818282152642496], [-1.6239827368408442, 54.817563469405286], [-1.6202764241024852, 54.817563469405286], [-1.6196587053127587, 54.81720412778668], [-1.6196587053127587, 54.81361071160063], [-1.6184232677333057, 54.81289202836342], [-1.6184232677333057, 54.811454661889], [-1.6178055489435792, 54.8110953202704], [-1.6165701113641262, 54.81181400350761], [-1.6153346737846732, 54.8110953202704], [-1.6140992362052202, 54.8110953202704], [-1.6134815174154937, 54.81073597865179], [-1.6134815174154937, 54.81001729541458], [-1.6122460798360407, 54.80929861217737], [-1.6122460798360407, 54.80786124570295], [-1.6103929234668612, 54.80678322084714], [-1.6091574858874083, 54.80750190408435], [-1.6085397670976818, 54.80714256246574], [-1.6085397670976818, 54.80642387922853], [-1.6079220483079553, 54.80606453760993], [-1.6054511731490493, 54.80606453760993], [-1.6048334543593228, 54.80570519599132], [-1.6048334543593228, 54.80354914627969], [-1.6060688919387758, 54.80283046304248], [-1.6054511731490493, 54.80247112142388], [-1.6042157355695963, 54.80247112142388], [-1.6035980167798698, 54.80211177980527], [-1.6035980167798698, 54.80139309656806], [-1.6042157355695963, 54.80103375494946], [-1.6054511731490493, 54.80103375494946], [-1.6060688919387758, 54.80139309656806], [-1.6060688919387758, 54.80211177980527], [-1.6066866107285023, 54.80247112142388], [-1.6079220483079553, 54.80175243818667], [-1.6091574858874083, 54.80247112142388], [-1.6103929234668612, 54.80175243818667], [-1.6116283610463142, 54.80247112142388], [-1.6122460798360407, 54.80211177980527], [-1.6122460798360407, 54.80139309656806], [-1.6128637986257672, 54.80103375494946], [-1.6147169549949467, 54.80211177980527], [-1.6147169549949467, 54.80283046304248], [-1.6134815174154937, 54.80354914627969], [-1.6165701113641262, 54.80534585437272], [-1.6178055489435792, 54.80534585437272], [-1.6208941428922117, 54.80714256246574], [-1.6208941428922117, 54.811454661889], [-1.6221295804716647, 54.81217334512621], [-1.6208941428922117, 54.81289202836342], [-1.6208941428922117, 54.81361071160063], [-1.6215118616819382, 54.813970053219236], [-1.6227472992613912, 54.81325136998203], [-1.6283067683689296, 54.81648544454947]]], [[[-1.3625332590891048, 54.92213188041933], [-1.3625332590891048, 54.91781978099607], [-1.363305407576263, 54.91737060397281], [-1.365776282735169, 54.91808928721002], [-1.366548431222327, 54.91853846423328], [-1.3674750094069168, 54.91781978099607], [-1.3674750094069168, 54.91710109775886], [-1.3687104469863698, 54.91350768157281], [-1.3700231313705444, 54.91236114501953], [-1.367011720314622, 54.913238175358856], [-1.365776282735169, 54.913238175358856], [-1.364540845155716, 54.913148339954205], [-1.363305407576263, 54.913148339954205], [-1.3626876887865365, 54.91350768157281], [-1.3626876887865365, 54.91422636481002], [-1.36206996999681, 54.914585706428625], [-1.359599094837904, 54.914675541833276], [-1.3575915087712929, 54.91350768157281], [-1.3575915087712929, 54.91135163186118], [-1.3577459384687245, 54.91063294862397], [-1.3577459384687245, 54.90919558214955], [-1.358363657258451, 54.908836240530945], [-1.359599094837904, 54.908836240530945], [-1.3602168136276305, 54.90847689891234], [-1.3602168136276305, 54.90775821567513], [-1.3589813760481775, 54.90703953243792], [-1.3589813760481775, 54.90488348272629], [-1.3602168136276305, 54.90416479948908], [-1.3589813760481775, 54.90200874977745], [-1.3588269463507459, 54.90129006654024], [-1.359599094837904, 54.900840889516985], [-1.36206996999681, 54.89958319385187], [-1.3614522512070835, 54.89913401682861], [-1.3626876887865365, 54.8984153335914], [-1.3626876887865365, 54.89482191740535], [-1.359599094837904, 54.89446257578675], [-1.3588269463507459, 54.89410323416814], [-1.359599094837904, 54.893654057144886], [-1.3600623839301988, 54.89266586769372], [-1.3588269463507459, 54.88907245150767], [-1.3588269463507459, 54.88835376827046], [-1.358363657258451, 54.88664689558209], [-1.3577459384687245, 54.88619771855883], [-1.3563560711918399, 54.88332298560999], [-1.353885196032934, 54.880448252661154], [-1.353885196032934, 54.873980103526264], [-1.352649758453481, 54.871824053814635], [-1.352649758453481, 54.870386687340215], [-1.3528041881509125, 54.869668004103005], [-1.3515687505714595, 54.868949320865795], [-1.352186469361186, 54.86858997924719], [-1.353421906940639, 54.86858997924719], [-1.354657344520092, 54.86787129600998], [-1.355892782099545, 54.86787129600998], [-1.3565105008892715, 54.867511954391375], [-1.3552750633098185, 54.866793271154165], [-1.3552750633098185, 54.864637221442536], [-1.355892782099545, 54.86427787982393], [-1.360834532417357, 54.86427787982393], [-1.3614522512070835, 54.863918538205326], [-1.3614522512070835, 54.862481171730906], [-1.3626876887865365, 54.861762488493696], [-1.3626876887865365, 54.858887755544856], [-1.363305407576263, 54.85852841392625], [-1.364540845155716, 54.85852841392625], [-1.365776282735169, 54.85924709716346], [-1.3663940015248954, 54.858887755544856], [-1.3663940015248954, 54.858169072307646], [-1.367011720314622, 54.85780973068904], [-1.3688648766838014, 54.858887755544856], [-1.3676294391043484, 54.859606438782066], [-1.3676294391043484, 54.861043805256486], [-1.368247157894075, 54.86140314687509], [-1.369482595473528, 54.86140314687509], [-1.3701003142632544, 54.861043805256486], [-1.3701003142632544, 54.860325122019276], [-1.370718033052981, 54.85996578040067], [-1.371953470632434, 54.85996578040067], [-1.3725711894221604, 54.860325122019276], [-1.3713357518427074, 54.861043805256486], [-1.3713357518427074, 54.862481171730906], [-1.371953470632434, 54.86284051334951], [-1.3731889082118869, 54.8621218301123], [-1.3750420645810664, 54.863199854968116], [-1.3738066270016134, 54.863918538205326], [-1.3738066270016134, 54.865355904679745], [-1.3725711894221604, 54.866074587916955], [-1.3738066270016134, 54.866793271154165], [-1.3738066270016134, 54.867511954391375], [-1.3713357518427074, 54.868949320865795], [-1.3713357518427074, 54.869668004103005], [-1.3738066270016134, 54.871105370577425], [-1.3738066270016134, 54.873261420289055], [-1.3744243457913399, 54.87362076190766], [-1.3756597833707929, 54.87362076190766], [-1.3775129397399724, 54.874698786763474], [-1.3775129397399724, 54.875417470000684], [-1.3787483773194253, 54.876136153237894], [-1.3787483773194253, 54.876854836475104], [-1.3793660961091518, 54.87721417809371], [-1.3806015336886048, 54.87721417809371], [-1.3812192524783313, 54.877573519712314], [-1.3799838148988783, 54.878292202949524], [-1.3799838148988783, 54.879010886186734], [-1.3818369712680578, 54.88008891104255], [-1.3824546900577843, 54.879729569423944], [-1.3824546900577843, 54.879010886186734], [-1.3830724088475108, 54.87865154456813], [-1.3843078464269638, 54.87937022780534], [-1.3855432840064168, 54.87937022780534], [-1.3861610027961433, 54.879729569423944], [-1.3861610027961433, 54.880448252661154], [-1.3873964403755963, 54.881166935898364], [-1.3873964403755963, 54.88188561913557], [-1.3892495967447758, 54.88296364399139], [-1.3898673155345023, 54.88260430237278], [-1.3898673155345023, 54.881166935898364], [-1.3911027531139553, 54.880448252661154], [-1.3898673155345023, 54.879729569423944], [-1.3898673155345023, 54.878292202949524], [-1.3904850343242288, 54.87793286133092], [-1.3917204719036818, 54.87793286133092], [-1.3923381906934083, 54.877573519712314], [-1.3923381906934083, 54.876854836475104], [-1.3898673155345023, 54.875417470000684], [-1.3898673155345023, 54.873980103526264], [-1.3904850343242288, 54.87362076190766], [-1.3917204719036818, 54.87362076190766], [-1.3923381906934083, 54.873261420289055], [-1.3923381906934083, 54.871105370577425], [-1.3935736282728612, 54.870386687340215], [-1.3923381906934083, 54.869668004103005], [-1.3929559094831347, 54.8693086624844], [-1.3941913470625877, 54.87002734572161], [-1.3954267846420407, 54.87002734572161], [-1.3960445034317672, 54.869668004103005], [-1.3960445034317672, 54.868949320865795], [-1.3948090658523142, 54.868230637628585], [-1.3954267846420407, 54.86787129600998], [-1.3966622222214937, 54.86858997924719], [-1.3972799410112202, 54.868230637628585], [-1.3972799410112202, 54.867511954391375], [-1.3978976598009467, 54.86715261277277], [-1.3985153785906732, 54.867511954391375], [-1.3985153785906732, 54.868230637628585], [-1.4003685349598527, 54.8693086624844], [-1.4028394101187587, 54.8693086624844], [-1.4034571289084852, 54.868949320865795], [-1.4034571289084852, 54.868230637628585], [-1.4040748476982117, 54.86787129600998], [-1.4053102852776647, 54.86787129600998], [-1.4059280040673912, 54.867511954391375], [-1.4046925664879382, 54.866793271154165], [-1.4053102852776647, 54.86643392953556], [-1.4065457228571177, 54.86715261277277], [-1.4077811604365706, 54.86643392953556], [-1.4102520355954766, 54.86643392953556], [-1.413340629544109, 54.868230637628585], [-1.413340629544109, 54.870386687340215], [-1.4139583483338356, 54.87074602895882], [-1.4151937859132886, 54.87074602895882], [-1.415811504703015, 54.870386687340215], [-1.414576067123562, 54.869668004103005], [-1.4151937859132886, 54.8693086624844], [-1.4164292234927416, 54.87002734572161], [-1.4176646610721946, 54.8693086624844], [-1.418282379861921, 54.869668004103005], [-1.418282379861921, 54.871105370577425], [-1.417046942282468, 54.871824053814635], [-1.417046942282468, 54.872542737051845], [-1.4176646610721946, 54.87290207867045], [-1.4201355362311006, 54.87290207867045], [-1.4213709738105536, 54.87218339543324], [-1.4226064113900065, 54.87218339543324], [-1.424459567759186, 54.871105370577425], [-1.4238418489694595, 54.87074602895882], [-1.4226064113900065, 54.87074602895882], [-1.42198869260028, 54.870386687340215], [-1.423224130179733, 54.869668004103005], [-1.423224130179733, 54.867511954391375], [-1.4226064113900065, 54.86715261277277], [-1.4213709738105536, 54.86715261277277], [-1.420753255020827, 54.866793271154165], [-1.4226064113900065, 54.86571524629835], [-1.4238418489694595, 54.86571524629835], [-1.4250772865489125, 54.86499656306114], [-1.425695005338639, 54.865355904679745], [-1.425695005338639, 54.866074587916955], [-1.426930442918092, 54.866793271154165], [-1.426930442918092, 54.867511954391375], [-1.4287835992872715, 54.86858997924719], [-1.4300190368667245, 54.86858997924719], [-1.430636755656451, 54.868230637628585], [-1.430636755656451, 54.867511954391375], [-1.431872193235904, 54.866793271154165], [-1.431872193235904, 54.865355904679745], [-1.4312544744461775, 54.86499656306114], [-1.4300190368667245, 54.86499656306114], [-1.4287835992872715, 54.86427787982393], [-1.4275481617078185, 54.86427787982393], [-1.426930442918092, 54.863918538205326], [-1.426930442918092, 54.861762488493696], [-1.4275481617078185, 54.86140314687509], [-1.4287835992872715, 54.86140314687509], [-1.4300190368667245, 54.86068446363788], [-1.4324899120256305, 54.8621218301123], [-1.4337253496050835, 54.8621218301123], [-1.4361962247639894, 54.86068446363788], [-1.4386670999228954, 54.86068446363788], [-1.4399025375023484, 54.85996578040067], [-1.440520256292075, 54.860325122019276], [-1.440520256292075, 54.861762488493696], [-1.4448442878201604, 54.86427787982393], [-1.4460797253996134, 54.86427787982393], [-1.4479328817687929, 54.863199854968116], [-1.4454620066098869, 54.861762488493696], [-1.4454620066098869, 54.861043805256486], [-1.4466974441893399, 54.860325122019276], [-1.4466974441893399, 54.859606438782066], [-1.4497860381379724, 54.85780973068904], [-1.4522569132968783, 54.85780973068904], [-1.4528746320866048, 54.857450389070436], [-1.4528746320866048, 54.856731705833226], [-1.4534923508763313, 54.85637236421462], [-1.4547277884557843, 54.85637236421462], [-1.4553455072455108, 54.85601302259602], [-1.4553455072455108, 54.85385697288439], [-1.4559632260352373, 54.85349763126578], [-1.4571986636146903, 54.85349763126578], [-1.4578163824044168, 54.85313828964718], [-1.4565809448249638, 54.85241960640997], [-1.4565809448249638, 54.85170092317276], [-1.4584341011941433, 54.85062289831694], [-1.4596695387735963, 54.85062289831694], [-1.4602872575633228, 54.85026355669834], [-1.4602872575633228, 54.84954487346113], [-1.4596695387735963, 54.84918553184252], [-1.4559632260352373, 54.84918553184252], [-1.4553455072455108, 54.84882619022392], [-1.4565809448249638, 54.84810750698671], [-1.4547277884557843, 54.84702948213089], [-1.4541100696660578, 54.8473888237495], [-1.4541100696660578, 54.84810750698671], [-1.4534923508763313, 54.84846684860531], [-1.4497860381379724, 54.84846684860531], [-1.4491683193482459, 54.84810750698671], [-1.4491683193482459, 54.8473888237495], [-1.4497860381379724, 54.84702948213089], [-1.4510214757174253, 54.84702948213089], [-1.4516391945071518, 54.84667014051229], [-1.4516391945071518, 54.84595145727508], [-1.4491683193482459, 54.84451409080066], [-1.4491683193482459, 54.84163935785182], [-1.4485506005585194, 54.84128001623321], [-1.4473151629790664, 54.84128001623321], [-1.4466974441893399, 54.84163935785182], [-1.4479328817687929, 54.84235804108903], [-1.4473151629790664, 54.84271738270763], [-1.4460797253996134, 54.84271738270763], [-1.4448442878201604, 54.84199869947042], [-1.4436088502407074, 54.84199869947042], [-1.442991131450981, 54.84163935785182], [-1.442991131450981, 54.84092067461461], [-1.4423734126612544, 54.840561332996], [-1.4411379750818014, 54.840561332996], [-1.440520256292075, 54.8402019913774], [-1.4411379750818014, 54.83984264975879], [-1.4423734126612544, 54.83984264975879], [-1.442991131450981, 54.83948330814019], [-1.442991131450981, 54.83804594166577], [-1.4436088502407074, 54.837686600047164], [-1.4448442878201604, 54.837686600047164], [-1.4454620066098869, 54.83732725842856], [-1.4454620066098869, 54.83660857519135], [-1.444226569030434, 54.83588989195414], [-1.444226569030434, 54.83517120871693], [-1.4454620066098869, 54.83445252547972], [-1.4448442878201604, 54.834093183861114], [-1.4436088502407074, 54.834093183861114], [-1.441755693871528, 54.8330151590053], [-1.4423734126612544, 54.832655817386694], [-1.4436088502407074, 54.832655817386694], [-1.444226569030434, 54.83229647576809], [-1.442991131450981, 54.83157779253088], [-1.442991131450981, 54.82726569310762], [-1.4423734126612544, 54.826906351489015], [-1.4411379750818014, 54.826906351489015], [-1.440520256292075, 54.82654700987041], [-1.4454620066098869, 54.82367227692157], [-1.4454620066098869, 54.82079754397273], [-1.444226569030434, 54.82007886073552], [-1.4448442878201604, 54.819719519116916], [-1.4460797253996134, 54.819719519116916], [-1.4473151629790664, 54.819000835879706], [-1.4497860381379724, 54.819000835879706], [-1.4504037569276989, 54.8186414942611], [-1.4491683193482459, 54.81792281102389], [-1.4491683193482459, 54.81648544454947], [-1.4485506005585194, 54.816126102930866], [-1.4479328817687929, 54.81648544454947], [-1.4479328817687929, 54.81720412778668], [-1.4473151629790664, 54.817563469405286], [-1.4460797253996134, 54.817563469405286], [-1.444226569030434, 54.81648544454947], [-1.444226569030434, 54.81576676131226], [-1.4436088502407074, 54.815407419693656], [-1.4423734126612544, 54.815407419693656], [-1.441755693871528, 54.81504807807505], [-1.442991131450981, 54.81432939483784], [-1.4423734126612544, 54.813970053219236], [-1.4411379750818014, 54.813970053219236], [-1.440520256292075, 54.81361071160063], [-1.440520256292075, 54.81217334512621], [-1.4399025375023484, 54.81181400350761], [-1.4386670999228954, 54.81181400350761], [-1.438049381133169, 54.811454661889], [-1.438049381133169, 54.81073597865179], [-1.4374316623434424, 54.81037663703319], [-1.4361962247639894, 54.81037663703319], [-1.4349607871845365, 54.80965795379598], [-1.4337253496050835, 54.80965795379598], [-1.431872193235904, 54.80857992894016], [-1.431872193235904, 54.80786124570295], [-1.4312544744461775, 54.80750190408435], [-1.4300190368667245, 54.80822058732156], [-1.429401318076998, 54.80786124570295], [-1.429401318076998, 54.80714256246574], [-1.4287835992872715, 54.80678322084714], [-1.4275481617078185, 54.80678322084714], [-1.425695005338639, 54.80570519599132], [-1.425695005338639, 54.80498651275411], [-1.4250772865489125, 54.80462717113551], [-1.4213709738105536, 54.80462717113551], [-1.420753255020827, 54.8042678295169], [-1.420753255020827, 54.80211177980527], [-1.4213709738105536, 54.80175243818667], [-1.4226064113900065, 54.80175243818667], [-1.4238418489694595, 54.80247112142388], [-1.4250772865489125, 54.80175243818667], [-1.425695005338639, 54.80211177980527], [-1.425695005338639, 54.80354914627969], [-1.4263127241283655, 54.8039084878983], [-1.4275481617078185, 54.8039084878983], [-1.4287835992872715, 54.80318980466109], [-1.429401318076998, 54.80354914627969], [-1.429401318076998, 54.8042678295169], [-1.4300190368667245, 54.80462717113551], [-1.430636755656451, 54.8042678295169], [-1.430636755656451, 54.80354914627969], [-1.4312544744461775, 54.80318980466109], [-1.4324899120256305, 54.80318980466109], [-1.433107630815357, 54.80354914627969], [-1.431872193235904, 54.8042678295169], [-1.431872193235904, 54.80498651275411], [-1.4337253496050835, 54.80606453760993], [-1.4349607871845365, 54.80606453760993], [-1.4361962247639894, 54.80534585437272], [-1.4374316623434424, 54.80606453760993], [-1.4386670999228954, 54.80606453760993], [-1.439284818712622, 54.80642387922853], [-1.439284818712622, 54.80714256246574], [-1.4399025375023484, 54.80750190408435], [-1.4423734126612544, 54.80750190408435], [-1.442991131450981, 54.80786124570295], [-1.441755693871528, 54.80857992894016], [-1.4423734126612544, 54.80893927055877], [-1.4448442878201604, 54.80893927055877], [-1.4460797253996134, 54.80822058732156], [-1.4473151629790664, 54.80893927055877], [-1.4485506005585194, 54.80893927055877], [-1.4497860381379724, 54.80965795379598], [-1.4510214757174253, 54.80965795379598], [-1.4516391945071518, 54.81001729541458], [-1.4516391945071518, 54.81073597865179], [-1.4528746320866048, 54.811454661889], [-1.4528746320866048, 54.81361071160063], [-1.4516391945071518, 54.81432939483784], [-1.4522569132968783, 54.814688736456446], [-1.4534923508763313, 54.814688736456446], [-1.4541100696660578, 54.81432939483784], [-1.4541100696660578, 54.81361071160063], [-1.4547277884557843, 54.81325136998203], [-1.4565809448249638, 54.81432939483784], [-1.4553455072455108, 54.81504807807505], [-1.4571986636146903, 54.816126102930866], [-1.4584341011941433, 54.815407419693656], [-1.4590518199838698, 54.81576676131226], [-1.4590518199838698, 54.8186414942611], [-1.4609049763530493, 54.819719519116916], [-1.4633758515119553, 54.819719519116916], [-1.4639935703016818, 54.82007886073552], [-1.4627581327222288, 54.82079754397273], [-1.4627581327222288, 54.82295359368436], [-1.4639935703016818, 54.82367227692157], [-1.4621404139325023, 54.824750301777385], [-1.4609049763530493, 54.824750301777385], [-1.4578163824044168, 54.82654700987041], [-1.4578163824044168, 54.82726569310762], [-1.4609049763530493, 54.829062401200645], [-1.4621404139325023, 54.829062401200645], [-1.4633758515119553, 54.829781084437855], [-1.4646112890914083, 54.829062401200645], [-1.4670821642503142, 54.829062401200645], [-1.4676998830400407, 54.82870305958204], [-1.4664644454605877, 54.82798437634483], [-1.4664644454605877, 54.82726569310762], [-1.4670821642503142, 54.826906351489015], [-1.4707884769886732, 54.826906351489015], [-1.4726416333578527, 54.8258283266332], [-1.4714061957783997, 54.82510964339599], [-1.4714061957783997, 54.82367227692157], [-1.4720239145681262, 54.823312935302965], [-1.4744947897270322, 54.823312935302965], [-1.4757302273064852, 54.822594252065755], [-1.4769656648859382, 54.823312935302965], [-1.4788188212551177, 54.82223491044715], [-1.4788188212551177, 54.82151622720994], [-1.4775833836756647, 54.82079754397273], [-1.4782011024653912, 54.820438202354126], [-1.4794365400448442, 54.820438202354126], [-1.4806719776242971, 54.819719519116916], [-1.4819074152037501, 54.819719519116916], [-1.4831428527832031, 54.820438202354126], [-1.4843782903626561, 54.820438202354126], [-1.4862314467318356, 54.81936017749831], [-1.4862314467318356, 54.81792281102389], [-1.489320040680468, 54.816126102930866], [-1.490555478259921, 54.816126102930866], [-1.493026353418827, 54.814688736456446], [-1.499203541316092, 54.814688736456446], [-1.500438978895545, 54.813970053219236], [-1.501674416474998, 54.814688736456446], [-1.504145291633904, 54.814688736456446], [-1.5059984480030835, 54.81361071160063], [-1.5059984480030835, 54.81217334512621], [-1.507851604372263, 54.8110953202704], [-1.5097047607414424, 54.81217334512621], [-1.5097047607414424, 54.81361071160063], [-1.509087041951716, 54.813970053219236], [-1.507851604372263, 54.813970053219236], [-1.5059984480030835, 54.81504807807505], [-1.5059984480030835, 54.81576676131226], [-1.505380729213357, 54.816126102930866], [-1.504145291633904, 54.815407419693656], [-1.5035275728441775, 54.81576676131226], [-1.5035275728441775, 54.81648544454947], [-1.5022921352647245, 54.81720412778668], [-1.5022921352647245, 54.81792281102389], [-1.501674416474998, 54.818282152642496], [-1.500438978895545, 54.818282152642496], [-1.499203541316092, 54.819000835879706], [-1.496732666157186, 54.819000835879706], [-1.4948795097880065, 54.82007886073552], [-1.4948795097880065, 54.82223491044715], [-1.491790915839374, 54.824031618540175], [-1.490555478259921, 54.823312935302965], [-1.4874668843112886, 54.82510964339599], [-1.4874668843112886, 54.82798437634483], [-1.486849165521562, 54.828343717963435], [-1.4843782903626561, 54.828343717963435], [-1.4837605715729296, 54.82870305958204], [-1.4843782903626561, 54.829062401200645], [-1.485613727942109, 54.829062401200645], [-1.4862314467318356, 54.82942174281925], [-1.4862314467318356, 54.83085910929367], [-1.485613727942109, 54.831218450912274], [-1.4843782903626561, 54.831218450912274], [-1.4837605715729296, 54.83157779253088], [-1.4849960091523826, 54.83229647576809], [-1.4837605715729296, 54.8330151590053], [-1.4837605715729296, 54.83517120871693], [-1.4831428527832031, 54.835530550335534], [-1.4806719776242971, 54.835530550335534], [-1.4800542588345706, 54.83588989195414], [-1.4800542588345706, 54.83732725842856], [-1.4806719776242971, 54.837686600047164], [-1.4819074152037501, 54.837686600047164], [-1.4831428527832031, 54.838405283284374], [-1.4843782903626561, 54.838405283284374], [-1.485613727942109, 54.837686600047164], [-1.486849165521562, 54.837686600047164], [-1.488084603101015, 54.838405283284374], [-1.4899377594701946, 54.83732725842856], [-1.4899377594701946, 54.83660857519135], [-1.4874668843112886, 54.83517120871693], [-1.488084603101015, 54.834811867098324], [-1.490555478259921, 54.834811867098324], [-1.491790915839374, 54.835530550335534], [-1.495497228577733, 54.835530550335534], [-1.496732666157186, 54.834811867098324], [-1.499203541316092, 54.836249233572744], [-1.504145291633904, 54.836249233572744], [-1.5047630104236305, 54.83660857519135], [-1.5047630104236305, 54.83876462490298], [-1.507851604372263, 54.840561332996], [-1.509087041951716, 54.840561332996], [-1.510322479531169, 54.84128001623321], [-1.511557917110622, 54.84128001623321], [-1.512793354690075, 54.840561332996], [-1.5146465110592544, 54.84163935785182], [-1.5146465110592544, 54.84235804108903], [-1.515264229848981, 54.84271738270763], [-1.5177351050078869, 54.84128001623321], [-1.5189705425873399, 54.84128001623321], [-1.5195882613770664, 54.84092067461461], [-1.5195882613770664, 54.8402019913774], [-1.5208236989565194, 54.83948330814019], [-1.5208236989565194, 54.83876462490298], [-1.5214414177462459, 54.838405283284374], [-1.5226768553256989, 54.838405283284374], [-1.5245300116948783, 54.83948330814019], [-1.5245300116948783, 54.84092067461461], [-1.5232945741154253, 54.84163935785182], [-1.5232945741154253, 54.84235804108903], [-1.5239122929051518, 54.84271738270763], [-1.5263831680640578, 54.84271738270763], [-1.5270008868537843, 54.84307672432624], [-1.5270008868537843, 54.84379540756345], [-1.5276186056435108, 54.84415474918205], [-1.5313249183818698, 54.84415474918205], [-1.5319426371715963, 54.84379540756345], [-1.5319426371715963, 54.84307672432624], [-1.5313249183818698, 54.84271738270763], [-1.5300894808024168, 54.84271738270763], [-1.5294717620126903, 54.84235804108903], [-1.5294717620126903, 54.84163935785182], [-1.5300894808024168, 54.84128001623321], [-1.5337957935407758, 54.84128001623321], [-1.5344135123305023, 54.84092067461461], [-1.5344135123305023, 54.8402019913774], [-1.5356489499099553, 54.83948330814019], [-1.5356489499099553, 54.83804594166577], [-1.5337957935407758, 54.836967916809954], [-1.5313249183818698, 54.836967916809954], [-1.5294717620126903, 54.83588989195414], [-1.5307071995921433, 54.83517120871693], [-1.5307071995921433, 54.83445252547972], [-1.5313249183818698, 54.834093183861114], [-1.5337957935407758, 54.834093183861114], [-1.5362666686996818, 54.832655817386694], [-1.5387375438585877, 54.832655817386694], [-1.5412084190174937, 54.831218450912274], [-1.5418261378072202, 54.83157779253088], [-1.5418261378072202, 54.83229647576809], [-1.5424438565969467, 54.832655817386694], [-1.5430615753866732, 54.83229647576809], [-1.5430615753866732, 54.83085910929367], [-1.5436792941763997, 54.830499767675065], [-1.5449147317558527, 54.831218450912274], [-1.5461501693353057, 54.830499767675065], [-1.5498564820736647, 54.830499767675065], [-1.5510919196531177, 54.831218450912274], [-1.5523273572325706, 54.831218450912274], [-1.5535627948120236, 54.830499767675065], [-1.5554159511812031, 54.83157779253088], [-1.5541805136017501, 54.83229647576809], [-1.5547982323914766, 54.832655817386694], [-1.5560336699709296, 54.832655817386694], [-1.5566513887606561, 54.8330151590053], [-1.5566513887606561, 54.83373384224251], [-1.5541805136017501, 54.83517120871693], [-1.5560336699709296, 54.836249233572744], [-1.5585045451298356, 54.834811867098324], [-1.559122263919562, 54.83517120871693], [-1.559122263919562, 54.83732725842856], [-1.5585045451298356, 54.837686600047164], [-1.5572691075503826, 54.837686600047164], [-1.5560336699709296, 54.836967916809954], [-1.5554159511812031, 54.83732725842856], [-1.5554159511812031, 54.8402019913774], [-1.5547982323914766, 54.840561332996], [-1.5510919196531177, 54.840561332996], [-1.5504742008633912, 54.84092067461461], [-1.5504742008633912, 54.84235804108903], [-1.5510919196531177, 54.84271738270763], [-1.5535627948120236, 54.84271738270763], [-1.5541805136017501, 54.84235804108903], [-1.5541805136017501, 54.84163935785182], [-1.5547982323914766, 54.84128001623321], [-1.5566513887606561, 54.84235804108903], [-1.5566513887606561, 54.84379540756345], [-1.5554159511812031, 54.84451409080066], [-1.5560336699709296, 54.84487343241926], [-1.5572691075503826, 54.84487343241926], [-1.557886826340109, 54.84523277403787], [-1.557886826340109, 54.84595145727508], [-1.5585045451298356, 54.84631079889368], [-1.560357701499015, 54.84523277403787], [-1.560357701499015, 54.84451409080066], [-1.5609754202887416, 54.84415474918205], [-1.5622108578681946, 54.84415474918205], [-1.5634462954476476, 54.84343606594484], [-1.5646817330271006, 54.84343606594484], [-1.5659171706065536, 54.84415474918205], [-1.5671526081860065, 54.84415474918205], [-1.5696234833449125, 54.84559211565647], [-1.5720943585038185, 54.84559211565647], [-1.572712077293545, 54.84523277403787], [-1.572712077293545, 54.84451409080066], [-1.573947514872998, 54.84379540756345], [-1.573947514872998, 54.84307672432624], [-1.5733297960832715, 54.84271738270763], [-1.5720943585038185, 54.84271738270763], [-1.570241202134639, 54.84163935785182], [-1.5708589209243655, 54.84128001623321], [-1.5720943585038185, 54.84128001623321], [-1.572712077293545, 54.84092067461461], [-1.572712077293545, 54.83876462490298], [-1.5745652336627245, 54.837686600047164], [-1.5758006712421775, 54.837686600047164], [-1.576418390031904, 54.83732725842856], [-1.576418390031904, 54.83660857519135], [-1.5770361088216305, 54.836249233572744], [-1.57888926519081, 54.83732725842856], [-1.57888926519081, 54.83804594166577], [-1.5795069839805365, 54.838405283284374], [-1.580124702770263, 54.83804594166577], [-1.580124702770263, 54.83373384224251], [-1.5807424215599895, 54.833374500623904], [-1.5819778591394424, 54.833374500623904], [-1.582595577929169, 54.8330151590053], [-1.582595577929169, 54.83229647576809], [-1.5832132967188954, 54.831937134149484], [-1.5856841718778014, 54.833374500623904], [-1.5881550470367074, 54.833374500623904], [-1.5900082034058869, 54.83229647576809], [-1.5900082034058869, 54.83085910929367], [-1.5924790785647929, 54.82942174281925], [-1.5924790785647929, 54.82798437634483], [-1.5918613597750664, 54.827625034726225], [-1.5906259221956134, 54.828343717963435], [-1.5893904846161604, 54.827625034726225], [-1.5869196094572544, 54.827625034726225], [-1.586301890667528, 54.82726569310762], [-1.587537328246981, 54.82654700987041], [-1.586301890667528, 54.8258283266332], [-1.587537328246981, 54.82510964339599], [-1.587537328246981, 54.82439096015878], [-1.5881550470367074, 54.824031618540175], [-1.5893904846161604, 54.824031618540175], [-1.5900082034058869, 54.82367227692157], [-1.588772765826434, 54.82295359368436], [-1.588772765826434, 54.82079754397273], [-1.5893904846161604, 54.820438202354126], [-1.5906259221956134, 54.820438202354126], [-1.5912436409853399, 54.82007886073552], [-1.588772765826434, 54.8186414942611], [-1.588772765826434, 54.81792281102389], [-1.5900082034058869, 54.81720412778668], [-1.5900082034058869, 54.81432939483784], [-1.5906259221956134, 54.813970053219236], [-1.5918613597750664, 54.813970053219236], [-1.5924790785647929, 54.81432939483784], [-1.5924790785647929, 54.81504807807505], [-1.5943322349339724, 54.816126102930866], [-1.5955676725134254, 54.816126102930866], [-1.5974208288826048, 54.81720412778668], [-1.5974208288826048, 54.81792281102389], [-1.5968031100928783, 54.818282152642496], [-1.5943322349339724, 54.818282152642496], [-1.5937145161442459, 54.8186414942611], [-1.5937145161442459, 54.81936017749831], [-1.5949499537236989, 54.82007886073552], [-1.5949499537236989, 54.82151622720994], [-1.5968031100928783, 54.822594252065755], [-1.5980385476723313, 54.821875568828546], [-1.5986562664620578, 54.82223491044715], [-1.5986562664620578, 54.82295359368436], [-1.5992739852517843, 54.823312935302965], [-1.6005094228312373, 54.823312935302965], [-1.6011271416209638, 54.82367227692157], [-1.5992739852517843, 54.824750301777385], [-1.5980385476723313, 54.824031618540175], [-1.5974208288826048, 54.82439096015878], [-1.5974208288826048, 54.82798437634483], [-1.5937145161442459, 54.83014042605646], [-1.5937145161442459, 54.83373384224251], [-1.5968031100928783, 54.835530550335534], [-1.5992739852517843, 54.835530550335534], [-1.5998917040415108, 54.83588989195414], [-1.5992739852517843, 54.836249233572744], [-1.5980385476723313, 54.836249233572744], [-1.5974208288826048, 54.83660857519135], [-1.5974208288826048, 54.83732725842856], [-1.5949499537236989, 54.83876462490298], [-1.5949499537236989, 54.83948330814019], [-1.5943322349339724, 54.83984264975879], [-1.5893904846161604, 54.83984264975879], [-1.588772765826434, 54.8402019913774], [-1.588772765826434, 54.84163935785182], [-1.5881550470367074, 54.84199869947042], [-1.5856841718778014, 54.84199869947042], [-1.585066453088075, 54.84235804108903], [-1.585066453088075, 54.84307672432624], [-1.586301890667528, 54.84379540756345], [-1.585066453088075, 54.84451409080066], [-1.5869196094572544, 54.84559211565647], [-1.5881550470367074, 54.84559211565647], [-1.5893904846161604, 54.84631079889368], [-1.5906259221956134, 54.84631079889368], [-1.5924790785647929, 54.8473888237495], [-1.5924790785647929, 54.84810750698671], [-1.5930967973545194, 54.84846684860531], [-1.5943322349339724, 54.84846684860531], [-1.5961853913031518, 54.84954487346113], [-1.5943322349339724, 54.85062289831694], [-1.5918613597750664, 54.85062289831694], [-1.5906259221956134, 54.84990421507973], [-1.588772765826434, 54.85098223993555], [-1.588772765826434, 54.85170092317276], [-1.5893904846161604, 54.85206026479136], [-1.5906259221956134, 54.85206026479136], [-1.5924790785647929, 54.85313828964718], [-1.5900082034058869, 54.8545756561216], [-1.5900082034058869, 54.85601302259602], [-1.5906259221956134, 54.85637236421462], [-1.5930967973545194, 54.85637236421462], [-1.5943322349339724, 54.85565368097741], [-1.5949499537236989, 54.85601302259602], [-1.5949499537236989, 54.856731705833226], [-1.5937145161442459, 54.857450389070436], [-1.5937145161442459, 54.858169072307646], [-1.5955676725134254, 54.85924709716346], [-1.5968031100928783, 54.85852841392625], [-1.5980385476723313, 54.85852841392625], [-1.5998917040415108, 54.857450389070436], [-1.5998917040415108, 54.85601302259602], [-1.6005094228312373, 54.85565368097741], [-1.6017448604106903, 54.85565368097741], [-1.6023625792004168, 54.85601302259602], [-1.6023625792004168, 54.856731705833226], [-1.6054511731490493, 54.85852841392625], [-1.6079220483079553, 54.85852841392625], [-1.6085397670976818, 54.858887755544856], [-1.6085397670976818, 54.859606438782066], [-1.6091574858874083, 54.85996578040067], [-1.6103929234668612, 54.85996578040067], [-1.6110106422565877, 54.860325122019276], [-1.6110106422565877, 54.861043805256486], [-1.6097752046771348, 54.861762488493696], [-1.6110106422565877, 54.862481171730906], [-1.6110106422565877, 54.863918538205326], [-1.6128637986257672, 54.86499656306114], [-1.6140992362052202, 54.86499656306114], [-1.6153346737846732, 54.86427787982393], [-1.6165701113641262, 54.86427787982393], [-1.6171878301538527, 54.863918538205326], [-1.6171878301538527, 54.863199854968116], [-1.6178055489435792, 54.86284051334951], [-1.6190409865230322, 54.86284051334951], [-1.6202764241024852, 54.86355919658672], [-1.6215118616819382, 54.86284051334951], [-1.6227472992613912, 54.86284051334951], [-1.6233650180511177, 54.863199854968116], [-1.6233650180511177, 54.863918538205326], [-1.6239827368408442, 54.86427787982393], [-1.6276890495792031, 54.8621218301123], [-1.6295422059483826, 54.863199854968116], [-1.6295422059483826, 54.865355904679745], [-1.6320130811072886, 54.866793271154165], [-1.6320130811072886, 54.867511954391375], [-1.632630799897015, 54.86787129600998], [-1.6332485186867416, 54.867511954391375], [-1.6332485186867416, 54.866793271154165], [-1.633866237476468, 54.86643392953556], [-1.637572550214827, 54.86643392953556], [-1.6394257065840065, 54.865355904679745], [-1.63880798779428, 54.86499656306114], [-1.636337112635374, 54.86499656306114], [-1.635101675055921, 54.86427787982393], [-1.632630799897015, 54.86427787982393], [-1.6320130811072886, 54.863918538205326], [-1.6320130811072886, 54.862481171730906], [-1.632630799897015, 54.8621218301123], [-1.633866237476468, 54.86284051334951], [-1.6344839562661946, 54.862481171730906], [-1.6344839562661946, 54.861043805256486], [-1.635101675055921, 54.86068446363788], [-1.636337112635374, 54.86140314687509], [-1.6369548314251006, 54.861043805256486], [-1.6369548314251006, 54.859606438782066], [-1.637572550214827, 54.85924709716346], [-1.63880798779428, 54.85996578040067], [-1.641278862953186, 54.85996578040067], [-1.6418965817429125, 54.860325122019276], [-1.6418965817429125, 54.866793271154165], [-1.643749738112092, 54.86787129600998], [-1.646220613270998, 54.86787129600998], [-1.6468383320607245, 54.868230637628585], [-1.6468383320607245, 54.868949320865795], [-1.6456028944812715, 54.869668004103005], [-1.6456028944812715, 54.870386687340215], [-1.6468383320607245, 54.871105370577425], [-1.6468383320607245, 54.871824053814635], [-1.6480737696401775, 54.872542737051845], [-1.6480737696401775, 54.873261420289055], [-1.65116236358881, 54.87505812838208], [-1.652397801168263, 54.87505812838208], [-1.6530155199579895, 54.874698786763474], [-1.6530155199579895, 54.873980103526264], [-1.6542509575374424, 54.873261420289055], [-1.6542509575374424, 54.872542737051845], [-1.654868676327169, 54.87218339543324], [-1.656104113906622, 54.87218339543324], [-1.6567218326963484, 54.871824053814635], [-1.6567218326963484, 54.870386687340215], [-1.658574989065528, 54.8693086624844], [-1.659810426644981, 54.8693086624844], [-1.662281301803887, 54.86787129600998], [-1.6647521769627929, 54.86787129600998], [-1.6659876145422459, 54.86858997924719], [-1.6684584897011518, 54.86858997924719], [-1.6696939272806048, 54.8693086624844], [-1.6703116460703313, 54.868949320865795], [-1.6703116460703313, 54.868230637628585], [-1.6734002400189638, 54.86643392953556], [-1.6746356775984168, 54.86643392953556], [-1.6771065527573228, 54.86499656306114], [-1.6783419903367758, 54.86571524629835], [-1.6789597091265023, 54.865355904679745], [-1.6789597091265023, 54.864637221442536], [-1.6777242715470493, 54.863918538205326], [-1.6783419903367758, 54.86355919658672], [-1.6795774279162288, 54.86355919658672], [-1.6801951467059553, 54.863918538205326], [-1.6801951467059553, 54.864637221442536], [-1.6808128654956818, 54.86499656306114], [-1.6820483030751348, 54.86499656306114], [-1.6826660218648612, 54.864637221442536], [-1.6826660218648612, 54.863918538205326], [-1.6832837406545877, 54.86355919658672], [-1.6869900533929467, 54.86355919658672], [-1.6882254909723997, 54.86284051334951], [-1.6894609285518527, 54.86355919658672], [-1.6925495225004852, 54.861762488493696], [-1.6925495225004852, 54.859606438782066], [-1.6944026788696647, 54.85852841392625], [-1.6956381164491177, 54.85852841392625], [-1.6974912728182971, 54.857450389070436], [-1.6974912728182971, 54.85529433935881], [-1.6962558352388442, 54.8545756561216], [-1.6968735540285707, 54.85421631450299], [-1.6993444291874766, 54.85421631450299], [-1.6999621479772031, 54.85385697288439], [-1.6999621479772031, 54.85098223993555], [-1.7005798667669296, 54.85062289831694], [-1.7018153043463826, 54.85062289831694], [-1.7030507419258356, 54.84990421507973], [-1.7042861795052886, 54.84990421507973], [-1.7055216170847416, 54.85062289831694], [-1.7067570546641946, 54.85062289831694], [-1.707374773453921, 54.85026355669834], [-1.707374773453921, 54.84810750698671], [-1.7079924922436476, 54.8477481653681], [-1.7116988049820065, 54.8477481653681], [-1.7129342425614595, 54.84846684860531], [-1.7141696801409125, 54.84846684860531], [-1.716022836510092, 54.84954487346113], [-1.714787398930639, 54.85026355669834], [-1.714787398930639, 54.85241960640997], [-1.716022836510092, 54.85313828964718], [-1.7154051177203655, 54.85349763126578], [-1.7141696801409125, 54.85277894802857], [-1.7129342425614595, 54.85277894802857], [-1.71108108619228, 54.85385697288439], [-1.71108108619228, 54.8545756561216], [-1.709845648612827, 54.85529433935881], [-1.709845648612827, 54.856731705833226], [-1.7104633674025536, 54.85709104745183], [-1.7129342425614595, 54.85709104745183], [-1.714787398930639, 54.858169072307646], [-1.714787398930639, 54.859606438782066], [-1.713551961351186, 54.860325122019276], [-1.7141696801409125, 54.86068446363788], [-1.7154051177203655, 54.86068446363788], [-1.717258274089545, 54.859606438782066], [-1.717258274089545, 54.857450389070436], [-1.7178759928792715, 54.85709104745183], [-1.7203468680381775, 54.85852841392625], [-1.7215823056176305, 54.85780973068904], [-1.7228177431970835, 54.85852841392625], [-1.72343546198681, 54.858169072307646], [-1.72343546198681, 54.857450389070436], [-1.7240531807765365, 54.85709104745183], [-1.7252886183559895, 54.85709104745183], [-1.7265240559354424, 54.85780973068904], [-1.727141774725169, 54.857450389070436], [-1.727141774725169, 54.856731705833226], [-1.7277594935148954, 54.85637236421462], [-1.7289949310943484, 54.85637236421462], [-1.730848087463528, 54.85529433935881], [-1.730848087463528, 54.8545756561216], [-1.7314658062532544, 54.85421631450299], [-1.7327012438327074, 54.8549349977402], [-1.7339366814121604, 54.8549349977402], [-1.7351721189916134, 54.85565368097741], [-1.7376429941505194, 54.85565368097741], [-1.7382607129402459, 54.85601302259602], [-1.7382607129402459, 54.856731705833226], [-1.7394961505196989, 54.857450389070436], [-1.7394961505196989, 54.859606438782066], [-1.7401138693094254, 54.85996578040067], [-1.7413493068888783, 54.85996578040067], [-1.7432024632580578, 54.861043805256486], [-1.7432024632580578, 54.861762488493696], [-1.7425847444683313, 54.8621218301123], [-1.7388784317299724, 54.8621218301123], [-1.7382607129402459, 54.861762488493696], [-1.7382607129402459, 54.859606438782066], [-1.7376429941505194, 54.85924709716346], [-1.7364075565710664, 54.85996578040067], [-1.7357898377813399, 54.859606438782066], [-1.7370252753607929, 54.858887755544856], [-1.7364075565710664, 54.85852841392625], [-1.7339366814121604, 54.85852841392625], [-1.7314658062532544, 54.85996578040067], [-1.7289949310943484, 54.85996578040067], [-1.728377212304622, 54.860325122019276], [-1.729612649884075, 54.861043805256486], [-1.7289949310943484, 54.86140314687509], [-1.7277594935148954, 54.86140314687509], [-1.72343546198681, 54.863918538205326], [-1.72343546198681, 54.866074587916955], [-1.7215823056176305, 54.86715261277277], [-1.7203468680381775, 54.86715261277277], [-1.7178759928792715, 54.86571524629835], [-1.7141696801409125, 54.86571524629835], [-1.713551961351186, 54.866074587916955], [-1.713551961351186, 54.868949320865795], [-1.712316523771733, 54.869668004103005], [-1.712316523771733, 54.870386687340215], [-1.709845648612827, 54.871824053814635], [-1.709845648612827, 54.872542737051845], [-1.708610211033374, 54.873261420289055], [-1.709845648612827, 54.873980103526264], [-1.709845648612827, 54.875417470000684], [-1.708610211033374, 54.876136153237894], [-1.7104633674025536, 54.87721417809371], [-1.7116988049820065, 54.8764954948565], [-1.7129342425614595, 54.87721417809371], [-1.7141696801409125, 54.87721417809371], [-1.714787398930639, 54.877573519712314], [-1.714787398930639, 54.878292202949524], [-1.716022836510092, 54.879010886186734], [-1.716022836510092, 54.88188561913557], [-1.7166405552998185, 54.88224496075418], [-1.7191114304587245, 54.88080759427976], [-1.7215823056176305, 54.88080759427976], [-1.722200024407357, 54.881166935898364], [-1.722200024407357, 54.8840416688472], [-1.7228177431970835, 54.88440101046581], [-1.7240531807765365, 54.88440101046581], [-1.7252886183559895, 54.88511969370302], [-1.7277594935148954, 54.88511969370302], [-1.728377212304622, 54.88547903532162], [-1.728377212304622, 54.88619771855883], [-1.727141774725169, 54.88691640179604], [-1.728377212304622, 54.88763508503325], [-1.727141774725169, 54.88835376827046], [-1.7277594935148954, 54.88871310988907], [-1.7302303686738014, 54.88871310988907], [-1.7314658062532544, 54.88943179312628], [-1.7327012438327074, 54.88943179312628], [-1.7351721189916134, 54.88799442665186], [-1.7364075565710664, 54.88871310988907], [-1.7401138693094254, 54.88871310988907], [-1.7419670256786048, 54.88979113474488], [-1.7394961505196989, 54.8912285012193], [-1.7394961505196989, 54.89266586769372], [-1.7382607129402459, 54.89338455093093], [-1.7388784317299724, 54.89374389254954], [-1.7401138693094254, 54.89374389254954], [-1.7407315880991518, 54.89410323416814], [-1.7407315880991518, 54.89482191740535], [-1.7413493068888783, 54.89518125902396], [-1.7425847444683313, 54.89518125902396], [-1.7438201820477843, 54.89589994226117], [-1.7450556196272373, 54.89589994226117], [-1.7462910572066903, 54.89661862549838], [-1.7475264947861433, 54.89661862549838], [-1.7493796511553228, 54.89554060064256], [-1.7493796511553228, 54.89338455093093], [-1.7499973699450493, 54.89302520931233], [-1.7561745578423142, 54.89302520931233], [-1.7567922766320407, 54.89338455093093], [-1.7567922766320407, 54.89410323416814], [-1.7586454330012202, 54.89518125902396], [-1.7611163081601262, 54.89518125902396], [-1.7623517457395792, 54.89446257578675], [-1.7648226208984852, 54.89589994226117], [-1.7660580584779382, 54.89589994226117], [-1.7666757772676647, 54.89625928387977], [-1.7666757772676647, 54.89697796711698], [-1.7697643712162971, 54.89877467521001], [-1.7709998087957501, 54.89877467521001], [-1.7716175275854766, 54.89913401682861], [-1.7716175275854766, 54.90057138330303], [-1.7709998087957501, 54.900930724921636], [-1.7697643712162971, 54.900930724921636], [-1.7691466524265707, 54.90129006654024], [-1.7691466524265707, 54.90200874977745], [-1.7685289336368442, 54.902368091396056], [-1.7672934960573912, 54.902368091396056], [-1.7666757772676647, 54.90272743301466], [-1.7666757772676647, 54.90344611625187], [-1.7679112148471177, 54.90416479948908], [-1.7679112148471177, 54.90488348272629], [-1.7672934960573912, 54.905242824344896], [-1.7660580584779382, 54.905242824344896], [-1.7654403396882117, 54.90488348272629], [-1.7654403396882117, 54.90416479948908], [-1.7648226208984852, 54.903805457870476], [-1.7635871833190322, 54.904524141107686], [-1.7611163081601262, 54.904524141107686], [-1.7586454330012202, 54.905961507582106], [-1.7549391202628613, 54.905961507582106], [-1.7543214014731348, 54.90632084920071], [-1.7543214014731348, 54.90847689891234], [-1.7549391202628613, 54.908836240530945], [-1.7561745578423142, 54.908117557293735], [-1.7567922766320407, 54.90847689891234], [-1.7555568390525877, 54.90919558214955], [-1.7555568390525877, 54.90991426538676], [-1.7567922766320407, 54.91063294862397], [-1.7567922766320407, 54.91135163186118], [-1.7561745578423142, 54.911710973479785], [-1.7549391202628613, 54.911710973479785], [-1.7537036826834083, 54.912429656716995], [-1.7524682451039553, 54.912429656716995], [-1.7518505263142288, 54.91207031509839], [-1.7518505263142288, 54.91135163186118], [-1.7487619323655963, 54.909554923768155], [-1.7475264947861433, 54.909554923768155], [-1.7462910572066903, 54.910273607005365], [-1.7425847444683313, 54.910273607005365], [-1.7413493068888783, 54.909554923768155], [-1.7351721189916134, 54.909554923768155], [-1.734554400201887, 54.90991426538676], [-1.7370252753607929, 54.91135163186118], [-1.734554400201887, 54.9127889983356], [-1.7364075565710664, 54.913867023191415], [-1.7401138693094254, 54.913867023191415], [-1.7419670256786048, 54.9127889983356], [-1.7419670256786048, 54.91207031509839], [-1.7425847444683313, 54.911710973479785], [-1.7438201820477843, 54.911710973479785], [-1.7450556196272373, 54.910992290242575], [-1.7462910572066903, 54.910992290242575], [-1.7469087759964168, 54.91135163186118], [-1.7469087759964168, 54.9127889983356], [-1.7475264947861433, 54.913148339954205], [-1.7499973699450493, 54.913148339954205], [-1.7506150887347758, 54.91350768157281], [-1.7506150887347758, 54.91494504804723], [-1.7499973699450493, 54.915304389665835], [-1.7487619323655963, 54.915304389665835], [-1.7481442135758698, 54.91566373128444], [-1.7481442135758698, 54.91638241452165], [-1.7512328075245023, 54.918179122614674], [-1.7518505263142288, 54.91781978099607], [-1.7518505263142288, 54.91422636481002], [-1.7537036826834083, 54.913148339954205], [-1.7561745578423142, 54.913148339954205], [-1.7586454330012202, 54.914585706428625], [-1.7611163081601262, 54.914585706428625], [-1.7635871833190322, 54.916023072903045], [-1.7672934960573912, 54.916023072903045], [-1.7709998087957501, 54.913867023191415], [-1.7734706839546561, 54.915304389665835], [-1.7747061215341091, 54.915304389665835], [-1.775941559113562, 54.914585706428625], [-1.777176996693015, 54.914585706428625], [-1.778412434272468, 54.915304389665835], [-1.780883309431374, 54.915304389665835], [-1.7815010282211006, 54.91566373128444], [-1.7815010282211006, 54.91638241452165], [-1.78335418459028, 54.917460439377464], [-1.785825059749186, 54.917460439377464], [-1.7864427785389125, 54.91781978099607], [-1.7864427785389125, 54.91853846423328], [-1.787060497328639, 54.918897805851884], [-1.788295934908092, 54.918897805851884], [-1.789531372487545, 54.918179122614674], [-1.790766810066998, 54.918179122614674], [-1.7913845288567245, 54.91853846423328], [-1.7913845288567245, 54.9199758307077], [-1.7901490912772715, 54.92069451394491], [-1.790766810066998, 54.921053855563514], [-1.792002247646451, 54.921053855563514], [-1.7926199664361775, 54.92141319718212], [-1.7926199664361775, 54.92213188041933], [-1.7913845288567245, 54.92285056365654], [-1.792002247646451, 54.923209905275144], [-1.794473122805357, 54.923209905275144], [-1.796943997964263, 54.92464727174956], [-1.800650310702622, 54.92464727174956], [-1.803121185861528, 54.923209905275144], [-1.804356623440981, 54.923209905275144], [-1.805592061020434, 54.922491222037934], [-1.8080629361793399, 54.922491222037934], [-1.8099160925485194, 54.92141319718212], [-1.8099160925485194, 54.91925714747049], [-1.8105338113382459, 54.918897805851884], [-1.8117692489176989, 54.918897805851884], [-1.8136224052868783, 54.91781978099607], [-1.8136224052868783, 54.91710109775886], [-1.8142401240766048, 54.916741756140254], [-1.8154755616560578, 54.916741756140254], [-1.8160932804457843, 54.91638241452165], [-1.8160932804457843, 54.91566373128444], [-1.8148578428663313, 54.91494504804723], [-1.8148578428663313, 54.9127889983356], [-1.8123869677074254, 54.91135163186118], [-1.8142401240766048, 54.910273607005365], [-1.8154755616560578, 54.910273607005365], [-1.8160932804457843, 54.91063294862397], [-1.8154755616560578, 54.910992290242575], [-1.8142401240766048, 54.910992290242575], [-1.8136224052868783, 54.91135163186118], [-1.8179464368149638, 54.913867023191415], [-1.8191818743944168, 54.913867023191415], [-1.8210350307635963, 54.91494504804723], [-1.8179464368149638, 54.916741756140254], [-1.8167109992355108, 54.916741756140254], [-1.8160932804457843, 54.91710109775886], [-1.8167109992355108, 54.917460439377464], [-1.8191818743944168, 54.917460439377464], [-1.8204173119738698, 54.916741756140254], [-1.8210350307635963, 54.91710109775886], [-1.8210350307635963, 54.91781978099607], [-1.8222704683430493, 54.91853846423328], [-1.8222704683430493, 54.9199758307077], [-1.8216527495533228, 54.920335172326304], [-1.8191818743944168, 54.920335172326304], [-1.8185641556046903, 54.92069451394491], [-1.8185641556046903, 54.92356924689375], [-1.8173287180252373, 54.92428793013096], [-1.8173287180252373, 54.92500661336817], [-1.8167109992355108, 54.92536595498677], [-1.8154755616560578, 54.92536595498677], [-1.8142401240766048, 54.92464727174956], [-1.8130046864971519, 54.92464727174956], [-1.8111515301279724, 54.92572529660538], [-1.8123869677074254, 54.92644397984259], [-1.8123869677074254, 54.9271626630798], [-1.8092983737587929, 54.92895937117282], [-1.8080629361793399, 54.92895937117282], [-1.8074452173896134, 54.92931871279143], [-1.8111515301279724, 54.93147476250306], [-1.8111515301279724, 54.93506817868911], [-1.8105338113382459, 54.93542752030771], [-1.8092983737587929, 54.93542752030771], [-1.8080629361793399, 54.93614620354492], [-1.805592061020434, 54.93614620354492], [-1.804356623440981, 54.93686488678213], [-1.8037389046512544, 54.93650554516353], [-1.8049743422307074, 54.93578686192632], [-1.8049743422307074, 54.93506817868911], [-1.804356623440981, 54.9347088370705], [-1.803121185861528, 54.9347088370705], [-1.8012680294923484, 54.93578686192632], [-1.8012680294923484, 54.93650554516353], [-1.8000325919128954, 54.93722422840074], [-1.8000325919128954, 54.93794291163795], [-1.798179435543716, 54.93902093649376], [-1.796943997964263, 54.93902093649376], [-1.794473122805357, 54.94045830296818], [-1.792002247646451, 54.94045830296818], [-1.789531372487545, 54.93902093649376], [-1.787060497328639, 54.93902093649376], [-1.784589622169733, 54.94045830296818], [-1.782118747010827, 54.94045830296818], [-1.778412434272468, 54.93830225325655], [-1.777176996693015, 54.93830225325655], [-1.7765592779032886, 54.93794291163795], [-1.7765592779032886, 54.93722422840074], [-1.775941559113562, 54.93686488678213], [-1.7747061215341091, 54.93686488678213], [-1.7740884027443826, 54.93650554516353], [-1.7740884027443826, 54.93506817868911], [-1.7734706839546561, 54.9347088370705], [-1.7697643712162971, 54.9347088370705], [-1.7691466524265707, 54.9343494954519], [-1.7703820900060236, 54.93363081221469], [-1.7703820900060236, 54.93219344574027], [-1.7716175275854766, 54.93147476250306], [-1.7716175275854766, 54.93075607926585], [-1.7697643712162971, 54.92967805441003], [-1.7685289336368442, 54.93039673764724], [-1.7672934960573912, 54.93039673764724], [-1.7654403396882117, 54.92931871279143], [-1.7672934960573912, 54.92824068793561], [-1.7685289336368442, 54.92824068793561], [-1.7697643712162971, 54.92895937117282], [-1.7703820900060236, 54.92860002955422], [-1.7703820900060236, 54.92788134631701], [-1.7672934960573912, 54.92608463822398], [-1.7660580584779382, 54.92608463822398], [-1.7648226208984852, 54.92536595498677], [-1.7623517457395792, 54.92536595498677], [-1.7611163081601262, 54.92608463822398], [-1.7598808705806732, 54.92608463822398], [-1.7586454330012202, 54.92536595498677], [-1.7561745578423142, 54.92536595498677], [-1.7537036826834083, 54.923928588512354], [-1.7524682451039553, 54.923928588512354], [-1.7518505263142288, 54.92428793013096], [-1.7518505263142288, 54.92644397984259], [-1.7530859638936818, 54.9271626630798], [-1.7506150887347758, 54.92860002955422], [-1.7506150887347758, 54.93147476250306], [-1.7487619323655963, 54.93255278735887], [-1.7475264947861433, 54.93255278735887], [-1.7462910572066903, 54.93183410412166], [-1.7450556196272373, 54.93183410412166], [-1.7444379008375108, 54.93219344574027], [-1.7444379008375108, 54.93363081221469], [-1.7450556196272373, 54.93399015383329], [-1.7462910572066903, 54.93399015383329], [-1.7469087759964168, 54.9343494954519], [-1.7469087759964168, 54.93578686192632], [-1.7462910572066903, 54.93614620354492], [-1.7450556196272373, 54.93614620354492], [-1.7444379008375108, 54.93650554516353], [-1.7444379008375108, 54.93722422840074], [-1.7456733384169638, 54.93794291163795], [-1.7450556196272373, 54.93830225325655], [-1.7438201820477843, 54.93830225325655], [-1.7425847444683313, 54.93758357001934], [-1.7413493068888783, 54.93758357001934], [-1.7407315880991518, 54.93722422840074], [-1.7407315880991518, 54.93650554516353], [-1.7388784317299724, 54.93542752030771], [-1.7376429941505194, 54.93542752030771], [-1.7370252753607929, 54.93578686192632], [-1.7370252753607929, 54.93650554516353], [-1.7382607129402459, 54.93722422840074], [-1.7382607129402459, 54.93866159487516], [-1.7370252753607929, 54.93938027811237], [-1.7370252753607929, 54.94081764458679], [-1.7382607129402459, 54.941536327824], [-1.7382607129402459, 54.94225501106121], [-1.7339366814121604, 54.94477040239144], [-1.733318962622434, 54.944411060772836], [-1.733318962622434, 54.943692377535626], [-1.7327012438327074, 54.94333303591702], [-1.7314658062532544, 54.94333303591702], [-1.730848087463528, 54.942973694298416], [-1.730848087463528, 54.94225501106121], [-1.7302303686738014, 54.9418956694426], [-1.7277594935148954, 54.9418956694426], [-1.7265240559354424, 54.94261435267981], [-1.7252886183559895, 54.94261435267981], [-1.724670899566263, 54.942973694298416], [-1.7277594935148954, 54.94477040239144], [-1.7302303686738014, 54.94477040239144], [-1.7327012438327074, 54.94620776886586], [-1.7339366814121604, 54.94620776886586], [-1.7351721189916134, 54.94548908562865], [-1.7364075565710664, 54.94548908562865], [-1.7382607129402459, 54.946567110484466], [-1.7382607129402459, 54.948004476958886], [-1.7401138693094254, 54.9490825018147], [-1.7413493068888783, 54.94836381857749], [-1.7425847444683313, 54.94836381857749], [-1.7432024632580578, 54.948723160196096], [-1.7432024632580578, 54.951597893144935], [-1.7438201820477843, 54.95195723476354], [-1.7462910572066903, 54.95195723476354], [-1.7469087759964168, 54.952316576382145], [-1.7469087759964168, 54.953035259619355], [-1.7493796511553228, 54.954472626093775], [-1.7493796511553228, 54.955909992568195], [-1.7487619323655963, 54.9562693341868], [-1.7475264947861433, 54.9562693341868], [-1.7462910572066903, 54.95698801742401], [-1.7425847444683313, 54.95698801742401], [-1.7419670256786048, 54.957347359042615], [-1.7432024632580578, 54.958066042279825], [-1.7419670256786048, 54.958784725517035], [-1.7419670256786048, 54.959503408754244], [-1.7425847444683313, 54.95986275037285], [-1.7438201820477843, 54.95986275037285], [-1.7450556196272373, 54.95914406713564], [-1.7456733384169638, 54.959503408754244], [-1.7456733384169638, 54.960222091991454], [-1.7469087759964168, 54.960940775228664], [-1.7469087759964168, 54.961659458465874], [-1.7475264947861433, 54.96201880008448], [-1.7537036826834083, 54.96201880008448], [-1.7549391202628613, 54.96273748332169], [-1.7574099954217672, 54.96273748332169], [-1.7586454330012202, 54.9634561665589], [-1.7598808705806732, 54.9634561665589], [-1.7635871833190322, 54.96561221627053], [-1.7672934960573912, 54.96561221627053], [-1.7679112148471177, 54.965252874651924], [-1.7679112148471177, 54.964534191414714], [-1.7685289336368442, 54.96417484979611], [-1.7697643712162971, 54.96489353303332], [-1.7722352463752031, 54.9634561665589], [-1.7734706839546561, 54.96417484979611], [-1.7747061215341091, 54.96417484979611], [-1.775941559113562, 54.96489353303332], [-1.777176996693015, 54.96489353303332], [-1.7777947154827416, 54.964534191414714], [-1.7777947154827416, 54.963815508177504], [-1.7802655906416476, 54.962378141703084], [-1.7802655906416476, 54.961659458465874], [-1.780883309431374, 54.96130011684727], [-1.782118747010827, 54.96130011684727], [-1.78335418459028, 54.96201880008448], [-1.784589622169733, 54.96201880008448], [-1.785825059749186, 54.96273748332169], [-1.787060497328639, 54.96273748332169], [-1.7876782161183655, 54.962378141703084], [-1.7876782161183655, 54.961659458465874], [-1.7864427785389125, 54.960940775228664], [-1.787060497328639, 54.96058143361006], [-1.789531372487545, 54.96058143361006], [-1.790766810066998, 54.96130011684727], [-1.792002247646451, 54.96058143361006], [-1.793237685225904, 54.96058143361006], [-1.794473122805357, 54.96130011684727], [-1.79570856038481, 54.96130011684727], [-1.796943997964263, 54.96058143361006], [-1.798179435543716, 54.96058143361006], [-1.7987971543334424, 54.960222091991454], [-1.7987971543334424, 54.959503408754244], [-1.799414873123169, 54.95914406713564], [-1.800650310702622, 54.95914406713564], [-1.804356623440981, 54.95698801742401], [-1.805592061020434, 54.95770670066122], [-1.806827498599887, 54.95770670066122], [-1.8092983737587929, 54.95914406713564], [-1.8099160925485194, 54.958784725517035], [-1.8099160925485194, 54.958066042279825], [-1.8142401240766048, 54.95555065094959], [-1.8179464368149638, 54.95555065094959], [-1.8191818743944168, 54.9562693341868], [-1.8204173119738698, 54.95555065094959], [-1.8228881871327758, 54.95698801742401], [-1.8241236247122288, 54.95698801742401], [-1.8247413435019553, 54.957347359042615], [-1.8247413435019553, 54.959503408754244], [-1.8241236247122288, 54.95986275037285], [-1.8228881871327758, 54.95986275037285], [-1.8204173119738698, 54.96130011684727], [-1.8179464368149638, 54.96130011684727], [-1.8167109992355108, 54.96201880008448], [-1.8154755616560578, 54.96201880008448], [-1.8148578428663313, 54.961659458465874], [-1.8160932804457843, 54.960940775228664], [-1.8154755616560578, 54.96058143361006], [-1.8142401240766048, 54.96058143361006], [-1.8130046864971519, 54.96130011684727], [-1.8092983737587929, 54.96130011684727], [-1.8086806549690664, 54.961659458465874], [-1.8086806549690664, 54.962378141703084], [-1.8062097798101604, 54.963815508177504], [-1.8062097798101604, 54.965971557889134], [-1.804356623440981, 54.96704958274495], [-1.801885748282075, 54.96704958274495], [-1.8012680294923484, 54.96740892436355], [-1.8012680294923484, 54.96812760760076], [-1.8000325919128954, 54.96884629083797], [-1.8000325919128954, 54.97172102378681], [-1.798179435543716, 54.97279904864263], [-1.796943997964263, 54.97279904864263], [-1.7950908415950835, 54.97387707349844], [-1.7950908415950835, 54.97459575673565], [-1.794473122805357, 54.97495509835426], [-1.792002247646451, 54.97495509835426], [-1.7913845288567245, 54.97531443997286], [-1.7913845288567245, 54.97603312321007], [-1.794473122805357, 54.9778298313031], [-1.79570856038481, 54.9778298313031], [-1.7963262791745365, 54.9781891729217], [-1.7963262791745365, 54.97890785615891], [-1.7950908415950835, 54.97962653939612], [-1.7950908415950835, 54.98034522263333], [-1.792002247646451, 54.98214193072636], [-1.7913845288567245, 54.98178258910775], [-1.7913845288567245, 54.98106390587054], [-1.790766810066998, 54.98070456425194], [-1.788295934908092, 54.98070456425194], [-1.7876782161183655, 54.98034522263333], [-1.7901490912772715, 54.97890785615891], [-1.789531372487545, 54.97854851454031], [-1.787060497328639, 54.97854851454031], [-1.7852073409594595, 54.97747048968449], [-1.7852073409594595, 54.97531443997286], [-1.78335418459028, 54.97423641511705], [-1.780883309431374, 54.97423641511705], [-1.779647871851921, 54.97495509835426], [-1.778412434272468, 54.97495509835426], [-1.7765592779032886, 54.97603312321007], [-1.777176996693015, 54.97639246482868], [-1.779647871851921, 54.97639246482868], [-1.7815010282211006, 54.97747048968449], [-1.779647871851921, 54.97854851454031], [-1.778412434272468, 54.97854851454031], [-1.7777947154827416, 54.97890785615891], [-1.7777947154827416, 54.98034522263333], [-1.777176996693015, 54.98070456425194], [-1.7734706839546561, 54.98079439965659], [-1.7722352463752031, 54.98079439965659], [-1.7697643712162971, 54.98070456425194], [-1.768992222729139, 54.98034522263333], [-1.7643593318061903, 54.98034522263333], [-1.7635871833190322, 54.98070456425194], [-1.7611163081601262, 54.98079439965659], [-1.7561745578423142, 54.98223176613101], [-1.7499973699450493, 54.98223176613101], [-1.7586454330012202, 54.98286061396357], [-1.7672934960573912, 54.98286061396357], [-1.7679112148471177, 54.98321995558217], [-1.7679112148471177, 54.98393863881938], [-1.7666757772676647, 54.98465732205659], [-1.7685289336368442, 54.985735346912406], [-1.7697643712162971, 54.985735346912406], [-1.7703820900060236, 54.98609468853101], [-1.7703820900060236, 54.98681337176822], [-1.7728529651649296, 54.98825073824264], [-1.7728529651649296, 54.98896942147985], [-1.7722352463752031, 54.989328763098456], [-1.7709998087957501, 54.989328763098456], [-1.7703820900060236, 54.98968810471706], [-1.7728529651649296, 54.99112547119148], [-1.7728529651649296, 54.99184415442869], [-1.7747061215341091, 54.992922179284506], [-1.777176996693015, 54.992922179284506], [-1.779647871851921, 54.994359545758925], [-1.780883309431374, 54.994359545758925], [-1.7815010282211006, 54.99400020414032], [-1.7802655906416476, 54.99328152090311], [-1.7802655906416476, 54.99184415442869], [-1.782118747010827, 54.990766129572876], [-1.78335418459028, 54.991484812810086], [-1.7839719033800066, 54.99112547119148], [-1.7839719033800066, 54.99040678795427], [-1.784589622169733, 54.990047446335666], [-1.785825059749186, 54.990047446335666], [-1.788295934908092, 54.991484812810086], [-1.7889136536978185, 54.99112547119148], [-1.7889136536978185, 54.98896942147985], [-1.7876782161183655, 54.98825073824264], [-1.788295934908092, 54.987891396624036], [-1.793237685225904, 54.987891396624036], [-1.7938554040156305, 54.98825073824264], [-1.7938554040156305, 54.98896942147985], [-1.7926199664361775, 54.98968810471706], [-1.793237685225904, 54.990047446335666], [-1.794473122805357, 54.990047446335666], [-1.79570856038481, 54.989328763098456], [-1.800650310702622, 54.989328763098456], [-1.8012680294923484, 54.98896942147985], [-1.8012680294923484, 54.98753205500543], [-1.8025034670718014, 54.98681337176822], [-1.8025034670718014, 54.98609468853101], [-1.803121185861528, 54.985735346912406], [-1.804356623440981, 54.986454030149616], [-1.8049743422307074, 54.98609468853101], [-1.8049743422307074, 54.9853760052938], [-1.805592061020434, 54.9850166636752], [-1.8080629361793399, 54.986454030149616], [-1.8092983737587929, 54.986454030149616], [-1.8105338113382459, 54.985735346912406], [-1.8142401240766048, 54.985735346912406], [-1.8148578428663313, 54.9853760052938], [-1.8148578428663313, 54.98465732205659], [-1.8160932804457843, 54.98393863881938], [-1.8148578428663313, 54.98321995558217], [-1.8148578428663313, 54.98106390587054], [-1.8136224052868783, 54.98034522263333], [-1.8136224052868783, 54.97890785615891], [-1.8130046864971519, 54.97854851454031], [-1.8117692489176989, 54.97854851454031], [-1.8099160925485194, 54.97747048968449], [-1.8105338113382459, 54.97711114806589], [-1.8130046864971519, 54.97576361699612], [-1.8117692489176989, 54.97567378159147], [-1.8111515301279724, 54.97531443997286], [-1.8136224052868783, 54.97387707349844], [-1.8123869677074254, 54.97315839026123], [-1.8130046864971519, 54.97279904864263], [-1.8142401240766048, 54.97279904864263], [-1.8160932804457843, 54.97387707349844], [-1.816247710143216, 54.97459575673565], [-1.8184097259072587, 54.97459575673565], [-1.8191818743944168, 54.97423641511705], [-1.8216527495533228, 54.97342789647519], [-1.8228881871327758, 54.97217020081007], [-1.8222704683430493, 54.97172102378681], [-1.8228881871327758, 54.97136168216821], [-1.8241236247122288, 54.97136168216821], [-1.8261312107788399, 54.97243970702402], [-1.8272122186608613, 54.97172102378681], [-1.8290653750300407, 54.970642998931], [-1.8303008126094937, 54.970642998931], [-1.8333894065581262, 54.97243970702402], [-1.8333894065581262, 54.97315839026123], [-1.8321539689786732, 54.97387707349844], [-1.8333894065581262, 54.97459575673565], [-1.8327716877683997, 54.97495509835426], [-1.8319995392812416, 54.97459575673565], [-1.8327716877683997, 54.976302629424026], [-1.8333894065581262, 54.97675180644728], [-1.8346248441375792, 54.97747048968449], [-1.8346248441375792, 54.9781891729217], [-1.8352425629273057, 54.97854851454031], [-1.8358602817170322, 54.9781891729217], [-1.8358602817170322, 54.97747048968449], [-1.8364780005067587, 54.97711114806589], [-1.8370957192964852, 54.97747048968449], [-1.8370957192964852, 54.9781891729217], [-1.8383311568759382, 54.97890785615891], [-1.8383311568759382, 54.97962653939612], [-1.8395665944553912, 54.98034522263333], [-1.8395665944553912, 54.98178258910775], [-1.8420374696142972, 54.98321995558217], [-1.8420374696142972, 54.98393863881938], [-1.8451260635629296, 54.985735346912406], [-1.8469792199321091, 54.98465732205659], [-1.8469792199321091, 54.98393863881938], [-1.8463615011423826, 54.98357929720078], [-1.8451260635629296, 54.98357929720078], [-1.8432729071937501, 54.98250127234496], [-1.8432729071937501, 54.98034522263333], [-1.8438906259834766, 54.97998588101473], [-1.8500678138807416, 54.97998588101473], [-1.8513032514601946, 54.97926719777752], [-1.8550095641985536, 54.97926719777752], [-1.85562728298828, 54.97962653939612], [-1.85562728298828, 54.98034522263333], [-1.856862720567733, 54.98106390587054], [-1.856862720567733, 54.98178258910775], [-1.8587158769369125, 54.98286061396357], [-1.8611867520958185, 54.98286061396357], [-1.8636576272547245, 54.98142324748915], [-1.8648930648341775, 54.98142324748915], [-1.865510783623904, 54.98106390587054], [-1.865510783623904, 54.97962653939612], [-1.866746221203357, 54.97890785615891], [-1.866746221203357, 54.97747048968449], [-1.8673639399930835, 54.97711114806589], [-1.869217096362263, 54.9781891729217], [-1.869217096362263, 54.98178258910775], [-1.8698348151519895, 54.98214193072636], [-1.8723056903108954, 54.98214193072636], [-1.872923409100622, 54.98250127234496], [-1.872923409100622, 54.98321995558217], [-1.8784828782081604, 54.986454030149616], [-1.8803360345773399, 54.9853760052938], [-1.8803360345773399, 54.98465732205659], [-1.879100596997887, 54.98393863881938], [-1.8809537533670664, 54.98286061396357], [-1.8821891909465194, 54.98286061396357], [-1.8828069097362459, 54.98321995558217], [-1.8828069097362459, 54.98393863881938], [-1.8840423473156989, 54.98465732205659], [-1.8840423473156989, 54.98753205500543], [-1.8834246285259724, 54.987891396624036], [-1.8809537533670664, 54.987891396624036], [-1.8803360345773399, 54.98825073824264], [-1.8803360345773399, 54.98896942147985], [-1.8797183157876134, 54.989328763098456], [-1.8784828782081604, 54.989328763098456], [-1.877865159418434, 54.98968810471706], [-1.877865159418434, 54.99112547119148], [-1.8772474406287074, 54.991484812810086], [-1.8760120030492544, 54.991484812810086], [-1.875394284259528, 54.99184415442869], [-1.875394284259528, 54.9925628376659], [-1.874158846680075, 54.99328152090311], [-1.874158846680075, 54.99400020414032], [-1.8710702527314425, 54.995796912233345], [-1.8685993775725365, 54.995796912233345], [-1.8673639399930835, 54.995078228996135], [-1.8636576272547245, 54.995078228996135], [-1.8611867520958185, 54.996515595470555], [-1.8599513145163655, 54.995796912233345], [-1.8574804393574595, 54.995796912233345], [-1.856862720567733, 54.99543757061474], [-1.856862720567733, 54.99471888737753], [-1.8562450017780066, 54.994359545758925], [-1.854391845408827, 54.99543757061474], [-1.854391845408827, 54.99687493708916], [-1.8537741266191006, 54.997234278707765], [-1.8525386890396476, 54.997234278707765], [-1.850685532670468, 54.99615625385195], [-1.850685532670468, 54.99543757061474], [-1.8500678138807416, 54.995078228996135], [-1.8488323763012886, 54.995078228996135], [-1.848214657511562, 54.99471888737753], [-1.848214657511562, 54.99400020414032], [-1.8475969387218356, 54.993640862521715], [-1.8463615011423826, 54.993640862521715], [-1.8457437823526561, 54.99328152090311], [-1.8457437823526561, 54.99184415442869], [-1.8451260635629296, 54.991484812810086], [-1.8438906259834766, 54.991484812810086], [-1.8426551884040236, 54.990766129572876], [-1.8414197508245707, 54.990766129572876], [-1.8401843132451177, 54.991484812810086], [-1.8377134380862117, 54.991484812810086], [-1.8370957192964852, 54.99184415442869], [-1.8370957192964852, 54.99328152090311], [-1.8389488756656647, 54.994359545758925], [-1.8414197508245707, 54.994359545758925], [-1.8420374696142972, 54.99471888737753], [-1.8420374696142972, 54.99543757061474], [-1.8432729071937501, 54.99615625385195], [-1.8420374696142972, 54.99687493708916], [-1.8420374696142972, 54.999749670038], [-1.8414197508245707, 55.000109011656605], [-1.8389488756656647, 55.000109011656605], [-1.8370957192964852, 54.99903098680079], [-1.8370957192964852, 54.99831230356358], [-1.8364780005067587, 54.997952961944975], [-1.8340071253478527, 54.997952961944975], [-1.8333894065581262, 54.99831230356358], [-1.8333894065581262, 54.99903098680079], [-1.8327716877683997, 54.999390328419395], [-1.8315362501889467, 54.999390328419395], [-1.8303008126094937, 54.998671645182185], [-1.8290653750300407, 54.998671645182185], [-1.8278299374505877, 54.999390328419395], [-1.8272122186608613, 54.99903098680079], [-1.8272122186608613, 54.99831230356358], [-1.8278299374505877, 54.997952961944975], [-1.8290653750300407, 54.997952961944975], [-1.8296830938197672, 54.99759362032637], [-1.8278299374505877, 54.996515595470555], [-1.8265944998711348, 54.996515595470555], [-1.8253590622916818, 54.997234278707765], [-1.8247413435019553, 54.99687493708916], [-1.8247413435019553, 54.99543757061474], [-1.8235059059225023, 54.99471888737753], [-1.8235059059225023, 54.99400020414032], [-1.8228881871327758, 54.993640862521715], [-1.8216527495533228, 54.994359545758925], [-1.8191818743944168, 54.994359545758925], [-1.8179464368149638, 54.995078228996135], [-1.8154755616560578, 54.995078228996135], [-1.8130046864971519, 54.996515595470555], [-1.8105338113382459, 54.996515595470555], [-1.8099160925485194, 54.99687493708916], [-1.8099160925485194, 54.99903098680079], [-1.8123869677074254, 55.00046835327521], [-1.8123869677074254, 55.00118703651242], [-1.8099160925485194, 55.00262440298684], [-1.8099160925485194, 55.00334308622405], [-1.8074452173896134, 55.00478045269847], [-1.8074452173896134, 55.00549913593568], [-1.805592061020434, 55.006577160791494], [-1.804356623440981, 55.005858477554284], [-1.803121185861528, 55.005858477554284], [-1.8025034670718014, 55.00549913593568], [-1.8025034670718014, 55.00478045269847], [-1.8012680294923484, 55.00406176946126], [-1.8012680294923484, 55.00046835327521], [-1.800650310702622, 55.000109011656605], [-1.799414873123169, 55.000109011656605], [-1.7975617167539895, 55.00118703651242], [-1.7987971543334424, 55.00190571974963], [-1.7987971543334424, 55.00478045269847], [-1.7975617167539895, 55.00549913593568], [-1.7975617167539895, 55.00621781917289], [-1.796943997964263, 55.006577160791494], [-1.79570856038481, 55.006577160791494], [-1.7938554040156305, 55.00549913593568], [-1.7950908415950835, 55.00478045269847], [-1.7950908415950835, 55.00334308622405], [-1.7963262791745365, 55.00262440298684], [-1.7963262791745365, 55.00190571974963], [-1.79570856038481, 55.001546378131025], [-1.792002247646451, 55.001546378131025], [-1.7901490912772715, 55.00262440298684], [-1.7901490912772715, 55.00406176946126], [-1.7913845288567245, 55.00478045269847], [-1.7901490912772715, 55.00549913593568], [-1.790766810066998, 55.005858477554284], [-1.792002247646451, 55.005858477554284], [-1.7926199664361775, 55.00621781917289], [-1.790766810066998, 55.007295844028704], [-1.7901490912772715, 55.0069365024101], [-1.7901490912772715, 55.00621781917289], [-1.789531372487545, 55.005858477554284], [-1.787060497328639, 55.005858477554284], [-1.7864427785389125, 55.00549913593568], [-1.7864427785389125, 55.00478045269847], [-1.7876782161183655, 55.00406176946126], [-1.7876782161183655, 55.00334308622405], [-1.785825059749186, 55.002265061368234], [-1.784589622169733, 55.002983744605444], [-1.782118747010827, 55.002983744605444], [-1.780883309431374, 55.003702427842654], [-1.779647871851921, 55.003702427842654], [-1.7790301530621946, 55.00334308622405], [-1.7790301530621946, 55.00190571974963], [-1.7777947154827416, 55.00118703651242], [-1.7777947154827416, 54.999749670038], [-1.777176996693015, 54.999390328419395], [-1.7709998087957501, 54.999390328419395], [-1.7703820900060236, 54.999749670038], [-1.7709998087957501, 55.000109011656605], [-1.7722352463752031, 55.000109011656605], [-1.7728529651649296, 55.00046835327521], [-1.7728529651649296, 55.00262440298684], [-1.7703820900060236, 55.00406176946126], [-1.7709998087957501, 55.004421111079864], [-1.7722352463752031, 55.004421111079864], [-1.7728529651649296, 55.00478045269847], [-1.7728529651649296, 55.00549913593568], [-1.7722352463752031, 55.005858477554284], [-1.7709998087957501, 55.005139794317074], [-1.7703820900060236, 55.00549913593568], [-1.7703820900060236, 55.00621781917289], [-1.7697643712162971, 55.006577160791494], [-1.7672934960573912, 55.006577160791494], [-1.7666757772676647, 55.00621781917289], [-1.7679112148471177, 55.00549913593568], [-1.7679112148471177, 55.00478045269847], [-1.7703820900060236, 55.00334308622405], [-1.7697643712162971, 55.002983744605444], [-1.7672934960573912, 55.002983744605444], [-1.7660580584779382, 55.003702427842654], [-1.7648226208984852, 55.002983744605444], [-1.7635871833190322, 55.002983744605444], [-1.7623517457395792, 55.003702427842654], [-1.7598808705806732, 55.002265061368234], [-1.7586454330012202, 55.002265061368234], [-1.7580277142114937, 55.00262440298684], [-1.7592631517909467, 55.00334308622405], [-1.7592631517909467, 55.00549913593568], [-1.7586454330012202, 55.005858477554284], [-1.7561745578423142, 55.005858477554284], [-1.7549391202628613, 55.005139794317074], [-1.7537036826834083, 55.005139794317074], [-1.7530859638936818, 55.00478045269847], [-1.7543214014731348, 55.00406176946126], [-1.7543214014731348, 55.00190571974963], [-1.7537036826834083, 55.001546378131025], [-1.7512328075245023, 55.001546378131025], [-1.7487619323655963, 55.002983744605444], [-1.7475264947861433, 55.002983744605444], [-1.7469087759964168, 55.00262440298684], [-1.7469087759964168, 54.999749670038], [-1.7462910572066903, 54.999390328419395], [-1.7450556196272373, 55.000109011656605], [-1.7438201820477843, 55.000109011656605], [-1.7432024632580578, 54.999749670038], [-1.7432024632580578, 54.99903098680079], [-1.7425847444683313, 54.998671645182185], [-1.7413493068888783, 54.998671645182185], [-1.7407315880991518, 54.99903098680079], [-1.7407315880991518, 54.999749670038], [-1.7401138693094254, 55.000109011656605], [-1.7394961505196989, 54.999749670038], [-1.7394961505196989, 54.99831230356358], [-1.7388784317299724, 54.997952961944975], [-1.7376429941505194, 54.997952961944975], [-1.7370252753607929, 54.99831230356358], [-1.7370252753607929, 54.99903098680079], [-1.7382607129402459, 54.999749670038], [-1.7382607129402459, 55.00478045269847], [-1.7364075565710664, 55.005858477554284], [-1.7327012438327074, 55.005858477554284], [-1.732083525042981, 55.00621781917289], [-1.732083525042981, 55.00765518564731], [-1.734554400201887, 55.00909255212173], [-1.7314658062532544, 55.01088926021475], [-1.7302303686738014, 55.01017057697754], [-1.7289949310943484, 55.01017057697754], [-1.728377212304622, 55.01052991859615], [-1.728377212304622, 55.01124860183336], [-1.729612649884075, 55.01196728507057], [-1.7289949310943484, 55.01232662668917], [-1.7277594935148954, 55.01160794345196], [-1.727141774725169, 55.01196728507057], [-1.727141774725169, 55.01340465154499], [-1.7265240559354424, 55.01376399316359], [-1.7252886183559895, 55.01376399316359], [-1.7240531807765365, 55.01304530992638], [-1.7215823056176305, 55.01304530992638], [-1.7203468680381775, 55.01376399316359], [-1.7191114304587245, 55.01376399316359], [-1.7166405552998185, 55.01520135963801], [-1.7154051177203655, 55.0144826764008], [-1.7141696801409125, 55.0144826764008], [-1.713551961351186, 55.0141233347822], [-1.713551961351186, 55.01268596830778], [-1.7129342425614595, 55.01232662668917], [-1.7116988049820065, 55.01232662668917], [-1.7092279298231006, 55.01376399316359], [-1.7079924922436476, 55.01376399316359], [-1.7067570546641946, 55.01304530992638], [-1.7042861795052886, 55.01304530992638], [-1.7024330231361091, 55.0141233347822], [-1.7024330231361091, 55.01556070125662], [-1.703668460715562, 55.01627938449383], [-1.703668460715562, 55.01699806773104], [-1.7030507419258356, 55.01735740934964], [-1.7018153043463826, 55.01735740934964], [-1.7005798667669296, 55.01807609258685], [-1.6993444291874766, 55.01735740934964], [-1.6968735540285707, 55.01735740934964], [-1.6956381164491177, 55.01807609258685], [-1.6944026788696647, 55.01807609258685], [-1.6937849600799382, 55.01843543420546], [-1.6937849600799382, 55.01915411744267], [-1.6974912728182971, 55.0213101671543], [-1.6974912728182971, 55.02202885039151], [-1.6981089916080236, 55.02238819201011], [-1.6987267103977501, 55.02202885039151], [-1.6987267103977501, 55.0213101671543], [-1.6993444291874766, 55.02095082553569], [-1.6999621479772031, 55.0213101671543], [-1.6999621479772031, 55.02202885039151], [-1.7005798667669296, 55.02238819201011], [-1.7018153043463826, 55.02238819201011], [-1.7030507419258356, 55.02310687524732], [-1.7042861795052886, 55.02310687524732], [-1.7055216170847416, 55.02382555848453], [-1.7067570546641946, 55.02382555848453], [-1.7079924922436476, 55.02454424172174], [-1.7092279298231006, 55.02454424172174], [-1.7129342425614595, 55.02238819201011], [-1.7154051177203655, 55.02238819201011], [-1.716022836510092, 55.02274753362872], [-1.716022836510092, 55.02346621686593], [-1.7166405552998185, 55.02382555848453], [-1.7203468680381775, 55.02382555848453], [-1.720964586827904, 55.02418490010314], [-1.720964586827904, 55.02705963305198], [-1.7203468680381775, 55.02741897467058], [-1.7166405552998185, 55.02741897467058], [-1.716022836510092, 55.02777831628919], [-1.716022836510092, 55.028496999526396], [-1.718493711668998, 55.029934366000816], [-1.716022836510092, 55.031371732475236], [-1.7166405552998185, 55.03173107409384], [-1.7203468680381775, 55.03173107409384], [-1.7215823056176305, 55.03244975733105], [-1.7228177431970835, 55.03244975733105], [-1.72343546198681, 55.032809098949656], [-1.72343546198681, 55.036402515135705], [-1.7240531807765365, 55.03676185675431], [-1.7277594935148954, 55.03676185675431], [-1.728377212304622, 55.037121198372915], [-1.728377212304622, 55.037839881610125], [-1.730848087463528, 55.039277248084545], [-1.730848087463528, 55.039995931321755], [-1.7314658062532544, 55.04035527294036], [-1.7327012438327074, 55.04035527294036], [-1.7351721189916134, 55.03891790646594], [-1.7357898377813399, 55.039277248084545], [-1.7357898377813399, 55.039995931321755], [-1.7364075565710664, 55.04035527294036], [-1.7376429941505194, 55.03963658970315], [-1.7401138693094254, 55.03963658970315], [-1.7407315880991518, 55.039995931321755], [-1.7407315880991518, 55.040714614558965], [-1.7425847444683313, 55.04179263941478], [-1.7475264947861433, 55.04179263941478], [-1.7481442135758698, 55.041433297796175], [-1.7481442135758698, 55.040714614558965], [-1.7469087759964168, 55.039995931321755], [-1.7475264947861433, 55.03963658970315], [-1.7487619323655963, 55.04035527294036], [-1.7493796511553228, 55.039995931321755], [-1.7493796511553228, 55.038558564847335], [-1.7487619323655963, 55.03819922322873], [-1.7475264947861433, 55.03819922322873], [-1.7469087759964168, 55.037839881610125], [-1.7481442135758698, 55.037121198372915], [-1.7481442135758698, 55.036402515135705], [-1.7487619323655963, 55.0360431735171], [-1.7499973699450493, 55.03676185675431], [-1.7506150887347758, 55.036402515135705], [-1.7506150887347758, 55.035683831898496], [-1.7512328075245023, 55.03532449027989], [-1.7524682451039553, 55.0360431735171], [-1.7537036826834083, 55.0360431735171], [-1.7549391202628613, 55.03532449027989], [-1.7574099954217672, 55.03532449027989], [-1.7586454330012202, 55.0360431735171], [-1.7592631517909467, 55.035683831898496], [-1.7592631517909467, 55.033527782186866], [-1.7598808705806732, 55.03316844056826], [-1.7604985893703997, 55.033527782186866], [-1.7604985893703997, 55.034965148661286], [-1.7611163081601262, 55.03532449027989], [-1.7623517457395792, 55.03532449027989], [-1.7629694645293057, 55.034965148661286], [-1.7617340269498527, 55.034246465424076], [-1.7617340269498527, 55.032809098949656], [-1.7611163081601262, 55.03244975733105], [-1.7598808705806732, 55.03244975733105], [-1.7592631517909467, 55.032090415712446], [-1.7611163081601262, 55.03101239085663], [-1.7623517457395792, 55.03101239085663], [-1.7629694645293057, 55.030653049238026], [-1.7617340269498527, 55.029934366000816], [-1.7623517457395792, 55.02957502438221], [-1.7635871833190322, 55.03029370761942], [-1.7648226208984852, 55.03029370761942], [-1.7654403396882117, 55.030653049238026], [-1.7654403396882117, 55.031371732475236], [-1.7660580584779382, 55.03173107409384], [-1.7697643712162971, 55.03173107409384], [-1.7703820900060236, 55.032090415712446], [-1.7703820900060236, 55.032809098949656], [-1.7709998087957501, 55.03316844056826], [-1.7722352463752031, 55.03244975733105], [-1.7728529651649296, 55.032809098949656], [-1.7728529651649296, 55.033527782186866], [-1.775941559113562, 55.03532449027989], [-1.777176996693015, 55.03532449027989], [-1.7777947154827416, 55.035683831898496], [-1.777176996693015, 55.0360431735171], [-1.7734706839546561, 55.0360431735171], [-1.7728529651649296, 55.035683831898496], [-1.7728529651649296, 55.034965148661286], [-1.7722352463752031, 55.03460580704268], [-1.7716175275854766, 55.034965148661286], [-1.7716175275854766, 55.036402515135705], [-1.7722352463752031, 55.03676185675431], [-1.7734706839546561, 55.03676185675431], [-1.7740884027443826, 55.037121198372915], [-1.7740884027443826, 55.039277248084545], [-1.7728529651649296, 55.039995931321755], [-1.7728529651649296, 55.040714614558965], [-1.7722352463752031, 55.04107395617757], [-1.7709998087957501, 55.04107395617757], [-1.7697643712162971, 55.04035527294036], [-1.7691466524265707, 55.040714614558965], [-1.7691466524265707, 55.043589347507805], [-1.7685289336368442, 55.04394868912641], [-1.7660580584779382, 55.04394868912641], [-1.7635871833190322, 55.04538605560083], [-1.7611163081601262, 55.04538605560083], [-1.7592631517909467, 55.046464080456644], [-1.7592631517909467, 55.050057496642694], [-1.7604985893703997, 55.050776179879904], [-1.7604985893703997, 55.05365091282874], [-1.7598808705806732, 55.05401025444735], [-1.7574099954217672, 55.05401025444735], [-1.7567922766320407, 55.05436959606595], [-1.7567922766320407, 55.05508827930316], [-1.7549391202628613, 55.05616630415898], [-1.7512328075245023, 55.05616630415898], [-1.7506150887347758, 55.05652564577758], [-1.7506150887347758, 55.05724432901479], [-1.7493796511553228, 55.057963012252], [-1.7499973699450493, 55.05832235387061], [-1.7524682451039553, 55.05832235387061], [-1.7530859638936818, 55.05868169548921], [-1.7530859638936818, 55.05940037872642], [-1.7555568390525877, 55.06083774520084], [-1.7549391202628613, 55.06119708681945], [-1.7537036826834083, 55.06119708681945], [-1.7530859638936818, 55.06155642843805], [-1.7543214014731348, 55.06227511167526], [-1.7543214014731348, 55.06299379491247], [-1.7549391202628613, 55.06335313653108], [-1.7561745578423142, 55.06335313653108], [-1.7567922766320407, 55.06371247814968], [-1.7567922766320407, 55.06443116138689], [-1.7561745578423142, 55.0647905030055], [-1.7549391202628613, 55.0647905030055], [-1.7543214014731348, 55.0651498446241], [-1.7543214014731348, 55.06658721109852], [-1.7555568390525877, 55.06730589433573], [-1.7555568390525877, 55.06802457757294], [-1.7561745578423142, 55.06838391919155], [-1.7574099954217672, 55.06838391919155], [-1.7580277142114937, 55.06874326081015], [-1.7580277142114937, 55.07018062728457], [-1.7567922766320407, 55.07089931052178], [-1.7580277142114937, 55.07161799375899], [-1.7574099954217672, 55.071977335377596], [-1.7561745578423142, 55.071258652140386], [-1.7537036826834083, 55.072696018614806], [-1.7499973699450493, 55.072696018614806], [-1.7487619323655963, 55.071977335377596], [-1.7475264947861433, 55.071977335377596], [-1.7469087759964168, 55.07161799375899], [-1.7469087759964168, 55.07089931052178], [-1.7481442135758698, 55.07018062728457], [-1.7481442135758698, 55.06946194404736], [-1.7493796511553228, 55.06874326081015], [-1.7481442135758698, 55.06802457757294], [-1.7481442135758698, 55.06658721109852], [-1.7493796511553228, 55.06586852786131], [-1.7487619323655963, 55.06550918624271], [-1.7475264947861433, 55.06550918624271], [-1.7456733384169638, 55.06443116138689], [-1.7456733384169638, 55.06371247814968], [-1.7481442135758698, 55.06227511167526], [-1.7481442135758698, 55.06155642843805], [-1.7456733384169638, 55.06011906196363], [-1.7456733384169638, 55.05940037872642], [-1.7469087759964168, 55.05868169548921], [-1.7456733384169638, 55.057963012252], [-1.7456733384169638, 55.05652564577758], [-1.7450556196272373, 55.05616630415898], [-1.7444379008375108, 55.05652564577758], [-1.7444379008375108, 55.05868169548921], [-1.7438201820477843, 55.05904103710782], [-1.7425847444683313, 55.05904103710782], [-1.7413493068888783, 55.05832235387061], [-1.7388784317299724, 55.05832235387061], [-1.7382607129402459, 55.057963012252], [-1.7382607129402459, 55.05724432901479], [-1.7388784317299724, 55.05688498739619], [-1.7401138693094254, 55.05688498739619], [-1.7407315880991518, 55.05652564577758], [-1.7401138693094254, 55.05616630415898], [-1.7376429941505194, 55.05616630415898], [-1.7364075565710664, 55.05544762092177], [-1.7351721189916134, 55.05616630415898], [-1.7339366814121604, 55.05616630415898], [-1.7327012438327074, 55.05688498739619], [-1.732083525042981, 55.05652564577758], [-1.732083525042981, 55.05365091282874], [-1.730848087463528, 55.05293222959153], [-1.730848087463528, 55.052213546354324], [-1.7302303686738014, 55.05185420473572], [-1.7289949310943484, 55.05185420473572], [-1.7277594935148954, 55.05113552149851], [-1.7252886183559895, 55.05113552149851], [-1.72343546198681, 55.050057496642694], [-1.72343546198681, 55.049338813405484], [-1.7215823056176305, 55.04826078854967], [-1.7178759928792715, 55.0504168382613], [-1.7141696801409125, 55.0504168382613], [-1.7129342425614595, 55.04969815502409], [-1.7116988049820065, 55.04969815502409], [-1.7104633674025536, 55.0504168382613], [-1.7092279298231006, 55.0504168382613], [-1.708610211033374, 55.050057496642694], [-1.708610211033374, 55.046464080456644], [-1.707374773453921, 55.045745397219434], [-1.707374773453921, 55.044308030745015], [-1.7067570546641946, 55.04394868912641], [-1.7042861795052886, 55.04394868912641], [-1.703668460715562, 55.043589347507805], [-1.703668460715562, 55.042151981033385], [-1.704903898295015, 55.041433297796175], [-1.703668460715562, 55.040714614558965], [-1.703668460715562, 55.037121198372915], [-1.7024330231361091, 55.036402515135705], [-1.7024330231361091, 55.035683831898496], [-1.7011975855566561, 55.034965148661286], [-1.7011975855566561, 55.034246465424076], [-1.6993444291874766, 55.03316844056826], [-1.6981089916080236, 55.03316844056826], [-1.6974912728182971, 55.033527782186866], [-1.6974912728182971, 55.034246465424076], [-1.6968735540285707, 55.03460580704268], [-1.6906963661313057, 55.03460580704268], [-1.6888432097621262, 55.033527782186866], [-1.6906963661313057, 55.03244975733105], [-1.6919318037107587, 55.03244975733105], [-1.6925495225004852, 55.032090415712446], [-1.6925495225004852, 55.031371732475236], [-1.6937849600799382, 55.030653049238026], [-1.6906963661313057, 55.028856341145], [-1.6894609285518527, 55.02957502438221], [-1.6869900533929467, 55.02957502438221], [-1.6857546158134937, 55.03029370761942], [-1.6839014594443142, 55.029215682763606], [-1.6839014594443142, 55.02777831628919], [-1.6851368970237672, 55.02705963305198], [-1.6845191782340407, 55.02670029143337], [-1.6820483030751348, 55.02670029143337], [-1.6814305842854083, 55.02634094981477], [-1.6814305842854083, 55.02490358334035], [-1.6808128654956818, 55.02454424172174], [-1.6783419903367758, 55.02454424172174], [-1.6758711151778698, 55.02598160819616], [-1.6721648024395108, 55.02598160819616], [-1.6703116460703313, 55.02705963305198], [-1.6703116460703313, 55.028496999526396], [-1.6709293648600578, 55.028856341145], [-1.6721648024395108, 55.028856341145], [-1.6727825212292373, 55.029215682763606], [-1.6727825212292373, 55.030653049238026], [-1.6746356775984168, 55.03173107409384], [-1.6758711151778698, 55.03173107409384], [-1.6777242715470493, 55.032809098949656], [-1.6771065527573228, 55.03316844056826], [-1.6734002400189638, 55.03316844056826], [-1.6721648024395108, 55.03388712380547], [-1.6709293648600578, 55.03388712380547], [-1.6690762084908783, 55.034965148661286], [-1.6690762084908783, 55.037121198372915], [-1.6709293648600578, 55.03819922322873], [-1.6721648024395108, 55.03819922322873], [-1.6746356775984168, 55.03676185675431], [-1.6752533963881433, 55.037121198372915], [-1.6752533963881433, 55.037839881610125], [-1.6771065527573228, 55.03891790646594], [-1.6783419903367758, 55.03891790646594], [-1.6795774279162288, 55.03819922322873], [-1.6814305842854083, 55.039277248084545], [-1.6795774279162288, 55.04035527294036], [-1.6771065527573228, 55.04035527294036], [-1.6764888339675963, 55.040714614558965], [-1.6764888339675963, 55.041433297796175], [-1.6752533963881433, 55.042151981033385], [-1.6752533963881433, 55.044308030745015], [-1.6764888339675963, 55.045026713982224], [-1.6764888339675963, 55.045745397219434], [-1.6771065527573228, 55.04610473883804], [-1.6808128654956818, 55.04610473883804], [-1.6814305842854083, 55.046464080456644], [-1.6814305842854083, 55.047182763693854], [-1.6820483030751348, 55.04754210531246], [-1.6832837406545877, 55.04754210531246], [-1.6839014594443142, 55.047901446931064], [-1.6839014594443142, 55.048620130168274], [-1.6857546158134937, 55.04969815502409], [-1.6882254909723997, 55.04969815502409], [-1.6906963661313057, 55.04826078854967], [-1.6919318037107587, 55.04826078854967], [-1.6937849600799382, 55.049338813405484], [-1.6937849600799382, 55.050057496642694], [-1.6944026788696647, 55.0504168382613], [-1.6968735540285707, 55.0504168382613], [-1.6974912728182971, 55.050776179879904], [-1.6974912728182971, 55.052213546354324], [-1.6968735540285707, 55.05257288797293], [-1.6944026788696647, 55.05257288797293], [-1.6937849600799382, 55.05293222959153], [-1.6937849600799382, 55.05436959606595], [-1.6913140849210322, 55.05580696254037], [-1.6913140849210322, 55.057963012252], [-1.6906963661313057, 55.05832235387061], [-1.6894609285518527, 55.05832235387061], [-1.6882254909723997, 55.05904103710782], [-1.6869900533929467, 55.05904103710782], [-1.6863723346032202, 55.05868169548921], [-1.6863723346032202, 55.057963012252], [-1.6845191782340407, 55.05688498739619], [-1.6814305842854083, 55.05868169548921], [-1.6814305842854083, 55.06011906196363], [-1.6820483030751348, 55.06047840358224], [-1.6832837406545877, 55.06047840358224], [-1.6839014594443142, 55.06083774520084], [-1.6839014594443142, 55.06155642843805], [-1.6820483030751348, 55.06263445329387], [-1.6808128654956818, 55.06263445329387], [-1.6795774279162288, 55.06191577005666], [-1.6783419903367758, 55.06191577005666], [-1.6771065527573228, 55.06119708681945], [-1.6758711151778698, 55.06119708681945], [-1.6746356775984168, 55.06047840358224], [-1.6709293648600578, 55.06047840358224], [-1.6696939272806048, 55.06119708681945], [-1.6672230521216989, 55.06119708681945], [-1.6666053333319724, 55.06083774520084], [-1.6666053333319724, 55.05940037872642], [-1.6659876145422459, 55.05904103710782], [-1.6635167393833399, 55.05904103710782], [-1.6628990205936134, 55.05868169548921], [-1.6628990205936134, 55.057963012252], [-1.662281301803887, 55.0576036706334], [-1.661045864224434, 55.0576036706334], [-1.6604281454347074, 55.05724432901479], [-1.6604281454347074, 55.05580696254037], [-1.659810426644981, 55.05544762092177], [-1.658574989065528, 55.05616630415898], [-1.657339551486075, 55.05616630415898], [-1.6567218326963484, 55.05580696254037], [-1.6567218326963484, 55.052213546354324], [-1.6579572702758014, 55.051494863117114], [-1.657339551486075, 55.05113552149851], [-1.653633238747716, 55.05113552149851], [-1.6517800823785365, 55.052213546354324], [-1.6517800823785365, 55.05365091282874], [-1.65116236358881, 55.05401025444735], [-1.649926926009357, 55.054100089852], [-1.646220613270998, 55.054100089852], [-1.642514300532639, 55.05481877308921], [-1.643749738112092, 55.05607646875433], [-1.6443674569018185, 55.05652564577758], [-1.643749738112092, 55.05688498739619], [-1.642514300532639, 55.05688498739619], [-1.6406611441634595, 55.057963012252], [-1.6406611441634595, 55.05940037872642], [-1.6381902690045536, 55.06083774520084], [-1.6381902690045536, 55.06227511167526], [-1.637572550214827, 55.06263445329387], [-1.636337112635374, 55.06191577005666], [-1.6357193938456476, 55.06227511167526], [-1.6357193938456476, 55.06299379491247], [-1.6369548314251006, 55.06371247814968], [-1.6369548314251006, 55.06586852786131], [-1.6381902690045536, 55.06658721109852], [-1.6369548314251006, 55.06730589433573], [-1.6394257065840065, 55.06874326081015], [-1.6381902690045536, 55.06946194404736], [-1.63880798779428, 55.06982128566597], [-1.640043425373733, 55.06982128566597], [-1.6406611441634595, 55.06946194404736], [-1.6406611441634595, 55.06730589433573], [-1.641278862953186, 55.06694655271713], [-1.6418965817429125, 55.06730589433573], [-1.6418965817429125, 55.06802457757294], [-1.642514300532639, 55.06838391919155], [-1.643749738112092, 55.06838391919155], [-1.6443674569018185, 55.06874326081015], [-1.6443674569018185, 55.07305536023341], [-1.643749738112092, 55.073414701852016], [-1.642514300532639, 55.073414701852016], [-1.6418965817429125, 55.07305536023341], [-1.6418965817429125, 55.07161799375899], [-1.641278862953186, 55.071258652140386], [-1.640043425373733, 55.071258652140386], [-1.6344839562661946, 55.07449272670783], [-1.6344839562661946, 55.07593009318225], [-1.6357193938456476, 55.07664877641946], [-1.6357193938456476, 55.07736745965667], [-1.6332485186867416, 55.07880482613109], [-1.6332485186867416, 55.0795235093683], [-1.6320130811072886, 55.08024219260551], [-1.6320130811072886, 55.08096087584272], [-1.635101675055921, 55.082757583935745], [-1.637572550214827, 55.082757583935745], [-1.6381902690045536, 55.08311692555435], [-1.6381902690045536, 55.08527297526598], [-1.6369548314251006, 55.08599165850319], [-1.6369548314251006, 55.08742902497761], [-1.636337112635374, 55.087788366596214], [-1.635101675055921, 55.087069683359005], [-1.6344839562661946, 55.08742902497761], [-1.6344839562661946, 55.08958507468924], [-1.6332485186867416, 55.09030375792645], [-1.6332485186867416, 55.09174112440087], [-1.6320130811072886, 55.09245980763808], [-1.6320130811072886, 55.09461585734971], [-1.631395362317562, 55.094975198968314], [-1.6289244871586561, 55.094975198968314], [-1.6264536119997501, 55.093537832493894], [-1.6252181744202971, 55.093537832493894], [-1.6246004556305707, 55.0938971741125], [-1.6246004556305707, 55.09461585734971], [-1.6252181744202971, 55.094975198968314], [-1.6264536119997501, 55.094975198968314], [-1.6270713307894766, 55.09533454058692], [-1.6270713307894766, 55.09749059029855], [-1.6276890495792031, 55.09784993191715], [-1.6295422059483826, 55.09677190706134], [-1.6295422059483826, 55.09605322382413], [-1.6301599247381091, 55.09569388220552], [-1.6307776435278356, 55.09605322382413], [-1.6307776435278356, 55.09964664001018], [-1.6295422059483826, 55.10036532324739], [-1.6301599247381091, 55.10072466486599], [-1.631395362317562, 55.10072466486599], [-1.6320130811072886, 55.1010840064846], [-1.631395362317562, 55.1014433481032], [-1.6301599247381091, 55.1014433481032], [-1.6295422059483826, 55.10180268972181], [-1.6295422059483826, 55.10324005619623], [-1.6301599247381091, 55.10359939781483], [-1.632630799897015, 55.10359939781483], [-1.6332485186867416, 55.10395873943344], [-1.6332485186867416, 55.10611478914507], [-1.632630799897015, 55.10647413076367], [-1.631395362317562, 55.10647413076367], [-1.6295422059483826, 55.10755215561949], [-1.6295422059483826, 55.11042688856833], [-1.6301599247381091, 55.11078623018693], [-1.631395362317562, 55.11006754694972], [-1.633866237476468, 55.11006754694972], [-1.6357193938456476, 55.11114557180554], [-1.6344839562661946, 55.11186425504275], [-1.6344839562661946, 55.11258293827996], [-1.633866237476468, 55.11294227989856], [-1.632630799897015, 55.11294227989856], [-1.6320130811072886, 55.11330162151717], [-1.6320130811072886, 55.115457671228796], [-1.631395362317562, 55.1158170128474], [-1.6301599247381091, 55.1158170128474], [-1.6295422059483826, 55.116176354466006], [-1.6295422059483826, 55.116895037703216], [-1.6307776435278356, 55.117613720940426], [-1.6307776435278356, 55.119051087414846], [-1.6295422059483826, 55.119769770652056], [-1.6295422059483826, 55.120488453889266], [-1.6276890495792031, 55.12156647874508], [-1.6264536119997501, 55.12084779550787], [-1.6252181744202971, 55.12084779550787], [-1.6239827368408442, 55.12156647874508], [-1.6227472992613912, 55.12156647874508], [-1.6221295804716647, 55.121925820363685], [-1.6221295804716647, 55.122644503600895], [-1.6215118616819382, 55.1230038452195], [-1.6202764241024852, 55.1230038452195], [-1.6178055489435792, 55.12156647874508], [-1.6165701113641262, 55.12156647874508], [-1.6153346737846732, 55.12228516198229], [-1.6140992362052202, 55.12228516198229], [-1.6134815174154937, 55.122644503600895], [-1.6134815174154937, 55.124081870075315], [-1.6116283610463142, 55.12515989493113], [-1.6091574858874083, 55.12515989493113], [-1.6085397670976818, 55.125519236549735], [-1.6085397670976818, 55.127675286261365], [-1.6073043295182288, 55.128393969498575], [-1.6073043295182288, 55.129831335972995], [-1.6066866107285023, 55.1301906775916], [-1.6054511731490493, 55.1301906775916], [-1.6048334543593228, 55.130550019210204], [-1.6054511731490493, 55.13090936082881], [-1.6091574858874083, 55.13090936082881], [-1.6103929234668612, 55.13162804406602], [-1.6116283610463142, 55.13162804406602], [-1.6122460798360407, 55.131987385684624], [-1.6110106422565877, 55.132706068921834], [-1.6110106422565877, 55.133424752159044], [-1.6103929234668612, 55.13378409377765], [-1.6091574858874083, 55.13378409377765], [-1.6066866107285023, 55.13522146025207], [-1.6054511731490493, 55.13522146025207], [-1.6042157355695963, 55.13450277701486], [-1.6029802979901433, 55.13450277701486], [-1.6023625792004168, 55.134862118633464], [-1.6023625792004168, 55.13917421805672], [-1.6011271416209638, 55.13989290129393], [-1.6011271416209638, 55.14133026776835], [-1.6005094228312373, 55.14168960938696], [-1.5992739852517843, 55.14168960938696], [-1.5980385476723313, 55.14097092614975], [-1.5968031100928783, 55.14097092614975], [-1.5961853913031518, 55.14061158453114], [-1.5961853913031518, 55.13917421805672], [-1.5949499537236989, 55.138455534819514], [-1.5949499537236989, 55.137018168345094], [-1.5924790785647929, 55.135580801870674], [-1.5924790785647929, 55.134862118633464], [-1.5918613597750664, 55.13450277701486], [-1.5906259221956134, 55.13450277701486], [-1.5900082034058869, 55.134143435396254], [-1.5912436409853399, 55.133424752159044], [-1.5906259221956134, 55.13306541054044], [-1.5869196094572544, 55.13306541054044], [-1.586301890667528, 55.132706068921834], [-1.586301890667528, 55.131987385684624], [-1.587537328246981, 55.131268702447414], [-1.587537328246981, 55.128393969498575], [-1.586301890667528, 55.127675286261365], [-1.5869196094572544, 55.12731594464276], [-1.5881550470367074, 55.12731594464276], [-1.588772765826434, 55.127675286261365], [-1.588772765826434, 55.128393969498575], [-1.5893904846161604, 55.12875331111718], [-1.5906259221956134, 55.12875331111718], [-1.5912436409853399, 55.128393969498575], [-1.5912436409853399, 55.126956603024155], [-1.5924790785647929, 55.126237919786945], [-1.5924790785647929, 55.124800553312525], [-1.5930967973545194, 55.12444121169392], [-1.5943322349339724, 55.12444121169392], [-1.5949499537236989, 55.124081870075315], [-1.5949499537236989, 55.123363186838105], [-1.5961853913031518, 55.122644503600895], [-1.5961853913031518, 55.120488453889266], [-1.5974208288826048, 55.119769770652056], [-1.5974208288826048, 55.119051087414846], [-1.5980385476723313, 55.11869174579624], [-1.6017448604106903, 55.11869174579624], [-1.6029802979901433, 55.11941042903345], [-1.6066866107285023, 55.11941042903345], [-1.6079220483079553, 55.12012911227066], [-1.6091574858874083, 55.12012911227066], [-1.6097752046771348, 55.119769770652056], [-1.6097752046771348, 55.119051087414846], [-1.6110106422565877, 55.118332404177636], [-1.6110106422565877, 55.11258293827996], [-1.6097752046771348, 55.11186425504275], [-1.6116283610463142, 55.11078623018693], [-1.6128637986257672, 55.11150491342414], [-1.6153346737846732, 55.11150491342414], [-1.6159523925743997, 55.11114557180554], [-1.6159523925743997, 55.10898952209391], [-1.6140992362052202, 55.10791149723809], [-1.6116283610463142, 55.10791149723809], [-1.6091574858874083, 55.10934886371251], [-1.6079220483079553, 55.1086301804753], [-1.6066866107285023, 55.1086301804753], [-1.6048334543593228, 55.10755215561949], [-1.6048334543593228, 55.10611478914507], [-1.6060688919387758, 55.10539610590786], [-1.6060688919387758, 55.10467742267065], [-1.6079220483079553, 55.10359939781483], [-1.6091574858874083, 55.10359939781483], [-1.6097752046771348, 55.10324005619623], [-1.6097752046771348, 55.10252137295902], [-1.6073043295182288, 55.1010840064846], [-1.6073043295182288, 55.09892795677297], [-1.6060688919387758, 55.09820927353576], [-1.6060688919387758, 55.09677190706134], [-1.6091574858874083, 55.094975198968314], [-1.6103929234668612, 55.094975198968314], [-1.6110106422565877, 55.09461585734971], [-1.6110106422565877, 55.09317849087529], [-1.6085397670976818, 55.09174112440087], [-1.6085397670976818, 55.09030375792645], [-1.6079220483079553, 55.089944416307844], [-1.6066866107285023, 55.089944416307844], [-1.6054511731490493, 55.089225733070634], [-1.6042157355695963, 55.089225733070634], [-1.6029802979901433, 55.088507049833424], [-1.6011271416209638, 55.08958507468924], [-1.6011271416209638, 55.09030375792645], [-1.5986562664620578, 55.09174112440087], [-1.5986562664620578, 55.09317849087529], [-1.5980385476723313, 55.093537832493894], [-1.5968031100928783, 55.093537832493894], [-1.5930967973545194, 55.09569388220552], [-1.5918613597750664, 55.09569388220552], [-1.5912436409853399, 55.09605322382413], [-1.5912436409853399, 55.09677190706134], [-1.5900082034058869, 55.09749059029855], [-1.5900082034058869, 55.09892795677297], [-1.582595577929169, 55.10324005619623], [-1.582595577929169, 55.10395873943344], [-1.5819778591394424, 55.10431808105204], [-1.5807424215599895, 55.10359939781483], [-1.5782715464010835, 55.10359939781483], [-1.5770361088216305, 55.10431808105204], [-1.5758006712421775, 55.10431808105204], [-1.5745652336627245, 55.10503676428925], [-1.5733297960832715, 55.10503676428925], [-1.5720943585038185, 55.10575544752646], [-1.5696234833449125, 55.10575544752646], [-1.569005764555186, 55.10539610590786], [-1.569005764555186, 55.10395873943344], [-1.5683880457654595, 55.10359939781483], [-1.5671526081860065, 55.10359939781483], [-1.56653488939628, 55.10324005619623], [-1.56653488939628, 55.1010840064846], [-1.5659171706065536, 55.10072466486599], [-1.5646817330271006, 55.10072466486599], [-1.564064014237374, 55.1010840064846], [-1.564064014237374, 55.10252137295902], [-1.562828576657921, 55.10324005619623], [-1.562828576657921, 55.10467742267065], [-1.5622108578681946, 55.10503676428925], [-1.5609754202887416, 55.10431808105204], [-1.5597399827092886, 55.10503676428925], [-1.5585045451298356, 55.10503676428925], [-1.557886826340109, 55.10467742267065], [-1.557886826340109, 55.10395873943344], [-1.5560336699709296, 55.10288071457762], [-1.5547982323914766, 55.10288071457762], [-1.5541805136017501, 55.10252137295902], [-1.5541805136017501, 55.10180268972181], [-1.5535627948120236, 55.1014433481032], [-1.5523273572325706, 55.10216203134041], [-1.5510919196531177, 55.10216203134041], [-1.5504742008633912, 55.10180268972181], [-1.5510919196531177, 55.1014433481032], [-1.5523273572325706, 55.1014433481032], [-1.5529450760222971, 55.1010840064846], [-1.5529450760222971, 55.09964664001018], [-1.5541805136017501, 55.09892795677297], [-1.5541805136017501, 55.09820927353576], [-1.5585045451298356, 55.09569388220552], [-1.5609754202887416, 55.09569388220552], [-1.561593139078468, 55.09605322382413], [-1.561593139078468, 55.09749059029855], [-1.5622108578681946, 55.09784993191715], [-1.5634462954476476, 55.09784993191715], [-1.564064014237374, 55.09749059029855], [-1.562828576657921, 55.09677190706134], [-1.5634462954476476, 55.09641256544273], [-1.5646817330271006, 55.09713124867994], [-1.56653488939628, 55.09605322382413], [-1.56653488939628, 55.0938971741125], [-1.5659171706065536, 55.093537832493894], [-1.5634462954476476, 55.093537832493894], [-1.562828576657921, 55.09317849087529], [-1.564064014237374, 55.09245980763808], [-1.564064014237374, 55.09174112440087], [-1.56653488939628, 55.09030375792645], [-1.56653488939628, 55.0867103417404], [-1.567770326975733, 55.08599165850319], [-1.567770326975733, 55.08527297526598], [-1.5671526081860065, 55.084913633647375], [-1.5646817330271006, 55.084913633647375], [-1.561593139078468, 55.08311692555435], [-1.561593139078468, 55.08239824231714], [-1.5597399827092886, 55.081320217461325], [-1.5585045451298356, 55.081320217461325], [-1.557886826340109, 55.08096087584272], [-1.557886826340109, 55.08024219260551], [-1.559122263919562, 55.0795235093683], [-1.559122263919562, 55.07880482613109], [-1.560357701499015, 55.07808614289388], [-1.560357701499015, 55.07736745965667], [-1.561593139078468, 55.07664877641946], [-1.561593139078468, 55.07593009318225], [-1.5634462954476476, 55.074852068326436], [-1.5646817330271006, 55.074852068326436], [-1.5659171706065536, 55.074133385089226], [-1.56653488939628, 55.07449272670783], [-1.56653488939628, 55.07521140994504], [-1.5671526081860065, 55.075570751563646], [-1.5696234833449125, 55.074133385089226], [-1.5708589209243655, 55.074852068326436], [-1.572712077293545, 55.07377404347062], [-1.572712077293545, 55.07161799375899], [-1.5720943585038185, 55.071258652140386], [-1.5683880457654595, 55.071258652140386], [-1.567770326975733, 55.07089931052178], [-1.567770326975733, 55.07018062728457], [-1.5671526081860065, 55.06982128566597], [-1.5659171706065536, 55.06982128566597], [-1.564064014237374, 55.06874326081015], [-1.564064014237374, 55.06730589433573], [-1.565299451816827, 55.06658721109852], [-1.565299451816827, 55.06586852786131], [-1.5659171706065536, 55.06550918624271], [-1.56653488939628, 55.06586852786131], [-1.56653488939628, 55.06658721109852], [-1.5671526081860065, 55.06694655271713], [-1.5683880457654595, 55.06694655271713], [-1.569005764555186, 55.06658721109852], [-1.569005764555186, 55.06586852786131], [-1.56653488939628, 55.06443116138689], [-1.56653488939628, 55.06371247814968], [-1.565299451816827, 55.06299379491247], [-1.567770326975733, 55.06155642843805], [-1.567770326975733, 55.06083774520084], [-1.5659171706065536, 55.05975972034503], [-1.5646817330271006, 55.05975972034503], [-1.5634462954476476, 55.06047840358224], [-1.5622108578681946, 55.06047840358224], [-1.560357701499015, 55.05940037872642], [-1.5609754202887416, 55.05904103710782], [-1.5622108578681946, 55.05975972034503], [-1.5634462954476476, 55.05904103710782], [-1.5646817330271006, 55.05904103710782], [-1.565299451816827, 55.05868169548921], [-1.565299451816827, 55.05724432901479], [-1.5659171706065536, 55.05688498739619], [-1.5671526081860065, 55.05688498739619], [-1.567770326975733, 55.05652564577758], [-1.5671526081860065, 55.05616630415898], [-1.5659171706065536, 55.05616630415898], [-1.565299451816827, 55.05580696254037], [-1.565299451816827, 55.05508827930316], [-1.564064014237374, 55.05436959606595], [-1.564064014237374, 55.05365091282874], [-1.5646817330271006, 55.05329157121014], [-1.5659171706065536, 55.05329157121014], [-1.56653488939628, 55.05293222959153], [-1.5646817330271006, 55.05185420473572], [-1.5634462954476476, 55.05185420473572], [-1.562828576657921, 55.051494863117114], [-1.564064014237374, 55.050776179879904], [-1.564064014237374, 55.050057496642694], [-1.565299451816827, 55.049338813405484], [-1.5646817330271006, 55.04897947178688], [-1.5634462954476476, 55.04897947178688], [-1.562828576657921, 55.048620130168274], [-1.562828576657921, 55.047901446931064], [-1.560357701499015, 55.046464080456644], [-1.560357701499015, 55.045745397219434], [-1.5597399827092886, 55.04538605560083], [-1.5585045451298356, 55.04538605560083], [-1.5572691075503826, 55.04610473883804], [-1.5560336699709296, 55.04610473883804], [-1.5554159511812031, 55.045745397219434], [-1.5554159511812031, 55.043589347507805], [-1.5541805136017501, 55.042870664270595], [-1.5541805136017501, 55.042151981033385], [-1.5523273572325706, 55.04107395617757], [-1.5486210444942117, 55.04107395617757], [-1.5461501693353057, 55.03963658970315], [-1.5436792941763997, 55.03963658970315], [-1.5430615753866732, 55.039995931321755], [-1.5442970129661262, 55.040714614558965], [-1.5430615753866732, 55.041433297796175], [-1.5430615753866732, 55.042151981033385], [-1.5449147317558527, 55.0432300058892], [-1.5461501693353057, 55.0432300058892], [-1.5486210444942117, 55.04466737236362], [-1.5498564820736647, 55.04466737236362], [-1.5504742008633912, 55.045026713982224], [-1.5504742008633912, 55.046464080456644], [-1.5498564820736647, 55.04682342207525], [-1.5486210444942117, 55.04682342207525], [-1.5473856069147587, 55.04754210531246], [-1.5461501693353057, 55.04754210531246], [-1.5449147317558527, 55.04826078854967], [-1.5436792941763997, 55.04826078854967], [-1.5399729814380407, 55.04610473883804], [-1.5387375438585877, 55.04610473883804], [-1.5381198250688612, 55.046464080456644], [-1.5381198250688612, 55.049338813405484], [-1.5362666686996818, 55.0504168382613], [-1.5325603559613228, 55.0504168382613], [-1.5319426371715963, 55.050057496642694], [-1.5319426371715963, 55.047182763693854], [-1.5313249183818698, 55.04682342207525], [-1.5300894808024168, 55.04754210531246], [-1.5294717620126903, 55.047182763693854], [-1.5294717620126903, 55.046464080456644], [-1.5288540432229638, 55.04610473883804], [-1.5276186056435108, 55.04610473883804], [-1.5270008868537843, 55.046464080456644], [-1.5270008868537843, 55.047182763693854], [-1.5263831680640578, 55.04754210531246], [-1.5251477304846048, 55.04754210531246], [-1.5226768553256989, 55.04610473883804], [-1.5220591365359724, 55.046464080456644], [-1.5220591365359724, 55.047182763693854], [-1.5214414177462459, 55.04754210531246], [-1.5202059801667929, 55.04754210531246], [-1.5195882613770664, 55.047182763693854], [-1.5195882613770664, 55.046464080456644], [-1.5177351050078869, 55.04538605560083], [-1.515264229848981, 55.04538605560083], [-1.5121756359003484, 55.047182763693854], [-1.5121756359003484, 55.047901446931064], [-1.507851604372263, 55.0504168382613], [-1.5072338855825365, 55.050057496642694], [-1.5072338855825365, 55.048620130168274], [-1.505380729213357, 55.04754210531246], [-1.5035275728441775, 55.048620130168274], [-1.5035275728441775, 55.049338813405484], [-1.502909854054451, 55.04969815502409], [-1.501674416474998, 55.04969815502409], [-1.5010566976852715, 55.050057496642694], [-1.5010566976852715, 55.050776179879904], [-1.4998212601058185, 55.051494863117114], [-1.4998212601058185, 55.052213546354324], [-1.497968103736639, 55.05329157121014], [-1.495497228577733, 55.05185420473572], [-1.49426179099828, 55.05185420473572], [-1.493026353418827, 55.05257288797293], [-1.491790915839374, 55.05257288797293], [-1.4911731970496476, 55.052213546354324], [-1.4911731970496476, 55.050776179879904], [-1.4899377594701946, 55.050057496642694], [-1.4899377594701946, 55.048620130168274], [-1.489320040680468, 55.04826078854967], [-1.486849165521562, 55.04969815502409], [-1.4819074152037501, 55.04969815502409], [-1.4794365400448442, 55.04826078854967], [-1.4782011024653912, 55.04897947178688], [-1.4757302273064852, 55.04754210531246], [-1.4744947897270322, 55.04754210531246], [-1.4732593521475792, 55.04682342207525], [-1.4707884769886732, 55.04682342207525], [-1.4701707581989467, 55.047182763693854], [-1.4701707581989467, 55.048620130168274], [-1.4689353206194937, 55.049338813405484], [-1.4689353206194937, 55.050057496642694], [-1.4676998830400407, 55.050776179879904], [-1.4689353206194937, 55.051494863117114], [-1.4689353206194937, 55.05365091282874], [-1.4683176018297672, 55.05401025444735], [-1.4670821642503142, 55.05401025444735], [-1.4658467266708612, 55.05329157121014], [-1.4652290078811347, 55.05365091282874], [-1.4652290078811347, 55.05436959606595], [-1.4664644454605877, 55.05508827930316], [-1.4633758515119553, 55.05688498739619], [-1.4621404139325023, 55.05688498739619], [-1.4615226951427758, 55.05724432901479], [-1.4615226951427758, 55.057963012252], [-1.4627581327222288, 55.05868169548921], [-1.4627581327222288, 55.05940037872642], [-1.4639935703016818, 55.06011906196363], [-1.4627581327222288, 55.06083774520084], [-1.4627581327222288, 55.06227511167526], [-1.4633758515119553, 55.06263445329387], [-1.4646112890914083, 55.06191577005666], [-1.4664644454605877, 55.06299379491247], [-1.4664644454605877, 55.06443116138689], [-1.4639935703016818, 55.06586852786131], [-1.4652290078811347, 55.06658721109852], [-1.4646112890914083, 55.06694655271713], [-1.4633758515119553, 55.06622786947992], [-1.4621404139325023, 55.06694655271713], [-1.4609049763530493, 55.06622786947992], [-1.4596695387735963, 55.06622786947992], [-1.4584341011941433, 55.06694655271713], [-1.4571986636146903, 55.06694655271713], [-1.4559632260352373, 55.06622786947992], [-1.4547277884557843, 55.06622786947992], [-1.4541100696660578, 55.06586852786131], [-1.4539556399686262, 55.0651498446241], [-1.4539556399686262, 55.06155642843805], [-1.4514847648097202, 55.05724432901479], [-1.4502493272302672, 55.05365091282874], [-1.4490138896508142, 55.052213546354324], [-1.4453075769124553, 55.048620130168274], [-1.4440721393330023, 55.047182763693854], [-1.4337253496050835, 55.04188247481943], [-1.4317177635384724, 55.040714614558965], [-1.4292468883795664, 55.037839881610125], [-1.4292468883795664, 55.037121198372915], [-1.4304823259590194, 55.035683831898496], [-1.4300190368667245, 55.03397695921012], [-1.4292468883795664, 55.033527782186866], [-1.4280114508001134, 55.028496999526396], [-1.4267760132206604, 55.02705963305198], [-1.4230697004823014, 55.02346621686593], [-1.4213709738105536, 55.02319671065197], [-1.4201355362311006, 55.02319671065197], [-1.4193633877439424, 55.02274753362872], [-1.4164292234927416, 55.018884611228714], [-1.4156570750055835, 55.01843543420546], [-1.4156570750055835, 55.01484201801941], [-1.4164292234927416, 55.01439284099615], [-1.4213709738105536, 55.01367415775894], [-1.4263127241283655, 55.01367415775894], [-1.4317177635384724, 55.00981123535894], [-1.4337253496050835, 55.00864337509847], [-1.4374316623434424, 55.00792469186126], [-1.4399025375023484, 55.00720600862405], [-1.4428367017535493, 55.00549913593568], [-1.4440721393330023, 55.00406176946126], [-1.4453075769124553, 54.99903098680079], [-1.4465430144919083, 54.99759362032637], [-1.4465430144919083, 54.99615625385195], [-1.4477784520713612, 54.99400020414032], [-1.4502493272302672, 54.99184415442869], [-1.4510214757174253, 54.991484812810086], [-1.4516391945071518, 54.99040678795427], [-1.4522569132968783, 54.989957610931015], [-1.4534923508763313, 54.989957610931015], [-1.4541100696660578, 54.99040678795427], [-1.4553455072455108, 54.99112547119148], [-1.4553455072455108, 54.99184415442869], [-1.4571986636146903, 54.992922179284506], [-1.4578163824044168, 54.9925628376659], [-1.4578163824044168, 54.99112547119148], [-1.4565809448249638, 54.99040678795427], [-1.4571986636146903, 54.990047446335666], [-1.4584341011941433, 54.990766129572876], [-1.4590518199838698, 54.98896942147985], [-1.4596695387735963, 54.988520244456595], [-1.4633758515119553, 54.988520244456595], [-1.4646112890914083, 54.989238927693805], [-1.4652290078811347, 54.98968810471706], [-1.4652290078811347, 54.9925628376659], [-1.4664644454605877, 54.99328152090311], [-1.4664644454605877, 54.99400020414032], [-1.4683176018297672, 54.995078228996135], [-1.4689353206194937, 54.99471888737753], [-1.4689353206194937, 54.9925628376659], [-1.4695530394092202, 54.992203496047296], [-1.4707884769886732, 54.992203496047296], [-1.4714061957783997, 54.98968810471706], [-1.4720239145681262, 54.989238927693805], [-1.4819074152037501, 54.987801561219385], [-1.488084603101015, 54.987801561219385], [-1.502909854054451, 54.988520244456595], [-1.505380729213357, 54.988520244456595], [-1.507851604372263, 54.987801561219385], [-1.510322479531169, 54.987801561219385], [-1.5214414177462459, 54.987082877982175], [-1.5288540432229638, 54.984926828270545], [-1.5305527698947117, 54.98393863881938], [-1.5330236450536177, 54.98106390587054], [-1.5342590826330706, 54.9781891729217], [-1.5354945202125236, 54.97172102378681], [-1.5362666686996818, 54.97136168216821], [-1.5381198250688612, 54.97028365731239], [-1.5356489499099553, 54.96884629083797], [-1.5356489499099553, 54.96740892436355], [-1.5362666686996818, 54.9669597473403], [-1.5367299577919766, 54.965252874651924], [-1.5379653953714296, 54.963815508177504], [-1.5387375438585877, 54.96336633115425], [-1.5399729814380407, 54.9634561665589], [-1.5412084190174937, 54.96273748332169], [-1.5424438565969467, 54.9634561665589], [-1.5430615753866732, 54.962378141703084], [-1.5436792941763997, 54.96192896467983], [-1.5510919196531177, 54.9597729149682], [-1.5547982323914766, 54.9597729149682], [-1.5609754202887416, 54.96264764791704], [-1.5634462954476476, 54.9634561665589], [-1.5642184439348057, 54.963815508177504], [-1.5683880457654595, 54.96480369762867], [-1.5746681690216064, 54.964805603027344], [-1.5720943585038185, 54.96426468520076], [-1.5696234833449125, 54.96426468520076], [-1.5671526081860065, 54.96354600196355], [-1.56653488939628, 54.963096824940294], [-1.56653488939628, 54.962378141703084], [-1.565299451816827, 54.961659458465874], [-1.56653488939628, 54.960940775228664], [-1.564064014237374, 54.959503408754244], [-1.564064014237374, 54.958784725517035], [-1.5634462954476476, 54.95842538389843], [-1.5609754202887416, 54.95842538389843], [-1.560357701499015, 54.958784725517035], [-1.560357701499015, 54.959503408754244], [-1.561593139078468, 54.960222091991454], [-1.561593139078468, 54.960940775228664], [-1.5609754202887416, 54.96138995225192], [-1.5535627948120236, 54.95851521930308], [-1.5486210444942117, 54.9599525857775], [-1.5412084190174937, 54.96067126901471], [-1.5375021062791348, 54.96138995225192], [-1.534567942027934, 54.963815508177504], [-1.5337957935407758, 54.96417484979611], [-1.5325603559613228, 54.96489353303332], [-1.5319426371715963, 54.964534191414714], [-1.5319426371715963, 54.963815508177504], [-1.5313249183818698, 54.9634561665589], [-1.5307071995921433, 54.963815508177504], [-1.533332504448481, 54.966690241126344], [-1.533332504448481, 54.9710023405496], [-1.5325603559613228, 54.97136168216821], [-1.5319426371715963, 54.97172102378681], [-1.533332504448481, 54.97459575673565], [-1.530861629289575, 54.98034522263333], [-1.529626191710122, 54.98178258910775], [-1.5276186056435108, 54.98295044936822], [-1.5263831680640578, 54.98295044936822], [-1.5257654492743313, 54.98250127234496], [-1.5251477304846048, 54.98214193072636], [-1.5239122929051518, 54.98214193072636], [-1.5232945741154253, 54.98250127234496], [-1.5245300116948783, 54.98321995558217], [-1.523449003812857, 54.98465732205659], [-1.5226768553256989, 54.98510649907985], [-1.5202059801667929, 54.98582518231706], [-1.512793354690075, 54.98654386555427], [-1.511557917110622, 54.98654386555427], [-1.504145291633904, 54.986454030149616], [-1.502909854054451, 54.98654386555427], [-1.4732593521475792, 54.98654386555427], [-1.4715606254758313, 54.98609468853101], [-1.4707884769886732, 54.986454030149616], [-1.4695530394092202, 54.98654386555427], [-1.4646112890914083, 54.98510649907985], [-1.4609049763530493, 54.98510649907985], [-1.4584341011941433, 54.98582518231706], [-1.4571986636146903, 54.98582518231706], [-1.4559632260352373, 54.985735346912406], [-1.4534923508763313, 54.986454030149616], [-1.4522569132968783, 54.98654386555427], [-1.4493227490456775, 54.98753205500543], [-1.4485506005585194, 54.987891396624036], [-1.4473151629790664, 54.987891396624036], [-1.4479328817687929, 54.98896942147985], [-1.4473151629790664, 54.98941859850311], [-1.4468518738867715, 54.99040678795427], [-1.4456164363073185, 54.9925628376659], [-1.4448442878201604, 54.99301201468916], [-1.4406746859895065, 54.999749670038], [-1.4406746859895065, 55.00334308622405], [-1.4361962247639894, 55.005948312958935], [-1.4324899120256305, 55.006666996196145], [-1.431872193235904, 55.00621781917289], [-1.4312544744461775, 55.005858477554284], [-1.430636755656451, 55.00621781917289], [-1.430636755656451, 55.0069365024101], [-1.4300190368667245, 55.007295844028704], [-1.4263127241283655, 55.007295844028704], [-1.4255405756412074, 55.0069365024101], [-1.4230697004823014, 55.00549913593568], [-1.4147304968209937, 55.00549913593568], [-1.4139583483338356, 55.005858477554284], [-1.413340629544109, 55.00549913593568], [-1.4139583483338356, 55.00504995891242], [-1.4131861998466775, 55.00334308622405], [-1.4119507622672245, 55.00118703651242], [-1.4107153246877715, 54.999749670038], [-1.4070090119494125, 54.99615625385195], [-1.4016039725393057, 54.99373069792637], [-1.4008318240521476, 54.99328152090311], [-1.3966622222214937, 54.99157464821474], [-1.3941913470625877, 54.99085596497753], [-1.3935736282728612, 54.99040678795427], [-1.3935736282728612, 54.98825073824264], [-1.3923381906934083, 54.98753205500543], [-1.3935736282728612, 54.98681337176822], [-1.3935736282728612, 54.98465732205659], [-1.3929559094831347, 54.98429798043799], [-1.3917204719036818, 54.98429798043799], [-1.3904850343242288, 54.9850166636752], [-1.3880141591653228, 54.98357929720078], [-1.3873964403755963, 54.98393863881938], [-1.3873964403755963, 54.98465732205659], [-1.3867787215858698, 54.9850166636752], [-1.3861610027961433, 54.98465732205659], [-1.3861610027961433, 54.98393863881938], [-1.3873964403755963, 54.98321995558217], [-1.3855432840064168, 54.98214193072636], [-1.3843078464269638, 54.98214193072636], [-1.3836901276372373, 54.98178258910775], [-1.3836901276372373, 54.98106390587054], [-1.3818369712680578, 54.98070456425194], [-1.3810648227808997, 54.98034522263333], [-1.3748876348836347, 54.97675180644728], [-1.3744243457913399, 54.97576361699612], [-1.3738066270016134, 54.97531443997286], [-1.3738066270016134, 54.97459575673565], [-1.3750420645810664, 54.97387707349844], [-1.3750420645810664, 54.97315839026123], [-1.371953470632434, 54.97136168216821], [-1.370718033052981, 54.97208036540542], [-1.369482595473528, 54.97208036540542], [-1.3688648766838014, 54.97243970702402], [-1.3688648766838014, 54.97315839026123], [-1.368247157894075, 54.97351773187984], [-1.3674750094069168, 54.97315839026123], [-1.367011720314622, 54.97288888404728], [-1.364540845155716, 54.97279904864263], [-1.3637686966685578, 54.97243970702402], [-1.36206996999681, 54.97217020081007], [-1.3600623839301988, 54.9710023405496], [-1.3600623839301988, 54.96884629083797], [-1.3575915087712929, 54.966690241126344], [-1.357128219678998, 54.96570205167518], [-1.3565105008892715, 54.965252874651924], [-1.3563560711918399, 54.964534191414714], [-1.3551206336123869, 54.962378141703084], [-1.353885196032934, 54.958066042279825], [-1.353885196032934, 54.956628675805405], [-1.354657344520092, 54.9562693341868], [-1.3552750633098185, 54.954472626093775], [-1.355892782099545, 54.95402344907052], [-1.3563560711918399, 54.949441843433306], [-1.3600623839301988, 54.946567110484466], [-1.3637686966685578, 54.94225501106121], [-1.3662395718274638, 54.93866159487516], [-1.3662395718274638, 54.93219344574027], [-1.3650041342480108, 54.93075607926585], [-1.3650041342480108, 54.93003739602864], [-1.3662395718274638, 54.92788134631701], [-1.3650041342480108, 54.92500661336817], [-1.3625332590891048, 54.92213188041933]], [[-1.6190409865230322, 55.077726801275276], [-1.6202764241024852, 55.077726801275276], [-1.6208941428922117, 55.07736745965667], [-1.6196587053127587, 55.07664877641946], [-1.6196587053127587, 55.07593009318225], [-1.6184232677333057, 55.07521140994504], [-1.6184232677333057, 55.07377404347062], [-1.6190409865230322, 55.073414701852016], [-1.6202764241024852, 55.073414701852016], [-1.6208941428922117, 55.07305536023341], [-1.6202764241024852, 55.072696018614806], [-1.6190409865230322, 55.072696018614806], [-1.6184232677333057, 55.0723366769962], [-1.6184232677333057, 55.07018062728457], [-1.6171878301538527, 55.06946194404736], [-1.6196587053127587, 55.06802457757294], [-1.6190409865230322, 55.06766523595434], [-1.6178055489435792, 55.06766523595434], [-1.6171878301538527, 55.06730589433573], [-1.6171878301538527, 55.06658721109852], [-1.6202764241024852, 55.0647905030055], [-1.6227472992613912, 55.0647905030055], [-1.6233650180511177, 55.06443116138689], [-1.6233650180511177, 55.06155642843805], [-1.6227472992613912, 55.06119708681945], [-1.6178055489435792, 55.06119708681945], [-1.6171878301538527, 55.06083774520084], [-1.6171878301538527, 55.06011906196363], [-1.6165701113641262, 55.05975972034503], [-1.6128637986257672, 55.05975972034503], [-1.6116283610463142, 55.05904103710782], [-1.6091574858874083, 55.05904103710782], [-1.6073043295182288, 55.06011906196363], [-1.6079220483079553, 55.06047840358224], [-1.6091574858874083, 55.06047840358224], [-1.6097752046771348, 55.06083774520084], [-1.6097752046771348, 55.06299379491247], [-1.6091574858874083, 55.06335313653108], [-1.6066866107285023, 55.06335313653108], [-1.6048334543593228, 55.06443116138689], [-1.6048334543593228, 55.06586852786131], [-1.6054511731490493, 55.06622786947992], [-1.6066866107285023, 55.06622786947992], [-1.6073043295182288, 55.06658721109852], [-1.6073043295182288, 55.06730589433573], [-1.6054511731490493, 55.06838391919155], [-1.6042157355695963, 55.06766523595434], [-1.6035980167798698, 55.06802457757294], [-1.6035980167798698, 55.07089931052178], [-1.5998917040415108, 55.07305536023341], [-1.5998917040415108, 55.07593009318225], [-1.6023625792004168, 55.07736745965667], [-1.6023625792004168, 55.0795235093683], [-1.6011271416209638, 55.08024219260551], [-1.6011271416209638, 55.08096087584272], [-1.6048334543593228, 55.08311692555435], [-1.6048334543593228, 55.08455429202877], [-1.6042157355695963, 55.084913633647375], [-1.6017448604106903, 55.084913633647375], [-1.6011271416209638, 55.08527297526598], [-1.6042157355695963, 55.087069683359005], [-1.6073043295182288, 55.08527297526598], [-1.6073043295182288, 55.08455429202877], [-1.6079220483079553, 55.084194950410165], [-1.6091574858874083, 55.084194950410165], [-1.6097752046771348, 55.08383560879156], [-1.6097752046771348, 55.08311692555435], [-1.6103929234668612, 55.082757583935745], [-1.6116283610463142, 55.082757583935745], [-1.6134815174154937, 55.08167955907993], [-1.6134815174154937, 55.08024219260551], [-1.6147169549949467, 55.0795235093683], [-1.6147169549949467, 55.07880482613109], [-1.6153346737846732, 55.078445484512486], [-1.6165701113641262, 55.078445484512486], [-1.6178055489435792, 55.077726801275276], [-1.6190409865230322, 55.077726801275276]], [[-1.6999621479772031, 54.9056021659635], [-1.7005798667669296, 54.905961507582106], [-1.7030507419258356, 54.905961507582106], [-1.703668460715562, 54.9056021659635], [-1.7024330231361091, 54.90488348272629], [-1.7024330231361091, 54.90416479948908], [-1.7030507419258356, 54.903805457870476], [-1.7042861795052886, 54.904524141107686], [-1.7055216170847416, 54.904524141107686], [-1.7067570546641946, 54.903805457870476], [-1.7079924922436476, 54.904524141107686], [-1.7092279298231006, 54.904524141107686], [-1.709845648612827, 54.90488348272629], [-1.709845648612827, 54.9056021659635], [-1.7104633674025536, 54.905961507582106], [-1.7129342425614595, 54.905961507582106], [-1.714787398930639, 54.90488348272629], [-1.714787398930639, 54.90416479948908], [-1.713551961351186, 54.90344611625187], [-1.713551961351186, 54.90272743301466], [-1.71108108619228, 54.90129006654024], [-1.71108108619228, 54.89985270006582], [-1.7141696801409125, 54.8980559919728], [-1.714787398930639, 54.8984153335914], [-1.714787398930639, 54.89985270006582], [-1.7154051177203655, 54.900212041684426], [-1.716022836510092, 54.89985270006582], [-1.716022836510092, 54.89913401682861], [-1.7178759928792715, 54.8980559919728], [-1.7191114304587245, 54.8980559919728], [-1.7203468680381775, 54.89877467521001], [-1.7228177431970835, 54.89733730873559], [-1.7252886183559895, 54.89733730873559], [-1.7265240559354424, 54.89661862549838], [-1.7277594935148954, 54.89733730873559], [-1.729612649884075, 54.89625928387977], [-1.728377212304622, 54.89554060064256], [-1.729612649884075, 54.89482191740535], [-1.7289949310943484, 54.89446257578675], [-1.7277594935148954, 54.89446257578675], [-1.727141774725169, 54.89410323416814], [-1.727141774725169, 54.89194718445651], [-1.724670899566263, 54.89050981798209], [-1.724670899566263, 54.88907245150767], [-1.7240531807765365, 54.88871310988907], [-1.7228177431970835, 54.88871310988907], [-1.722200024407357, 54.88907245150767], [-1.722200024407357, 54.89050981798209], [-1.7215823056176305, 54.8908691596007], [-1.7203468680381775, 54.8908691596007], [-1.7191114304587245, 54.89158784283791], [-1.7178759928792715, 54.89158784283791], [-1.7166405552998185, 54.89230652607512], [-1.7154051177203655, 54.89230652607512], [-1.7141696801409125, 54.89302520931233], [-1.713551961351186, 54.89266586769372], [-1.7154051177203655, 54.89158784283791], [-1.7166405552998185, 54.89158784283791], [-1.717258274089545, 54.8912285012193], [-1.717258274089545, 54.88979113474488], [-1.716022836510092, 54.88907245150767], [-1.7166405552998185, 54.88871310988907], [-1.7178759928792715, 54.88871310988907], [-1.7191114304587245, 54.88799442665186], [-1.7203468680381775, 54.88871310988907], [-1.720964586827904, 54.88835376827046], [-1.720964586827904, 54.88691640179604], [-1.7203468680381775, 54.88655706017744], [-1.7191114304587245, 54.88727574341465], [-1.718493711668998, 54.88691640179604], [-1.718493711668998, 54.88547903532162], [-1.719729149248451, 54.88476035208441], [-1.7191114304587245, 54.88440101046581], [-1.7178759928792715, 54.88440101046581], [-1.717258274089545, 54.8840416688472], [-1.717258274089545, 54.88332298560999], [-1.7166405552998185, 54.88296364399139], [-1.7154051177203655, 54.8836823272286], [-1.7116988049820065, 54.8836823272286], [-1.708610211033374, 54.88188561913557], [-1.708610211033374, 54.881166935898364], [-1.7079924922436476, 54.88080759427976], [-1.7067570546641946, 54.88152627751697], [-1.706139335874468, 54.881166935898364], [-1.706139335874468, 54.880448252661154], [-1.707374773453921, 54.879729569423944], [-1.707374773453921, 54.879010886186734], [-1.7067570546641946, 54.87865154456813], [-1.7055216170847416, 54.87865154456813], [-1.703668460715562, 54.879729569423944], [-1.703668460715562, 54.880448252661154], [-1.7030507419258356, 54.88080759427976], [-1.7018153043463826, 54.88080759427976], [-1.7011975855566561, 54.881166935898364], [-1.7011975855566561, 54.88188561913557], [-1.7005798667669296, 54.88224496075418], [-1.6993444291874766, 54.88224496075418], [-1.6987267103977501, 54.88260430237278], [-1.6987267103977501, 54.88476035208441], [-1.6974912728182971, 54.88547903532162], [-1.6981089916080236, 54.88583837694023], [-1.6993444291874766, 54.88583837694023], [-1.7011975855566561, 54.88691640179604], [-1.7011975855566561, 54.88835376827046], [-1.703668460715562, 54.88979113474488], [-1.7024330231361091, 54.89050981798209], [-1.7024330231361091, 54.8912285012193], [-1.6981089916080236, 54.89374389254954], [-1.6968735540285707, 54.89374389254954], [-1.6962558352388442, 54.89338455093093], [-1.6962558352388442, 54.89266586769372], [-1.6956381164491177, 54.89230652607512], [-1.6937849600799382, 54.89338455093093], [-1.6950203976593912, 54.89410323416814], [-1.6950203976593912, 54.89482191740535], [-1.6962558352388442, 54.89554060064256], [-1.6962558352388442, 54.89697796711698], [-1.6950203976593912, 54.89769665035419], [-1.6950203976593912, 54.90129006654024], [-1.6944026788696647, 54.901649408158846], [-1.6931672412902117, 54.901649408158846], [-1.6925495225004852, 54.90200874977745], [-1.6925495225004852, 54.90272743301466], [-1.6931672412902117, 54.903086774633266], [-1.6944026788696647, 54.903086774633266], [-1.6950203976593912, 54.90344611625187], [-1.6950203976593912, 54.90416479948908], [-1.6931672412902117, 54.905242824344896], [-1.6906963661313057, 54.903805457870476], [-1.6894609285518527, 54.903805457870476], [-1.6876077721826732, 54.90488348272629], [-1.6876077721826732, 54.9056021659635], [-1.6894609285518527, 54.906680190819316], [-1.6919318037107587, 54.906680190819316], [-1.6931672412902117, 54.907398874056526], [-1.6944026788696647, 54.907398874056526], [-1.6950203976593912, 54.90703953243792], [-1.6950203976593912, 54.9056021659635], [-1.6956381164491177, 54.905242824344896], [-1.6993444291874766, 54.905242824344896], [-1.6999621479772031, 54.9056021659635]], [[-1.7024330231361091, 54.92788134631701], [-1.703668460715562, 54.92860002955422], [-1.703668460715562, 54.93003739602864], [-1.7042861795052886, 54.93039673764724], [-1.7055216170847416, 54.93039673764724], [-1.706139335874468, 54.93075607926585], [-1.706139335874468, 54.93219344574027], [-1.7104633674025536, 54.9347088370705], [-1.712316523771733, 54.93363081221469], [-1.712316523771733, 54.93291212897748], [-1.7129342425614595, 54.93255278735887], [-1.713551961351186, 54.93291212897748], [-1.713551961351186, 54.9343494954519], [-1.7141696801409125, 54.9347088370705], [-1.7154051177203655, 54.9347088370705], [-1.717258274089545, 54.93363081221469], [-1.717258274089545, 54.93147476250306], [-1.7178759928792715, 54.93111542088445], [-1.7191114304587245, 54.93111542088445], [-1.719729149248451, 54.93075607926585], [-1.719729149248451, 54.93003739602864], [-1.7203468680381775, 54.92967805441003], [-1.7215823056176305, 54.93039673764724], [-1.7228177431970835, 54.93039673764724], [-1.7240531807765365, 54.93111542088445], [-1.724670899566263, 54.93075607926585], [-1.724670899566263, 54.92860002955422], [-1.7252886183559895, 54.92824068793561], [-1.7265240559354424, 54.92895937117282], [-1.7277594935148954, 54.92895937117282], [-1.729612649884075, 54.92788134631701], [-1.729612649884075, 54.92572529660538], [-1.730848087463528, 54.92500661336817], [-1.730848087463528, 54.92428793013096], [-1.7327012438327074, 54.923209905275144], [-1.7339366814121604, 54.923209905275144], [-1.734554400201887, 54.92285056365654], [-1.734554400201887, 54.92213188041933], [-1.7339366814121604, 54.921772538800724], [-1.7327012438327074, 54.922491222037934], [-1.732083525042981, 54.92213188041933], [-1.732083525042981, 54.92141319718212], [-1.730848087463528, 54.92069451394491], [-1.730848087463528, 54.9199758307077], [-1.732083525042981, 54.91925714747049], [-1.732083525042981, 54.91710109775886], [-1.730848087463528, 54.91638241452165], [-1.730848087463528, 54.91494504804723], [-1.729612649884075, 54.91422636481002], [-1.729612649884075, 54.9127889983356], [-1.727141774725169, 54.91135163186118], [-1.727141774725169, 54.91063294862397], [-1.7265240559354424, 54.910273607005365], [-1.7252886183559895, 54.910273607005365], [-1.724670899566263, 54.91063294862397], [-1.724670899566263, 54.9127889983356], [-1.7228177431970835, 54.913867023191415], [-1.7215823056176305, 54.913867023191415], [-1.7203468680381775, 54.914585706428625], [-1.7191114304587245, 54.914585706428625], [-1.718493711668998, 54.91494504804723], [-1.718493711668998, 54.91638241452165], [-1.7166405552998185, 54.917460439377464], [-1.7141696801409125, 54.917460439377464], [-1.712316523771733, 54.91853846423328], [-1.713551961351186, 54.91925714747049], [-1.713551961351186, 54.92069451394491], [-1.714787398930639, 54.92141319718212], [-1.714787398930639, 54.92213188041933], [-1.7141696801409125, 54.922491222037934], [-1.7116988049820065, 54.922491222037934], [-1.7104633674025536, 54.923209905275144], [-1.7092279298231006, 54.922491222037934], [-1.7079924922436476, 54.922491222037934], [-1.7067570546641946, 54.923209905275144], [-1.7055216170847416, 54.923209905275144], [-1.704903898295015, 54.92285056365654], [-1.704903898295015, 54.92213188041933], [-1.7042861795052886, 54.921772538800724], [-1.7030507419258356, 54.921772538800724], [-1.7024330231361091, 54.92213188041933], [-1.7024330231361091, 54.92428793013096], [-1.7011975855566561, 54.92500661336817], [-1.7024330231361091, 54.92572529660538], [-1.7024330231361091, 54.92788134631701]], [[-1.6758711151778698, 54.88511969370302], [-1.6777242715470493, 54.8840416688472], [-1.6777242715470493, 54.88332298560999], [-1.6771065527573228, 54.88296364399139], [-1.6758711151778698, 54.8836823272286], [-1.6752533963881433, 54.88332298560999], [-1.6752533963881433, 54.881166935898364], [-1.6740179588086903, 54.880448252661154], [-1.6740179588086903, 54.879010886186734], [-1.6721648024395108, 54.87793286133092], [-1.6709293648600578, 54.87793286133092], [-1.6696939272806048, 54.87865154456813], [-1.6684584897011518, 54.87865154456813], [-1.6678407709114254, 54.878292202949524], [-1.6678407709114254, 54.877573519712314], [-1.6672230521216989, 54.87721417809371], [-1.6659876145422459, 54.87721417809371], [-1.6647521769627929, 54.87793286133092], [-1.6635167393833399, 54.87793286133092], [-1.6628990205936134, 54.878292202949524], [-1.6641344581730664, 54.879010886186734], [-1.6628990205936134, 54.879729569423944], [-1.6641344581730664, 54.880448252661154], [-1.6641344581730664, 54.881166935898364], [-1.6653698957525194, 54.88188561913557], [-1.6647521769627929, 54.88224496075418], [-1.6635167393833399, 54.88224496075418], [-1.661045864224434, 54.8836823272286], [-1.6604281454347074, 54.88332298560999], [-1.6616635830141604, 54.88260430237278], [-1.661045864224434, 54.88224496075418], [-1.659810426644981, 54.88224496075418], [-1.6591927078552544, 54.88260430237278], [-1.6591927078552544, 54.88476035208441], [-1.657339551486075, 54.88583837694023], [-1.6567218326963484, 54.88547903532162], [-1.6567218326963484, 54.88260430237278], [-1.656104113906622, 54.88224496075418], [-1.654868676327169, 54.88296364399139], [-1.65116236358881, 54.88296364399139], [-1.6505446447990835, 54.88260430237278], [-1.6505446447990835, 54.88188561913557], [-1.6493092072196305, 54.881166935898364], [-1.6493092072196305, 54.880448252661154], [-1.648691488429904, 54.88008891104255], [-1.646220613270998, 54.88008891104255], [-1.644985175691545, 54.87937022780534], [-1.643749738112092, 54.87937022780534], [-1.6431320193223655, 54.879729569423944], [-1.6431320193223655, 54.880448252661154], [-1.642514300532639, 54.88080759427976], [-1.640043425373733, 54.88080759427976], [-1.6381902690045536, 54.879729569423944], [-1.6381902690045536, 54.879010886186734], [-1.637572550214827, 54.87865154456813], [-1.635101675055921, 54.87865154456813], [-1.6344839562661946, 54.879010886186734], [-1.6344839562661946, 54.881166935898364], [-1.633866237476468, 54.88152627751697], [-1.631395362317562, 54.88152627751697], [-1.6307776435278356, 54.881166935898364], [-1.6307776435278356, 54.879729569423944], [-1.6289244871586561, 54.87865154456813], [-1.6276890495792031, 54.87865154456813], [-1.6270713307894766, 54.878292202949524], [-1.6270713307894766, 54.877573519712314], [-1.6283067683689296, 54.876854836475104], [-1.6283067683689296, 54.875417470000684], [-1.6276890495792031, 54.87505812838208], [-1.6264536119997501, 54.87505812838208], [-1.6239827368408442, 54.8764954948565], [-1.6227472992613912, 54.8764954948565], [-1.6221295804716647, 54.876854836475104], [-1.6221295804716647, 54.877573519712314], [-1.6227472992613912, 54.87793286133092], [-1.6239827368408442, 54.87793286133092], [-1.6246004556305707, 54.878292202949524], [-1.6246004556305707, 54.879729569423944], [-1.6239827368408442, 54.88008891104255], [-1.6227472992613912, 54.88008891104255], [-1.6221295804716647, 54.879729569423944], [-1.6221295804716647, 54.878292202949524], [-1.6215118616819382, 54.87793286133092], [-1.6208941428922117, 54.878292202949524], [-1.6208941428922117, 54.879729569423944], [-1.6202764241024852, 54.88008891104255], [-1.6190409865230322, 54.87937022780534], [-1.6184232677333057, 54.879729569423944], [-1.6184232677333057, 54.880448252661154], [-1.6196587053127587, 54.881166935898364], [-1.6196587053127587, 54.88188561913557], [-1.6184232677333057, 54.88260430237278], [-1.6190409865230322, 54.88296364399139], [-1.6202764241024852, 54.88296364399139], [-1.6215118616819382, 54.88224496075418], [-1.6233650180511177, 54.88332298560999], [-1.6227472992613912, 54.8836823272286], [-1.6215118616819382, 54.8836823272286], [-1.6208941428922117, 54.8840416688472], [-1.6208941428922117, 54.88619771855883], [-1.6202764241024852, 54.88655706017744], [-1.6190409865230322, 54.88655706017744], [-1.6184232677333057, 54.88691640179604], [-1.6184232677333057, 54.88763508503325], [-1.6165701113641262, 54.88871310988907], [-1.6153346737846732, 54.88871310988907], [-1.6134815174154937, 54.88979113474488], [-1.6134815174154937, 54.89266586769372], [-1.6128637986257672, 54.89302520931233], [-1.6103929234668612, 54.89302520931233], [-1.6035980167798698, 54.89697796711698], [-1.6035980167798698, 54.90057138330303], [-1.6017448604106903, 54.901649408158846], [-1.6005094228312373, 54.901649408158846], [-1.5998917040415108, 54.90129006654024], [-1.5998917040415108, 54.90057138330303], [-1.5986562664620578, 54.89985270006582], [-1.5986562664620578, 54.89913401682861], [-1.5968031100928783, 54.89949335844722], [-1.5955676725134254, 54.89958319385187], [-1.5943322349339724, 54.89949335844722], [-1.5930967973545194, 54.89949335844722], [-1.5918613597750664, 54.89877467521001], [-1.5906259221956134, 54.89877467521001], [-1.5893904846161604, 54.8980559919728], [-1.588772765826434, 54.8984153335914], [-1.588772765826434, 54.89913401682861], [-1.5900082034058869, 54.89985270006582], [-1.5881550470367074, 54.900930724921636], [-1.5869196094572544, 54.900930724921636], [-1.586301890667528, 54.90129006654024], [-1.5869196094572544, 54.901649408158846], [-1.5893904846161604, 54.901649408158846], [-1.5906259221956134, 54.902368091396056], [-1.5918613597750664, 54.902368091396056], [-1.5924790785647929, 54.90272743301466], [-1.5924790785647929, 54.90488348272629], [-1.5937145161442459, 54.9056021659635], [-1.5937145161442459, 54.90632084920071], [-1.5961853913031518, 54.90775821567513], [-1.5949499537236989, 54.90847689891234], [-1.5949499537236989, 54.90991426538676], [-1.5943322349339724, 54.910273607005365], [-1.5930967973545194, 54.910273607005365], [-1.5918613597750664, 54.909554923768155], [-1.5912436409853399, 54.90991426538676], [-1.5912436409853399, 54.91422636481002], [-1.5918613597750664, 54.914585706428625], [-1.5930967973545194, 54.913867023191415], [-1.5937145161442459, 54.91422636481002], [-1.5937145161442459, 54.91566373128444], [-1.5980385476723313, 54.918179122614674], [-1.5986562664620578, 54.91781978099607], [-1.5986562664620578, 54.91638241452165], [-1.5980385476723313, 54.916023072903045], [-1.5968031100928783, 54.916023072903045], [-1.5961853913031518, 54.91566373128444], [-1.5961853913031518, 54.91494504804723], [-1.5968031100928783, 54.914585706428625], [-1.6005094228312373, 54.914585706428625], [-1.6011271416209638, 54.91494504804723], [-1.6011271416209638, 54.91566373128444], [-1.6017448604106903, 54.916023072903045], [-1.6042157355695963, 54.916023072903045], [-1.6048334543593228, 54.91566373128444], [-1.6048334543593228, 54.91494504804723], [-1.6054511731490493, 54.914585706428625], [-1.6066866107285023, 54.914585706428625], [-1.6085397670976818, 54.91350768157281], [-1.6085397670976818, 54.91207031509839], [-1.6103929234668612, 54.910992290242575], [-1.6110106422565877, 54.91135163186118], [-1.6110106422565877, 54.91207031509839], [-1.6122460798360407, 54.9127889983356], [-1.6110106422565877, 54.91350768157281], [-1.6110106422565877, 54.91422636481002], [-1.6122460798360407, 54.91494504804723], [-1.6122460798360407, 54.91710109775886], [-1.6128637986257672, 54.917460439377464], [-1.6178055489435792, 54.917460439377464], [-1.6190409865230322, 54.916741756140254], [-1.6202764241024852, 54.916741756140254], [-1.6208941428922117, 54.91710109775886], [-1.6208941428922117, 54.91781978099607], [-1.6215118616819382, 54.918179122614674], [-1.6239827368408442, 54.918179122614674], [-1.6246004556305707, 54.91853846423328], [-1.6246004556305707, 54.91925714747049], [-1.6221295804716647, 54.92069451394491], [-1.6246004556305707, 54.92213188041933], [-1.6246004556305707, 54.92356924689375], [-1.6258358932100236, 54.92428793013096], [-1.6258358932100236, 54.9271626630798], [-1.6276890495792031, 54.92824068793561], [-1.6289244871586561, 54.92824068793561], [-1.6295422059483826, 54.92860002955422], [-1.6295422059483826, 54.92931871279143], [-1.6301599247381091, 54.92967805441003], [-1.631395362317562, 54.92967805441003], [-1.6320130811072886, 54.93003739602864], [-1.6320130811072886, 54.93147476250306], [-1.632630799897015, 54.93183410412166], [-1.636337112635374, 54.93183410412166], [-1.6394257065840065, 54.93003739602864], [-1.6394257065840065, 54.92931871279143], [-1.640043425373733, 54.92895937117282], [-1.644985175691545, 54.92895937117282], [-1.6456028944812715, 54.92931871279143], [-1.6456028944812715, 54.93003739602864], [-1.6443674569018185, 54.93075607926585], [-1.6443674569018185, 54.93363081221469], [-1.644985175691545, 54.93399015383329], [-1.646220613270998, 54.93327147059608], [-1.647456050850451, 54.93327147059608], [-1.6493092072196305, 54.93219344574027], [-1.6493092072196305, 54.93075607926585], [-1.6480737696401775, 54.93003739602864], [-1.6480737696401775, 54.92931871279143], [-1.6456028944812715, 54.92788134631701], [-1.6456028944812715, 54.9271626630798], [-1.6468383320607245, 54.92644397984259], [-1.6468383320607245, 54.92572529660538], [-1.648691488429904, 54.92464727174956], [-1.652397801168263, 54.92464727174956], [-1.653633238747716, 54.923928588512354], [-1.654868676327169, 54.92464727174956], [-1.656104113906622, 54.92464727174956], [-1.6567218326963484, 54.92428793013096], [-1.6554863951168954, 54.92356924689375], [-1.6579572702758014, 54.92213188041933], [-1.6579572702758014, 54.9199758307077], [-1.659810426644981, 54.918897805851884], [-1.6604281454347074, 54.91925714747049], [-1.6604281454347074, 54.9199758307077], [-1.661045864224434, 54.920335172326304], [-1.6647521769627929, 54.918179122614674], [-1.6672230521216989, 54.918179122614674], [-1.6678407709114254, 54.91781978099607], [-1.6678407709114254, 54.91422636481002], [-1.6684584897011518, 54.913867023191415], [-1.6696939272806048, 54.913867023191415], [-1.6703116460703313, 54.91350768157281], [-1.6696939272806048, 54.913148339954205], [-1.6684584897011518, 54.913148339954205], [-1.6647521769627929, 54.910992290242575], [-1.662281301803887, 54.910992290242575], [-1.6616635830141604, 54.91063294862397], [-1.6616635830141604, 54.90991426538676], [-1.6591927078552544, 54.90847689891234], [-1.6591927078552544, 54.90632084920071], [-1.6628990205936134, 54.90416479948908], [-1.6628990205936134, 54.90272743301466], [-1.662281301803887, 54.902368091396056], [-1.661045864224434, 54.902368091396056], [-1.6604281454347074, 54.90272743301466], [-1.6604281454347074, 54.90344611625187], [-1.659810426644981, 54.903805457870476], [-1.6591927078552544, 54.90344611625187], [-1.6591927078552544, 54.90272743301466], [-1.661045864224434, 54.901649408158846], [-1.662281301803887, 54.901649408158846], [-1.6635167393833399, 54.900930724921636], [-1.6647521769627929, 54.900930724921636], [-1.6659876145422459, 54.900212041684426], [-1.6684584897011518, 54.901649408158846], [-1.6703116460703313, 54.90057138330303], [-1.6703116460703313, 54.89985270006582], [-1.6690762084908783, 54.89913401682861], [-1.6690762084908783, 54.8984153335914], [-1.6678407709114254, 54.89769665035419], [-1.6678407709114254, 54.89697796711698], [-1.6690762084908783, 54.89625928387977], [-1.6690762084908783, 54.89338455093093], [-1.6709293648600578, 54.89230652607512], [-1.6721648024395108, 54.89230652607512], [-1.6727825212292373, 54.89194718445651], [-1.6727825212292373, 54.89050981798209], [-1.6715470836497843, 54.88979113474488], [-1.6721648024395108, 54.88943179312628], [-1.6746356775984168, 54.88943179312628], [-1.6752533963881433, 54.88907245150767], [-1.6740179588086903, 54.88835376827046], [-1.6752533963881433, 54.88763508503325], [-1.6752533963881433, 54.88547903532162], [-1.6758711151778698, 54.88511969370302]], [[-1.5622108578681946, 54.85709104745183], [-1.5609754202887416, 54.85709104745183], [-1.5597399827092886, 54.85780973068904], [-1.5585045451298356, 54.85780973068904], [-1.5572691075503826, 54.85852841392625], [-1.5566513887606561, 54.858169072307646], [-1.5566513887606561, 54.857450389070436], [-1.5554159511812031, 54.856731705833226], [-1.5554159511812031, 54.85601302259602], [-1.5535627948120236, 54.8549349977402], [-1.5523273572325706, 54.8549349977402], [-1.5510919196531177, 54.85565368097741], [-1.5492387632839382, 54.8545756561216], [-1.5492387632839382, 54.85385697288439], [-1.5480033257044852, 54.85313828964718], [-1.5492387632839382, 54.85241960640997], [-1.5492387632839382, 54.85170092317276], [-1.5486210444942117, 54.85134158155415], [-1.5473856069147587, 54.85134158155415], [-1.5467678881250322, 54.85170092317276], [-1.5467678881250322, 54.85385697288439], [-1.5461501693353057, 54.85421631450299], [-1.5449147317558527, 54.85421631450299], [-1.5436792941763997, 54.8549349977402], [-1.5375021062791348, 54.8549349977402], [-1.5368843874894083, 54.85529433935881], [-1.5368843874894083, 54.85601302259602], [-1.5356489499099553, 54.856731705833226], [-1.5356489499099553, 54.858887755544856], [-1.5350312311202288, 54.85924709716346], [-1.5337957935407758, 54.85852841392625], [-1.5331780747510493, 54.858887755544856], [-1.5331780747510493, 54.859606438782066], [-1.5325603559613228, 54.85996578040067], [-1.5313249183818698, 54.85996578040067], [-1.5300894808024168, 54.86068446363788], [-1.5294717620126903, 54.860325122019276], [-1.5294717620126903, 54.858887755544856], [-1.5288540432229638, 54.85852841392625], [-1.5276186056435108, 54.85852841392625], [-1.5270008868537843, 54.858887755544856], [-1.5270008868537843, 54.859606438782066], [-1.5257654492743313, 54.860325122019276], [-1.5257654492743313, 54.861043805256486], [-1.5263831680640578, 54.86140314687509], [-1.5288540432229638, 54.86140314687509], [-1.5294717620126903, 54.861762488493696], [-1.5294717620126903, 54.863199854968116], [-1.5288540432229638, 54.86355919658672], [-1.5226768553256989, 54.86355919658672], [-1.5220591365359724, 54.863918538205326], [-1.5226768553256989, 54.86427787982393], [-1.5239122929051518, 54.86427787982393], [-1.5245300116948783, 54.864637221442536], [-1.5232945741154253, 54.865355904679745], [-1.5232945741154253, 54.866074587916955], [-1.5226768553256989, 54.86643392953556], [-1.5202059801667929, 54.86643392953556], [-1.5189705425873399, 54.86715261277277], [-1.5177351050078869, 54.86715261277277], [-1.516499667428434, 54.86787129600998], [-1.515264229848981, 54.86787129600998], [-1.5146465110592544, 54.868230637628585], [-1.5146465110592544, 54.871105370577425], [-1.5134110734798014, 54.871824053814635], [-1.515264229848981, 54.87290207867045], [-1.5158819486387074, 54.872542737051845], [-1.5158819486387074, 54.870386687340215], [-1.516499667428434, 54.87002734572161], [-1.5177351050078869, 54.87074602895882], [-1.5202059801667929, 54.87074602895882], [-1.5220591365359724, 54.871824053814635], [-1.5214414177462459, 54.87218339543324], [-1.5202059801667929, 54.87362076190766], [-1.520978128653951, 54.873980103526264], [-1.5231401444179937, 54.873980103526264], [-1.5239122929051518, 54.87362076190766], [-1.5251477304846048, 54.87290207867045], [-1.5263831680640578, 54.87362076190766], [-1.5276186056435108, 54.87290207867045], [-1.5294717620126903, 54.873980103526264], [-1.5294717620126903, 54.874698786763474], [-1.5337957935407758, 54.87721417809371], [-1.5362666686996818, 54.87721417809371], [-1.5375021062791348, 54.87793286133092], [-1.5399729814380407, 54.87793286133092], [-1.5412084190174937, 54.87721417809371], [-1.5424438565969467, 54.87721417809371], [-1.5436792941763997, 54.8764954948565], [-1.5449147317558527, 54.87721417809371], [-1.5473856069147587, 54.87577681161929], [-1.5486210444942117, 54.87577681161929], [-1.5492387632839382, 54.876136153237894], [-1.5492387632839382, 54.876854836475104], [-1.5480033257044852, 54.877573519712314], [-1.5486210444942117, 54.87793286133092], [-1.5498564820736647, 54.87793286133092], [-1.5504742008633912, 54.877573519712314], [-1.5504742008633912, 54.874698786763474], [-1.5492387632839382, 54.873980103526264], [-1.5498564820736647, 54.87362076190766], [-1.5510919196531177, 54.87433944514487], [-1.5523273572325706, 54.87433944514487], [-1.5535627948120236, 54.87505812838208], [-1.5541805136017501, 54.874698786763474], [-1.5541805136017501, 54.873261420289055], [-1.5547982323914766, 54.87290207867045], [-1.5560336699709296, 54.87362076190766], [-1.5597399827092886, 54.87362076190766], [-1.5609754202887416, 54.87290207867045], [-1.5622108578681946, 54.87290207867045], [-1.562828576657921, 54.872542737051845], [-1.561593139078468, 54.871824053814635], [-1.561593139078468, 54.866793271154165], [-1.560357701499015, 54.866074587916955], [-1.560357701499015, 54.865355904679745], [-1.5597399827092886, 54.86499656306114], [-1.559122263919562, 54.865355904679745], [-1.559122263919562, 54.866074587916955], [-1.5585045451298356, 54.86643392953556], [-1.5560336699709296, 54.86643392953556], [-1.5554159511812031, 54.866074587916955], [-1.5554159511812031, 54.863199854968116], [-1.5560336699709296, 54.86284051334951], [-1.5572691075503826, 54.86284051334951], [-1.5585045451298356, 54.8621218301123], [-1.5597399827092886, 54.8621218301123], [-1.560357701499015, 54.861762488493696], [-1.560357701499015, 54.860325122019276], [-1.5609754202887416, 54.85996578040067], [-1.5622108578681946, 54.85996578040067], [-1.562828576657921, 54.859606438782066], [-1.562828576657921, 54.857450389070436], [-1.5622108578681946, 54.85709104745183]], [[-1.5912436409853399, 55.029215682763606], [-1.5930967973545194, 55.03029370761942], [-1.5943322349339724, 55.03029370761942], [-1.5955676725134254, 55.03101239085663], [-1.5992739852517843, 55.03101239085663], [-1.6005094228312373, 55.03173107409384], [-1.6017448604106903, 55.03173107409384], [-1.6023625792004168, 55.032090415712446], [-1.6023625792004168, 55.032809098949656], [-1.6029802979901433, 55.03316844056826], [-1.6042157355695963, 55.03316844056826], [-1.6054511731490493, 55.03388712380547], [-1.6091574858874083, 55.03388712380547], [-1.6097752046771348, 55.033527782186866], [-1.6085397670976818, 55.032809098949656], [-1.6085397670976818, 55.032090415712446], [-1.6091574858874083, 55.03173107409384], [-1.6110106422565877, 55.032809098949656], [-1.6110106422565877, 55.033527782186866], [-1.6116283610463142, 55.03388712380547], [-1.6122460798360407, 55.033527782186866], [-1.6122460798360407, 55.030653049238026], [-1.6128637986257672, 55.03029370761942], [-1.6140992362052202, 55.03029370761942], [-1.6153346737846732, 55.03101239085663], [-1.6190409865230322, 55.03101239085663], [-1.6196587053127587, 55.030653049238026], [-1.6196587053127587, 55.029934366000816], [-1.6184232677333057, 55.029215682763606], [-1.6184232677333057, 55.028496999526396], [-1.6178055489435792, 55.02813765790779], [-1.6153346737846732, 55.02813765790779], [-1.6140992362052202, 55.028856341145], [-1.6116283610463142, 55.02741897467058], [-1.6103929234668612, 55.02741897467058], [-1.6091574858874083, 55.02813765790779], [-1.6085397670976818, 55.02777831628919], [-1.6085397670976818, 55.02562226657756], [-1.6091574858874083, 55.02526292495895], [-1.6103929234668612, 55.02526292495895], [-1.6110106422565877, 55.02490358334035], [-1.6110106422565877, 55.02418490010314], [-1.6097752046771348, 55.02346621686593], [-1.6097752046771348, 55.02274753362872], [-1.6085397670976818, 55.02202885039151], [-1.6097752046771348, 55.0213101671543], [-1.6097752046771348, 55.02059148391709], [-1.6091574858874083, 55.02023214229848], [-1.6079220483079553, 55.02095082553569], [-1.6066866107285023, 55.02023214229848], [-1.6060688919387758, 55.02059148391709], [-1.6060688919387758, 55.0213101671543], [-1.6054511731490493, 55.0216695087729], [-1.6042157355695963, 55.0216695087729], [-1.6029802979901433, 55.02095082553569], [-1.6017448604106903, 55.02095082553569], [-1.6011271416209638, 55.02059148391709], [-1.6017448604106903, 55.02023214229848], [-1.6029802979901433, 55.02023214229848], [-1.6035980167798698, 55.01987280067988], [-1.6035980167798698, 55.01915411744267], [-1.6029802979901433, 55.01879477582406], [-1.6005094228312373, 55.01879477582406], [-1.5998917040415108, 55.01915411744267], [-1.5998917040415108, 55.02490358334035], [-1.5986562664620578, 55.02562226657756], [-1.5986562664620578, 55.02634094981477], [-1.5980385476723313, 55.02670029143337], [-1.5968031100928783, 55.02670029143337], [-1.5955676725134254, 55.02598160819616], [-1.5943322349339724, 55.02598160819616], [-1.5930967973545194, 55.02670029143337], [-1.5906259221956134, 55.02670029143337], [-1.5900082034058869, 55.02705963305198], [-1.5900082034058869, 55.028496999526396], [-1.5912436409853399, 55.029215682763606]], [[-1.4411379750818014, 54.93973961973097], [-1.4436088502407074, 54.93973961973097], [-1.4454620066098869, 54.93866159487516], [-1.4454620066098869, 54.93794291163795], [-1.4466974441893399, 54.93722422840074], [-1.4448442878201604, 54.93614620354492], [-1.4436088502407074, 54.93614620354492], [-1.4423734126612544, 54.93686488678213], [-1.4411379750818014, 54.93614620354492], [-1.4399025375023484, 54.93614620354492], [-1.439284818712622, 54.93578686192632], [-1.439284818712622, 54.93363081221469], [-1.4386670999228954, 54.93327147059608], [-1.4361962247639894, 54.93327147059608], [-1.435578505974263, 54.93291212897748], [-1.435578505974263, 54.93219344574027], [-1.4337253496050835, 54.93111542088445], [-1.4312544744461775, 54.93111542088445], [-1.430636755656451, 54.93075607926585], [-1.430636755656451, 54.92860002955422], [-1.4300190368667245, 54.92824068793561], [-1.4287835992872715, 54.92824068793561], [-1.428165880497545, 54.92860002955422], [-1.428165880497545, 54.92931871279143], [-1.4275481617078185, 54.92967805441003], [-1.4263127241283655, 54.92967805441003], [-1.425695005338639, 54.93003739602864], [-1.425695005338639, 54.93147476250306], [-1.4250772865489125, 54.93183410412166], [-1.4213709738105536, 54.93183410412166], [-1.4201355362311006, 54.93255278735887], [-1.4189000986516476, 54.93255278735887], [-1.4176646610721946, 54.93183410412166], [-1.4164292234927416, 54.93183410412166], [-1.414576067123562, 54.93291212897748], [-1.414576067123562, 54.9343494954519], [-1.4127229107543826, 54.93542752030771], [-1.4102520355954766, 54.93542752030771], [-1.4096343168057501, 54.93578686192632], [-1.4096343168057501, 54.93650554516353], [-1.4083988792262971, 54.93722422840074], [-1.4083988792262971, 54.93866159487516], [-1.4090165980160236, 54.93902093649376], [-1.4096343168057501, 54.93866159487516], [-1.4096343168057501, 54.93794291163795], [-1.4114874731749296, 54.93686488678213], [-1.4121051919646561, 54.93722422840074], [-1.4121051919646561, 54.94081764458679], [-1.4102520355954766, 54.9418956694426], [-1.4096343168057501, 54.941536327824], [-1.4096343168057501, 54.94081764458679], [-1.4090165980160236, 54.94045830296818], [-1.4065457228571177, 54.94045830296818], [-1.4053102852776647, 54.93973961973097], [-1.4040748476982117, 54.93973961973097], [-1.4022216913290322, 54.94081764458679], [-1.4034571289084852, 54.941536327824], [-1.4022216913290322, 54.94225501106121], [-1.4028394101187587, 54.94261435267981], [-1.4040748476982117, 54.94261435267981], [-1.4053102852776647, 54.94333303591702], [-1.4077811604365706, 54.94333303591702], [-1.4090165980160236, 54.94261435267981], [-1.4139583483338356, 54.94261435267981], [-1.415811504703015, 54.941536327824], [-1.415811504703015, 54.94009896134958], [-1.4164292234927416, 54.93973961973097], [-1.4189000986516476, 54.93973961973097], [-1.4201355362311006, 54.93902093649376], [-1.4213709738105536, 54.93902093649376], [-1.4226064113900065, 54.93830225325655], [-1.4250772865489125, 54.93973961973097], [-1.4287835992872715, 54.93973961973097], [-1.429401318076998, 54.93938027811237], [-1.429401318076998, 54.93794291163795], [-1.428165880497545, 54.93722422840074], [-1.4300190368667245, 54.93614620354492], [-1.4312544744461775, 54.93686488678213], [-1.4324899120256305, 54.93686488678213], [-1.4337253496050835, 54.93758357001934], [-1.4349607871845365, 54.93686488678213], [-1.4374316623434424, 54.93686488678213], [-1.438049381133169, 54.93722422840074], [-1.438049381133169, 54.93866159487516], [-1.4399025375023484, 54.93973961973097], [-1.4411379750818014, 54.93973961973097]], [[-1.3917204719036818, 54.95698801742401], [-1.3898673155345023, 54.955909992568195], [-1.3892495967447758, 54.95555065094959], [-1.3867787215858698, 54.95555065094959], [-1.3830724088475108, 54.95339460123796], [-1.3818369712680578, 54.95339460123796], [-1.3806015336886048, 54.95267591800075], [-1.3793660961091518, 54.95267591800075], [-1.3775129397399724, 54.953753942856565], [-1.3775129397399724, 54.956628675805405], [-1.3762775021605194, 54.957347359042615], [-1.3762775021605194, 54.958784725517035], [-1.3744243457913399, 54.95986275037285], [-1.3731889082118869, 54.95986275037285], [-1.3725711894221604, 54.960222091991454], [-1.3725711894221604, 54.960940775228664], [-1.3750420645810664, 54.962378141703084], [-1.3750420645810664, 54.963096824940294], [-1.3731889082118869, 54.96417484979611], [-1.3725711894221604, 54.963815508177504], [-1.3725711894221604, 54.961659458465874], [-1.371953470632434, 54.96130011684727], [-1.3713357518427074, 54.961659458465874], [-1.3713357518427074, 54.964534191414714], [-1.3731889082118869, 54.96561221627053], [-1.3818369712680578, 54.96561221627053], [-1.3824546900577843, 54.965971557889134], [-1.3812192524783313, 54.966690241126344], [-1.3812192524783313, 54.96740892436355], [-1.3818369712680578, 54.96776826598216], [-1.3830724088475108, 54.96776826598216], [-1.3843078464269638, 54.96704958274495], [-1.3855432840064168, 54.96704958274495], [-1.3861610027961433, 54.96740892436355], [-1.3861610027961433, 54.96884629083797], [-1.3867787215858698, 54.96920563245658], [-1.3917204719036818, 54.96633089950774], [-1.3929559094831347, 54.96633089950774], [-1.3948090658523142, 54.965252874651924], [-1.3948090658523142, 54.964534191414714], [-1.3954267846420407, 54.96417484979611], [-1.3966622222214937, 54.96489353303332], [-1.3985153785906732, 54.963815508177504], [-1.3978976598009467, 54.9634561665589], [-1.3954267846420407, 54.9634561665589], [-1.3948090658523142, 54.963096824940294], [-1.3948090658523142, 54.961659458465874], [-1.3935736282728612, 54.960940775228664], [-1.3935736282728612, 54.960222091991454], [-1.3941913470625877, 54.95986275037285], [-1.3954267846420407, 54.95986275037285], [-1.3960445034317672, 54.959503408754244], [-1.3960445034317672, 54.957347359042615], [-1.3954267846420407, 54.95698801742401], [-1.3917204719036818, 54.95698801742401]], [[-1.5134110734798014, 54.94009896134958], [-1.511557917110622, 54.93902093649376], [-1.510322479531169, 54.93973961973097], [-1.5097047607414424, 54.93938027811237], [-1.5097047607414424, 54.93866159487516], [-1.509087041951716, 54.93830225325655], [-1.507851604372263, 54.93830225325655], [-1.5059984480030835, 54.93722422840074], [-1.5059984480030835, 54.93578686192632], [-1.505380729213357, 54.93542752030771], [-1.504145291633904, 54.93542752030771], [-1.5022921352647245, 54.9343494954519], [-1.5022921352647245, 54.93291212897748], [-1.504145291633904, 54.93183410412166], [-1.50661616679281, 54.93183410412166], [-1.5072338855825365, 54.93147476250306], [-1.5072338855825365, 54.93003739602864], [-1.509087041951716, 54.92895937117282], [-1.510322479531169, 54.92895937117282], [-1.5121756359003484, 54.92788134631701], [-1.5109401983208954, 54.9271626630798], [-1.5109401983208954, 54.92500661336817], [-1.5097047607414424, 54.92428793013096], [-1.5097047607414424, 54.92356924689375], [-1.509087041951716, 54.923209905275144], [-1.507851604372263, 54.923928588512354], [-1.5072338855825365, 54.92356924689375], [-1.5072338855825365, 54.92213188041933], [-1.50661616679281, 54.921772538800724], [-1.505380729213357, 54.922491222037934], [-1.504145291633904, 54.922491222037934], [-1.502909854054451, 54.921772538800724], [-1.501674416474998, 54.921772538800724], [-1.499203541316092, 54.923209905275144], [-1.495497228577733, 54.921053855563514], [-1.49426179099828, 54.921053855563514], [-1.491790915839374, 54.919616489089094], [-1.490555478259921, 54.919616489089094], [-1.489320040680468, 54.918897805851884], [-1.488084603101015, 54.918897805851884], [-1.4874668843112886, 54.91925714747049], [-1.4874668843112886, 54.9199758307077], [-1.4862314467318356, 54.92069451394491], [-1.4862314467318356, 54.92141319718212], [-1.485613727942109, 54.921772538800724], [-1.4843782903626561, 54.921772538800724], [-1.4837605715729296, 54.92356924689375], [-1.4831428527832031, 54.924018423917005], [-1.4843782903626561, 54.92464727174956], [-1.4849960091523826, 54.92500661336817], [-1.4849960091523826, 54.92788134631701], [-1.4843782903626561, 54.92824068793561], [-1.4831428527832031, 54.92824068793561], [-1.4825251339934766, 54.92860002955422], [-1.4837605715729296, 54.92931871279143], [-1.4837605715729296, 54.93075607926585], [-1.4843782903626561, 54.93111542088445], [-1.485613727942109, 54.93111542088445], [-1.4862314467318356, 54.93147476250306], [-1.4862314467318356, 54.93219344574027], [-1.485613727942109, 54.93255278735887], [-1.4843782903626561, 54.93183410412166], [-1.4831428527832031, 54.93183410412166], [-1.4825251339934766, 54.93219344574027], [-1.4825251339934766, 54.93291212897748], [-1.4794365400448442, 54.9347088370705], [-1.4782011024653912, 54.9347088370705], [-1.4775833836756647, 54.93506817868911], [-1.4775833836756647, 54.93794291163795], [-1.4794365400448442, 54.93902093649376], [-1.4806719776242971, 54.93902093649376], [-1.4837605715729296, 54.93722422840074], [-1.4837605715729296, 54.93650554516353], [-1.4843782903626561, 54.93614620354492], [-1.485613727942109, 54.93614620354492], [-1.4874668843112886, 54.93722422840074], [-1.4874668843112886, 54.93794291163795], [-1.489320040680468, 54.93902093649376], [-1.490555478259921, 54.93902093649376], [-1.4911731970496476, 54.93938027811237], [-1.4911731970496476, 54.94081764458679], [-1.491790915839374, 54.94117698620539], [-1.493026353418827, 54.94117698620539], [-1.4948795097880065, 54.94225501106121], [-1.4948795097880065, 54.942973694298416], [-1.4961149473674595, 54.943692377535626], [-1.4961149473674595, 54.944411060772836], [-1.495497228577733, 54.94477040239144], [-1.49426179099828, 54.94405171915423], [-1.493026353418827, 54.94405171915423], [-1.4924086346291006, 54.944411060772836], [-1.4924086346291006, 54.945848427247256], [-1.4911731970496476, 54.946567110484466], [-1.493026353418827, 54.94764513534028], [-1.501674416474998, 54.94764513534028], [-1.502909854054451, 54.94692645210307], [-1.504145291633904, 54.94764513534028], [-1.50661616679281, 54.94764513534028], [-1.5072338855825365, 54.948004476958886], [-1.5072338855825365, 54.948723160196096], [-1.507851604372263, 54.9490825018147], [-1.509087041951716, 54.9490825018147], [-1.5097047607414424, 54.948723160196096], [-1.5097047607414424, 54.946567110484466], [-1.509087041951716, 54.94620776886586], [-1.507851604372263, 54.94620776886586], [-1.5072338855825365, 54.945848427247256], [-1.5072338855825365, 54.943692377535626], [-1.5084693231619895, 54.942973694298416], [-1.5084693231619895, 54.941536327824], [-1.509087041951716, 54.94117698620539], [-1.510322479531169, 54.94117698620539], [-1.511557917110622, 54.9418956694426], [-1.512793354690075, 54.9418956694426], [-1.5134110734798014, 54.941536327824], [-1.5134110734798014, 54.94009896134958]], [[-1.4695530394092202, 54.916741756140254], [-1.4707884769886732, 54.916741756140254], [-1.4714061957783997, 54.91638241452165], [-1.4714061957783997, 54.91566373128444], [-1.4720239145681262, 54.915304389665835], [-1.4732593521475792, 54.915304389665835], [-1.4744947897270322, 54.914585706428625], [-1.4757302273064852, 54.914585706428625], [-1.4763479460962117, 54.91422636481002], [-1.4763479460962117, 54.91350768157281], [-1.4769656648859382, 54.913148339954205], [-1.4775833836756647, 54.91350768157281], [-1.4775833836756647, 54.91422636481002], [-1.4782011024653912, 54.914585706428625], [-1.481135266716592, 54.91350768157281], [-1.4819074152037501, 54.913148339954205], [-1.4831428527832031, 54.913148339954205], [-1.4837605715729296, 54.9127889983356], [-1.4837605715729296, 54.91063294862397], [-1.4849960091523826, 54.90991426538676], [-1.4849960091523826, 54.90919558214955], [-1.4843782903626561, 54.908836240530945], [-1.4831428527832031, 54.908836240530945], [-1.4825251339934766, 54.90847689891234], [-1.4825251339934766, 54.90775821567513], [-1.4819074152037501, 54.907398874056526], [-1.4812896964140236, 54.90775821567513], [-1.4812896964140236, 54.90847689891234], [-1.4806719776242971, 54.908836240530945], [-1.4794365400448442, 54.908836240530945], [-1.4782011024653912, 54.908117557293735], [-1.4769656648859382, 54.908836240530945], [-1.4757302273064852, 54.908836240530945], [-1.4726416333578527, 54.90703953243792], [-1.4744947897270322, 54.905961507582106], [-1.4757302273064852, 54.905961507582106], [-1.4763479460962117, 54.9056021659635], [-1.4757302273064852, 54.905242824344896], [-1.4744947897270322, 54.905242824344896], [-1.4738770709373057, 54.90488348272629], [-1.4738770709373057, 54.90416479948908], [-1.4757302273064852, 54.903086774633266], [-1.4769656648859382, 54.903086774633266], [-1.4788188212551177, 54.89913401682861], [-1.4794365400448442, 54.898684839805355], [-1.4794365400448442, 54.89814582737745], [-1.4788188212551177, 54.89769665035419], [-1.4794365400448442, 54.89733730873559], [-1.4819074152037501, 54.89733730873559], [-1.4843782903626561, 54.89877467521001], [-1.485613727942109, 54.89877467521001], [-1.4862314467318356, 54.8984153335914], [-1.4862314467318356, 54.89769665035419], [-1.4849960091523826, 54.89697796711698], [-1.4862314467318356, 54.89338455093093], [-1.486849165521562, 54.892935373907676], [-1.488084603101015, 54.89302520931233], [-1.489320040680468, 54.89302520931233], [-1.4899377594701946, 54.89266586769372], [-1.4899377594701946, 54.89194718445651], [-1.490555478259921, 54.89158784283791], [-1.491790915839374, 54.89158784283791], [-1.49426179099828, 54.89015047636349], [-1.496732666157186, 54.89015047636349], [-1.4973503849469125, 54.89050981798209], [-1.4973503849469125, 54.8912285012193], [-1.497968103736639, 54.89158784283791], [-1.499203541316092, 54.89158784283791], [-1.500438978895545, 54.8908691596007], [-1.501674416474998, 54.8908691596007], [-1.502909854054451, 54.89015047636349], [-1.504145291633904, 54.8908691596007], [-1.5047630104236305, 54.89050981798209], [-1.5047630104236305, 54.88979113474488], [-1.505380729213357, 54.88943179312628], [-1.50661616679281, 54.88943179312628], [-1.507851604372263, 54.89015047636349], [-1.5084693231619895, 54.88979113474488], [-1.5059984480030835, 54.88763508503325], [-1.5059984480030835, 54.88835376827046], [-1.505380729213357, 54.88871310988907], [-1.504145291633904, 54.88871310988907], [-1.5010566976852715, 54.88691640179604], [-1.501674416474998, 54.88646722477279], [-1.5022921352647245, 54.88547903532162], [-1.502909854054451, 54.88502985829837], [-1.501674416474998, 54.88440101046581], [-1.499203541316092, 54.88440101046581], [-1.497968103736639, 54.8836823272286], [-1.496732666157186, 54.88440101046581], [-1.49426179099828, 54.88440101046581], [-1.493026353418827, 54.8836823272286], [-1.491790915839374, 54.8836823272286], [-1.489320040680468, 54.88511969370302], [-1.4843782903626561, 54.88511969370302], [-1.4769656648859382, 54.88943179312628], [-1.4751125085167587, 54.88835376827046], [-1.4751125085167587, 54.88763508503325], [-1.4732593521475792, 54.88655706017744], [-1.4714061957783997, 54.88763508503325], [-1.4720239145681262, 54.88799442665186], [-1.4732593521475792, 54.88799442665186], [-1.4738770709373057, 54.88835376827046], [-1.4738770709373057, 54.88907245150767], [-1.4707884769886732, 54.8908691596007], [-1.4695530394092202, 54.8908691596007], [-1.4689353206194937, 54.8912285012193], [-1.4689353206194937, 54.89194718445651], [-1.4652290078811347, 54.89410323416814], [-1.4652290078811347, 54.89482191740535], [-1.4646112890914083, 54.89518125902396], [-1.4633758515119553, 54.89518125902396], [-1.4621404139325023, 54.89446257578675], [-1.4609049763530493, 54.89446257578675], [-1.4602872575633228, 54.89410323416814], [-1.4602872575633228, 54.89338455093093], [-1.4596695387735963, 54.89302520931233], [-1.4584341011941433, 54.89374389254954], [-1.4571986636146903, 54.89302520931233], [-1.4565809448249638, 54.89338455093093], [-1.4565809448249638, 54.89554060064256], [-1.4571986636146903, 54.89589994226117], [-1.4596695387735963, 54.89589994226117], [-1.4602872575633228, 54.89625928387977], [-1.4602872575633228, 54.8984153335914], [-1.4596695387735963, 54.89886451061466], [-1.4596695387735963, 54.900122206279775], [-1.4602872575633228, 54.90057138330303], [-1.4590518199838698, 54.90129006654024], [-1.4590518199838698, 54.90344611625187], [-1.4571986636146903, 54.90461397651234], [-1.4571986636146903, 54.905152988940245], [-1.4578163824044168, 54.9056021659635], [-1.4578163824044168, 54.90632084920071], [-1.4571986636146903, 54.906680190819316], [-1.4559632260352373, 54.906680190819316], [-1.4497860381379724, 54.909465088363504], [-1.4504037569276989, 54.90991426538676], [-1.4510214757174253, 54.910273607005365], [-1.4522569132968783, 54.910273607005365], [-1.4528746320866048, 54.90919558214955], [-1.4547277884557843, 54.908117557293735], [-1.4559632260352373, 54.908836240530945], [-1.4571986636146903, 54.908117557293735], [-1.4584341011941433, 54.908117557293735], [-1.4602872575633228, 54.90919558214955], [-1.4602872575633228, 54.91494504804723], [-1.4590518199838698, 54.91566373128444], [-1.4590518199838698, 54.91638241452165], [-1.4602872575633228, 54.91710109775886], [-1.4602872575633228, 54.91925714747049], [-1.4621404139325023, 54.920335172326304], [-1.4633758515119553, 54.920335172326304], [-1.4639935703016818, 54.9199758307077], [-1.4627581327222288, 54.91925714747049], [-1.4646112890914083, 54.918179122614674], [-1.4658467266708612, 54.918897805851884], [-1.4676998830400407, 54.91781978099607], [-1.4676998830400407, 54.91638241452165], [-1.4664644454605877, 54.91566373128444], [-1.4670821642503142, 54.915304389665835], [-1.4683176018297672, 54.915304389665835], [-1.4689353206194937, 54.91566373128444], [-1.4689353206194937, 54.91638241452165], [-1.4695530394092202, 54.916741756140254]], [[-1.4454620066098869, 54.874698786763474], [-1.4448442878201604, 54.87433944514487], [-1.444226569030434, 54.874698786763474], [-1.444226569030434, 54.876854836475104], [-1.441755693871528, 54.878292202949524], [-1.441755693871528, 54.879010886186734], [-1.4411379750818014, 54.87937022780534], [-1.4399025375023484, 54.87937022780534], [-1.439284818712622, 54.879729569423944], [-1.439284818712622, 54.881166935898364], [-1.4386670999228954, 54.88152627751697], [-1.4374316623434424, 54.88152627751697], [-1.436813943553716, 54.88188561913557], [-1.436813943553716, 54.88476035208441], [-1.4374316623434424, 54.88511969370302], [-1.438049381133169, 54.88476035208441], [-1.438049381133169, 54.8840416688472], [-1.4399025375023484, 54.88296364399139], [-1.4423734126612544, 54.88296364399139], [-1.4436088502407074, 54.8836823272286], [-1.4460797253996134, 54.8836823272286], [-1.4466974441893399, 54.8840416688472], [-1.4466974441893399, 54.88476035208441], [-1.4485506005585194, 54.88583837694023], [-1.4497860381379724, 54.88511969370302], [-1.4534923508763313, 54.88511969370302], [-1.4547277884557843, 54.88583837694023], [-1.4559632260352373, 54.88583837694023], [-1.4565809448249638, 54.88547903532162], [-1.4541100696660578, 54.8840416688472], [-1.4541100696660578, 54.88332298560999], [-1.4559632260352373, 54.88224496075418], [-1.4565809448249638, 54.88260430237278], [-1.4565809448249638, 54.88332298560999], [-1.4571986636146903, 54.8836823272286], [-1.4584341011941433, 54.88296364399139], [-1.4596695387735963, 54.8836823272286], [-1.4633758515119553, 54.8836823272286], [-1.4652290078811347, 54.88260430237278], [-1.4652290078811347, 54.88188561913557], [-1.4658467266708612, 54.88152627751697], [-1.4670821642503142, 54.88152627751697], [-1.4683176018297672, 54.88224496075418], [-1.4695530394092202, 54.88224496075418], [-1.4701707581989467, 54.88188561913557], [-1.4689353206194937, 54.881166935898364], [-1.4689353206194937, 54.878292202949524], [-1.4676998830400407, 54.877573519712314], [-1.4683176018297672, 54.87721417809371], [-1.4690897503169253, 54.877573519712314], [-1.4714061957783997, 54.876136153237894], [-1.4714061957783997, 54.874698786763474], [-1.4707884769886732, 54.87433944514487], [-1.4683176018297672, 54.87433944514487], [-1.4652290078811347, 54.872542737051845], [-1.4652290078811347, 54.871824053814635], [-1.4646112890914083, 54.87146471219603], [-1.4621404139325023, 54.87290207867045], [-1.4609049763530493, 54.87290207867045], [-1.4596695387735963, 54.87362076190766], [-1.4584341011941433, 54.87362076190766], [-1.4571986636146903, 54.87433944514487], [-1.4559632260352373, 54.87433944514487], [-1.4553455072455108, 54.873980103526264], [-1.4553455072455108, 54.872542737051845], [-1.4541100696660578, 54.871824053814635], [-1.4541100696660578, 54.871105370577425], [-1.4528746320866048, 54.870386687340215], [-1.4528746320866048, 54.869668004103005], [-1.4559632260352373, 54.86787129600998], [-1.4596695387735963, 54.86787129600998], [-1.4609049763530493, 54.86715261277277], [-1.4633758515119553, 54.86715261277277], [-1.4646112890914083, 54.86787129600998], [-1.4658467266708612, 54.86787129600998], [-1.4664644454605877, 54.867511954391375], [-1.4664644454605877, 54.866793271154165], [-1.4689353206194937, 54.865355904679745], [-1.4683176018297672, 54.86499656306114], [-1.4670821642503142, 54.86499656306114], [-1.4652290078811347, 54.863918538205326], [-1.4652290078811347, 54.863199854968116], [-1.4639935703016818, 54.862481171730906], [-1.4639935703016818, 54.861043805256486], [-1.4633758515119553, 54.86068446363788], [-1.4621404139325023, 54.86068446363788], [-1.4609049763530493, 54.86140314687509], [-1.4571986636146903, 54.86140314687509], [-1.4565809448249638, 54.861043805256486], [-1.4565809448249638, 54.860325122019276], [-1.4559632260352373, 54.85996578040067], [-1.4547277884557843, 54.85996578040067], [-1.4541100696660578, 54.860325122019276], [-1.4541100696660578, 54.861043805256486], [-1.4534923508763313, 54.86140314687509], [-1.4522569132968783, 54.86140314687509], [-1.4516391945071518, 54.861762488493696], [-1.4516391945071518, 54.863199854968116], [-1.4491683193482459, 54.864637221442536], [-1.4491683193482459, 54.865355904679745], [-1.4485506005585194, 54.86571524629835], [-1.4473151629790664, 54.86571524629835], [-1.4466974441893399, 54.866074587916955], [-1.4479328817687929, 54.866793271154165], [-1.4479328817687929, 54.867511954391375], [-1.4504037569276989, 54.868949320865795], [-1.4504037569276989, 54.871105370577425], [-1.4497860381379724, 54.87146471219603], [-1.4473151629790664, 54.87146471219603], [-1.4466974441893399, 54.871824053814635], [-1.4479328817687929, 54.872542737051845], [-1.4479328817687929, 54.873261420289055], [-1.4466974441893399, 54.873980103526264], [-1.4466974441893399, 54.874698786763474], [-1.4460797253996134, 54.87505812838208], [-1.4454620066098869, 54.874698786763474]]], [[[-1.6023625792004168, 54.76617761794478], [-1.6023625792004168, 54.77048971736804], [-1.6035980167798698, 54.771208400605246], [-1.6029802979901433, 54.77156774222385], [-1.6005094228312373, 54.77156774222385], [-1.5998917040415108, 54.771927083842456], [-1.5998917040415108, 54.773364450316876], [-1.6011271416209638, 54.774083133554086], [-1.6011271416209638, 54.774801816791296], [-1.5998917040415108, 54.775520500028506], [-1.5998917040415108, 54.777676549740136], [-1.5992739852517843, 54.77803589135874], [-1.5968031100928783, 54.77803589135874], [-1.5961853913031518, 54.777676549740136], [-1.5961853913031518, 54.776957866502926], [-1.5955676725134254, 54.77659852488432], [-1.5937145161442459, 54.777676549740136], [-1.5937145161442459, 54.779113916214556], [-1.5955676725134254, 54.78019194107037], [-1.5968031100928783, 54.78019194107037], [-1.5974208288826048, 54.779832599451765], [-1.5974208288826048, 54.779113916214556], [-1.5980385476723313, 54.77875457459595], [-1.5998917040415108, 54.779832599451765], [-1.5998917040415108, 54.784144698875025], [-1.6011271416209638, 54.784863382112235], [-1.5998917040415108, 54.785582065349445], [-1.6011271416209638, 54.786300748586655], [-1.6011271416209638, 54.789175481535494], [-1.6017448604106903, 54.7895348231541], [-1.6029802979901433, 54.7895348231541], [-1.6035980167798698, 54.789175481535494], [-1.6035980167798698, 54.788456798298284], [-1.6054511731490493, 54.78737877344247], [-1.6079220483079553, 54.78737877344247], [-1.6085397670976818, 54.787738115061074], [-1.6085397670976818, 54.789894164772704], [-1.6073043295182288, 54.790612848009914], [-1.6073043295182288, 54.792050214484334], [-1.6085397670976818, 54.792768897721544], [-1.6085397670976818, 54.793487580958754], [-1.6097752046771348, 54.794206264195964], [-1.6085397670976818, 54.794924947433174], [-1.6085397670976818, 54.795643630670384], [-1.6079220483079553, 54.79600297228899], [-1.6066866107285023, 54.79600297228899], [-1.6054511731490493, 54.7967216555262], [-1.6029802979901433, 54.7967216555262], [-1.6017448604106903, 54.79600297228899], [-1.5992739852517843, 54.79600297228899], [-1.5986562664620578, 54.79636231390759], [-1.6011271416209638, 54.79779968038201], [-1.6005094228312373, 54.79815902200062], [-1.5992739852517843, 54.79815902200062], [-1.5974208288826048, 54.79923704685643], [-1.5974208288826048, 54.79995573009364], [-1.5961853913031518, 54.80067441333085], [-1.5961853913031518, 54.8042678295169], [-1.5955676725134254, 54.80462717113551], [-1.5943322349339724, 54.80462717113551], [-1.5937145161442459, 54.80498651275411], [-1.5937145161442459, 54.80570519599132], [-1.5918613597750664, 54.80678322084714], [-1.5906259221956134, 54.80678322084714], [-1.588772765826434, 54.80786124570295], [-1.5900082034058869, 54.80857992894016], [-1.5881550470367074, 54.80965795379598], [-1.5869196094572544, 54.80893927055877], [-1.5844487342983484, 54.80893927055877], [-1.583831015508622, 54.80857992894016], [-1.583831015508622, 54.80786124570295], [-1.585066453088075, 54.80714256246574], [-1.585066453088075, 54.80642387922853], [-1.5844487342983484, 54.80606453760993], [-1.5819778591394424, 54.80606453760993], [-1.580124702770263, 54.80498651275411], [-1.580124702770263, 54.8042678295169], [-1.5807424215599895, 54.8039084878983], [-1.581360140349716, 54.8042678295169], [-1.581360140349716, 54.80498651275411], [-1.5819778591394424, 54.80534585437272], [-1.582595577929169, 54.80498651275411], [-1.582595577929169, 54.80283046304248], [-1.5819778591394424, 54.80247112142388], [-1.5795069839805365, 54.80247112142388], [-1.5782715464010835, 54.80318980466109], [-1.5770361088216305, 54.80318980466109], [-1.576418390031904, 54.80354914627969], [-1.577653827611357, 54.8042678295169], [-1.5770361088216305, 54.80462717113551], [-1.5758006712421775, 54.80462717113551], [-1.5745652336627245, 54.8039084878983], [-1.5733297960832715, 54.8039084878983], [-1.5720943585038185, 54.80462717113551], [-1.5708589209243655, 54.80462717113551], [-1.570241202134639, 54.80498651275411], [-1.570241202134639, 54.80570519599132], [-1.5696234833449125, 54.80606453760993], [-1.5683880457654595, 54.80606453760993], [-1.5671526081860065, 54.80678322084714], [-1.5659171706065536, 54.80606453760993], [-1.5646817330271006, 54.80606453760993], [-1.561593139078468, 54.8042678295169], [-1.561593139078468, 54.80211177980527], [-1.560357701499015, 54.80139309656806], [-1.560357701499015, 54.80067441333085], [-1.561593139078468, 54.79995573009364], [-1.561593139078468, 54.79851836361922], [-1.560357701499015, 54.79779968038201], [-1.560357701499015, 54.7970809971448], [-1.561593139078468, 54.79636231390759], [-1.561593139078468, 54.795643630670384], [-1.5634462954476476, 54.79456560581457], [-1.5646817330271006, 54.79456560581457], [-1.5696234833449125, 54.79169087286573], [-1.5733297960832715, 54.79169087286573], [-1.5745652336627245, 54.79240955610294], [-1.5770361088216305, 54.79240955610294], [-1.5782715464010835, 54.79312823934015], [-1.5807424215599895, 54.79312823934015], [-1.581360140349716, 54.792768897721544], [-1.5807424215599895, 54.79240955610294], [-1.5795069839805365, 54.79240955610294], [-1.5782715464010835, 54.79169087286573], [-1.5770361088216305, 54.79169087286573], [-1.575182952452451, 54.790612848009914], [-1.575182952452451, 54.786300748586655], [-1.576418390031904, 54.785582065349445], [-1.576418390031904, 54.784863382112235], [-1.5758006712421775, 54.78450404049363], [-1.5733297960832715, 54.78450404049363], [-1.5720943585038185, 54.78522272373084], [-1.5708589209243655, 54.78522272373084], [-1.569005764555186, 54.784144698875025], [-1.569005764555186, 54.783426015637815], [-1.5683880457654595, 54.78306667401921], [-1.5659171706065536, 54.78306667401921], [-1.5646817330271006, 54.78378535725642], [-1.5634462954476476, 54.78306667401921], [-1.5585045451298356, 54.78306667401921], [-1.557886826340109, 54.783426015637815], [-1.557886826340109, 54.784863382112235], [-1.5572691075503826, 54.78522272373084], [-1.5547982323914766, 54.78522272373084], [-1.5535627948120236, 54.78594140696805], [-1.5529450760222971, 54.785582065349445], [-1.5529450760222971, 54.784863382112235], [-1.5541805136017501, 54.784144698875025], [-1.5535627948120236, 54.78378535725642], [-1.5510919196531177, 54.78378535725642], [-1.5498564820736647, 54.78306667401921], [-1.5486210444942117, 54.78306667401921], [-1.5473856069147587, 54.78378535725642], [-1.5467678881250322, 54.783426015637815], [-1.5467678881250322, 54.782707332400605], [-1.5461501693353057, 54.782347990782], [-1.5436792941763997, 54.78378535725642], [-1.5424438565969467, 54.78378535725642], [-1.5412084190174937, 54.78306667401921], [-1.5399729814380407, 54.78306667401921], [-1.5393552626483142, 54.783426015637815], [-1.5393552626483142, 54.784144698875025], [-1.5381198250688612, 54.784863382112235], [-1.5381198250688612, 54.785582065349445], [-1.5375021062791348, 54.78594140696805], [-1.5362666686996818, 54.78594140696805], [-1.5350312311202288, 54.78666009020526], [-1.5337957935407758, 54.78594140696805], [-1.5313249183818698, 54.78594140696805], [-1.5300894808024168, 54.78666009020526], [-1.5288540432229638, 54.78666009020526], [-1.5282363244332373, 54.786300748586655], [-1.5307071995921433, 54.784863382112235], [-1.5294717620126903, 54.784144698875025], [-1.5300894808024168, 54.78378535725642], [-1.5313249183818698, 54.78450404049363], [-1.5325603559613228, 54.78450404049363], [-1.5331780747510493, 54.784144698875025], [-1.5331780747510493, 54.782707332400605], [-1.5337957935407758, 54.782347990782], [-1.5350312311202288, 54.782347990782], [-1.5362666686996818, 54.78162930754479], [-1.5387375438585877, 54.78162930754479], [-1.5418261378072202, 54.779832599451765], [-1.5418261378072202, 54.779113916214556], [-1.5424438565969467, 54.77875457459595], [-1.5436792941763997, 54.77875457459595], [-1.5449147317558527, 54.77803589135874], [-1.5473856069147587, 54.77803589135874], [-1.5480033257044852, 54.777676549740136], [-1.5473856069147587, 54.77731720812153], [-1.5461501693353057, 54.77731720812153], [-1.5455324505455792, 54.776957866502926], [-1.5461501693353057, 54.77659852488432], [-1.5473856069147587, 54.77659852488432], [-1.5486210444942117, 54.77731720812153], [-1.5492387632839382, 54.776957866502926], [-1.5492387632839382, 54.775520500028506], [-1.5498564820736647, 54.7751611584099], [-1.5510919196531177, 54.77587984164711], [-1.5535627948120236, 54.77444247517269], [-1.5547982323914766, 54.77444247517269], [-1.5560336699709296, 54.77372379193548], [-1.5566513887606561, 54.774083133554086], [-1.5566513887606561, 54.774801816791296], [-1.5572691075503826, 54.7751611584099], [-1.5597399827092886, 54.7751611584099], [-1.560357701499015, 54.774801816791296], [-1.560357701499015, 54.774083133554086], [-1.5597399827092886, 54.77372379193548], [-1.5585045451298356, 54.77372379193548], [-1.557886826340109, 54.773364450316876], [-1.5585045451298356, 54.77300510869827], [-1.5597399827092886, 54.77300510869827], [-1.561593139078468, 54.771927083842456], [-1.561593139078468, 54.771208400605246], [-1.5646817330271006, 54.76941169251222], [-1.5659171706065536, 54.76941169251222], [-1.56653488939628, 54.76905235089362], [-1.56653488939628, 54.76833366765641], [-1.5659171706065536, 54.7679743260378], [-1.5646817330271006, 54.7679743260378], [-1.564064014237374, 54.7676149844192], [-1.565299451816827, 54.76689630118199], [-1.565299451816827, 54.76617761794478], [-1.5671526081860065, 54.76509959308896], [-1.5683880457654595, 54.76509959308896], [-1.5708589209243655, 54.76366222661454], [-1.5720943585038185, 54.76438090985175], [-1.5733297960832715, 54.76438090985175], [-1.573947514872998, 54.76402156823315], [-1.572712077293545, 54.76330288499594], [-1.573947514872998, 54.76258420175873], [-1.573947514872998, 54.76186551852152], [-1.5758006712421775, 54.7607874936657], [-1.5770361088216305, 54.7607874936657], [-1.577653827611357, 54.7604281520471], [-1.577653827611357, 54.75899078557268], [-1.5782715464010835, 54.75863144395407], [-1.5795069839805365, 54.75863144395407], [-1.5807424215599895, 54.75791276071686], [-1.5819778591394424, 54.75791276071686], [-1.5832132967188954, 54.75863144395407], [-1.585066453088075, 54.75755341909826], [-1.585066453088075, 54.75683473586105], [-1.5844487342983484, 54.75647539424244], [-1.5832132967188954, 54.75647539424244], [-1.582595577929169, 54.75611605262384], [-1.5844487342983484, 54.75503802776802], [-1.5869196094572544, 54.75503802776802], [-1.587537328246981, 54.75467868614942], [-1.5856841718778014, 54.7536006612936], [-1.5844487342983484, 54.75431934453081], [-1.583831015508622, 54.75396000291221], [-1.583831015508622, 54.753241319675], [-1.5844487342983484, 54.752881978056394], [-1.5856841718778014, 54.752881978056394], [-1.586301890667528, 54.75252263643779], [-1.586301890667528, 54.751540052186016], [-1.593802087257864, 54.75677958402906], [-1.5948004348370228, 54.757640397768235], [-1.5943322349339724, 54.75791276071686], [-1.5930967973545194, 54.75791276071686], [-1.5924790785647929, 54.75827210233547], [-1.5930967973545194, 54.75863144395407], [-1.5943322349339724, 54.75863144395407], [-1.5949499537236989, 54.75899078557268], [-1.5949499537236989, 54.75970946880989], [-1.5986562664620578, 54.76186551852152], [-1.5986562664620578, 54.76330288499594], [-1.5992739852517843, 54.76366222661454], [-1.6005094228312373, 54.76366222661454], [-1.6011271416209638, 54.76402156823315], [-1.6011271416209638, 54.76474025147036], [-1.6017448604106903, 54.76509959308896], [-1.6025712608996887, 54.764618856394094], [-1.6034421934705925, 54.765549580809164], [-1.6023625792004168, 54.76617761794478]]], [[[-1.8278299374505877, 54.95842538389843], [-1.8290653750300407, 54.95770670066122], [-1.8303008126094937, 54.95770670066122], [-1.8309185313992202, 54.958066042279825], [-1.8309185313992202, 54.958784725517035], [-1.8327716877683997, 54.95986275037285], [-1.8377134380862117, 54.95986275037285], [-1.8389488756656647, 54.96058143361006], [-1.8401843132451177, 54.96058143361006], [-1.8408020320348442, 54.960940775228664], [-1.8408020320348442, 54.961659458465874], [-1.8389488756656647, 54.96273748332169], [-1.8377134380862117, 54.96201880008448], [-1.8352425629273057, 54.96201880008448], [-1.8327716877683997, 54.96058143361006], [-1.8303008126094937, 54.96201880008448], [-1.8290653750300407, 54.96130011684727], [-1.8278299374505877, 54.96130011684727], [-1.8272122186608613, 54.960940775228664], [-1.8272122186608613, 54.960222091991454], [-1.8259767810814083, 54.959503408754244], [-1.8259767810814083, 54.958066042279825], [-1.8265944998711348, 54.95770670066122], [-1.8278299374505877, 54.95842538389843]]], [[[-1.7672934960573912, 55.082757583935745], [-1.7697643712162971, 55.082757583935745], [-1.7703820900060236, 55.08311692555435], [-1.7703820900060236, 55.08383560879156], [-1.7709998087957501, 55.084194950410165], [-1.7722352463752031, 55.084194950410165], [-1.7728529651649296, 55.08455429202877], [-1.7728529651649296, 55.0867103417404], [-1.7722352463752031, 55.087069683359005], [-1.7709998087957501, 55.087069683359005], [-1.7697643712162971, 55.086351000121795], [-1.7685289336368442, 55.086351000121795], [-1.7654403396882117, 55.08814770821482], [-1.7654403396882117, 55.08886639145203], [-1.7648226208984852, 55.089225733070634], [-1.7635871833190322, 55.089225733070634], [-1.7629694645293057, 55.08886639145203], [-1.7642049021087587, 55.08814770821482], [-1.7642049021087587, 55.08742902497761], [-1.7635871833190322, 55.087069683359005], [-1.7623517457395792, 55.087069683359005], [-1.7598808705806732, 55.088507049833424], [-1.7586454330012202, 55.088507049833424], [-1.7580277142114937, 55.08814770821482], [-1.7580277142114937, 55.08742902497761], [-1.7586454330012202, 55.087069683359005], [-1.7598808705806732, 55.087069683359005], [-1.7604985893703997, 55.0867103417404], [-1.7598808705806732, 55.086351000121795], [-1.7561745578423142, 55.086351000121795], [-1.7555568390525877, 55.08599165850319], [-1.7555568390525877, 55.08239824231714], [-1.7561745578423142, 55.082038900698535], [-1.7586454330012202, 55.082038900698535], [-1.7592631517909467, 55.08167955907993], [-1.7592631517909467, 55.08024219260551], [-1.7598808705806732, 55.079882850986905], [-1.7611163081601262, 55.079882850986905], [-1.7623517457395792, 55.079164167749695], [-1.7635871833190322, 55.079164167749695], [-1.7648226208984852, 55.079882850986905], [-1.7660580584779382, 55.079882850986905], [-1.7672934960573912, 55.079164167749695], [-1.7691466524265707, 55.08024219260551], [-1.7691466524265707, 55.08167955907993], [-1.7685289336368442, 55.082038900698535], [-1.7672934960573912, 55.082038900698535], [-1.7666757772676647, 55.08239824231714], [-1.7672934960573912, 55.082757583935745]]], [[[-1.7444379008375108, 55.09964664001018], [-1.7444379008375108, 55.09533454058692], [-1.7450556196272373, 55.094975198968314], [-1.7462910572066903, 55.094975198968314], [-1.7475264947861433, 55.094256515731104], [-1.7487619323655963, 55.094256515731104], [-1.7499973699450493, 55.094975198968314], [-1.7524682451039553, 55.094975198968314], [-1.7537036826834083, 55.09569388220552], [-1.7543214014731348, 55.09605322382413], [-1.7543214014731348, 55.09677190706134], [-1.7537036826834083, 55.09713124867994], [-1.7512328075245023, 55.09713124867994], [-1.7506150887347758, 55.09749059029855], [-1.7518505263142288, 55.09820927353576], [-1.7518505263142288, 55.09964664001018], [-1.7524682451039553, 55.10000598162878], [-1.7549391202628613, 55.10000598162878], [-1.7561745578423142, 55.10072466486599], [-1.7586454330012202, 55.10072466486599], [-1.7592631517909467, 55.1010840064846], [-1.7592631517909467, 55.10324005619623], [-1.7580277142114937, 55.10395873943344], [-1.7580277142114937, 55.10611478914507], [-1.7555568390525877, 55.10755215561949], [-1.7555568390525877, 55.1082708388567], [-1.7549391202628613, 55.1086301804753], [-1.7537036826834083, 55.10791149723809], [-1.7524682451039553, 55.10791149723809], [-1.7518505263142288, 55.1082708388567], [-1.7530859638936818, 55.10898952209391], [-1.7530859638936818, 55.10970820533112], [-1.7512328075245023, 55.11078623018693], [-1.7475264947861433, 55.11078623018693], [-1.7469087759964168, 55.11042688856833], [-1.7469087759964168, 55.10970820533112], [-1.7450556196272373, 55.1086301804753], [-1.7401138693094254, 55.1086301804753], [-1.7394961505196989, 55.1082708388567], [-1.7394961505196989, 55.10324005619623], [-1.7407315880991518, 55.10252137295902], [-1.7407315880991518, 55.10036532324739], [-1.7413493068888783, 55.10000598162878], [-1.7438201820477843, 55.10000598162878], [-1.7444379008375108, 55.09964664001018]]], [[[-1.727141774725169, 55.14204895100556], [-1.727141774725169, 55.14061158453114], [-1.728377212304622, 55.13989290129393], [-1.728377212304622, 55.138455534819514], [-1.729612649884075, 55.137736851582304], [-1.729612649884075, 55.135580801870674], [-1.730848087463528, 55.134862118633464], [-1.730848087463528, 55.132706068921834], [-1.732083525042981, 55.131987385684624], [-1.732083525042981, 55.130550019210204], [-1.733318962622434, 55.129831335972995], [-1.733318962622434, 55.129112652735785], [-1.7339366814121604, 55.12875331111718], [-1.7401138693094254, 55.12875331111718], [-1.7407315880991518, 55.128393969498575], [-1.7394961505196989, 55.127675286261365], [-1.7419670256786048, 55.126237919786945], [-1.7407315880991518, 55.125519236549735], [-1.7407315880991518, 55.124800553312525], [-1.7394961505196989, 55.124081870075315], [-1.7394961505196989, 55.119769770652056], [-1.7401138693094254, 55.11941042903345], [-1.7438201820477843, 55.11941042903345], [-1.7444379008375108, 55.119051087414846], [-1.7444379008375108, 55.118332404177636], [-1.7450556196272373, 55.11797306255903], [-1.7487619323655963, 55.11797306255903], [-1.7493796511553228, 55.117613720940426], [-1.7493796511553228, 55.116895037703216], [-1.7506150887347758, 55.116176354466006], [-1.7506150887347758, 55.115457671228796], [-1.7493796511553228, 55.114738987991586], [-1.7493796511553228, 55.11330162151717], [-1.7512328075245023, 55.11222359666135], [-1.7518505263142288, 55.11258293827996], [-1.7518505263142288, 55.11330162151717], [-1.7530859638936818, 55.114020304754376], [-1.7530859638936818, 55.114738987991586], [-1.7561745578423142, 55.11653569608461], [-1.7574099954217672, 55.11653569608461], [-1.7580277142114937, 55.116895037703216], [-1.7580277142114937, 55.117613720940426], [-1.7586454330012202, 55.11797306255903], [-1.7611163081601262, 55.11797306255903], [-1.7623517457395792, 55.11869174579624], [-1.7660580584779382, 55.11869174579624], [-1.7672934960573912, 55.11941042903345], [-1.7685289336368442, 55.11941042903345], [-1.7691466524265707, 55.119769770652056], [-1.7691466524265707, 55.121207137126476], [-1.7685289336368442, 55.12156647874508], [-1.7672934960573912, 55.12156647874508], [-1.7666757772676647, 55.121925820363685], [-1.7666757772676647, 55.122644503600895], [-1.7672934960573912, 55.1230038452195], [-1.7685289336368442, 55.1230038452195], [-1.7691466524265707, 55.123363186838105], [-1.7691466524265707, 55.125519236549735], [-1.7685289336368442, 55.12587857816834], [-1.7660580584779382, 55.12587857816834], [-1.7648226208984852, 55.12515989493113], [-1.7642049021087587, 55.125519236549735], [-1.7642049021087587, 55.126237919786945], [-1.7629694645293057, 55.126956603024155], [-1.7629694645293057, 55.127675286261365], [-1.7635871833190322, 55.12803462787997], [-1.7648226208984852, 55.12803462787997], [-1.7654403396882117, 55.128393969498575], [-1.7654403396882117, 55.129831335972995], [-1.7648226208984852, 55.1301906775916], [-1.7598808705806732, 55.1301906775916], [-1.7586454330012202, 55.12947199435439], [-1.7574099954217672, 55.12947199435439], [-1.7543214014731348, 55.131268702447414], [-1.7543214014731348, 55.131987385684624], [-1.7524682451039553, 55.13306541054044], [-1.7512328075245023, 55.13306541054044], [-1.7487619323655963, 55.13450277701486], [-1.7475264947861433, 55.13378409377765], [-1.7462910572066903, 55.13450277701486], [-1.7450556196272373, 55.13450277701486], [-1.7438201820477843, 55.13522146025207], [-1.7425847444683313, 55.13522146025207], [-1.7407315880991518, 55.136299485107884], [-1.7413493068888783, 55.13665882672649], [-1.7438201820477843, 55.13665882672649], [-1.7444379008375108, 55.137018168345094], [-1.7444379008375108, 55.139502498097904], [-1.733602510808415, 55.141296178196704], [-1.728135190825124, 55.14187645595655], [-1.727089872274466, 55.142079143887756], [-1.727141774725169, 55.14204895100556]]], [[[-1.7252886183559895, 55.14240829262417], [-1.7253665327249028, 55.14240829262417], [-1.7252583803091275, 55.14242588281065], [-1.7252886183559895, 55.14240829262417]]], [[[-1.7030507419258356, 55.14672039204743], [-1.7024330231361091, 55.14636105042882], [-1.703668460715562, 55.14564236719161], [-1.703668460715562, 55.1449236839544], [-1.7024330231361091, 55.14420500071719], [-1.7030507419258356, 55.14384565909859], [-1.7042861795052886, 55.14384565909859], [-1.7055216170847416, 55.14312697586138], [-1.7079924922436476, 55.1445643423358], [-1.7104633674025536, 55.1445643423358], [-1.71108108619228, 55.1449236839544], [-1.71108108619228, 55.14524571839182], [-1.709727519008462, 55.145500189975394], [-1.707703996228685, 55.14587272184421], [-1.707467871223995, 55.14591604349105], [-1.70686177053653, 55.146026865470034], [-1.705110060853437, 55.146347008799644], [-1.704316125822015, 55.146490330291], [-1.703648968874736, 55.14662471915858], [-1.7031027331326096, 55.14672039204743], [-1.7030507419258356, 55.14672039204743]]], [[[-1.6418965817429125, 55.15139183308929], [-1.6431320193223655, 55.15067314985208], [-1.6431320193223655, 55.14851710014045], [-1.644985175691545, 55.14743907528464], [-1.647456050850451, 55.14743907528464], [-1.6493092072196305, 55.14636105042882], [-1.6493092072196305, 55.14348631747998], [-1.6480737696401775, 55.14276763424277], [-1.6480737696401775, 55.14061158453114], [-1.646220613270998, 55.13953355967533], [-1.6456028944812715, 55.13989290129393], [-1.6456028944812715, 55.14061158453114], [-1.6468383320607245, 55.14133026776835], [-1.644985175691545, 55.14240829262417], [-1.6443674569018185, 55.14204895100556], [-1.6443674569018185, 55.14133026776835], [-1.643749738112092, 55.14097092614975], [-1.641278862953186, 55.14097092614975], [-1.6406611441634595, 55.14061158453114], [-1.6406611441634595, 55.13989290129393], [-1.6381902690045536, 55.138455534819514], [-1.6406611441634595, 55.137018168345094], [-1.6406611441634595, 55.136299485107884], [-1.6418965817429125, 55.135580801870674], [-1.641278862953186, 55.13522146025207], [-1.640043425373733, 55.13522146025207], [-1.6394257065840065, 55.134862118633464], [-1.6394257065840065, 55.134143435396254], [-1.6381902690045536, 55.133424752159044], [-1.6381902690045536, 55.132706068921834], [-1.63880798779428, 55.13234672730323], [-1.640043425373733, 55.13234672730323], [-1.6418965817429125, 55.131268702447414], [-1.6418965817429125, 55.129831335972995], [-1.641278862953186, 55.12947199435439], [-1.640043425373733, 55.12947199435439], [-1.63880798779428, 55.1301906775916], [-1.6381902690045536, 55.129831335972995], [-1.6381902690045536, 55.128393969498575], [-1.63880798779428, 55.12803462787997], [-1.640043425373733, 55.12803462787997], [-1.6406611441634595, 55.127675286261365], [-1.6406611441634595, 55.126956603024155], [-1.640043425373733, 55.12659726140555], [-1.63880798779428, 55.12659726140555], [-1.6381902690045536, 55.126237919786945], [-1.6381902690045536, 55.124800553312525], [-1.63880798779428, 55.12444121169392], [-1.641278862953186, 55.12444121169392], [-1.642514300532639, 55.12372252845671], [-1.643749738112092, 55.12372252845671], [-1.644985175691545, 55.12444121169392], [-1.649926926009357, 55.12444121169392], [-1.6505446447990835, 55.124081870075315], [-1.6505446447990835, 55.123363186838105], [-1.65116236358881, 55.1230038452195], [-1.6517800823785365, 55.123363186838105], [-1.6517800823785365, 55.124081870075315], [-1.652397801168263, 55.12444121169392], [-1.653633238747716, 55.12444121169392], [-1.654868676327169, 55.12372252845671], [-1.656104113906622, 55.12372252845671], [-1.657339551486075, 55.1230038452195], [-1.658574989065528, 55.1230038452195], [-1.659810426644981, 55.12228516198229], [-1.6635167393833399, 55.12444121169392], [-1.6641344581730664, 55.124081870075315], [-1.6641344581730664, 55.123363186838105], [-1.6653698957525194, 55.122644503600895], [-1.6653698957525194, 55.121925820363685], [-1.6666053333319724, 55.121207137126476], [-1.6666053333319724, 55.120488453889266], [-1.6659876145422459, 55.12012911227066], [-1.6647521769627929, 55.12012911227066], [-1.6641344581730664, 55.119769770652056], [-1.6641344581730664, 55.119051087414846], [-1.6628990205936134, 55.118332404177636], [-1.6635167393833399, 55.11797306255903], [-1.6647521769627929, 55.11797306255903], [-1.6653698957525194, 55.117613720940426], [-1.6641344581730664, 55.116895037703216], [-1.6641344581730664, 55.116176354466006], [-1.6628990205936134, 55.115457671228796], [-1.6635167393833399, 55.11509832961019], [-1.6647521769627929, 55.11509832961019], [-1.6653698957525194, 55.114738987991586], [-1.6653698957525194, 55.114020304754376], [-1.6659876145422459, 55.11366096313577], [-1.6666053333319724, 55.114020304754376], [-1.6666053333319724, 55.116176354466006], [-1.6696939272806048, 55.11797306255903], [-1.6709293648600578, 55.11725437932182], [-1.6721648024395108, 55.11797306255903], [-1.6758711151778698, 55.11797306255903], [-1.6764888339675963, 55.118332404177636], [-1.6764888339675963, 55.119051087414846], [-1.6777242715470493, 55.119769770652056], [-1.6777242715470493, 55.121207137126476], [-1.6727825212292373, 55.124081870075315], [-1.6740179588086903, 55.124800553312525], [-1.6740179588086903, 55.125519236549735], [-1.6752533963881433, 55.126237919786945], [-1.6752533963881433, 55.129831335972995], [-1.6758711151778698, 55.1301906775916], [-1.6771065527573228, 55.12947199435439], [-1.6783419903367758, 55.1301906775916], [-1.6795774279162288, 55.1301906775916], [-1.6808128654956818, 55.13090936082881], [-1.6820483030751348, 55.13090936082881], [-1.6832837406545877, 55.13162804406602], [-1.6857546158134937, 55.13162804406602], [-1.6869900533929467, 55.13234672730323], [-1.6882254909723997, 55.13234672730323], [-1.6888432097621262, 55.132706068921834], [-1.6888432097621262, 55.133424752159044], [-1.6906963661313057, 55.13450277701486], [-1.6919318037107587, 55.13378409377765], [-1.6937849600799382, 55.134862118633464], [-1.6937849600799382, 55.137736851582304], [-1.6931672412902117, 55.13809619320091], [-1.6906963661313057, 55.13809619320091], [-1.6894609285518527, 55.13881487643812], [-1.6869900533929467, 55.13881487643812], [-1.6863723346032202, 55.13917421805672], [-1.6869900533929467, 55.13953355967533], [-1.6882254909723997, 55.13953355967533], [-1.6900786473415792, 55.14061158453114], [-1.6900786473415792, 55.14133026776835], [-1.6894609285518527, 55.14168960938696], [-1.6882254909723997, 55.14168960938696], [-1.6876077721826732, 55.14204895100556], [-1.6876077721826732, 55.14276763424277], [-1.6888432097621262, 55.14348631747998], [-1.6888432097621262, 55.14564236719161], [-1.6894609285518527, 55.14600170881022], [-1.6906963661313057, 55.14600170881022], [-1.6919318037107587, 55.14672039204743], [-1.6931672412902117, 55.14672039204743], [-1.6954664324718138, 55.14805788589482], [-1.693671821571138, 55.148372211003895], [-1.692897359714591, 55.14848801022868], [-1.687849551409021, 55.149179488800975], [-1.687213481675561, 55.1492587262039], [-1.685323731973442, 55.14948546492881], [-1.683800343866148, 55.14966127047835], [-1.680059182175907, 55.15005943073523], [-1.678677293087317, 55.15019416567449], [-1.676931563296182, 55.150357154287384], [-1.674946807661956, 55.1505342633822], [-1.672371686481475, 55.15074846198822], [-1.671380945656608, 55.15082489543709], [-1.669895006809473, 55.150915518756605], [-1.6703116460703313, 55.15067314985208], [-1.6703116460703313, 55.14995446661487], [-1.6715470836497843, 55.14923578337766], [-1.6715470836497843, 55.14851710014045], [-1.6727825212292373, 55.14779841690324], [-1.6727825212292373, 55.14636105042882], [-1.6758711151778698, 55.1445643423358], [-1.6783419903367758, 55.1445643423358], [-1.6795774279162288, 55.14528302557301], [-1.6808128654956818, 55.14528302557301], [-1.6814305842854083, 55.1449236839544], [-1.6814305842854083, 55.14133026776835], [-1.6801951467059553, 55.14061158453114], [-1.6801951467059553, 55.13917421805672], [-1.6783419903367758, 55.13809619320091], [-1.6758711151778698, 55.13809619320091], [-1.6734002400189638, 55.13953355967533], [-1.6709293648600578, 55.13953355967533], [-1.6703116460703313, 55.13917421805672], [-1.6703116460703313, 55.137018168345094], [-1.6690762084908783, 55.136299485107884], [-1.6696939272806048, 55.13594014348928], [-1.6709293648600578, 55.13594014348928], [-1.6721648024395108, 55.13522146025207], [-1.6734002400189638, 55.13594014348928], [-1.6740179588086903, 55.135580801870674], [-1.6740179588086903, 55.134862118633464], [-1.6727825212292373, 55.134143435396254], [-1.6727825212292373, 55.133424752159044], [-1.6740179588086903, 55.132706068921834], [-1.6740179588086903, 55.131268702447414], [-1.6734002400189638, 55.13090936082881], [-1.6709293648600578, 55.13090936082881], [-1.6703116460703313, 55.131268702447414], [-1.6703116460703313, 55.133424752159044], [-1.6696939272806048, 55.13378409377765], [-1.6684584897011518, 55.13378409377765], [-1.6672230521216989, 55.13306541054044], [-1.662281301803887, 55.13306541054044], [-1.6616635830141604, 55.133424752159044], [-1.6616635830141604, 55.134143435396254], [-1.6604281454347074, 55.134862118633464], [-1.6604281454347074, 55.135580801870674], [-1.661045864224434, 55.13594014348928], [-1.662281301803887, 55.13594014348928], [-1.6635167393833399, 55.13522146025207], [-1.6647521769627929, 55.13522146025207], [-1.6653698957525194, 55.135580801870674], [-1.6653698957525194, 55.137018168345094], [-1.6635167393833399, 55.13809619320091], [-1.662281301803887, 55.1373775099637], [-1.6616635830141604, 55.137736851582304], [-1.6616635830141604, 55.13917421805672], [-1.6628990205936134, 55.13989290129393], [-1.6628990205936134, 55.14204895100556], [-1.6616635830141604, 55.14276763424277], [-1.6616635830141604, 55.14348631747998], [-1.6604281454347074, 55.14420500071719], [-1.6604281454347074, 55.14564236719161], [-1.661045864224434, 55.14600170881022], [-1.662281301803887, 55.14600170881022], [-1.6628990205936134, 55.14636105042882], [-1.6628990205936134, 55.14851710014045], [-1.6647521769627929, 55.14959512499627], [-1.6659876145422459, 55.14959512499627], [-1.6672230521216989, 55.15031380823348], [-1.6684584897011518, 55.15031380823348], [-1.6695310088822721, 55.15093771798811], [-1.664412370564329, 55.15124988964758], [-1.663261712518285, 55.15130157921927], [-1.659624654048027, 55.151315039427146], [-1.657484007466116, 55.15147010430263], [-1.645412105799181, 55.1516777988485], [-1.6418965817429125, 55.15154508294151], [-1.6418965817429125, 55.15139183308929]]], [[[-1.5961853913031518, 55.14348631747998], [-1.5968031100928783, 55.14312697586138], [-1.6005094228312373, 55.14312697586138], [-1.6017448604106903, 55.14384565909859], [-1.6029802979901433, 55.14384565909859], [-1.6035980167798698, 55.14420500071719], [-1.6035980167798698, 55.14564236719161], [-1.6023625792004168, 55.14636105042882], [-1.6035051534440001, 55.14702571286891], [-1.598433371930641, 55.1459541973592], [-1.5961853913031518, 55.14533342905935], [-1.5961853913031518, 55.14348631747998]]], [[[-1.6628990205936134, 55.10683347238228], [-1.6647521769627929, 55.10575544752646], [-1.6672230521216989, 55.10575544752646], [-1.6684584897011518, 55.10503676428925], [-1.6690762084908783, 55.10539610590786], [-1.6690762084908783, 55.10611478914507], [-1.6703116460703313, 55.10683347238228], [-1.6703116460703313, 55.10755215561949], [-1.6709293648600578, 55.10791149723809], [-1.6721648024395108, 55.10791149723809], [-1.6727825212292373, 55.1082708388567], [-1.6672230521216989, 55.11150491342414], [-1.6659876145422459, 55.11078623018693], [-1.6647521769627929, 55.11078623018693], [-1.6641344581730664, 55.11042688856833], [-1.6641344581730664, 55.10755215561949], [-1.6628990205936134, 55.10683347238228]]], [[[-1.5560336699709296, 55.12731594464276], [-1.5554159511812031, 55.126956603024155], [-1.5566513887606561, 55.126237919786945], [-1.5566513887606561, 55.125519236549735], [-1.5560336699709296, 55.12515989493113], [-1.5547982323914766, 55.12515989493113], [-1.5535627948120236, 55.12587857816834], [-1.5523273572325706, 55.12587857816834], [-1.5517096384428442, 55.125519236549735], [-1.5523273572325706, 55.12515989493113], [-1.5535627948120236, 55.12515989493113], [-1.5541805136017501, 55.124800553312525], [-1.5541805136017501, 55.124081870075315], [-1.5566513887606561, 55.122644503600895], [-1.5566513887606561, 55.121925820363685], [-1.5585045451298356, 55.12084779550787], [-1.5597399827092886, 55.12084779550787], [-1.560357701499015, 55.121207137126476], [-1.560357701499015, 55.121925820363685], [-1.561593139078468, 55.122644503600895], [-1.561593139078468, 55.124800553312525], [-1.562828576657921, 55.125519236549735], [-1.562828576657921, 55.126956603024155], [-1.561593139078468, 55.127675286261365], [-1.561593139078468, 55.128393969498575], [-1.5609754202887416, 55.12875331111718], [-1.5597399827092886, 55.12803462787997], [-1.5585045451298356, 55.12803462787997], [-1.557886826340109, 55.127675286261365], [-1.557886826340109, 55.126956603024155], [-1.5572691075503826, 55.12659726140555], [-1.5560336699709296, 55.12731594464276]]], [[[-1.5442970129661262, 55.08239824231714], [-1.5442970129661262, 55.08311692555435], [-1.5436792941763997, 55.083476267172955], [-1.5430615753866732, 55.08311692555435], [-1.5430615753866732, 55.08239824231714], [-1.5424438565969467, 55.082038900698535], [-1.5375021062791348, 55.082038900698535], [-1.5368843874894083, 55.08239824231714], [-1.5368843874894083, 55.08311692555435], [-1.5362666686996818, 55.083476267172955], [-1.5313249183818698, 55.083476267172955], [-1.5307071995921433, 55.08311692555435], [-1.5307071995921433, 55.08239824231714], [-1.5300894808024168, 55.082038900698535], [-1.5276186056435108, 55.082038900698535], [-1.5270008868537843, 55.08167955907993], [-1.5270008868537843, 55.0795235093683], [-1.5245300116948783, 55.07808614289388], [-1.5245300116948783, 55.07593009318225], [-1.5232945741154253, 55.07521140994504], [-1.5232945741154253, 55.07449272670783], [-1.5220591365359724, 55.07377404347062], [-1.5220591365359724, 55.07161799375899], [-1.5226768553256989, 55.071258652140386], [-1.5251477304846048, 55.071258652140386], [-1.5270008868537843, 55.07018062728457], [-1.5270008868537843, 55.06874326081015], [-1.5276186056435108, 55.06838391919155], [-1.5288540432229638, 55.06838391919155], [-1.5300894808024168, 55.06766523595434], [-1.5325603559613228, 55.06910260242876], [-1.5337957935407758, 55.06910260242876], [-1.5350312311202288, 55.06982128566597], [-1.5356489499099553, 55.06946194404736], [-1.5356489499099553, 55.06874326081015], [-1.5368843874894083, 55.06802457757294], [-1.5368843874894083, 55.06730589433573], [-1.5375021062791348, 55.06694655271713], [-1.5412084190174937, 55.06694655271713], [-1.5436792941763997, 55.06838391919155], [-1.5461501693353057, 55.06838391919155], [-1.5473856069147587, 55.06766523595434], [-1.5480033257044852, 55.06802457757294], [-1.5480033257044852, 55.06874326081015], [-1.5467678881250322, 55.06946194404736], [-1.5467678881250322, 55.07018062728457], [-1.5455324505455792, 55.07089931052178], [-1.5455324505455792, 55.07305536023341], [-1.5461501693353057, 55.073414701852016], [-1.5473856069147587, 55.073414701852016], [-1.5486210444942117, 55.072696018614806], [-1.5510919196531177, 55.072696018614806], [-1.5517096384428442, 55.07305536023341], [-1.5510919196531177, 55.073414701852016], [-1.5498564820736647, 55.073414701852016], [-1.5492387632839382, 55.07377404347062], [-1.5504742008633912, 55.07449272670783], [-1.5498564820736647, 55.074852068326436], [-1.5486210444942117, 55.074133385089226], [-1.5480033257044852, 55.07449272670783], [-1.5480033257044852, 55.07593009318225], [-1.5486210444942117, 55.076289434800856], [-1.5498564820736647, 55.075570751563646], [-1.5510919196531177, 55.075570751563646], [-1.5517096384428442, 55.07593009318225], [-1.5492387632839382, 55.07736745965667], [-1.5492387632839382, 55.0795235093683], [-1.5486210444942117, 55.079882850986905], [-1.5461501693353057, 55.079882850986905], [-1.5430615753866732, 55.08167955907993], [-1.5442970129661262, 55.08239824231714]]], [[[-1.5146465110592544, 55.10539610590786], [-1.5158819486387074, 55.10467742267065], [-1.5158819486387074, 55.10395873943344], [-1.516499667428434, 55.10359939781483], [-1.5189705425873399, 55.10359939781483], [-1.5195882613770664, 55.10324005619623], [-1.5189705425873399, 55.10288071457762], [-1.5177351050078869, 55.10288071457762], [-1.5171173862181604, 55.10252137295902], [-1.5183528237976134, 55.10180268972181], [-1.5183528237976134, 55.1010840064846], [-1.5202059801667929, 55.10000598162878], [-1.5214414177462459, 55.10000598162878], [-1.5226768553256989, 55.09928729839157], [-1.5239122929051518, 55.09928729839157], [-1.5251477304846048, 55.09856861515436], [-1.5263831680640578, 55.09856861515436], [-1.5276186056435108, 55.09928729839157], [-1.5288540432229638, 55.09928729839157], [-1.5294717620126903, 55.09892795677297], [-1.5294717620126903, 55.09749059029855], [-1.5300894808024168, 55.09713124867994], [-1.5313249183818698, 55.09713124867994], [-1.5319426371715963, 55.09749059029855], [-1.5319426371715963, 55.09820927353576], [-1.5307071995921433, 55.09892795677297], [-1.5313249183818698, 55.09928729839157], [-1.5350312311202288, 55.09928729839157], [-1.5356489499099553, 55.09964664001018], [-1.5356489499099553, 55.10036532324739], [-1.5344135123305023, 55.1010840064846], [-1.5344135123305023, 55.10324005619623], [-1.5356489499099553, 55.10395873943344], [-1.5350312311202288, 55.10431808105204], [-1.5337957935407758, 55.10431808105204], [-1.5319426371715963, 55.10539610590786], [-1.5319426371715963, 55.10611478914507], [-1.5331780747510493, 55.10683347238228], [-1.5319426371715963, 55.10755215561949], [-1.5319426371715963, 55.1082708388567], [-1.5300894808024168, 55.10934886371251], [-1.5288540432229638, 55.10934886371251], [-1.5282363244332373, 55.10898952209391], [-1.5282363244332373, 55.1082708388567], [-1.5270008868537843, 55.10755215561949], [-1.5270008868537843, 55.10683347238228], [-1.5251477304846048, 55.10575544752646], [-1.5202059801667929, 55.10575544752646], [-1.5195882613770664, 55.10611478914507], [-1.5195882613770664, 55.10683347238228], [-1.5189705425873399, 55.10719281400088], [-1.5177351050078869, 55.10647413076367], [-1.516499667428434, 55.10719281400088], [-1.5146465110592544, 55.10611478914507], [-1.5146465110592544, 55.10539610590786]]], [[[-1.3911027531139553, 54.81576676131226], [-1.3911027531139553, 54.81504807807505], [-1.3917204719036818, 54.814688736456446], [-1.3941913470625877, 54.814688736456446], [-1.3954267846420407, 54.815407419693656], [-1.3966622222214937, 54.815407419693656], [-1.3978976598009467, 54.814688736456446], [-1.3997508161701262, 54.81576676131226], [-1.3997508161701262, 54.81720412778668], [-1.3978976598009467, 54.818282152642496], [-1.3954267846420407, 54.816844786168076], [-1.3917204719036818, 54.819000835879706], [-1.3892495967447758, 54.819000835879706], [-1.3880141591653228, 54.818282152642496], [-1.3873964403755963, 54.8186414942611], [-1.3873964403755963, 54.81936017749831], [-1.3867787215858698, 54.819719519116916], [-1.3855432840064168, 54.819719519116916], [-1.3849255652166903, 54.82007886073552], [-1.3849255652166903, 54.82079754397273], [-1.3843078464269638, 54.821156885591336], [-1.3824546900577843, 54.82007886073552], [-1.3824546900577843, 54.81936017749831], [-1.3836901276372373, 54.8186414942611], [-1.3830724088475108, 54.818282152642496], [-1.3806015336886048, 54.818282152642496], [-1.3793660961091518, 54.817563469405286], [-1.3768952209502459, 54.817563469405286], [-1.3762775021605194, 54.81720412778668], [-1.3775129397399724, 54.81648544454947], [-1.3768952209502459, 54.816126102930866], [-1.3756597833707929, 54.816126102930866], [-1.3750420645810664, 54.81648544454947], [-1.3750420645810664, 54.81792281102389], [-1.3744243457913399, 54.818282152642496], [-1.370718033052981, 54.818282152642496], [-1.369482595473528, 54.817563469405286], [-1.3688648766838014, 54.81792281102389], [-1.3688648766838014, 54.82007886073552], [-1.3676294391043484, 54.82079754397273], [-1.3676294391043484, 54.82151622720994], [-1.3663940015248954, 54.82223491044715], [-1.368247157894075, 54.823312935302965], [-1.369482595473528, 54.823312935302965], [-1.3701003142632544, 54.82367227692157], [-1.3701003142632544, 54.8258283266332], [-1.3688648766838014, 54.82654700987041], [-1.3688648766838014, 54.82726569310762], [-1.368247157894075, 54.827625034726225], [-1.3676294391043484, 54.82726569310762], [-1.3676294391043484, 54.82654700987041], [-1.367011720314622, 54.826187668251805], [-1.364540845155716, 54.826187668251805], [-1.3639231263659894, 54.8258283266332], [-1.3639231263659894, 54.82510964339599], [-1.3663940015248954, 54.82367227692157], [-1.3663940015248954, 54.82295359368436], [-1.365776282735169, 54.822594252065755], [-1.363305407576263, 54.822594252065755], [-1.3626876887865365, 54.82223491044715], [-1.3626876887865365, 54.82151622720994], [-1.3614522512070835, 54.82079754397273], [-1.3614522512070835, 54.82007886073552], [-1.3626876887865365, 54.81936017749831], [-1.3626876887865365, 54.8186414942611], [-1.363305407576263, 54.818282152642496], [-1.364540845155716, 54.818282152642496], [-1.3651585639454424, 54.81792281102389], [-1.3639231263659894, 54.81720412778668], [-1.364540845155716, 54.816844786168076], [-1.365776282735169, 54.817563469405286], [-1.367011720314622, 54.817563469405286], [-1.3676294391043484, 54.81720412778668], [-1.3676294391043484, 54.81648544454947], [-1.3663940015248954, 54.81576676131226], [-1.3676294391043484, 54.81504807807505], [-1.3676294391043484, 54.81432939483784], [-1.3663940015248954, 54.81361071160063], [-1.3663940015248954, 54.81289202836342], [-1.367011720314622, 54.81253268674482], [-1.368247157894075, 54.81253268674482], [-1.3688648766838014, 54.81217334512621], [-1.3688648766838014, 54.811454661889], [-1.369482595473528, 54.8110953202704], [-1.3731889082118869, 54.8110953202704], [-1.3750420645810664, 54.81217334512621], [-1.3750420645810664, 54.81289202836342], [-1.3756597833707929, 54.81325136998203], [-1.3768952209502459, 54.81325136998203], [-1.3781306585296988, 54.81253268674482], [-1.3818369712680578, 54.81253268674482], [-1.3843078464269638, 54.813970053219236], [-1.3855432840064168, 54.813970053219236], [-1.3873964403755963, 54.81504807807505], [-1.3873964403755963, 54.81576676131226], [-1.3880141591653228, 54.816126102930866], [-1.3904850343242288, 54.816126102930866], [-1.3911027531139553, 54.81576676131226]]], [[[-1.365776282735169, 54.85565368097741], [-1.3651585639454424, 54.85529433935881], [-1.3663940015248954, 54.8545756561216], [-1.365776282735169, 54.85421631450299], [-1.364540845155716, 54.85421631450299], [-1.363305407576263, 54.85349763126578], [-1.3614522512070835, 54.85241960640997], [-1.3626876887865365, 54.85170092317276], [-1.3626876887865365, 54.85098223993555], [-1.3651585639454424, 54.84954487346113], [-1.3651585639454424, 54.8473888237495], [-1.365776282735169, 54.84702948213089], [-1.367011720314622, 54.84702948213089], [-1.3676294391043484, 54.84667014051229], [-1.365776282735169, 54.84559211565647], [-1.364540845155716, 54.84559211565647], [-1.3639231263659894, 54.84523277403787], [-1.3639231263659894, 54.84379540756345], [-1.3626876887865365, 54.84307672432624], [-1.3626876887865365, 54.84163935785182], [-1.3639231263659894, 54.84092067461461], [-1.3639231263659894, 54.8402019913774], [-1.364540845155716, 54.83984264975879], [-1.365776282735169, 54.83984264975879], [-1.3663940015248954, 54.83948330814019], [-1.3663940015248954, 54.83876462490298], [-1.3651585639454424, 54.83804594166577], [-1.3663940015248954, 54.83732725842856], [-1.3663940015248954, 54.83588989195414], [-1.3651585639454424, 54.83517120871693], [-1.3663940015248954, 54.83445252547972], [-1.3663940015248954, 54.83373384224251], [-1.3651585639454424, 54.8330151590053], [-1.365776282735169, 54.832655817386694], [-1.3676294391043484, 54.83373384224251], [-1.3676294391043484, 54.83445252547972], [-1.3688648766838014, 54.83517120871693], [-1.3676294391043484, 54.83588989195414], [-1.3676294391043484, 54.83660857519135], [-1.368247157894075, 54.836967916809954], [-1.369482595473528, 54.836967916809954], [-1.3701003142632544, 54.83732725842856], [-1.3688648766838014, 54.83804594166577], [-1.3688648766838014, 54.84163935785182], [-1.3701003142632544, 54.84235804108903], [-1.3688648766838014, 54.84307672432624], [-1.3688648766838014, 54.84595145727508], [-1.3701003142632544, 54.84667014051229], [-1.3701003142632544, 54.8473888237495], [-1.3725711894221604, 54.84882619022392], [-1.371953470632434, 54.84918553184252], [-1.370718033052981, 54.84918553184252], [-1.3701003142632544, 54.84954487346113], [-1.3701003142632544, 54.85026355669834], [-1.3713357518427074, 54.85098223993555], [-1.3701003142632544, 54.85170092317276], [-1.3713357518427074, 54.85241960640997], [-1.370718033052981, 54.85277894802857], [-1.369482595473528, 54.85277894802857], [-1.3688648766838014, 54.85313828964718], [-1.3688648766838014, 54.85385697288439], [-1.3676294391043484, 54.8545756561216], [-1.3676294391043484, 54.85529433935881], [-1.367011720314622, 54.85565368097741], [-1.365776282735169, 54.85565368097741]]]]}}, {"type": "Feature", "properties": {"band_id": "under_45", "order": 2}, "geometry": {"type": "MultiPolygon", "coordinates": [[[[-1.5776510192663409, 54.778942217933945], [-1.5776510192663409, 54.77822356525576], [-1.579515854944475, 54.777145586238476], [-1.5820023025153205, 54.777145586238476], [-1.5832455263007432, 54.77642693356029], [-1.5838671381934546, 54.77678625989938], [-1.5838671381934546, 54.77750491257757], [-1.584488750086166, 54.77786423891666], [-1.5851103619788773, 54.77822356525576], [-1.5851103619788773, 54.78109817596851], [-1.5832455263007432, 54.78217615498579], [-1.5807590787298977, 54.78217615498579], [-1.5801374668371864, 54.7818168286467], [-1.5801374668371864, 54.78109817596851], [-1.5788942430517636, 54.78037952329032], [-1.5788942430517636, 54.77966087061213], [-1.5776510192663409, 54.778942217933945]]], [[[-1.7765668249339797, 54.99381936871214], [-1.777188436826691, 54.99417869505123], [-1.782161331968382, 54.99417869505123], [-1.7827829438610934, 54.994538021390326], [-1.7827829438610934, 54.995256674068514], [-1.7834045557538047, 54.99561600040761], [-1.7858910033246502, 54.99561600040761], [-1.787134227110073, 54.99489734772942], [-1.7958367936080322, 54.99489734772942], [-1.7964584055007435, 54.995256674068514], [-1.7952151817153208, 54.9959753267467], [-1.7952151817153208, 54.99669397942489], [-1.7958367936080322, 54.997053305763984], [-1.7983232411788777, 54.997053305763984], [-1.798944853071589, 54.99741263210308], [-1.798944853071589, 54.998849937459454], [-1.7983232411788777, 54.99920926379855], [-1.7958367936080322, 54.99920926379855], [-1.7945935698226094, 54.99849061112036], [-1.792107122251764, 54.99849061112036], [-1.7914855103590526, 54.998849937459454], [-1.7914855103590526, 54.99956859013764], [-1.7908638984663412, 54.999927916476736], [-1.787134227110073, 54.999927916476736], [-1.7865126152173616, 54.99956859013764], [-1.7865126152173616, 54.998849937459454], [-1.7858910033246502, 54.99849061112036], [-1.777188436826691, 54.99849061112036], [-1.7759452130412683, 54.99920926379855], [-1.7747019892558455, 54.99920926379855], [-1.7734587654704228, 54.999927916476736], [-1.772215541685, 54.99920926379855], [-1.7709723178995773, 54.99920926379855], [-1.767242646543309, 55.00136522183311], [-1.7659994227578864, 55.00136522183311], [-1.7647561989724636, 55.000646569154924], [-1.7622697514016181, 55.000646569154924], [-1.7610265276161954, 55.00136522183311], [-1.75854008004535, 54.999927916476736], [-1.7572968562599272, 54.999927916476736], [-1.7566752443672158, 55.00028724281583], [-1.7579184681526385, 55.00100589549402], [-1.7560536324745044, 55.0020838745113], [-1.7548104086890817, 55.00136522183311], [-1.753567184903659, 55.00136522183311], [-1.7529455730109476, 55.00100589549402], [-1.7529455730109476, 55.00028724281583], [-1.7541887967963703, 54.99956859013764], [-1.753567184903659, 54.99920926379855], [-1.7510807373328134, 54.99920926379855], [-1.750459125440102, 54.99956859013764], [-1.750459125440102, 55.00100589549402], [-1.7498375135473907, 55.00136522183311], [-1.7492159016546793, 55.00100589549402], [-1.7492159016546793, 54.99956859013764], [-1.748594289761968, 54.99920926379855], [-1.7473510659765452, 54.999927916476736], [-1.7448646184056997, 54.99849061112036], [-1.7423781708348542, 54.99849061112036], [-1.7411349470494315, 54.99920926379855], [-1.7405133351567201, 54.998849937459454], [-1.7405133351567201, 54.998131284781266], [-1.7398917232640088, 54.99777195844217], [-1.7374052756931633, 54.99777195844217], [-1.7355404400150292, 54.99669397942489], [-1.7355404400150292, 54.9959753267467], [-1.7349188281223178, 54.99561600040761], [-1.7324323805514723, 54.99561600040761], [-1.731810768658761, 54.9959753267467], [-1.7342972162296064, 54.99741263210308], [-1.7342972162296064, 55.00028724281583], [-1.7330539924441837, 55.00100589549402], [-1.7330539924441837, 55.002443200850394], [-1.731810768658761, 55.00316185352858], [-1.731810768658761, 55.00388050620677], [-1.7274594854097813, 55.00639579058043], [-1.72683787351707, 55.00603646424133], [-1.72683787351707, 55.005317811563145], [-1.7262162616243586, 55.00495848522405], [-1.7243514259462245, 55.00603646424133], [-1.7243514259462245, 55.00675511691952], [-1.7255946497316472, 55.00747376959771], [-1.7249730378389359, 55.0078330959368], [-1.723729814053513, 55.0078330959368], [-1.7224865902680904, 55.00855174861499], [-1.7200001426972449, 55.007114443258615], [-1.7187569189118221, 55.007114443258615], [-1.7181353070191108, 55.00747376959771], [-1.7181353070191108, 55.0081924222759], [-1.7175136951263994, 55.00855174861499], [-1.7137840237701312, 55.00855174861499], [-1.7131624118774198, 55.008911074954085], [-1.7131624118774198, 55.00962972763227], [-1.7112975761992857, 55.010707706649555], [-1.7088111286284402, 55.00927040129318], [-1.7081895167357288, 55.00962972763227], [-1.7081895167357288, 55.01034838031046], [-1.706946292950306, 55.01106703298865], [-1.706946292950306, 55.01178568566684], [-1.7063246810575947, 55.01214501200593], [-1.705081457272172, 55.01142635932774], [-1.7044598453794606, 55.01178568566684], [-1.7044598453794606, 55.012504338345025], [-1.7032166215940379, 55.01322299102321], [-1.7032166215940379, 55.01681625441415], [-1.7025950097013265, 55.017175580753246], [-1.6976221145596355, 55.017175580753246], [-1.6963788907742128, 55.01645692807506], [-1.6957572788815014, 55.01681625441415], [-1.6957572788815014, 55.01753490709234], [-1.6945140550960787, 55.01825355977053], [-1.6945140550960787, 55.019690865126904], [-1.6976221145596355, 55.021487496822374], [-1.6988653383450583, 55.021487496822374], [-1.6994869502377696, 55.02184682316147], [-1.6994869502377696, 55.023284128517844], [-1.700108562130481, 55.02364345485694], [-1.7013517859159037, 55.02292480217875], [-1.7038382334867492, 55.02292480217875], [-1.7063246810575947, 55.024362107535126], [-1.710054352413863, 55.024362107535126], [-1.711919188091997, 55.023284128517844], [-1.711919188091997, 55.022565475839656], [-1.7125407999847084, 55.02220614950056], [-1.715027247555554, 55.02220614950056], [-1.7156488594482653, 55.022565475839656], [-1.7156488594482653, 55.02400278119603], [-1.7162704713409767, 55.024362107535126], [-1.7175136951263994, 55.02364345485694], [-1.7200001426972449, 55.02364345485694], [-1.7206217545899563, 55.02400278119603], [-1.7206217545899563, 55.02544008655241], [-1.721864978375379, 55.026158739230596], [-1.721864978375379, 55.02687739190878], [-1.7212433664826676, 55.02723671824788], [-1.7200001426972449, 55.02723671824788], [-1.7187569189118221, 55.027955370926065], [-1.7162704713409767, 55.027955370926065], [-1.7156488594482653, 55.02831469726516], [-1.7156488594482653, 55.02903334994335], [-1.7162704713409767, 55.02939267628244], [-1.7175136951263994, 55.02939267628244], [-1.7181353070191108, 55.029752002621535], [-1.7181353070191108, 55.03047065529972], [-1.7175136951263994, 55.03082998163882], [-1.7162704713409767, 55.03082998163882], [-1.7156488594482653, 55.03118930797791], [-1.7156488594482653, 55.033345266012475], [-1.7162704713409767, 55.03370459235157], [-1.7187569189118221, 55.03370459235157], [-1.721864978375379, 55.03550122404704], [-1.721864978375379, 55.03621987672523], [-1.7212433664826676, 55.03657920306432], [-1.7200001426972449, 55.03586055038613], [-1.7193785308045335, 55.03621987672523], [-1.7193785308045335, 55.036938529403415], [-1.7200001426972449, 55.03729785574251], [-1.7224865902680904, 55.03729785574251], [-1.7231082021608017, 55.0376571820816], [-1.7231082021608017, 55.03837583475979], [-1.7206217545899563, 55.039813140116166], [-1.721864978375379, 55.040531792794354], [-1.7200001426972449, 55.041609771811636], [-1.7187569189118221, 55.041609771811636], [-1.7175136951263994, 55.042328424489824], [-1.7162704713409767, 55.042328424489824], [-1.715027247555554, 55.041609771811636], [-1.7137840237701312, 55.041609771811636], [-1.7112975761992857, 55.04304707716801], [-1.7088111286284402, 55.04304707716801], [-1.706946292950306, 55.04196909815073], [-1.706946292950306, 55.04125044547254], [-1.7063246810575947, 55.04089111913345], [-1.705081457272172, 55.04089111913345], [-1.7044598453794606, 55.040531792794354], [-1.7044598453794606, 55.039813140116166], [-1.7057030691648833, 55.03909448743798], [-1.7057030691648833, 55.03837583475979], [-1.7032166215940379, 55.036938529403415], [-1.7032166215940379, 55.03621987672523], [-1.7019733978086151, 55.03550122404704], [-1.7032166215940379, 55.03478257136885], [-1.7025950097013265, 55.03442324502976], [-1.7013517859159037, 55.03442324502976], [-1.700108562130481, 55.03370459235157], [-1.6976221145596355, 55.03370459235157], [-1.6963788907742128, 55.03442324502976], [-1.6957572788815014, 55.03406391869066], [-1.6957572788815014, 55.03262661333429], [-1.69513566698879, 55.03226728699519], [-1.6938924432033673, 55.03226728699519], [-1.693270831310656, 55.03262661333429], [-1.6945140550960787, 55.033345266012475], [-1.6926492194179446, 55.03442324502976], [-1.6920276075252332, 55.03406391869066], [-1.6920276075252332, 55.0319079606561], [-1.6926492194179446, 55.031548634317005], [-1.6938924432033673, 55.031548634317005], [-1.6945140550960787, 55.03118930797791], [-1.6907843837398104, 55.02903334994335], [-1.6907843837398104, 55.02687739190878], [-1.6920276075252332, 55.026158739230596], [-1.6920276075252332, 55.02544008655241], [-1.6914059956325218, 55.025080760213314], [-1.690162771847099, 55.025080760213314], [-1.6889195480616763, 55.024362107535126], [-1.6864331004908308, 55.024362107535126], [-1.685189876705408, 55.02364345485694], [-1.6839466529199854, 55.02364345485694], [-1.683325041027274, 55.023284128517844], [-1.683325041027274, 55.022565475839656], [-1.6827034291345626, 55.02220614950056], [-1.6814602053491399, 55.02220614950056], [-1.6802169815637171, 55.02292480217875], [-1.6789737577782944, 55.02220614950056], [-1.6777305339928716, 55.02220614950056], [-1.6771089221001603, 55.022565475839656], [-1.6771089221001603, 55.02400278119603], [-1.6752440864220262, 55.025080760213314], [-1.6727576388511807, 55.025080760213314], [-1.671514415065758, 55.0257994128915], [-1.6702711912803352, 55.0257994128915], [-1.6696495793876238, 55.026158739230596], [-1.6696495793876238, 55.02687739190878], [-1.6671631318167783, 55.02831469726516], [-1.6671631318167783, 55.02903334994335], [-1.6696495793876238, 55.03047065529972], [-1.6696495793876238, 55.03118930797791], [-1.668406355602201, 55.0319079606561], [-1.668406355602201, 55.03262661333429], [-1.6659199080313556, 55.03406391869066], [-1.6659199080313556, 55.03478257136885], [-1.6652982961386442, 55.035141897707945], [-1.6628118485677987, 55.035141897707945], [-1.6621902366750874, 55.03550122404704], [-1.6621902366750874, 55.03621987672523], [-1.6597037891042419, 55.0376571820816], [-1.6597037891042419, 55.03909448743798], [-1.6590821772115305, 55.03945381377707], [-1.656595729640685, 55.0380165084207], [-1.6553525058552623, 55.0380165084207], [-1.654730893962551, 55.03837583475979], [-1.654730893962551, 55.039813140116166], [-1.651622834498994, 55.041609771811636], [-1.6503796107135713, 55.041609771811636], [-1.64975799882086, 55.04125044547254], [-1.6510012226062827, 55.040531792794354], [-1.6491363869281486, 55.03945381377707], [-1.6472715512500145, 55.040531792794354], [-1.6472715512500145, 55.04125044547254], [-1.6454067155718803, 55.042328424489824], [-1.6416770442156121, 55.042328424489824], [-1.6410554323229007, 55.04268775082892], [-1.6429202680010349, 55.0437657298462], [-1.6441634917864576, 55.0437657298462], [-1.644785103679169, 55.044125056185294], [-1.6441634917864576, 55.04448438252439], [-1.6429202680010349, 55.04448438252439], [-1.6422986561083235, 55.04484370886348], [-1.6429202680010349, 55.045203035202576], [-1.6478931631427258, 55.045203035202576], [-1.6491363869281486, 55.045921687880764], [-1.6528660582844168, 55.045921687880764], [-1.6541092820698395, 55.045203035202576], [-1.6578389534261078, 55.045203035202576], [-1.6603254009969532, 55.0437657298462], [-1.661568624782376, 55.0437657298462], [-1.6628118485677987, 55.04304707716801], [-1.6646766842459328, 55.044125056185294], [-1.6646766842459328, 55.04556236154167], [-1.6652982961386442, 55.045921687880764], [-1.6690279674949124, 55.045921687880764], [-1.6702711912803352, 55.045203035202576], [-1.671514415065758, 55.045203035202576], [-1.6721360269584693, 55.04556236154167], [-1.6721360269584693, 55.046999666898046], [-1.6727576388511807, 55.04735899323714], [-1.676487310207449, 55.04735899323714], [-1.6771089221001603, 55.047718319576234], [-1.6771089221001603, 55.04843697225442], [-1.6758656983147375, 55.04915562493261], [-1.6758656983147375, 55.05131158296717], [-1.676487310207449, 55.05167090930627], [-1.6789737577782944, 55.05167090930627], [-1.6795953696710058, 55.05203023564536], [-1.6795953696710058, 55.05274888832355], [-1.683325041027274, 55.05490484635811], [-1.6802169815637171, 55.05670147805358], [-1.6777305339928716, 55.05670147805358], [-1.676487310207449, 55.05742013073177], [-1.6727576388511807, 55.05742013073177], [-1.6721360269584693, 55.05706080439268], [-1.6721360269584693, 55.05634215171449], [-1.6708928031730466, 55.0556234990363], [-1.6708928031730466, 55.054186193679925], [-1.6702711912803352, 55.05382686734083], [-1.6677847437094897, 55.05382686734083], [-1.6671631318167783, 55.05346754100174], [-1.6671631318167783, 55.05203023564536], [-1.666541519924067, 55.05167090930627], [-1.6640550723532215, 55.05167090930627], [-1.6628118485677987, 55.052389561984455], [-1.661568624782376, 55.052389561984455], [-1.6603254009969532, 55.05310821466264], [-1.656595729640685, 55.05095225662808], [-1.6528660582844168, 55.05095225662808], [-1.651622834498994, 55.05023360394989], [-1.6491363869281486, 55.05023360394989], [-1.6478931631427258, 55.05095225662808], [-1.646649939357303, 55.05023360394989], [-1.6454067155718803, 55.05023360394989], [-1.644785103679169, 55.050592930288985], [-1.644785103679169, 55.05203023564536], [-1.6454067155718803, 55.052389561984455], [-1.646649939357303, 55.052389561984455], [-1.6472715512500145, 55.05274888832355], [-1.646649939357303, 55.05310821466264], [-1.6424540590815013, 55.054186193679925], [-1.6416770442156121, 55.05454552001902], [-1.6410554323229007, 55.054186193679925], [-1.6410554323229007, 55.05346754100174], [-1.6391905966447666, 55.052389561984455], [-1.632974477717653, 55.052389561984455], [-1.6323528658249415, 55.05274888832355], [-1.6323528658249415, 55.054186193679925], [-1.6335960896103643, 55.05490484635811], [-1.632974477717653, 55.05526417269721], [-1.6317312539322302, 55.05526417269721], [-1.6286231944686733, 55.05706080439268], [-1.6286231944686733, 55.05993541510543], [-1.628001582575962, 55.06029474144452], [-1.6267583587905392, 55.059576088766335], [-1.6261367468978278, 55.05993541510543], [-1.6261367468978278, 55.06065406778362], [-1.6255151350051165, 55.06101339412271], [-1.6242719112196937, 55.06101339412271], [-1.6236502993269823, 55.06065406778362], [-1.6236502993269823, 55.05993541510543], [-1.6224070755415596, 55.05921676242724], [-1.6224070755415596, 55.05849810974905], [-1.6217854636488482, 55.05813878340996], [-1.6205422398634255, 55.05885743608815], [-1.6192990160780028, 55.05813878340996], [-1.61805579229258, 55.05813878340996], [-1.6168125685071573, 55.05742013073177], [-1.6143261209363118, 55.05742013073177], [-1.6124612852581777, 55.05634215171449], [-1.613082897150889, 55.055982825375395], [-1.61805579229258, 55.055982825375395], [-1.6192990160780028, 55.05526417269721], [-1.6217854636488482, 55.05670147805358], [-1.623028687434271, 55.05670147805358], [-1.624893523112405, 55.0556234990363], [-1.6242719112196937, 55.05526417269721], [-1.623028687434271, 55.05526417269721], [-1.6224070755415596, 55.05490484635811], [-1.6224070755415596, 55.05274888832355], [-1.6217854636488482, 55.052389561984455], [-1.6192990160780028, 55.052389561984455], [-1.61805579229258, 55.05310821466264], [-1.616190956614446, 55.05203023564536], [-1.616190956614446, 55.05131158296717], [-1.6149477328290232, 55.050592930288985], [-1.6149477328290232, 55.0498742776108], [-1.6143261209363118, 55.0495149512717], [-1.6118396733654663, 55.0495149512717], [-1.6105964495800436, 55.05023360394989], [-1.6099748376873322, 55.0498742776108], [-1.61013024066051, 55.04843697225442], [-1.6093532257946208, 55.048796298593516], [-1.6087316139019094, 55.04843697225442], [-1.6087316139019094, 55.046999666898046], [-1.608110002009198, 55.04664034055895], [-1.6068667782237753, 55.04664034055895], [-1.6056235544383526, 55.04735899323714], [-1.6050019425456412, 55.046999666898046], [-1.6050019425456412, 55.04556236154167], [-1.608110002009198, 55.0437657298462], [-1.6105964495800436, 55.0437657298462], [-1.611218061472755, 55.043406403507106], [-1.6105964495800436, 55.04304707716801], [-1.608110002009198, 55.04304707716801], [-1.6074883901164867, 55.04268775082892], [-1.6074883901164867, 55.04196909815073], [-1.606245166331064, 55.04125044547254], [-1.606245166331064, 55.03909448743798], [-1.6068667782237753, 55.038735161098884], [-1.6093532257946208, 55.038735161098884], [-1.6099748376873322, 55.03837583475979], [-1.6093532257946208, 55.0380165084207], [-1.608110002009198, 55.0380165084207], [-1.6074883901164867, 55.0376571820816], [-1.6074883901164867, 55.036938529403415], [-1.606245166331064, 55.03621987672523], [-1.6074883901164867, 55.03550122404704], [-1.6074883901164867, 55.03406391869066], [-1.6087316139019094, 55.033345266012475], [-1.6087316139019094, 55.03262661333429], [-1.6093532257946208, 55.03226728699519], [-1.6118396733654663, 55.03226728699519], [-1.6124612852581777, 55.0319079606561], [-1.6124612852581777, 55.03118930797791], [-1.613082897150889, 55.03082998163882], [-1.61805579229258, 55.03082998163882], [-1.6186774041852914, 55.03047065529972], [-1.6186774041852914, 55.02903334994335], [-1.6155693447217345, 55.02723671824788], [-1.6149477328290232, 55.02759604458697], [-1.6149477328290232, 55.02831469726516], [-1.6143261209363118, 55.02867402360425], [-1.613082897150889, 55.02867402360425], [-1.6124612852581777, 55.02831469726516], [-1.6124612852581777, 55.02759604458697], [-1.6118396733654663, 55.02723671824788], [-1.6105964495800436, 55.02723671824788], [-1.6093532257946208, 55.027955370926065], [-1.6087316139019094, 55.02759604458697], [-1.6087316139019094, 55.02544008655241], [-1.6093532257946208, 55.025080760213314], [-1.6105964495800436, 55.025080760213314], [-1.611218061472755, 55.02472143387422], [-1.6099748376873322, 55.02400278119603], [-1.6099748376873322, 55.023284128517844], [-1.6087316139019094, 55.022565475839656], [-1.6087316139019094, 55.02184682316147], [-1.6099748376873322, 55.02112817048328], [-1.6093532257946208, 55.020768844144186], [-1.6068667782237753, 55.020768844144186], [-1.6043803306529298, 55.02220614950056], [-1.603137106867507, 55.021487496822374], [-1.6018938830820844, 55.021487496822374], [-1.601272271189373, 55.02112817048328], [-1.601272271189373, 55.02040951780509], [-1.6025154949747957, 55.019690865126904], [-1.6025154949747957, 55.01825355977053], [-1.6018938830820844, 55.017894233431434], [-1.6000290474039502, 55.018972212448716], [-1.6000290474039502, 55.02472143387422], [-1.5987858236185275, 55.02544008655241], [-1.5987858236185275, 55.026158739230596], [-1.5981642117258161, 55.02651806556969], [-1.5969209879403934, 55.02651806556969], [-1.5956777641549706, 55.0257994128915], [-1.594434540369548, 55.02651806556969], [-1.5919480927987024, 55.02651806556969], [-1.5907048690132797, 55.0257994128915], [-1.5900832571205683, 55.026158739230596], [-1.5900832571205683, 55.02831469726516], [-1.591326480905991, 55.02903334994335], [-1.591326480905991, 55.029752002621535], [-1.5919480927987024, 55.03011132896063], [-1.594434540369548, 55.03011132896063], [-1.5956777641549706, 55.03082998163882], [-1.5981642117258161, 55.03082998163882], [-1.5994074355112389, 55.031548634317005], [-1.6006506592966616, 55.031548634317005], [-1.6025154949747957, 55.03262661333429], [-1.6025154949747957, 55.03550122404704], [-1.6018938830820844, 55.03586055038613], [-1.6006506592966616, 55.03586055038613], [-1.6000290474039502, 55.03621987672523], [-1.6000290474039502, 55.036938529403415], [-1.5994074355112389, 55.03729785574251], [-1.5969209879403934, 55.03729785574251], [-1.596299376047682, 55.0376571820816], [-1.596299376047682, 55.03837583475979], [-1.5969209879403934, 55.038735161098884], [-1.5981642117258161, 55.038735161098884], [-1.5987858236185275, 55.03909448743798], [-1.5987858236185275, 55.039813140116166], [-1.5969209879403934, 55.04089111913345], [-1.5956777641549706, 55.04089111913345], [-1.5938129284768365, 55.04196909815073], [-1.5938129284768365, 55.04268775082892], [-1.5931913165841252, 55.04304707716801], [-1.5919480927987024, 55.04304707716801], [-1.591326480905991, 55.043406403507106], [-1.591326480905991, 55.044125056185294], [-1.5907048690132797, 55.04448438252439], [-1.589461645227857, 55.04448438252439], [-1.5888400333351456, 55.044125056185294], [-1.5888400333351456, 55.043406403507106], [-1.5882184214424342, 55.04304707716801], [-1.5875968095497228, 55.043406403507106], [-1.5875968095497228, 55.044125056185294], [-1.5857319738715887, 55.045203035202576], [-1.584488750086166, 55.045203035202576], [-1.5826239144080319, 55.04628101421986], [-1.5826239144080319, 55.04843697225442], [-1.5801374668371864, 55.0498742776108], [-1.5801374668371864, 55.050592930288985], [-1.579515854944475, 55.05095225662808], [-1.5782726311590523, 55.05095225662808], [-1.5776510192663409, 55.05131158296717], [-1.5776510192663409, 55.05274888832355], [-1.5770294073736295, 55.05310821466264], [-1.5757861835882068, 55.052389561984455], [-1.574542959802784, 55.052389561984455], [-1.57267812412465, 55.05131158296717], [-1.57267812412465, 55.0498742776108], [-1.5714349003392272, 55.04915562493261], [-1.5720565122319385, 55.048796298593516], [-1.5732997360173613, 55.048796298593516], [-1.5739213479100727, 55.04843697225442], [-1.5739213479100727, 55.047718319576234], [-1.57267812412465, 55.046999666898046], [-1.57267812412465, 55.04556236154167], [-1.5732997360173613, 55.0451132036178], [-1.5732997360173613, 55.04457421410916], [-1.57267812412465, 55.044125056185294], [-1.5714349003392272, 55.043406403507106], [-1.5739213479100727, 55.04196909815073], [-1.5739213479100727, 55.040531792794354], [-1.5751645716954954, 55.039813140116166], [-1.5751645716954954, 55.03909448743798], [-1.5770294073736295, 55.0380165084207], [-1.5782726311590523, 55.0380165084207], [-1.5788942430517636, 55.0376571820816], [-1.5788942430517636, 55.036938529403415], [-1.579515854944475, 55.03657920306432], [-1.5807590787298977, 55.03657920306432], [-1.5826239144080319, 55.0376571820816], [-1.581380690622609, 55.03837583475979], [-1.5832455263007432, 55.03945381377707], [-1.5838671381934546, 55.03909448743798], [-1.5838671381934546, 55.03837583475979], [-1.5851103619788773, 55.0376571820816], [-1.5851103619788773, 55.03621987672523], [-1.5838671381934546, 55.03550122404704], [-1.5838671381934546, 55.03478257136885], [-1.5826239144080319, 55.03406391869066], [-1.5826239144080319, 55.03262661333429], [-1.5820023025153205, 55.03226728699519], [-1.581380690622609, 55.03262661333429], [-1.581380690622609, 55.033345266012475], [-1.5807590787298977, 55.03370459235157], [-1.5801374668371864, 55.033345266012475], [-1.5801374668371864, 55.03262661333429], [-1.581380690622609, 55.0319079606561], [-1.581380690622609, 55.03047065529972], [-1.5807590787298977, 55.03011132896063], [-1.579515854944475, 55.03082998163882], [-1.5770294073736295, 55.03082998163882], [-1.5764077954809181, 55.03118930797791], [-1.5776510192663409, 55.0319079606561], [-1.5776510192663409, 55.03262661333429], [-1.5770294073736295, 55.03298593967338], [-1.5757861835882068, 55.033075771258154], [-1.5732997360173613, 55.03235711857997], [-1.5732997360173613, 55.033614760766795], [-1.5739213479100727, 55.03406391869066], [-1.5751645716954954, 55.03478257136885], [-1.5732997360173613, 55.03586055038613], [-1.5708132884465158, 55.03586055038613], [-1.569570064661093, 55.03657920306432], [-1.5683268408756703, 55.03657920306432], [-1.567705228982959, 55.036938529403415], [-1.567705228982959, 55.0376571820816], [-1.5670836170902476, 55.0380165084207], [-1.5658403933048248, 55.0380165084207], [-1.564597169519402, 55.03729785574251], [-1.5633539457339793, 55.03729785574251], [-1.5621107219485566, 55.0380165084207], [-1.5596242743777111, 55.0380165084207], [-1.557759438699577, 55.036938529403415], [-1.5583810505922884, 55.03657920306432], [-1.5596242743777111, 55.03657920306432], [-1.5608674981631339, 55.03586055038613], [-1.5621107219485566, 55.03586055038613], [-1.5639755576266907, 55.03478257136885], [-1.5639755576266907, 55.03406391869066], [-1.562732333841268, 55.033345266012475], [-1.5652187814121135, 55.0319079606561], [-1.5652187814121135, 55.03118930797791], [-1.5664620051975362, 55.03047065529972], [-1.5664620051975362, 55.029752002621535], [-1.5658403933048248, 55.02939267628244], [-1.5633539457339793, 55.02939267628244], [-1.5608674981631339, 55.03082998163882], [-1.5602458862704225, 55.03047065529972], [-1.5602458862704225, 55.029752002621535], [-1.5583810505922884, 55.02867402360425], [-1.5571378268068656, 55.02939267628244], [-1.5565162149141543, 55.02903334994335], [-1.5565162149141543, 55.02831469726516], [-1.555894603021443, 55.027955370926065], [-1.5521649316651747, 55.027955370926065], [-1.550921707879752, 55.02723671824788], [-1.545948812738061, 55.02723671824788], [-1.5447055889526382, 55.027955370926065], [-1.5434623651672155, 55.027955370926065], [-1.542840753274504, 55.02759604458697], [-1.542840753274504, 55.02687739190878], [-1.5422191413817927, 55.02651806556969], [-1.5415975294890814, 55.02687739190878], [-1.5415975294890814, 55.02759604458697], [-1.54097591759637, 55.027955370926065], [-1.5397326938109472, 55.02723671824788], [-1.5384894700255245, 55.02723671824788], [-1.5378678581328131, 55.02759604458697], [-1.5378678581328131, 55.02903334994335], [-1.5372462462401018, 55.02939267628244], [-1.536003022454679, 55.02939267628244], [-1.5347597986692563, 55.02867402360425], [-1.5297869035275653, 55.02867402360425], [-1.5285436797421426, 55.02939267628244], [-1.5273004559567198, 55.02939267628244], [-1.5266788440640084, 55.029752002621535], [-1.5266788440640084, 55.03118930797791], [-1.5273004559567198, 55.031548634317005], [-1.5279220678494312, 55.03118930797791], [-1.5279220678494312, 55.03047065529972], [-1.5285436797421426, 55.03011132896063], [-1.5304085154202767, 55.03118930797791], [-1.529165291634854, 55.0319079606561], [-1.529165291634854, 55.03406391869066], [-1.5297869035275653, 55.03442324502976], [-1.531030127312988, 55.03370459235157], [-1.5316517392056994, 55.03406391869066], [-1.5316517392056994, 55.03550122404704], [-1.529165291634854, 55.036938529403415], [-1.529165291634854, 55.0376571820816], [-1.5285436797421426, 55.0380165084207], [-1.5273004559567198, 55.0380165084207], [-1.526057232171297, 55.038735161098884], [-1.5248140083858743, 55.0380165084207], [-1.524192396493163, 55.03837583475979], [-1.524192396493163, 55.03909448743798], [-1.5235707846004516, 55.03945381377707], [-1.5223275608150288, 55.038735161098884], [-1.521084337029606, 55.038735161098884], [-1.5198411132441834, 55.03945381377707], [-1.5179762775660492, 55.03837583475979], [-1.5179762775660492, 55.0376571820816], [-1.5167330537806265, 55.036938529403415], [-1.5167330537806265, 55.03621987672523], [-1.5161114418879151, 55.03586055038613], [-1.5154898299952038, 55.03621987672523], [-1.5154898299952038, 55.036938529403415], [-1.514246606209781, 55.0376571820816], [-1.514246606209781, 55.03837583475979], [-1.5130033824243583, 55.03909448743798], [-1.5130033824243583, 55.039813140116166], [-1.5117601586389355, 55.040531792794354], [-1.5117601586389355, 55.04125044547254], [-1.5111385467462242, 55.041609771811636], [-1.5086520991753787, 55.041609771811636], [-1.5049224278191105, 55.0437657298462], [-1.5018143683555536, 55.04196909815073], [-1.5018143683555536, 55.040531792794354], [-1.4999495326774195, 55.03945381377707], [-1.4987063088919967, 55.03945381377707], [-1.4980846969992854, 55.039813140116166], [-1.4980846969992854, 55.040531792794354], [-1.497463085106574, 55.04089111913345], [-1.4968414732138626, 55.040531792794354], [-1.4968414732138626, 55.03909448743798], [-1.4955982494284399, 55.03837583475979], [-1.4980846969992854, 55.036938529403415], [-1.497463085106574, 55.03657920306432], [-1.4962198613211513, 55.03657920306432], [-1.4955982494284399, 55.03621987672523], [-1.4955982494284399, 55.03550122404704], [-1.4962198613211513, 55.035141897707945], [-1.497463085106574, 55.035141897707945], [-1.4980846969992854, 55.03478257136885], [-1.4980846969992854, 55.03406391869066], [-1.4987063088919967, 55.03370459235157], [-1.4999495326774195, 55.03442324502976], [-1.5005711445701309, 55.03406391869066], [-1.5005711445701309, 55.033345266012475], [-1.4993279207847081, 55.03262661333429], [-1.4999495326774195, 55.03226728699519], [-1.5011927564628422, 55.03226728699519], [-1.502435980248265, 55.031548634317005], [-1.5036792040336877, 55.031548634317005], [-1.5049224278191105, 55.03082998163882], [-1.5061656516045332, 55.031548634317005], [-1.5098953229608014, 55.031548634317005], [-1.5105169348535128, 55.03118930797791], [-1.50927371106809, 55.03047065529972], [-1.5105169348535128, 55.029752002621535], [-1.5105169348535128, 55.02903334994335], [-1.5117601586389355, 55.02831469726516], [-1.5117601586389355, 55.02759604458697], [-1.5136249943170696, 55.02651806556969], [-1.5173546656733379, 55.02651806556969], [-1.5185978894587606, 55.0257994128915], [-1.5198411132441834, 55.0257994128915], [-1.5204627251368947, 55.02544008655241], [-1.5179762775660492, 55.02400278119603], [-1.5179762775660492, 55.023284128517844], [-1.5167330537806265, 55.022565475839656], [-1.5179762775660492, 55.02184682316147], [-1.5179762775660492, 55.02112817048328], [-1.5185978894587606, 55.020768844144186], [-1.521084337029606, 55.020768844144186], [-1.5223275608150288, 55.021487496822374], [-1.5229491727077402, 55.02112817048328], [-1.5229491727077402, 55.02040951780509], [-1.5235707846004516, 55.020050191466], [-1.5248140083858743, 55.020768844144186], [-1.5285436797421426, 55.020768844144186], [-1.529165291634854, 55.02040951780509], [-1.529165291634854, 55.019690865126904], [-1.5279220678494312, 55.018972212448716], [-1.5285436797421426, 55.01861288610962], [-1.531030127312988, 55.01861288610962], [-1.5328949629911222, 55.01753490709234], [-1.5328949629911222, 55.01681625441415], [-1.5335165748838335, 55.01645692807506], [-1.5347597986692563, 55.01645692807506], [-1.5353814105619676, 55.01681625441415], [-1.5353814105619676, 55.01753490709234], [-1.536003022454679, 55.017894233431434], [-1.5366246343473904, 55.01753490709234], [-1.5366246343473904, 55.01322299102321], [-1.536003022454679, 55.01286366468412], [-1.5353814105619676, 55.01322299102321], [-1.5353814105619676, 55.0139416437014], [-1.5347597986692563, 55.014300970040495], [-1.5335165748838335, 55.014300970040495], [-1.5328949629911222, 55.0139416437014], [-1.534138186776545, 55.01322299102321], [-1.5322733510984108, 55.01214501200593], [-1.5316517392056994, 55.012504338345025], [-1.5316517392056994, 55.0139416437014], [-1.531030127312988, 55.014300970040495], [-1.5297869035275653, 55.014300970040495], [-1.5279220678494312, 55.01322299102321], [-1.5279220678494312, 55.01106703298865], [-1.5273004559567198, 55.010707706649555], [-1.526057232171297, 55.010707706649555], [-1.524192396493163, 55.01178568566684], [-1.524192396493163, 55.01322299102321], [-1.5229491727077402, 55.0139416437014], [-1.5229491727077402, 55.016097601735964], [-1.5217059489223175, 55.01681625441415], [-1.5229491727077402, 55.01753490709234], [-1.5223275608150288, 55.017894233431434], [-1.521084337029606, 55.017894233431434], [-1.5198411132441834, 55.01861288610962], [-1.5185978894587606, 55.017894233431434], [-1.5173546656733379, 55.017894233431434], [-1.5167330537806265, 55.01825355977053], [-1.5179762775660492, 55.018972212448716], [-1.5179762775660492, 55.019690865126904], [-1.5173546656733379, 55.020050191466], [-1.5161114418879151, 55.01933153878781], [-1.512381770531647, 55.01933153878781], [-1.5117601586389355, 55.019690865126904], [-1.5154898299952038, 55.02184682316147], [-1.514246606209781, 55.022565475839656], [-1.514246606209781, 55.02400278119603], [-1.5136249943170696, 55.024362107535126], [-1.512381770531647, 55.024362107535126], [-1.5105169348535128, 55.02544008655241], [-1.5105169348535128, 55.026158739230596], [-1.5098953229608014, 55.02651806556969], [-1.5080304872826673, 55.02544008655241], [-1.5105169348535128, 55.02400278119603], [-1.5105169348535128, 55.023284128517844], [-1.5098953229608014, 55.02292480217875], [-1.5086520991753787, 55.02292480217875], [-1.507408875389956, 55.02220614950056], [-1.5061656516045332, 55.02292480217875], [-1.5049224278191105, 55.02220614950056], [-1.5036792040336877, 55.02292480217875], [-1.502435980248265, 55.02220614950056], [-1.5011927564628422, 55.02220614950056], [-1.5005711445701309, 55.02184682316147], [-1.5005711445701309, 55.02040951780509], [-1.4980846969992854, 55.018972212448716], [-1.4980846969992854, 55.01825355977053], [-1.497463085106574, 55.017894233431434], [-1.4962198613211513, 55.017894233431434], [-1.4955982494284399, 55.01753490709234], [-1.4955982494284399, 55.01537894905778], [-1.4937334137503058, 55.014300970040495], [-1.492490189964883, 55.014300970040495], [-1.4918685780721717, 55.0139416437014], [-1.4918685780721717, 55.01322299102321], [-1.4887605186086148, 55.01142635932774], [-1.4881389067159034, 55.01178568566684], [-1.4881389067159034, 55.012504338345025], [-1.485652459145058, 55.0139416437014], [-1.485652459145058, 55.01537894905778], [-1.4850308472523466, 55.01573827539687], [-1.4837876234669238, 55.01573827539687], [-1.482544399681501, 55.01501962271868], [-1.4813011758960783, 55.01573827539687], [-1.4800579521106556, 55.01501962271868], [-1.4763282807543874, 55.01501962271868], [-1.4725986093981192, 55.017175580753246], [-1.4713553856126964, 55.017175580753246], [-1.470733773719985, 55.01753490709234], [-1.470733773719985, 55.01825355977053], [-1.4701121618272737, 55.01861288610962], [-1.4694905499345623, 55.01825355977053], [-1.4694905499345623, 55.01753490709234], [-1.468868938041851, 55.017175580753246], [-1.4676257142564282, 55.017894233431434], [-1.4670041023637168, 55.01753490709234], [-1.4670041023637168, 55.01681625441415], [-1.4663824904710054, 55.01645692807506], [-1.46389604290016, 55.01645692807506], [-1.460787983436603, 55.01466029637959], [-1.4614095953293145, 55.014300970040495], [-1.4626528191147372, 55.014300970040495], [-1.46389604290016, 55.01358231736231], [-1.4663824904710054, 55.01358231736231], [-1.4670041023637168, 55.01322299102321], [-1.4651392666855827, 55.01214501200593], [-1.4626528191147372, 55.01214501200593], [-1.460787983436603, 55.01106703298865], [-1.460787983436603, 55.00962972763227], [-1.4601663715438917, 55.00927040129318], [-1.458923147758469, 55.00927040129318], [-1.4583015358657576, 55.00962972763227], [-1.4583015358657576, 55.01034838031046], [-1.4576799239730462, 55.010707706649555], [-1.4564367001876235, 55.00998905397137], [-1.4545718645094894, 55.01106703298865], [-1.4551934764022008, 55.01142635932774], [-1.4576799239730462, 55.01142635932774], [-1.4583015358657576, 55.01178568566684], [-1.4576799239730462, 55.01214501200593], [-1.4564367001876235, 55.01214501200593], [-1.4558150882949121, 55.012504338345025], [-1.4558150882949121, 55.01322299102321], [-1.4545718645094894, 55.0139416437014], [-1.4545718645094894, 55.01466029637959], [-1.453950252616778, 55.01501962271868], [-1.4514638050459325, 55.01501962271868], [-1.4502205812605098, 55.01573827539687], [-1.448977357475087, 55.01501962271868], [-1.4477341336896643, 55.01501962271868], [-1.4452476861188188, 55.01645692807506], [-1.444004462333396, 55.01573827539687], [-1.4427612385479733, 55.01573827539687], [-1.4415180147625506, 55.01645692807506], [-1.439031567191705, 55.01645692807506], [-1.4359235077281483, 55.01825355977053], [-1.4359235077281483, 55.018972212448716], [-1.437166731513571, 55.019690865126904], [-1.4359235077281483, 55.02040951780509], [-1.4359235077281483, 55.02112817048328], [-1.4346802839427255, 55.02184682316147], [-1.4346802839427255, 55.022565475839656], [-1.4340586720500141, 55.02292480217875], [-1.4328154482645914, 55.02220614950056], [-1.4315722244791687, 55.02292480217875], [-1.4290857769083232, 55.02292480217875], [-1.4284641650156118, 55.022565475839656], [-1.4284641650156118, 55.02184682316147], [-1.4278425531229004, 55.021487496822374], [-1.4265993293374777, 55.021487496822374], [-1.425356105552055, 55.02220614950056], [-1.4216264341957867, 55.020050191466], [-1.420383210410364, 55.020050191466], [-1.4197615985176526, 55.019690865126904], [-1.4197615985176526, 55.01681625441415], [-1.4210048223030753, 55.016097601735964], [-1.4210048223030753, 55.01537894905778], [-1.422248046088498, 55.01466029637959], [-1.4210048223030753, 55.0139416437014], [-1.4216264341957867, 55.01358231736231], [-1.4241128817666322, 55.01358231736231], [-1.4248898966325214, 55.0139416437014], [-1.4265993293374777, 55.01349248577753], [-1.4278425531229004, 55.01358231736231], [-1.4290857769083232, 55.01358231736231], [-1.4309506125864573, 55.012504338345025], [-1.4309506125864573, 55.01178568566684], [-1.4353018958354369, 55.00927040129318], [-1.4365451196208596, 55.00927040129318], [-1.437166731513571, 55.0081924222759], [-1.4377883434062824, 55.00774326435203], [-1.4415180147625506, 55.006305958995654], [-1.4444706712529296, 55.00316185352858], [-1.4457138950383523, 55.002443200850394], [-1.4464909099042416, 55.0020838745113], [-1.4477341336896643, 55.00280252718949], [-1.4502205812605098, 55.00136522183311], [-1.4514638050459325, 55.0020838745113], [-1.4527070288313553, 55.0020838745113], [-1.4533286407240666, 55.001724548172206], [-1.4533286407240666, 55.00100589549402], [-1.452085416938644, 55.00028724281583], [-1.452085416938644, 54.998849937459454], [-1.4533286407240666, 54.99741263210308], [-1.453950252616778, 54.99696347417921], [-1.4544164615363115, 54.9959753267467], [-1.4556596853217343, 54.995256674068514], [-1.4564367001876235, 54.99489734772942], [-1.458923147758469, 54.993460042373044], [-1.4601663715438917, 54.99417869505123], [-1.4614095953293145, 54.99417869505123], [-1.4626528191147372, 54.993460042373044], [-1.46389604290016, 54.993460042373044], [-1.4645176547928713, 54.99310071603395], [-1.4645176547928713, 54.99238206335576], [-1.4651392666855827, 54.99202273701667], [-1.465760878578294, 54.99238206335576], [-1.465760878578294, 54.99310071603395], [-1.4670041023637168, 54.99381936871214], [-1.4670041023637168, 54.994538021390326], [-1.4676257142564282, 54.99489734772942], [-1.468868938041851, 54.99489734772942], [-1.4701121618272737, 54.99417869505123], [-1.4713553856126964, 54.99417869505123], [-1.4725986093981192, 54.993460042373044], [-1.473841833183542, 54.993460042373044], [-1.4750850569689646, 54.99417869505123], [-1.4763282807543874, 54.993460042373044], [-1.4775715045398101, 54.99417869505123], [-1.4781931164325215, 54.99381936871214], [-1.4781931164325215, 54.99310071603395], [-1.4769498926470987, 54.99238206335576], [-1.4775715045398101, 54.99202273701667], [-1.4788147283252329, 54.99202273701667], [-1.4794363402179442, 54.991663410677575], [-1.4788147283252329, 54.99130408433848], [-1.4775715045398101, 54.99130408433848], [-1.4769498926470987, 54.99094475799939], [-1.4769498926470987, 54.9902261053212], [-1.475706668861676, 54.98950745264301], [-1.4775715045398101, 54.988339642040955], [-1.492490189964883, 54.988339642040955], [-1.4937334137503058, 54.98842947362573], [-1.4949766375357285, 54.98842947362573], [-1.4962198613211513, 54.98914812630392], [-1.4999495326774195, 54.988339642040955], [-1.5011927564628422, 54.988339642040955], [-1.5019697713287314, 54.98878879996482], [-1.5029021891677985, 54.98878879996482], [-1.5036792040336877, 54.98842947362573], [-1.5061656516045332, 54.988339642040955], [-1.521084337029606, 54.98690233668458], [-1.5248140083858743, 54.98618368400639], [-1.5273004559567198, 54.985465031328204], [-1.5327395600179443, 54.98160227318294], [-1.533982783803367, 54.97872766247019], [-1.5352260075887898, 54.97154113568831], [-1.536003022454679, 54.97118180934922], [-1.5366246343473904, 54.97154113568831], [-1.5366246343473904, 54.9722597883665], [-1.5372462462401018, 54.972619114705594], [-1.5378678581328131, 54.9722597883665], [-1.5378678581328131, 54.96938517765375], [-1.5366246343473904, 54.96866652497556], [-1.5364692313742125, 54.967229219619185], [-1.5364692313742125, 54.96507326158462], [-1.538955678945058, 54.963635956228245], [-1.5397326938109472, 54.96327662988915], [-1.542840753274504, 54.96219865087187], [-1.5434623651672155, 54.961749492948], [-1.545948812738061, 54.961749492948], [-1.5496784840943292, 54.960312187591626], [-1.555894603021443, 54.960312187591626], [-1.556671617887332, 54.96076134551549], [-1.5608674981631339, 54.96246814562619], [-1.564597169519402, 54.963905450982566], [-1.579515854944475, 54.96534275633894], [-1.5877522125229007, 54.97010383033194], [-1.5981642117258161, 54.97037332508626], [-1.6006506592966616, 54.96965467240807], [-1.5981642117258161, 54.969834335577616], [-1.589461645227857, 54.969834335577616], [-1.5869751976570114, 54.96911568289943], [-1.5861981827911222, 54.96866652497556], [-1.5837117352202768, 54.966510566941], [-1.5812252876494313, 54.96507326158462], [-1.5782726311590523, 54.96408511415211], [-1.5683268408756703, 54.96408511415211], [-1.5670836170902476, 54.963366461473925], [-1.5664620051975362, 54.96291730355006], [-1.5664620051975362, 54.96219865087187], [-1.5652187814121135, 54.96147999819368], [-1.5652187814121135, 54.96076134551549], [-1.5639755576266907, 54.960042692837305], [-1.5639755576266907, 54.95860538748093], [-1.5633539457339793, 54.958246061141836], [-1.5614891100558452, 54.96076134551549], [-1.5608674981631339, 54.96121050343936], [-1.550921707879752, 54.9590545454048], [-1.5471920365234837, 54.96049185076117], [-1.5342935897497227, 54.963635956228245], [-1.5335165748838335, 54.96399528256734], [-1.5322733510984108, 54.96471393524553], [-1.5316517392056994, 54.96435460890643], [-1.5328949629911222, 54.963635956228245], [-1.5322733510984108, 54.96327662988915], [-1.531030127312988, 54.96327662988915], [-1.5304085154202767, 54.963635956228245], [-1.5304085154202767, 54.96579191426281], [-1.529165291634854, 54.966510566941], [-1.5304085154202767, 54.967229219619185], [-1.5304085154202767, 54.96794787229737], [-1.5297869035275653, 54.96830719863647], [-1.5285436797421426, 54.96830719863647], [-1.5279220678494312, 54.96866652497556], [-1.5279220678494312, 54.96938517765375], [-1.5285436797421426, 54.96974450399284], [-1.531030127312988, 54.96974450399284], [-1.5316517392056994, 54.97010383033194], [-1.5316517392056994, 54.970822483010124], [-1.5328949629911222, 54.97154113568831], [-1.5316517392056994, 54.9722597883665], [-1.5330503659643, 54.974415746401064], [-1.5318071421788773, 54.978009009792004], [-1.5305639183934545, 54.980883620504756], [-1.5268342470371863, 54.98303957853932], [-1.526057232171297, 54.98339890487841], [-1.5254356202785857, 54.98303957853932], [-1.5254356202785857, 54.98232092586113], [-1.5248140083858743, 54.98196159952204], [-1.5235707846004516, 54.98196159952204], [-1.5229491727077402, 54.98232092586113], [-1.5229491727077402, 54.98303957853932], [-1.5223275608150288, 54.98339890487841], [-1.521084337029606, 54.982680252200225], [-1.5173546656733379, 54.982680252200225], [-1.5161114418879151, 54.98339890487841], [-1.5148682181024924, 54.98339890487841], [-1.514246606209781, 54.98519553657388], [-1.5136249943170696, 54.98564469449775], [-1.5131587853975361, 54.98591418925207], [-1.512381770531647, 54.986273515591165], [-1.5117601586389355, 54.98591418925207], [-1.5117601586389355, 54.98519553657388], [-1.5111385467462242, 54.98483621023479], [-1.5086520991753787, 54.98564469449775], [-1.5061656516045332, 54.98636334717594], [-1.4750850569689646, 54.98636334717594], [-1.473841833183542, 54.986273515591165], [-1.4732202212908305, 54.98591418925207], [-1.4719769975054078, 54.98375823121751], [-1.47182159453223, 54.98303957853932], [-1.4701121618272737, 54.98196159952204], [-1.468868938041851, 54.98196159952204], [-1.4663824904710054, 54.98339890487841], [-1.4651392666855827, 54.982680252200225], [-1.4614095953293145, 54.982680252200225], [-1.460787983436603, 54.98232092586113], [-1.4614095953293145, 54.98196159952204], [-1.4626528191147372, 54.98196159952204], [-1.4632744310074486, 54.98160227318294], [-1.4632744310074486, 54.980883620504756], [-1.4626528191147372, 54.98052429416566], [-1.4614095953293145, 54.98052429416566], [-1.4601663715438917, 54.98124294684385], [-1.4564367001876235, 54.979086988809286], [-1.4551934764022008, 54.979086988809286], [-1.453950252616778, 54.9783683361311], [-1.452085416938644, 54.97944631514838], [-1.452085416938644, 54.980883620504756], [-1.4514638050459325, 54.98124294684385], [-1.4502205812605098, 54.98052429416566], [-1.4495989693677984, 54.980883620504756], [-1.4495989693677984, 54.98160227318294], [-1.448977357475087, 54.98196159952204], [-1.4477341336896643, 54.98196159952204], [-1.447112521796953, 54.98232092586113], [-1.4483557455823757, 54.98303957853932], [-1.4477341336896643, 54.98339890487841], [-1.4464909099042416, 54.982680252200225], [-1.444004462333396, 54.982680252200225], [-1.442139626655262, 54.98375823121751], [-1.442139626655262, 54.98519553657388], [-1.4433828504406847, 54.98591418925207], [-1.4433828504406847, 54.98735149460845], [-1.442139626655262, 54.988070147286635], [-1.442139626655262, 54.99094475799939], [-1.4415180147625506, 54.99130408433848], [-1.4402747909771279, 54.99130408433848], [-1.4384099552989937, 54.99238206335576], [-1.4384099552989937, 54.995256674068514], [-1.439031567191705, 54.99561600040761], [-1.4402747909771279, 54.99561600040761], [-1.4408964028698392, 54.9959753267467], [-1.441051805843017, 54.99669397942489], [-1.4398085820575943, 54.99956859013764], [-1.439031567191705, 54.999927916476736], [-1.4384099552989937, 55.00028724281583], [-1.4384099552989937, 55.001724548172206], [-1.4377883434062824, 55.0020838745113], [-1.4365451196208596, 55.0020838745113], [-1.4359235077281483, 55.002443200850394], [-1.4359235077281483, 55.00316185352858], [-1.4353018958354369, 55.003521179867676], [-1.4340586720500141, 55.003521179867676], [-1.4328154482645914, 55.00280252718949], [-1.4315722244791687, 55.00280252718949], [-1.430329000693746, 55.0020838745113], [-1.4290857769083232, 55.0020838745113], [-1.4265993293374777, 55.000646569154924], [-1.425356105552055, 55.000646569154924], [-1.4247344936593436, 55.00028724281583], [-1.4259777174447663, 54.99956859013764], [-1.4247344936593436, 54.998849937459454], [-1.4259777174447663, 54.998131284781266], [-1.4259777174447663, 54.99741263210308], [-1.4247344936593436, 54.99669397942489], [-1.4259777174447663, 54.9959753267467], [-1.4259777174447663, 54.995256674068514], [-1.425356105552055, 54.99489734772942], [-1.4241128817666322, 54.99561600040761], [-1.4234912698739208, 54.995256674068514], [-1.4234912698739208, 54.994538021390326], [-1.4247344936593436, 54.99381936871214], [-1.4247344936593436, 54.99310071603395], [-1.4241128817666322, 54.99274138969486], [-1.4228696579812095, 54.99274138969486], [-1.422248046088498, 54.99238206335576], [-1.422248046088498, 54.991663410677575], [-1.4234912698739208, 54.99094475799939], [-1.4234912698739208, 54.9902261053212], [-1.422248046088498, 54.98950745264301], [-1.422248046088498, 54.98878879996482], [-1.4197615985176526, 54.98735149460845], [-1.4210048223030753, 54.98663284193026], [-1.4210048223030753, 54.98591418925207], [-1.4197615985176526, 54.98519553657388], [-1.4197615985176526, 54.98303957853932], [-1.4185183747322299, 54.98232092586113], [-1.4185183747322299, 54.98160227318294], [-1.4172751509468071, 54.980883620504756], [-1.4172751509468071, 54.98016496782657], [-1.4160319271613844, 54.97944631514838], [-1.4172751509468071, 54.97872766247019], [-1.4172751509468071, 54.978009009792004], [-1.4166535390540957, 54.97764968345291], [-1.4141670914832503, 54.97764968345291], [-1.413545479590539, 54.977290357113816], [-1.4160319271613844, 54.97585305175744], [-1.4160319271613844, 54.974415746401064], [-1.4116806439124048, 54.971900462027406], [-1.410437420126982, 54.971900462027406], [-1.4098158082342707, 54.97154113568831], [-1.410437420126982, 54.97118180934922], [-1.4116806439124048, 54.97118180934922], [-1.4129238676978275, 54.971900462027406], [-1.415410315268673, 54.971900462027406], [-1.4166535390540957, 54.97118180934922], [-1.4178967628395185, 54.97118180934922], [-1.4185183747322299, 54.97154113568831], [-1.4185183747322299, 54.974415746401064], [-1.420383210410364, 54.975493725418346], [-1.4216264341957867, 54.975493725418346], [-1.4228696579812095, 54.976212378096534], [-1.4265993293374777, 54.976212378096534], [-1.427220941230189, 54.97585305175744], [-1.4259777174447663, 54.97513439907925], [-1.4265993293374777, 54.97477507274016], [-1.4278425531229004, 54.975493725418346], [-1.4284641650156118, 54.97513439907925], [-1.4284641650156118, 54.973697093722876], [-1.4297073888010345, 54.97297844104469], [-1.4284641650156118, 54.9722597883665], [-1.4297073888010345, 54.97154113568831], [-1.4297073888010345, 54.97010383033194], [-1.4284641650156118, 54.96938517765375], [-1.4309506125864573, 54.96794787229737], [-1.4297073888010345, 54.967229219619185], [-1.4297073888010345, 54.966510566941], [-1.427220941230189, 54.96507326158462], [-1.4278425531229004, 54.96471393524553], [-1.4290857769083232, 54.96471393524553], [-1.4297073888010345, 54.96435460890643], [-1.4290857769083232, 54.96399528256734], [-1.4278425531229004, 54.96399528256734], [-1.427220941230189, 54.963635956228245], [-1.4284641650156118, 54.96291730355006], [-1.4284641650156118, 54.96219865087187], [-1.427220941230189, 54.96147999819368], [-1.4278425531229004, 54.96112067185459], [-1.4290857769083232, 54.961839324532775], [-1.430329000693746, 54.961839324532775], [-1.4309506125864573, 54.96147999819368], [-1.4309506125864573, 54.96076134551549], [-1.4290857769083232, 54.95968336649821], [-1.4278425531229004, 54.9604020191764], [-1.4265993293374777, 54.9604020191764], [-1.4259777174447663, 54.960042692837305], [-1.4259777174447663, 54.95932404015912], [-1.4284641650156118, 54.95788673480274], [-1.4284641650156118, 54.956449429446366], [-1.430329000693746, 54.955371450429084], [-1.4334370601573028, 54.957168082124554], [-1.4334370601573028, 54.95788673480274], [-1.4340586720500141, 54.958246061141836], [-1.4353018958354369, 54.958246061141836], [-1.4359235077281483, 54.95788673480274], [-1.4359235077281483, 54.956449429446366], [-1.4353018958354369, 54.95609010310727], [-1.4340586720500141, 54.95609010310727], [-1.4334370601573028, 54.95573077676818], [-1.4334370601573028, 54.95501212408999], [-1.4340586720500141, 54.954652797750896], [-1.4353018958354369, 54.954652797750896], [-1.437166731513571, 54.953574818733614], [-1.437166731513571, 54.95213751337724], [-1.4365451196208596, 54.951778187038144], [-1.4340586720500141, 54.951778187038144], [-1.4334370601573028, 54.95213751337724], [-1.4334370601573028, 54.952856166055426], [-1.4328154482645914, 54.95321549239452], [-1.4290857769083232, 54.95321549239452], [-1.4284641650156118, 54.953574818733614], [-1.4284641650156118, 54.9542934714118], [-1.4278425531229004, 54.954652797750896], [-1.420383210410364, 54.954652797750896], [-1.4191399866249412, 54.95393414507271], [-1.4178967628395185, 54.95393414507271], [-1.4172751509468071, 54.9542934714118], [-1.4172751509468071, 54.95501212408999], [-1.4166535390540957, 54.955371450429084], [-1.4141670914832503, 54.95393414507271], [-1.4116806439124048, 54.95393414507271], [-1.410437420126982, 54.95321549239452], [-1.4091941963415593, 54.95393414507271], [-1.4073293606634252, 54.952856166055426], [-1.408572584448848, 54.95213751337724], [-1.4079509725561365, 54.951778187038144], [-1.4067077487707138, 54.951778187038144], [-1.4060861368780024, 54.95141886069905], [-1.4060861368780024, 54.95070020802086], [-1.4048429130925797, 54.949981555342674], [-1.4060861368780024, 54.949262902664486], [-1.4048429130925797, 54.9485442499863], [-1.4067077487707138, 54.94746627096902], [-1.4079509725561365, 54.94746627096902], [-1.408572584448848, 54.94710694462992], [-1.408572584448848, 54.94566963927355], [-1.4079509725561365, 54.94531031293445], [-1.4067077487707138, 54.94531031293445], [-1.4060861368780024, 54.94495098659536], [-1.4060861368780024, 54.94423233391717], [-1.4079509725561365, 54.94315435489989], [-1.4091941963415593, 54.94315435489989], [-1.410437420126982, 54.9424357022217], [-1.4141670914832503, 54.9424357022217], [-1.4147887033759616, 54.94207637588261], [-1.4147887033759616, 54.94135772320442], [-1.4178967628395185, 54.93956109150895], [-1.4191399866249412, 54.94027974418714], [-1.4197615985176526, 54.93992041784804], [-1.4197615985176526, 54.939201765169855], [-1.4216264341957867, 54.93812378615257], [-1.4228696579812095, 54.93812378615257], [-1.4265993293374777, 54.94027974418714], [-1.4278425531229004, 54.94027974418714], [-1.4290857769083232, 54.93956109150895], [-1.430329000693746, 54.94027974418714], [-1.4315722244791687, 54.94027974418714], [-1.4334370601573028, 54.94135772320442], [-1.4334370601573028, 54.94207637588261], [-1.4353018958354369, 54.94315435489989], [-1.4365451196208596, 54.94315435489989], [-1.437166731513571, 54.94351368123898], [-1.437166731513571, 54.94423233391717], [-1.4384099552989937, 54.94495098659536], [-1.4384099552989937, 54.94566963927355], [-1.4365451196208596, 54.94674761829083], [-1.4353018958354369, 54.94674761829083], [-1.4346802839427255, 54.946388291951735], [-1.4346802839427255, 54.94566963927355], [-1.4340586720500141, 54.94531031293445], [-1.4309506125864573, 54.94710694462992], [-1.4309506125864573, 54.9485442499863], [-1.4334370601573028, 54.949981555342674], [-1.4334370601573028, 54.95070020802086], [-1.4340586720500141, 54.951059534359956], [-1.4365451196208596, 54.951059534359956], [-1.437166731513571, 54.95070020802086], [-1.437166731513571, 54.949981555342674], [-1.4377883434062824, 54.94962222900358], [-1.4384099552989937, 54.949981555342674], [-1.4384099552989937, 54.9542934714118], [-1.4396531790844165, 54.95501212408999], [-1.4384099552989937, 54.95573077676818], [-1.4384099552989937, 54.957168082124554], [-1.4396531790844165, 54.95788673480274], [-1.4396531790844165, 54.960042692837305], [-1.4408964028698392, 54.96076134551549], [-1.4408964028698392, 54.96147999819368], [-1.4415180147625506, 54.961839324532775], [-1.4427612385479733, 54.96112067185459], [-1.444004462333396, 54.961839324532775], [-1.4452476861188188, 54.961839324532775], [-1.4458692980115302, 54.96147999819368], [-1.4458692980115302, 54.96076134551549], [-1.4446260742261074, 54.960042692837305], [-1.4446260742261074, 54.95932404015912], [-1.4452476861188188, 54.95896471382002], [-1.4464909099042416, 54.95896471382002], [-1.4495989693677984, 54.957168082124554], [-1.4495989693677984, 54.956449429446366], [-1.4483557455823757, 54.95573077676818], [-1.4483557455823757, 54.95501212408999], [-1.448977357475087, 54.954652797750896], [-1.4514638050459325, 54.954652797750896], [-1.4527070288313553, 54.95393414507271], [-1.453950252616778, 54.954652797750896], [-1.4545718645094894, 54.9542934714118], [-1.4545718645094894, 54.953574818733614], [-1.4533286407240666, 54.952856166055426], [-1.453950252616778, 54.95249683971633], [-1.4576799239730462, 54.95249683971633], [-1.4583015358657576, 54.95213751337724], [-1.4570583120803349, 54.95141886069905], [-1.4583015358657576, 54.95070020802086], [-1.4583015358657576, 54.949981555342674], [-1.4595447596511804, 54.949262902664486], [-1.4595447596511804, 54.9485442499863], [-1.458923147758469, 54.948184923647204], [-1.4576799239730462, 54.94890357632539], [-1.4570583120803349, 54.9485442499863], [-1.4595447596511804, 54.94710694462992], [-1.4576799239730462, 54.94602896561264], [-1.4564367001876235, 54.94602896561264], [-1.4558150882949121, 54.94566963927355], [-1.4558150882949121, 54.94495098659536], [-1.4551934764022008, 54.944591660256265], [-1.453950252616778, 54.944591660256265], [-1.452085416938644, 54.94351368123898], [-1.452085416938644, 54.94135772320442], [-1.4508421931532212, 54.94063907052623], [-1.4514638050459325, 54.94027974418714], [-1.453950252616778, 54.94027974418714], [-1.4545718645094894, 54.94063907052623], [-1.4545718645094894, 54.94135772320442], [-1.4558150882949121, 54.94207637588261], [-1.4558150882949121, 54.94351368123898], [-1.4564367001876235, 54.94387300757808], [-1.4576799239730462, 54.94387300757808], [-1.4583015358657576, 54.94423233391717], [-1.4583015358657576, 54.94495098659536], [-1.4601663715438917, 54.94602896561264], [-1.4614095953293145, 54.94602896561264], [-1.4626528191147372, 54.94674761829083], [-1.46389604290016, 54.94674761829083], [-1.4651392666855827, 54.94746627096902], [-1.4676257142564282, 54.94746627096902], [-1.4713553856126964, 54.94962222900358], [-1.473841833183542, 54.94962222900358], [-1.4744634450762533, 54.949262902664486], [-1.4744634450762533, 54.9485442499863], [-1.4732202212908305, 54.94782559730811], [-1.4732202212908305, 54.946388291951735], [-1.4719769975054078, 54.94566963927355], [-1.4725986093981192, 54.94531031293445], [-1.473841833183542, 54.94602896561264], [-1.4744634450762533, 54.94566963927355], [-1.4744634450762533, 54.942795028560795], [-1.473841833183542, 54.9424357022217], [-1.4725986093981192, 54.94315435489989], [-1.4713553856126964, 54.9424357022217], [-1.4701121618272737, 54.9424357022217], [-1.4694905499345623, 54.94207637588261], [-1.4719769975054078, 54.94063907052623], [-1.4719769975054078, 54.93776445981348], [-1.4725986093981192, 54.937405133474385], [-1.473841833183542, 54.937405133474385], [-1.4750850569689646, 54.9366864807962], [-1.4800579521106556, 54.93956109150895], [-1.482544399681501, 54.93812378615257], [-1.4837876234669238, 54.93812378615257], [-1.4844092353596352, 54.93848311249167], [-1.4844092353596352, 54.939201765169855], [-1.4850308472523466, 54.93956109150895], [-1.4862740710377693, 54.93956109150895], [-1.4868956829304807, 54.93992041784804], [-1.4868956829304807, 54.94063907052623], [-1.4881389067159034, 54.94135772320442], [-1.4881389067159034, 54.94207637588261], [-1.4893821305013262, 54.942795028560795], [-1.4893821305013262, 54.94566963927355], [-1.4887605186086148, 54.94602896561264], [-1.487517294823192, 54.94602896561264], [-1.4868956829304807, 54.946388291951735], [-1.4868956829304807, 54.94710694462992], [-1.487517294823192, 54.94746627096902], [-1.4887605186086148, 54.94746627096902], [-1.4900037423940375, 54.94674761829083], [-1.4912469661794603, 54.94674761829083], [-1.4937334137503058, 54.948184923647204], [-1.4962198613211513, 54.948184923647204], [-1.497463085106574, 54.94746627096902], [-1.5061656516045332, 54.94746627096902], [-1.5067872634972446, 54.94782559730811], [-1.5067872634972446, 54.949262902664486], [-1.507408875389956, 54.94962222900358], [-1.5105169348535128, 54.94782559730811], [-1.5105169348535128, 54.946388291951735], [-1.5098953229608014, 54.94602896561264], [-1.5086520991753787, 54.94674761829083], [-1.5067872634972446, 54.94566963927355], [-1.5067872634972446, 54.94423233391717], [-1.5080304872826673, 54.94351368123898], [-1.5080304872826673, 54.94207637588261], [-1.5086520991753787, 54.94171704954351], [-1.5136249943170696, 54.94171704954351], [-1.514246606209781, 54.94135772320442], [-1.514246606209781, 54.939201765169855], [-1.5136249943170696, 54.93884243883076], [-1.512381770531647, 54.93884243883076], [-1.5111385467462242, 54.93956109150895], [-1.5098953229608014, 54.93956109150895], [-1.5080304872826673, 54.93848311249167], [-1.5080304872826673, 54.93776445981348], [-1.507408875389956, 54.937405133474385], [-1.5061656516045332, 54.937405133474385], [-1.5055440397118218, 54.93704580713529], [-1.5055440397118218, 54.935608501778916], [-1.5049224278191105, 54.93524917543982], [-1.5036792040336877, 54.93524917543982], [-1.5018143683555536, 54.93417119642254], [-1.5018143683555536, 54.932733891066164], [-1.502435980248265, 54.93237456472707], [-1.5036792040336877, 54.93237456472707], [-1.5049224278191105, 54.93165591204888], [-1.5061656516045332, 54.93165591204888], [-1.5067872634972446, 54.93129658570979], [-1.5067872634972446, 54.9305779330316], [-1.5098953229608014, 54.92878130133613], [-1.5111385467462242, 54.92878130133613], [-1.5136249943170696, 54.930218606692506], [-1.5185978894587606, 54.930218606692506], [-1.5198411132441834, 54.930937259370694], [-1.521084337029606, 54.930937259370694], [-1.5229491727077402, 54.92985928035341], [-1.5229491727077402, 54.929140627675224], [-1.5235707846004516, 54.92878130133613], [-1.526057232171297, 54.92878130133613], [-1.5273004559567198, 54.92949995401432], [-1.5285436797421426, 54.92949995401432], [-1.529165291634854, 54.92985928035341], [-1.529165291634854, 54.9305779330316], [-1.5297869035275653, 54.930937259370694], [-1.531030127312988, 54.930218606692506], [-1.5322733510984108, 54.930218606692506], [-1.5328949629911222, 54.9305779330316], [-1.5328949629911222, 54.93417119642254], [-1.5335165748838335, 54.934530522761634], [-1.534138186776545, 54.93417119642254], [-1.534138186776545, 54.932015238387976], [-1.536003022454679, 54.930937259370694], [-1.5372462462401018, 54.93165591204888], [-1.5384894700255245, 54.93165591204888], [-1.5391110819182359, 54.93129658570979], [-1.5391110819182359, 54.92985928035341], [-1.5384894700255245, 54.92949995401432], [-1.536003022454679, 54.92949995401432], [-1.5353814105619676, 54.929140627675224], [-1.5353814105619676, 54.92698466964066], [-1.5347597986692563, 54.926625343301566], [-1.5335165748838335, 54.926625343301566], [-1.531030127312988, 54.92806264865794], [-1.5304085154202767, 54.92770332231885], [-1.5304085154202767, 54.92698466964066], [-1.5285436797421426, 54.92590669062338], [-1.5248140083858743, 54.92590669062338], [-1.5229491727077402, 54.92698466964066], [-1.5229491727077402, 54.92770332231885], [-1.5223275608150288, 54.92806264865794], [-1.5198411132441834, 54.926625343301566], [-1.5161114418879151, 54.926625343301566], [-1.514246606209781, 54.925547364284284], [-1.5154898299952038, 54.9248287116061], [-1.514246606209781, 54.92411005892791], [-1.5148682181024924, 54.923750732588815], [-1.5173546656733379, 54.923750732588815], [-1.5179762775660492, 54.92339140624972], [-1.5179762775660492, 54.92267275357153], [-1.5173546656733379, 54.92231342723244], [-1.5148682181024924, 54.92231342723244], [-1.5130033824243583, 54.92123544821516], [-1.5130033824243583, 54.92051679553697], [-1.512381770531647, 54.920157469197875], [-1.5117601586389355, 54.92051679553697], [-1.5117601586389355, 54.92123544821516], [-1.5111385467462242, 54.92159477455425], [-1.5098953229608014, 54.92159477455425], [-1.5086520991753787, 54.92087612187606], [-1.507408875389956, 54.92159477455425], [-1.5049224278191105, 54.920157469197875], [-1.5036792040336877, 54.920157469197875], [-1.5030575921409763, 54.91979814285878], [-1.5030575921409763, 54.91907949018059], [-1.502435980248265, 54.9187201638415], [-1.5011927564628422, 54.91943881651969], [-1.4999495326774195, 54.91943881651969], [-1.4987063088919967, 54.920157469197875], [-1.4962198613211513, 54.9187201638415], [-1.4949766375357285, 54.9187201638415], [-1.4943550256430171, 54.918360837502405], [-1.4943550256430171, 54.91764218482422], [-1.4955982494284399, 54.91692353214603], [-1.4955982494284399, 54.91404892143328], [-1.4968414732138626, 54.91333026875509], [-1.4968414732138626, 54.91045565804234], [-1.497463085106574, 54.910096331703244], [-1.4987063088919967, 54.91081498438143], [-1.4999495326774195, 54.91081498438143], [-1.5005711445701309, 54.91045565804234], [-1.5005711445701309, 54.907581047329586], [-1.4999495326774195, 54.90722172099049], [-1.4987063088919967, 54.90722172099049], [-1.4980846969992854, 54.9068623946514], [-1.4980846969992854, 54.90614374197321], [-1.4968414732138626, 54.90542508929502], [-1.497463085106574, 54.90506576295593], [-1.4987063088919967, 54.90506576295593], [-1.4999495326774195, 54.90434711027774], [-1.5011927564628422, 54.90434711027774], [-1.5018143683555536, 54.903987783938646], [-1.5018143683555536, 54.90255047858227], [-1.502435980248265, 54.90219115224318], [-1.5036792040336877, 54.90219115224318], [-1.5055440397118218, 54.901113173225895], [-1.5055440397118218, 54.90039452054771], [-1.5036792040336877, 54.899316541530425], [-1.502435980248265, 54.90003519420861], [-1.5011927564628422, 54.90003519420861], [-1.5005711445701309, 54.90039452054771], [-1.5005711445701309, 54.90183182590408], [-1.4999495326774195, 54.90219115224318], [-1.4993279207847081, 54.90183182590408], [-1.4993279207847081, 54.89967586786952], [-1.5005711445701309, 54.89895721519133], [-1.5005711445701309, 54.89823856251314], [-1.5018143683555536, 54.897519909834955], [-1.5018143683555536, 54.89680125715677], [-1.502435980248265, 54.89644193081767], [-1.5032129951141542, 54.89680125715677], [-1.5041454129532212, 54.89680125715677], [-1.5049224278191105, 54.89644193081767], [-1.5061656516045332, 54.89644193081767], [-1.5067872634972446, 54.89680125715677], [-1.5067872634972446, 54.897519909834955], [-1.5086520991753787, 54.89859788885224], [-1.5098953229608014, 54.89787923617405], [-1.5117601586389355, 54.89895721519133], [-1.5117601586389355, 54.90039452054771], [-1.5130033824243583, 54.901113173225895], [-1.5130033824243583, 54.90255047858227], [-1.5136249943170696, 54.902909804921364], [-1.5148682181024924, 54.902909804921364], [-1.5154898299952038, 54.90255047858227], [-1.5154898299952038, 54.90183182590408], [-1.5167330537806265, 54.901113173225895], [-1.5167330537806265, 54.90039452054771], [-1.5154898299952038, 54.89967586786952], [-1.5154898299952038, 54.897519909834955], [-1.514246606209781, 54.89680125715677], [-1.514246606209781, 54.8946452991222], [-1.5179762775660492, 54.89248934108764], [-1.5179762775660492, 54.89177068840945], [-1.5167330537806265, 54.89105203573126], [-1.5185978894587606, 54.88997405671398], [-1.5198411132441834, 54.88997405671398], [-1.5204627251368947, 54.890333383053076], [-1.5204627251368947, 54.89105203573126], [-1.5217059489223175, 54.89177068840945], [-1.5204627251368947, 54.89248934108764], [-1.5204627251368947, 54.89320799376583], [-1.5217059489223175, 54.893926646444015], [-1.5204627251368947, 54.8946452991222], [-1.5204627251368947, 54.89608260447858], [-1.521084337029606, 54.89644193081767], [-1.5223275608150288, 54.89644193081767], [-1.524192396493163, 54.89536395180039], [-1.5229491727077402, 54.8946452991222], [-1.5229491727077402, 54.893926646444015], [-1.524192396493163, 54.89320799376583], [-1.524192396493163, 54.89248934108764], [-1.5248140083858743, 54.892130014748545], [-1.526057232171297, 54.89284866742673], [-1.5297869035275653, 54.89069270939217], [-1.531030127312988, 54.89069270939217], [-1.5316517392056994, 54.890333383053076], [-1.5316517392056994, 54.88961473037489], [-1.5304085154202767, 54.8888960776967], [-1.5316517392056994, 54.88817742501851], [-1.5304085154202767, 54.887458772340324], [-1.5316517392056994, 54.886740119662136], [-1.5316517392056994, 54.88530281430576], [-1.5322733510984108, 54.884943487966666], [-1.5335165748838335, 54.884943487966666], [-1.534138186776545, 54.88530281430576], [-1.534138186776545, 54.88602146698395], [-1.5347597986692563, 54.88638079332304], [-1.5353814105619676, 54.88602146698395], [-1.5353814105619676, 54.88458416162757], [-1.5372462462401018, 54.88350618261029], [-1.5384894700255245, 54.88422483528848], [-1.54097591759637, 54.88422483528848], [-1.5434623651672155, 54.885662140644854], [-1.5440839770599268, 54.88530281430576], [-1.5440839770599268, 54.88242820359301], [-1.5453272008453496, 54.88170955091482], [-1.5453272008453496, 54.88099089823663], [-1.545948812738061, 54.88063157189754], [-1.5471920365234837, 54.88063157189754], [-1.547813648416195, 54.880272245558444], [-1.547813648416195, 54.87883494020207], [-1.5484352603089064, 54.878475613862975], [-1.5496784840943292, 54.87919426654116], [-1.550921707879752, 54.87919426654116], [-1.552786543557886, 54.880272245558444], [-1.552786543557886, 54.88099089823663], [-1.5534081554505974, 54.881350224575726], [-1.5540297673433088, 54.88099089823663], [-1.5540297673433088, 54.880272245558444], [-1.555894603021443, 54.87919426654116], [-1.5608674981631339, 54.87919426654116], [-1.5621107219485566, 54.878475613862975], [-1.5633539457339793, 54.878475613862975], [-1.564597169519402, 54.87775696118479], [-1.5658403933048248, 54.87775696118479], [-1.5664620051975362, 54.87739763484569], [-1.5664620051975362, 54.876678982167505], [-1.5639755576266907, 54.87524167681113], [-1.567705228982959, 54.873085718776565], [-1.567705228982959, 54.869492455385625], [-1.5664620051975362, 54.86877380270744], [-1.567705228982959, 54.86805515002925], [-1.567705228982959, 54.86733649735106], [-1.5652187814121135, 54.865899191994686], [-1.5652187814121135, 54.8651805393165], [-1.5664620051975362, 54.86446188663831], [-1.5664620051975362, 54.86374323396012], [-1.567705228982959, 54.863024581281934], [-1.5664620051975362, 54.862305928603746], [-1.567705228982959, 54.86158727592556], [-1.567705228982959, 54.86086862324737], [-1.5689484527683817, 54.86014997056918], [-1.5689484527683817, 54.85655670717824], [-1.569570064661093, 54.85619738083915], [-1.5708132884465158, 54.85619738083915], [-1.5714349003392272, 54.855838054500055], [-1.5714349003392272, 54.85511940182187], [-1.57267812412465, 54.85440074914368], [-1.5714349003392272, 54.85368209646549], [-1.5732997360173613, 54.85260411744821], [-1.574542959802784, 54.85260411744821], [-1.5751645716954954, 54.8529634437873], [-1.5739213479100727, 54.85368209646549], [-1.5739213479100727, 54.85440074914368], [-1.574542959802784, 54.85476007548277], [-1.5757861835882068, 54.85476007548277], [-1.5770294073736295, 54.85547872816096], [-1.5782726311590523, 54.85547872816096], [-1.5788942430517636, 54.855838054500055], [-1.5788942430517636, 54.85727535985643], [-1.5801374668371864, 54.85799401253462], [-1.5801374668371864, 54.859431317890994], [-1.5788942430517636, 54.86014997056918], [-1.5788942430517636, 54.86086862324737], [-1.5801374668371864, 54.86158727592556], [-1.5801374668371864, 54.862305928603746], [-1.5807590787298977, 54.86266525494284], [-1.5820023025153205, 54.86266525494284], [-1.5826239144080319, 54.863024581281934], [-1.5826239144080319, 54.86446188663831], [-1.5838671381934546, 54.8651805393165], [-1.5838671381934546, 54.865899191994686], [-1.5826239144080319, 54.866617844672874], [-1.5838671381934546, 54.86733649735106], [-1.5838671381934546, 54.86805515002925], [-1.5851103619788773, 54.86877380270744], [-1.5832455263007432, 54.86985178172472], [-1.5820023025153205, 54.86985178172472], [-1.581380690622609, 54.87021110806381], [-1.5820023025153205, 54.87057043440291], [-1.5832455263007432, 54.87057043440291], [-1.5838671381934546, 54.870929760742], [-1.5838671381934546, 54.87236706609838], [-1.5832455263007432, 54.87272639243747], [-1.5820023025153205, 54.87272639243747], [-1.5807590787298977, 54.87344504511566], [-1.579515854944475, 54.87272639243747], [-1.5788942430517636, 54.873085718776565], [-1.5788942430517636, 54.87452302413294], [-1.579515854944475, 54.874882350472035], [-1.5807590787298977, 54.874882350472035], [-1.5820023025153205, 54.87560100315022], [-1.584488750086166, 54.87560100315022], [-1.5851103619788773, 54.87596032948932], [-1.5851103619788773, 54.876678982167505], [-1.5857319738715887, 54.8770383085066], [-1.5863535857643, 54.876678982167505], [-1.5863535857643, 54.87596032948932], [-1.5869751976570114, 54.87560100315022], [-1.5882184214424342, 54.87560100315022], [-1.5888400333351456, 54.87596032948932], [-1.5888400333351456, 54.87739763484569], [-1.5875968095497228, 54.87811628752388], [-1.5888400333351456, 54.87883494020207], [-1.5882184214424342, 54.87919426654116], [-1.5869751976570114, 54.878475613862975], [-1.5851103619788773, 54.87955359288026], [-1.5857319738715887, 54.87991291921935], [-1.5869751976570114, 54.87991291921935], [-1.5875968095497228, 54.880272245558444], [-1.5875968095497228, 54.88099089823663], [-1.5869751976570114, 54.881350224575726], [-1.5832455263007432, 54.881350224575726], [-1.581380690622609, 54.880272245558444], [-1.581380690622609, 54.87955359288026], [-1.5807590787298977, 54.87919426654116], [-1.5801374668371864, 54.87955359288026], [-1.5801374668371864, 54.886740119662136], [-1.581380690622609, 54.887458772340324], [-1.581380690622609, 54.88961473037489], [-1.5826239144080319, 54.890333383053076], [-1.5826239144080319, 54.89105203573126], [-1.5832455263007432, 54.89141136207036], [-1.5838671381934546, 54.89105203573126], [-1.5838671381934546, 54.890333383053076], [-1.5857319738715887, 54.889255404035794], [-1.5869751976570114, 54.889255404035794], [-1.5882184214424342, 54.888536751357606], [-1.589461645227857, 54.889255404035794], [-1.5907048690132797, 54.889255404035794], [-1.591326480905991, 54.88961473037489], [-1.591326480905991, 54.890333383053076], [-1.5919480927987024, 54.89069270939217], [-1.594434540369548, 54.89069270939217], [-1.5950561522622593, 54.890333383053076], [-1.5938129284768365, 54.88961473037489], [-1.5938129284768365, 54.88817742501851], [-1.591326480905991, 54.886740119662136], [-1.5925697046914138, 54.88602146698395], [-1.5925697046914138, 54.88530281430576], [-1.5938129284768365, 54.88458416162757], [-1.5938129284768365, 54.883865508949384], [-1.596299376047682, 54.88242820359301], [-1.5956777641549706, 54.882068877253914], [-1.594434540369548, 54.882068877253914], [-1.5931913165841252, 54.8827875299321], [-1.5925697046914138, 54.88242820359301], [-1.5925697046914138, 54.88170955091482], [-1.5938129284768365, 54.88099089823663], [-1.5925697046914138, 54.880272245558444], [-1.5931913165841252, 54.87991291921935], [-1.5956777641549706, 54.87991291921935], [-1.5975425998331048, 54.87883494020207], [-1.5975425998331048, 54.87811628752388], [-1.596299376047682, 54.87739763484569], [-1.5987858236185275, 54.87596032948932], [-1.5987858236185275, 54.87380437145475], [-1.5994074355112389, 54.87344504511566], [-1.603137106867507, 54.87344504511566], [-1.6037587187602185, 54.873085718776565], [-1.6037587187602185, 54.87236706609838], [-1.6043803306529298, 54.87200773975928], [-1.6056235544383526, 54.87200773975928], [-1.6074883901164867, 54.873085718776565], [-1.6037587187602185, 54.87524167681113], [-1.6037587187602185, 54.876678982167505], [-1.6050019425456412, 54.87739763484569], [-1.6050019425456412, 54.87883494020207], [-1.6025154949747957, 54.880272245558444], [-1.6025154949747957, 54.88170955091482], [-1.601272271189373, 54.88242820359301], [-1.601272271189373, 54.883865508949384], [-1.6037587187602185, 54.88530281430576], [-1.6037587187602185, 54.88602146698395], [-1.6025154949747957, 54.886740119662136], [-1.6050019425456412, 54.88817742501851], [-1.6037587187602185, 54.8888960776967], [-1.6037587187602185, 54.89177068840945], [-1.6043803306529298, 54.892130014748545], [-1.6050019425456412, 54.89177068840945], [-1.6050019425456412, 54.89105203573126], [-1.6056235544383526, 54.89069270939217], [-1.6074883901164867, 54.89177068840945], [-1.6074883901164867, 54.89248934108764], [-1.6068667782237753, 54.89284866742673], [-1.6043803306529298, 54.89284866742673], [-1.6000290474039502, 54.89536395180039], [-1.601272271189373, 54.89608260447858], [-1.5994074355112389, 54.89716058349586], [-1.5969209879403934, 54.895723278139485], [-1.596299376047682, 54.89608260447858], [-1.596299376047682, 54.89680125715677], [-1.5956777641549706, 54.89716058349586], [-1.594434540369548, 54.89716058349586], [-1.5919480927987024, 54.89859788885224], [-1.589461645227857, 54.89859788885224], [-1.5888400333351456, 54.89895721519133], [-1.5900832571205683, 54.89967586786952], [-1.5888400333351456, 54.90039452054771], [-1.5888400333351456, 54.901113173225895], [-1.5900832571205683, 54.90183182590408], [-1.5900832571205683, 54.90255047858227], [-1.5907048690132797, 54.902909804921364], [-1.5919480927987024, 54.902909804921364], [-1.5925697046914138, 54.90326913126046], [-1.5925697046914138, 54.904706436616834], [-1.5938129284768365, 54.90542508929502], [-1.5938129284768365, 54.90614374197321], [-1.5950561522622593, 54.9068623946514], [-1.5950561522622593, 54.90973700536415], [-1.594434540369548, 54.910096331703244], [-1.5919480927987024, 54.910096331703244], [-1.5900832571205683, 54.911174310720526], [-1.5900832571205683, 54.911892963398714], [-1.591326480905991, 54.9126116160769], [-1.591326480905991, 54.91333026875509], [-1.5919480927987024, 54.91368959509418], [-1.5931913165841252, 54.91368959509418], [-1.5938129284768365, 54.91404892143328], [-1.5938129284768365, 54.91620487946784], [-1.594434540369548, 54.916564205806935], [-1.5956777641549706, 54.916564205806935], [-1.596299376047682, 54.91692353214603], [-1.596299376047682, 54.91764218482422], [-1.5969209879403934, 54.91800151116331], [-1.5981642117258161, 54.91800151116331], [-1.5987858236185275, 54.91764218482422], [-1.5987858236185275, 54.91692353214603], [-1.596299376047682, 54.91548622678965], [-1.5981642117258161, 54.91440824777237], [-1.5994074355112389, 54.91512690045056], [-1.6006506592966616, 54.91440824777237], [-1.601272271189373, 54.914767574111465], [-1.6000290474039502, 54.91548622678965], [-1.601272271189373, 54.91620487946784], [-1.601272271189373, 54.918360837502405], [-1.6000290474039502, 54.91907949018059], [-1.6000290474039502, 54.91979814285878], [-1.6006506592966616, 54.920157469197875], [-1.6018938830820844, 54.91943881651969], [-1.603137106867507, 54.91943881651969], [-1.6037587187602185, 54.91907949018059], [-1.6037587187602185, 54.91764218482422], [-1.6025154949747957, 54.91692353214603], [-1.6025154949747957, 54.91620487946784], [-1.6056235544383526, 54.91440824777237], [-1.608110002009198, 54.91440824777237], [-1.6087316139019094, 54.91404892143328], [-1.6087316139019094, 54.91333026875509], [-1.6093532257946208, 54.912970942415996], [-1.6105964495800436, 54.912970942415996], [-1.611218061472755, 54.91333026875509], [-1.6099748376873322, 54.91404892143328], [-1.611218061472755, 54.914767574111465], [-1.611218061472755, 54.91548622678965], [-1.6124612852581777, 54.91620487946784], [-1.6124612852581777, 54.91692353214603], [-1.613082897150889, 54.91728285848512], [-1.6205422398634255, 54.91728285848512], [-1.6217854636488482, 54.91800151116331], [-1.6242719112196937, 54.91800151116331], [-1.624893523112405, 54.918360837502405], [-1.624893523112405, 54.91907949018059], [-1.6224070755415596, 54.92051679553697], [-1.6224070755415596, 54.92123544821516], [-1.623028687434271, 54.92159477455425], [-1.6242719112196937, 54.92159477455425], [-1.624893523112405, 54.921954100893345], [-1.624893523112405, 54.92267275357153], [-1.6236502993269823, 54.92339140624972], [-1.6242719112196937, 54.923750732588815], [-1.6255151350051165, 54.923750732588815], [-1.6261367468978278, 54.92411005892791], [-1.6261367468978278, 54.92770332231885], [-1.6267583587905392, 54.92806264865794], [-1.6304880301468074, 54.92806264865794], [-1.6311096420395188, 54.928421974997036], [-1.6311096420395188, 54.92985928035341], [-1.6323528658249415, 54.9305779330316], [-1.6323528658249415, 54.93129658570979], [-1.632974477717653, 54.93165591204888], [-1.6379473728593439, 54.93165591204888], [-1.6385689847520553, 54.93129658570979], [-1.6385689847520553, 54.92985928035341], [-1.6404338204301894, 54.92878130133613], [-1.6416770442156121, 54.92949995401432], [-1.6429202680010349, 54.92878130133613], [-1.644785103679169, 54.92985928035341], [-1.644785103679169, 54.932015238387976], [-1.6435418798937462, 54.932733891066164], [-1.6435418798937462, 54.93417119642254], [-1.6441634917864576, 54.934530522761634], [-1.6454067155718803, 54.934530522761634], [-1.6460283274645917, 54.93417119642254], [-1.6460283274645917, 54.93345254374435], [-1.646649939357303, 54.93309321740526], [-1.6478931631427258, 54.93309321740526], [-1.64975799882086, 54.932015238387976], [-1.6485147750354372, 54.93129658570979], [-1.6485147750354372, 54.928421974997036], [-1.6478931631427258, 54.92806264865794], [-1.646649939357303, 54.92806264865794], [-1.6460283274645917, 54.92770332231885], [-1.6460283274645917, 54.92626601696247], [-1.6478931631427258, 54.92518803794519], [-1.6491363869281486, 54.92590669062338], [-1.6503796107135713, 54.92590669062338], [-1.6528660582844168, 54.924469385267], [-1.6553525058552623, 54.924469385267], [-1.6559741177479737, 54.92411005892791], [-1.6559741177479737, 54.92339140624972], [-1.656595729640685, 54.92303207991063], [-1.6578389534261078, 54.92303207991063], [-1.6584605653188191, 54.92267275357153], [-1.6584605653188191, 54.921954100893345], [-1.6572173415333964, 54.92123544821516], [-1.6572173415333964, 54.92051679553697], [-1.6590821772115305, 54.91943881651969], [-1.6628118485677987, 54.91943881651969], [-1.6652982961386442, 54.91800151116331], [-1.666541519924067, 54.91800151116331], [-1.6671631318167783, 54.91764218482422], [-1.6671631318167783, 54.91620487946784], [-1.668406355602201, 54.91548622678965], [-1.668406355602201, 54.91404892143328], [-1.6696495793876238, 54.91333026875509], [-1.6690279674949124, 54.912970942415996], [-1.6677847437094897, 54.912970942415996], [-1.6659199080313556, 54.911892963398714], [-1.6659199080313556, 54.90973700536415], [-1.6652982961386442, 54.909377679025056], [-1.6640550723532215, 54.909377679025056], [-1.6597037891042419, 54.9068623946514], [-1.6597037891042419, 54.90614374197321], [-1.6603254009969532, 54.905784415634116], [-1.6628118485677987, 54.905784415634116], [-1.66343346046051, 54.90542508929502], [-1.6621902366750874, 54.904706436616834], [-1.6621902366750874, 54.90255047858227], [-1.6609470128896646, 54.90183182590408], [-1.6628118485677987, 54.9007538468868], [-1.6640550723532215, 54.9007538468868], [-1.6652982961386442, 54.90003519420861], [-1.666541519924067, 54.90003519420861], [-1.6671631318167783, 54.90039452054771], [-1.6671631318167783, 54.901113173225895], [-1.6677847437094897, 54.90147249956499], [-1.6690279674949124, 54.90147249956499], [-1.6696495793876238, 54.901113173225895], [-1.6696495793876238, 54.90039452054771], [-1.6708928031730466, 54.89967586786952], [-1.6671631318167783, 54.897519909834955], [-1.668406355602201, 54.89680125715677], [-1.668406355602201, 54.89608260447858], [-1.6696495793876238, 54.89536395180039], [-1.6696495793876238, 54.893926646444015], [-1.6702711912803352, 54.89356732010492], [-1.671514415065758, 54.89356732010492], [-1.6752440864220262, 54.895723278139485], [-1.6758656983147375, 54.89536395180039], [-1.6758656983147375, 54.8946452991222], [-1.6746224745293148, 54.893926646444015], [-1.6746224745293148, 54.89320799376583], [-1.6752440864220262, 54.89284866742673], [-1.676487310207449, 54.89284866742673], [-1.6771089221001603, 54.89248934108764], [-1.6771089221001603, 54.88961473037489], [-1.6795953696710058, 54.88817742501851], [-1.6795953696710058, 54.88602146698395], [-1.678352145885583, 54.88530281430576], [-1.6789737577782944, 54.884943487966666], [-1.6802169815637171, 54.884943487966666], [-1.6808385934564285, 54.88458416162757], [-1.6808385934564285, 54.883865508949384], [-1.6802169815637171, 54.88350618261029], [-1.6789737577782944, 54.88350618261029], [-1.678352145885583, 54.883146856271196], [-1.678352145885583, 54.88170955091482], [-1.6795953696710058, 54.88099089823663], [-1.6795953696710058, 54.87883494020207], [-1.6808385934564285, 54.87811628752388], [-1.6789737577782944, 54.8770383085066], [-1.6777305339928716, 54.87775696118479], [-1.676487310207449, 54.8770383085066], [-1.6752440864220262, 54.8770383085066], [-1.6740008626366034, 54.87775696118479], [-1.6727576388511807, 54.87775696118479], [-1.6708928031730466, 54.876678982167505], [-1.6708928031730466, 54.87524167681113], [-1.6696495793876238, 54.87452302413294], [-1.6696495793876238, 54.873085718776565], [-1.6721360269584693, 54.87164841342019], [-1.6721360269584693, 54.87021110806381], [-1.6758656983147375, 54.86805515002925], [-1.6758656983147375, 54.86733649735106], [-1.676487310207449, 54.86697717101197], [-1.6777305339928716, 54.86697717101197], [-1.6802169815637171, 54.86841447636834], [-1.6839466529199854, 54.86841447636834], [-1.685189876705408, 54.867695823690156], [-1.6914059956325218, 54.867695823690156], [-1.6938924432033673, 54.86913312904653], [-1.69513566698879, 54.86913312904653], [-1.6970005026669241, 54.86805515002925], [-1.6970005026669241, 54.86733649735106], [-1.6976221145596355, 54.86697717101197], [-1.6988653383450583, 54.86697717101197], [-1.700108562130481, 54.867695823690156], [-1.7013517859159037, 54.867695823690156], [-1.7019733978086151, 54.86805515002925], [-1.7019733978086151, 54.87021110806381], [-1.7013517859159037, 54.87057043440291], [-1.700108562130481, 54.87057043440291], [-1.6994869502377696, 54.870929760742], [-1.6994869502377696, 54.87164841342019], [-1.698243726452347, 54.87236706609838], [-1.698243726452347, 54.873085718776565], [-1.6970005026669241, 54.87380437145475], [-1.698243726452347, 54.87452302413294], [-1.6957572788815014, 54.87596032948932], [-1.6957572788815014, 54.876678982167505], [-1.6976221145596355, 54.87775696118479], [-1.6988653383450583, 54.87775696118479], [-1.6994869502377696, 54.87811628752388], [-1.6976221145596355, 54.87919426654116], [-1.69513566698879, 54.87919426654116], [-1.6945140550960787, 54.87955359288026], [-1.6945140550960787, 54.880272245558444], [-1.69513566698879, 54.88063157189754], [-1.6976221145596355, 54.88063157189754], [-1.698243726452347, 54.88099089823663], [-1.6970005026669241, 54.88170955091482], [-1.6970005026669241, 54.88458416162757], [-1.698243726452347, 54.88530281430576], [-1.698243726452347, 54.88602146698395], [-1.6976221145596355, 54.88638079332304], [-1.69513566698879, 54.88638079332304], [-1.6945140550960787, 54.886740119662136], [-1.6945140550960787, 54.88817742501851], [-1.6963788907742128, 54.889255404035794], [-1.6988653383450583, 54.889255404035794], [-1.6994869502377696, 54.8888960776967], [-1.6994869502377696, 54.88817742501851], [-1.700108562130481, 54.88781809867942], [-1.7013517859159037, 54.88781809867942], [-1.7019733978086151, 54.88817742501851], [-1.7007301740231924, 54.8888960776967], [-1.7007301740231924, 54.89248934108764], [-1.700108562130481, 54.89284866742673], [-1.6938924432033673, 54.89284866742673], [-1.6920276075252332, 54.893926646444015], [-1.6926492194179446, 54.89428597278311], [-1.69513566698879, 54.89428597278311], [-1.6957572788815014, 54.8946452991222], [-1.6957572788815014, 54.89680125715677], [-1.69513566698879, 54.89716058349586], [-1.6938924432033673, 54.89716058349586], [-1.693270831310656, 54.897519909834955], [-1.6945140550960787, 54.89823856251314], [-1.6945140550960787, 54.901113173225895], [-1.6938924432033673, 54.90147249956499], [-1.6926492194179446, 54.90147249956499], [-1.6920276075252332, 54.90183182590408], [-1.6920276075252332, 54.90255047858227], [-1.693270831310656, 54.90326913126046], [-1.693270831310656, 54.903987783938646], [-1.6926492194179446, 54.90434711027774], [-1.6914059956325218, 54.90362845759955], [-1.6889195480616763, 54.90362845759955], [-1.688297936168965, 54.903987783938646], [-1.688297936168965, 54.90542508929502], [-1.6870547123835422, 54.90614374197321], [-1.6870547123835422, 54.911174310720526], [-1.6876763242762536, 54.91153363705962], [-1.6889195480616763, 54.91153363705962], [-1.6895411599543877, 54.911174310720526], [-1.6895411599543877, 54.90973700536415], [-1.690162771847099, 54.909377679025056], [-1.6914059956325218, 54.909377679025056], [-1.6926492194179446, 54.910096331703244], [-1.69513566698879, 54.910096331703244], [-1.6970005026669241, 54.90901835268596], [-1.6970005026669241, 54.908299700007774], [-1.6976221145596355, 54.90794037366868], [-1.6994869502377696, 54.90901835268596], [-1.6994869502377696, 54.90973700536415], [-1.700108562130481, 54.910096331703244], [-1.705081457272172, 54.910096331703244], [-1.7075679048430175, 54.90865902634687], [-1.7088111286284402, 54.90865902634687], [-1.7094327405211516, 54.908299700007774], [-1.7094327405211516, 54.907581047329586], [-1.710054352413863, 54.90722172099049], [-1.7125407999847084, 54.90722172099049], [-1.7131624118774198, 54.9068623946514], [-1.7131624118774198, 54.90614374197321], [-1.7144056356628425, 54.90542508929502], [-1.7144056356628425, 54.904706436616834], [-1.715027247555554, 54.90434711027774], [-1.7162704713409767, 54.90434711027774], [-1.7175136951263994, 54.90506576295593], [-1.7187569189118221, 54.90506576295593], [-1.7193785308045335, 54.904706436616834], [-1.7193785308045335, 54.903987783938646], [-1.7200001426972449, 54.90362845759955], [-1.7212433664826676, 54.90362845759955], [-1.721864978375379, 54.90326913126046], [-1.7206217545899563, 54.90255047858227], [-1.7212433664826676, 54.90219115224318], [-1.723729814053513, 54.90219115224318], [-1.7243514259462245, 54.90255047858227], [-1.7243514259462245, 54.903987783938646], [-1.7249730378389359, 54.90434711027774], [-1.7255946497316472, 54.903987783938646], [-1.7255946497316472, 54.90183182590408], [-1.7262162616243586, 54.90147249956499], [-1.7280810973024927, 54.90255047858227], [-1.7280810973024927, 54.903987783938646], [-1.728702709195204, 54.90434711027774], [-1.7324323805514723, 54.90434711027774], [-1.7349188281223178, 54.905784415634116], [-1.7361620519077405, 54.905784415634116], [-1.7380268875858746, 54.904706436616834], [-1.7380268875858746, 54.903987783938646], [-1.738648499478586, 54.90362845759955], [-1.7423781708348542, 54.905784415634116], [-1.7442430065129884, 54.904706436616834], [-1.7442430065129884, 54.903987783938646], [-1.7448646184056997, 54.90362845759955], [-1.7473510659765452, 54.90362845759955], [-1.748594289761968, 54.902909804921364], [-1.7492159016546793, 54.90326913126046], [-1.7492159016546793, 54.904706436616834], [-1.7467294540838338, 54.90614374197321], [-1.7467294540838338, 54.9068623946514], [-1.7461078421911225, 54.90722172099049], [-1.7448646184056997, 54.90722172099049], [-1.7442430065129884, 54.9068623946514], [-1.7442430065129884, 54.90614374197321], [-1.743621394620277, 54.905784415634116], [-1.7429997827275656, 54.90614374197321], [-1.7429997827275656, 54.907581047329586], [-1.7411349470494315, 54.90865902634687], [-1.7398917232640088, 54.90794037366868], [-1.7374052756931633, 54.909377679025056], [-1.733675604336895, 54.909377679025056], [-1.7324323805514723, 54.910096331703244], [-1.7311891567660496, 54.910096331703244], [-1.7305675448733382, 54.90973700536415], [-1.7305675448733382, 54.90901835268596], [-1.7299459329806268, 54.90865902634687], [-1.7274594854097813, 54.90865902634687], [-1.723729814053513, 54.91081498438143], [-1.7224865902680904, 54.91081498438143], [-1.721864978375379, 54.91045565804234], [-1.721864978375379, 54.90973700536415], [-1.7212433664826676, 54.909377679025056], [-1.7200001426972449, 54.909377679025056], [-1.7193785308045335, 54.90973700536415], [-1.7193785308045335, 54.911174310720526], [-1.7187569189118221, 54.91153363705962], [-1.7125407999847084, 54.91153363705962], [-1.711919188091997, 54.911892963398714], [-1.711919188091997, 54.91333026875509], [-1.7144056356628425, 54.914767574111465], [-1.7144056356628425, 54.91620487946784], [-1.7131624118774198, 54.91692353214603], [-1.7131624118774198, 54.91764218482422], [-1.7112975761992857, 54.9187201638415], [-1.7106759643065743, 54.918360837502405], [-1.7106759643065743, 54.91692353214603], [-1.7094327405211516, 54.91620487946784], [-1.7094327405211516, 54.91548622678965], [-1.7088111286284402, 54.91512690045056], [-1.7075679048430175, 54.91512690045056], [-1.7063246810575947, 54.91584555312875], [-1.705081457272172, 54.91584555312875], [-1.7025950097013265, 54.91728285848512], [-1.7013517859159037, 54.91728285848512], [-1.6988653383450583, 54.9187201638415], [-1.6963788907742128, 54.91728285848512], [-1.6938924432033673, 54.91728285848512], [-1.693270831310656, 54.91764218482422], [-1.693270831310656, 54.918360837502405], [-1.6920276075252332, 54.91907949018059], [-1.6920276075252332, 54.92051679553697], [-1.6914059956325218, 54.92087612187606], [-1.690162771847099, 54.92087612187606], [-1.6889195480616763, 54.92159477455425], [-1.688297936168965, 54.92123544821516], [-1.688297936168965, 54.92051679553697], [-1.6895411599543877, 54.91979814285878], [-1.6895411599543877, 54.91907949018059], [-1.6876763242762536, 54.91800151116331], [-1.6858114885981195, 54.91907949018059], [-1.6858114885981195, 54.92267275357153], [-1.6864331004908308, 54.92303207991063], [-1.6889195480616763, 54.92303207991063], [-1.6895411599543877, 54.92339140624972], [-1.688297936168965, 54.92411005892791], [-1.688297936168965, 54.92626601696247], [-1.6889195480616763, 54.926625343301566], [-1.690162771847099, 54.92590669062338], [-1.6914059956325218, 54.92590669062338], [-1.6920276075252332, 54.92626601696247], [-1.6920276075252332, 54.92698466964066], [-1.690162771847099, 54.92806264865794], [-1.6889195480616763, 54.92806264865794], [-1.688297936168965, 54.928421974997036], [-1.688297936168965, 54.9305779330316], [-1.690162771847099, 54.93165591204888], [-1.6914059956325218, 54.93165591204888], [-1.6926492194179446, 54.930937259370694], [-1.6938924432033673, 54.930937259370694], [-1.6963788907742128, 54.92949995401432], [-1.6970005026669241, 54.92985928035341], [-1.6970005026669241, 54.93129658570979], [-1.6976221145596355, 54.93165591204888], [-1.6988653383450583, 54.93165591204888], [-1.6994869502377696, 54.932015238387976], [-1.698243726452347, 54.932733891066164], [-1.698243726452347, 54.93345254374435], [-1.6988653383450583, 54.933811870083446], [-1.700108562130481, 54.93309321740526], [-1.7032166215940379, 54.93488984910073], [-1.7032166215940379, 54.935608501778916], [-1.7038382334867492, 54.93596782811801], [-1.705081457272172, 54.93596782811801], [-1.7063246810575947, 54.93524917543982], [-1.7075679048430175, 54.93596782811801], [-1.7088111286284402, 54.93596782811801], [-1.710054352413863, 54.93524917543982], [-1.7125407999847084, 54.93524917543982], [-1.7137840237701312, 54.934530522761634], [-1.7144056356628425, 54.93488984910073], [-1.7144056356628425, 54.935608501778916], [-1.715027247555554, 54.93596782811801], [-1.7162704713409767, 54.93596782811801], [-1.716892083233688, 54.9363271544571], [-1.716892083233688, 54.93704580713529], [-1.7156488594482653, 54.93776445981348], [-1.7175136951263994, 54.93884243883076], [-1.7187569189118221, 54.93812378615257], [-1.7200001426972449, 54.93812378615257], [-1.7231082021608017, 54.9363271544571], [-1.7231082021608017, 54.935608501778916], [-1.7212433664826676, 54.934530522761634], [-1.7200001426972449, 54.934530522761634], [-1.7193785308045335, 54.93417119642254], [-1.7193785308045335, 54.93345254374435], [-1.7181353070191108, 54.932733891066164], [-1.7200001426972449, 54.93165591204888], [-1.723729814053513, 54.93165591204888], [-1.7243514259462245, 54.93129658570979], [-1.7243514259462245, 54.929140627675224], [-1.7249730378389359, 54.92878130133613], [-1.728702709195204, 54.92878130133613], [-1.7293243210879155, 54.928421974997036], [-1.7293243210879155, 54.92626601696247], [-1.7311891567660496, 54.92518803794519], [-1.733675604336895, 54.926625343301566], [-1.7349188281223178, 54.926625343301566], [-1.7355404400150292, 54.92626601696247], [-1.7355404400150292, 54.925547364284284], [-1.736783663800452, 54.9248287116061], [-1.7355404400150292, 54.92411005892791], [-1.7355404400150292, 54.92339140624972], [-1.7342972162296064, 54.92267275357153], [-1.7355404400150292, 54.921954100893345], [-1.7355404400150292, 54.92123544821516], [-1.736783663800452, 54.92051679553697], [-1.736783663800452, 54.91979814285878], [-1.7380268875858746, 54.91907949018059], [-1.7380268875858746, 54.91764218482422], [-1.736783663800452, 54.91692353214603], [-1.738648499478586, 54.91584555312875], [-1.7398917232640088, 54.91584555312875], [-1.7423781708348542, 54.91728285848512], [-1.743621394620277, 54.916564205806935], [-1.748594289761968, 54.916564205806935], [-1.7523239611182362, 54.9187201638415], [-1.7529455730109476, 54.918360837502405], [-1.7529455730109476, 54.91764218482422], [-1.753567184903659, 54.91728285848512], [-1.7548104086890817, 54.91728285848512], [-1.755432020581793, 54.91764218482422], [-1.755432020581793, 54.918360837502405], [-1.7572968562599272, 54.91943881651969], [-1.75854008004535, 54.91943881651969], [-1.7591616919380613, 54.91979814285878], [-1.7591616919380613, 54.92123544821516], [-1.7597833038307726, 54.92159477455425], [-1.7647561989724636, 54.92159477455425], [-1.7659994227578864, 54.92087612187606], [-1.767242646543309, 54.92159477455425], [-1.7684858703287318, 54.92159477455425], [-1.7691074822214432, 54.921954100893345], [-1.7678642584360205, 54.92267275357153], [-1.7678642584360205, 54.92339140624972], [-1.767242646543309, 54.923750732588815], [-1.7647561989724636, 54.923750732588815], [-1.7635129751870409, 54.92303207991063], [-1.7610265276161954, 54.92303207991063], [-1.7597833038307726, 54.92231342723244], [-1.75854008004535, 54.92231342723244], [-1.7579184681526385, 54.921954100893345], [-1.7579184681526385, 54.92123544821516], [-1.7572968562599272, 54.92087612187606], [-1.7560536324745044, 54.92087612187606], [-1.7548104086890817, 54.92159477455425], [-1.753567184903659, 54.92087612187606], [-1.7498375135473907, 54.92087612187606], [-1.748594289761968, 54.92159477455425], [-1.7461078421911225, 54.92159477455425], [-1.7429997827275656, 54.92339140624972], [-1.7448646184056997, 54.924469385267], [-1.7461078421911225, 54.924469385267], [-1.7479726778692566, 54.925547364284284], [-1.7479726778692566, 54.92626601696247], [-1.7492159016546793, 54.92698466964066], [-1.7467294540838338, 54.928421974997036], [-1.7467294540838338, 54.92985928035341], [-1.7417565589421429, 54.932733891066164], [-1.7417565589421429, 54.93345254374435], [-1.7411349470494315, 54.933811870083446], [-1.7374052756931633, 54.933811870083446], [-1.7355404400150292, 54.93488984910073], [-1.7355404400150292, 54.935608501778916], [-1.7349188281223178, 54.93596782811801], [-1.733675604336895, 54.93596782811801], [-1.7330539924441837, 54.9363271544571], [-1.7349188281223178, 54.937405133474385], [-1.7361620519077405, 54.937405133474385], [-1.736783663800452, 54.93776445981348], [-1.736783663800452, 54.93848311249167], [-1.7355404400150292, 54.939201765169855], [-1.7355404400150292, 54.94135772320442], [-1.7349188281223178, 54.94171704954351], [-1.728702709195204, 54.94171704954351], [-1.7262162616243586, 54.94315435489989], [-1.7249730378389359, 54.9424357022217], [-1.7231082021608017, 54.94351368123898], [-1.7231082021608017, 54.94423233391717], [-1.721864978375379, 54.94495098659536], [-1.721864978375379, 54.94782559730811], [-1.7212433664826676, 54.948184923647204], [-1.7187569189118221, 54.948184923647204], [-1.7175136951263994, 54.94746627096902], [-1.7125407999847084, 54.94746627096902], [-1.7106759643065743, 54.9485442499863], [-1.7106759643065743, 54.949262902664486], [-1.7081895167357288, 54.95070020802086], [-1.7081895167357288, 54.9542934714118], [-1.7057030691648833, 54.95573077676818], [-1.7057030691648833, 54.956449429446366], [-1.7044598453794606, 54.957168082124554], [-1.7063246810575947, 54.958246061141836], [-1.7075679048430175, 54.958246061141836], [-1.7081895167357288, 54.95788673480274], [-1.7081895167357288, 54.957168082124554], [-1.7088111286284402, 54.95680875578546], [-1.7112975761992857, 54.95680875578546], [-1.711919188091997, 54.957168082124554], [-1.711919188091997, 54.960042692837305], [-1.7125407999847084, 54.9604020191764], [-1.7137840237701312, 54.9604020191764], [-1.7144056356628425, 54.960042692837305], [-1.7144056356628425, 54.95932404015912], [-1.715027247555554, 54.95896471382002], [-1.7162704713409767, 54.95896471382002], [-1.7175136951263994, 54.958246061141836], [-1.7200001426972449, 54.958246061141836], [-1.7206217545899563, 54.95788673480274], [-1.7206217545899563, 54.957168082124554], [-1.7212433664826676, 54.95680875578546], [-1.7249730378389359, 54.95680875578546], [-1.7255946497316472, 54.957168082124554], [-1.7249730378389359, 54.95752740846365], [-1.7224865902680904, 54.95752740846365], [-1.721864978375379, 54.95788673480274], [-1.721864978375379, 54.960042692837305], [-1.7206217545899563, 54.96076134551549], [-1.7206217545899563, 54.96219865087187], [-1.7224865902680904, 54.96327662988915], [-1.723729814053513, 54.96327662988915], [-1.7249730378389359, 54.96255797721096], [-1.72683787351707, 54.963635956228245], [-1.72683787351707, 54.96435460890643], [-1.7274594854097813, 54.96471393524553], [-1.7299459329806268, 54.96471393524553], [-1.731810768658761, 54.96579191426281], [-1.731810768658761, 54.967229219619185], [-1.733675604336895, 54.96830719863647], [-1.7349188281223178, 54.96758854595828], [-1.7361620519077405, 54.96758854595828], [-1.736783663800452, 54.96794787229737], [-1.736783663800452, 54.96866652497556], [-1.738648499478586, 54.96974450399284], [-1.7423781708348542, 54.96974450399284], [-1.7448646184056997, 54.97118180934922], [-1.7473510659765452, 54.97118180934922], [-1.7479726778692566, 54.97154113568831], [-1.7479726778692566, 54.9722597883665], [-1.7467294540838338, 54.97297844104469], [-1.7467294540838338, 54.973697093722876], [-1.7461078421911225, 54.97405642006197], [-1.7423781708348542, 54.97405642006197], [-1.7411349470494315, 54.97333776738378], [-1.7398917232640088, 54.97333776738378], [-1.738648499478586, 54.972619114705594], [-1.7361620519077405, 54.972619114705594], [-1.7349188281223178, 54.97333776738378], [-1.7342972162296064, 54.97297844104469], [-1.7342972162296064, 54.9722597883665], [-1.733675604336895, 54.971900462027406], [-1.7324323805514723, 54.971900462027406], [-1.7311891567660496, 54.972619114705594], [-1.7299459329806268, 54.972619114705594], [-1.728702709195204, 54.97333776738378], [-1.7274594854097813, 54.97333776738378], [-1.72683787351707, 54.97297844104469], [-1.7274594854097813, 54.97252928312082], [-1.7266824705438921, 54.97010383033194], [-1.725750052704825, 54.97010383033194], [-1.725750052704825, 54.97154113568831], [-1.7249730378389359, 54.971900462027406], [-1.723729814053513, 54.971900462027406], [-1.7231082021608017, 54.9722597883665], [-1.7243514259462245, 54.97297844104469], [-1.7243514259462245, 54.974415746401064], [-1.723729814053513, 54.97477507274016], [-1.7224865902680904, 54.97477507274016], [-1.721864978375379, 54.97513439907925], [-1.721864978375379, 54.97585305175744], [-1.723729814053513, 54.97693103077472], [-1.7249730378389359, 54.97693103077472], [-1.7274594854097813, 54.9783683361311], [-1.728702709195204, 54.9783683361311], [-1.7299459329806268, 54.97764968345291], [-1.731810768658761, 54.97872766247019], [-1.7305675448733382, 54.97944631514838], [-1.7305675448733382, 54.98016496782657], [-1.7311891567660496, 54.98052429416566], [-1.733675604336895, 54.98052429416566], [-1.7342972162296064, 54.98016496782657], [-1.7342972162296064, 54.97944631514838], [-1.7349188281223178, 54.979086988809286], [-1.7374052756931633, 54.979086988809286], [-1.7411349470494315, 54.98043446258089], [-1.7461078421911225, 54.981871767937264], [-1.7473510659765452, 54.98196159952204], [-1.7479726778692566, 54.98232092586113], [-1.7479726778692566, 54.98591418925207], [-1.745486230298411, 54.98735149460845], [-1.745486230298411, 54.988070147286635], [-1.7461078421911225, 54.98842947362573], [-1.7560536324745044, 54.98842947362573], [-1.75854008004535, 54.989866778982105], [-1.7622697514016181, 54.989866778982105], [-1.7635129751870409, 54.99058543166029], [-1.7659994227578864, 54.99058543166029], [-1.7697290941141546, 54.99274138969486], [-1.7709723178995773, 54.99274138969486], [-1.772215541685, 54.993460042373044], [-1.7734587654704228, 54.99274138969486], [-1.7759452130412683, 54.99274138969486], [-1.7765668249339797, 54.99310071603395], [-1.7765668249339797, 54.99381936871214]], [[-1.5652187814121135, 54.89536395180039], [-1.5652187814121135, 54.89248934108764], [-1.5633539457339793, 54.89141136207036], [-1.5608674981631339, 54.89141136207036], [-1.5596242743777111, 54.892130014748545], [-1.5571378268068656, 54.892130014748545], [-1.5552729911287315, 54.89320799376583], [-1.5552729911287315, 54.8946452991222], [-1.5546513792360201, 54.8950046254613], [-1.5534081554505974, 54.89428597278311], [-1.5521649316651747, 54.89428597278311], [-1.550921707879752, 54.89356732010492], [-1.5496784840943292, 54.89356732010492], [-1.5490568722016178, 54.893926646444015], [-1.5490568722016178, 54.89536395180039], [-1.547813648416195, 54.89608260447858], [-1.547813648416195, 54.89680125715677], [-1.5484352603089064, 54.89716058349586], [-1.5496784840943292, 54.89716058349586], [-1.550921707879752, 54.89644193081767], [-1.5515433197724633, 54.89680125715677], [-1.5515433197724633, 54.897519909834955], [-1.5534081554505974, 54.89859788885224], [-1.5546513792360201, 54.89787923617405], [-1.5552729911287315, 54.89823856251314], [-1.5540297673433088, 54.89895721519133], [-1.5552729911287315, 54.89967586786952], [-1.5521649316651747, 54.90147249956499], [-1.550921707879752, 54.9007538468868], [-1.5496784840943292, 54.9007538468868], [-1.5484352603089064, 54.90147249956499], [-1.5471920365234837, 54.90147249956499], [-1.5465704246307723, 54.90183182590408], [-1.547813648416195, 54.90255047858227], [-1.5465704246307723, 54.90326913126046], [-1.547813648416195, 54.903987783938646], [-1.545948812738061, 54.90506576295593], [-1.5447055889526382, 54.90434711027774], [-1.5440839770599268, 54.904706436616834], [-1.5440839770599268, 54.90542508929502], [-1.5453272008453496, 54.90614374197321], [-1.5440839770599268, 54.9068623946514], [-1.5440839770599268, 54.907581047329586], [-1.5453272008453496, 54.908299700007774], [-1.5453272008453496, 54.90901835268596], [-1.5440839770599268, 54.90973700536415], [-1.5440839770599268, 54.911892963398714], [-1.545948812738061, 54.912970942415996], [-1.5471920365234837, 54.91225228973781], [-1.5484352603089064, 54.91225228973781], [-1.5490568722016178, 54.911892963398714], [-1.5490568722016178, 54.911174310720526], [-1.550921707879752, 54.910096331703244], [-1.5534081554505974, 54.910096331703244], [-1.5540297673433088, 54.90973700536415], [-1.5540297673433088, 54.908299700007774], [-1.5546513792360201, 54.90794037366868], [-1.555894603021443, 54.90794037366868], [-1.5565162149141543, 54.908299700007774], [-1.5565162149141543, 54.91045565804234], [-1.5571378268068656, 54.91081498438143], [-1.5583810505922884, 54.91081498438143], [-1.5608674981631339, 54.91225228973781], [-1.5633539457339793, 54.91225228973781], [-1.5639755576266907, 54.9126116160769], [-1.5639755576266907, 54.91333026875509], [-1.564597169519402, 54.91368959509418], [-1.5664620051975362, 54.9126116160769], [-1.5664620051975362, 54.9068623946514], [-1.5652187814121135, 54.90614374197321], [-1.5652187814121135, 54.90542508929502], [-1.5639755576266907, 54.904706436616834], [-1.5652187814121135, 54.903987783938646], [-1.5652187814121135, 54.90255047858227], [-1.564597169519402, 54.90219115224318], [-1.5633539457339793, 54.90219115224318], [-1.562732333841268, 54.90183182590408], [-1.5639755576266907, 54.901113173225895], [-1.5639755576266907, 54.90039452054771], [-1.562732333841268, 54.89967586786952], [-1.562732333841268, 54.897519909834955], [-1.5639755576266907, 54.89680125715677], [-1.5639755576266907, 54.89608260447858], [-1.5652187814121135, 54.89536395180039]]], [[[-1.5154898299952038, 54.85440074914368], [-1.5167330537806265, 54.85368209646549], [-1.5167330537806265, 54.852244791109115], [-1.5173546656733379, 54.85188546477002], [-1.5185978894587606, 54.85188546477002], [-1.5204627251368947, 54.8529634437873], [-1.519219501351472, 54.85368209646549], [-1.519219501351472, 54.85440074914368], [-1.5198411132441834, 54.85476007548277], [-1.5204627251368947, 54.85511940182187], [-1.5204627251368947, 54.85727535985643], [-1.519219501351472, 54.85799401253462], [-1.519219501351472, 54.86014997056918], [-1.5185978894587606, 54.860509296908276], [-1.5173546656733379, 54.860509296908276], [-1.5161114418879151, 54.85979064423009], [-1.5148682181024924, 54.85979064423009], [-1.514246606209781, 54.86014997056918], [-1.5167330537806265, 54.86158727592556], [-1.5161114418879151, 54.86194660226465], [-1.512381770531647, 54.86194660226465], [-1.5111385467462242, 54.86266525494284], [-1.5086520991753787, 54.86266525494284], [-1.507408875389956, 54.86338390762103], [-1.5061656516045332, 54.86266525494284], [-1.5049224278191105, 54.86266525494284], [-1.5030575921409763, 54.86374323396012], [-1.5036792040336877, 54.864102560299216], [-1.5049224278191105, 54.864102560299216], [-1.5055440397118218, 54.86446188663831], [-1.504300815926399, 54.8651805393165], [-1.504300815926399, 54.865899191994686], [-1.5055440397118218, 54.866617844672874], [-1.5055440397118218, 54.86733649735106], [-1.504300815926399, 54.86805515002925], [-1.504300815926399, 54.86877380270744], [-1.5067872634972446, 54.87021110806381], [-1.5055440397118218, 54.870929760742], [-1.5055440397118218, 54.873085718776565], [-1.5067872634972446, 54.87380437145475], [-1.5067872634972446, 54.87452302413294], [-1.507408875389956, 54.874882350472035], [-1.5086520991753787, 54.874882350472035], [-1.50927371106809, 54.87524167681113], [-1.50927371106809, 54.87596032948932], [-1.5098953229608014, 54.87631965582841], [-1.5105169348535128, 54.87596032948932], [-1.5105169348535128, 54.87524167681113], [-1.5111385467462242, 54.874882350472035], [-1.512381770531647, 54.874882350472035], [-1.5148682181024924, 54.87631965582841], [-1.5161114418879151, 54.87560100315022], [-1.5167330537806265, 54.87596032948932], [-1.5154898299952038, 54.876678982167505], [-1.5154898299952038, 54.87955359288026], [-1.5167330537806265, 54.880272245558444], [-1.5167330537806265, 54.88099089823663], [-1.5161114418879151, 54.881350224575726], [-1.5154898299952038, 54.88099089823663], [-1.5154898299952038, 54.880272245558444], [-1.5148682181024924, 54.87991291921935], [-1.5136249943170696, 54.88063157189754], [-1.5130033824243583, 54.880272245558444], [-1.5130033824243583, 54.87955359288026], [-1.512381770531647, 54.87919426654116], [-1.5111385467462242, 54.87919426654116], [-1.5098953229608014, 54.87991291921935], [-1.507408875389956, 54.878475613862975], [-1.5036792040336877, 54.878475613862975], [-1.502435980248265, 54.87775696118479], [-1.4999495326774195, 54.87775696118479], [-1.4955982494284399, 54.87524167681113], [-1.4955982494284399, 54.87452302413294], [-1.4949766375357285, 54.87416369779385], [-1.4937334137503058, 54.87416369779385], [-1.492490189964883, 54.87344504511566], [-1.4912469661794603, 54.87344504511566], [-1.4887605186086148, 54.874882350472035], [-1.487517294823192, 54.874882350472035], [-1.4868956829304807, 54.87452302413294], [-1.4868956829304807, 54.87380437145475], [-1.4881389067159034, 54.873085718776565], [-1.487517294823192, 54.87272639243747], [-1.4850308472523466, 54.87272639243747], [-1.4837876234669238, 54.87200773975928], [-1.4831660115742125, 54.87236706609838], [-1.4831660115742125, 54.873085718776565], [-1.482544399681501, 54.87344504511566], [-1.4813011758960783, 54.87344504511566], [-1.4788147283252329, 54.87200773975928], [-1.4775715045398101, 54.87272639243747], [-1.4763282807543874, 54.87272639243747], [-1.475706668861676, 54.87236706609838], [-1.475706668861676, 54.87164841342019], [-1.4769498926470987, 54.870929760742], [-1.4763282807543874, 54.87057043440291], [-1.4750850569689646, 54.87057043440291], [-1.4732202212908305, 54.869492455385625], [-1.475706668861676, 54.86805515002925], [-1.475706668861676, 54.86733649735106], [-1.4744634450762533, 54.866617844672874], [-1.475706668861676, 54.865899191994686], [-1.475706668861676, 54.862305928603746], [-1.4750850569689646, 54.86194660226465], [-1.473841833183542, 54.86194660226465], [-1.4725986093981192, 54.861227949586464], [-1.4701121618272737, 54.861227949586464], [-1.4694905499345623, 54.86086862324737], [-1.4694905499345623, 54.859431317890994], [-1.468868938041851, 54.8590719915519], [-1.4663824904710054, 54.860509296908276], [-1.4651392666855827, 54.860509296908276], [-1.4645176547928713, 54.86014997056918], [-1.465760878578294, 54.859431317890994], [-1.465760878578294, 54.858712665212806], [-1.4651392666855827, 54.85835333887371], [-1.4626528191147372, 54.85835333887371], [-1.4620312072220258, 54.85799401253462], [-1.4620312072220258, 54.85655670717824], [-1.4626528191147372, 54.85619738083915], [-1.4651392666855827, 54.85619738083915], [-1.465760878578294, 54.855838054500055], [-1.465760878578294, 54.85511940182187], [-1.4663824904710054, 54.85476007548277], [-1.4676257142564282, 54.85476007548277], [-1.4682473261491396, 54.85440074914368], [-1.4670041023637168, 54.85368209646549], [-1.4670041023637168, 54.8529634437873], [-1.4676257142564282, 54.85260411744821], [-1.4682473261491396, 54.8529634437873], [-1.4682473261491396, 54.85368209646549], [-1.468868938041851, 54.854041422804585], [-1.4694905499345623, 54.85368209646549], [-1.4694905499345623, 54.852244791109115], [-1.4701121618272737, 54.85188546477002], [-1.4713553856126964, 54.85188546477002], [-1.4725986093981192, 54.85260411744821], [-1.473841833183542, 54.85260411744821], [-1.4744634450762533, 54.852244791109115], [-1.470733773719985, 54.85008883307455], [-1.470733773719985, 54.8472142223618], [-1.4701121618272737, 54.846854896022705], [-1.4663824904710054, 54.846854896022705], [-1.465760878578294, 54.84649556968361], [-1.4663824904710054, 54.84613624334452], [-1.4676257142564282, 54.84613624334452], [-1.4682473261491396, 54.84577691700542], [-1.4682473261491396, 54.845058264327236], [-1.4694905499345623, 54.84433961164905], [-1.4694905499345623, 54.84362095897086], [-1.4682473261491396, 54.84290230629267], [-1.4682473261491396, 54.842183653614484], [-1.4694905499345623, 54.841465000936296], [-1.4694905499345623, 54.84074634825811], [-1.4701121618272737, 54.840387021919014], [-1.4719769975054078, 54.841465000936296], [-1.4719769975054078, 54.84290230629267], [-1.4725986093981192, 54.843261632631766], [-1.473841833183542, 54.843261632631766], [-1.4744634450762533, 54.84362095897086], [-1.4744634450762533, 54.84433961164905], [-1.475706668861676, 54.845058264327236], [-1.475706668861676, 54.84649556968361], [-1.4769498926470987, 54.8472142223618], [-1.4769498926470987, 54.84793287503999], [-1.4775715045398101, 54.84829220137908], [-1.4788147283252329, 54.84829220137908], [-1.4794363402179442, 54.84793287503999], [-1.4781931164325215, 54.8472142223618], [-1.4800579521106556, 54.84613624334452], [-1.4813011758960783, 54.846854896022705], [-1.4850308472523466, 54.846854896022705], [-1.4862740710377693, 54.84757354870089], [-1.487517294823192, 54.84757354870089], [-1.4887605186086148, 54.84829220137908], [-1.4900037423940375, 54.84829220137908], [-1.490625354286749, 54.848651527718175], [-1.490625354286749, 54.84937018039636], [-1.4931118018575944, 54.85080748575274], [-1.4931118018575944, 54.852244791109115], [-1.4918685780721717, 54.8529634437873], [-1.4918685780721717, 54.85368209646549], [-1.490625354286749, 54.85440074914368], [-1.490625354286749, 54.85511940182187], [-1.4900037423940375, 54.85547872816096], [-1.4887605186086148, 54.85547872816096], [-1.487517294823192, 54.85619738083915], [-1.4862740710377693, 54.85619738083915], [-1.485652459145058, 54.85655670717824], [-1.487517294823192, 54.857634686195524], [-1.4887605186086148, 54.857634686195524], [-1.4918685780721717, 54.859431317890994], [-1.4918685780721717, 54.86014997056918], [-1.490625354286749, 54.86086862324737], [-1.4912469661794603, 54.861227949586464], [-1.4949766375357285, 54.861227949586464], [-1.4962198613211513, 54.86194660226465], [-1.497463085106574, 54.86194660226465], [-1.4980846969992854, 54.86158727592556], [-1.4980846969992854, 54.86014997056918], [-1.4999495326774195, 54.8590719915519], [-1.5049224278191105, 54.8590719915519], [-1.5061656516045332, 54.85835333887371], [-1.507408875389956, 54.8590719915519], [-1.5086520991753787, 54.8590719915519], [-1.50927371106809, 54.858712665212806], [-1.50927371106809, 54.85799401253462], [-1.5098953229608014, 54.857634686195524], [-1.5111385467462242, 54.857634686195524], [-1.512381770531647, 54.85691603351734], [-1.5136249943170696, 54.857634686195524], [-1.5161114418879151, 54.857634686195524], [-1.5167330537806265, 54.85727535985643], [-1.5167330537806265, 54.855838054500055], [-1.5154898299952038, 54.85511940182187], [-1.5154898299952038, 54.85440074914368]]], [[[-1.6360825371812098, 55.064247331174556], [-1.6360825371812098, 55.06568463653093], [-1.6373257609666325, 55.06640328920912], [-1.6373257609666325, 55.06712194188731], [-1.6367041490739211, 55.0674812682264], [-1.6342177015030757, 55.0674812682264], [-1.6335960896103643, 55.067840594565496], [-1.6323528658249415, 55.068559247243684], [-1.6323528658249415, 55.07071520527825], [-1.6317312539322302, 55.07107453161734], [-1.629866418254096, 55.06999655260006], [-1.629866418254096, 55.06712194188731], [-1.6311096420395188, 55.06640328920912], [-1.6304880301468074, 55.066043962870026], [-1.6292448063613847, 55.066043962870026], [-1.6286231944686733, 55.06568463653093], [-1.6286231944686733, 55.064965983852744], [-1.6292448063613847, 55.06460665751365], [-1.6304880301468074, 55.06460665751365], [-1.6311096420395188, 55.064247331174556], [-1.6311096420395188, 55.06352867849637], [-1.6317312539322302, 55.063169352157274], [-1.632974477717653, 55.063169352157274], [-1.6342177015030757, 55.06388800483546], [-1.6354609252884984, 55.06388800483546], [-1.6360825371812098, 55.064247331174556]]], [[[-1.5875968095497228, 55.06712194188731], [-1.5875968095497228, 55.067840594565496], [-1.5882184214424342, 55.06819992090459], [-1.5900832571205683, 55.06712194188731], [-1.5900832571205683, 55.064965983852744], [-1.591326480905991, 55.064247331174556], [-1.591326480905991, 55.06352867849637], [-1.5900832571205683, 55.06281002581818], [-1.5900832571205683, 55.06209137313999], [-1.591326480905991, 55.061372720461804], [-1.591326480905991, 55.06065406778362], [-1.5925697046914138, 55.05993541510543], [-1.5925697046914138, 55.05921676242724], [-1.5931913165841252, 55.05885743608815], [-1.5938129284768365, 55.05921676242724], [-1.5938129284768365, 55.06065406778362], [-1.5950561522622593, 55.061372720461804], [-1.5950561522622593, 55.06209137313999], [-1.5938129284768365, 55.06281002581818], [-1.5938129284768365, 55.06568463653093], [-1.591326480905991, 55.06712194188731], [-1.5919480927987024, 55.0674812682264], [-1.5931913165841252, 55.0674812682264], [-1.5950561522622593, 55.068559247243684], [-1.5950561522622593, 55.06999655260006], [-1.596299376047682, 55.07071520527825], [-1.596299376047682, 55.071433857956436], [-1.5950561522622593, 55.07215251063462], [-1.5950561522622593, 55.073589815991], [-1.594434540369548, 55.07394914233009], [-1.589461645227857, 55.07394914233009], [-1.5888400333351456, 55.07430846866919], [-1.5900832571205683, 55.075027121347375], [-1.5900832571205683, 55.07574577402556], [-1.5888400333351456, 55.07646442670375], [-1.5888400333351456, 55.08005769009469], [-1.5900832571205683, 55.08077634277288], [-1.5900832571205683, 55.08149499545107], [-1.589461645227857, 55.08185432179016], [-1.5869751976570114, 55.08185432179016], [-1.5851103619788773, 55.08077634277288], [-1.5851103619788773, 55.08005769009469], [-1.5857319738715887, 55.0796983637556], [-1.5869751976570114, 55.080417016433785], [-1.5875968095497228, 55.08005769009469], [-1.5875968095497228, 55.0793390374165], [-1.5863535857643, 55.078620384738315], [-1.5875968095497228, 55.07790173206013], [-1.5875968095497228, 55.07574577402556], [-1.5869751976570114, 55.07538644768647], [-1.5857319738715887, 55.07538644768647], [-1.5851103619788773, 55.075027121347375], [-1.5857319738715887, 55.07466779500828], [-1.5869751976570114, 55.07466779500828], [-1.5875968095497228, 55.07430846866919], [-1.5869751976570114, 55.07394914233009], [-1.5857319738715887, 55.07394914233009], [-1.5851103619788773, 55.073589815991], [-1.5851103619788773, 55.071433857956436], [-1.5838671381934546, 55.07071520527825], [-1.5851103619788773, 55.06999655260006], [-1.5851103619788773, 55.06927789992187], [-1.5857319738715887, 55.06891857358278], [-1.5869751976570114, 55.06891857358278], [-1.5875968095497228, 55.068559247243684], [-1.5869751976570114, 55.06819992090459], [-1.5857319738715887, 55.06819992090459], [-1.5851103619788773, 55.067840594565496], [-1.5851103619788773, 55.06712194188731], [-1.5857319738715887, 55.066762615548214], [-1.5869751976570114, 55.066762615548214], [-1.5875968095497228, 55.06712194188731]]], [[[-1.4800579521106556, 55.04448438252439], [-1.4775715045398101, 55.04448438252439], [-1.4763282807543874, 55.0437657298462], [-1.473841833183542, 55.0437657298462], [-1.4713553856126964, 55.042328424489824], [-1.4701121618272737, 55.042328424489824], [-1.468868938041851, 55.04304707716801], [-1.4682473261491396, 55.04268775082892], [-1.4682473261491396, 55.04196909815073], [-1.4694905499345623, 55.04125044547254], [-1.4694905499345623, 55.03837583475979], [-1.470733773719985, 55.0376571820816], [-1.470733773719985, 55.036938529403415], [-1.4713553856126964, 55.03657920306432], [-1.4725986093981192, 55.03657920306432], [-1.4732202212908305, 55.036938529403415], [-1.4732202212908305, 55.0376571820816], [-1.473841833183542, 55.0380165084207], [-1.4763282807543874, 55.03657920306432], [-1.4788147283252329, 55.03657920306432], [-1.4813011758960783, 55.0380165084207], [-1.482544399681501, 55.0380165084207], [-1.4831660115742125, 55.03837583475979], [-1.4831660115742125, 55.03909448743798], [-1.4844092353596352, 55.039813140116166], [-1.4844092353596352, 55.04268775082892], [-1.4837876234669238, 55.04304707716801], [-1.482544399681501, 55.04304707716801], [-1.4800579521106556, 55.04448438252439]]], [[[-1.453950252616778, 55.04448438252439], [-1.4533286407240666, 55.044125056185294], [-1.4545718645094894, 55.043406403507106], [-1.452085416938644, 55.04196909815073], [-1.452085416938644, 55.04125044547254], [-1.4533286407240666, 55.040531792794354], [-1.4533286407240666, 55.039813140116166], [-1.453950252616778, 55.03945381377707], [-1.4576799239730462, 55.03945381377707], [-1.458923147758469, 55.04017246645526], [-1.4614095953293145, 55.04017246645526], [-1.4620312072220258, 55.040531792794354], [-1.4620312072220258, 55.04125044547254], [-1.4645176547928713, 55.04268775082892], [-1.4645176547928713, 55.043406403507106], [-1.4626528191147372, 55.04448438252439], [-1.4620312072220258, 55.044125056185294], [-1.4620312072220258, 55.043406403507106], [-1.4614095953293145, 55.04304707716801], [-1.460787983436603, 55.043406403507106], [-1.460787983436603, 55.044125056185294], [-1.4576799239730462, 55.045921687880764], [-1.4551934764022008, 55.04448438252439], [-1.453950252616778, 55.04448438252439]]], [[[-1.4415180147625506, 55.042328424489824], [-1.4396531790844165, 55.04125044547254], [-1.4396531790844165, 55.040531792794354], [-1.4384099552989937, 55.039813140116166], [-1.4396531790844165, 55.03909448743798], [-1.4377883434062824, 55.0380165084207], [-1.4328154482645914, 55.0380165084207], [-1.4315722244791687, 55.03729785574251], [-1.4309506125864573, 55.036938529403415], [-1.4307952096132794, 55.03621987672523], [-1.4309506125864573, 55.03550122404704], [-1.4315722244791687, 55.03505206612317], [-1.4320384333987022, 55.03478257136885], [-1.43219383637188, 55.03406391869066], [-1.43219383637188, 55.03262661333429], [-1.4328154482645914, 55.03226728699519], [-1.4340586720500141, 55.03298593967338], [-1.4353018958354369, 55.03298593967338], [-1.4359235077281483, 55.03262661333429], [-1.4346802839427255, 55.0319079606561], [-1.4346802839427255, 55.03118930797791], [-1.4353018958354369, 55.03082998163882], [-1.4359235077281483, 55.03118930797791], [-1.4359235077281483, 55.0319079606561], [-1.4365451196208596, 55.03226728699519], [-1.4377883434062824, 55.031548634317005], [-1.4408964028698392, 55.033345266012475], [-1.4408964028698392, 55.03406391869066], [-1.4396531790844165, 55.03478257136885], [-1.4396531790844165, 55.03550122404704], [-1.4408964028698392, 55.03621987672523], [-1.4396531790844165, 55.036938529403415], [-1.4415180147625506, 55.0380165084207], [-1.4427612385479733, 55.03729785574251], [-1.444004462333396, 55.0380165084207], [-1.4464909099042416, 55.0380165084207], [-1.4483557455823757, 55.03909448743798], [-1.4483557455823757, 55.039813140116166], [-1.447112521796953, 55.040531792794354], [-1.447112521796953, 55.04125044547254], [-1.444004462333396, 55.04304707716801], [-1.4427612385479733, 55.042328424489824], [-1.4415180147625506, 55.042328424489824]]], [[[-1.4166535390540957, 54.910096331703244], [-1.4178967628395185, 54.910096331703244], [-1.4185183747322299, 54.91045565804234], [-1.4185183747322299, 54.911174310720526], [-1.4191399866249412, 54.91153363705962], [-1.4216264341957867, 54.91153363705962], [-1.4228696579812095, 54.91081498438143], [-1.4234912698739208, 54.911174310720526], [-1.422248046088498, 54.911892963398714], [-1.422248046088498, 54.91404892143328], [-1.4216264341957867, 54.91440824777237], [-1.420383210410364, 54.91368959509418], [-1.4191399866249412, 54.91368959509418], [-1.4185183747322299, 54.91404892143328], [-1.4185183747322299, 54.914767574111465], [-1.4178967628395185, 54.91512690045056], [-1.4166535390540957, 54.91512690045056], [-1.415410315268673, 54.91584555312875], [-1.4147887033759616, 54.91548622678965], [-1.4147887033759616, 54.914767574111465], [-1.413545479590539, 54.91404892143328], [-1.413545479590539, 54.9126116160769], [-1.4123022558051161, 54.911892963398714], [-1.4123022558051161, 54.91045565804234], [-1.4141670914832503, 54.909377679025056], [-1.415410315268673, 54.909377679025056], [-1.4166535390540957, 54.910096331703244]]], [[[-1.393653899023775, 54.89536395180039], [-1.3961403465946205, 54.893926646444015], [-1.3961403465946205, 54.89248934108764], [-1.3967619584873319, 54.892130014748545], [-1.3980051822727546, 54.892130014748545], [-1.3998700179508887, 54.89105203573126], [-1.3998700179508887, 54.890333383053076], [-1.398626794165466, 54.88961473037489], [-1.3992484060581774, 54.889255404035794], [-1.4004916298436, 54.889255404035794], [-1.4011132417363115, 54.8888960776967], [-1.4011132417363115, 54.88817742501851], [-1.4017348536290228, 54.88781809867942], [-1.4029780774144456, 54.88781809867942], [-1.403599689307157, 54.88817742501851], [-1.403599689307157, 54.890333383053076], [-1.4048429130925797, 54.89105203573126], [-1.4048429130925797, 54.89320799376583], [-1.4042213011998683, 54.89356732010492], [-1.4029780774144456, 54.89356732010492], [-1.4011132417363115, 54.8946452991222], [-1.4011132417363115, 54.89608260447858], [-1.4023564655217342, 54.89680125715677], [-1.4023564655217342, 54.89895721519133], [-1.405464524985291, 54.9007538468868], [-1.4067077487707138, 54.90003519420861], [-1.4091941963415593, 54.90003519420861], [-1.4098158082342707, 54.90039452054771], [-1.408572584448848, 54.901113173225895], [-1.408572584448848, 54.90255047858227], [-1.4079509725561365, 54.902909804921364], [-1.4073293606634252, 54.90255047858227], [-1.4073293606634252, 54.90183182590408], [-1.4067077487707138, 54.90147249956499], [-1.405464524985291, 54.90147249956499], [-1.4048429130925797, 54.90183182590408], [-1.4048429130925797, 54.90255047858227], [-1.4060861368780024, 54.90326913126046], [-1.4060861368780024, 54.903987783938646], [-1.4067077487707138, 54.90434711027774], [-1.410437420126982, 54.90434711027774], [-1.4110590320196934, 54.904706436616834], [-1.410437420126982, 54.90506576295593], [-1.4091941963415593, 54.90506576295593], [-1.408572584448848, 54.90542508929502], [-1.4098158082342707, 54.90614374197321], [-1.4098158082342707, 54.9068623946514], [-1.408572584448848, 54.907581047329586], [-1.408572584448848, 54.908299700007774], [-1.4098158082342707, 54.90901835268596], [-1.4079509725561365, 54.910096331703244], [-1.405464524985291, 54.910096331703244], [-1.4029780774144456, 54.90865902634687], [-1.4017348536290228, 54.90865902634687], [-1.3998700179508887, 54.90973700536415], [-1.3998700179508887, 54.91045565804234], [-1.3992484060581774, 54.91081498438143], [-1.3980051822727546, 54.910096331703244], [-1.3967619584873319, 54.910096331703244], [-1.3955187347019091, 54.91081498438143], [-1.391789063345641, 54.91081498438143], [-1.391789063345641, 54.91359976350941], [-1.3924106752383523, 54.91404892143328], [-1.3925660782115301, 54.91620487946784], [-1.3942755109164864, 54.91728285848512], [-1.3955187347019091, 54.91800151116331], [-1.3980051822727546, 54.91719302690035], [-1.3997146149777109, 54.91620487946784], [-1.4004916298436, 54.91584555312875], [-1.4029780774144456, 54.91584555312875], [-1.4042213011998683, 54.916564205806935], [-1.4067077487707138, 54.916564205806935], [-1.4073293606634252, 54.91692353214603], [-1.4073293606634252, 54.91764218482422], [-1.4098158082342707, 54.91907949018059], [-1.4098158082342707, 54.91979814285878], [-1.410437420126982, 54.920157469197875], [-1.4116806439124048, 54.920157469197875], [-1.415410315268673, 54.92231342723244], [-1.4166535390540957, 54.92231342723244], [-1.4172751509468071, 54.92267275357153], [-1.4166535390540957, 54.92303207991063], [-1.415410315268673, 54.92303207991063], [-1.4147887033759616, 54.92339140624972], [-1.4147887033759616, 54.92411005892791], [-1.4141670914832503, 54.924469385267], [-1.4091941963415593, 54.924469385267], [-1.408572584448848, 54.92411005892791], [-1.408572584448848, 54.92339140624972], [-1.4079509725561365, 54.92303207991063], [-1.4042213011998683, 54.92303207991063], [-1.4029780774144456, 54.92231342723244], [-1.4017348536290228, 54.92231342723244], [-1.4011132417363115, 54.92267275357153], [-1.4011132417363115, 54.92411005892791], [-1.3967619584873319, 54.926625343301566], [-1.3961403465946205, 54.92626601696247], [-1.3961403465946205, 54.925547364284284], [-1.3955187347019091, 54.92518803794519], [-1.3942755109164864, 54.92518803794519], [-1.393653899023775, 54.925547364284284], [-1.3948971228091978, 54.92626601696247], [-1.3948971228091978, 54.92698466964066], [-1.3955187347019091, 54.927343995979754], [-1.3967619584873319, 54.927343995979754], [-1.398626794165466, 54.928421974997036], [-1.398626794165466, 54.929140627675224], [-1.3998700179508887, 54.92985928035341], [-1.398626794165466, 54.9305779330316], [-1.398626794165466, 54.93129658570979], [-1.3973835703800432, 54.932015238387976], [-1.398626794165466, 54.932733891066164], [-1.3973835703800432, 54.93345254374435], [-1.3973835703800432, 54.9363271544571], [-1.3967619584873319, 54.9366864807962], [-1.3955187347019091, 54.93596782811801], [-1.3948971228091978, 54.9363271544571], [-1.3948971228091978, 54.93704580713529], [-1.391789063345641, 54.93884243883076], [-1.3905458395602182, 54.93812378615257], [-1.3880593919893727, 54.93812378615257], [-1.38681616820395, 54.93884243883076], [-1.3830864968476817, 54.9366864807962], [-1.3806000492768362, 54.9366864807962], [-1.376870377920568, 54.93884243883076], [-1.371897482778877, 54.93884243883076], [-1.3712758708861656, 54.939201765169855], [-1.3712758708861656, 54.93992041784804], [-1.3725190946715884, 54.94063907052623], [-1.3725190946715884, 54.94135772320442], [-1.3675461995298974, 54.94423233391717], [-1.3675461995298974, 54.94710694462992], [-1.365059751959052, 54.9485442499863], [-1.365059751959052, 54.949262902664486], [-1.3656813638517633, 54.94962222900358], [-1.371897482778877, 54.94962222900358], [-1.3731407065642998, 54.94890357632539], [-1.3737623184570111, 54.949262902664486], [-1.3737623184570111, 54.95070020802086], [-1.3731407065642998, 54.951059534359956], [-1.371897482778877, 54.951059534359956], [-1.3706542589934543, 54.95034088168177], [-1.3694110352080315, 54.95034088168177], [-1.3681678114226088, 54.951059534359956], [-1.366924587637186, 54.951059534359956], [-1.3656813638517633, 54.951778187038144], [-1.3644381400663406, 54.951778187038144], [-1.3625733043882065, 54.95070020802086], [-1.3638165281736292, 54.949981555342674], [-1.3638165281736292, 54.949262902664486], [-1.3631949162809178, 54.94890357632539], [-1.361951692495495, 54.94890357632539], [-1.3613300806027837, 54.9485442499863], [-1.3613300806027837, 54.94782559730811], [-1.360086856817361, 54.94710694462992], [-1.361951692495495, 54.94593913402787], [-1.3625733043882065, 54.94495098659536], [-1.3631949162809178, 54.94450182867149], [-1.3636611252004514, 54.94351368123898], [-1.364904348985874, 54.94135772320442], [-1.3661475727712968, 54.93848311249167], [-1.366924587637186, 54.93246439631184], [-1.364904348985874, 54.93129658570979], [-1.365059751959052, 54.9305779330316], [-1.366924587637186, 54.92949995401432], [-1.3681678114226088, 54.92949995401432], [-1.370032647100743, 54.928421974997036], [-1.370032647100743, 54.92698466964066], [-1.3687894233153202, 54.92626601696247], [-1.3712758708861656, 54.9248287116061], [-1.3712758708861656, 54.92411005892791], [-1.3706542589934543, 54.923750732588815], [-1.3694110352080315, 54.923750732588815], [-1.3675461995298974, 54.92267275357153], [-1.3675461995298974, 54.92051679553697], [-1.3687894233153202, 54.91979814285878], [-1.3687894233153202, 54.91907949018059], [-1.370032647100743, 54.918360837502405], [-1.370032647100743, 54.91764218482422], [-1.3687894233153202, 54.91692353214603], [-1.370032647100743, 54.91620487946784], [-1.3686340203421423, 54.914767574111465], [-1.3686340203421423, 54.91404892143328], [-1.369877244127565, 54.9126116160769], [-1.3731407065642998, 54.91072515279666], [-1.3793568254914135, 54.91072515279666], [-1.3830864968476817, 54.91000650011847], [-1.3806000492768362, 54.91018616328802], [-1.371897482778877, 54.91018616328802], [-1.3701880500739207, 54.91045565804234], [-1.3694110352080315, 54.91081498438143], [-1.3687894233153202, 54.91045565804234], [-1.370032647100743, 54.90973700536415], [-1.3687894233153202, 54.90901835268596], [-1.370032647100743, 54.908299700007774], [-1.370032647100743, 54.90614374197321], [-1.3687894233153202, 54.90542508929502], [-1.3687894233153202, 54.903987783938646], [-1.3694110352080315, 54.90362845759955], [-1.3706542589934543, 54.90362845759955], [-1.3712758708861656, 54.90326913126046], [-1.3712758708861656, 54.90255047858227], [-1.370032647100743, 54.90183182590408], [-1.3706542589934543, 54.90147249956499], [-1.371897482778877, 54.90147249956499], [-1.3750055422424339, 54.89967586786952], [-1.3737623184570111, 54.89895721519133], [-1.3750055422424339, 54.89823856251314], [-1.3743839303497225, 54.89787923617405], [-1.3731407065642998, 54.89787923617405], [-1.3725190946715884, 54.897519909834955], [-1.3737623184570111, 54.89680125715677], [-1.3737623184570111, 54.89608260447858], [-1.3731407065642998, 54.895723278139485], [-1.371897482778877, 54.895723278139485], [-1.3712758708861656, 54.89536395180039], [-1.3725190946715884, 54.8946452991222], [-1.3725190946715884, 54.893926646444015], [-1.3737623184570111, 54.89320799376583], [-1.3725190946715884, 54.89248934108764], [-1.3725190946715884, 54.890333383053076], [-1.3712758708861656, 54.88961473037489], [-1.3731407065642998, 54.888536751357606], [-1.3737623184570111, 54.8888960776967], [-1.3737623184570111, 54.88961473037489], [-1.3756271541351452, 54.89069270939217], [-1.376870377920568, 54.89069270939217], [-1.378735213598702, 54.89177068840945], [-1.378735213598702, 54.89248934108764], [-1.3806000492768362, 54.89356732010492], [-1.381843273062259, 54.89356732010492], [-1.3824648849549703, 54.893926646444015], [-1.3824648849549703, 54.89608260447858], [-1.3830864968476817, 54.89644193081767], [-1.38681616820395, 54.89644193081767], [-1.3874377800966613, 54.89608260447858], [-1.3874377800966613, 54.89536395180039], [-1.388681003882084, 54.8946452991222], [-1.3874377800966613, 54.893926646444015], [-1.3880593919893727, 54.89356732010492], [-1.3893026157747954, 54.89356732010492], [-1.3899242276675068, 54.893926646444015], [-1.3899242276675068, 54.89608260447858], [-1.391789063345641, 54.89716058349586], [-1.3930322871310636, 54.89716058349586], [-1.393653899023775, 54.89680125715677], [-1.393653899023775, 54.89536395180039]]]]}}, {"type": "Feature", "properties": {"band_id": "under_30", "order": 3}, "geometry": {"type": "MultiPolygon", "coordinates": [[[[-1.5354927907465026, 55.00531984079862], [-1.5329990956233814, 55.00531984079862], [-1.5323756718426012, 55.00496052147355], [-1.5323756718426012, 55.00424188282341], [-1.5317522480618209, 55.00388256349834], [-1.5305054005002603, 55.00388256349834], [-1.52988197671948, 55.003523244173266], [-1.52988197671948, 55.002804605523124], [-1.5305054005002603, 55.00244528619805], [-1.5329990956233814, 55.00244528619805], [-1.5379864858696237, 54.99957073159749], [-1.538609909650404, 54.99993005092256], [-1.538609909650404, 55.0006486895727], [-1.5392333334311843, 55.00100800889777], [-1.5404801809927449, 55.00100800889777], [-1.5411036047735251, 55.0006486895727], [-1.5411036047735251, 54.998492773622274], [-1.5417270285543054, 54.998133454297204], [-1.5479612663621083, 54.998133454297204], [-1.5504549614852294, 54.99669617699692], [-1.55170180904679, 54.99669617699692], [-1.5529486566083506, 54.99597753834678], [-1.5535720803891309, 54.99633685767185], [-1.5535720803891309, 54.99705549632199], [-1.5541955041699111, 54.99741481564706], [-1.5548189279506914, 54.99705549632199], [-1.5548189279506914, 54.99561821902171], [-1.5554423517314717, 54.99525889969664], [-1.5566891992930323, 54.99525889969664], [-1.5579360468545929, 54.994540261046495], [-1.5591828944161534, 54.994540261046495], [-1.5623000133200549, 54.99274366442114], [-1.560429741977714, 54.99166570644593], [-1.5591828944161534, 54.99166570644593], [-1.5585594706353731, 54.99130638712086], [-1.5585594706353731, 54.990587748470716], [-1.5579360468545929, 54.990228429145645], [-1.5566891992930323, 54.99094706779579], [-1.5554423517314717, 54.990228429145645], [-1.5541955041699111, 54.99094706779579], [-1.5529486566083506, 54.990228429145645], [-1.55170180904679, 54.99094706779579], [-1.5498315377044491, 54.989869109820575], [-1.5498315377044491, 54.98843183252029], [-1.5485846901428886, 54.98771319387015], [-1.5485846901428886, 54.98483863926958], [-1.5492081139236689, 54.98447931994451], [-1.5504549614852294, 54.98447931994451], [-1.5510783852660097, 54.98412000061944], [-1.5510783852660097, 54.981964084669016], [-1.5504549614852294, 54.981604765343945], [-1.5498315377044491, 54.981964084669016], [-1.5498315377044491, 54.98268272331916], [-1.5492081139236689, 54.98304204264423], [-1.5485846901428886, 54.98268272331916], [-1.5485846901428886, 54.981964084669016], [-1.5498315377044491, 54.981245446018875], [-1.5485846901428886, 54.98052680736873], [-1.5485846901428886, 54.97980816871859], [-1.547337842581328, 54.97908953006845], [-1.5485846901428886, 54.97837089141831], [-1.5485846901428886, 54.977652252768166], [-1.5479612663621083, 54.977292933443096], [-1.5467144188005477, 54.977292933443096], [-1.5442207236774266, 54.97873021074338], [-1.5417270285543054, 54.97873021074338], [-1.5411036047735251, 54.97837089141831], [-1.5411036047735251, 54.977652252768166], [-1.5423504523350857, 54.976933614118025], [-1.5423504523350857, 54.97549633681774], [-1.5435972998966463, 54.9747776981676], [-1.5435972998966463, 54.973340420867316], [-1.5423504523350857, 54.972621782217175], [-1.5423504523350857, 54.97190314356703], [-1.5411036047735251, 54.97118450491689], [-1.5417270285543054, 54.97082518559182], [-1.542973876115866, 54.97154382424196], [-1.5442207236774266, 54.97154382424196], [-1.5448441474582069, 54.97190314356703], [-1.5448441474582069, 54.97405905951746], [-1.5454675712389871, 54.97441837884253], [-1.55170180904679, 54.97441837884253], [-1.5523252328275703, 54.97405905951746], [-1.5523252328275703, 54.972621782217175], [-1.5529486566083506, 54.972262462892104], [-1.5554423517314717, 54.972262462892104], [-1.5566891992930323, 54.97154382424196], [-1.5579360468545929, 54.972262462892104], [-1.5585594706353731, 54.97190314356703], [-1.5585594706353731, 54.97118450491689], [-1.5598063181969337, 54.97046586626675], [-1.5598063181969337, 54.96974722761661], [-1.5591828944161534, 54.96938790829154], [-1.5579360468545929, 54.96938790829154], [-1.5573126230738126, 54.96902858896647], [-1.5591828944161534, 54.967950630991254], [-1.560429741977714, 54.968669269641396], [-1.5629234371008351, 54.968669269641396], [-1.5635468608816154, 54.96902858896647], [-1.5635468608816154, 54.96974722761661], [-1.5641702846623957, 54.97010654694168], [-1.5654171322239563, 54.96938790829154], [-1.5666639797855169, 54.97010654694168], [-1.5679108273470774, 54.97010654694168], [-1.5697810986894183, 54.96902858896647], [-1.5697810986894183, 54.968309950316325], [-1.569157674908638, 54.967950630991254], [-1.5679108273470774, 54.967950630991254], [-1.5672874035662971, 54.96759131166618], [-1.5685342511278577, 54.96687267301604], [-1.5685342511278577, 54.9661540343659], [-1.569157674908638, 54.96579471504083], [-1.5704045224701986, 54.96570488520956], [-1.5741450651548803, 54.96498624655942], [-1.5773471963925245, 54.96498624655942], [-1.5716513700317591, 54.96444726757181], [-1.5704045224701986, 54.96444726757181], [-1.569157674908638, 54.96372862892167], [-1.5679108273470774, 54.963638799090404], [-1.5666639797855169, 54.963638799090404], [-1.5660405560047366, 54.96327947976533], [-1.5660405560047366, 54.96112356381491], [-1.5635468608816154, 54.959686286514625], [-1.5635468608816154, 54.95896764786448], [-1.5629234371008351, 54.95860832853941], [-1.5616765895392746, 54.95860832853941], [-1.5610531657584943, 54.95896764786448], [-1.5610531657584943, 54.96040492516477], [-1.560429741977714, 54.96076424448984], [-1.5596504622517386, 54.96040492516477], [-1.5554423517314717, 54.95869815837068], [-1.5529486566083506, 54.95869815837068], [-1.5487405460880836, 54.959686286514625], [-1.5479612663621083, 54.960045605839696], [-1.5467144188005477, 54.96013543567096], [-1.5404801809927449, 54.960854074321105], [-1.534245943184942, 54.96372862892167], [-1.5329990956233814, 54.963638799090404], [-1.5317522480618209, 54.963638799090404], [-1.52988197671948, 54.96471675706562], [-1.52988197671948, 54.9661540343659], [-1.5267648578155786, 54.967950630991254], [-1.5242711626924574, 54.967950630991254], [-1.5236477389116772, 54.968309950316325], [-1.5236477389116772, 54.96902858896647], [-1.5230243151308969, 54.96938790829154], [-1.521154043788556, 54.968309950316325], [-1.5217774675693363, 54.967950630991254], [-1.5230243151308969, 54.967950630991254], [-1.5236477389116772, 54.96759131166618], [-1.5230243151308969, 54.96723199234111], [-1.5217774675693363, 54.96723199234111], [-1.5205306200077757, 54.96651335369097], [-1.5180369248846546, 54.96651335369097], [-1.516790077323094, 54.96723199234111], [-1.5155432297615334, 54.96723199234111], [-1.5149198059807532, 54.96759131166618], [-1.5149198059807532, 54.968309950316325], [-1.5142963821999729, 54.968669269641396], [-1.5130495346384123, 54.967950630991254], [-1.5093089919537306, 54.967950630991254], [-1.5086855681729503, 54.968309950316325], [-1.5086855681729503, 54.96902858896647], [-1.5093089919537306, 54.96938790829154], [-1.5105558395152912, 54.96938790829154], [-1.5111792632960714, 54.96974722761661], [-1.5111792632960714, 54.97046586626675], [-1.5099324157345109, 54.97118450491689], [-1.5099324157345109, 54.973340420867316], [-1.5105558395152912, 54.97369974019239], [-1.5118026870768517, 54.97369974019239], [-1.512426110857632, 54.973340420867316], [-1.512426110857632, 54.972621782217175], [-1.5111792632960714, 54.97190314356703], [-1.5118026870768517, 54.97154382424196], [-1.5142963821999729, 54.972981101542246], [-1.5155432297615334, 54.972262462892104], [-1.516790077323094, 54.972981101542246], [-1.5192837724462152, 54.972981101542246], [-1.5199071962269954, 54.972621782217175], [-1.5186603486654349, 54.97190314356703], [-1.5192837724462152, 54.97154382424196], [-1.5205306200077757, 54.97154382424196], [-1.5217774675693363, 54.972262462892104], [-1.5230243151308969, 54.972262462892104], [-1.5242711626924574, 54.97154382424196], [-1.5248945864732377, 54.97190314356703], [-1.5248945864732377, 54.97405905951746], [-1.5261414340347983, 54.9747776981676], [-1.5261414340347983, 54.97549633681774], [-1.5273882815963589, 54.97621497546788], [-1.5261414340347983, 54.976933614118025], [-1.5261414340347983, 54.977652252768166], [-1.5242711626924574, 54.97873021074338], [-1.5217774675693363, 54.97873021074338], [-1.5199071962269954, 54.977652252768166], [-1.5199071962269954, 54.97549633681774], [-1.5192837724462152, 54.97513701749267], [-1.5186603486654349, 54.97549633681774], [-1.5186603486654349, 54.97621497546788], [-1.5180369248846546, 54.976574294792954], [-1.516790077323094, 54.976574294792954], [-1.5161666535423137, 54.97621497546788], [-1.5161666535423137, 54.97549633681774], [-1.5149198059807532, 54.9747776981676], [-1.5149198059807532, 54.97405905951746], [-1.5142963821999729, 54.97369974019239], [-1.5105558395152912, 54.97585565614281], [-1.5093089919537306, 54.97513701749267], [-1.5068152968306094, 54.976574294792954], [-1.5049450254882686, 54.97549633681774], [-1.5074387206113897, 54.97405905951746], [-1.5074387206113897, 54.972621782217175], [-1.5068152968306094, 54.972262462892104], [-1.5055684492690489, 54.972262462892104], [-1.503698177926708, 54.97118450491689], [-1.503698177926708, 54.96974722761661], [-1.5024513303651474, 54.96902858896647], [-1.5024513303651474, 54.96759131166618], [-1.5012044828035869, 54.96687267301604], [-1.5024513303651474, 54.9661540343659], [-1.5024513303651474, 54.96543539571576], [-1.503698177926708, 54.96471675706562], [-1.5024513303651474, 54.963998118415475], [-1.5049450254882686, 54.96256084111519], [-1.5049450254882686, 54.96184220246505], [-1.503698177926708, 54.96112356381491], [-1.5049450254882686, 54.96040492516477], [-1.5049450254882686, 54.959686286514625], [-1.5055684492690489, 54.959326967189554], [-1.50806214439217, 54.959326967189554], [-1.5099324157345109, 54.95824900921434], [-1.5093089919537306, 54.95788968988927], [-1.50806214439217, 54.95788968988927], [-1.5068152968306094, 54.95860832853941], [-1.5061918730498292, 54.95824900921434], [-1.5061918730498292, 54.95681173191406], [-1.50806214439217, 54.955733773938846], [-1.5093089919537306, 54.955733773938846], [-1.5099324157345109, 54.955374454613775], [-1.5099324157345109, 54.95465581596363], [-1.5086855681729503, 54.95393717731349], [-1.5093089919537306, 54.95357785798842], [-1.5118026870768517, 54.95357785798842], [-1.512426110857632, 54.95393717731349], [-1.512426110857632, 54.95465581596363], [-1.5130495346384123, 54.955015135288704], [-1.5155432297615334, 54.95357785798842], [-1.516790077323094, 54.95357785798842], [-1.5180369248846546, 54.95429649663856], [-1.5205306200077757, 54.95429649663856], [-1.5217774675693363, 54.95357785798842], [-1.5230243151308969, 54.95357785798842], [-1.5236477389116772, 54.95321853866335], [-1.5224008913501166, 54.95249990001321], [-1.5230243151308969, 54.95214058068814], [-1.5242711626924574, 54.95214058068814], [-1.5248945864732377, 54.95178126136307], [-1.5248945864732377, 54.951062622712925], [-1.5242711626924574, 54.950703303387854], [-1.5230243151308969, 54.950703303387854], [-1.5224008913501166, 54.95034398406278], [-1.5224008913501166, 54.94962534541264], [-1.521154043788556, 54.9489067067625], [-1.521154043788556, 54.94818806811236], [-1.5205306200077757, 54.94782874878729], [-1.5180369248846546, 54.94782874878729], [-1.5174135011038743, 54.94746942946222], [-1.5174135011038743, 54.946750790812075], [-1.516790077323094, 54.946391471487004], [-1.5155432297615334, 54.946391471487004], [-1.5149198059807532, 54.946750790812075], [-1.5149198059807532, 54.94746942946222], [-1.5142963821999729, 54.94782874878729], [-1.5136729584191926, 54.94746942946222], [-1.5136729584191926, 54.94459487486165], [-1.5155432297615334, 54.94351691688644], [-1.516790077323094, 54.94423555553658], [-1.5180369248846546, 54.94423555553658], [-1.5199071962269954, 54.94315759756137], [-1.5199071962269954, 54.942438958911225], [-1.5192837724462152, 54.942079639586154], [-1.5180369248846546, 54.942798278236296], [-1.5155432297615334, 54.94136100093601], [-1.5142963821999729, 54.94136100093601], [-1.5136729584191926, 54.94100168161094], [-1.5136729584191926, 54.93597121105995], [-1.512426110857632, 54.93525257240981], [-1.512426110857632, 54.93453393375967], [-1.5130495346384123, 54.934174614434596], [-1.5136729584191926, 54.93453393375967], [-1.5136729584191926, 54.93525257240981], [-1.5142963821999729, 54.93561189173488], [-1.5149198059807532, 54.93525257240981], [-1.5149198059807532, 54.93453393375967], [-1.516790077323094, 54.933455975784454], [-1.5217774675693363, 54.933455975784454], [-1.5230243151308969, 54.934174614434596], [-1.5242711626924574, 54.934174614434596], [-1.5248945864732377, 54.933815295109525], [-1.5248945864732377, 54.933096656459384], [-1.525518010254018, 54.93273733713431], [-1.5280117053771392, 54.93273733713431], [-1.5292585529386997, 54.93201869848417], [-1.534245943184942, 54.93489325308474], [-1.5354927907465026, 54.93489325308474], [-1.5379864858696237, 54.933455975784454], [-1.5392333334311843, 54.934174614434596], [-1.5417270285543054, 54.934174614434596], [-1.5423504523350857, 54.933815295109525], [-1.5423504523350857, 54.933096656459384], [-1.542973876115866, 54.93273733713431], [-1.5442207236774266, 54.933455975784454], [-1.5467144188005477, 54.933455975784454], [-1.5485846901428886, 54.93237801780924], [-1.5485846901428886, 54.9316593791591], [-1.5492081139236689, 54.93130005983403], [-1.5504549614852294, 54.93130005983403], [-1.5573126230738126, 54.92734754725825], [-1.5573126230738126, 54.92662890860811], [-1.5566891992930323, 54.92626958928304], [-1.5554423517314717, 54.92626958928304], [-1.5523252328275703, 54.924472992657684], [-1.5523252328275703, 54.92375435400754], [-1.55170180904679, 54.92339503468247], [-1.5492081139236689, 54.924832311982755], [-1.5442207236774266, 54.924832311982755], [-1.542973876115866, 54.92411367333261], [-1.5404801809927449, 54.92411367333261], [-1.5398567572119646, 54.92375435400754], [-1.5398567572119646, 54.9230357153574], [-1.538609909650404, 54.92231707670726], [-1.538609909650404, 54.92159843805712], [-1.5367396383080631, 54.920520480081905], [-1.5354927907465026, 54.921239118732046], [-1.534245943184942, 54.920520480081905], [-1.5329990956233814, 54.920520480081905], [-1.5323756718426012, 54.920879799406976], [-1.5323756718426012, 54.92159843805712], [-1.5317522480618209, 54.92195775738219], [-1.52988197671948, 54.920879799406976], [-1.52988197671948, 54.920161160756834], [-1.5305054005002603, 54.91980184143176], [-1.5317522480618209, 54.91980184143176], [-1.5336225194041617, 54.91872388345655], [-1.5305054005002603, 54.916927286831196], [-1.5292585529386997, 54.91764592548134], [-1.5286351291579194, 54.91728660615627], [-1.5286351291579194, 54.916567967506126], [-1.5280117053771392, 54.916208648181055], [-1.525518010254018, 54.916208648181055], [-1.5236477389116772, 54.91513069020584], [-1.5242711626924574, 54.91477137088077], [-1.525518010254018, 54.91549000953091], [-1.5267648578155786, 54.91549000953091], [-1.5292585529386997, 54.91405273223063], [-1.5305054005002603, 54.91477137088077], [-1.5317522480618209, 54.91477137088077], [-1.5329990956233814, 54.91405273223063], [-1.534245943184942, 54.91405273223063], [-1.5348693669657223, 54.9144120515557], [-1.5348693669657223, 54.91513069020584], [-1.5354927907465026, 54.91549000953091], [-1.5367396383080631, 54.91549000953091], [-1.5373630620888434, 54.915849328855984], [-1.5373630620888434, 54.916567967506126], [-1.538609909650404, 54.91728660615627], [-1.538609909650404, 54.91800524480641], [-1.5392333334311843, 54.91836456413148], [-1.5404801809927449, 54.91764592548134], [-1.5417270285543054, 54.91764592548134], [-1.5423504523350857, 54.91800524480641], [-1.5423504523350857, 54.91872388345655], [-1.542973876115866, 54.91908320278162], [-1.5448441474582069, 54.91800524480641], [-1.5448441474582069, 54.91728660615627], [-1.5454675712389871, 54.916927286831196], [-1.5467144188005477, 54.916927286831196], [-1.5492081139236689, 54.91549000953091], [-1.5504549614852294, 54.91549000953091], [-1.55170180904679, 54.91477137088077], [-1.5529486566083506, 54.91477137088077], [-1.5535720803891309, 54.91513069020584], [-1.5523252328275703, 54.915849328855984], [-1.5529486566083506, 54.916208648181055], [-1.5541955041699111, 54.916208648181055], [-1.5548189279506914, 54.916567967506126], [-1.5548189279506914, 54.91728660615627], [-1.5554423517314717, 54.91764592548134], [-1.5566891992930323, 54.916927286831196], [-1.560429741977714, 54.916927286831196], [-1.5623000133200549, 54.91800524480641], [-1.5623000133200549, 54.91872388345655], [-1.5610531657584943, 54.91944252210669], [-1.5610531657584943, 54.920879799406976], [-1.5635468608816154, 54.92231707670726], [-1.5623000133200549, 54.9230357153574], [-1.5629234371008351, 54.92339503468247], [-1.5641702846623957, 54.92339503468247], [-1.564793708443176, 54.9230357153574], [-1.564793708443176, 54.92159843805712], [-1.5660405560047366, 54.920879799406976], [-1.5660405560047366, 54.91944252210669], [-1.5672874035662971, 54.91872388345655], [-1.5672874035662971, 54.91728660615627], [-1.5679108273470774, 54.916927286831196], [-1.5704045224701986, 54.916927286831196], [-1.5710279462509789, 54.91728660615627], [-1.5710279462509789, 54.91800524480641], [-1.5716513700317591, 54.91836456413148], [-1.5741450651548803, 54.91836456413148], [-1.5747684889356606, 54.91800524480641], [-1.5747684889356606, 54.916567967506126], [-1.5753919127164409, 54.916208648181055], [-1.577885607839562, 54.916208648181055], [-1.5791324554011226, 54.916927286831196], [-1.5803793029626831, 54.916927286831196], [-1.5810027267434634, 54.916567967506126], [-1.5810027267434634, 54.9144120515557], [-1.5803793029626831, 54.91405273223063], [-1.5791324554011226, 54.91477137088077], [-1.5772621840587817, 54.91369341290556], [-1.5785090316203423, 54.91297477425542], [-1.5785090316203423, 54.911537496955134], [-1.5791324554011226, 54.91117817763006], [-1.5803793029626831, 54.91117817763006], [-1.5810027267434634, 54.91081885830499], [-1.5810027267434634, 54.91010021965485], [-1.5803793029626831, 54.90974090032978], [-1.5791324554011226, 54.91045953897992], [-1.577885607839562, 54.90974090032978], [-1.5766387602780014, 54.90974090032978], [-1.5760153364972211, 54.90938158100471], [-1.5760153364972211, 54.90866294235457], [-1.5772621840587817, 54.907944303704426], [-1.5772621840587817, 54.907225665054284], [-1.5747684889356606, 54.905788387754], [-1.5747684889356606, 54.90506974910386], [-1.5735216413741, 54.90435111045372], [-1.5747684889356606, 54.903632471803576], [-1.5747684889356606, 54.90075791720301], [-1.5772621840587817, 54.899320639902726], [-1.5760153364972211, 54.898602001252584], [-1.5772621840587817, 54.89788336260244], [-1.5760153364972211, 54.8971647239523], [-1.5766387602780014, 54.89680540462723], [-1.577885607839562, 54.89680540462723], [-1.5785090316203423, 54.8971647239523], [-1.5785090316203423, 54.89788336260244], [-1.5797558791819029, 54.898602001252584], [-1.5797558791819029, 54.90147655585315], [-1.5810027267434634, 54.90219519450329], [-1.5810027267434634, 54.903632471803576], [-1.582249574305024, 54.90435111045372], [-1.582249574305024, 54.90650702640414], [-1.5834964218665846, 54.907225665054284], [-1.5828729980858043, 54.907584984379355], [-1.5816261505242437, 54.907584984379355], [-1.5810027267434634, 54.907944303704426], [-1.5828729980858043, 54.90902226167964], [-1.586613540770486, 54.90902226167964], [-1.5872369645512663, 54.90938158100471], [-1.5872369645512663, 54.91010021965485], [-1.5891072358936071, 54.91117817763006], [-1.5903540834551677, 54.91117817763006], [-1.590977507235948, 54.911537496955134], [-1.590977507235948, 54.91369341290556], [-1.5916009310167283, 54.91405273223063], [-1.5928477785782889, 54.91405273223063], [-1.5934712023590691, 54.9144120515557], [-1.5934712023590691, 54.91513069020584], [-1.5947180499206297, 54.915849328855984], [-1.5947180499206297, 54.916567967506126], [-1.5978351688245311, 54.91836456413148], [-1.5990820163860917, 54.91836456413148], [-1.599705440166872, 54.91872388345655], [-1.599705440166872, 54.91944252210669], [-1.6028225590707734, 54.921239118732046], [-1.604069406632334, 54.921239118732046], [-1.6053162541938946, 54.920520480081905], [-1.6065631017554551, 54.920520480081905], [-1.6071865255362354, 54.920879799406976], [-1.6071865255362354, 54.92159843805712], [-1.6078099493170157, 54.92195775738219], [-1.608433373097796, 54.92159843805712], [-1.608433373097796, 54.91944252210669], [-1.6103036444401368, 54.91836456413148], [-1.6115504920016974, 54.91836456413148], [-1.612797339563258, 54.91764592548134], [-1.6140441871248186, 54.91764592548134], [-1.6146676109055988, 54.91800524480641], [-1.6146676109055988, 54.91944252210669], [-1.6152910346863791, 54.91980184143176], [-1.6165378822479397, 54.91980184143176], [-1.61716130602872, 54.920161160756834], [-1.61716130602872, 54.920879799406976], [-1.6190315773710608, 54.92195775738219], [-1.6202784249326214, 54.92195775738219], [-1.6209018487134017, 54.92231707670726], [-1.6209018487134017, 54.9230357153574], [-1.621525272494182, 54.92339503468247], [-1.6240189676173031, 54.92339503468247], [-1.6246423913980834, 54.92375435400754], [-1.6246423913980834, 54.925191631307825], [-1.625889238959644, 54.92591026995797], [-1.625889238959644, 54.92734754725825], [-1.6271360865212046, 54.92806618590839], [-1.6271360865212046, 54.93022210185882], [-1.6277595103019848, 54.93058142118389], [-1.6290063578635454, 54.929862782533746], [-1.630253205425106, 54.929862782533746], [-1.6321234767674468, 54.93094074050896], [-1.6321234767674468, 54.9316593791591], [-1.6327469005482271, 54.93201869848417], [-1.6352405956713483, 54.93201869848417], [-1.6364874432329088, 54.93130005983403], [-1.6377342907944694, 54.93130005983403], [-1.6383577145752497, 54.9316593791591], [-1.6383577145752497, 54.93237801780924], [-1.6402279859175906, 54.933455975784454], [-1.6427216810407117, 54.933455975784454], [-1.6439685286022723, 54.934174614434596], [-1.6452153761638328, 54.934174614434596], [-1.647709071286954, 54.93273733713431], [-1.6483324950677343, 54.933096656459384], [-1.6483324950677343, 54.93453393375967], [-1.6470856475061737, 54.93525257240981], [-1.6470856475061737, 54.93597121105995], [-1.6483324950677343, 54.93668984971009], [-1.6483324950677343, 54.937408488360234], [-1.6495793426292948, 54.938127127010375], [-1.6495793426292948, 54.93884576566052], [-1.6526964615331963, 54.94064236228587], [-1.6539433090947568, 54.93992372363573], [-1.6558135804370977, 54.94100168161094], [-1.6558135804370977, 54.94172032026108], [-1.656437004217878, 54.942079639586154], [-1.6576838517794386, 54.942079639586154], [-1.6589306993409991, 54.94136100093601], [-1.6601775469025597, 54.94136100093601], [-1.66080097068334, 54.94172032026108], [-1.66080097068334, 54.942438958911225], [-1.6626712420256808, 54.94351691688644], [-1.6632946658064611, 54.94315759756137], [-1.6632946658064611, 54.942438958911225], [-1.6639180895872414, 54.942079639586154], [-1.665164937148802, 54.942798278236296], [-1.6676586322719231, 54.942798278236296], [-1.6689054798334837, 54.94351691688644], [-1.6701523273950443, 54.94351691688644], [-1.6707757511758246, 54.94315759756137], [-1.6707757511758246, 54.942438958911225], [-1.6713991749566048, 54.942079639586154], [-1.6732694462989457, 54.94315759756137], [-1.6732694462989457, 54.94387623621151], [-1.673892870079726, 54.94423555553658], [-1.6757631414220668, 54.94315759756137], [-1.6757631414220668, 54.942438958911225], [-1.6763865652028471, 54.942079639586154], [-1.6801271078875288, 54.942079639586154], [-1.6807505316683091, 54.942438958911225], [-1.6788802603259683, 54.94351691688644], [-1.6776334127644077, 54.94351691688644], [-1.6770099889836274, 54.94387623621151], [-1.6770099889836274, 54.94459487486165], [-1.6788802603259683, 54.94567283283686], [-1.6801271078875288, 54.94495419418672], [-1.6813739554490894, 54.94567283283686], [-1.6838676505722106, 54.94423555553658], [-1.6844910743529908, 54.94459487486165], [-1.6844910743529908, 54.94603215216193], [-1.6857379219145514, 54.946750790812075], [-1.6857379219145514, 54.94746942946222], [-1.6851144981337711, 54.94782874878729], [-1.6844910743529908, 54.94746942946222], [-1.6844910743529908, 54.946750790812075], [-1.6838676505722106, 54.946391471487004], [-1.68262080301065, 54.947110110137146], [-1.6813739554490894, 54.946391471487004], [-1.6788802603259683, 54.946391471487004], [-1.6776334127644077, 54.947110110137146], [-1.6763865652028471, 54.946391471487004], [-1.6726460225181654, 54.946391471487004], [-1.6713991749566048, 54.947110110137146], [-1.6689054798334837, 54.947110110137146], [-1.6676586322719231, 54.94782874878729], [-1.6664117847103626, 54.94782874878729], [-1.6657883609295823, 54.94818806811236], [-1.6657883609295823, 54.9489067067625], [-1.665164937148802, 54.94926602608757], [-1.6639180895872414, 54.94926602608757], [-1.6620478182449006, 54.94818806811236], [-1.6632946658064611, 54.94746942946222], [-1.6626712420256808, 54.947110110137146], [-1.6614243944641203, 54.947110110137146], [-1.66080097068334, 54.94746942946222], [-1.66080097068334, 54.95034398406278], [-1.6601775469025597, 54.950703303387854], [-1.6589306993409991, 54.950703303387854], [-1.6576838517794386, 54.951421942037996], [-1.6551901566563174, 54.951421942037996], [-1.6545667328755371, 54.95178126136307], [-1.6545667328755371, 54.95321853866335], [-1.656437004217878, 54.95429649663856], [-1.6570604279986583, 54.95393717731349], [-1.6570604279986583, 54.95321853866335], [-1.6576838517794386, 54.95285921933828], [-1.6589306993409991, 54.95357785798842], [-1.6601775469025597, 54.95357785798842], [-1.66080097068334, 54.95321853866335], [-1.66080097068334, 54.95249990001321], [-1.6614243944641203, 54.95214058068814], [-1.6639180895872414, 54.95214058068814], [-1.6657883609295823, 54.95321853866335], [-1.6657883609295823, 54.95393717731349], [-1.6664117847103626, 54.95429649663856], [-1.6676586322719231, 54.95429649663856], [-1.6682820560527034, 54.95465581596363], [-1.6682820560527034, 54.955374454613775], [-1.6689054798334837, 54.955733773938846], [-1.6763865652028471, 54.955733773938846], [-1.678256836545188, 54.95681173191406], [-1.678256836545188, 54.95824900921434], [-1.6770099889836274, 54.95896764786448], [-1.6795036841067486, 54.96040492516477], [-1.6788802603259683, 54.96076424448984], [-1.6763865652028471, 54.959326967189554], [-1.6757631414220668, 54.959686286514625], [-1.6757631414220668, 54.96112356381491], [-1.6763865652028471, 54.96148288313998], [-1.6788802603259683, 54.96148288313998], [-1.6795036841067486, 54.96184220246505], [-1.6796595400519436, 54.96327947976533], [-1.6788802603259683, 54.963638799090404], [-1.6776334127644077, 54.96292016044026], [-1.6751397176412866, 54.96292016044026], [-1.673892870079726, 54.96220152179012], [-1.6676586322719231, 54.96292016044026], [-1.6664117847103626, 54.96300999027153], [-1.665164937148802, 54.96300999027153], [-1.6601775469025597, 54.96229135162139], [-1.6551901566563174, 54.960854074321105], [-1.647709071286954, 54.95941679702082], [-1.6414748334791511, 54.95869815837068], [-1.6377342907944694, 54.95797951972054], [-1.6352405956713483, 54.9572608810704], [-1.6327469005482271, 54.9572608810704], [-1.6202784249326214, 54.960854074321105], [-1.6103036444401368, 54.9658845448721], [-1.6065631017554551, 54.96732182217238], [-1.600024401170992, 54.96920615956316], [-1.6015757115092129, 54.96929807846027], [-1.6065631017554551, 54.967860801159986], [-1.6140441871248186, 54.96498624655942], [-1.6202784249326214, 54.96211169195885], [-1.6240189676173031, 54.96067441465857], [-1.6277595103019848, 54.95995577600843], [-1.63898113835603, 54.95995577600843], [-1.6452153761638328, 54.96067441465857], [-1.6489559188485146, 54.96139305330871], [-1.6539433090947568, 54.962830330608995], [-1.6576838517794386, 54.963548969259136], [-1.6676586322719231, 54.96426760790928], [-1.6701523273950443, 54.96498624655942], [-1.673892870079726, 54.96507607639069], [-1.6746721498057013, 54.96543539571576], [-1.6776334127644077, 54.96570488520956], [-1.6788802603259683, 54.96579471504083], [-1.6801271078875288, 54.96579471504083], [-1.6807505316683091, 54.9661540343659], [-1.6807505316683091, 54.96759131166618], [-1.6801271078875288, 54.967950630991254], [-1.6788802603259683, 54.967950630991254], [-1.678256836545188, 54.968309950316325], [-1.6795036841067486, 54.96902858896647], [-1.6788802603259683, 54.96938790829154], [-1.6776334127644077, 54.968669269641396], [-1.6757631414220668, 54.96974722761661], [-1.6776334127644077, 54.97082518559182], [-1.6788802603259683, 54.97082518559182], [-1.6795036841067486, 54.97118450491689], [-1.6795036841067486, 54.973340420867316], [-1.6801271078875288, 54.97369974019239], [-1.6813739554490894, 54.97369974019239], [-1.6819973792298697, 54.973340420867316], [-1.6819973792298697, 54.97190314356703], [-1.6838676505722106, 54.97082518559182], [-1.6844910743529908, 54.97118450491689], [-1.6844910743529908, 54.972621782217175], [-1.6851144981337711, 54.972981101542246], [-1.6876081932568923, 54.972981101542246], [-1.6882316170376725, 54.973340420867316], [-1.6882316170376725, 54.9747776981676], [-1.686984769476112, 54.97549633681774], [-1.686984769476112, 54.976933614118025], [-1.6876081932568923, 54.977292933443096], [-1.6888550408184528, 54.977292933443096], [-1.691348735941574, 54.97873021074338], [-1.6925955835031345, 54.97873021074338], [-1.695712702407036, 54.98052680736873], [-1.695712702407036, 54.981245446018875], [-1.6950892786262557, 54.981604765343945], [-1.6938424310646951, 54.981604765343945], [-1.6932190072839148, 54.981245446018875], [-1.6932190072839148, 54.98052680736873], [-1.6925955835031345, 54.98016748804366], [-1.6919721597223543, 54.98052680736873], [-1.6919721597223543, 54.98268272331916], [-1.6925955835031345, 54.98304204264423], [-1.6938424310646951, 54.98304204264423], [-1.6963361261878163, 54.98447931994451], [-1.6988298213109374, 54.98447931994451], [-1.6994532450917177, 54.98483863926958], [-1.6982063975301571, 54.985557277919725], [-1.6994532450917177, 54.986275916569866], [-1.6994532450917177, 54.98699455522001], [-1.6988298213109374, 54.98735387454508], [-1.6975829737493768, 54.98735387454508], [-1.6938424310646951, 54.985197958594654], [-1.691348735941574, 54.98663523589494], [-1.6907253121607937, 54.986275916569866], [-1.6907253121607937, 54.985557277919725], [-1.6901018883800134, 54.985197958594654], [-1.6876081932568923, 54.985197958594654], [-1.686984769476112, 54.985557277919725], [-1.686984769476112, 54.986275916569866], [-1.6863613456953317, 54.98663523589494], [-1.6844910743529908, 54.985557277919725], [-1.6857379219145514, 54.98483863926958], [-1.6838676505722106, 54.98376068129437], [-1.68262080301065, 54.98447931994451], [-1.6819973792298697, 54.98412000061944], [-1.6819973792298697, 54.9834013619693], [-1.6807505316683091, 54.98268272331916], [-1.6807505316683091, 54.981964084669016], [-1.6801271078875288, 54.981604765343945], [-1.6795036841067486, 54.981964084669016], [-1.6795036841067486, 54.98268272331916], [-1.6776334127644077, 54.98376068129437], [-1.6763865652028471, 54.98304204264423], [-1.673892870079726, 54.98304204264423], [-1.6732694462989457, 54.9834013619693], [-1.6732694462989457, 54.985557277919725], [-1.673892870079726, 54.985916597244795], [-1.6751397176412866, 54.985916597244795], [-1.6763865652028471, 54.985197958594654], [-1.6770099889836274, 54.985557277919725], [-1.6770099889836274, 54.98699455522001], [-1.6757631414220668, 54.98771319387015], [-1.6757631414220668, 54.989869109820575], [-1.6795036841067486, 54.992025025771], [-1.6795036841067486, 54.99274366442114], [-1.6807505316683091, 54.99346230307128], [-1.6807505316683091, 54.994180941721424], [-1.678256836545188, 54.99561821902171], [-1.678256836545188, 54.99705549632199], [-1.6770099889836274, 54.99777413497213], [-1.6776334127644077, 54.998133454297204], [-1.6788802603259683, 54.998133454297204], [-1.6795036841067486, 54.998492773622274], [-1.6795036841067486, 54.999211412272416], [-1.6801271078875288, 54.99957073159749], [-1.6813739554490894, 54.998852092947345], [-1.68262080301065, 54.99957073159749], [-1.6838676505722106, 54.998852092947345], [-1.6851144981337711, 54.99957073159749], [-1.6863613456953317, 54.99957073159749], [-1.6882316170376725, 55.0006486895727], [-1.686984769476112, 55.00136732822284], [-1.686984769476112, 55.00208596687298], [-1.6857379219145514, 55.002804605523124], [-1.6857379219145514, 55.003523244173266], [-1.6844910743529908, 55.00424188282341], [-1.6844910743529908, 55.00496052147355], [-1.6838676505722106, 55.00531984079862], [-1.68262080301065, 55.00531984079862], [-1.6819973792298697, 55.00496052147355], [-1.6819973792298697, 55.00424188282341], [-1.6801271078875288, 55.003163924848195], [-1.6788802603259683, 55.00388256349834], [-1.6763865652028471, 55.00388256349834], [-1.6751397176412866, 55.00460120214848], [-1.6726460225181654, 55.00460120214848], [-1.6720225987373851, 55.00424188282341], [-1.6732694462989457, 55.003523244173266], [-1.6726460225181654, 55.003163924848195], [-1.6713991749566048, 55.003163924848195], [-1.6707757511758246, 55.003523244173266], [-1.6707757511758246, 55.00496052147355], [-1.6745162938605063, 55.007116437423974], [-1.6745162938605063, 55.00855371472426], [-1.6751397176412866, 55.00891303404933], [-1.6763865652028471, 55.00891303404933], [-1.6776334127644077, 55.00819439539919], [-1.678256836545188, 55.00855371472426], [-1.678256836545188, 55.00999099202454], [-1.6788802603259683, 55.01035031134961], [-1.6795036841067486, 55.00999099202454], [-1.6795036841067486, 55.0092723533744], [-1.6801271078875288, 55.00891303404933], [-1.6813739554490894, 55.00891303404933], [-1.6819973792298697, 55.0092723533744], [-1.6795036841067486, 55.01070963067468], [-1.6795036841067486, 55.012146907974966], [-1.6807505316683091, 55.01286554662511], [-1.6807505316683091, 55.01358418527525], [-1.6776334127644077, 55.0153807819006], [-1.6763865652028471, 55.0153807819006], [-1.6751397176412866, 55.01466214325046], [-1.6701523273950443, 55.01466214325046], [-1.6682820560527034, 55.015740101225674], [-1.6682820560527034, 55.016458739875816], [-1.6676586322719231, 55.01681805920089], [-1.6664117847103626, 55.01681805920089], [-1.6639180895872414, 55.01825533650117], [-1.66080097068334, 55.016458739875816], [-1.6614243944641203, 55.016099420550745], [-1.6626712420256808, 55.01681805920089], [-1.6632946658064611, 55.016458739875816], [-1.6632946658064611, 55.01502146257553], [-1.6626712420256808, 55.01466214325046], [-1.6614243944641203, 55.01466214325046], [-1.66080097068334, 55.01430282392539], [-1.66080097068334, 55.01286554662511], [-1.6614243944641203, 55.01250622730004], [-1.6626712420256808, 55.01250622730004], [-1.6639180895872414, 55.01322486595018], [-1.6645415133680217, 55.01286554662511], [-1.6645415133680217, 55.012146907974966], [-1.6657883609295823, 55.011428269324824], [-1.6657883609295823, 55.01070963067468], [-1.6664117847103626, 55.01035031134961], [-1.6676586322719231, 55.01035031134961], [-1.6682820560527034, 55.00999099202454], [-1.6682820560527034, 55.00855371472426], [-1.6670352084911428, 55.007835076074116], [-1.6670352084911428, 55.007116437423974], [-1.6664117847103626, 55.0067571180989], [-1.6657883609295823, 55.007116437423974], [-1.6657883609295823, 55.007835076074116], [-1.665164937148802, 55.00819439539919], [-1.6632946658064611, 55.007116437423974], [-1.6632946658064611, 55.00496052147355], [-1.6620478182449006, 55.00424188282341], [-1.6620478182449006, 55.003523244173266], [-1.6614243944641203, 55.003163924848195], [-1.6601775469025597, 55.003163924848195], [-1.6589306993409991, 55.00388256349834], [-1.6583072755602188, 55.003523244173266], [-1.6583072755602188, 55.002804605523124], [-1.6551901566563174, 55.00100800889777], [-1.6539433090947568, 55.00100800889777], [-1.6533198853139766, 55.0006486895727], [-1.6533198853139766, 54.99993005092256], [-1.6526964615331963, 54.99957073159749], [-1.6514496139716357, 54.99957073159749], [-1.6502027664100751, 54.998852092947345], [-1.647709071286954, 54.998852092947345], [-1.6470856475061737, 54.998492773622274], [-1.6470856475061737, 54.99777413497213], [-1.6458387999446131, 54.99705549632199], [-1.6458387999446131, 54.99633685767185], [-1.6445919523830526, 54.99561821902171], [-1.6452153761638328, 54.99525889969664], [-1.6464622237253934, 54.99525889969664], [-1.6470856475061737, 54.994899580371566], [-1.6470856475061737, 54.994180941721424], [-1.6483324950677343, 54.99346230307128], [-1.6458387999446131, 54.992025025771], [-1.6458387999446131, 54.990587748470716], [-1.6452153761638328, 54.990228429145645], [-1.6439685286022723, 54.99094706779579], [-1.6427216810407117, 54.99094706779579], [-1.6414748334791511, 54.99166570644593], [-1.6402279859175906, 54.99166570644593], [-1.6383577145752497, 54.99274366442114], [-1.6383577145752497, 54.99346230307128], [-1.6396045621368103, 54.994180941721424], [-1.6396045621368103, 54.99561821902171], [-1.6408514096983708, 54.99633685767185], [-1.6408514096983708, 54.99705549632199], [-1.6402279859175906, 54.99741481564706], [-1.63898113835603, 54.99669617699692], [-1.6383577145752497, 54.99705549632199], [-1.6383577145752497, 54.998492773622274], [-1.6402279859175906, 54.99957073159749], [-1.6427216810407117, 54.998133454297204], [-1.643345104821492, 54.998492773622274], [-1.643345104821492, 54.999211412272416], [-1.6439685286022723, 54.99957073159749], [-1.6452153761638328, 54.99957073159749], [-1.6470856475061737, 55.0006486895727], [-1.6470856475061737, 55.00208596687298], [-1.647709071286954, 55.00244528619805], [-1.6489559188485146, 55.00172664754791], [-1.6502027664100751, 55.00244528619805], [-1.6526964615331963, 55.00244528619805], [-1.6539433090947568, 55.003163924848195], [-1.6551901566563174, 55.003163924848195], [-1.6558135804370977, 55.003523244173266], [-1.6558135804370977, 55.00424188282341], [-1.6570604279986583, 55.00496052147355], [-1.6570604279986583, 55.00567916012369], [-1.6595541231217794, 55.007116437423974], [-1.6589306993409991, 55.007475756749045], [-1.6576838517794386, 55.007475756749045], [-1.6570604279986583, 55.007835076074116], [-1.6570604279986583, 55.011428269324824], [-1.656437004217878, 55.011787588649895], [-1.6539433090947568, 55.011787588649895], [-1.6533198853139766, 55.011428269324824], [-1.6533198853139766, 55.01070963067468], [-1.6545667328755371, 55.00999099202454], [-1.6545667328755371, 55.007835076074116], [-1.6502027664100751, 55.00531984079862], [-1.6489559188485146, 55.00531984079862], [-1.647709071286954, 55.00603847944876], [-1.6464622237253934, 55.00603847944876], [-1.643345104821492, 55.007835076074116], [-1.643345104821492, 55.00855371472426], [-1.6439685286022723, 55.00891303404933], [-1.6464622237253934, 55.00891303404933], [-1.6470856475061737, 55.0092723533744], [-1.6470856475061737, 55.00999099202454], [-1.647709071286954, 55.01035031134961], [-1.6489559188485146, 55.01035031134961], [-1.6495793426292948, 55.01070963067468], [-1.6495793426292948, 55.011428269324824], [-1.6508261901908554, 55.012146907974966], [-1.6508261901908554, 55.01502146257553], [-1.652073037752416, 55.015740101225674], [-1.6514496139716357, 55.016099420550745], [-1.6489559188485146, 55.016099420550745], [-1.6458387999446131, 55.0178960171761], [-1.6458387999446131, 55.01861465582624], [-1.6452153761638328, 55.01897397515131], [-1.6427216810407117, 55.01753669785103], [-1.6414748334791511, 55.01825533650117], [-1.63898113835603, 55.01825533650117], [-1.6364874432329088, 55.01969261380145], [-1.6352405956713483, 55.01969261380145], [-1.634617171890568, 55.01933329447638], [-1.634617171890568, 55.01861465582624], [-1.6339937481097877, 55.01825533650117], [-1.6327469005482271, 55.01825533650117], [-1.6315000529866666, 55.01897397515131], [-1.630253205425106, 55.01825533650117], [-1.6290063578635454, 55.01825533650117], [-1.6271360865212046, 55.01933329447638], [-1.6271360865212046, 55.02292648772709], [-1.6283829340827651, 55.02364512637723], [-1.6283829340827651, 55.024363765027374], [-1.6290063578635454, 55.024723084352445], [-1.630253205425106, 55.0240044457023], [-1.6308766292058863, 55.024363765027374], [-1.6308766292058863, 55.02723831962794], [-1.630253205425106, 55.02759763895301], [-1.6290063578635454, 55.02759763895301], [-1.6283829340827651, 55.02795695827808], [-1.6283829340827651, 55.028675596928224], [-1.6271360865212046, 55.029394235578366], [-1.6271360865212046, 55.03011287422851], [-1.6265126627404243, 55.03047219355358], [-1.6252658151788637, 55.03047219355358], [-1.6240189676173031, 55.03119083220372], [-1.621525272494182, 55.03119083220372], [-1.6209018487134017, 55.03083151287865], [-1.6209018487134017, 55.03011287422851], [-1.6202784249326214, 55.02975355490344], [-1.6190315773710608, 55.02975355490344], [-1.6184081535902806, 55.029394235578366], [-1.6196550011518411, 55.028675596928224], [-1.6196550011518411, 55.0265196809778], [-1.6190315773710608, 55.02616036165273], [-1.6177847298095003, 55.02616036165273], [-1.6159144584671594, 55.025082403677516], [-1.61716130602872, 55.024363765027374], [-1.61716130602872, 55.02364512637723], [-1.6184081535902806, 55.02292648772709], [-1.6184081535902806, 55.020770571776666], [-1.6165378822479397, 55.01969261380145], [-1.6152910346863791, 55.020411252451595], [-1.6140441871248186, 55.020411252451595], [-1.6134207633440383, 55.020051933126524], [-1.6134207633440383, 55.01861465582624], [-1.6121739157824777, 55.0178960171761], [-1.6121739157824777, 55.01717737852596], [-1.612797339563258, 55.01681805920089], [-1.6152910346863791, 55.01681805920089], [-1.6159144584671594, 55.016458739875816], [-1.6152910346863791, 55.016099420550745], [-1.612797339563258, 55.016099420550745], [-1.6121739157824777, 55.015740101225674], [-1.6121739157824777, 55.01502146257553], [-1.6096802206593566, 55.01358418527525], [-1.6096802206593566, 55.01286554662511], [-1.6121739157824777, 55.011428269324824], [-1.6115504920016974, 55.01106894999975], [-1.6065631017554551, 55.01106894999975], [-1.6059396779746749, 55.011428269324824], [-1.6059396779746749, 55.012146907974966], [-1.6053162541938946, 55.01250622730004], [-1.6028225590707734, 55.01250622730004], [-1.6021991352899931, 55.01286554662511], [-1.6021991352899931, 55.01358418527525], [-1.6015757115092129, 55.01394350460032], [-1.6003288639476523, 55.01394350460032], [-1.5984585926053114, 55.01286554662511], [-1.599705440166872, 55.012146907974966], [-1.599705440166872, 55.011428269324824], [-1.5984585926053114, 55.01070963067468], [-1.5984585926053114, 55.00999099202454], [-1.5978351688245311, 55.00963167269947], [-1.5965883212629706, 55.00963167269947], [-1.59534147370141, 55.00891303404933], [-1.5947180499206297, 55.0092723533744], [-1.5947180499206297, 55.01070963067468], [-1.5940946261398494, 55.01106894999975], [-1.5928477785782889, 55.01106894999975], [-1.5916009310167283, 55.011787588649895], [-1.5903540834551677, 55.011787588649895], [-1.5884838121128269, 55.01070963067468], [-1.5884838121128269, 55.00999099202454], [-1.586613540770486, 55.00891303404933], [-1.5841198456473649, 55.00891303404933], [-1.5834964218665846, 55.00855371472426], [-1.586613540770486, 55.0067571180989], [-1.5878603883320466, 55.0067571180989], [-1.5891072358936071, 55.00603847944876], [-1.5916009310167283, 55.007475756749045], [-1.5934712023590691, 55.00639779877383], [-1.5934712023590691, 55.00567916012369], [-1.5959648974821903, 55.00424188282341], [-1.5959648974821903, 55.003523244173266], [-1.5947180499206297, 55.002804605523124], [-1.5947180499206297, 55.00208596687298], [-1.5934712023590691, 55.00136732822284], [-1.5934712023590691, 55.0006486895727], [-1.5928477785782889, 55.00028937024763], [-1.5916009310167283, 55.00100800889777], [-1.5891072358936071, 55.00100800889777], [-1.5878603883320466, 55.00028937024763], [-1.586613540770486, 55.00028937024763], [-1.5853666932089254, 54.99957073159749], [-1.5841198456473649, 54.99957073159749], [-1.5828729980858043, 54.998852092947345], [-1.5803793029626831, 54.998852092947345], [-1.577885607839562, 54.99741481564706], [-1.5753919127164409, 54.998852092947345], [-1.5716513700317591, 54.998852092947345], [-1.5704045224701986, 54.99957073159749], [-1.569157674908638, 54.99957073159749], [-1.5679108273470774, 54.998852092947345], [-1.5654171322239563, 54.998852092947345], [-1.5641702846623957, 54.998133454297204], [-1.560429741977714, 54.998133454297204], [-1.5598063181969337, 54.998492773622274], [-1.5598063181969337, 54.999211412272416], [-1.560429741977714, 54.99957073159749], [-1.5616765895392746, 54.99957073159749], [-1.5629234371008351, 54.998852092947345], [-1.5635468608816154, 54.999211412272416], [-1.5635468608816154, 54.99993005092256], [-1.5629234371008351, 55.00028937024763], [-1.5579360468545929, 55.00028937024763], [-1.5566891992930323, 55.00100800889777], [-1.5554423517314717, 55.00028937024763], [-1.5548189279506914, 55.0006486895727], [-1.5548189279506914, 55.00208596687298], [-1.5529486566083506, 55.003163924848195], [-1.55170180904679, 55.00244528619805], [-1.5498315377044491, 55.003523244173266], [-1.5498315377044491, 55.00424188282341], [-1.547337842581328, 55.00567916012369], [-1.547337842581328, 55.00639779877383], [-1.5454675712389871, 55.007475756749045], [-1.5442207236774266, 55.0067571180989], [-1.542973876115866, 55.0067571180989], [-1.5423504523350857, 55.00639779877383], [-1.5423504523350857, 55.00567916012369], [-1.5404801809927449, 55.00460120214848], [-1.5392333334311843, 55.00460120214848], [-1.5379864858696237, 55.00531984079862], [-1.5373630620888434, 55.00496052147355], [-1.5373630620888434, 55.00424188282341], [-1.5379864858696237, 55.00388256349834], [-1.5417270285543054, 55.00388256349834], [-1.5423504523350857, 55.003523244173266], [-1.5423504523350857, 55.002804605523124], [-1.5417270285543054, 55.00244528619805], [-1.534245943184942, 55.00244528619805], [-1.5336225194041617, 55.002804605523124], [-1.5336225194041617, 55.003523244173266], [-1.5361162145272829, 55.00496052147355], [-1.5354927907465026, 55.00531984079862]]], [[[-1.5280117053771392, 54.99310298374621], [-1.5267648578155786, 54.993821622396354], [-1.525518010254018, 54.993821622396354], [-1.5248945864732377, 54.99346230307128], [-1.5248945864732377, 54.99274366442114], [-1.5242711626924574, 54.99238434509607], [-1.5230243151308969, 54.99310298374621], [-1.5224008913501166, 54.99274366442114], [-1.5224008913501166, 54.99130638712086], [-1.5236477389116772, 54.990587748470716], [-1.5236477389116772, 54.989869109820575], [-1.5242711626924574, 54.989509790495504], [-1.5248945864732377, 54.989869109820575], [-1.5248945864732377, 54.990587748470716], [-1.525518010254018, 54.99094706779579], [-1.5261414340347983, 54.990587748470716], [-1.5261414340347983, 54.98915047117043], [-1.5248945864732377, 54.98843183252029], [-1.5267648578155786, 54.98735387454508], [-1.5292585529386997, 54.98735387454508], [-1.5305054005002603, 54.98663523589494], [-1.5317522480618209, 54.98663523589494], [-1.534245943184942, 54.985197958594654], [-1.5367396383080631, 54.985197958594654], [-1.5373630620888434, 54.985557277919725], [-1.5373630620888434, 54.98699455522001], [-1.5379864858696237, 54.98735387454508], [-1.5392333334311843, 54.98735387454508], [-1.5404801809927449, 54.98807251319522], [-1.5417270285543054, 54.98735387454508], [-1.542973876115866, 54.98807251319522], [-1.5442207236774266, 54.98807251319522], [-1.5448441474582069, 54.98771319387015], [-1.5448441474582069, 54.98699455522001], [-1.5454675712389871, 54.98663523589494], [-1.5467144188005477, 54.98663523589494], [-1.547337842581328, 54.98699455522001], [-1.547337842581328, 54.989869109820575], [-1.5454675712389871, 54.99094706779579], [-1.5442207236774266, 54.99094706779579], [-1.5417270285543054, 54.99238434509607], [-1.5392333334311843, 54.99238434509607], [-1.5373630620888434, 54.99346230307128], [-1.5373630620888434, 54.994180941721424], [-1.5367396383080631, 54.994540261046495], [-1.5354927907465026, 54.994540261046495], [-1.534245943184942, 54.993821622396354], [-1.5317522480618209, 54.993821622396354], [-1.5305054005002603, 54.99310298374621], [-1.5280117053771392, 54.99310298374621]]], [[[-1.5155432297615334, 54.994540261046495], [-1.5142963821999729, 54.99525889969664], [-1.5130495346384123, 54.994540261046495], [-1.5105558395152912, 54.994540261046495], [-1.5099324157345109, 54.994180941721424], [-1.5099324157345109, 54.99346230307128], [-1.5093089919537306, 54.99310298374621], [-1.5086855681729503, 54.99274366442114], [-1.5093089919537306, 54.99238434509607], [-1.5105558395152912, 54.99238434509607], [-1.5111792632960714, 54.992025025771], [-1.5111792632960714, 54.990587748470716], [-1.5142963821999729, 54.98879115184536], [-1.516790077323094, 54.990228429145645], [-1.5174135011038743, 54.989869109820575], [-1.5174135011038743, 54.98915047117043], [-1.5180369248846546, 54.98879115184536], [-1.5199071962269954, 54.989869109820575], [-1.5199071962269954, 54.990587748470716], [-1.5186603486654349, 54.99130638712086], [-1.521154043788556, 54.99274366442114], [-1.521154043788556, 54.99346230307128], [-1.5180369248846546, 54.99525889969664], [-1.516790077323094, 54.994540261046495], [-1.5155432297615334, 54.994540261046495]]], [[[-1.6701523273950443, 54.951421942037996], [-1.6788802603259683, 54.951421942037996], [-1.6801271078875288, 54.95214058068814], [-1.6813739554490894, 54.951421942037996], [-1.6851144981337711, 54.951421942037996], [-1.6857379219145514, 54.95178126136307], [-1.6844910743529908, 54.95249990001321], [-1.6838676505722106, 54.95285921933828], [-1.6813739554490894, 54.95285921933828], [-1.6807505316683091, 54.95321853866335], [-1.6807505316683091, 54.95393717731349], [-1.6801271078875288, 54.95429649663856], [-1.6788802603259683, 54.95429649663856], [-1.6776334127644077, 54.955015135288704], [-1.6751397176412866, 54.955015135288704], [-1.6726460225181654, 54.95357785798842], [-1.6713991749566048, 54.95357785798842], [-1.6707757511758246, 54.95321853866335], [-1.6707757511758246, 54.95249990001321], [-1.669528903614264, 54.95178126136307], [-1.6701523273950443, 54.951421942037996]]], [[[-1.4962170925573446, 54.95824900921434], [-1.4962170925573446, 54.95896764786448], [-1.4968405163381249, 54.959326967189554], [-1.4980873638996854, 54.959326967189554], [-1.4987107876804657, 54.959686286514625], [-1.4987107876804657, 54.96112356381491], [-1.4962170925573446, 54.96256084111519], [-1.4955936687765643, 54.96292016044026], [-1.4943468212150037, 54.96292016044026], [-1.4937233974342234, 54.96327947976533], [-1.4937233974342234, 54.963998118415475], [-1.4918531260918826, 54.96507607639069], [-1.490606278530322, 54.964357437740546], [-1.4793846504762769, 54.964357437740546], [-1.4768909553531557, 54.96292016044026], [-1.4743972602300346, 54.96292016044026], [-1.4725269888876937, 54.96184220246505], [-1.4737738364492543, 54.96112356381491], [-1.4737738364492543, 54.959686286514625], [-1.473150412668474, 54.959326967189554], [-1.4706567175453529, 54.959326967189554], [-1.468786446203012, 54.96040492516477], [-1.468786446203012, 54.96184220246505], [-1.4681630224222317, 54.96220152179012], [-1.4669161748606712, 54.96220152179012], [-1.4662927510798909, 54.96256084111519], [-1.4675395986414514, 54.96327947976533], [-1.4662927510798909, 54.963998118415475], [-1.4662927510798909, 54.96471675706562], [-1.46442247973755, 54.96579471504083], [-1.4637990559567697, 54.96543539571576], [-1.4637990559567697, 54.96471675706562], [-1.4631756321759894, 54.964357437740546], [-1.4625522083952092, 54.96471675706562], [-1.4625522083952092, 54.96543539571576], [-1.4619287846144289, 54.96579471504083], [-1.4606819370528683, 54.96579471504083], [-1.4569413943681866, 54.967950630991254], [-1.455694546806626, 54.967950630991254], [-1.4550711230258457, 54.96759131166618], [-1.4569413943681866, 54.96651335369097], [-1.4581882419297472, 54.96651335369097], [-1.4588116657105274, 54.9661540343659], [-1.4575648181489669, 54.96543539571576], [-1.4575648181489669, 54.96471675706562], [-1.4569413943681866, 54.964357437740546], [-1.455694546806626, 54.964357437740546], [-1.4550711230258457, 54.963998118415475], [-1.4550711230258457, 54.96112356381491], [-1.4563179705874063, 54.96040492516477], [-1.455694546806626, 54.960045605839696], [-1.4544476992450655, 54.960045605839696], [-1.4538242754642852, 54.96040492516477], [-1.4538242754642852, 54.96112356381491], [-1.4532008516835049, 54.96148288313998], [-1.4519540041219443, 54.96148288313998], [-1.4500837327796035, 54.96040492516477], [-1.4500837327796035, 54.95896764786448], [-1.4507071565603837, 54.95860832853941], [-1.4519540041219443, 54.95860832853941], [-1.4525774279027246, 54.95824900921434], [-1.451330580341164, 54.9575303705642], [-1.4544476992450655, 54.955733773938846], [-1.4569413943681866, 54.955733773938846], [-1.4575648181489669, 54.955374454613775], [-1.4575648181489669, 54.95465581596363], [-1.4581882419297472, 54.95429649663856], [-1.4594350894913077, 54.95429649663856], [-1.4606819370528683, 54.95357785798842], [-1.4619287846144289, 54.95429649663856], [-1.4631756321759894, 54.95429649663856], [-1.4637990559567697, 54.95465581596363], [-1.4637990559567697, 54.95681173191406], [-1.46442247973755, 54.95717105123913], [-1.4650459035183303, 54.95681173191406], [-1.4650459035183303, 54.95609309326392], [-1.4656693272991106, 54.955733773938846], [-1.4681630224222317, 54.955733773938846], [-1.4694098699837923, 54.95645241258899], [-1.4706567175453529, 54.95645241258899], [-1.4712801413261332, 54.95609309326392], [-1.4712801413261332, 54.95393717731349], [-1.4719035651069134, 54.95357785798842], [-1.473150412668474, 54.95357785798842], [-1.4756441077915952, 54.95214058068814], [-1.4768909553531557, 54.95285921933828], [-1.477514379133936, 54.95249990001321], [-1.477514379133936, 54.95178126136307], [-1.4793846504762769, 54.950703303387854], [-1.4806314980378374, 54.950703303387854], [-1.4831251931609586, 54.94926602608757], [-1.4843720407225192, 54.94998466473771], [-1.4856188882840797, 54.94998466473771], [-1.4874891596264206, 54.951062622712925], [-1.4874891596264206, 54.95178126136307], [-1.4893594309687614, 54.95285921933828], [-1.490606278530322, 54.95214058068814], [-1.4918531260918826, 54.95214058068814], [-1.4937233974342234, 54.95321853866335], [-1.4937233974342234, 54.95393717731349], [-1.4943468212150037, 54.95429649663856], [-1.4980873638996854, 54.95429649663856], [-1.4999576352420263, 54.955374454613775], [-1.4980873638996854, 54.95645241258899], [-1.4968405163381249, 54.95645241258899], [-1.4962170925573446, 54.95681173191406], [-1.4974639401189052, 54.9575303705642], [-1.4962170925573446, 54.95824900921434]]], [[[-1.42078281508293, 54.94351691688644], [-1.4220296626444906, 54.94351691688644], [-1.4232765102060512, 54.94423555553658], [-1.4245233577676117, 54.94423555553658], [-1.4257702053291723, 54.94351691688644], [-1.4270170528907329, 54.94351691688644], [-1.4282639004522935, 54.94423555553658], [-1.4288873242330737, 54.94459487486165], [-1.4276404766715132, 54.94531351351179], [-1.4276404766715132, 54.94603215216193], [-1.4263936291099526, 54.946750790812075], [-1.4288873242330737, 54.94818806811236], [-1.4282639004522935, 54.94854738743743], [-1.4232765102060512, 54.94854738743743], [-1.4214062388637103, 54.94962534541264], [-1.4214062388637103, 54.95034398406278], [-1.42078281508293, 54.950703303387854], [-1.4195359675213695, 54.950703303387854], [-1.4182891199598089, 54.94998466473771], [-1.4170422723982483, 54.950703303387854], [-1.4139251534943469, 54.9489067067625], [-1.4145485772751272, 54.94854738743743], [-1.4157954248366877, 54.94926602608757], [-1.416418848617468, 54.9489067067625], [-1.416418848617468, 54.94818806811236], [-1.4151720010559075, 54.94746942946222], [-1.4189125437405892, 54.94531351351179], [-1.4189125437405892, 54.94459487486165], [-1.42078281508293, 54.94351691688644]]]]}}, {"type": "Feature", "properties": {"band_id": "under_10", "order": 4}, "geometry": {"type": "MultiPolygon", "coordinates": [[[[-1.621398570954625, 54.96812581839913], [-1.6215546397361322, 54.96821564741549], [-1.6212425021731178, 54.96839530544821], [-1.621398570954625, 54.96848513446457], [-1.621398570954625, 54.96857496348093], [-1.6212425021731178, 54.96866479249729], [-1.6212425021731178, 54.969024108562735], [-1.621398570954625, 54.969113937579095], [-1.6213205365638714, 54.969158852087276], [-1.6211644677823642, 54.969158852087276], [-1.621008399000857, 54.969248681103636], [-1.6208523302193498, 54.969248681103636], [-1.6206962614378426, 54.969158852087276], [-1.6205401926563354, 54.969158852087276], [-1.6204621582655818, 54.969203766595456], [-1.6204621582655818, 54.969293595611816], [-1.6203841238748282, 54.96933851012], [-1.620228055093321, 54.96933851012], [-1.619837883139553, 54.9695630826609], [-1.619837883139553, 54.96965291167726], [-1.6196818143580458, 54.96974274069362], [-1.6196818143580458, 54.97019188577542], [-1.6197598487487994, 54.9702368002836], [-1.6199159175303066, 54.9702368002836], [-1.6199939519210602, 54.97028171479178], [-1.6199939519210602, 54.97037154380814], [-1.6201500207025674, 54.9704613728245], [-1.6199939519210602, 54.97055120184086], [-1.6200719863118138, 54.97059611634904], [-1.620228055093321, 54.97059611634904], [-1.6203841238748282, 54.97050628733268], [-1.6205401926563354, 54.97050628733268], [-1.620618227047089, 54.97055120184086], [-1.620618227047089, 54.97064103085722], [-1.6205401926563354, 54.9706859453654], [-1.6203841238748282, 54.9706859453654], [-1.6200719863118138, 54.970865603398124], [-1.6199159175303066, 54.970775774381764], [-1.6197598487487994, 54.970775774381764], [-1.6196818143580458, 54.970820688889944], [-1.6196818143580458, 54.970910517906304], [-1.6197598487487994, 54.970955432414485], [-1.6199159175303066, 54.970955432414485], [-1.6199939519210602, 54.971000346922665], [-1.619837883139553, 54.971090175939025], [-1.619837883139553, 54.971180004955386], [-1.6199939519210602, 54.971269833971746], [-1.6197598487487994, 54.97140457749629], [-1.6196037799672922, 54.97131474847993], [-1.619447711185785, 54.97131474847993], [-1.6192916424042778, 54.97140457749629], [-1.6188234360597562, 54.97140457749629], [-1.6187454016690026, 54.97135966298811], [-1.6189014704505098, 54.971269833971746], [-1.6188234360597562, 54.971224919463566], [-1.618667367278249, 54.971224919463566], [-1.6185112984967418, 54.971135090447206], [-1.6183552297152346, 54.971135090447206], [-1.618277195324481, 54.971180004955386], [-1.618277195324481, 54.971269833971746], [-1.6179650577614666, 54.97144949200447], [-1.6179650577614666, 54.97153932102083], [-1.617887023370713, 54.97158423552901], [-1.6175748858076986, 54.97158423552901], [-1.6174188170261914, 54.97149440651265], [-1.617106679463177, 54.97149440651265], [-1.6167945419001626, 54.97131474847993], [-1.6166384731186554, 54.97131474847993], [-1.6162483011648874, 54.97153932102083], [-1.6162483011648874, 54.97189863708627], [-1.6161702667741338, 54.97194355159445], [-1.6157020604296122, 54.97194355159445], [-1.6153899228665978, 54.97176389356173], [-1.6152338540850906, 54.97176389356173], [-1.6150777853035834, 54.97185372257809], [-1.6149217165220762, 54.97185372257809], [-1.6146876133498154, 54.97198846610263], [-1.6146876133498154, 54.97207829511899], [-1.614765647740569, 54.97212320962717], [-1.6149217165220762, 54.97212320962717], [-1.6149997509128298, 54.97216812413535], [-1.6149997509128298, 54.97252744020079], [-1.6150777853035834, 54.97257235470897], [-1.6152338540850906, 54.97257235470897], [-1.6153118884758442, 54.97261726921715], [-1.6153118884758442, 54.97270709823351], [-1.6154679572573514, 54.972796927249874], [-1.6153118884758442, 54.972886756266234], [-1.6153899228665978, 54.972931670774415], [-1.615545991648105, 54.972931670774415], [-1.6158581292111194, 54.972752012741694], [-1.615936163601873, 54.972796927249874], [-1.615936163601873, 54.972886756266234], [-1.6157800948203658, 54.972976585282595], [-1.6157800948203658, 54.973066414298955], [-1.615936163601873, 54.973156243315316], [-1.615936163601873, 54.973246072331676], [-1.6161702667741338, 54.97338081585622], [-1.6164824043371482, 54.97338081585622], [-1.616716507509409, 54.97351555938076], [-1.616716507509409, 54.9738748754462], [-1.6165604387279018, 54.97396470446256], [-1.6165604387279018, 54.97423419151164], [-1.6164824043371482, 54.97427910601982], [-1.6161702667741338, 54.97427910601982], [-1.615936163601873, 54.97441384954436], [-1.615936163601873, 54.97450367856072], [-1.6157800948203658, 54.97459350757708], [-1.615936163601873, 54.97468333659344], [-1.615936163601873, 54.974773165609804], [-1.6158581292111194, 54.974818080117984], [-1.6157020604296122, 54.974818080117984], [-1.6153899228665978, 54.974997738150705], [-1.6149217165220762, 54.974997738150705], [-1.614765647740569, 54.975087567167066], [-1.6146876133498154, 54.975042652658885], [-1.6146876133498154, 54.974952823642525], [-1.6144535101775546, 54.974818080117984], [-1.6142974413960474, 54.974818080117984], [-1.6142194070052938, 54.974862994626164], [-1.6142194070052938, 54.974952823642525], [-1.6141413726145402, 54.974997738150705], [-1.613985303833033, 54.974907909134345], [-1.6136731662700186, 54.974907909134345], [-1.6134390630977578, 54.975042652658885], [-1.6134390630977578, 54.975132481675246], [-1.6133610287070042, 54.975177396183426], [-1.6130488911439897, 54.975177396183426], [-1.6129708567532361, 54.975132481675246], [-1.6129708567532361, 54.975042652658885], [-1.6128928223624825, 54.974997738150705], [-1.6125806847994681, 54.974997738150705], [-1.6125026504087145, 54.975042652658885], [-1.6125806847994681, 54.975087567167066], [-1.6127367535809753, 54.975087567167066], [-1.612814787971729, 54.975132481675246], [-1.612814787971729, 54.97531213970797], [-1.6125806847994681, 54.97544688323251], [-1.6121124784549465, 54.97544688323251], [-1.6119564096734393, 54.97535705421615], [-1.6118003408919321, 54.97544688323251], [-1.6117223065011785, 54.97540196872433], [-1.6117223065011785, 54.975132481675246], [-1.6115662377196713, 54.975042652658885], [-1.6115662377196713, 54.974862994626164], [-1.6114101689381641, 54.974773165609804], [-1.6114101689381641, 54.97468333659344], [-1.6113321345474105, 54.97463842208526], [-1.6110199969843961, 54.97463842208526], [-1.6109419625936425, 54.97468333659344], [-1.6110980313751497, 54.974773165609804], [-1.6110980313751497, 54.974862994626164], [-1.6110199969843961, 54.974907909134345], [-1.610863928202889, 54.974907909134345], [-1.6107858938121353, 54.974862994626164], [-1.6107858938121353, 54.97468333659344], [-1.6107078594213817, 54.97463842208526], [-1.6103957218583673, 54.974818080117984], [-1.6101616186861065, 54.97468333659344], [-1.6101616186861065, 54.97441384954436], [-1.6103176874676137, 54.974324020528], [-1.6103176874676137, 54.97423419151164], [-1.6103957218583673, 54.97418927700346], [-1.6105517906398745, 54.97418927700346], [-1.6106298250306281, 54.97414436249528], [-1.6106298250306281, 54.97396470446256], [-1.6107078594213817, 54.97391978995438], [-1.610863928202889, 54.97391978995438], [-1.6110199969843961, 54.97400961897074], [-1.611254100156657, 54.9738748754462], [-1.6111760657659033, 54.97382996093802], [-1.6110199969843961, 54.97382996093802], [-1.6107858938121353, 54.97369521741348], [-1.6107858938121353, 54.97360538839712], [-1.6110980313751497, 54.9734257303644], [-1.6110980313751497, 54.97333590134804], [-1.6109419625936425, 54.973246072331676], [-1.6113321345474105, 54.973021499790775], [-1.6114882033289177, 54.973021499790775], [-1.6117223065011785, 54.972886756266234], [-1.6115662377196713, 54.972796927249874], [-1.6115662377196713, 54.97243761118443], [-1.611644272110425, 54.97239269667625], [-1.6119564096734393, 54.97239269667625], [-1.612034444064193, 54.97234778216807], [-1.612034444064193, 54.97225795315171], [-1.6119564096734393, 54.97221303864353], [-1.6118003408919321, 54.97221303864353], [-1.6117223065011785, 54.97216812413535], [-1.6118783752826857, 54.97207829511899], [-1.6118783752826857, 54.97198846610263], [-1.6119564096734393, 54.97194355159445], [-1.6121124784549465, 54.97203338061081], [-1.6122685472364537, 54.97203338061081], [-1.6123465816272073, 54.97207829511899], [-1.6121905128457001, 54.97216812413535], [-1.6122685472364537, 54.97221303864353], [-1.6125806847994681, 54.97221303864353], [-1.6126587191902217, 54.97225795315171], [-1.6126587191902217, 54.97234778216807], [-1.6127367535809753, 54.97239269667625], [-1.6130488911439897, 54.97239269667625], [-1.613204959925497, 54.97248252569261], [-1.6135170974885114, 54.97248252569261], [-1.6137512006607722, 54.97234778216807], [-1.6137512006607722, 54.97225795315171], [-1.6140633382237866, 54.97207829511899], [-1.6140633382237866, 54.97189863708627], [-1.6141413726145402, 54.97185372257809], [-1.6142974413960474, 54.97185372257809], [-1.6144535101775546, 54.97176389356173], [-1.6146095789590618, 54.97176389356173], [-1.614765647740569, 54.97185372257809], [-1.6148436821313226, 54.97180880806991], [-1.6148436821313226, 54.97144949200447], [-1.614765647740569, 54.97140457749629], [-1.6146095789590618, 54.97140457749629], [-1.6144535101775546, 54.97149440651265], [-1.613985303833033, 54.97149440651265], [-1.6137512006607722, 54.97135966298811], [-1.6137512006607722, 54.971180004955386], [-1.6136731662700186, 54.971135090447206], [-1.6135170974885114, 54.971135090447206], [-1.6132829943162506, 54.971000346922665], [-1.6135170974885114, 54.970865603398124], [-1.6136731662700186, 54.970865603398124], [-1.6139072694422794, 54.97073085987358], [-1.6139072694422794, 54.97064103085722], [-1.6137512006607722, 54.97055120184086], [-1.6139072694422794, 54.9704613728245], [-1.6139072694422794, 54.97010205675906], [-1.6133610287070042, 54.9697876552018], [-1.613204959925497, 54.9697876552018], [-1.6125026504087145, 54.97019188577542], [-1.6127367535809753, 54.97032662929996], [-1.6128928223624825, 54.97032662929996], [-1.6129708567532361, 54.97037154380814], [-1.6129708567532361, 54.9704613728245], [-1.612814787971729, 54.97055120184086], [-1.612814787971729, 54.97064103085722], [-1.6127367535809753, 54.9706859453654], [-1.6125806847994681, 54.9706859453654], [-1.6123465816272073, 54.97055120184086], [-1.6125026504087145, 54.9704613728245], [-1.612424616017961, 54.97041645831632], [-1.6121124784549465, 54.97041645831632], [-1.612034444064193, 54.97037154380814], [-1.612034444064193, 54.97010205675906], [-1.6118783752826857, 54.9700122277427], [-1.6118783752826857, 54.96983256970998], [-1.6114101689381641, 54.9695630826609], [-1.6114101689381641, 54.96947325364454], [-1.6114882033289177, 54.96942833913636], [-1.611644272110425, 54.96951816815272], [-1.6118003408919321, 54.96942833913636], [-1.6119564096734393, 54.96942833913636], [-1.612034444064193, 54.96947325364454], [-1.612034444064193, 54.9695630826609], [-1.6122685472364537, 54.96969782618544], [-1.612424616017961, 54.96969782618544], [-1.6126587191902217, 54.9695630826609], [-1.6126587191902217, 54.96938342462818], [-1.612424616017961, 54.969248681103636], [-1.6122685472364537, 54.969248681103636], [-1.6121124784549465, 54.96933851012], [-1.6118003408919321, 54.96933851012], [-1.6117223065011785, 54.969293595611816], [-1.6117223065011785, 54.969203766595456], [-1.6114882033289177, 54.969069023070915], [-1.6113321345474105, 54.969069023070915], [-1.611254100156657, 54.969024108562735], [-1.611254100156657, 54.968934279546374], [-1.6113321345474105, 54.968889365038194], [-1.6114882033289177, 54.968889365038194], [-1.6115662377196713, 54.968844450530014], [-1.6115662377196713, 54.96866479249729], [-1.6118003408919321, 54.96853004897275], [-1.6121124784549465, 54.96853004897275], [-1.6121905128457001, 54.96848513446457], [-1.6121905128457001, 54.96839530544821], [-1.6122685472364537, 54.96835039094003], [-1.6125806847994681, 54.96835039094003], [-1.6126587191902217, 54.96839530544821], [-1.6126587191902217, 54.96848513446457], [-1.6123465816272073, 54.96866479249729], [-1.612424616017961, 54.96870970700547], [-1.6125806847994681, 54.96870970700547], [-1.612814787971729, 54.96857496348093], [-1.612814787971729, 54.96848513446457], [-1.6128928223624825, 54.96844021995639], [-1.6133610287070042, 54.96844021995639], [-1.6134390630977578, 54.96839530544821], [-1.6134390630977578, 54.96830547643185], [-1.6136731662700186, 54.96817073290731], [-1.6139072694422794, 54.96830547643185], [-1.6139072694422794, 54.96839530544821], [-1.6138292350515258, 54.96844021995639], [-1.6136731662700186, 54.96844021995639], [-1.6132829943162506, 54.96866479249729], [-1.6132829943162506, 54.968844450530014], [-1.6134390630977578, 54.968934279546374], [-1.6134390630977578, 54.969024108562735], [-1.6135170974885114, 54.969069023070915], [-1.6138292350515258, 54.969069023070915], [-1.6139072694422794, 54.969024108562735], [-1.6139072694422794, 54.968934279546374], [-1.6140633382237866, 54.968844450530014], [-1.6140633382237866, 54.96875462151365], [-1.6141413726145402, 54.96870970700547], [-1.6142974413960474, 54.96870970700547], [-1.6144535101775546, 54.968799536021834], [-1.6146095789590618, 54.968799536021834], [-1.6146876133498154, 54.96875462151365], [-1.6146876133498154, 54.96839530544821], [-1.6146095789590618, 54.96835039094003], [-1.6141413726145402, 54.96835039094003], [-1.6140633382237866, 54.96830547643185], [-1.6140633382237866, 54.96821564741549], [-1.6142194070052938, 54.96812581839913], [-1.6142194070052938, 54.96803598938277], [-1.6144535101775546, 54.96790124585823], [-1.6145315445683082, 54.96794616036641], [-1.6145315445683082, 54.96803598938277], [-1.6146876133498154, 54.96812581839913], [-1.6146876133498154, 54.96821564741549], [-1.614765647740569, 54.96826056192367], [-1.6152338540850906, 54.96826056192367], [-1.6153118884758442, 54.96830547643185], [-1.6153118884758442, 54.96848513446457], [-1.615545991648105, 54.96861987798911], [-1.6157020604296122, 54.96861987798911], [-1.6158581292111194, 54.96853004897275], [-1.616326335555641, 54.96853004897275], [-1.6164043699463946, 54.96848513446457], [-1.6164043699463946, 54.96839530544821], [-1.616326335555641, 54.96835039094003], [-1.6160141979926266, 54.96835039094003], [-1.615936163601873, 54.96830547643185], [-1.6160922323833802, 54.96821564741549], [-1.6160922323833802, 54.96794616036641], [-1.6161702667741338, 54.96790124585823], [-1.6164824043371482, 54.96790124585823], [-1.6166384731186554, 54.96781141684187], [-1.6167945419001626, 54.96781141684187], [-1.6168725762909162, 54.96776650233369], [-1.6168725762909162, 54.96767667331733], [-1.6169506106816698, 54.96763175880915], [-1.6174188170261914, 54.96763175880915], [-1.617496851416945, 54.96767667331733], [-1.617496851416945, 54.96785633135005], [-1.6178089889799594, 54.96803598938277], [-1.6178089889799594, 54.96821564741549], [-1.617887023370713, 54.96826056192367], [-1.6180430921522202, 54.96826056192367], [-1.6181211265429738, 54.96821564741549], [-1.6181211265429738, 54.96794616036641], [-1.618277195324481, 54.96785633135005], [-1.618277195324481, 54.96767667331733], [-1.6185112984967418, 54.96754192979279], [-1.618667367278249, 54.96754192979279], [-1.6187454016690026, 54.96749701528461], [-1.6187454016690026, 54.967137699219165], [-1.6188234360597562, 54.967092784710985], [-1.6189795048412634, 54.967092784710985], [-1.619057539232017, 54.967047870202805], [-1.619057539232017, 54.966958041186444], [-1.6191355736227706, 54.966913126678264], [-1.619447711185785, 54.966913126678264], [-1.6195257455765386, 54.966958041186444], [-1.6195257455765386, 54.967227528235526], [-1.619447711185785, 54.967272442743706], [-1.6191355736227706, 54.967272442743706], [-1.619057539232017, 54.967317357251886], [-1.6192136080135242, 54.96740718626825], [-1.6192136080135242, 54.96749701528461], [-1.619057539232017, 54.96758684430097], [-1.619057539232017, 54.96767667331733], [-1.6189014704505098, 54.96776650233369], [-1.6189795048412634, 54.96781141684187], [-1.6191355736227706, 54.96781141684187], [-1.6192916424042778, 54.96772158782551], [-1.619447711185785, 54.96772158782551], [-1.6197598487487994, 54.96754192979279], [-1.6199159175303066, 54.96754192979279], [-1.6200719863118138, 54.96763175880915], [-1.620228055093321, 54.96763175880915], [-1.6203060894840746, 54.96767667331733], [-1.6203060894840746, 54.96803598938277], [-1.6203841238748282, 54.96808090389095], [-1.6204621582655818, 54.96803598938277], [-1.6204621582655818, 54.96785633135005], [-1.6206962614378426, 54.96772158782551], [-1.621008399000857, 54.96790124585823], [-1.6211644677823642, 54.96790124585823], [-1.621398570954625, 54.96803598938277], [-1.621398570954625, 54.96812581839913]]], [[[-1.6181211265429738, 54.959322574795806], [-1.6181211265429738, 54.959412403812166], [-1.6181991609337274, 54.95945731832035], [-1.6188234360597562, 54.95945731832035], [-1.6191355736227706, 54.95963697635307], [-1.6192136080135242, 54.95968189086125], [-1.6192136080135242, 54.95995137791033], [-1.618667367278249, 54.96026577946759], [-1.6181991609337274, 54.96026577946759], [-1.6181211265429738, 54.96031069397577], [-1.6181211265429738, 54.96040052299213], [-1.6179650577614666, 54.96049035200849], [-1.6179650577614666, 54.96075983905757], [-1.617887023370713, 54.96080475356575], [-1.6175748858076986, 54.96080475356575], [-1.617496851416945, 54.96075983905757], [-1.617496851416945, 54.96067001004121], [-1.6174188170261914, 54.96062509553303], [-1.617106679463177, 54.96062509553303], [-1.6168725762909162, 54.96075983905757], [-1.6168725762909162, 54.960939497090294], [-1.6166384731186554, 54.961074240614835], [-1.6164043699463946, 54.960939497090294], [-1.6164043699463946, 54.96067001004121], [-1.6162483011648874, 54.96058018102485], [-1.6162483011648874, 54.96040052299213], [-1.6161702667741338, 54.96035560848395], [-1.6160141979926266, 54.96035560848395], [-1.6158581292111194, 54.96026577946759], [-1.615545991648105, 54.96026577946759], [-1.6149997509128298, 54.96058018102485], [-1.6149997509128298, 54.96067001004121], [-1.6149217165220762, 54.96071492454939], [-1.614765647740569, 54.96062509553303], [-1.6144535101775546, 54.96062509553303], [-1.6137512006607722, 54.961029326106654], [-1.6137512006607722, 54.961208984139375], [-1.6138292350515258, 54.961253898647556], [-1.613985303833033, 54.961164069631195], [-1.6141413726145402, 54.961164069631195], [-1.6142974413960474, 54.961074240614835], [-1.614765647740569, 54.961074240614835], [-1.6149997509128298, 54.961208984139375], [-1.6148436821313226, 54.961298813155736], [-1.6148436821313226, 54.961388642172096], [-1.6149997509128298, 54.96147847118846], [-1.6149997509128298, 54.96165812922118], [-1.6148436821313226, 54.96174795823754], [-1.6148436821313226, 54.96192761627026], [-1.614765647740569, 54.96197253077844], [-1.6138292350515258, 54.96197253077844], [-1.6137512006607722, 54.96192761627026], [-1.6137512006607722, 54.9618377872539], [-1.613595131879265, 54.96174795823754], [-1.613595131879265, 54.96165812922118], [-1.6135170974885114, 54.961613214713], [-1.6128928223624825, 54.961613214713], [-1.612814787971729, 54.96165812922118], [-1.612814787971729, 54.96174795823754], [-1.6126587191902217, 54.9618377872539], [-1.6126587191902217, 54.96201744528662], [-1.6125026504087145, 54.96210727430298], [-1.6125026504087145, 54.96219710331934], [-1.6123465816272073, 54.9622869323357], [-1.6123465816272073, 54.96246659036842], [-1.6122685472364537, 54.9625115048766], [-1.612034444064193, 54.96237676135206], [-1.612034444064193, 54.9622869323357], [-1.611644272110425, 54.9620623597948], [-1.6115662377196713, 54.96210727430298], [-1.6115662377196713, 54.96219710331934], [-1.6113321345474105, 54.96233184684388], [-1.6111760657659033, 54.96233184684388], [-1.6110199969843961, 54.96224201782752], [-1.6107078594213817, 54.96242167586024], [-1.6105517906398745, 54.96233184684388], [-1.6103957218583673, 54.96242167586024], [-1.6102396530768601, 54.96242167586024], [-1.6101616186861065, 54.96237676135206], [-1.6101616186861065, 54.96219710331934], [-1.6100055499045993, 54.96210727430298], [-1.6100055499045993, 54.9618377872539], [-1.6099275155138457, 54.96179287274572], [-1.6097714467323385, 54.96179287274572], [-1.6096153779508313, 54.96170304372936], [-1.609303240387817, 54.96170304372936], [-1.6090691372155561, 54.9618377872539], [-1.6090691372155561, 54.96210727430298], [-1.6092252059970633, 54.96219710331934], [-1.6092252059970633, 54.96237676135206], [-1.6093812747785705, 54.96246659036842], [-1.6093812747785705, 54.9627360774175], [-1.6095373435600777, 54.962825906433864], [-1.6090691372155561, 54.963095393482945], [-1.6090691372155561, 54.963185222499305], [-1.6089911028248025, 54.963230137007486], [-1.608522896480281, 54.963230137007486], [-1.6083668276987737, 54.963319966023846], [-1.6082107589172665, 54.963319966023846], [-1.6079766557450057, 54.96345470954839], [-1.6079766557450057, 54.96354453856475], [-1.6071963118374697, 54.96399368364655], [-1.6071963118374697, 54.96417334167927], [-1.6070402430559625, 54.96426317069563], [-1.6070402430559625, 54.96435299971199], [-1.607352380618977, 54.96453265774471], [-1.607352380618977, 54.96462248676107], [-1.6074304150097305, 54.96466740126925], [-1.607742552572745, 54.96466740126925], [-1.6079766557450057, 54.96453265774471], [-1.6079766557450057, 54.96408351266291], [-1.6080546901357593, 54.96403859815473], [-1.6083668276987737, 54.96403859815473], [-1.608678965261788, 54.96385894012201], [-1.6088350340432953, 54.96385894012201], [-1.6089911028248025, 54.96376911110565], [-1.609303240387817, 54.96376911110565], [-1.6093812747785705, 54.96381402561383], [-1.6093812747785705, 54.96390385463019], [-1.6101616186861065, 54.96435299971199], [-1.6101616186861065, 54.964981802826514], [-1.6100055499045993, 54.965071631842875], [-1.6100055499045993, 54.965161460859235], [-1.6099275155138457, 54.965206375367416], [-1.6094593091693241, 54.965206375367416], [-1.6093812747785705, 54.965251289875596], [-1.6093812747785705, 54.965341118891956], [-1.6095373435600777, 54.96543094790832], [-1.6095373435600777, 54.96596992200648], [-1.6094593091693241, 54.966026065141705], [-1.608620439468723, 54.96641906708828], [-1.608522896480281, 54.96647521022351], [-1.6073718892166653, 54.96758684430097], [-1.607352380618977, 54.96767667331733], [-1.6072743462282233, 54.96772158782551], [-1.606962208665209, 54.96781141684187], [-1.606864665676767, 54.96776650233369], [-1.606435476527622, 54.967317357251886], [-1.60633793353918, 54.96737350038711], [-1.6050308574940573, 54.96776650233369], [-1.6049333145056153, 54.967822645468914], [-1.604094444805014, 54.96821564741549], [-1.603996901816572, 54.968271790550716], [-1.6024362140015, 54.968271790550716], [-1.6022801452199928, 54.96826056192367], [-1.6022021108292392, 54.96821564741549], [-1.6022021108292392, 54.96812581839913], [-1.6021240764384856, 54.96808090389095], [-1.6018119388754712, 54.96808090389095], [-1.601655870093964, 54.96817073290731], [-1.6014998013124568, 54.96817073290731], [-1.6011876637494424, 54.96835039094003], [-1.6004073198419064, 54.96835039094003], [-1.6001732166696456, 54.96848513446457], [-1.6001732166696456, 54.96857496348093], [-1.5999391134973848, 54.96870970700547], [-1.5997830447158776, 54.96870970700547], [-1.599705010325124, 54.96875462151365], [-1.5998610791066312, 54.968844450530014], [-1.5998610791066312, 54.968934279546374], [-1.6000171478881384, 54.969024108562735], [-1.6000171478881384, 54.969113937579095], [-1.5999391134973848, 54.96917008071432], [-1.5983198998892476, 54.9695630826609], [-1.5982223569008056, 54.96961922579612], [-1.5951985242591036, 54.9700122277427], [-1.5951009812706616, 54.970068370877925], [-1.5926038807665464, 54.970068370877925], [-1.5924478119850392, 54.97005714225088], [-1.592291743203532, 54.97005714225088], [-1.5920576400312711, 54.96992239872634], [-1.5920576400312711, 54.969293595611816], [-1.592291743203532, 54.969158852087276], [-1.5927599495480536, 54.969158852087276], [-1.5928379839388072, 54.969113937579095], [-1.5928379839388072, 54.96875462151365], [-1.5927599495480536, 54.96870970700547], [-1.5924478119850392, 54.96870970700547], [-1.592291743203532, 54.968799536021834], [-1.591901571249764, 54.96857496348093], [-1.591901571249764, 54.96848513446457], [-1.5917455024682567, 54.96839530544821], [-1.5917455024682567, 54.96830547643185], [-1.5918235368590103, 54.96826056192367], [-1.5919796056405175, 54.96826056192367], [-1.5920576400312711, 54.96821564741549], [-1.5920576400312711, 54.96812581839913], [-1.592291743203532, 54.96799107487459], [-1.5924478119850392, 54.96799107487459], [-1.5926819151573, 54.96785633135005], [-1.5926819151573, 54.96776650233369], [-1.5927599495480536, 54.96772158782551], [-1.593072087111068, 54.96772158782551], [-1.593462259064836, 54.96749701528461], [-1.593462259064836, 54.96740718626825], [-1.5936963622370968, 54.967272442743706], [-1.5941645685816184, 54.967272442743706], [-1.594242602972372, 54.967227528235526], [-1.594242602972372, 54.967137699219165], [-1.5945547405353864, 54.966958041186444], [-1.5945547405353864, 54.96623940905556], [-1.59463277492614, 54.96619449454738], [-1.5951009812706616, 54.96646398159646], [-1.595413118833676, 54.96646398159646], [-1.5954911532244296, 54.96641906708828], [-1.5954911532244296, 54.96632923807192], [-1.5955691876151832, 54.96628432356374], [-1.5957252563966904, 54.96628432356374], [-1.595803290787444, 54.96623940905556], [-1.595803290787444, 54.96605975102284], [-1.5956472220059368, 54.96596992200648], [-1.5957252563966904, 54.9659250074983], [-1.5958813251781976, 54.9659250074983], [-1.5959593595689512, 54.96588009299012], [-1.5959593595689512, 54.96579026397376], [-1.5961154283504584, 54.9657004349574], [-1.5961154283504584, 54.96561060594104], [-1.5959593595689512, 54.96552077692468], [-1.5959593595689512, 54.965341118891956], [-1.5956472220059368, 54.965161460859235], [-1.5957252563966904, 54.965116546351055], [-1.5958813251781976, 54.965116546351055], [-1.5959593595689512, 54.965071631842875], [-1.5959593595689512, 54.964981802826514], [-1.5960373939597048, 54.964936888318334], [-1.5963495315227192, 54.964936888318334], [-1.59658363469498, 54.965071631842875], [-1.59658363469498, 54.96543094790832], [-1.5965056003042264, 54.9654758624165], [-1.5963495315227192, 54.9654758624165], [-1.5962714971319656, 54.96552077692468], [-1.5962714971319656, 54.96561060594104], [-1.5963495315227192, 54.96565552044922], [-1.5968177378672408, 54.96565552044922], [-1.596973806648748, 54.96556569143286], [-1.5972859442117624, 54.96556569143286], [-1.5976761161655304, 54.965341118891956], [-1.5976761161655304, 54.965071631842875], [-1.5975200473840232, 54.964981802826514], [-1.5975200473840232, 54.964891973810154], [-1.597363978602516, 54.964802144793794], [-1.597363978602516, 54.96471231577743], [-1.5972079098210088, 54.96462248676107], [-1.5972079098210088, 54.96435299971199], [-1.597363978602516, 54.96426317069563], [-1.597363978602516, 54.96417334167927], [-1.5975200473840232, 54.96408351266291], [-1.5975200473840232, 54.96390385463019], [-1.5976761161655304, 54.96381402561383], [-1.5976761161655304, 54.96372419659747], [-1.597754150556284, 54.96367928208929], [-1.5980662881192984, 54.96367928208929], [-1.598144322510052, 54.96363436758111], [-1.598144322510052, 54.96345470954839], [-1.5983003912915592, 54.963364880532026], [-1.5983003912915592, 54.962915735450224], [-1.598144322510052, 54.962825906433864], [-1.598144322510052, 54.9627360774175], [-1.5982223569008056, 54.96269116290932], [-1.5983784256823128, 54.96278099192568], [-1.5984564600730664, 54.9627360774175], [-1.5984564600730664, 54.96237676135206], [-1.5983784256823128, 54.96233184684388], [-1.598144322510052, 54.96246659036842], [-1.598144322510052, 54.96255641938478], [-1.5978321849470376, 54.9627360774175], [-1.5978321849470376, 54.962825906433864], [-1.597754150556284, 54.962870820942044], [-1.5974420129932696, 54.962870820942044], [-1.597363978602516, 54.962915735450224], [-1.597363978602516, 54.963185222499305], [-1.5972859442117624, 54.963230137007486], [-1.5971298754302552, 54.963140307991125], [-1.596973806648748, 54.963140307991125], [-1.5968177378672408, 54.963050478974765], [-1.5965056003042264, 54.963230137007486], [-1.5963495315227192, 54.963230137007486], [-1.596193462741212, 54.963319966023846], [-1.5955691876151832, 54.963319966023846], [-1.5953350844429224, 54.963185222499305], [-1.5953350844429224, 54.963095393482945], [-1.595803290787444, 54.962825906433864], [-1.5957252563966904, 54.96278099192568], [-1.5955691876151832, 54.96278099192568], [-1.5954911532244296, 54.9627360774175], [-1.5954911532244296, 54.96255641938478], [-1.5955691876151832, 54.9625115048766], [-1.5957252563966904, 54.9625115048766], [-1.595803290787444, 54.96246659036842], [-1.5956472220059368, 54.96237676135206], [-1.5956472220059368, 54.9622869323357], [-1.595413118833676, 54.96215218881116], [-1.5952570500521688, 54.96215218881116], [-1.5948668780984008, 54.96192761627026], [-1.595022946879908, 54.9618377872539], [-1.595022946879908, 54.96165812922118], [-1.5951790156614152, 54.96156830020482], [-1.5951790156614152, 54.96147847118846], [-1.5953350844429224, 54.961388642172096], [-1.5953350844429224, 54.961298813155736], [-1.5954911532244296, 54.961208984139375], [-1.5954911532244296, 54.960939497090294], [-1.5956472220059368, 54.960849668073934], [-1.5956472220059368, 54.96075983905757], [-1.5953350844429224, 54.96058018102485], [-1.5953350844429224, 54.96049035200849], [-1.5951790156614152, 54.96040052299213], [-1.5951790156614152, 54.96013103594305], [-1.5953350844429224, 54.96004120692669], [-1.5953350844429224, 54.95968189086125], [-1.5954911532244296, 54.95959206184489], [-1.5954911532244296, 54.959232745779445], [-1.5952570500521688, 54.959098002254905], [-1.5949449124891544, 54.959098002254905], [-1.5947108093168936, 54.959232745779445], [-1.5947108093168936, 54.959322574795806], [-1.5945547405353864, 54.959412403812166], [-1.5945547405353864, 54.95977171987761], [-1.5944767061446328, 54.95981663438579], [-1.5941645685816184, 54.95981663438579], [-1.5940084998001112, 54.95990646340215], [-1.5936963622370968, 54.95990646340215], [-1.5935402934555896, 54.95999629241851], [-1.5933061902833288, 54.95986154889397], [-1.5933061902833288, 54.95959206184489], [-1.5931501215018216, 54.95950223282853], [-1.5931501215018216, 54.959322574795806], [-1.5933061902833288, 54.959232745779445], [-1.5932281558925752, 54.959187831271265], [-1.593072087111068, 54.959187831271265], [-1.5929160183295608, 54.959098002254905], [-1.5927599495480536, 54.959098002254905], [-1.5924478119850392, 54.959277660287626], [-1.5921356744220247, 54.959277660287626], [-1.5919796056405175, 54.959187831271265], [-1.5916674680775031, 54.959187831271265], [-1.591511399295996, 54.959277660287626], [-1.5914333649052423, 54.959232745779445], [-1.5914333649052423, 54.959142916763085], [-1.5912772961237351, 54.959053087746724], [-1.5912772961237351, 54.958963258730364], [-1.591121227342228, 54.958873429714004], [-1.591121227342228, 54.95878360069764], [-1.5910431929514743, 54.95873868618946], [-1.5905749866069527, 54.95873868618946], [-1.5904189178254455, 54.95882851520582], [-1.5902628490439383, 54.95882851520582], [-1.5901067802624311, 54.95873868618946], [-1.589950711480924, 54.95873868618946], [-1.5896385739179095, 54.95855902815674], [-1.5894044707456487, 54.95869377168128], [-1.5894044707456487, 54.958873429714004], [-1.5892484019641415, 54.958963258730364], [-1.5892484019641415, 54.959053087746724], [-1.5889362644011271, 54.959232745779445], [-1.5889362644011271, 54.95950223282853], [-1.5888582300103735, 54.95954714733671], [-1.5887021612288663, 54.95945731832035], [-1.5886241268381127, 54.95950223282853], [-1.5886241268381127, 54.95959206184489], [-1.5885460924473591, 54.95963697635307], [-1.588390023665852, 54.95963697635307], [-1.5883119892750983, 54.95968189086125], [-1.5883119892750983, 54.95977171987761], [-1.5882339548843447, 54.95981663438579], [-1.5879218173213303, 54.95981663438579], [-1.587765748539823, 54.95990646340215], [-1.5875316453675623, 54.95977171987761], [-1.5875316453675623, 54.95968189086125], [-1.5878437829305767, 54.95950223282853], [-1.587765748539823, 54.95945731832035], [-1.5874536109768087, 54.95945731832035], [-1.587375576586055, 54.959412403812166], [-1.587375576586055, 54.959322574795806], [-1.587219507804548, 54.959232745779445], [-1.587219507804548, 54.959142916763085], [-1.587375576586055, 54.959053087746724], [-1.587375576586055, 54.95869377168128], [-1.5872975421953015, 54.9586488571731], [-1.5871414734137943, 54.9586488571731], [-1.5870634390230407, 54.95860394266492], [-1.5870634390230407, 54.95851411364856], [-1.5871414734137943, 54.95846919914038], [-1.5872975421953015, 54.95846919914038], [-1.5874536109768087, 54.95837937012402], [-1.587609679758316, 54.95837937012402], [-1.5878437829305767, 54.95824462659948], [-1.5878437829305767, 54.95788531053404], [-1.587765748539823, 54.95784039602586], [-1.587609679758316, 54.95784039602586], [-1.5875316453675623, 54.95779548151768], [-1.5875316453675623, 54.95770565250132], [-1.587219507804548, 54.9575259944686], [-1.587219507804548, 54.957166678403155], [-1.5870634390230407, 54.957076849386794], [-1.5870634390230407, 54.956897191354074], [-1.586985404632287, 54.95685227684589], [-1.5866732670692727, 54.95685227684589], [-1.5865171982877655, 54.956942105862254], [-1.5858929231617367, 54.95658278979681], [-1.5857368543802295, 54.95667261881317], [-1.5855807855987223, 54.95667261881317], [-1.5848004416911863, 54.957121763894975], [-1.584644372909679, 54.957121763894975], [-1.5841761665651575, 54.95685227684589], [-1.5840200977836503, 54.956942105862254], [-1.5837079602206359, 54.956942105862254], [-1.5836299258298823, 54.956897191354074], [-1.5836299258298823, 54.95662770430499], [-1.5837859946113895, 54.95653787528863], [-1.5837859946113895, 54.95644804627227], [-1.5837079602206359, 54.95640313176409], [-1.5835518914391287, 54.95640313176409], [-1.583473857048375, 54.95635821725591], [-1.583473857048375, 54.95626838823955], [-1.5833958226576215, 54.95622347373137], [-1.583083685094607, 54.95622347373137], [-1.5830056507038535, 54.95617855922319], [-1.5830056507038535, 54.95590907217411], [-1.5831617194853607, 54.95581924315775], [-1.5831617194853607, 54.95572941414139], [-1.583083685094607, 54.95568449963321], [-1.5826154787500855, 54.95568449963321], [-1.5825374443593319, 54.95563958512503], [-1.5825374443593319, 54.955100611026864], [-1.5824594099685783, 54.955055696518684], [-1.5821472724055639, 54.955055696518684], [-1.5820692380148103, 54.955100611026864], [-1.5820692380148103, 54.955190440043225], [-1.5822253067963175, 54.955280269059585], [-1.5820692380148103, 54.955370098075946], [-1.5820692380148103, 54.955459927092306], [-1.5819912036240567, 54.95550484160049], [-1.5816790660610422, 54.95550484160049], [-1.581522997279535, 54.95559467061685], [-1.5813669284980278, 54.95559467061685], [-1.5812888941072742, 54.95563958512503], [-1.5812888941072742, 54.95572941414139], [-1.5812108597165206, 54.95577432864957], [-1.581132825325767, 54.95572941414139], [-1.581132825325767, 54.95563958512503], [-1.5810547909350134, 54.95559467061685], [-1.5808987221535062, 54.95559467061685], [-1.5808206877627526, 54.95554975610867], [-1.5808206877627526, 54.955370098075946], [-1.5805865845904918, 54.955235354551405], [-1.5804305158089846, 54.955235354551405], [-1.5802744470274774, 54.955325183567766], [-1.5801183782459702, 54.955325183567766], [-1.579962309464463, 54.955415012584126], [-1.5798842750737094, 54.955370098075946], [-1.5798842750737094, 54.955280269059585], [-1.5797282062922022, 54.955190440043225], [-1.5797282062922022, 54.955100611026864], [-1.5796501719014486, 54.955055696518684], [-1.5794941031199414, 54.955055696518684], [-1.5790258967754198, 54.955325183567766], [-1.578791793603159, 54.955190440043225], [-1.578791793603159, 54.955100611026864], [-1.578401621649391, 54.95487603848596], [-1.5782455528678838, 54.95487603848596], [-1.5780894840863766, 54.954965867502324], [-1.5779334153048694, 54.954965867502324], [-1.5778553809141158, 54.954920952994144], [-1.5778553809141158, 54.95483112397778], [-1.577621277741855, 54.95469638045324], [-1.5774652089603478, 54.95469638045324], [-1.577231105788087, 54.95483112397778], [-1.577231105788087, 54.954920952994144], [-1.5769970026158262, 54.955055696518684], [-1.576840933834319, 54.955055696518684], [-1.5766848650528118, 54.955145525535045], [-1.5765287962713046, 54.955055696518684], [-1.5763727274897974, 54.955055696518684], [-1.5761386243175366, 54.954920952994144], [-1.5761386243175366, 54.95465146594506], [-1.5762166587082902, 54.95460655143688], [-1.5763727274897974, 54.95460655143688], [-1.576450761880551, 54.9545616369287], [-1.5762946930990438, 54.95447180791234], [-1.576450761880551, 54.95438197889598], [-1.5763727274897974, 54.9543370643878], [-1.5754363148007542, 54.9543370643878], [-1.5749681084562326, 54.95460655143688], [-1.5746559708932182, 54.95460655143688], [-1.5744218677209574, 54.95447180791234], [-1.5744218677209574, 54.95438197889598], [-1.5742657989394502, 54.95429214987962], [-1.5742657989394502, 54.95420232086326], [-1.574109730157943, 54.9541124918469], [-1.574109730157943, 54.95402266283054], [-1.5739536613764358, 54.95393283381418], [-1.5739536613764358, 54.953214201683295], [-1.5737975925949286, 54.953124372666935], [-1.5737975925949286, 54.95267522758513], [-1.5738756269856822, 54.95263031307695], [-1.5740316957671894, 54.95263031307695], [-1.5743438333302038, 54.95245065504423], [-1.5754363148007542, 54.95245065504423], [-1.5755143491915078, 54.95249556955241], [-1.5755143491915078, 54.95267522758513], [-1.575670417973015, 54.95276505660149], [-1.575670417973015, 54.953214201683295], [-1.5758264867545222, 54.953304030699655], [-1.5758264867545222, 54.953393859716016], [-1.576060589926783, 54.95352860324056], [-1.5765287962713046, 54.95352860324056], [-1.5767628994435654, 54.953393859716016], [-1.5767628994435654, 54.953304030699655], [-1.5769189682250726, 54.953214201683295], [-1.5769189682250726, 54.953034543650574], [-1.5769970026158262, 54.952989629142394], [-1.5771530713973334, 54.952989629142394], [-1.5773091401788406, 54.95289980012603], [-1.5777773465233622, 54.95289980012603], [-1.5780894840863766, 54.953079458158754], [-1.5781675184771302, 54.953034543650574], [-1.5781675184771302, 54.95258539856877], [-1.5782455528678838, 54.95254048406059], [-1.5788698279939126, 54.95254048406059], [-1.5790258967754198, 54.95245065504423], [-1.5793380343384342, 54.95245065504423], [-1.5794941031199414, 54.95254048406059], [-1.5796501719014486, 54.95254048406059], [-1.5798062406829558, 54.95263031307695], [-1.5802744470274774, 54.95263031307695], [-1.5804305158089846, 54.95272014209331], [-1.5805865845904918, 54.95272014209331], [-1.5808206877627526, 54.95285488561785], [-1.5808206877627526, 54.952944714634214], [-1.5808987221535062, 54.952989629142394], [-1.5812108597165206, 54.952989629142394], [-1.5812888941072742, 54.953034543650574], [-1.5812888941072742, 54.953483688732376], [-1.5814449628887814, 54.95357351774874], [-1.5814449628887814, 54.95393283381418], [-1.581522997279535, 54.95397774832236], [-1.5818351348425495, 54.95397774832236], [-1.5819912036240567, 54.953887919306], [-1.582303341187071, 54.953887919306], [-1.5823813755778247, 54.95393283381418], [-1.5823813755778247, 54.95429214987962], [-1.5824594099685783, 54.9543370643878], [-1.5825374443593319, 54.95429214987962], [-1.5825374443593319, 54.95420232086326], [-1.5826154787500855, 54.95415740635508], [-1.582693513140839, 54.95420232086326], [-1.582693513140839, 54.95429214987962], [-1.5825374443593319, 54.95438197889598], [-1.5825374443593319, 54.9545616369287], [-1.5826154787500855, 54.95460655143688], [-1.5827715475315927, 54.95460655143688], [-1.5831617194853607, 54.95438197889598], [-1.5831617194853607, 54.9541124918469], [-1.583083685094607, 54.95406757733872], [-1.5827715475315927, 54.95406757733872], [-1.582693513140839, 54.95402266283054], [-1.582693513140839, 54.95393283381418], [-1.5825374443593319, 54.95384300479782], [-1.5826154787500855, 54.95379809028964], [-1.583083685094607, 54.95379809028964], [-1.5832397538761143, 54.953887919306], [-1.5833177882668679, 54.95384300479782], [-1.5833177882668679, 54.95375317578146], [-1.5835518914391287, 54.95361843225692], [-1.583864029002143, 54.95361843225692], [-1.5840200977836503, 54.95370826127328], [-1.5841761665651575, 54.95370826127328], [-1.5844102697374183, 54.95357351774874], [-1.5844102697374183, 54.953483688732376], [-1.5847224073004327, 54.953304030699655], [-1.5847224073004327, 54.953214201683295], [-1.5849565104726935, 54.953079458158754], [-1.5852686480357079, 54.953079458158754], [-1.5853466824264615, 54.953124372666935], [-1.5853466824264615, 54.953214201683295], [-1.585424716817215, 54.953259116191475], [-1.5857368543802295, 54.953259116191475], [-1.585814888770983, 54.953214201683295], [-1.585814888770983, 54.953034543650574], [-1.5858929231617367, 54.952989629142394], [-1.586205060724751, 54.952989629142394], [-1.5862830951155047, 54.952944714634214], [-1.5862830951155047, 54.95285488561785], [-1.5863611295062583, 54.95280997110967], [-1.5866732670692727, 54.95280997110967], [-1.58682933585078, 54.95272014209331], [-1.5869073702415335, 54.95276505660149], [-1.5869073702415335, 54.952944714634214], [-1.5870634390230407, 54.953034543650574], [-1.5870634390230407, 54.953124372666935], [-1.587609679758316, 54.953438774224196], [-1.5880778861028375, 54.953438774224196], [-1.5882339548843447, 54.953348945207836], [-1.5885460924473591, 54.953348945207836], [-1.5887021612288663, 54.953438774224196], [-1.5890142987918807, 54.953438774224196], [-1.5890923331826343, 54.953483688732376], [-1.5890923331826343, 54.95375317578146], [-1.5889362644011271, 54.95384300479782], [-1.5889362644011271, 54.95402266283054], [-1.58878019561962, 54.9541124918469], [-1.58878019561962, 54.95438197889598], [-1.5884680580566055, 54.9545616369287], [-1.5885460924473591, 54.95460655143688], [-1.5890142987918807, 54.95460655143688], [-1.5890923331826343, 54.95465146594506], [-1.5890923331826343, 54.954920952994144], [-1.5892484019641415, 54.955010782010504], [-1.5892484019641415, 54.955100611026864], [-1.589170367573388, 54.955145525535045], [-1.5887021612288663, 54.955145525535045], [-1.5885460924473591, 54.955055696518684], [-1.5884680580566055, 54.955100611026864], [-1.5884680580566055, 54.955459927092306], [-1.5885460924473591, 54.95550484160049], [-1.5887021612288663, 54.955415012584126], [-1.5888582300103735, 54.955415012584126], [-1.5890142987918807, 54.955325183567766], [-1.589170367573388, 54.955415012584126], [-1.5893264363548951, 54.955415012584126], [-1.5894825051364023, 54.95550484160049], [-1.589560539527156, 54.955459927092306], [-1.589560539527156, 54.955370098075946], [-1.5897166083086631, 54.955280269059585], [-1.5897166083086631, 54.955100611026864], [-1.5897946426994167, 54.955055696518684], [-1.5901067802624311, 54.955055696518684], [-1.5901848146531847, 54.955010782010504], [-1.5901848146531847, 54.954920952994144], [-1.5901067802624311, 54.95487603848596], [-1.5897946426994167, 54.95487603848596], [-1.5897166083086631, 54.95483112397778], [-1.5897166083086631, 54.9545616369287], [-1.589950711480924, 54.95442689340416], [-1.5901067802624311, 54.95442689340416], [-1.5902628490439383, 54.95451672242052], [-1.590340883434692, 54.95447180791234], [-1.590340883434692, 54.95438197889598], [-1.5905749866069527, 54.95424723537144], [-1.5906530209977063, 54.95429214987962], [-1.5906530209977063, 54.95447180791234], [-1.5908090897792135, 54.9545616369287], [-1.5908090897792135, 54.954920952994144], [-1.5906530209977063, 54.955010782010504], [-1.5906530209977063, 54.955100611026864], [-1.59073105538846, 54.955145525535045], [-1.5910431929514743, 54.955145525535045], [-1.5911992617329815, 54.955235354551405], [-1.5912772961237351, 54.955190440043225], [-1.5912772961237351, 54.955010782010504], [-1.5913553305144887, 54.954965867502324], [-1.5916674680775031, 54.954965867502324], [-1.5919796056405175, 54.9547862094696], [-1.5920576400312711, 54.95483112397778], [-1.5920576400312711, 54.954920952994144], [-1.5921356744220247, 54.954965867502324], [-1.5924478119850392, 54.954965867502324], [-1.5926038807665464, 54.95487603848596], [-1.5927599495480536, 54.954965867502324], [-1.5929160183295608, 54.954965867502324], [-1.5929940527203144, 54.955010782010504], [-1.5929940527203144, 54.955370098075946], [-1.5931501215018216, 54.955459927092306], [-1.5931501215018216, 54.95554975610867], [-1.5932281558925752, 54.95559467061685], [-1.5935402934555896, 54.95559467061685], [-1.5940084998001112, 54.955325183567766], [-1.5940865341908648, 54.955370098075946], [-1.5940865341908648, 54.955459927092306], [-1.594242602972372, 54.95554975610867], [-1.594242602972372, 54.95572941414139], [-1.5943986717538792, 54.95581924315775], [-1.5943986717538792, 54.95626838823955], [-1.5945547405353864, 54.95635821725591], [-1.5945547405353864, 54.95653787528863], [-1.59463277492614, 54.95658278979681], [-1.595413118833676, 54.95658278979681], [-1.5955691876151832, 54.95649296078045], [-1.5957252563966904, 54.95649296078045], [-1.595803290787444, 54.95644804627227], [-1.595803290787444, 54.95617855922319], [-1.5958813251781976, 54.95613364471501], [-1.596193462741212, 54.95631330274773], [-1.5963495315227192, 54.95622347373137], [-1.5966616690857336, 54.95622347373137], [-1.5967397034764872, 54.95617855922319], [-1.5967397034764872, 54.95608873020683], [-1.5968177378672408, 54.95604381569865], [-1.5971298754302552, 54.95604381569865], [-1.597363978602516, 54.95590907217411], [-1.597363978602516, 54.95554975610867], [-1.5972079098210088, 54.955459927092306], [-1.5972079098210088, 54.955190440043225], [-1.5970518410395016, 54.955100611026864], [-1.5970518410395016, 54.955010782010504], [-1.5968957722579944, 54.954920952994144], [-1.5968957722579944, 54.95483112397778], [-1.5967397034764872, 54.95474129496142], [-1.5968957722579944, 54.95465146594506], [-1.5968957722579944, 54.95438197889598], [-1.5971298754302552, 54.95424723537144], [-1.5972859442117624, 54.95424723537144], [-1.597363978602516, 54.95429214987962], [-1.597363978602516, 54.95438197889598], [-1.5975980817747768, 54.95451672242052], [-1.597754150556284, 54.95451672242052], [-1.5979882537285448, 54.95438197889598], [-1.5979882537285448, 54.95429214987962], [-1.5980662881192984, 54.95424723537144], [-1.5983003912915592, 54.95438197889598], [-1.5983003912915592, 54.95447180791234], [-1.5983784256823128, 54.95451672242052], [-1.5984564600730664, 54.95447180791234], [-1.5984564600730664, 54.95384300479782], [-1.59853449446382, 54.95379809028964], [-1.5986905632453272, 54.95379809028964], [-1.5987685976360808, 54.95375317578146], [-1.5984564600730664, 54.95357351774874], [-1.5986125288545736, 54.953483688732376], [-1.5986125288545736, 54.953393859716016], [-1.5988466320268344, 54.953259116191475], [-1.5991587695898488, 54.953259116191475], [-1.5992368039806024, 54.953304030699655], [-1.5992368039806024, 54.95357351774874], [-1.599314838371356, 54.95361843225692], [-1.5993928727621096, 54.95357351774874], [-1.5993928727621096, 54.953483688732376], [-1.5994709071528632, 54.953438774224196], [-1.5996269759343704, 54.953438774224196], [-1.5997830447158776, 54.953348945207836], [-1.5999391134973848, 54.953348945207836], [-1.600095182278892, 54.953259116191475], [-1.6002512510603992, 54.953259116191475], [-1.6005633886234136, 54.953438774224196], [-1.6007194574049208, 54.953438774224196], [-1.6007974917956744, 54.953483688732376], [-1.6007974917956744, 54.95357351774874], [-1.6011876637494424, 54.95379809028964], [-1.6014998013124568, 54.95379809028964], [-1.6015778357032104, 54.95384300479782], [-1.6015778357032104, 54.95393283381418], [-1.6014217669217032, 54.95402266283054], [-1.6014217669217032, 54.95420232086326], [-1.601265698140196, 54.95429214987962], [-1.601265698140196, 54.954920952994144], [-1.6007974917956744, 54.955190440043225], [-1.6011096293586888, 54.955370098075946], [-1.6011096293586888, 54.95554975610867], [-1.6007974917956744, 54.95572941414139], [-1.600875526186428, 54.95577432864957], [-1.6010315949679352, 54.95577432864957], [-1.6011096293586888, 54.95581924315775], [-1.6011096293586888, 54.95599890119047], [-1.6015778357032104, 54.95626838823955], [-1.6015778357032104, 54.95635821725591], [-1.6017339044847176, 54.95644804627227], [-1.6017339044847176, 54.95653787528863], [-1.6018119388754712, 54.95658278979681], [-1.6021240764384856, 54.95658278979681], [-1.6022801452199928, 54.95667261881317], [-1.6024362140015, 54.95667261881317], [-1.6025142483922536, 54.95662770430499], [-1.6025142483922536, 54.95653787528863], [-1.6023581796107464, 54.95644804627227], [-1.6023581796107464, 54.95617855922319], [-1.6024362140015, 54.95613364471501], [-1.6025922827830072, 54.95613364471501], [-1.6027483515645145, 54.95604381569865], [-1.6030604891275289, 54.95604381569865], [-1.6033726266905433, 54.95586415766593], [-1.6036847642535577, 54.95586415766593], [-1.6037627986443113, 54.95590907217411], [-1.6037627986443113, 54.95599890119047], [-1.6038408330350649, 54.95604381569865], [-1.603996901816572, 54.95595398668229], [-1.6040749362073257, 54.95599890119047], [-1.6040749362073257, 54.95626838823955], [-1.6046211769426009, 54.95658278979681], [-1.6050893832871225, 54.95658278979681], [-1.6054015208501369, 54.95640313176409], [-1.6054795552408905, 54.95644804627227], [-1.6054795552408905, 54.95653787528863], [-1.605557589631644, 54.95658278979681], [-1.6057136584131513, 54.95658278979681], [-1.6058697271946585, 54.95649296078045], [-1.6060257959761657, 54.95649296078045], [-1.6061038303669193, 54.95644804627227], [-1.6061038303669193, 54.95635821725591], [-1.6061818647576729, 54.95631330274773], [-1.6064940023206873, 54.95649296078045], [-1.6066500711021945, 54.95640313176409], [-1.6068841742744553, 54.95653787528863], [-1.6065720367114409, 54.95671753332135], [-1.6068061398837017, 54.95685227684589], [-1.606962208665209, 54.95676244782953], [-1.6072743462282233, 54.95676244782953], [-1.607508449400484, 54.956897191354074], [-1.607508449400484, 54.956987020370434], [-1.6075864837912377, 54.957031934878614], [-1.6083668276987737, 54.957031934878614], [-1.6086009308710345, 54.956897191354074], [-1.6084448620895273, 54.95680736233771], [-1.6084448620895273, 54.95671753332135], [-1.608522896480281, 54.95667261881317], [-1.6086009308710345, 54.95671753332135], [-1.6086009308710345, 54.95680736233771], [-1.608678965261788, 54.95685227684589], [-1.6088350340432953, 54.95685227684589], [-1.6089911028248025, 54.956942105862254], [-1.609303240387817, 54.956942105862254], [-1.6094593091693241, 54.95685227684589], [-1.6097714467323385, 54.95685227684589], [-1.6098494811230921, 54.956897191354074], [-1.6098494811230921, 54.956987020370434], [-1.6099275155138457, 54.957031934878614], [-1.610083584295353, 54.957031934878614], [-1.6101616186861065, 54.957076849386794], [-1.6101616186861065, 54.957166678403155], [-1.6102396530768601, 54.957211592911335], [-1.6106298250306281, 54.956987020370434], [-1.6106298250306281, 54.956897191354074], [-1.6107858938121353, 54.95680736233771], [-1.6107858938121353, 54.95671753332135], [-1.610863928202889, 54.95667261881317], [-1.6118003408919321, 54.95667261881317], [-1.6119564096734393, 54.95658278979681], [-1.6121124784549465, 54.95658278979681], [-1.6122685472364537, 54.95667261881317], [-1.612424616017961, 54.95667261881317], [-1.6126587191902217, 54.95680736233771], [-1.6126587191902217, 54.956987020370434], [-1.612814787971729, 54.957076849386794], [-1.612814787971729, 54.957166678403155], [-1.6129708567532361, 54.957256507419515], [-1.6129708567532361, 54.957436165452236], [-1.6131269255347433, 54.9575259944686], [-1.6131269255347433, 54.95761582348496], [-1.6129708567532361, 54.95770565250132], [-1.6129708567532361, 54.9579751395504], [-1.612814787971729, 54.95806496856676], [-1.612814787971729, 54.95833445561584], [-1.6128928223624825, 54.95837937012402], [-1.6130488911439897, 54.95828954110766], [-1.613204959925497, 54.95828954110766], [-1.6136731662700186, 54.95802005405858], [-1.6138292350515258, 54.95802005405858], [-1.6139072694422794, 54.9579751395504], [-1.6139072694422794, 54.95788531053404], [-1.6142974413960474, 54.95766073799314], [-1.6146095789590618, 54.95766073799314], [-1.6149997509128298, 54.95788531053404], [-1.6149997509128298, 54.95824462659948], [-1.615155819694337, 54.95833445561584], [-1.615155819694337, 54.95860394266492], [-1.6153118884758442, 54.95869377168128], [-1.6153118884758442, 54.958873429714004], [-1.6153899228665978, 54.958918344222184], [-1.6158581292111194, 54.958918344222184], [-1.615936163601873, 54.958873429714004], [-1.615936163601873, 54.95878360069764], [-1.6160922323833802, 54.95869377168128], [-1.6160922323833802, 54.95860394266492], [-1.6157800948203658, 54.9584242846322], [-1.6157800948203658, 54.95833445561584], [-1.6158581292111194, 54.95828954110766], [-1.6160141979926266, 54.95828954110766], [-1.6162483011648874, 54.9584242846322], [-1.6162483011648874, 54.95851411364856], [-1.616326335555641, 54.95855902815674], [-1.6164824043371482, 54.95855902815674], [-1.6168725762909162, 54.95878360069764], [-1.6168725762909162, 54.958873429714004], [-1.6169506106816698, 54.958918344222184], [-1.617106679463177, 54.95882851520582], [-1.6174188170261914, 54.95882851520582], [-1.617496851416945, 54.958873429714004], [-1.617496851416945, 54.958963258730364], [-1.6176529201984522, 54.959053087746724], [-1.6176529201984522, 54.959142916763085], [-1.6177309545892058, 54.959187831271265], [-1.617887023370713, 54.959187831271265], [-1.6181211265429738, 54.959322574795806]]]]}}]}