{"type": "FeatureCollection", "features": [{"type": "Feature", "properties": {"band_id": "over_60", "order": 0}, "geometry": {"type": "MultiPolygon", "coordinates": [[[[-1.969352804384158, 54.94435928930179], [-1.965291554891808, 54.94980279573842], [-1.965102445683988, 54.95003007108622], [-1.959144047677785, 54.95630672774041], [-1.95909008697066, 54.95785030877818], [-1.959088434104275, 54.95786551051511], [-1.957874141470778, 54.96433835663971], [-1.955652341305184, 54.97072208281634], [-1.952440589741353, 54.97696488513139], [-1.952428143446584, 54.976985597252], [-1.948621512618619, 54.98256010869368], [-1.944024659971256, 54.98793415824276], [-1.938668885204633, 54.993070792734876], [-1.938642219587574, 54.99309411562883], [-1.938041866714362, 54.993562625308186], [-1.937312068261724, 54.99467874192255], [-1.937183668679327, 54.994850363360044], [-1.931841751697192, 55.00113334313732], [-1.929176452758036, 55.00362415552661], [-1.928709719615535, 55.00436625918139], [-1.923185279044071, 55.01096811917082], [-1.916524935858073, 55.01721449670693], [-1.908796731826823, 55.023041099954895], [-1.900079802061568, 55.028387930874864], [-1.890463570631138, 55.03319990900059], [-1.888265741986245, 55.0340920260593], [-1.884002430339719, 55.03908718041298], [-1.877672712275104, 55.044992238552325], [-1.870385138184011, 55.050521569933046], [-1.864612279658536, 55.0541234336442], [-1.863829324697496, 55.055201974517935], [-1.857808616106178, 55.061596760561905], [-1.850697732854412, 55.06761187044578], [-1.842568279706775, 55.073186334977365], [-1.838485960179797, 55.07547282893504], [-1.838353655123285, 55.076230969765824], [-1.835953450892227, 55.08312659200845], [-1.832395999998103, 55.08985576113678], [-1.827714425763689, 55.0963547394274], [-1.821952559210344, 55.10256193928863], [-1.815164541426648, 55.1084185104419], [-1.807414324912833, 55.11386890206159], [-1.799238496647234, 55.11859363895369], [-1.796822681136139, 55.120235051744174], [-1.787967903119299, 55.12517543853256], [-1.778310090547728, 55.129594956117714], [-1.767942037584924, 55.1334510280518], [-1.756963471364132, 55.136706494646084], [-1.745480085280567, 55.1393299758823], [-1.7444379008375108, 55.139502498097904], [-1.7444379008375108, 55.137018168345094], [-1.7438201820477843, 55.13665882672649], [-1.7413493068888783, 55.13665882672649], [-1.7407315880991518, 55.136299485107884], [-1.7425847444683313, 55.13522146025207], [-1.7438201820477843, 55.13522146025207], [-1.7450556196272373, 55.13450277701486], [-1.7462910572066903, 55.13450277701486], [-1.7475264947861433, 55.13378409377765], [-1.7487619323655963, 55.13450277701486], [-1.7512328075245023, 55.13306541054044], [-1.7524682451039553, 55.13306541054044], [-1.7543214014731348, 55.131987385684624], [-1.7543214014731348, 55.131268702447414], [-1.7574099954217672, 55.12947199435439], [-1.7586454330012202, 55.12947199435439], [-1.7598808705806732, 55.1301906775916], [-1.7648226208984852, 55.1301906775916], [-1.7654403396882117, 55.129831335972995], [-1.7654403396882117, 55.128393969498575], [-1.7648226208984852, 55.12803462787997], [-1.7635871833190322, 55.12803462787997], [-1.7629694645293057, 55.127675286261365], [-1.7629694645293057, 55.126956603024155], [-1.7642049021087587, 55.126237919786945], [-1.7642049021087587, 55.125519236549735], [-1.7648226208984852, 55.12515989493113], [-1.7660580584779382, 55.12587857816834], [-1.7685289336368442, 55.12587857816834], [-1.7691466524265707, 55.125519236549735], [-1.7691466524265707, 55.123363186838105], [-1.7685289336368442, 55.1230038452195], [-1.7672934960573912, 55.1230038452195], [-1.7666757772676647, 55.122644503600895], [-1.7666757772676647, 55.121925820363685], [-1.7672934960573912, 55.12156647874508], [-1.7685289336368442, 55.12156647874508], [-1.7691466524265707, 55.121207137126476], [-1.7691466524265707, 55.119769770652056], [-1.7685289336368442, 55.11941042903345], [-1.7672934960573912, 55.11941042903345], [-1.7660580584779382, 55.11869174579624], [-1.7623517457395792, 55.11869174579624], [-1.7611163081601262, 55.11797306255903], [-1.7586454330012202, 55.11797306255903], [-1.7580277142114937, 55.117613720940426], [-1.7580277142114937, 55.116895037703216], [-1.7574099954217672, 55.11653569608461], [-1.7561745578423142, 55.11653569608461], [-1.7530859638936818, 55.114738987991586], [-1.7530859638936818, 55.114020304754376], [-1.7518505263142288, 55.11330162151717], [-1.7518505263142288, 55.11258293827996], [-1.7512328075245023, 55.11222359666135], [-1.7493796511553228, 55.11330162151717], [-1.7493796511553228, 55.114738987991586], [-1.7506150887347758, 55.115457671228796], [-1.7506150887347758, 55.116176354466006], [-1.7493796511553228, 55.116895037703216], [-1.7493796511553228, 55.117613720940426], [-1.7487619323655963, 55.11797306255903], [-1.7450556196272373, 55.11797306255903], [-1.7444379008375108, 55.118332404177636], [-1.7444379008375108, 55.119051087414846], [-1.7438201820477843, 55.11941042903345], [-1.7401138693094254, 55.11941042903345], [-1.7394961505196989, 55.119769770652056], [-1.7394961505196989, 55.124081870075315], [-1.7407315880991518, 55.124800553312525], [-1.7407315880991518, 55.125519236549735], [-1.7419670256786048, 55.126237919786945], [-1.7394961505196989, 55.127675286261365], [-1.7407315880991518, 55.128393969498575], [-1.7401138693094254, 55.12875331111718], [-1.7339366814121604, 55.12875331111718], [-1.733318962622434, 55.129112652735785], [-1.733318962622434, 55.129831335972995], [-1.732083525042981, 55.130550019210204], [-1.732083525042981, 55.131987385684624], [-1.730848087463528, 55.132706068921834], [-1.730848087463528, 55.134862118633464], [-1.729612649884075, 55.135580801870674], [-1.729612649884075, 55.137736851582304], [-1.728377212304622, 55.138455534819514], [-1.728377212304622, 55.13989290129393], [-1.727141774725169, 55.14061158453114], [-1.727141774725169, 55.14204895100556], [-1.727089872274466, 55.142079143887756], [-1.725526744071715, 55.142382235439534], [-1.7253665327249028, 55.14240829262417], [-1.7252886183559895, 55.14240829262417], [-1.7252583803091275, 55.14242588281065], [-1.724758716776858, 55.14250714936994], [-1.724398723160248, 55.142563142616645], [-1.721299363704323, 55.14318210207461], [-1.721324043652126, 55.14322043977435], [-1.719842371482522, 55.14353336343599], [-1.716089159629171, 55.14428767263035], [-1.71358583224136, 55.14476547147522], [-1.711198531634091, 55.14522363856607], [-1.71108108619228, 55.14524571839182], [-1.71108108619228, 55.1449236839544], [-1.7104633674025536, 55.1445643423358], [-1.7079924922436476, 55.1445643423358], [-1.7055216170847416, 55.14312697586138], [-1.7042861795052886, 55.14384565909859], [-1.7030507419258356, 55.14384565909859], [-1.7024330231361091, 55.14420500071719], [-1.703668460715562, 55.1449236839544], [-1.703668460715562, 55.14564236719161], [-1.7024330231361091, 55.14636105042882], [-1.7030507419258356, 55.14672039204743], [-1.7031027331326096, 55.14672039204743], [-1.6954664324718138, 55.14805788589482], [-1.6931672412902117, 55.14672039204743], [-1.6919318037107587, 55.14672039204743], [-1.6906963661313057, 55.14600170881022], [-1.6894609285518527, 55.14600170881022], [-1.6888432097621262, 55.14564236719161], [-1.6888432097621262, 55.14348631747998], [-1.6876077721826732, 55.14276763424277], [-1.6876077721826732, 55.14204895100556], [-1.6882254909723997, 55.14168960938696], [-1.6894609285518527, 55.14168960938696], [-1.6900786473415792, 55.14133026776835], [-1.6900786473415792, 55.14061158453114], [-1.6882254909723997, 55.13953355967533], [-1.6869900533929467, 55.13953355967533], [-1.6863723346032202, 55.13917421805672], [-1.6869900533929467, 55.13881487643812], [-1.6894609285518527, 55.13881487643812], [-1.6906963661313057, 55.13809619320091], [-1.6931672412902117, 55.13809619320091], [-1.6937849600799382, 55.137736851582304], [-1.6937849600799382, 55.134862118633464], [-1.6919318037107587, 55.13378409377765], [-1.6906963661313057, 55.13450277701486], [-1.6888432097621262, 55.133424752159044], [-1.6888432097621262, 55.132706068921834], [-1.6882254909723997, 55.13234672730323], [-1.6869900533929467, 55.13234672730323], [-1.6857546158134937, 55.13162804406602], [-1.6832837406545877, 55.13162804406602], [-1.6820483030751348, 55.13090936082881], [-1.6808128654956818, 55.13090936082881], [-1.6795774279162288, 55.1301906775916], [-1.6783419903367758, 55.1301906775916], [-1.6771065527573228, 55.12947199435439], [-1.6758711151778698, 55.1301906775916], [-1.6752533963881433, 55.129831335972995], [-1.6752533963881433, 55.126237919786945], [-1.6740179588086903, 55.125519236549735], [-1.6740179588086903, 55.124800553312525], [-1.6727825212292373, 55.124081870075315], [-1.6777242715470493, 55.121207137126476], [-1.6777242715470493, 55.119769770652056], [-1.6764888339675963, 55.119051087414846], [-1.6764888339675963, 55.118332404177636], [-1.6758711151778698, 55.11797306255903], [-1.6721648024395108, 55.11797306255903], [-1.6709293648600578, 55.11725437932182], [-1.6696939272806048, 55.11797306255903], [-1.6666053333319724, 55.116176354466006], [-1.6666053333319724, 55.114020304754376], [-1.6659876145422459, 55.11366096313577], [-1.6653698957525194, 55.114020304754376], [-1.6653698957525194, 55.114738987991586], [-1.6647521769627929, 55.11509832961019], [-1.6635167393833399, 55.11509832961019], [-1.6628990205936134, 55.115457671228796], [-1.6641344581730664, 55.116176354466006], [-1.6641344581730664, 55.116895037703216], [-1.6653698957525194, 55.117613720940426], [-1.6647521769627929, 55.11797306255903], [-1.6635167393833399, 55.11797306255903], [-1.6628990205936134, 55.118332404177636], [-1.6641344581730664, 55.119051087414846], [-1.6641344581730664, 55.119769770652056], [-1.6647521769627929, 55.12012911227066], [-1.6659876145422459, 55.12012911227066], [-1.6666053333319724, 55.120488453889266], [-1.6666053333319724, 55.121207137126476], [-1.6653698957525194, 55.121925820363685], [-1.6653698957525194, 55.122644503600895], [-1.6641344581730664, 55.123363186838105], [-1.6641344581730664, 55.124081870075315], [-1.6635167393833399, 55.12444121169392], [-1.659810426644981, 55.12228516198229], [-1.658574989065528, 55.1230038452195], [-1.657339551486075, 55.1230038452195], [-1.656104113906622, 55.12372252845671], [-1.654868676327169, 55.12372252845671], [-1.653633238747716, 55.12444121169392], [-1.652397801168263, 55.12444121169392], [-1.6517800823785365, 55.124081870075315], [-1.6517800823785365, 55.123363186838105], [-1.65116236358881, 55.1230038452195], [-1.6505446447990835, 55.123363186838105], [-1.6505446447990835, 55.124081870075315], [-1.649926926009357, 55.12444121169392], [-1.647456050850451, 55.12444121169392], [-1.644985175691545, 55.1230038452195], [-1.643749738112092, 55.1230038452195], [-1.642514300532639, 55.12372252845671], [-1.636337112635374, 55.12372252845671], [-1.6357193938456476, 55.123363186838105], [-1.6357193938456476, 55.122644503600895], [-1.636337112635374, 55.12228516198229], [-1.637572550214827, 55.12228516198229], [-1.6394257065840065, 55.121207137126476], [-1.6394257065840065, 55.120488453889266], [-1.6406611441634595, 55.119769770652056], [-1.6394257065840065, 55.119051087414846], [-1.6394257065840065, 55.118332404177636], [-1.637572550214827, 55.11725437932182], [-1.636337112635374, 55.11725437932182], [-1.6357193938456476, 55.116895037703216], [-1.6357193938456476, 55.116176354466006], [-1.6369548314251006, 55.115457671228796], [-1.636337112635374, 55.11509832961019], [-1.635101675055921, 55.11509832961019], [-1.6344839562661946, 55.114738987991586], [-1.635101675055921, 55.11437964637298], [-1.636337112635374, 55.11437964637298], [-1.6369548314251006, 55.114020304754376], [-1.6369548314251006, 55.11330162151717], [-1.6357193938456476, 55.11258293827996], [-1.6357193938456476, 55.11042688856833], [-1.6344839562661946, 55.10970820533112], [-1.6344839562661946, 55.10898952209391], [-1.633866237476468, 55.1086301804753], [-1.632630799897015, 55.1086301804753], [-1.6320130811072886, 55.1082708388567], [-1.6320130811072886, 55.10755215561949], [-1.6307776435278356, 55.10683347238228], [-1.631395362317562, 55.10647413076367], [-1.632630799897015, 55.10647413076367], [-1.6332485186867416, 55.10611478914507], [-1.6332485186867416, 55.10395873943344], [-1.632630799897015, 55.10359939781483], [-1.6301599247381091, 55.10359939781483], [-1.6295422059483826, 55.10324005619623], [-1.6295422059483826, 55.10252137295902], [-1.6301599247381091, 55.10216203134041], [-1.632630799897015, 55.10216203134041], [-1.6332485186867416, 55.10180268972181], [-1.6332485186867416, 55.1010840064846], [-1.6307776435278356, 55.09964664001018], [-1.6307776435278356, 55.09605322382413], [-1.6301599247381091, 55.09569388220552], [-1.6295422059483826, 55.09605322382413], [-1.6295422059483826, 55.09677190706134], [-1.6276890495792031, 55.09784993191715], [-1.6270713307894766, 55.09749059029855], [-1.6270713307894766, 55.09533454058692], [-1.6264536119997501, 55.094975198968314], [-1.6252181744202971, 55.094975198968314], [-1.6246004556305707, 55.09461585734971], [-1.6246004556305707, 55.0938971741125], [-1.6252181744202971, 55.093537832493894], [-1.6264536119997501, 55.093537832493894], [-1.6289244871586561, 55.094975198968314], [-1.631395362317562, 55.094975198968314], [-1.6320130811072886, 55.09461585734971], [-1.6320130811072886, 55.09245980763808], [-1.6332485186867416, 55.09174112440087], [-1.6332485186867416, 55.09030375792645], [-1.6344839562661946, 55.08958507468924], [-1.6344839562661946, 55.08742902497761], [-1.635101675055921, 55.087069683359005], [-1.636337112635374, 55.087788366596214], [-1.6369548314251006, 55.08742902497761], [-1.6369548314251006, 55.08599165850319], [-1.6381902690045536, 55.08527297526598], [-1.6381902690045536, 55.08311692555435], [-1.637572550214827, 55.082757583935745], [-1.635101675055921, 55.082757583935745], [-1.6320130811072886, 55.08096087584272], [-1.6320130811072886, 55.08024219260551], [-1.6332485186867416, 55.0795235093683], [-1.6332485186867416, 55.07880482613109], [-1.6357193938456476, 55.07736745965667], [-1.6357193938456476, 55.07664877641946], [-1.6344839562661946, 55.07593009318225], [-1.6344839562661946, 55.07449272670783], [-1.640043425373733, 55.071258652140386], [-1.641278862953186, 55.071258652140386], [-1.6418965817429125, 55.07161799375899], [-1.6418965817429125, 55.07305536023341], [-1.642514300532639, 55.073414701852016], [-1.643749738112092, 55.073414701852016], [-1.6443674569018185, 55.07305536023341], [-1.6443674569018185, 55.06874326081015], [-1.643749738112092, 55.06838391919155], [-1.642514300532639, 55.06838391919155], [-1.6418965817429125, 55.06802457757294], [-1.6418965817429125, 55.06730589433573], [-1.641278862953186, 55.06694655271713], [-1.6406611441634595, 55.06730589433573], [-1.6406611441634595, 55.06946194404736], [-1.640043425373733, 55.06982128566597], [-1.63880798779428, 55.06982128566597], [-1.6381902690045536, 55.06946194404736], [-1.6394257065840065, 55.06874326081015], [-1.6369548314251006, 55.06730589433573], [-1.6381902690045536, 55.06658721109852], [-1.6369548314251006, 55.06586852786131], [-1.6369548314251006, 55.06371247814968], [-1.6357193938456476, 55.06299379491247], [-1.6357193938456476, 55.06227511167526], [-1.636337112635374, 55.06191577005666], [-1.637572550214827, 55.06263445329387], [-1.6381902690045536, 55.06227511167526], [-1.6381902690045536, 55.06083774520084], [-1.6406611441634595, 55.05940037872642], [-1.6406611441634595, 55.057963012252], [-1.642514300532639, 55.05688498739619], [-1.643749738112092, 55.05688498739619], [-1.6443674569018185, 55.05652564577758], [-1.643749738112092, 55.05607646875433], [-1.642514300532639, 55.05481877308921], [-1.646220613270998, 55.054100089852], [-1.649926926009357, 55.054100089852], [-1.65116236358881, 55.05401025444735], [-1.6517800823785365, 55.05365091282874], [-1.6517800823785365, 55.052213546354324], [-1.653633238747716, 55.05113552149851], [-1.657339551486075, 55.05113552149851], [-1.6579572702758014, 55.051494863117114], [-1.6567218326963484, 55.052213546354324], [-1.6567218326963484, 55.05580696254037], [-1.657339551486075, 55.05616630415898], [-1.658574989065528, 55.05616630415898], [-1.659810426644981, 55.05544762092177], [-1.6604281454347074, 55.05580696254037], [-1.6604281454347074, 55.05724432901479], [-1.661045864224434, 55.0576036706334], [-1.662281301803887, 55.0576036706334], [-1.6628990205936134, 55.057963012252], [-1.6628990205936134, 55.05868169548921], [-1.6635167393833399, 55.05904103710782], [-1.6659876145422459, 55.05904103710782], [-1.6666053333319724, 55.05940037872642], [-1.6666053333319724, 55.06083774520084], [-1.6672230521216989, 55.06119708681945], [-1.6696939272806048, 55.06119708681945], [-1.6709293648600578, 55.06047840358224], [-1.6746356775984168, 55.06047840358224], [-1.6758711151778698, 55.06119708681945], [-1.6771065527573228, 55.06119708681945], [-1.6783419903367758, 55.06191577005666], [-1.6795774279162288, 55.06191577005666], [-1.6808128654956818, 55.06263445329387], [-1.6820483030751348, 55.06263445329387], [-1.6839014594443142, 55.06155642843805], [-1.6839014594443142, 55.06083774520084], [-1.6832837406545877, 55.06047840358224], [-1.6820483030751348, 55.06047840358224], [-1.6814305842854083, 55.06011906196363], [-1.6814305842854083, 55.05868169548921], [-1.6845191782340407, 55.05688498739619], [-1.6863723346032202, 55.057963012252], [-1.6863723346032202, 55.05868169548921], [-1.6869900533929467, 55.05904103710782], [-1.6882254909723997, 55.05904103710782], [-1.6894609285518527, 55.05832235387061], [-1.6906963661313057, 55.05832235387061], [-1.6913140849210322, 55.057963012252], [-1.6913140849210322, 55.05580696254037], [-1.6937849600799382, 55.05436959606595], [-1.6937849600799382, 55.05293222959153], [-1.6944026788696647, 55.05257288797293], [-1.6968735540285707, 55.05257288797293], [-1.6974912728182971, 55.052213546354324], [-1.6974912728182971, 55.050776179879904], [-1.6968735540285707, 55.0504168382613], [-1.6944026788696647, 55.0504168382613], [-1.6937849600799382, 55.050057496642694], [-1.6937849600799382, 55.049338813405484], [-1.6919318037107587, 55.04826078854967], [-1.6906963661313057, 55.04826078854967], [-1.6882254909723997, 55.04969815502409], [-1.6857546158134937, 55.04969815502409], [-1.6839014594443142, 55.048620130168274], [-1.6839014594443142, 55.047901446931064], [-1.6832837406545877, 55.04754210531246], [-1.6820483030751348, 55.04754210531246], [-1.6814305842854083, 55.047182763693854], [-1.6814305842854083, 55.046464080456644], [-1.6808128654956818, 55.04610473883804], [-1.6771065527573228, 55.04610473883804], [-1.6764888339675963, 55.045745397219434], [-1.6764888339675963, 55.045026713982224], [-1.6752533963881433, 55.044308030745015], [-1.6752533963881433, 55.042151981033385], [-1.6764888339675963, 55.041433297796175], [-1.6764888339675963, 55.040714614558965], [-1.6771065527573228, 55.04035527294036], [-1.6795774279162288, 55.04035527294036], [-1.6814305842854083, 55.039277248084545], [-1.6795774279162288, 55.03819922322873], [-1.6783419903367758, 55.03891790646594], [-1.6771065527573228, 55.03891790646594], [-1.6752533963881433, 55.037839881610125], [-1.6752533963881433, 55.037121198372915], [-1.6746356775984168, 55.03676185675431], [-1.6721648024395108, 55.03819922322873], [-1.6709293648600578, 55.03819922322873], [-1.6690762084908783, 55.037121198372915], [-1.6690762084908783, 55.034965148661286], [-1.6709293648600578, 55.03388712380547], [-1.6721648024395108, 55.03388712380547], [-1.6734002400189638, 55.03316844056826], [-1.6771065527573228, 55.03316844056826], [-1.6777242715470493, 55.032809098949656], [-1.6758711151778698, 55.03173107409384], [-1.6746356775984168, 55.03173107409384], [-1.6727825212292373, 55.030653049238026], [-1.6727825212292373, 55.029215682763606], [-1.6721648024395108, 55.028856341145], [-1.6709293648600578, 55.028856341145], [-1.6703116460703313, 55.028496999526396], [-1.6703116460703313, 55.02705963305198], [-1.6721648024395108, 55.02598160819616], [-1.6758711151778698, 55.02598160819616], [-1.6783419903367758, 55.02454424172174], [-1.6808128654956818, 55.02454424172174], [-1.6814305842854083, 55.02490358334035], [-1.6814305842854083, 55.02634094981477], [-1.6820483030751348, 55.02670029143337], [-1.6845191782340407, 55.02670029143337], [-1.6851368970237672, 55.02705963305198], [-1.6839014594443142, 55.02777831628919], [-1.6839014594443142, 55.029215682763606], [-1.6857546158134937, 55.03029370761942], [-1.6869900533929467, 55.02957502438221], [-1.6894609285518527, 55.02957502438221], [-1.6906963661313057, 55.028856341145], [-1.6937849600799382, 55.030653049238026], [-1.6925495225004852, 55.031371732475236], [-1.6925495225004852, 55.032090415712446], [-1.6919318037107587, 55.03244975733105], [-1.6906963661313057, 55.03244975733105], [-1.6888432097621262, 55.033527782186866], [-1.6906963661313057, 55.03460580704268], [-1.6968735540285707, 55.03460580704268], [-1.6974912728182971, 55.034246465424076], [-1.6974912728182971, 55.033527782186866], [-1.6981089916080236, 55.03316844056826], [-1.6993444291874766, 55.03316844056826], [-1.7011975855566561, 55.034246465424076], [-1.7011975855566561, 55.034965148661286], [-1.7024330231361091, 55.035683831898496], [-1.7024330231361091, 55.036402515135705], [-1.703668460715562, 55.037121198372915], [-1.703668460715562, 55.040714614558965], [-1.704903898295015, 55.041433297796175], [-1.703668460715562, 55.042151981033385], [-1.703668460715562, 55.043589347507805], [-1.7042861795052886, 55.04394868912641], [-1.7067570546641946, 55.04394868912641], [-1.707374773453921, 55.044308030745015], [-1.707374773453921, 55.045745397219434], [-1.708610211033374, 55.046464080456644], [-1.708610211033374, 55.050057496642694], [-1.7092279298231006, 55.0504168382613], [-1.7104633674025536, 55.0504168382613], [-1.7116988049820065, 55.04969815502409], [-1.7129342425614595, 55.04969815502409], [-1.7141696801409125, 55.0504168382613], [-1.7178759928792715, 55.0504168382613], [-1.7215823056176305, 55.04826078854967], [-1.72343546198681, 55.049338813405484], [-1.72343546198681, 55.050057496642694], [-1.7252886183559895, 55.05113552149851], [-1.7277594935148954, 55.05113552149851], [-1.7289949310943484, 55.05185420473572], [-1.7302303686738014, 55.05185420473572], [-1.730848087463528, 55.052213546354324], [-1.730848087463528, 55.05293222959153], [-1.732083525042981, 55.05365091282874], [-1.732083525042981, 55.05652564577758], [-1.7327012438327074, 55.05688498739619], [-1.7339366814121604, 55.05616630415898], [-1.7351721189916134, 55.05616630415898], [-1.7364075565710664, 55.05544762092177], [-1.7376429941505194, 55.05616630415898], [-1.7401138693094254, 55.05616630415898], [-1.7407315880991518, 55.05652564577758], [-1.7401138693094254, 55.05688498739619], [-1.7388784317299724, 55.05688498739619], [-1.7382607129402459, 55.05724432901479], [-1.7382607129402459, 55.057963012252], [-1.7388784317299724, 55.05832235387061], [-1.7413493068888783, 55.05832235387061], [-1.7425847444683313, 55.05904103710782], [-1.7438201820477843, 55.05904103710782], [-1.7444379008375108, 55.05868169548921], [-1.7444379008375108, 55.05652564577758], [-1.7450556196272373, 55.05616630415898], [-1.7456733384169638, 55.05652564577758], [-1.7456733384169638, 55.057963012252], [-1.7469087759964168, 55.05868169548921], [-1.7456733384169638, 55.05940037872642], [-1.7456733384169638, 55.06011906196363], [-1.7481442135758698, 55.06155642843805], [-1.7481442135758698, 55.06227511167526], [-1.7456733384169638, 55.06371247814968], [-1.7456733384169638, 55.06443116138689], [-1.7475264947861433, 55.06550918624271], [-1.7487619323655963, 55.06550918624271], [-1.7493796511553228, 55.06586852786131], [-1.7481442135758698, 55.06658721109852], [-1.7481442135758698, 55.06802457757294], [-1.7493796511553228, 55.06874326081015], [-1.7481442135758698, 55.06946194404736], [-1.7481442135758698, 55.07018062728457], [-1.7469087759964168, 55.07089931052178], [-1.7469087759964168, 55.07161799375899], [-1.7475264947861433, 55.071977335377596], [-1.7487619323655963, 55.071977335377596], [-1.7499973699450493, 55.072696018614806], [-1.7537036826834083, 55.072696018614806], [-1.7561745578423142, 55.071258652140386], [-1.7574099954217672, 55.071977335377596], [-1.7580277142114937, 55.07161799375899], [-1.7567922766320407, 55.07089931052178], [-1.7580277142114937, 55.07018062728457], [-1.7580277142114937, 55.06874326081015], [-1.7574099954217672, 55.06838391919155], [-1.7561745578423142, 55.06838391919155], [-1.7555568390525877, 55.06802457757294], [-1.7555568390525877, 55.06730589433573], [-1.7543214014731348, 55.06658721109852], [-1.7543214014731348, 55.0651498446241], [-1.7549391202628613, 55.0647905030055], [-1.7561745578423142, 55.0647905030055], [-1.7567922766320407, 55.06443116138689], [-1.7567922766320407, 55.06371247814968], [-1.7561745578423142, 55.06335313653108], [-1.7549391202628613, 55.06335313653108], [-1.7543214014731348, 55.06299379491247], [-1.7543214014731348, 55.06227511167526], [-1.7530859638936818, 55.06155642843805], [-1.7537036826834083, 55.06119708681945], [-1.7549391202628613, 55.06119708681945], [-1.7555568390525877, 55.06083774520084], [-1.7530859638936818, 55.05940037872642], [-1.7530859638936818, 55.05868169548921], [-1.7524682451039553, 55.05832235387061], [-1.7499973699450493, 55.05832235387061], [-1.7493796511553228, 55.057963012252], [-1.7506150887347758, 55.05724432901479], [-1.7506150887347758, 55.05652564577758], [-1.7512328075245023, 55.05616630415898], [-1.7549391202628613, 55.05616630415898], [-1.7567922766320407, 55.05508827930316], [-1.7567922766320407, 55.05436959606595], [-1.7574099954217672, 55.05401025444735], [-1.7598808705806732, 55.05401025444735], [-1.7604985893703997, 55.05365091282874], [-1.7604985893703997, 55.050776179879904], [-1.7592631517909467, 55.050057496642694], [-1.7592631517909467, 55.046464080456644], [-1.7611163081601262, 55.04538605560083], [-1.7635871833190322, 55.04538605560083], [-1.7660580584779382, 55.04394868912641], [-1.7685289336368442, 55.04394868912641], [-1.7691466524265707, 55.043589347507805], [-1.7691466524265707, 55.040714614558965], [-1.7697643712162971, 55.04035527294036], [-1.7709998087957501, 55.04107395617757], [-1.7722352463752031, 55.04107395617757], [-1.7728529651649296, 55.040714614558965], [-1.7728529651649296, 55.039995931321755], [-1.7740884027443826, 55.039277248084545], [-1.7740884027443826, 55.037121198372915], [-1.7734706839546561, 55.03676185675431], [-1.7722352463752031, 55.03676185675431], [-1.7716175275854766, 55.036402515135705], [-1.7716175275854766, 55.034965148661286], [-1.7722352463752031, 55.03460580704268], [-1.7728529651649296, 55.034965148661286], [-1.7728529651649296, 55.035683831898496], [-1.7734706839546561, 55.0360431735171], [-1.777176996693015, 55.0360431735171], [-1.7777947154827416, 55.035683831898496], [-1.777176996693015, 55.03532449027989], [-1.775941559113562, 55.03532449027989], [-1.7728529651649296, 55.033527782186866], [-1.7728529651649296, 55.032809098949656], [-1.7722352463752031, 55.03244975733105], [-1.7709998087957501, 55.03316844056826], [-1.7703820900060236, 55.032809098949656], [-1.7703820900060236, 55.032090415712446], [-1.7697643712162971, 55.03173107409384], [-1.7660580584779382, 55.03173107409384], [-1.7654403396882117, 55.031371732475236], [-1.7654403396882117, 55.030653049238026], [-1.7648226208984852, 55.03029370761942], [-1.7635871833190322, 55.03029370761942], [-1.7623517457395792, 55.02957502438221], [-1.7617340269498527, 55.029934366000816], [-1.7629694645293057, 55.030653049238026], [-1.7623517457395792, 55.03101239085663], [-1.7611163081601262, 55.03101239085663], [-1.7592631517909467, 55.032090415712446], [-1.7598808705806732, 55.03244975733105], [-1.7611163081601262, 55.03244975733105], [-1.7617340269498527, 55.032809098949656], [-1.7617340269498527, 55.034246465424076], [-1.7629694645293057, 55.034965148661286], [-1.7623517457395792, 55.03532449027989], [-1.7611163081601262, 55.03532449027989], [-1.7604985893703997, 55.034965148661286], [-1.7604985893703997, 55.033527782186866], [-1.7598808705806732, 55.03316844056826], [-1.7592631517909467, 55.033527782186866], [-1.7592631517909467, 55.035683831898496], [-1.7586454330012202, 55.0360431735171], [-1.7574099954217672, 55.03532449027989], [-1.7549391202628613, 55.03532449027989], [-1.7537036826834083, 55.0360431735171], [-1.7524682451039553, 55.0360431735171], [-1.7512328075245023, 55.03532449027989], [-1.7506150887347758, 55.035683831898496], [-1.7506150887347758, 55.036402515135705], [-1.7499973699450493, 55.03676185675431], [-1.7487619323655963, 55.0360431735171], [-1.7481442135758698, 55.036402515135705], [-1.7481442135758698, 55.037121198372915], [-1.7469087759964168, 55.037839881610125], [-1.7475264947861433, 55.03819922322873], [-1.7487619323655963, 55.03819922322873], [-1.7493796511553228, 55.038558564847335], [-1.7493796511553228, 55.039995931321755], [-1.7487619323655963, 55.04035527294036], [-1.7475264947861433, 55.03963658970315], [-1.7469087759964168, 55.039995931321755], [-1.7481442135758698, 55.040714614558965], [-1.7481442135758698, 55.041433297796175], [-1.7475264947861433, 55.04179263941478], [-1.7425847444683313, 55.04179263941478], [-1.7407315880991518, 55.040714614558965], [-1.7407315880991518, 55.039995931321755], [-1.7401138693094254, 55.03963658970315], [-1.7376429941505194, 55.03963658970315], [-1.7364075565710664, 55.04035527294036], [-1.7357898377813399, 55.039995931321755], [-1.7357898377813399, 55.039277248084545], [-1.7351721189916134, 55.03891790646594], [-1.7327012438327074, 55.04035527294036], [-1.7314658062532544, 55.04035527294036], [-1.730848087463528, 55.039995931321755], [-1.730848087463528, 55.039277248084545], [-1.728377212304622, 55.037839881610125], [-1.728377212304622, 55.037121198372915], [-1.7277594935148954, 55.03676185675431], [-1.7240531807765365, 55.03676185675431], [-1.72343546198681, 55.036402515135705], [-1.72343546198681, 55.033527782186866], [-1.7228177431970835, 55.03316844056826], [-1.7215823056176305, 55.03316844056826], [-1.720964586827904, 55.032809098949656], [-1.720964586827904, 55.032090415712446], [-1.7203468680381775, 55.03173107409384], [-1.7166405552998185, 55.03173107409384], [-1.716022836510092, 55.031371732475236], [-1.718493711668998, 55.029934366000816], [-1.716022836510092, 55.028496999526396], [-1.716022836510092, 55.02777831628919], [-1.7166405552998185, 55.02741897467058], [-1.7203468680381775, 55.02741897467058], [-1.720964586827904, 55.02705963305198], [-1.720964586827904, 55.02418490010314], [-1.7203468680381775, 55.02382555848453], [-1.7166405552998185, 55.02382555848453], [-1.716022836510092, 55.02346621686593], [-1.716022836510092, 55.02274753362872], [-1.7154051177203655, 55.02238819201011], [-1.7129342425614595, 55.02238819201011], [-1.7092279298231006, 55.02454424172174], [-1.7079924922436476, 55.02454424172174], [-1.7067570546641946, 55.02382555848453], [-1.7055216170847416, 55.02382555848453], [-1.7042861795052886, 55.02310687524732], [-1.7030507419258356, 55.02310687524732], [-1.7018153043463826, 55.02238819201011], [-1.7005798667669296, 55.02238819201011], [-1.6999621479772031, 55.02202885039151], [-1.6999621479772031, 55.0213101671543], [-1.6993444291874766, 55.02095082553569], [-1.6987267103977501, 55.0213101671543], [-1.6987267103977501, 55.02202885039151], [-1.6981089916080236, 55.02238819201011], [-1.6974912728182971, 55.02202885039151], [-1.6974912728182971, 55.0213101671543], [-1.6937849600799382, 55.01915411744267], [-1.6937849600799382, 55.01843543420546], [-1.6944026788696647, 55.01807609258685], [-1.6956381164491177, 55.01807609258685], [-1.6968735540285707, 55.01735740934964], [-1.6993444291874766, 55.01735740934964], [-1.7005798667669296, 55.01807609258685], [-1.7018153043463826, 55.01735740934964], [-1.7030507419258356, 55.01735740934964], [-1.703668460715562, 55.01699806773104], [-1.703668460715562, 55.01627938449383], [-1.7024330231361091, 55.01556070125662], [-1.7024330231361091, 55.0141233347822], [-1.7042861795052886, 55.01304530992638], [-1.7067570546641946, 55.01304530992638], [-1.7079924922436476, 55.01376399316359], [-1.7092279298231006, 55.01376399316359], [-1.7116988049820065, 55.01232662668917], [-1.7129342425614595, 55.01232662668917], [-1.713551961351186, 55.01268596830778], [-1.713551961351186, 55.0141233347822], [-1.7141696801409125, 55.0144826764008], [-1.7154051177203655, 55.0144826764008], [-1.7166405552998185, 55.01520135963801], [-1.718493711668998, 55.0141233347822], [-1.718493711668998, 55.01268596830778], [-1.719729149248451, 55.01196728507057], [-1.719729149248451, 55.01124860183336], [-1.7203468680381775, 55.01088926021475], [-1.7240531807765365, 55.01088926021475], [-1.725906337145716, 55.00981123535894], [-1.7252886183559895, 55.009451893740334], [-1.7240531807765365, 55.009451893740334], [-1.72343546198681, 55.00909255212173], [-1.72343546198681, 55.00837386888452], [-1.7252886183559895, 55.007295844028704], [-1.7265240559354424, 55.007295844028704], [-1.727141774725169, 55.00765518564731], [-1.727141774725169, 55.00837386888452], [-1.728377212304622, 55.00909255212173], [-1.728377212304622, 55.00981123535894], [-1.7289949310943484, 55.01017057697754], [-1.7302303686738014, 55.01017057697754], [-1.7314658062532544, 55.01088926021475], [-1.734554400201887, 55.00909255212173], [-1.732083525042981, 55.00765518564731], [-1.732083525042981, 55.00621781917289], [-1.7327012438327074, 55.005858477554284], [-1.7364075565710664, 55.005858477554284], [-1.7382607129402459, 55.00478045269847], [-1.7382607129402459, 54.999749670038], [-1.7370252753607929, 54.99903098680079], [-1.7370252753607929, 54.99831230356358], [-1.7376429941505194, 54.997952961944975], [-1.7388784317299724, 54.997952961944975], [-1.7394961505196989, 54.99831230356358], [-1.7394961505196989, 54.999749670038], [-1.7401138693094254, 55.000109011656605], [-1.7407315880991518, 54.999749670038], [-1.7407315880991518, 54.99903098680079], [-1.7413493068888783, 54.998671645182185], [-1.7425847444683313, 54.998671645182185], [-1.7432024632580578, 54.99903098680079], [-1.7432024632580578, 54.999749670038], [-1.7438201820477843, 55.000109011656605], [-1.7450556196272373, 55.000109011656605], [-1.7462910572066903, 54.999390328419395], [-1.7469087759964168, 54.999749670038], [-1.7469087759964168, 55.00262440298684], [-1.7475264947861433, 55.002983744605444], [-1.7487619323655963, 55.002983744605444], [-1.7512328075245023, 55.001546378131025], [-1.7537036826834083, 55.001546378131025], [-1.7543214014731348, 55.00190571974963], [-1.7543214014731348, 55.00406176946126], [-1.7530859638936818, 55.00478045269847], [-1.7537036826834083, 55.005139794317074], [-1.7549391202628613, 55.005139794317074], [-1.7561745578423142, 55.005858477554284], [-1.7586454330012202, 55.005858477554284], [-1.7592631517909467, 55.00549913593568], [-1.7592631517909467, 55.00334308622405], [-1.7580277142114937, 55.00262440298684], [-1.7586454330012202, 55.002265061368234], [-1.7598808705806732, 55.002265061368234], [-1.7623517457395792, 55.003702427842654], [-1.7635871833190322, 55.002983744605444], [-1.7648226208984852, 55.002983744605444], [-1.7660580584779382, 55.003702427842654], [-1.7672934960573912, 55.002983744605444], [-1.7697643712162971, 55.002983744605444], [-1.7703820900060236, 55.00334308622405], [-1.7679112148471177, 55.00478045269847], [-1.7679112148471177, 55.00549913593568], [-1.7666757772676647, 55.00621781917289], [-1.7672934960573912, 55.006577160791494], [-1.7697643712162971, 55.006577160791494], [-1.7703820900060236, 55.00621781917289], [-1.7703820900060236, 55.00549913593568], [-1.7709998087957501, 55.005139794317074], [-1.7722352463752031, 55.005858477554284], [-1.7728529651649296, 55.00549913593568], [-1.7728529651649296, 55.00478045269847], [-1.7722352463752031, 55.004421111079864], [-1.7709998087957501, 55.004421111079864], [-1.7703820900060236, 55.00406176946126], [-1.7728529651649296, 55.00262440298684], [-1.7728529651649296, 55.00046835327521], [-1.7722352463752031, 55.000109011656605], [-1.7709998087957501, 55.000109011656605], [-1.7703820900060236, 54.999749670038], [-1.7709998087957501, 54.999390328419395], [-1.777176996693015, 54.999390328419395], [-1.7777947154827416, 54.999749670038], [-1.7777947154827416, 55.00118703651242], [-1.7790301530621946, 55.00190571974963], [-1.7790301530621946, 55.00334308622405], [-1.779647871851921, 55.003702427842654], [-1.780883309431374, 55.003702427842654], [-1.782118747010827, 55.002983744605444], [-1.784589622169733, 55.002983744605444], [-1.785825059749186, 55.002265061368234], [-1.7876782161183655, 55.00334308622405], [-1.7876782161183655, 55.00406176946126], [-1.7864427785389125, 55.00478045269847], [-1.7864427785389125, 55.00549913593568], [-1.787060497328639, 55.005858477554284], [-1.789531372487545, 55.005858477554284], [-1.7901490912772715, 55.00621781917289], [-1.7901490912772715, 55.0069365024101], [-1.790766810066998, 55.007295844028704], [-1.7926199664361775, 55.00621781917289], [-1.792002247646451, 55.005858477554284], [-1.790766810066998, 55.005858477554284], [-1.7901490912772715, 55.00549913593568], [-1.7913845288567245, 55.00478045269847], [-1.7901490912772715, 55.00406176946126], [-1.7901490912772715, 55.00262440298684], [-1.792002247646451, 55.001546378131025], [-1.79570856038481, 55.001546378131025], [-1.7963262791745365, 55.00190571974963], [-1.7963262791745365, 55.00262440298684], [-1.7950908415950835, 55.00334308622405], [-1.7950908415950835, 55.00478045269847], [-1.7938554040156305, 55.00549913593568], [-1.79570856038481, 55.006577160791494], [-1.796943997964263, 55.006577160791494], [-1.7975617167539895, 55.00621781917289], [-1.7975617167539895, 55.00549913593568], [-1.7987971543334424, 55.00478045269847], [-1.7987971543334424, 55.00190571974963], [-1.7975617167539895, 55.00118703651242], [-1.799414873123169, 55.000109011656605], [-1.800650310702622, 55.000109011656605], [-1.8012680294923484, 55.00046835327521], [-1.8012680294923484, 55.00406176946126], [-1.8025034670718014, 55.00478045269847], [-1.8025034670718014, 55.00549913593568], [-1.803121185861528, 55.005858477554284], [-1.804356623440981, 55.005858477554284], [-1.805592061020434, 55.006577160791494], [-1.8074452173896134, 55.00549913593568], [-1.8074452173896134, 55.00478045269847], [-1.8099160925485194, 55.00334308622405], [-1.8099160925485194, 55.00262440298684], [-1.8123869677074254, 55.00118703651242], [-1.8123869677074254, 55.00046835327521], [-1.8099160925485194, 54.99903098680079], [-1.8099160925485194, 54.99687493708916], [-1.8105338113382459, 54.996515595470555], [-1.8130046864971519, 54.996515595470555], [-1.8154755616560578, 54.995078228996135], [-1.8179464368149638, 54.995078228996135], [-1.8191818743944168, 54.994359545758925], [-1.8216527495533228, 54.994359545758925], [-1.8228881871327758, 54.993640862521715], [-1.8235059059225023, 54.99400020414032], [-1.8235059059225023, 54.99471888737753], [-1.8247413435019553, 54.99543757061474], [-1.8247413435019553, 54.99687493708916], [-1.8253590622916818, 54.997234278707765], [-1.8265944998711348, 54.996515595470555], [-1.8278299374505877, 54.996515595470555], [-1.8296830938197672, 54.99759362032637], [-1.8290653750300407, 54.997952961944975], [-1.8278299374505877, 54.997952961944975], [-1.8272122186608613, 54.99831230356358], [-1.8272122186608613, 54.99903098680079], [-1.8278299374505877, 54.999390328419395], [-1.8290653750300407, 54.998671645182185], [-1.8303008126094937, 54.998671645182185], [-1.8315362501889467, 54.999390328419395], [-1.8327716877683997, 54.999390328419395], [-1.8333894065581262, 54.99903098680079], [-1.8333894065581262, 54.99831230356358], [-1.8340071253478527, 54.997952961944975], [-1.8364780005067587, 54.997952961944975], [-1.8370957192964852, 54.99831230356358], [-1.8370957192964852, 54.99903098680079], [-1.8389488756656647, 55.000109011656605], [-1.8414197508245707, 55.000109011656605], [-1.8420374696142972, 54.999749670038], [-1.8420374696142972, 54.99687493708916], [-1.8432729071937501, 54.99615625385195], [-1.8420374696142972, 54.99543757061474], [-1.8420374696142972, 54.99471888737753], [-1.8414197508245707, 54.994359545758925], [-1.8389488756656647, 54.994359545758925], [-1.8370957192964852, 54.99328152090311], [-1.8370957192964852, 54.99184415442869], [-1.8377134380862117, 54.991484812810086], [-1.8401843132451177, 54.991484812810086], [-1.8414197508245707, 54.990766129572876], [-1.8426551884040236, 54.990766129572876], [-1.8438906259834766, 54.991484812810086], [-1.8451260635629296, 54.991484812810086], [-1.8457437823526561, 54.99184415442869], [-1.8457437823526561, 54.99328152090311], [-1.8463615011423826, 54.993640862521715], [-1.8475969387218356, 54.993640862521715], [-1.848214657511562, 54.99400020414032], [-1.848214657511562, 54.99471888737753], [-1.8488323763012886, 54.995078228996135], [-1.8500678138807416, 54.995078228996135], [-1.850685532670468, 54.99543757061474], [-1.850685532670468, 54.99615625385195], [-1.8525386890396476, 54.997234278707765], [-1.8537741266191006, 54.997234278707765], [-1.854391845408827, 54.99687493708916], [-1.854391845408827, 54.99543757061474], [-1.8562450017780066, 54.994359545758925], [-1.856862720567733, 54.99471888737753], [-1.856862720567733, 54.99543757061474], [-1.8574804393574595, 54.995796912233345], [-1.8599513145163655, 54.995796912233345], [-1.8611867520958185, 54.996515595470555], [-1.8636576272547245, 54.995078228996135], [-1.8673639399930835, 54.995078228996135], [-1.8685993775725365, 54.995796912233345], [-1.8710702527314425, 54.995796912233345], [-1.874158846680075, 54.99400020414032], [-1.874158846680075, 54.99328152090311], [-1.875394284259528, 54.9925628376659], [-1.875394284259528, 54.99184415442869], [-1.8760120030492544, 54.991484812810086], [-1.8772474406287074, 54.991484812810086], [-1.877865159418434, 54.99112547119148], [-1.877865159418434, 54.98968810471706], [-1.8784828782081604, 54.989328763098456], [-1.8797183157876134, 54.989328763098456], [-1.8803360345773399, 54.98896942147985], [-1.8803360345773399, 54.98825073824264], [-1.8809537533670664, 54.987891396624036], [-1.8834246285259724, 54.987891396624036], [-1.8840423473156989, 54.98753205500543], [-1.8840423473156989, 54.98465732205659], [-1.8828069097362459, 54.98393863881938], [-1.8828069097362459, 54.98321995558217], [-1.8821891909465194, 54.98286061396357], [-1.8809537533670664, 54.98286061396357], [-1.879100596997887, 54.98393863881938], [-1.8803360345773399, 54.98465732205659], [-1.8803360345773399, 54.9853760052938], [-1.8784828782081604, 54.986454030149616], [-1.872923409100622, 54.98321995558217], [-1.872923409100622, 54.98250127234496], [-1.8723056903108954, 54.98214193072636], [-1.8698348151519895, 54.98214193072636], [-1.869217096362263, 54.98178258910775], [-1.869217096362263, 54.9781891729217], [-1.8673639399930835, 54.97711114806589], [-1.866746221203357, 54.97747048968449], [-1.866746221203357, 54.97890785615891], [-1.865510783623904, 54.97962653939612], [-1.865510783623904, 54.98106390587054], [-1.8648930648341775, 54.98142324748915], [-1.8636576272547245, 54.98142324748915], [-1.8611867520958185, 54.98286061396357], [-1.8587158769369125, 54.98286061396357], [-1.856862720567733, 54.98178258910775], [-1.856862720567733, 54.98106390587054], [-1.85562728298828, 54.98034522263333], [-1.85562728298828, 54.97962653939612], [-1.8550095641985536, 54.97926719777752], [-1.8513032514601946, 54.97926719777752], [-1.8500678138807416, 54.97998588101473], [-1.8438906259834766, 54.97998588101473], [-1.8432729071937501, 54.98034522263333], [-1.8432729071937501, 54.98250127234496], [-1.8451260635629296, 54.98357929720078], [-1.8463615011423826, 54.98357929720078], [-1.8469792199321091, 54.98393863881938], [-1.8469792199321091, 54.98465732205659], [-1.8451260635629296, 54.985735346912406], [-1.8420374696142972, 54.98393863881938], [-1.8420374696142972, 54.98321995558217], [-1.8395665944553912, 54.98178258910775], [-1.8395665944553912, 54.98034522263333], [-1.8383311568759382, 54.97962653939612], [-1.8383311568759382, 54.97890785615891], [-1.8370957192964852, 54.9781891729217], [-1.8370957192964852, 54.97747048968449], [-1.8364780005067587, 54.97711114806589], [-1.8358602817170322, 54.97747048968449], [-1.8358602817170322, 54.9781891729217], [-1.8352425629273057, 54.97854851454031], [-1.8346248441375792, 54.9781891729217], [-1.8346248441375792, 54.97747048968449], [-1.8333894065581262, 54.97675180644728], [-1.8327716877683997, 54.976302629424026], [-1.8319995392812416, 54.97459575673565], [-1.8327716877683997, 54.97495509835426], [-1.8333894065581262, 54.97459575673565], [-1.8321539689786732, 54.97387707349844], [-1.8333894065581262, 54.97315839026123], [-1.8333894065581262, 54.97243970702402], [-1.8303008126094937, 54.970642998931], [-1.8290653750300407, 54.970642998931], [-1.8272122186608613, 54.97172102378681], [-1.8261312107788399, 54.97243970702402], [-1.8241236247122288, 54.97136168216821], [-1.8228881871327758, 54.97136168216821], [-1.8222704683430493, 54.97172102378681], [-1.8228881871327758, 54.97217020081007], [-1.8216527495533228, 54.97342789647519], [-1.8191818743944168, 54.97423641511705], [-1.8184097259072587, 54.97459575673565], [-1.816247710143216, 54.97459575673565], [-1.8160932804457843, 54.97387707349844], [-1.8142401240766048, 54.97279904864263], [-1.8130046864971519, 54.97279904864263], [-1.8123869677074254, 54.97315839026123], [-1.8136224052868783, 54.97387707349844], [-1.8111515301279724, 54.97531443997286], [-1.8117692489176989, 54.97567378159147], [-1.8130046864971519, 54.97576361699612], [-1.8105338113382459, 54.97711114806589], [-1.8099160925485194, 54.97747048968449], [-1.8117692489176989, 54.97854851454031], [-1.8130046864971519, 54.97854851454031], [-1.8136224052868783, 54.97890785615891], [-1.8136224052868783, 54.98034522263333], [-1.8148578428663313, 54.98106390587054], [-1.8148578428663313, 54.98321995558217], [-1.8160932804457843, 54.98393863881938], [-1.8148578428663313, 54.98465732205659], [-1.8148578428663313, 54.9853760052938], [-1.8142401240766048, 54.985735346912406], [-1.8105338113382459, 54.985735346912406], [-1.8092983737587929, 54.986454030149616], [-1.8080629361793399, 54.986454030149616], [-1.805592061020434, 54.9850166636752], [-1.8049743422307074, 54.9853760052938], [-1.8049743422307074, 54.98609468853101], [-1.804356623440981, 54.986454030149616], [-1.803121185861528, 54.985735346912406], [-1.8025034670718014, 54.98609468853101], [-1.8025034670718014, 54.98681337176822], [-1.8012680294923484, 54.98753205500543], [-1.8012680294923484, 54.98896942147985], [-1.800650310702622, 54.989328763098456], [-1.79570856038481, 54.989328763098456], [-1.794473122805357, 54.990047446335666], [-1.793237685225904, 54.990047446335666], [-1.7926199664361775, 54.98968810471706], [-1.7938554040156305, 54.98896942147985], [-1.7938554040156305, 54.98825073824264], [-1.793237685225904, 54.987891396624036], [-1.788295934908092, 54.987891396624036], [-1.7876782161183655, 54.98825073824264], [-1.7889136536978185, 54.98896942147985], [-1.7889136536978185, 54.99112547119148], [-1.788295934908092, 54.991484812810086], [-1.785825059749186, 54.990047446335666], [-1.784589622169733, 54.990047446335666], [-1.7839719033800066, 54.99040678795427], [-1.7839719033800066, 54.99112547119148], [-1.78335418459028, 54.991484812810086], [-1.782118747010827, 54.990766129572876], [-1.7802655906416476, 54.99184415442869], [-1.7802655906416476, 54.99328152090311], [-1.7815010282211006, 54.99400020414032], [-1.780883309431374, 54.994359545758925], [-1.779647871851921, 54.994359545758925], [-1.777176996693015, 54.992922179284506], [-1.7747061215341091, 54.992922179284506], [-1.7728529651649296, 54.99184415442869], [-1.7728529651649296, 54.99112547119148], [-1.7703820900060236, 54.98968810471706], [-1.7709998087957501, 54.989328763098456], [-1.7722352463752031, 54.989328763098456], [-1.7728529651649296, 54.98896942147985], [-1.7728529651649296, 54.98825073824264], [-1.7703820900060236, 54.98681337176822], [-1.7703820900060236, 54.98609468853101], [-1.7697643712162971, 54.985735346912406], [-1.7685289336368442, 54.985735346912406], [-1.7666757772676647, 54.98465732205659], [-1.7679112148471177, 54.98393863881938], [-1.7679112148471177, 54.98321995558217], [-1.7672934960573912, 54.98286061396357], [-1.7586454330012202, 54.98286061396357], [-1.7499973699450493, 54.98223176613101], [-1.7561745578423142, 54.98223176613101], [-1.7611163081601262, 54.98079439965659], [-1.7635871833190322, 54.98070456425194], [-1.7643593318061903, 54.98034522263333], [-1.768992222729139, 54.98034522263333], [-1.7697643712162971, 54.98070456425194], [-1.7722352463752031, 54.98079439965659], [-1.7734706839546561, 54.98079439965659], [-1.777176996693015, 54.98070456425194], [-1.7777947154827416, 54.98034522263333], [-1.7777947154827416, 54.97890785615891], [-1.778412434272468, 54.97854851454031], [-1.779647871851921, 54.97854851454031], [-1.7815010282211006, 54.97747048968449], [-1.779647871851921, 54.97639246482868], [-1.777176996693015, 54.97639246482868], [-1.7765592779032886, 54.97603312321007], [-1.778412434272468, 54.97495509835426], [-1.779647871851921, 54.97495509835426], [-1.780883309431374, 54.97423641511705], [-1.78335418459028, 54.97423641511705], [-1.7852073409594595, 54.97531443997286], [-1.7852073409594595, 54.97747048968449], [-1.787060497328639, 54.97854851454031], [-1.789531372487545, 54.97854851454031], [-1.7901490912772715, 54.97890785615891], [-1.7876782161183655, 54.98034522263333], [-1.788295934908092, 54.98070456425194], [-1.790766810066998, 54.98070456425194], [-1.7913845288567245, 54.98106390587054], [-1.7913845288567245, 54.98178258910775], [-1.792002247646451, 54.98214193072636], [-1.7950908415950835, 54.98034522263333], [-1.7950908415950835, 54.97962653939612], [-1.7963262791745365, 54.97890785615891], [-1.7963262791745365, 54.9781891729217], [-1.79570856038481, 54.9778298313031], [-1.794473122805357, 54.9778298313031], [-1.7913845288567245, 54.97603312321007], [-1.7913845288567245, 54.97531443997286], [-1.792002247646451, 54.97495509835426], [-1.794473122805357, 54.97495509835426], [-1.7950908415950835, 54.97459575673565], [-1.7950908415950835, 54.97387707349844], [-1.796943997964263, 54.97279904864263], [-1.798179435543716, 54.97279904864263], [-1.8000325919128954, 54.97172102378681], [-1.8000325919128954, 54.96884629083797], [-1.8012680294923484, 54.96812760760076], [-1.8012680294923484, 54.96740892436355], [-1.801885748282075, 54.96704958274495], [-1.804356623440981, 54.96704958274495], [-1.8062097798101604, 54.965971557889134], [-1.8062097798101604, 54.963815508177504], [-1.8086806549690664, 54.962378141703084], [-1.8086806549690664, 54.961659458465874], [-1.8092983737587929, 54.96130011684727], [-1.8130046864971519, 54.96130011684727], [-1.8142401240766048, 54.96058143361006], [-1.8154755616560578, 54.96058143361006], [-1.8160932804457843, 54.960940775228664], [-1.8148578428663313, 54.961659458465874], [-1.8154755616560578, 54.96201880008448], [-1.8167109992355108, 54.96201880008448], [-1.8179464368149638, 54.96130011684727], [-1.8204173119738698, 54.96130011684727], [-1.8228881871327758, 54.95986275037285], [-1.8241236247122288, 54.95986275037285], [-1.8247413435019553, 54.959503408754244], [-1.8247413435019553, 54.957347359042615], [-1.8241236247122288, 54.95698801742401], [-1.8228881871327758, 54.95698801742401], [-1.8204173119738698, 54.95555065094959], [-1.8191818743944168, 54.9562693341868], [-1.8179464368149638, 54.95555065094959], [-1.8142401240766048, 54.95555065094959], [-1.8099160925485194, 54.958066042279825], [-1.8099160925485194, 54.958784725517035], [-1.8092983737587929, 54.95914406713564], [-1.806827498599887, 54.95770670066122], [-1.805592061020434, 54.95770670066122], [-1.804356623440981, 54.95698801742401], [-1.800650310702622, 54.95914406713564], [-1.799414873123169, 54.95914406713564], [-1.7987971543334424, 54.959503408754244], [-1.7987971543334424, 54.960222091991454], [-1.798179435543716, 54.96058143361006], [-1.796943997964263, 54.96058143361006], [-1.79570856038481, 54.96130011684727], [-1.794473122805357, 54.96130011684727], [-1.793237685225904, 54.96058143361006], [-1.792002247646451, 54.96058143361006], [-1.790766810066998, 54.96130011684727], [-1.789531372487545, 54.96058143361006], [-1.787060497328639, 54.96058143361006], [-1.7864427785389125, 54.960940775228664], [-1.7876782161183655, 54.961659458465874], [-1.7876782161183655, 54.962378141703084], [-1.787060497328639, 54.96273748332169], [-1.785825059749186, 54.96273748332169], [-1.784589622169733, 54.96201880008448], [-1.78335418459028, 54.96201880008448], [-1.782118747010827, 54.96130011684727], [-1.780883309431374, 54.96130011684727], [-1.7802655906416476, 54.961659458465874], [-1.7802655906416476, 54.962378141703084], [-1.7777947154827416, 54.963815508177504], [-1.7777947154827416, 54.964534191414714], [-1.777176996693015, 54.96489353303332], [-1.775941559113562, 54.96489353303332], [-1.7747061215341091, 54.96417484979611], [-1.7734706839546561, 54.96417484979611], [-1.7722352463752031, 54.9634561665589], [-1.7697643712162971, 54.96489353303332], [-1.7685289336368442, 54.96417484979611], [-1.7679112148471177, 54.964534191414714], [-1.7679112148471177, 54.965252874651924], [-1.7672934960573912, 54.96561221627053], [-1.7635871833190322, 54.96561221627053], [-1.7598808705806732, 54.9634561665589], [-1.7586454330012202, 54.9634561665589], [-1.7574099954217672, 54.96273748332169], [-1.7549391202628613, 54.96273748332169], [-1.7537036826834083, 54.96201880008448], [-1.7475264947861433, 54.96201880008448], [-1.7469087759964168, 54.961659458465874], [-1.7469087759964168, 54.960940775228664], [-1.7456733384169638, 54.960222091991454], [-1.7456733384169638, 54.959503408754244], [-1.7450556196272373, 54.95914406713564], [-1.7438201820477843, 54.95986275037285], [-1.7425847444683313, 54.95986275037285], [-1.7419670256786048, 54.959503408754244], [-1.7419670256786048, 54.958784725517035], [-1.7432024632580578, 54.958066042279825], [-1.7419670256786048, 54.957347359042615], [-1.7425847444683313, 54.95698801742401], [-1.7462910572066903, 54.95698801742401], [-1.7475264947861433, 54.9562693341868], [-1.7487619323655963, 54.9562693341868], [-1.7493796511553228, 54.955909992568195], [-1.7493796511553228, 54.954472626093775], [-1.7469087759964168, 54.953035259619355], [-1.7469087759964168, 54.952316576382145], [-1.7462910572066903, 54.95195723476354], [-1.7438201820477843, 54.95195723476354], [-1.7432024632580578, 54.951597893144935], [-1.7432024632580578, 54.948723160196096], [-1.7425847444683313, 54.94836381857749], [-1.7413493068888783, 54.94836381857749], [-1.7401138693094254, 54.9490825018147], [-1.7382607129402459, 54.948004476958886], [-1.7382607129402459, 54.946567110484466], [-1.7364075565710664, 54.94548908562865], [-1.7351721189916134, 54.94548908562865], [-1.7339366814121604, 54.94620776886586], [-1.7327012438327074, 54.94620776886586], [-1.7302303686738014, 54.94477040239144], [-1.7277594935148954, 54.94477040239144], [-1.724670899566263, 54.942973694298416], [-1.7252886183559895, 54.94261435267981], [-1.7265240559354424, 54.94261435267981], [-1.7277594935148954, 54.9418956694426], [-1.7302303686738014, 54.9418956694426], [-1.730848087463528, 54.94225501106121], [-1.730848087463528, 54.942973694298416], [-1.7314658062532544, 54.94333303591702], [-1.7327012438327074, 54.94333303591702], [-1.733318962622434, 54.943692377535626], [-1.733318962622434, 54.944411060772836], [-1.7339366814121604, 54.94477040239144], [-1.7382607129402459, 54.94225501106121], [-1.7382607129402459, 54.941536327824], [-1.7370252753607929, 54.94081764458679], [-1.7370252753607929, 54.93938027811237], [-1.7382607129402459, 54.93866159487516], [-1.7382607129402459, 54.93722422840074], [-1.7370252753607929, 54.93650554516353], [-1.7370252753607929, 54.93578686192632], [-1.7376429941505194, 54.93542752030771], [-1.7388784317299724, 54.93542752030771], [-1.7407315880991518, 54.93650554516353], [-1.7407315880991518, 54.93722422840074], [-1.7413493068888783, 54.93758357001934], [-1.7425847444683313, 54.93758357001934], [-1.7438201820477843, 54.93830225325655], [-1.7450556196272373, 54.93830225325655], [-1.7456733384169638, 54.93794291163795], [-1.7444379008375108, 54.93722422840074], [-1.7444379008375108, 54.93650554516353], [-1.7450556196272373, 54.93614620354492], [-1.7462910572066903, 54.93614620354492], [-1.7469087759964168, 54.93578686192632], [-1.7469087759964168, 54.9343494954519], [-1.7462910572066903, 54.93399015383329], [-1.7450556196272373, 54.93399015383329], [-1.7444379008375108, 54.93363081221469], [-1.7444379008375108, 54.93219344574027], [-1.7450556196272373, 54.93183410412166], [-1.7462910572066903, 54.93183410412166], [-1.7475264947861433, 54.93255278735887], [-1.7487619323655963, 54.93255278735887], [-1.7506150887347758, 54.93147476250306], [-1.7506150887347758, 54.92860002955422], [-1.7530859638936818, 54.9271626630798], [-1.7518505263142288, 54.92644397984259], [-1.7518505263142288, 54.92428793013096], [-1.7524682451039553, 54.923928588512354], [-1.7537036826834083, 54.923928588512354], [-1.7561745578423142, 54.92536595498677], [-1.7586454330012202, 54.92536595498677], [-1.7598808705806732, 54.92608463822398], [-1.7611163081601262, 54.92608463822398], [-1.7623517457395792, 54.92536595498677], [-1.7648226208984852, 54.92536595498677], [-1.7660580584779382, 54.92608463822398], [-1.7672934960573912, 54.92608463822398], [-1.7703820900060236, 54.92788134631701], [-1.7703820900060236, 54.92860002955422], [-1.7697643712162971, 54.92895937117282], [-1.7685289336368442, 54.92824068793561], [-1.7672934960573912, 54.92824068793561], [-1.7654403396882117, 54.92931871279143], [-1.7672934960573912, 54.93039673764724], [-1.7685289336368442, 54.93039673764724], [-1.7697643712162971, 54.92967805441003], [-1.7716175275854766, 54.93075607926585], [-1.7716175275854766, 54.93147476250306], [-1.7703820900060236, 54.93219344574027], [-1.7703820900060236, 54.93363081221469], [-1.7691466524265707, 54.9343494954519], [-1.7697643712162971, 54.9347088370705], [-1.7734706839546561, 54.9347088370705], [-1.7740884027443826, 54.93506817868911], [-1.7740884027443826, 54.93650554516353], [-1.7747061215341091, 54.93686488678213], [-1.775941559113562, 54.93686488678213], [-1.7765592779032886, 54.93722422840074], [-1.7765592779032886, 54.93794291163795], [-1.777176996693015, 54.93830225325655], [-1.778412434272468, 54.93830225325655], [-1.782118747010827, 54.94045830296818], [-1.784589622169733, 54.94045830296818], [-1.787060497328639, 54.93902093649376], [-1.789531372487545, 54.93902093649376], [-1.792002247646451, 54.94045830296818], [-1.794473122805357, 54.94045830296818], [-1.796943997964263, 54.93902093649376], [-1.798179435543716, 54.93902093649376], [-1.8000325919128954, 54.93794291163795], [-1.8000325919128954, 54.93722422840074], [-1.8012680294923484, 54.93650554516353], [-1.8012680294923484, 54.93578686192632], [-1.803121185861528, 54.9347088370705], [-1.804356623440981, 54.9347088370705], [-1.8049743422307074, 54.93506817868911], [-1.8049743422307074, 54.93578686192632], [-1.8037389046512544, 54.93650554516353], [-1.804356623440981, 54.93686488678213], [-1.805592061020434, 54.93614620354492], [-1.8080629361793399, 54.93614620354492], [-1.8092983737587929, 54.93542752030771], [-1.8105338113382459, 54.93542752030771], [-1.8111515301279724, 54.93506817868911], [-1.8111515301279724, 54.93147476250306], [-1.8074452173896134, 54.92931871279143], [-1.8080629361793399, 54.92895937117282], [-1.8092983737587929, 54.92895937117282], [-1.8123869677074254, 54.9271626630798], [-1.8123869677074254, 54.92644397984259], [-1.8111515301279724, 54.92572529660538], [-1.8130046864971519, 54.92464727174956], [-1.8142401240766048, 54.92464727174956], [-1.8154755616560578, 54.92536595498677], [-1.8167109992355108, 54.92536595498677], [-1.8173287180252373, 54.92500661336817], [-1.8173287180252373, 54.92428793013096], [-1.8185641556046903, 54.92356924689375], [-1.8185641556046903, 54.92069451394491], [-1.8191818743944168, 54.920335172326304], [-1.8216527495533228, 54.920335172326304], [-1.8222704683430493, 54.9199758307077], [-1.8222704683430493, 54.91853846423328], [-1.8210350307635963, 54.91781978099607], [-1.8210350307635963, 54.91710109775886], [-1.8204173119738698, 54.916741756140254], [-1.8191818743944168, 54.917460439377464], [-1.8167109992355108, 54.917460439377464], [-1.8160932804457843, 54.91710109775886], [-1.8167109992355108, 54.916741756140254], [-1.8179464368149638, 54.916741756140254], [-1.8210350307635963, 54.91494504804723], [-1.8191818743944168, 54.913867023191415], [-1.8179464368149638, 54.913867023191415], [-1.8136224052868783, 54.91135163186118], [-1.8142401240766048, 54.910992290242575], [-1.8154755616560578, 54.910992290242575], [-1.8160932804457843, 54.91063294862397], [-1.8154755616560578, 54.910273607005365], [-1.8142401240766048, 54.910273607005365], [-1.8123869677074254, 54.91135163186118], [-1.8148578428663313, 54.9127889983356], [-1.8148578428663313, 54.91494504804723], [-1.8160932804457843, 54.91566373128444], [-1.8160932804457843, 54.91638241452165], [-1.8154755616560578, 54.916741756140254], [-1.8142401240766048, 54.916741756140254], [-1.8136224052868783, 54.91710109775886], [-1.8136224052868783, 54.91781978099607], [-1.8117692489176989, 54.918897805851884], [-1.8105338113382459, 54.918897805851884], [-1.8099160925485194, 54.91925714747049], [-1.8099160925485194, 54.92141319718212], [-1.8080629361793399, 54.922491222037934], [-1.805592061020434, 54.922491222037934], [-1.804356623440981, 54.923209905275144], [-1.803121185861528, 54.923209905275144], [-1.800650310702622, 54.92464727174956], [-1.796943997964263, 54.92464727174956], [-1.794473122805357, 54.923209905275144], [-1.792002247646451, 54.923209905275144], [-1.7913845288567245, 54.92285056365654], [-1.7926199664361775, 54.92213188041933], [-1.7926199664361775, 54.92141319718212], [-1.792002247646451, 54.921053855563514], [-1.790766810066998, 54.921053855563514], [-1.7901490912772715, 54.92069451394491], [-1.7913845288567245, 54.9199758307077], [-1.7913845288567245, 54.91853846423328], [-1.790766810066998, 54.918179122614674], [-1.789531372487545, 54.918179122614674], [-1.788295934908092, 54.918897805851884], [-1.787060497328639, 54.918897805851884], [-1.7864427785389125, 54.91853846423328], [-1.7864427785389125, 54.91781978099607], [-1.785825059749186, 54.917460439377464], [-1.78335418459028, 54.917460439377464], [-1.7815010282211006, 54.91638241452165], [-1.7815010282211006, 54.91566373128444], [-1.780883309431374, 54.915304389665835], [-1.778412434272468, 54.915304389665835], [-1.777176996693015, 54.914585706428625], [-1.775941559113562, 54.914585706428625], [-1.7747061215341091, 54.915304389665835], [-1.7734706839546561, 54.915304389665835], [-1.7709998087957501, 54.913867023191415], [-1.7672934960573912, 54.916023072903045], [-1.7635871833190322, 54.916023072903045], [-1.7611163081601262, 54.914585706428625], [-1.7586454330012202, 54.914585706428625], [-1.7561745578423142, 54.913148339954205], [-1.7537036826834083, 54.913148339954205], [-1.7518505263142288, 54.91422636481002], [-1.7518505263142288, 54.91781978099607], [-1.7512328075245023, 54.918179122614674], [-1.7481442135758698, 54.91638241452165], [-1.7481442135758698, 54.91566373128444], [-1.7487619323655963, 54.915304389665835], [-1.7499973699450493, 54.915304389665835], [-1.7506150887347758, 54.91494504804723], [-1.7506150887347758, 54.91350768157281], [-1.7499973699450493, 54.913148339954205], [-1.7475264947861433, 54.913148339954205], [-1.7469087759964168, 54.9127889983356], [-1.7469087759964168, 54.91135163186118], [-1.7462910572066903, 54.910992290242575], [-1.7450556196272373, 54.910992290242575], [-1.7438201820477843, 54.911710973479785], [-1.7425847444683313, 54.911710973479785], [-1.7419670256786048, 54.91207031509839], [-1.7419670256786048, 54.9127889983356], [-1.7401138693094254, 54.913867023191415], [-1.7364075565710664, 54.913867023191415], [-1.734554400201887, 54.9127889983356], [-1.7370252753607929, 54.91135163186118], [-1.734554400201887, 54.90991426538676], [-1.7351721189916134, 54.909554923768155], [-1.7413493068888783, 54.909554923768155], [-1.7425847444683313, 54.910273607005365], [-1.7462910572066903, 54.910273607005365], [-1.7475264947861433, 54.909554923768155], [-1.7487619323655963, 54.909554923768155], [-1.7518505263142288, 54.91135163186118], [-1.7518505263142288, 54.91207031509839], [-1.7524682451039553, 54.912429656716995], [-1.7537036826834083, 54.912429656716995], [-1.7549391202628613, 54.911710973479785], [-1.7561745578423142, 54.911710973479785], [-1.7567922766320407, 54.91135163186118], [-1.7567922766320407, 54.91063294862397], [-1.7555568390525877, 54.90991426538676], [-1.7555568390525877, 54.90919558214955], [-1.7567922766320407, 54.90847689891234], [-1.7561745578423142, 54.908117557293735], [-1.7549391202628613, 54.908836240530945], [-1.7543214014731348, 54.90847689891234], [-1.7543214014731348, 54.90632084920071], [-1.7549391202628613, 54.905961507582106], [-1.7586454330012202, 54.905961507582106], [-1.7611163081601262, 54.904524141107686], [-1.7635871833190322, 54.904524141107686], [-1.7648226208984852, 54.903805457870476], [-1.7654403396882117, 54.90416479948908], [-1.7654403396882117, 54.90488348272629], [-1.7660580584779382, 54.905242824344896], [-1.7672934960573912, 54.905242824344896], [-1.7679112148471177, 54.90488348272629], [-1.7679112148471177, 54.90416479948908], [-1.7666757772676647, 54.90344611625187], [-1.7666757772676647, 54.90272743301466], [-1.7672934960573912, 54.902368091396056], [-1.7685289336368442, 54.902368091396056], [-1.7691466524265707, 54.90200874977745], [-1.7691466524265707, 54.90129006654024], [-1.7697643712162971, 54.900930724921636], [-1.7709998087957501, 54.900930724921636], [-1.7716175275854766, 54.90057138330303], [-1.7716175275854766, 54.89913401682861], [-1.7709998087957501, 54.89877467521001], [-1.7697643712162971, 54.89877467521001], [-1.7666757772676647, 54.89697796711698], [-1.7666757772676647, 54.89625928387977], [-1.7660580584779382, 54.89589994226117], [-1.7648226208984852, 54.89589994226117], [-1.7623517457395792, 54.89446257578675], [-1.7611163081601262, 54.89518125902396], [-1.7586454330012202, 54.89518125902396], [-1.7567922766320407, 54.89410323416814], [-1.7567922766320407, 54.89338455093093], [-1.7561745578423142, 54.89302520931233], [-1.7499973699450493, 54.89302520931233], [-1.7493796511553228, 54.89338455093093], [-1.7493796511553228, 54.89554060064256], [-1.7475264947861433, 54.89661862549838], [-1.7462910572066903, 54.89661862549838], [-1.7450556196272373, 54.89589994226117], [-1.7438201820477843, 54.89589994226117], [-1.7432024632580578, 54.89554060064256], [-1.7432024632580578, 54.89482191740535], [-1.7425847444683313, 54.89446257578675], [-1.7413493068888783, 54.89446257578675], [-1.7401138693094254, 54.89374389254954], [-1.7388784317299724, 54.89374389254954], [-1.7382607129402459, 54.89338455093093], [-1.7394961505196989, 54.89266586769372], [-1.7394961505196989, 54.8912285012193], [-1.7419670256786048, 54.88979113474488], [-1.7401138693094254, 54.88871310988907], [-1.7364075565710664, 54.88871310988907], [-1.7351721189916134, 54.88799442665186], [-1.7327012438327074, 54.88943179312628], [-1.7314658062532544, 54.88943179312628], [-1.7302303686738014, 54.88871310988907], [-1.7277594935148954, 54.88871310988907], [-1.727141774725169, 54.88835376827046], [-1.728377212304622, 54.88763508503325], [-1.727141774725169, 54.88691640179604], [-1.728377212304622, 54.88619771855883], [-1.728377212304622, 54.88547903532162], [-1.7277594935148954, 54.88511969370302], [-1.7252886183559895, 54.88511969370302], [-1.7240531807765365, 54.88440101046581], [-1.7228177431970835, 54.88440101046581], [-1.722200024407357, 54.8840416688472], [-1.722200024407357, 54.881166935898364], [-1.7215823056176305, 54.88080759427976], [-1.7191114304587245, 54.88080759427976], [-1.7166405552998185, 54.88224496075418], [-1.716022836510092, 54.88188561913557], [-1.716022836510092, 54.879010886186734], [-1.714787398930639, 54.878292202949524], [-1.714787398930639, 54.877573519712314], [-1.7141696801409125, 54.87721417809371], [-1.7129342425614595, 54.87721417809371], [-1.7116988049820065, 54.8764954948565], [-1.7104633674025536, 54.87721417809371], [-1.708610211033374, 54.876136153237894], [-1.709845648612827, 54.875417470000684], [-1.709845648612827, 54.873980103526264], [-1.708610211033374, 54.873261420289055], [-1.709845648612827, 54.872542737051845], [-1.709845648612827, 54.871824053814635], [-1.712316523771733, 54.870386687340215], [-1.712316523771733, 54.869668004103005], [-1.713551961351186, 54.868949320865795], [-1.713551961351186, 54.866074587916955], [-1.7141696801409125, 54.86571524629835], [-1.7178759928792715, 54.86571524629835], [-1.7203468680381775, 54.86715261277277], [-1.7215823056176305, 54.86715261277277], [-1.72343546198681, 54.866074587916955], [-1.72343546198681, 54.863918538205326], [-1.7277594935148954, 54.86140314687509], [-1.7289949310943484, 54.86140314687509], [-1.729612649884075, 54.861043805256486], [-1.728377212304622, 54.860325122019276], [-1.7289949310943484, 54.85996578040067], [-1.7314658062532544, 54.85996578040067], [-1.7339366814121604, 54.85852841392625], [-1.7364075565710664, 54.85852841392625], [-1.7370252753607929, 54.858887755544856], [-1.7357898377813399, 54.859606438782066], [-1.7364075565710664, 54.85996578040067], [-1.7376429941505194, 54.85924709716346], [-1.7382607129402459, 54.859606438782066], [-1.7382607129402459, 54.861762488493696], [-1.7388784317299724, 54.8621218301123], [-1.7425847444683313, 54.8621218301123], [-1.7432024632580578, 54.861762488493696], [-1.7432024632580578, 54.861043805256486], [-1.7413493068888783, 54.85996578040067], [-1.7401138693094254, 54.85996578040067], [-1.7394961505196989, 54.859606438782066], [-1.7394961505196989, 54.857450389070436], [-1.7382607129402459, 54.856731705833226], [-1.7382607129402459, 54.85601302259602], [-1.7376429941505194, 54.85565368097741], [-1.7351721189916134, 54.85565368097741], [-1.7339366814121604, 54.8549349977402], [-1.7327012438327074, 54.8549349977402], [-1.7314658062532544, 54.85421631450299], [-1.730848087463528, 54.8545756561216], [-1.730848087463528, 54.85529433935881], [-1.7289949310943484, 54.85637236421462], [-1.7277594935148954, 54.85637236421462], [-1.727141774725169, 54.856731705833226], [-1.727141774725169, 54.857450389070436], [-1.7265240559354424, 54.85780973068904], [-1.7252886183559895, 54.85709104745183], [-1.7240531807765365, 54.85709104745183], [-1.72343546198681, 54.857450389070436], [-1.72343546198681, 54.858169072307646], [-1.7228177431970835, 54.85852841392625], [-1.7215823056176305, 54.85780973068904], [-1.7203468680381775, 54.85852841392625], [-1.7178759928792715, 54.85709104745183], [-1.717258274089545, 54.857450389070436], [-1.717258274089545, 54.859606438782066], [-1.7154051177203655, 54.86068446363788], [-1.7141696801409125, 54.86068446363788], [-1.713551961351186, 54.860325122019276], [-1.714787398930639, 54.859606438782066], [-1.714787398930639, 54.858169072307646], [-1.7129342425614595, 54.85709104745183], [-1.7104633674025536, 54.85709104745183], [-1.709845648612827, 54.856731705833226], [-1.709845648612827, 54.85529433935881], [-1.71108108619228, 54.8545756561216], [-1.71108108619228, 54.85385697288439], [-1.7129342425614595, 54.85277894802857], [-1.7141696801409125, 54.85277894802857], [-1.7154051177203655, 54.85349763126578], [-1.716022836510092, 54.85313828964718], [-1.714787398930639, 54.85241960640997], [-1.714787398930639, 54.85026355669834], [-1.716022836510092, 54.84954487346113], [-1.7141696801409125, 54.84846684860531], [-1.7129342425614595, 54.84846684860531], [-1.7116988049820065, 54.8477481653681], [-1.7079924922436476, 54.8477481653681], [-1.707374773453921, 54.84810750698671], [-1.707374773453921, 54.85026355669834], [-1.7067570546641946, 54.85062289831694], [-1.7055216170847416, 54.85062289831694], [-1.7042861795052886, 54.84990421507973], [-1.7030507419258356, 54.84990421507973], [-1.7018153043463826, 54.85062289831694], [-1.7005798667669296, 54.85062289831694], [-1.6999621479772031, 54.85098223993555], [-1.6999621479772031, 54.85385697288439], [-1.6993444291874766, 54.85421631450299], [-1.6968735540285707, 54.85421631450299], [-1.6962558352388442, 54.8545756561216], [-1.6974912728182971, 54.85529433935881], [-1.6974912728182971, 54.857450389070436], [-1.6956381164491177, 54.85852841392625], [-1.6944026788696647, 54.85852841392625], [-1.6925495225004852, 54.859606438782066], [-1.6925495225004852, 54.861762488493696], [-1.6894609285518527, 54.86355919658672], [-1.6882254909723997, 54.86284051334951], [-1.6869900533929467, 54.86355919658672], [-1.6832837406545877, 54.86355919658672], [-1.6826660218648612, 54.863918538205326], [-1.6826660218648612, 54.864637221442536], [-1.6820483030751348, 54.86499656306114], [-1.6808128654956818, 54.86499656306114], [-1.6801951467059553, 54.864637221442536], [-1.6801951467059553, 54.863918538205326], [-1.6795774279162288, 54.86355919658672], [-1.6783419903367758, 54.86355919658672], [-1.6777242715470493, 54.863918538205326], [-1.6789597091265023, 54.864637221442536], [-1.6789597091265023, 54.865355904679745], [-1.6783419903367758, 54.86571524629835], [-1.6771065527573228, 54.86499656306114], [-1.6746356775984168, 54.86643392953556], [-1.6734002400189638, 54.86643392953556], [-1.6703116460703313, 54.868230637628585], [-1.6703116460703313, 54.868949320865795], [-1.6696939272806048, 54.8693086624844], [-1.6684584897011518, 54.86858997924719], [-1.6659876145422459, 54.86858997924719], [-1.6647521769627929, 54.86787129600998], [-1.662281301803887, 54.86787129600998], [-1.659810426644981, 54.8693086624844], [-1.658574989065528, 54.8693086624844], [-1.6567218326963484, 54.870386687340215], [-1.6567218326963484, 54.871824053814635], [-1.656104113906622, 54.87218339543324], [-1.654868676327169, 54.87218339543324], [-1.6542509575374424, 54.872542737051845], [-1.6542509575374424, 54.873261420289055], [-1.6530155199579895, 54.873980103526264], [-1.6530155199579895, 54.874698786763474], [-1.652397801168263, 54.87505812838208], [-1.65116236358881, 54.87505812838208], [-1.6480737696401775, 54.873261420289055], [-1.6480737696401775, 54.872542737051845], [-1.6468383320607245, 54.871824053814635], [-1.6468383320607245, 54.871105370577425], [-1.6456028944812715, 54.870386687340215], [-1.6456028944812715, 54.869668004103005], [-1.6468383320607245, 54.868949320865795], [-1.6468383320607245, 54.868230637628585], [-1.646220613270998, 54.86787129600998], [-1.643749738112092, 54.86787129600998], [-1.6418965817429125, 54.866793271154165], [-1.6418965817429125, 54.860325122019276], [-1.641278862953186, 54.85996578040067], [-1.63880798779428, 54.85996578040067], [-1.637572550214827, 54.85924709716346], [-1.6369548314251006, 54.859606438782066], [-1.6369548314251006, 54.861043805256486], [-1.636337112635374, 54.86140314687509], [-1.635101675055921, 54.86068446363788], [-1.6344839562661946, 54.861043805256486], [-1.6344839562661946, 54.862481171730906], [-1.633866237476468, 54.86284051334951], [-1.632630799897015, 54.8621218301123], [-1.6320130811072886, 54.862481171730906], [-1.6320130811072886, 54.863918538205326], [-1.632630799897015, 54.86427787982393], [-1.635101675055921, 54.86427787982393], [-1.636337112635374, 54.86499656306114], [-1.63880798779428, 54.86499656306114], [-1.6394257065840065, 54.865355904679745], [-1.637572550214827, 54.86643392953556], [-1.633866237476468, 54.86643392953556], [-1.6332485186867416, 54.866793271154165], [-1.6332485186867416, 54.867511954391375], [-1.632630799897015, 54.86787129600998], [-1.6320130811072886, 54.867511954391375], [-1.6320130811072886, 54.866793271154165], [-1.6295422059483826, 54.865355904679745], [-1.6295422059483826, 54.863199854968116], [-1.6276890495792031, 54.8621218301123], [-1.6239827368408442, 54.86427787982393], [-1.6233650180511177, 54.863918538205326], [-1.6233650180511177, 54.863199854968116], [-1.6227472992613912, 54.86284051334951], [-1.6215118616819382, 54.86284051334951], [-1.6202764241024852, 54.86355919658672], [-1.6190409865230322, 54.86284051334951], [-1.6178055489435792, 54.86284051334951], [-1.6171878301538527, 54.863199854968116], [-1.6171878301538527, 54.863918538205326], [-1.6165701113641262, 54.86427787982393], [-1.6153346737846732, 54.86427787982393], [-1.6140992362052202, 54.86499656306114], [-1.6128637986257672, 54.86499656306114], [-1.6110106422565877, 54.863918538205326], [-1.6110106422565877, 54.862481171730906], [-1.6097752046771348, 54.861762488493696], [-1.6110106422565877, 54.861043805256486], [-1.6110106422565877, 54.860325122019276], [-1.6103929234668612, 54.85996578040067], [-1.6091574858874083, 54.85996578040067], [-1.6085397670976818, 54.859606438782066], [-1.6085397670976818, 54.858887755544856], [-1.6079220483079553, 54.85852841392625], [-1.6054511731490493, 54.85852841392625], [-1.6023625792004168, 54.856731705833226], [-1.6023625792004168, 54.85601302259602], [-1.6017448604106903, 54.85565368097741], [-1.6005094228312373, 54.85565368097741], [-1.5998917040415108, 54.85601302259602], [-1.5998917040415108, 54.857450389070436], [-1.5980385476723313, 54.85852841392625], [-1.5968031100928783, 54.85852841392625], [-1.5955676725134254, 54.85924709716346], [-1.5937145161442459, 54.858169072307646], [-1.5937145161442459, 54.857450389070436], [-1.5949499537236989, 54.856731705833226], [-1.5949499537236989, 54.85601302259602], [-1.5943322349339724, 54.85565368097741], [-1.5918613597750664, 54.85709104745183], [-1.5900082034058869, 54.85601302259602], [-1.5900082034058869, 54.8545756561216], [-1.5924790785647929, 54.85313828964718], [-1.5906259221956134, 54.85206026479136], [-1.5893904846161604, 54.85206026479136], [-1.588772765826434, 54.85170092317276], [-1.588772765826434, 54.85098223993555], [-1.5906259221956134, 54.84990421507973], [-1.5918613597750664, 54.85062289831694], [-1.5943322349339724, 54.85062289831694], [-1.5961853913031518, 54.84954487346113], [-1.5943322349339724, 54.84846684860531], [-1.5930967973545194, 54.84846684860531], [-1.5924790785647929, 54.84810750698671], [-1.5924790785647929, 54.8473888237495], [-1.5906259221956134, 54.84631079889368], [-1.5893904846161604, 54.84631079889368], [-1.5881550470367074, 54.84559211565647], [-1.5869196094572544, 54.84559211565647], [-1.585066453088075, 54.84451409080066], [-1.586301890667528, 54.84379540756345], [-1.585066453088075, 54.84307672432624], [-1.585066453088075, 54.84235804108903], [-1.5856841718778014, 54.84199869947042], [-1.5881550470367074, 54.84199869947042], [-1.588772765826434, 54.84163935785182], [-1.588772765826434, 54.8402019913774], [-1.5893904846161604, 54.83984264975879], [-1.5943322349339724, 54.83984264975879], [-1.5949499537236989, 54.83948330814019], [-1.5949499537236989, 54.83876462490298], [-1.5974208288826048, 54.83732725842856], [-1.5974208288826048, 54.83660857519135], [-1.5980385476723313, 54.836249233572744], [-1.5992739852517843, 54.836249233572744], [-1.5998917040415108, 54.83588989195414], [-1.5992739852517843, 54.835530550335534], [-1.5968031100928783, 54.835530550335534], [-1.5937145161442459, 54.83373384224251], [-1.5937145161442459, 54.83014042605646], [-1.5974208288826048, 54.82798437634483], [-1.5974208288826048, 54.82439096015878], [-1.5980385476723313, 54.824031618540175], [-1.5992739852517843, 54.824750301777385], [-1.6011271416209638, 54.82367227692157], [-1.6005094228312373, 54.823312935302965], [-1.5992739852517843, 54.823312935302965], [-1.5986562664620578, 54.82295359368436], [-1.5986562664620578, 54.82223491044715], [-1.5980385476723313, 54.821875568828546], [-1.5968031100928783, 54.822594252065755], [-1.5949499537236989, 54.82151622720994], [-1.5949499537236989, 54.82007886073552], [-1.5937145161442459, 54.81936017749831], [-1.5937145161442459, 54.8186414942611], [-1.5943322349339724, 54.818282152642496], [-1.5968031100928783, 54.818282152642496], [-1.5974208288826048, 54.81792281102389], [-1.5974208288826048, 54.81720412778668], [-1.5955676725134254, 54.816126102930866], [-1.5943322349339724, 54.816126102930866], [-1.5924790785647929, 54.81504807807505], [-1.5924790785647929, 54.81432939483784], [-1.5918613597750664, 54.813970053219236], [-1.5906259221956134, 54.813970053219236], [-1.5900082034058869, 54.81432939483784], [-1.5900082034058869, 54.81720412778668], [-1.588772765826434, 54.81792281102389], [-1.588772765826434, 54.8186414942611], [-1.5912436409853399, 54.82007886073552], [-1.5906259221956134, 54.820438202354126], [-1.5893904846161604, 54.820438202354126], [-1.588772765826434, 54.82079754397273], [-1.588772765826434, 54.82295359368436], [-1.5900082034058869, 54.82367227692157], [-1.5893904846161604, 54.824031618540175], [-1.5881550470367074, 54.824031618540175], [-1.587537328246981, 54.82439096015878], [-1.587537328246981, 54.82510964339599], [-1.586301890667528, 54.8258283266332], [-1.587537328246981, 54.82654700987041], [-1.586301890667528, 54.82726569310762], [-1.5869196094572544, 54.827625034726225], [-1.5893904846161604, 54.827625034726225], [-1.5906259221956134, 54.828343717963435], [-1.5918613597750664, 54.827625034726225], [-1.5924790785647929, 54.82798437634483], [-1.5924790785647929, 54.82942174281925], [-1.5900082034058869, 54.83085910929367], [-1.5900082034058869, 54.83229647576809], [-1.5881550470367074, 54.833374500623904], [-1.5856841718778014, 54.833374500623904], [-1.5832132967188954, 54.831937134149484], [-1.582595577929169, 54.83229647576809], [-1.582595577929169, 54.8330151590053], [-1.5819778591394424, 54.833374500623904], [-1.5807424215599895, 54.833374500623904], [-1.580124702770263, 54.83373384224251], [-1.580124702770263, 54.83804594166577], [-1.5795069839805365, 54.838405283284374], [-1.57888926519081, 54.83804594166577], [-1.57888926519081, 54.83732725842856], [-1.5770361088216305, 54.836249233572744], [-1.576418390031904, 54.83660857519135], [-1.576418390031904, 54.83732725842856], [-1.5758006712421775, 54.837686600047164], [-1.5745652336627245, 54.837686600047164], [-1.572712077293545, 54.83876462490298], [-1.572712077293545, 54.84092067461461], [-1.5720943585038185, 54.84128001623321], [-1.5708589209243655, 54.84128001623321], [-1.570241202134639, 54.84163935785182], [-1.5720943585038185, 54.84271738270763], [-1.5733297960832715, 54.84271738270763], [-1.573947514872998, 54.84307672432624], [-1.573947514872998, 54.84379540756345], [-1.572712077293545, 54.84451409080066], [-1.572712077293545, 54.84523277403787], [-1.5720943585038185, 54.84559211565647], [-1.5696234833449125, 54.84559211565647], [-1.5671526081860065, 54.84415474918205], [-1.5659171706065536, 54.84487343241926], [-1.5646817330271006, 54.84487343241926], [-1.5634462954476476, 54.84415474918205], [-1.562828576657921, 54.84451409080066], [-1.562828576657921, 54.84523277403787], [-1.5622108578681946, 54.84559211565647], [-1.5609754202887416, 54.84559211565647], [-1.559122263919562, 54.84667014051229], [-1.559122263919562, 54.8473888237495], [-1.560357701499015, 54.84810750698671], [-1.560357701499015, 54.84954487346113], [-1.5585045451298356, 54.85062289831694], [-1.5572691075503826, 54.85062289831694], [-1.5566513887606561, 54.85026355669834], [-1.5566513887606561, 54.84954487346113], [-1.5529450760222971, 54.8473888237495], [-1.5529450760222971, 54.84523277403787], [-1.5517096384428442, 54.84451409080066], [-1.5517096384428442, 54.84379540756345], [-1.5504742008633912, 54.84307672432624], [-1.5504742008633912, 54.84092067461461], [-1.5510919196531177, 54.840561332996], [-1.5535627948120236, 54.840561332996], [-1.5554159511812031, 54.83948330814019], [-1.5554159511812031, 54.83876462490298], [-1.5541805136017501, 54.83804594166577], [-1.5554159511812031, 54.83732725842856], [-1.5554159511812031, 54.83588989195414], [-1.5529450760222971, 54.83445252547972], [-1.5535627948120236, 54.834093183861114], [-1.5547982323914766, 54.834093183861114], [-1.5554159511812031, 54.83373384224251], [-1.5554159511812031, 54.8330151590053], [-1.5541805136017501, 54.83229647576809], [-1.5541805136017501, 54.83157779253088], [-1.5535627948120236, 54.831218450912274], [-1.5523273572325706, 54.831937134149484], [-1.5498564820736647, 54.831937134149484], [-1.5492387632839382, 54.83157779253088], [-1.5492387632839382, 54.83085910929367], [-1.5486210444942117, 54.830499767675065], [-1.5461501693353057, 54.830499767675065], [-1.5449147317558527, 54.831218450912274], [-1.5436792941763997, 54.830499767675065], [-1.5430615753866732, 54.83085910929367], [-1.5430615753866732, 54.83229647576809], [-1.5424438565969467, 54.832655817386694], [-1.5418261378072202, 54.83229647576809], [-1.5418261378072202, 54.83157779253088], [-1.5412084190174937, 54.831218450912274], [-1.5387375438585877, 54.832655817386694], [-1.5362666686996818, 54.832655817386694], [-1.5337957935407758, 54.834093183861114], [-1.5313249183818698, 54.834093183861114], [-1.5307071995921433, 54.83445252547972], [-1.5307071995921433, 54.83517120871693], [-1.5294717620126903, 54.83588989195414], [-1.5313249183818698, 54.836967916809954], [-1.5337957935407758, 54.836967916809954], [-1.5356489499099553, 54.83804594166577], [-1.5356489499099553, 54.83948330814019], [-1.5344135123305023, 54.8402019913774], [-1.5344135123305023, 54.84092067461461], [-1.5337957935407758, 54.84128001623321], [-1.5300894808024168, 54.84128001623321], [-1.5294717620126903, 54.84163935785182], [-1.5294717620126903, 54.84235804108903], [-1.5300894808024168, 54.84271738270763], [-1.5313249183818698, 54.84271738270763], [-1.5319426371715963, 54.84307672432624], [-1.5319426371715963, 54.84379540756345], [-1.5313249183818698, 54.84415474918205], [-1.5276186056435108, 54.84415474918205], [-1.5270008868537843, 54.84379540756345], [-1.5270008868537843, 54.84307672432624], [-1.5263831680640578, 54.84271738270763], [-1.5239122929051518, 54.84271738270763], [-1.5232945741154253, 54.84235804108903], [-1.5232945741154253, 54.84163935785182], [-1.5245300116948783, 54.84092067461461], [-1.5245300116948783, 54.83948330814019], [-1.5226768553256989, 54.838405283284374], [-1.5214414177462459, 54.838405283284374], [-1.5208236989565194, 54.83876462490298], [-1.5208236989565194, 54.83948330814019], [-1.5195882613770664, 54.8402019913774], [-1.5195882613770664, 54.84092067461461], [-1.5189705425873399, 54.84128001623321], [-1.5177351050078869, 54.84128001623321], [-1.515264229848981, 54.84271738270763], [-1.5146465110592544, 54.84235804108903], [-1.5146465110592544, 54.84163935785182], [-1.512793354690075, 54.840561332996], [-1.511557917110622, 54.84128001623321], [-1.510322479531169, 54.84128001623321], [-1.509087041951716, 54.840561332996], [-1.507851604372263, 54.840561332996], [-1.5047630104236305, 54.83876462490298], [-1.5047630104236305, 54.83660857519135], [-1.504145291633904, 54.836249233572744], [-1.499203541316092, 54.836249233572744], [-1.496732666157186, 54.834811867098324], [-1.495497228577733, 54.835530550335534], [-1.491790915839374, 54.835530550335534], [-1.490555478259921, 54.834811867098324], [-1.488084603101015, 54.834811867098324], [-1.4874668843112886, 54.83517120871693], [-1.4899377594701946, 54.83660857519135], [-1.4899377594701946, 54.83732725842856], [-1.488084603101015, 54.838405283284374], [-1.486849165521562, 54.837686600047164], [-1.485613727942109, 54.837686600047164], [-1.4843782903626561, 54.838405283284374], [-1.4831428527832031, 54.838405283284374], [-1.4819074152037501, 54.837686600047164], [-1.4806719776242971, 54.837686600047164], [-1.4800542588345706, 54.83732725842856], [-1.4800542588345706, 54.83588989195414], [-1.4806719776242971, 54.835530550335534], [-1.4831428527832031, 54.835530550335534], [-1.4837605715729296, 54.83517120871693], [-1.4837605715729296, 54.8330151590053], [-1.4849960091523826, 54.83229647576809], [-1.4837605715729296, 54.83157779253088], [-1.4843782903626561, 54.831218450912274], [-1.485613727942109, 54.831218450912274], [-1.4862314467318356, 54.83085910929367], [-1.4862314467318356, 54.82942174281925], [-1.485613727942109, 54.829062401200645], [-1.4843782903626561, 54.829062401200645], [-1.4837605715729296, 54.82870305958204], [-1.4843782903626561, 54.828343717963435], [-1.486849165521562, 54.828343717963435], [-1.4874668843112886, 54.82798437634483], [-1.4874668843112886, 54.82510964339599], [-1.490555478259921, 54.823312935302965], [-1.491790915839374, 54.824031618540175], [-1.4948795097880065, 54.82223491044715], [-1.4948795097880065, 54.82007886073552], [-1.496732666157186, 54.819000835879706], [-1.499203541316092, 54.819000835879706], [-1.500438978895545, 54.818282152642496], [-1.501674416474998, 54.818282152642496], [-1.5022921352647245, 54.81792281102389], [-1.5022921352647245, 54.81720412778668], [-1.5035275728441775, 54.81648544454947], [-1.5035275728441775, 54.81576676131226], [-1.504145291633904, 54.815407419693656], [-1.505380729213357, 54.816126102930866], [-1.5059984480030835, 54.81576676131226], [-1.5059984480030835, 54.81504807807505], [-1.507851604372263, 54.813970053219236], [-1.509087041951716, 54.813970053219236], [-1.5097047607414424, 54.81361071160063], [-1.5097047607414424, 54.81217334512621], [-1.507851604372263, 54.8110953202704], [-1.5059984480030835, 54.81217334512621], [-1.5059984480030835, 54.81361071160063], [-1.504145291633904, 54.814688736456446], [-1.501674416474998, 54.814688736456446], [-1.500438978895545, 54.813970053219236], [-1.499203541316092, 54.814688736456446], [-1.493026353418827, 54.814688736456446], [-1.490555478259921, 54.816126102930866], [-1.489320040680468, 54.816126102930866], [-1.4862314467318356, 54.81792281102389], [-1.4862314467318356, 54.81936017749831], [-1.4843782903626561, 54.820438202354126], [-1.4831428527832031, 54.820438202354126], [-1.4819074152037501, 54.819719519116916], [-1.4806719776242971, 54.819719519116916], [-1.4794365400448442, 54.820438202354126], [-1.4782011024653912, 54.820438202354126], [-1.4775833836756647, 54.82079754397273], [-1.4788188212551177, 54.82151622720994], [-1.4788188212551177, 54.82223491044715], [-1.4769656648859382, 54.823312935302965], [-1.4757302273064852, 54.822594252065755], [-1.4744947897270322, 54.823312935302965], [-1.4720239145681262, 54.823312935302965], [-1.4714061957783997, 54.82367227692157], [-1.4714061957783997, 54.82510964339599], [-1.4726416333578527, 54.8258283266332], [-1.4707884769886732, 54.826906351489015], [-1.4670821642503142, 54.826906351489015], [-1.4664644454605877, 54.82726569310762], [-1.4664644454605877, 54.82798437634483], [-1.4676998830400407, 54.82870305958204], [-1.4670821642503142, 54.829062401200645], [-1.4646112890914083, 54.829062401200645], [-1.4633758515119553, 54.829781084437855], [-1.4621404139325023, 54.829062401200645], [-1.4609049763530493, 54.829062401200645], [-1.4578163824044168, 54.82726569310762], [-1.4578163824044168, 54.82654700987041], [-1.4609049763530493, 54.824750301777385], [-1.4621404139325023, 54.824750301777385], [-1.4639935703016818, 54.82367227692157], [-1.4627581327222288, 54.82295359368436], [-1.4627581327222288, 54.82079754397273], [-1.4639935703016818, 54.82007886073552], [-1.4633758515119553, 54.819719519116916], [-1.4609049763530493, 54.819719519116916], [-1.4590518199838698, 54.8186414942611], [-1.4590518199838698, 54.81576676131226], [-1.4584341011941433, 54.815407419693656], [-1.4571986636146903, 54.816126102930866], [-1.4553455072455108, 54.81504807807505], [-1.4565809448249638, 54.81432939483784], [-1.4547277884557843, 54.81325136998203], [-1.4541100696660578, 54.81361071160063], [-1.4541100696660578, 54.81432939483784], [-1.4534923508763313, 54.814688736456446], [-1.4522569132968783, 54.814688736456446], [-1.4516391945071518, 54.81432939483784], [-1.4528746320866048, 54.81361071160063], [-1.4528746320866048, 54.811454661889], [-1.4516391945071518, 54.81073597865179], [-1.4516391945071518, 54.81001729541458], [-1.4510214757174253, 54.80965795379598], [-1.4497860381379724, 54.80965795379598], [-1.4485506005585194, 54.80893927055877], [-1.4473151629790664, 54.80893927055877], [-1.4460797253996134, 54.80822058732156], [-1.4448442878201604, 54.80893927055877], [-1.4423734126612544, 54.80893927055877], [-1.441755693871528, 54.80857992894016], [-1.442991131450981, 54.80786124570295], [-1.4423734126612544, 54.80750190408435], [-1.4399025375023484, 54.80750190408435], [-1.439284818712622, 54.80714256246574], [-1.439284818712622, 54.80642387922853], [-1.4386670999228954, 54.80606453760993], [-1.4374316623434424, 54.80606453760993], [-1.4361962247639894, 54.80534585437272], [-1.4349607871845365, 54.80606453760993], [-1.4337253496050835, 54.80606453760993], [-1.431872193235904, 54.80498651275411], [-1.431872193235904, 54.8042678295169], [-1.433107630815357, 54.80354914627969], [-1.4324899120256305, 54.80318980466109], [-1.4312544744461775, 54.80318980466109], [-1.430636755656451, 54.80354914627969], [-1.430636755656451, 54.8042678295169], [-1.4300190368667245, 54.80462717113551], [-1.429401318076998, 54.8042678295169], [-1.429401318076998, 54.80354914627969], [-1.4287835992872715, 54.80318980466109], [-1.4275481617078185, 54.8039084878983], [-1.4263127241283655, 54.8039084878983], [-1.425695005338639, 54.80354914627969], [-1.425695005338639, 54.80211177980527], [-1.4250772865489125, 54.80175243818667], [-1.4238418489694595, 54.80247112142388], [-1.4226064113900065, 54.80175243818667], [-1.4213709738105536, 54.80175243818667], [-1.420753255020827, 54.80211177980527], [-1.420753255020827, 54.8042678295169], [-1.4213709738105536, 54.80462717113551], [-1.4250772865489125, 54.80462717113551], [-1.425695005338639, 54.80498651275411], [-1.425695005338639, 54.80570519599132], [-1.4275481617078185, 54.80678322084714], [-1.4287835992872715, 54.80678322084714], [-1.429401318076998, 54.80714256246574], [-1.429401318076998, 54.80786124570295], [-1.4300190368667245, 54.80822058732156], [-1.4312544744461775, 54.80750190408435], [-1.431872193235904, 54.80786124570295], [-1.431872193235904, 54.80857992894016], [-1.4337253496050835, 54.80965795379598], [-1.4349607871845365, 54.80965795379598], [-1.4361962247639894, 54.81037663703319], [-1.4374316623434424, 54.81037663703319], [-1.438049381133169, 54.81073597865179], [-1.438049381133169, 54.811454661889], [-1.4386670999228954, 54.81181400350761], [-1.4399025375023484, 54.81181400350761], [-1.440520256292075, 54.81217334512621], [-1.440520256292075, 54.81361071160063], [-1.4411379750818014, 54.813970053219236], [-1.4423734126612544, 54.813970053219236], [-1.442991131450981, 54.81432939483784], [-1.441755693871528, 54.81504807807505], [-1.4423734126612544, 54.815407419693656], [-1.4436088502407074, 54.815407419693656], [-1.444226569030434, 54.81576676131226], [-1.444226569030434, 54.81648544454947], [-1.4460797253996134, 54.817563469405286], [-1.4473151629790664, 54.817563469405286], [-1.4479328817687929, 54.81720412778668], [-1.4479328817687929, 54.81648544454947], [-1.4485506005585194, 54.816126102930866], [-1.4491683193482459, 54.81648544454947], [-1.4491683193482459, 54.81792281102389], [-1.4504037569276989, 54.8186414942611], [-1.4497860381379724, 54.819000835879706], [-1.4473151629790664, 54.819000835879706], [-1.4460797253996134, 54.819719519116916], [-1.4448442878201604, 54.819719519116916], [-1.444226569030434, 54.82007886073552], [-1.4454620066098869, 54.82079754397273], [-1.4454620066098869, 54.82367227692157], [-1.440520256292075, 54.82654700987041], [-1.4411379750818014, 54.826906351489015], [-1.4423734126612544, 54.826906351489015], [-1.442991131450981, 54.82726569310762], [-1.442991131450981, 54.83157779253088], [-1.444226569030434, 54.83229647576809], [-1.4436088502407074, 54.832655817386694], [-1.4423734126612544, 54.832655817386694], [-1.441755693871528, 54.8330151590053], [-1.4436088502407074, 54.834093183861114], [-1.4448442878201604, 54.834093183861114], [-1.4454620066098869, 54.83445252547972], [-1.444226569030434, 54.83517120871693], [-1.444226569030434, 54.83588989195414], [-1.4454620066098869, 54.83660857519135], [-1.4454620066098869, 54.83732725842856], [-1.4448442878201604, 54.837686600047164], [-1.4436088502407074, 54.837686600047164], [-1.442991131450981, 54.83804594166577], [-1.442991131450981, 54.83948330814019], [-1.4423734126612544, 54.83984264975879], [-1.4411379750818014, 54.83984264975879], [-1.440520256292075, 54.8402019913774], [-1.4411379750818014, 54.840561332996], [-1.4423734126612544, 54.840561332996], [-1.442991131450981, 54.84092067461461], [-1.442991131450981, 54.84163935785182], [-1.4436088502407074, 54.84199869947042], [-1.4448442878201604, 54.84199869947042], [-1.4460797253996134, 54.84271738270763], [-1.4473151629790664, 54.84271738270763], [-1.4479328817687929, 54.84235804108903], [-1.4466974441893399, 54.84163935785182], [-1.4473151629790664, 54.84128001623321], [-1.4485506005585194, 54.84128001623321], [-1.4491683193482459, 54.84163935785182], [-1.4491683193482459, 54.84451409080066], [-1.4516391945071518, 54.84595145727508], [-1.4516391945071518, 54.84667014051229], [-1.4510214757174253, 54.84702948213089], [-1.4497860381379724, 54.84702948213089], [-1.4491683193482459, 54.8473888237495], [-1.4491683193482459, 54.84810750698671], [-1.4497860381379724, 54.84846684860531], [-1.4534923508763313, 54.84846684860531], [-1.4541100696660578, 54.84810750698671], [-1.4541100696660578, 54.8473888237495], [-1.4547277884557843, 54.84702948213089], [-1.4565809448249638, 54.84810750698671], [-1.4553455072455108, 54.84882619022392], [-1.4559632260352373, 54.84918553184252], [-1.4596695387735963, 54.84918553184252], [-1.4602872575633228, 54.84954487346113], [-1.4602872575633228, 54.85026355669834], [-1.4596695387735963, 54.85062289831694], [-1.4584341011941433, 54.85062289831694], [-1.4565809448249638, 54.85170092317276], [-1.4565809448249638, 54.85241960640997], [-1.4578163824044168, 54.85313828964718], [-1.4571986636146903, 54.85349763126578], [-1.4559632260352373, 54.85349763126578], [-1.4553455072455108, 54.85385697288439], [-1.4553455072455108, 54.85601302259602], [-1.4547277884557843, 54.85637236421462], [-1.4534923508763313, 54.85637236421462], [-1.4528746320866048, 54.856731705833226], [-1.4528746320866048, 54.857450389070436], [-1.4522569132968783, 54.85780973068904], [-1.4497860381379724, 54.85780973068904], [-1.4466974441893399, 54.859606438782066], [-1.4466974441893399, 54.860325122019276], [-1.4454620066098869, 54.861043805256486], [-1.4454620066098869, 54.861762488493696], [-1.4479328817687929, 54.863199854968116], [-1.4460797253996134, 54.86427787982393], [-1.4448442878201604, 54.86427787982393], [-1.440520256292075, 54.861762488493696], [-1.440520256292075, 54.860325122019276], [-1.4399025375023484, 54.85996578040067], [-1.4386670999228954, 54.86068446363788], [-1.4361962247639894, 54.86068446363788], [-1.4337253496050835, 54.8621218301123], [-1.4324899120256305, 54.8621218301123], [-1.4300190368667245, 54.86068446363788], [-1.4287835992872715, 54.86140314687509], [-1.4275481617078185, 54.86140314687509], [-1.426930442918092, 54.861762488493696], [-1.426930442918092, 54.863918538205326], [-1.4275481617078185, 54.86427787982393], [-1.4287835992872715, 54.86427787982393], [-1.4300190368667245, 54.86499656306114], [-1.4312544744461775, 54.86499656306114], [-1.431872193235904, 54.865355904679745], [-1.431872193235904, 54.866793271154165], [-1.430636755656451, 54.867511954391375], [-1.430636755656451, 54.868230637628585], [-1.4300190368667245, 54.86858997924719], [-1.4287835992872715, 54.86858997924719], [-1.426930442918092, 54.867511954391375], [-1.426930442918092, 54.866793271154165], [-1.425695005338639, 54.866074587916955], [-1.425695005338639, 54.865355904679745], [-1.4250772865489125, 54.86499656306114], [-1.4238418489694595, 54.86571524629835], [-1.4226064113900065, 54.86571524629835], [-1.420753255020827, 54.866793271154165], [-1.4213709738105536, 54.86715261277277], [-1.4226064113900065, 54.86715261277277], [-1.423224130179733, 54.867511954391375], [-1.423224130179733, 54.869668004103005], [-1.42198869260028, 54.870386687340215], [-1.4226064113900065, 54.87074602895882], [-1.4238418489694595, 54.87074602895882], [-1.424459567759186, 54.871105370577425], [-1.4226064113900065, 54.87218339543324], [-1.4213709738105536, 54.87218339543324], [-1.4201355362311006, 54.87290207867045], [-1.4176646610721946, 54.87290207867045], [-1.417046942282468, 54.872542737051845], [-1.417046942282468, 54.871824053814635], [-1.418282379861921, 54.871105370577425], [-1.418282379861921, 54.869668004103005], [-1.4176646610721946, 54.8693086624844], [-1.4164292234927416, 54.87002734572161], [-1.4151937859132886, 54.8693086624844], [-1.414576067123562, 54.869668004103005], [-1.415811504703015, 54.870386687340215], [-1.4151937859132886, 54.87074602895882], [-1.4139583483338356, 54.87074602895882], [-1.413340629544109, 54.870386687340215], [-1.413340629544109, 54.868230637628585], [-1.4102520355954766, 54.86643392953556], [-1.4077811604365706, 54.86643392953556], [-1.4065457228571177, 54.86715261277277], [-1.4053102852776647, 54.86643392953556], [-1.4046925664879382, 54.866793271154165], [-1.4059280040673912, 54.867511954391375], [-1.4053102852776647, 54.86787129600998], [-1.4040748476982117, 54.86787129600998], [-1.4034571289084852, 54.868230637628585], [-1.4034571289084852, 54.868949320865795], [-1.4028394101187587, 54.8693086624844], [-1.4003685349598527, 54.8693086624844], [-1.3985153785906732, 54.868230637628585], [-1.3985153785906732, 54.867511954391375], [-1.3978976598009467, 54.86715261277277], [-1.3972799410112202, 54.867511954391375], [-1.3972799410112202, 54.868230637628585], [-1.3966622222214937, 54.86858997924719], [-1.3954267846420407, 54.86787129600998], [-1.3948090658523142, 54.868230637628585], [-1.3960445034317672, 54.868949320865795], [-1.3960445034317672, 54.869668004103005], [-1.3954267846420407, 54.87002734572161], [-1.3941913470625877, 54.87002734572161], [-1.3929559094831347, 54.8693086624844], [-1.3923381906934083, 54.869668004103005], [-1.3935736282728612, 54.870386687340215], [-1.3923381906934083, 54.871105370577425], [-1.3923381906934083, 54.873261420289055], [-1.3917204719036818, 54.87362076190766], [-1.3904850343242288, 54.87362076190766], [-1.3898673155345023, 54.873980103526264], [-1.3898673155345023, 54.875417470000684], [-1.3923381906934083, 54.876854836475104], [-1.3923381906934083, 54.877573519712314], [-1.3917204719036818, 54.87793286133092], [-1.3904850343242288, 54.87793286133092], [-1.3898673155345023, 54.878292202949524], [-1.3898673155345023, 54.879729569423944], [-1.3911027531139553, 54.880448252661154], [-1.3898673155345023, 54.881166935898364], [-1.3898673155345023, 54.88260430237278], [-1.3892495967447758, 54.88296364399139], [-1.3873964403755963, 54.88188561913557], [-1.3873964403755963, 54.881166935898364], [-1.3861610027961433, 54.880448252661154], [-1.3861610027961433, 54.879729569423944], [-1.3855432840064168, 54.87937022780534], [-1.3843078464269638, 54.87937022780534], [-1.3830724088475108, 54.87865154456813], [-1.3824546900577843, 54.879010886186734], [-1.3824546900577843, 54.879729569423944], [-1.3818369712680578, 54.88008891104255], [-1.3799838148988783, 54.879010886186734], [-1.3799838148988783, 54.878292202949524], [-1.3812192524783313, 54.877573519712314], [-1.3806015336886048, 54.87721417809371], [-1.3793660961091518, 54.87721417809371], [-1.3787483773194253, 54.876854836475104], [-1.3787483773194253, 54.876136153237894], [-1.3775129397399724, 54.875417470000684], [-1.3775129397399724, 54.874698786763474], [-1.3756597833707929, 54.87362076190766], [-1.3744243457913399, 54.87362076190766], [-1.3738066270016134, 54.873261420289055], [-1.3738066270016134, 54.871105370577425], [-1.3713357518427074, 54.869668004103005], [-1.3713357518427074, 54.868949320865795], [-1.3738066270016134, 54.867511954391375], [-1.3738066270016134, 54.866793271154165], [-1.3725711894221604, 54.866074587916955], [-1.3738066270016134, 54.865355904679745], [-1.3738066270016134, 54.863918538205326], [-1.3750420645810664, 54.863199854968116], [-1.3731889082118869, 54.8621218301123], [-1.371953470632434, 54.86284051334951], [-1.3713357518427074, 54.862481171730906], [-1.3713357518427074, 54.861043805256486], [-1.3725711894221604, 54.860325122019276], [-1.371953470632434, 54.85996578040067], [-1.370718033052981, 54.85996578040067], [-1.3701003142632544, 54.860325122019276], [-1.3701003142632544, 54.861043805256486], [-1.369482595473528, 54.86140314687509], [-1.368247157894075, 54.86140314687509], [-1.3676294391043484, 54.861043805256486], [-1.3676294391043484, 54.859606438782066], [-1.3688648766838014, 54.858887755544856], [-1.367011720314622, 54.85780973068904], [-1.3663940015248954, 54.858169072307646], [-1.3663940015248954, 54.858887755544856], [-1.365776282735169, 54.85924709716346], [-1.364540845155716, 54.85852841392625], [-1.363305407576263, 54.85852841392625], [-1.3626876887865365, 54.858887755544856], [-1.3626876887865365, 54.861762488493696], [-1.3614522512070835, 54.862481171730906], [-1.3614522512070835, 54.863918538205326], [-1.360834532417357, 54.86427787982393], [-1.355892782099545, 54.86427787982393], [-1.3552750633098185, 54.864637221442536], [-1.3552750633098185, 54.866793271154165], [-1.3565105008892715, 54.867511954391375], [-1.355892782099545, 54.86787129600998], [-1.354657344520092, 54.86787129600998], [-1.353421906940639, 54.86858997924719], [-1.352186469361186, 54.86858997924719], [-1.3515687505714595, 54.868949320865795], [-1.3528041881509125, 54.869668004103005], [-1.352649758453481, 54.870386687340215], [-1.352649758453481, 54.871824053814635], [-1.353885196032934, 54.873980103526264], [-1.353885196032934, 54.880448252661154], [-1.3563560711918399, 54.88332298560999], [-1.3577459384687245, 54.88619771855883], [-1.358363657258451, 54.88664689558209], [-1.3588269463507459, 54.88835376827046], [-1.3588269463507459, 54.88907245150767], [-1.3600623839301988, 54.89266586769372], [-1.359599094837904, 54.893654057144886], [-1.3588269463507459, 54.89410323416814], [-1.359599094837904, 54.89446257578675], [-1.3626876887865365, 54.89482191740535], [-1.3626876887865365, 54.8984153335914], [-1.3614522512070835, 54.89913401682861], [-1.36206996999681, 54.89958319385187], [-1.359599094837904, 54.900840889516985], [-1.3588269463507459, 54.90129006654024], [-1.3589813760481775, 54.90200874977745], [-1.3602168136276305, 54.90416479948908], [-1.3589813760481775, 54.90488348272629], [-1.3589813760481775, 54.90703953243792], [-1.3602168136276305, 54.90775821567513], [-1.3602168136276305, 54.90847689891234], [-1.359599094837904, 54.908836240530945], [-1.358363657258451, 54.908836240530945], [-1.3577459384687245, 54.90919558214955], [-1.3577459384687245, 54.91063294862397], [-1.3575915087712929, 54.91135163186118], [-1.3575915087712929, 54.91350768157281], [-1.359599094837904, 54.914675541833276], [-1.36206996999681, 54.914585706428625], [-1.3626876887865365, 54.91422636481002], [-1.3626876887865365, 54.91350768157281], [-1.363305407576263, 54.913148339954205], [-1.364540845155716, 54.913148339954205], [-1.365776282735169, 54.913238175358856], [-1.367011720314622, 54.913238175358856], [-1.3700231313705444, 54.91236114501953], [-1.3687104469863698, 54.91350768157281], [-1.3674750094069168, 54.91710109775886], [-1.3674750094069168, 54.91781978099607], [-1.366548431222327, 54.91853846423328], [-1.365776282735169, 54.91808928721002], [-1.363305407576263, 54.91737060397281], [-1.3625332590891048, 54.91781978099607], [-1.3625332590891048, 54.92213188041933], [-1.3650041342480108, 54.92500661336817], [-1.3662395718274638, 54.92788134631701], [-1.3650041342480108, 54.93003739602864], [-1.3650041342480108, 54.93075607926585], [-1.3662395718274638, 54.93219344574027], [-1.3662395718274638, 54.93866159487516], [-1.3637686966685578, 54.94225501106121], [-1.3600623839301988, 54.946567110484466], [-1.3563560711918399, 54.949441843433306], [-1.355892782099545, 54.95402344907052], [-1.3552750633098185, 54.954472626093775], [-1.354657344520092, 54.9562693341868], [-1.353885196032934, 54.956628675805405], [-1.353885196032934, 54.958066042279825], [-1.3551206336123869, 54.962378141703084], [-1.3563560711918399, 54.964534191414714], [-1.3565105008892715, 54.965252874651924], [-1.357128219678998, 54.96570205167518], [-1.3575915087712929, 54.966690241126344], [-1.3600623839301988, 54.96884629083797], [-1.3600623839301988, 54.9710023405496], [-1.36206996999681, 54.97217020081007], [-1.3637686966685578, 54.97243970702402], [-1.364540845155716, 54.97279904864263], [-1.367011720314622, 54.97288888404728], [-1.3674750094069168, 54.97315839026123], [-1.368247157894075, 54.97351773187984], [-1.3688648766838014, 54.97315839026123], [-1.3688648766838014, 54.97243970702402], [-1.369482595473528, 54.97208036540542], [-1.370718033052981, 54.97208036540542], [-1.371953470632434, 54.97136168216821], [-1.3750420645810664, 54.97315839026123], [-1.3750420645810664, 54.97387707349844], [-1.3738066270016134, 54.97459575673565], [-1.3738066270016134, 54.97531443997286], [-1.3744243457913399, 54.97576361699612], [-1.3748876348836347, 54.97675180644728], [-1.3810648227808997, 54.98034522263333], [-1.3818369712680578, 54.98070456425194], [-1.3836901276372373, 54.98106390587054], [-1.3836901276372373, 54.98178258910775], [-1.3843078464269638, 54.98214193072636], [-1.3855432840064168, 54.98214193072636], [-1.3873964403755963, 54.98321995558217], [-1.3861610027961433, 54.98393863881938], [-1.3861610027961433, 54.98465732205659], [-1.3867787215858698, 54.9850166636752], [-1.3873964403755963, 54.98465732205659], [-1.3873964403755963, 54.98393863881938], [-1.3880141591653228, 54.98357929720078], [-1.3904850343242288, 54.9850166636752], [-1.3917204719036818, 54.98429798043799], [-1.3929559094831347, 54.98429798043799], [-1.3935736282728612, 54.98465732205659], [-1.3935736282728612, 54.98681337176822], [-1.3923381906934083, 54.98753205500543], [-1.3935736282728612, 54.98825073824264], [-1.3935736282728612, 54.99040678795427], [-1.3941913470625877, 54.99085596497753], [-1.3966622222214937, 54.99157464821474], [-1.4008318240521476, 54.99328152090311], [-1.4016039725393057, 54.99373069792637], [-1.4070090119494125, 54.99615625385195], [-1.4107153246877715, 54.999749670038], [-1.4119507622672245, 55.00118703651242], [-1.4131861998466775, 55.00334308622405], [-1.4139583483338356, 55.00504995891242], [-1.413340629544109, 55.00549913593568], [-1.4139583483338356, 55.005858477554284], [-1.4147304968209937, 55.00549913593568], [-1.4230697004823014, 55.00549913593568], [-1.4255405756412074, 55.0069365024101], [-1.4263127241283655, 55.007295844028704], [-1.4300190368667245, 55.007295844028704], [-1.430636755656451, 55.0069365024101], [-1.430636755656451, 55.00621781917289], [-1.4312544744461775, 55.005858477554284], [-1.431872193235904, 55.00621781917289], [-1.4324899120256305, 55.006666996196145], [-1.4361962247639894, 55.005948312958935], [-1.4406746859895065, 55.00334308622405], [-1.4406746859895065, 54.999749670038], [-1.4448442878201604, 54.99301201468916], [-1.4456164363073185, 54.9925628376659], [-1.4468518738867715, 54.99040678795427], [-1.4473151629790664, 54.98941859850311], [-1.4479328817687929, 54.98896942147985], [-1.4473151629790664, 54.987891396624036], [-1.4485506005585194, 54.987891396624036], [-1.4493227490456775, 54.98753205500543], [-1.4522569132968783, 54.98654386555427], [-1.4534923508763313, 54.986454030149616], [-1.4559632260352373, 54.985735346912406], [-1.4571986636146903, 54.98582518231706], [-1.4584341011941433, 54.98582518231706], [-1.4609049763530493, 54.98510649907985], [-1.4646112890914083, 54.98510649907985], [-1.4695530394092202, 54.98654386555427], [-1.4707884769886732, 54.986454030149616], [-1.4715606254758313, 54.98609468853101], [-1.4732593521475792, 54.98654386555427], [-1.502909854054451, 54.98654386555427], [-1.504145291633904, 54.986454030149616], [-1.511557917110622, 54.98654386555427], [-1.512793354690075, 54.98654386555427], [-1.5202059801667929, 54.98582518231706], [-1.5226768553256989, 54.98510649907985], [-1.523449003812857, 54.98465732205659], [-1.5245300116948783, 54.98321995558217], [-1.5232945741154253, 54.98250127234496], [-1.5239122929051518, 54.98214193072636], [-1.5251477304846048, 54.98214193072636], [-1.5257654492743313, 54.98250127234496], [-1.5263831680640578, 54.98295044936822], [-1.5276186056435108, 54.98295044936822], [-1.529626191710122, 54.98178258910775], [-1.530861629289575, 54.98034522263333], [-1.533332504448481, 54.97459575673565], [-1.5319426371715963, 54.97172102378681], [-1.5325603559613228, 54.97136168216821], [-1.533332504448481, 54.9710023405496], [-1.533332504448481, 54.966690241126344], [-1.5307071995921433, 54.963815508177504], [-1.5313249183818698, 54.9634561665589], [-1.5319426371715963, 54.963815508177504], [-1.5319426371715963, 54.964534191414714], [-1.5325603559613228, 54.96489353303332], [-1.5337957935407758, 54.96417484979611], [-1.534567942027934, 54.963815508177504], [-1.5375021062791348, 54.96138995225192], [-1.5412084190174937, 54.96067126901471], [-1.5486210444942117, 54.9599525857775], [-1.5535627948120236, 54.95851521930308], [-1.5609754202887416, 54.96138995225192], [-1.561593139078468, 54.960940775228664], [-1.561593139078468, 54.960222091991454], [-1.560357701499015, 54.959503408754244], [-1.560357701499015, 54.958784725517035], [-1.5609754202887416, 54.95842538389843], [-1.5634462954476476, 54.95842538389843], [-1.564064014237374, 54.958784725517035], [-1.564064014237374, 54.959503408754244], [-1.56653488939628, 54.960940775228664], [-1.565299451816827, 54.961659458465874], [-1.56653488939628, 54.962378141703084], [-1.56653488939628, 54.963096824940294], [-1.5671526081860065, 54.96354600196355], [-1.5696234833449125, 54.96426468520076], [-1.5720943585038185, 54.96426468520076], [-1.5746681690216064, 54.964805603027344], [-1.5683880457654595, 54.96480369762867], [-1.5642184439348057, 54.963815508177504], [-1.5634462954476476, 54.9634561665589], [-1.5609754202887416, 54.96264764791704], [-1.5547982323914766, 54.9597729149682], [-1.5510919196531177, 54.9597729149682], [-1.5387375438585877, 54.96336633115425], [-1.5379653953714296, 54.963815508177504], [-1.5367299577919766, 54.965252874651924], [-1.5354945202125236, 54.96740892436355], [-1.5354945202125236, 54.97028365731239], [-1.5362666686996818, 54.97136168216821], [-1.5354945202125236, 54.97172102378681], [-1.5342590826330706, 54.9781891729217], [-1.5330236450536177, 54.98106390587054], [-1.5305527698947117, 54.98393863881938], [-1.5288540432229638, 54.984926828270545], [-1.5214414177462459, 54.987082877982175], [-1.510322479531169, 54.987801561219385], [-1.507851604372263, 54.987801561219385], [-1.505380729213357, 54.988520244456595], [-1.502909854054451, 54.988520244456595], [-1.488084603101015, 54.987801561219385], [-1.4819074152037501, 54.987801561219385], [-1.4720239145681262, 54.989238927693805], [-1.4714061957783997, 54.98968810471706], [-1.4707884769886732, 54.992203496047296], [-1.4695530394092202, 54.992203496047296], [-1.4689353206194937, 54.9925628376659], [-1.4689353206194937, 54.99471888737753], [-1.4683176018297672, 54.995078228996135], [-1.4664644454605877, 54.99400020414032], [-1.4664644454605877, 54.99328152090311], [-1.4652290078811347, 54.9925628376659], [-1.4652290078811347, 54.98968810471706], [-1.4646112890914083, 54.989238927693805], [-1.4633758515119553, 54.988520244456595], [-1.4596695387735963, 54.988520244456595], [-1.4590518199838698, 54.98896942147985], [-1.4584341011941433, 54.990766129572876], [-1.4571986636146903, 54.990047446335666], [-1.4565809448249638, 54.99040678795427], [-1.4578163824044168, 54.99112547119148], [-1.4578163824044168, 54.9925628376659], [-1.4571986636146903, 54.992922179284506], [-1.4553455072455108, 54.99184415442869], [-1.4553455072455108, 54.99112547119148], [-1.4541100696660578, 54.99040678795427], [-1.4534923508763313, 54.989957610931015], [-1.4522569132968783, 54.989957610931015], [-1.4516391945071518, 54.99040678795427], [-1.4510214757174253, 54.991484812810086], [-1.4502493272302672, 54.99184415442869], [-1.4477784520713612, 54.99400020414032], [-1.4465430144919083, 54.99615625385195], [-1.4465430144919083, 54.99759362032637], [-1.4453075769124553, 54.99903098680079], [-1.4440721393330023, 55.00406176946126], [-1.4428367017535493, 55.00549913593568], [-1.4399025375023484, 55.00720600862405], [-1.4374316623434424, 55.00792469186126], [-1.4337253496050835, 55.00864337509847], [-1.4317177635384724, 55.00981123535894], [-1.4263127241283655, 55.01367415775894], [-1.4213709738105536, 55.01367415775894], [-1.4164292234927416, 55.01439284099615], [-1.4156570750055835, 55.01484201801941], [-1.4156570750055835, 55.01843543420546], [-1.4164292234927416, 55.018884611228714], [-1.4193633877439424, 55.02274753362872], [-1.4201355362311006, 55.02319671065197], [-1.4213709738105536, 55.02319671065197], [-1.4230697004823014, 55.02346621686593], [-1.4267760132206604, 55.02705963305198], [-1.4280114508001134, 55.028496999526396], [-1.4292468883795664, 55.033527782186866], [-1.4300190368667245, 55.03397695921012], [-1.4304823259590194, 55.035683831898496], [-1.4292468883795664, 55.037121198372915], [-1.4292468883795664, 55.037839881610125], [-1.4317177635384724, 55.040714614558965], [-1.4337253496050835, 55.04188247481943], [-1.4440721393330023, 55.047182763693854], [-1.4453075769124553, 55.048620130168274], [-1.4490138896508142, 55.052213546354324], [-1.4502493272302672, 55.05365091282874], [-1.4514847648097202, 55.05724432901479], [-1.4539556399686262, 55.06155642843805], [-1.4522569132968783, 55.066138034075266], [-1.4514847648097202, 55.06658721109852], [-1.4514847648097202, 55.06946194404736], [-1.4522569132968783, 55.06991112107062], [-1.4576619527069852, 55.07161799375899], [-1.4588973902864382, 55.07305536023341], [-1.4626037030247971, 55.07593009318225], [-1.4638391406042501, 55.0795235093683], [-1.4646112890914083, 55.07997268639156], [-1.470016328501515, 55.08455429202877], [-1.4720239145681262, 55.085722152289236], [-1.478664391557686, 55.08742902497761], [-1.483606141875498, 55.09102244116366], [-1.48854789219331, 55.09533454058692], [-1.489783329772763, 55.09749059029855], [-1.493489642511122, 55.10180268972181], [-1.4948795097880065, 55.10324005619623], [-1.495497228577733, 55.103689233219484], [-1.495960517670028, 55.10611478914507], [-1.497195955249481, 55.1082708388567], [-1.498431392828934, 55.11330162151717], [-1.4998212601058185, 55.114738987991586], [-1.5010566976852715, 55.115457671228796], [-1.5010566976852715, 55.116176354466006], [-1.4998212601058185, 55.116895037703216], [-1.501674416474998, 55.11797306255903], [-1.502909854054451, 55.11797306255903], [-1.504145291633904, 55.11869174579624], [-1.505380729213357, 55.11797306255903], [-1.5059984480030835, 55.118332404177636], [-1.5059984480030835, 55.119769770652056], [-1.5072338855825365, 55.120488453889266], [-1.5072338855825365, 55.121925820363685], [-1.5084693231619895, 55.122644503600895], [-1.5084693231619895, 55.123363186838105], [-1.509087041951716, 55.12372252845671], [-1.510322479531169, 55.12372252845671], [-1.5109401983208954, 55.124081870075315], [-1.5097047607414424, 55.124800553312525], [-1.5097047607414424, 55.125519236549735], [-1.509087041951716, 55.12587857816834], [-1.50661616679281, 55.12587857816834], [-1.5059984480030835, 55.126237919786945], [-1.5059984480030835, 55.126956603024155], [-1.5047630104236305, 55.127675286261365], [-1.50661616679281, 55.12875331111718], [-1.510322479531169, 55.12875331111718], [-1.511557917110622, 55.12803462787997], [-1.514028792269528, 55.12803462787997], [-1.515264229848981, 55.12731594464276], [-1.516499667428434, 55.12731594464276], [-1.5177351050078869, 55.12803462787997], [-1.5202059801667929, 55.12803462787997], [-1.5208236989565194, 55.127675286261365], [-1.5208236989565194, 55.125519236549735], [-1.5195882613770664, 55.124800553312525], [-1.5195882613770664, 55.122644503600895], [-1.5208236989565194, 55.121925820363685], [-1.5195882613770664, 55.121207137126476], [-1.5208236989565194, 55.120488453889266], [-1.5202059801667929, 55.12012911227066], [-1.5189705425873399, 55.12084779550787], [-1.5171173862181604, 55.119769770652056], [-1.5183528237976134, 55.119051087414846], [-1.5171173862181604, 55.118332404177636], [-1.5171173862181604, 55.117613720940426], [-1.5158819486387074, 55.116895037703216], [-1.5158819486387074, 55.116176354466006], [-1.5146465110592544, 55.115457671228796], [-1.5146465110592544, 55.114020304754376], [-1.5177351050078869, 55.11222359666135], [-1.5189705425873399, 55.11222359666135], [-1.5195882613770664, 55.11186425504275], [-1.5195882613770664, 55.11114557180554], [-1.5189705425873399, 55.11078623018693], [-1.516499667428434, 55.11222359666135], [-1.514028792269528, 55.11222359666135], [-1.512793354690075, 55.11294227989856], [-1.511557917110622, 55.11222359666135], [-1.510322479531169, 55.11222359666135], [-1.5084693231619895, 55.11114557180554], [-1.5084693231619895, 55.11042688856833], [-1.5097047607414424, 55.10970820533112], [-1.5097047607414424, 55.10683347238228], [-1.510322479531169, 55.10647413076367], [-1.515264229848981, 55.10647413076367], [-1.516499667428434, 55.10719281400088], [-1.5177351050078869, 55.10647413076367], [-1.5189705425873399, 55.10719281400088], [-1.5195882613770664, 55.10683347238228], [-1.5195882613770664, 55.10611478914507], [-1.5202059801667929, 55.10575544752646], [-1.5251477304846048, 55.10575544752646], [-1.5270008868537843, 55.10683347238228], [-1.5270008868537843, 55.10755215561949], [-1.5282363244332373, 55.1082708388567], [-1.5282363244332373, 55.10898952209391], [-1.5288540432229638, 55.10934886371251], [-1.5300894808024168, 55.10934886371251], [-1.5319426371715963, 55.1082708388567], [-1.5319426371715963, 55.10755215561949], [-1.5331780747510493, 55.10683347238228], [-1.5319426371715963, 55.10611478914507], [-1.5319426371715963, 55.10539610590786], [-1.5337957935407758, 55.10431808105204], [-1.5350312311202288, 55.10431808105204], [-1.5356489499099553, 55.10395873943344], [-1.5344135123305023, 55.10324005619623], [-1.5344135123305023, 55.1010840064846], [-1.5356489499099553, 55.10036532324739], [-1.5356489499099553, 55.09964664001018], [-1.5350312311202288, 55.09928729839157], [-1.5313249183818698, 55.09928729839157], [-1.5307071995921433, 55.09892795677297], [-1.5319426371715963, 55.09820927353576], [-1.5319426371715963, 55.09749059029855], [-1.5313249183818698, 55.09713124867994], [-1.5300894808024168, 55.09713124867994], [-1.5294717620126903, 55.09749059029855], [-1.5294717620126903, 55.09892795677297], [-1.5288540432229638, 55.09928729839157], [-1.5276186056435108, 55.09928729839157], [-1.5263831680640578, 55.09856861515436], [-1.5251477304846048, 55.09856861515436], [-1.5239122929051518, 55.09928729839157], [-1.5226768553256989, 55.09928729839157], [-1.5214414177462459, 55.10000598162878], [-1.5202059801667929, 55.10000598162878], [-1.5183528237976134, 55.1010840064846], [-1.5183528237976134, 55.10180268972181], [-1.5171173862181604, 55.10252137295902], [-1.5177351050078869, 55.10288071457762], [-1.5189705425873399, 55.10288071457762], [-1.5195882613770664, 55.10324005619623], [-1.5189705425873399, 55.10359939781483], [-1.516499667428434, 55.10359939781483], [-1.512793354690075, 55.10575544752646], [-1.511557917110622, 55.10575544752646], [-1.5109401983208954, 55.10539610590786], [-1.5109401983208954, 55.10467742267065], [-1.510322479531169, 55.10431808105204], [-1.507851604372263, 55.10431808105204], [-1.5072338855825365, 55.10467742267065], [-1.5072338855825365, 55.10539610590786], [-1.5059984480030835, 55.10611478914507], [-1.5059984480030835, 55.10683347238228], [-1.5072338855825365, 55.10755215561949], [-1.505380729213357, 55.1086301804753], [-1.5047630104236305, 55.1082708388567], [-1.5047630104236305, 55.10683347238228], [-1.5035275728441775, 55.10611478914507], [-1.5035275728441775, 55.10539610590786], [-1.504145291633904, 55.10503676428925], [-1.505380729213357, 55.10503676428925], [-1.5059984480030835, 55.10467742267065], [-1.5059984480030835, 55.10252137295902], [-1.5047630104236305, 55.10180268972181], [-1.5047630104236305, 55.10036532324739], [-1.504145291633904, 55.10000598162878], [-1.502909854054451, 55.10000598162878], [-1.501674416474998, 55.10072466486599], [-1.500438978895545, 55.10072466486599], [-1.4985858225263655, 55.09964664001018], [-1.4985858225263655, 55.09605322382413], [-1.4973503849469125, 55.09533454058692], [-1.4985858225263655, 55.09461585734971], [-1.4985858225263655, 55.09174112440087], [-1.501674416474998, 55.089944416307844], [-1.502909854054451, 55.089944416307844], [-1.504145291633904, 55.090663099545054], [-1.505380729213357, 55.090663099545054], [-1.50661616679281, 55.089944416307844], [-1.507851604372263, 55.089944416307844], [-1.509087041951716, 55.090663099545054], [-1.510322479531169, 55.090663099545054], [-1.511557917110622, 55.089944416307844], [-1.514028792269528, 55.089944416307844], [-1.5146465110592544, 55.09030375792645], [-1.5146465110592544, 55.09174112440087], [-1.516499667428434, 55.092819149256684], [-1.5189705425873399, 55.092819149256684], [-1.5202059801667929, 55.092100466019474], [-1.5214414177462459, 55.092100466019474], [-1.5232945741154253, 55.09102244116366], [-1.5232945741154253, 55.08886639145203], [-1.5276186056435108, 55.086351000121795], [-1.5300894808024168, 55.086351000121795], [-1.5307071995921433, 55.08599165850319], [-1.5307071995921433, 55.08527297526598], [-1.5325603559613228, 55.084194950410165], [-1.5337957935407758, 55.084194950410165], [-1.5344135123305023, 55.08455429202877], [-1.5344135123305023, 55.08527297526598], [-1.5356489499099553, 55.08599165850319], [-1.5356489499099553, 55.0867103417404], [-1.5362666686996818, 55.087069683359005], [-1.5387375438585877, 55.087069683359005], [-1.5412084190174937, 55.085632316884585], [-1.5418261378072202, 55.08599165850319], [-1.5418261378072202, 55.0867103417404], [-1.5424438565969467, 55.087069683359005], [-1.5436792941763997, 55.087069683359005], [-1.5449147317558527, 55.086351000121795], [-1.5461501693353057, 55.086351000121795], [-1.5473856069147587, 55.087069683359005], [-1.5486210444942117, 55.087069683359005], [-1.5492387632839382, 55.0867103417404], [-1.5492387632839382, 55.08599165850319], [-1.5498564820736647, 55.085632316884585], [-1.5510919196531177, 55.085632316884585], [-1.5535627948120236, 55.087069683359005], [-1.5541805136017501, 55.0867103417404], [-1.5541805136017501, 55.08599165850319], [-1.5547982323914766, 55.085632316884585], [-1.5560336699709296, 55.085632316884585], [-1.5566513887606561, 55.08599165850319], [-1.5566513887606561, 55.0867103417404], [-1.5572691075503826, 55.087069683359005], [-1.5597399827092886, 55.087069683359005], [-1.5622108578681946, 55.088507049833424], [-1.562828576657921, 55.08814770821482], [-1.562828576657921, 55.0867103417404], [-1.561593139078468, 55.08599165850319], [-1.561593139078468, 55.08455429202877], [-1.5622108578681946, 55.084194950410165], [-1.5634462954476476, 55.084194950410165], [-1.565299451816827, 55.08527297526598], [-1.565299451816827, 55.0867103417404], [-1.56653488939628, 55.08742902497761], [-1.56653488939628, 55.08814770821482], [-1.565299451816827, 55.08886639145203], [-1.565299451816827, 55.08958507468924], [-1.5646817330271006, 55.089944416307844], [-1.5634462954476476, 55.089225733070634], [-1.5609754202887416, 55.089225733070634], [-1.560357701499015, 55.08958507468924], [-1.560357701499015, 55.09102244116366], [-1.5597399827092886, 55.091381782782264], [-1.5585045451298356, 55.091381782782264], [-1.5566513887606561, 55.09245980763808], [-1.5566513887606561, 55.09317849087529], [-1.557886826340109, 55.0938971741125], [-1.557886826340109, 55.09605322382413], [-1.5541805136017501, 55.09820927353576], [-1.5541805136017501, 55.09892795677297], [-1.5529450760222971, 55.09964664001018], [-1.5529450760222971, 55.1010840064846], [-1.5523273572325706, 55.1014433481032], [-1.5510919196531177, 55.1014433481032], [-1.5504742008633912, 55.10180268972181], [-1.5510919196531177, 55.10216203134041], [-1.5523273572325706, 55.10216203134041], [-1.5535627948120236, 55.1014433481032], [-1.5541805136017501, 55.10180268972181], [-1.5541805136017501, 55.10252137295902], [-1.5547982323914766, 55.10288071457762], [-1.5560336699709296, 55.10288071457762], [-1.557886826340109, 55.10395873943344], [-1.557886826340109, 55.10467742267065], [-1.559122263919562, 55.10539610590786], [-1.559122263919562, 55.1082708388567], [-1.5609754202887416, 55.10934886371251], [-1.5634462954476476, 55.10791149723809], [-1.5646817330271006, 55.10791149723809], [-1.565299451816827, 55.1082708388567], [-1.565299451816827, 55.10970820533112], [-1.5634462954476476, 55.11078623018693], [-1.5622108578681946, 55.11078623018693], [-1.561593139078468, 55.11114557180554], [-1.561593139078468, 55.11186425504275], [-1.564064014237374, 55.11330162151717], [-1.564064014237374, 55.114738987991586], [-1.562828576657921, 55.115457671228796], [-1.5634462954476476, 55.1158170128474], [-1.5659171706065536, 55.1158170128474], [-1.5671526081860065, 55.11509832961019], [-1.5696234833449125, 55.11509832961019], [-1.570241202134639, 55.115457671228796], [-1.570241202134639, 55.117613720940426], [-1.571476639714092, 55.118332404177636], [-1.571476639714092, 55.119051087414846], [-1.569005764555186, 55.120488453889266], [-1.570241202134639, 55.121207137126476], [-1.570241202134639, 55.121925820363685], [-1.5696234833449125, 55.12228516198229], [-1.5683880457654595, 55.12228516198229], [-1.567770326975733, 55.122644503600895], [-1.569005764555186, 55.123363186838105], [-1.569005764555186, 55.126237919786945], [-1.5696234833449125, 55.12659726140555], [-1.5720943585038185, 55.12659726140555], [-1.5733297960832715, 55.12731594464276], [-1.5745652336627245, 55.12731594464276], [-1.5758006712421775, 55.12803462787997], [-1.5782715464010835, 55.12803462787997], [-1.57888926519081, 55.128393969498575], [-1.57888926519081, 55.129112652735785], [-1.5782715464010835, 55.12947199435439], [-1.5758006712421775, 55.12947199435439], [-1.575182952452451, 55.129831335972995], [-1.575182952452451, 55.131268702447414], [-1.5745652336627245, 55.13162804406602], [-1.5733297960832715, 55.13162804406602], [-1.572712077293545, 55.131268702447414], [-1.572712077293545, 55.129831335972995], [-1.5720943585038185, 55.12947199435439], [-1.571476639714092, 55.129831335972995], [-1.571476639714092, 55.130550019210204], [-1.569005764555186, 55.131987385684624], [-1.569005764555186, 55.132706068921834], [-1.5683880457654595, 55.13306541054044], [-1.5671526081860065, 55.13306541054044], [-1.56653488939628, 55.133424752159044], [-1.56653488939628, 55.134143435396254], [-1.5659171706065536, 55.13450277701486], [-1.5634462954476476, 55.13450277701486], [-1.562991100889266, 55.13476757444714], [-1.554134199334247, 55.13401509022348], [-1.550832735890716, 55.133547386420716], [-1.547619477277762, 55.133753325007454], [-1.542846324026736, 55.133785967677255], [-1.532140807488463, 55.13762747839096], [-1.531886428078406, 55.13770840466268], [-1.52339357512731, 55.140174456300265], [-1.522990215524174, 55.14028079916774], [-1.522050094588275, 55.14052850010673], [-1.510878348555858, 55.14310887324498], [-1.499326877445998, 55.14506646099529], [-1.493521963897818, 55.14571304890859], [-1.490588242341418, 55.14627654263608], [-1.479207610298336, 55.147808437758805], [-1.467627742650556, 55.148729743832796], [-1.467602998535121, 55.148731046062416], [-1.453592768681917, 55.14901991683244], [-1.439613266601937, 55.14841581908839], [-1.425837782463112, 55.14692624330831], [-1.425795312742079, 55.14692023269272], [-1.413707859985736, 55.14483651444099], [-1.402045685325968, 55.14207071207527], [-1.390925866380586, 55.138650616331496], [-1.38045995206584, 55.134610583849096], [-1.374013566210381, 55.13154310101383], [-1.372273258631707, 55.13085409540585], [-1.37187862008546, 55.13068264991121], [-1.367277776529422, 55.128585179850354], [-1.367179135721609, 55.12853801482555], [-1.359050595262404, 55.12429296682101], [-1.351599724880227, 55.11965797919321], [-1.351524860728135, 55.119607120463144], [-1.345587961399884, 55.11524509621535], [-1.340251555473553, 55.11063542987034], [-1.340083124089021, 55.11047708261677], [-1.333694861850742, 55.103677869284404], [-1.333638813126278, 55.103609717481845], [-1.329089516717215, 55.09732671381071], [-1.328875294106277, 55.096986408445154], [-1.328317443308135, 55.096081436655545], [-1.32820791911176, 55.09589993121436], [-1.323624129291114, 55.086142039720826], [-1.323592603850124, 55.0860496084586], [-1.321994909187429, 55.079838083852266], [-1.318996517700036, 55.077305128432194], [-1.314012435456128, 55.072268666394905], [-1.313951873895061, 55.072201311392384], [-1.309281719026878, 55.06638853035162], [-1.305594424466418, 55.06046985063001], [-1.299235137643062, 55.05568287767271], [-1.299161821055126, 55.0556218158624], [-1.292588787256842, 55.04951913612348], [-1.287103486853615, 55.04307223716709], [-1.282759522978047, 55.03634474935797], [-1.282209665547398, 55.03513716728323], [-1.279547956584645, 55.030610507274666], [-1.27878412860237, 55.02859626710192], [-1.278080619930722, 55.02803254661098], [-1.278125814442227, 55.02801393514947], [-1.27388913910806, 55.02467028193094], [-1.273588891569633, 55.024376236727456], [-1.270658163708995, 55.02288854110832], [-1.27051186526637, 55.02280443490339], [-1.262214509578004, 55.01753995997923], [-1.254858199709591, 55.011832709677584], [-1.248513718054659, 55.005737921929395], [-1.243241969010355, 54.99931455936171], [-1.239521293916411, 54.99331484385863], [-1.2359263079093, 54.98833680832908], [-1.23221696923388, 54.981200717582105], [-1.231850139423733, 54.98008804246671], [-1.23131508253095, 54.97903166627434], [-1.230905195978257, 54.97772107660165], [-1.228979202196657, 54.97360620573804], [-1.228843859938567, 54.9732434724224], [-1.226665661614722, 54.96524406254254], [-1.226056147609292, 54.957154688845414], [-1.226076706559333, 54.9569827832458], [-1.2260001119846, 54.95622576031582], [-1.226423384324445, 54.94943447118868], [-1.227213358609755, 54.94595272119865], [-1.227360414351794, 54.94448078564379], [-1.228324015884405, 54.940908593807166], [-1.228775551232993, 54.938358226628374], [-1.229512173544441, 54.936255828860816], [-1.22776950380395, 54.930846330931594], [-1.22776378005315, 54.93082122529025], [-1.226822824252898, 54.924663403421704], [-1.226798669778004, 54.918481794383496], [-1.226801075945323, 54.918447597102585], [-1.226815816362816, 54.91834391495384], [-1.225265675292141, 54.91158891031091], [-1.225257950795489, 54.91153200283004], [-1.224896645414412, 54.904582881422286], [-1.225695109863999, 54.89764587807723], [-1.227645371674269, 54.890785096853854], [-1.227722404161881, 54.89061721372766], [-1.227610251006896, 54.89046173879081], [-1.223936924117286, 54.88342691738036], [-1.221521778971969, 54.87621346822484], [-1.220389092263427, 54.868895928013856], [-1.220549863925591, 54.861549868503246], [-1.221022433229912, 54.85917449294248], [-1.221619524904511, 54.853065339385054], [-1.223605685348827, 54.845846262724955], [-1.22684375843205, 54.83877969169384], [-1.231300057300741, 54.831937737498976], [-1.236928528280086, 54.82539018384165], [-1.24367124234552, 54.81920377922588], [-1.251459003737777, 54.813441561360655], [-1.260212068841454, 54.80816222029474], [-1.269840967519029, 54.80341950649453], [-1.280247418261039, 54.79926168959743], [-1.291325327778641, 54.79573107304828], [-1.295562815151068, 54.79468703776717], [-1.297694230984702, 54.7935086350784], [-1.298935471644004, 54.7916178323055], [-1.300899096510787, 54.78602932649395], [-1.303822641463332, 54.78023565946273], [-1.303855788337667, 54.78017889195666], [-1.30749838892497, 54.77468755137636], [-1.311899835943749, 54.769385332924585], [-1.311979204448726, 54.76929890512026], [-1.318434545670684, 54.76304944100148], [-1.32594171604873, 54.75720646723559], [-1.334424446528308, 54.75182900916682], [-1.343796715620634, 54.7469713676206], [-1.353963623327188, 54.74268257643431], [-1.36482234958242, 54.73900591331988], [-1.365427616360978, 54.73884578766505], [-1.366466001221494, 54.738496957110094], [-1.377408585281261, 54.73522616568087], [-1.388852897936534, 54.732593463056745], [-1.40068824258066, 54.73062429710824], [-1.409032357449442, 54.729738078419835], [-1.415082498108573, 54.72883676901337], [-1.426778662390889, 54.72776345037213], [-1.43859753438481, 54.727334678853765], [-1.450433499531602, 54.72755428740775], [-1.45358540719132, 54.727786765899474], [-1.460903046425312, 54.72781557345918], [-1.466281347514923, 54.72730377697732], [-1.466400240101539, 54.72729519162635], [-1.47447636818013, 54.72686525804178], [-1.47465644842763, 54.72685906830462], [-1.492431212429634, 54.7269799799361], [-1.492641042128535, 54.726990061346775], [-1.493975884864696, 54.72708387228892], [-1.496762432870682, 54.72706795317026], [-1.497198059021766, 54.727081028411554], [-1.510195163533885, 54.72786645933397], [-1.522980307468381, 54.729431924797225], [-1.535414321640169, 54.731760389140604], [-1.537498566512326, 54.7322215198925], [-1.546704657911333, 54.73450650768987], [-1.547105661735176, 54.73461722962134], [-1.557159467598634, 54.737725876528245], [-1.566683575720808, 54.741350926917946], [-1.566974179357197, 54.741472851649306], [-1.576790537294198, 54.74604446620443], [-1.585763573878532, 54.75116399164899], [-1.586301890667528, 54.751540052186016], [-1.586301890667528, 54.75252263643779], [-1.5856841718778014, 54.752881978056394], [-1.5844487342983484, 54.752881978056394], [-1.583831015508622, 54.753241319675], [-1.583831015508622, 54.75396000291221], [-1.5844487342983484, 54.75431934453081], [-1.5856841718778014, 54.7536006612936], [-1.587537328246981, 54.75467868614942], [-1.5869196094572544, 54.75503802776802], [-1.5844487342983484, 54.75503802776802], [-1.582595577929169, 54.75611605262384], [-1.5832132967188954, 54.75647539424244], [-1.5844487342983484, 54.75647539424244], [-1.585066453088075, 54.75683473586105], [-1.585066453088075, 54.75755341909826], [-1.5832132967188954, 54.75863144395407], [-1.5819778591394424, 54.75791276071686], [-1.5807424215599895, 54.75791276071686], [-1.5795069839805365, 54.75863144395407], [-1.5782715464010835, 54.75863144395407], [-1.577653827611357, 54.75899078557268], [-1.577653827611357, 54.7604281520471], [-1.5770361088216305, 54.7607874936657], [-1.5758006712421775, 54.7607874936657], [-1.573947514872998, 54.76186551852152], [-1.573947514872998, 54.76258420175873], [-1.572712077293545, 54.76330288499594], [-1.573947514872998, 54.76402156823315], [-1.5733297960832715, 54.76438090985175], [-1.5720943585038185, 54.76438090985175], [-1.5708589209243655, 54.76366222661454], [-1.5683880457654595, 54.76509959308896], [-1.5671526081860065, 54.76509959308896], [-1.565299451816827, 54.76617761794478], [-1.565299451816827, 54.76689630118199], [-1.564064014237374, 54.7676149844192], [-1.5646817330271006, 54.7679743260378], [-1.5659171706065536, 54.7679743260378], [-1.56653488939628, 54.76833366765641], [-1.56653488939628, 54.76905235089362], [-1.5659171706065536, 54.76941169251222], [-1.5646817330271006, 54.76941169251222], [-1.561593139078468, 54.771208400605246], [-1.561593139078468, 54.771927083842456], [-1.5597399827092886, 54.77300510869827], [-1.5585045451298356, 54.77300510869827], [-1.557886826340109, 54.773364450316876], [-1.5585045451298356, 54.77372379193548], [-1.5597399827092886, 54.77372379193548], [-1.560357701499015, 54.774083133554086], [-1.560357701499015, 54.774801816791296], [-1.5597399827092886, 54.7751611584099], [-1.5572691075503826, 54.7751611584099], [-1.5566513887606561, 54.774801816791296], [-1.5566513887606561, 54.774083133554086], [-1.5560336699709296, 54.77372379193548], [-1.5547982323914766, 54.77444247517269], [-1.5535627948120236, 54.77444247517269], [-1.5510919196531177, 54.77587984164711], [-1.5498564820736647, 54.7751611584099], [-1.5492387632839382, 54.775520500028506], [-1.5492387632839382, 54.776957866502926], [-1.5486210444942117, 54.77731720812153], [-1.5473856069147587, 54.77659852488432], [-1.5461501693353057, 54.77659852488432], [-1.5455324505455792, 54.776957866502926], [-1.5461501693353057, 54.77731720812153], [-1.5473856069147587, 54.77731720812153], [-1.5480033257044852, 54.777676549740136], [-1.5473856069147587, 54.77803589135874], [-1.5449147317558527, 54.77803589135874], [-1.5436792941763997, 54.77875457459595], [-1.5424438565969467, 54.77875457459595], [-1.5418261378072202, 54.779113916214556], [-1.5418261378072202, 54.779832599451765], [-1.5387375438585877, 54.78162930754479], [-1.5362666686996818, 54.78162930754479], [-1.5350312311202288, 54.782347990782], [-1.5337957935407758, 54.782347990782], [-1.5331780747510493, 54.782707332400605], [-1.5331780747510493, 54.784144698875025], [-1.5325603559613228, 54.78450404049363], [-1.5313249183818698, 54.78450404049363], [-1.5300894808024168, 54.78378535725642], [-1.5294717620126903, 54.784144698875025], [-1.5307071995921433, 54.784863382112235], [-1.5282363244332373, 54.786300748586655], [-1.5288540432229638, 54.78666009020526], [-1.5300894808024168, 54.78666009020526], [-1.5313249183818698, 54.78594140696805], [-1.5337957935407758, 54.78594140696805], [-1.5350312311202288, 54.78666009020526], [-1.5362666686996818, 54.78594140696805], [-1.5375021062791348, 54.78594140696805], [-1.5381198250688612, 54.785582065349445], [-1.5381198250688612, 54.784863382112235], [-1.5393552626483142, 54.784144698875025], [-1.5393552626483142, 54.783426015637815], [-1.5399729814380407, 54.78306667401921], [-1.5412084190174937, 54.78306667401921], [-1.5424438565969467, 54.78378535725642], [-1.5436792941763997, 54.78378535725642], [-1.5461501693353057, 54.782347990782], [-1.5467678881250322, 54.782707332400605], [-1.5467678881250322, 54.783426015637815], [-1.5473856069147587, 54.78378535725642], [-1.5486210444942117, 54.78306667401921], [-1.5498564820736647, 54.78306667401921], [-1.5510919196531177, 54.78378535725642], [-1.5535627948120236, 54.78378535725642], [-1.5541805136017501, 54.784144698875025], [-1.5529450760222971, 54.784863382112235], [-1.5529450760222971, 54.785582065349445], [-1.5535627948120236, 54.78594140696805], [-1.5547982323914766, 54.78522272373084], [-1.5572691075503826, 54.78522272373084], [-1.557886826340109, 54.784863382112235], [-1.557886826340109, 54.783426015637815], [-1.5585045451298356, 54.78306667401921], [-1.5634462954476476, 54.78306667401921], [-1.5646817330271006, 54.78378535725642], [-1.5659171706065536, 54.78306667401921], [-1.5683880457654595, 54.78306667401921], [-1.569005764555186, 54.783426015637815], [-1.569005764555186, 54.784144698875025], [-1.5708589209243655, 54.78522272373084], [-1.5720943585038185, 54.78522272373084], [-1.5733297960832715, 54.78450404049363], [-1.5758006712421775, 54.78450404049363], [-1.576418390031904, 54.784863382112235], [-1.576418390031904, 54.785582065349445], [-1.575182952452451, 54.786300748586655], [-1.575182952452451, 54.790612848009914], [-1.5770361088216305, 54.79169087286573], [-1.5782715464010835, 54.79169087286573], [-1.5795069839805365, 54.79240955610294], [-1.5807424215599895, 54.79240955610294], [-1.581360140349716, 54.792768897721544], [-1.5807424215599895, 54.79312823934015], [-1.5782715464010835, 54.79312823934015], [-1.5770361088216305, 54.79240955610294], [-1.5745652336627245, 54.79240955610294], [-1.5733297960832715, 54.79169087286573], [-1.5696234833449125, 54.79169087286573], [-1.5646817330271006, 54.79456560581457], [-1.5634462954476476, 54.79456560581457], [-1.561593139078468, 54.795643630670384], [-1.561593139078468, 54.79636231390759], [-1.560357701499015, 54.7970809971448], [-1.560357701499015, 54.79779968038201], [-1.561593139078468, 54.79851836361922], [-1.561593139078468, 54.79995573009364], [-1.560357701499015, 54.80067441333085], [-1.560357701499015, 54.80139309656806], [-1.561593139078468, 54.80211177980527], [-1.561593139078468, 54.8042678295169], [-1.5646817330271006, 54.80606453760993], [-1.5659171706065536, 54.80606453760993], [-1.5671526081860065, 54.80678322084714], [-1.5683880457654595, 54.80606453760993], [-1.5696234833449125, 54.80606453760993], [-1.570241202134639, 54.80570519599132], [-1.570241202134639, 54.80498651275411], [-1.5708589209243655, 54.80462717113551], [-1.5720943585038185, 54.80462717113551], [-1.5733297960832715, 54.8039084878983], [-1.5745652336627245, 54.8039084878983], [-1.5758006712421775, 54.80462717113551], [-1.5770361088216305, 54.80462717113551], [-1.577653827611357, 54.8042678295169], [-1.576418390031904, 54.80354914627969], [-1.5770361088216305, 54.80318980466109], [-1.5782715464010835, 54.80318980466109], [-1.5795069839805365, 54.80247112142388], [-1.5819778591394424, 54.80247112142388], [-1.582595577929169, 54.80283046304248], [-1.582595577929169, 54.80498651275411], [-1.5819778591394424, 54.80534585437272], [-1.581360140349716, 54.80498651275411], [-1.581360140349716, 54.8042678295169], [-1.5807424215599895, 54.8039084878983], [-1.580124702770263, 54.8042678295169], [-1.580124702770263, 54.80498651275411], [-1.5819778591394424, 54.80606453760993], [-1.5844487342983484, 54.80606453760993], [-1.585066453088075, 54.80642387922853], [-1.585066453088075, 54.80714256246574], [-1.583831015508622, 54.80786124570295], [-1.583831015508622, 54.80857992894016], [-1.5844487342983484, 54.80893927055877], [-1.5869196094572544, 54.80893927055877], [-1.5881550470367074, 54.80965795379598], [-1.5900082034058869, 54.80857992894016], [-1.588772765826434, 54.80786124570295], [-1.5906259221956134, 54.80678322084714], [-1.5918613597750664, 54.80678322084714], [-1.5937145161442459, 54.80570519599132], [-1.5937145161442459, 54.80498651275411], [-1.5943322349339724, 54.80462717113551], [-1.5955676725134254, 54.80462717113551], [-1.5961853913031518, 54.8042678295169], [-1.5961853913031518, 54.80067441333085], [-1.5974208288826048, 54.79995573009364], [-1.5974208288826048, 54.79923704685643], [-1.5992739852517843, 54.79815902200062], [-1.6005094228312373, 54.79815902200062], [-1.6011271416209638, 54.79779968038201], [-1.5986562664620578, 54.79636231390759], [-1.5992739852517843, 54.79600297228899], [-1.6017448604106903, 54.79600297228899], [-1.6029802979901433, 54.7967216555262], [-1.6054511731490493, 54.7967216555262], [-1.6066866107285023, 54.79600297228899], [-1.6079220483079553, 54.79600297228899], [-1.6085397670976818, 54.795643630670384], [-1.6085397670976818, 54.794924947433174], [-1.6097752046771348, 54.794206264195964], [-1.6085397670976818, 54.793487580958754], [-1.6085397670976818, 54.792768897721544], [-1.6073043295182288, 54.792050214484334], [-1.6073043295182288, 54.790612848009914], [-1.6085397670976818, 54.789894164772704], [-1.6085397670976818, 54.787738115061074], [-1.6079220483079553, 54.78737877344247], [-1.6054511731490493, 54.78737877344247], [-1.6035980167798698, 54.788456798298284], [-1.6035980167798698, 54.789175481535494], [-1.6029802979901433, 54.7895348231541], [-1.6017448604106903, 54.7895348231541], [-1.6011271416209638, 54.789175481535494], [-1.6011271416209638, 54.786300748586655], [-1.5998917040415108, 54.785582065349445], [-1.6011271416209638, 54.784863382112235], [-1.5998917040415108, 54.784144698875025], [-1.5998917040415108, 54.779832599451765], [-1.5980385476723313, 54.77875457459595], [-1.5974208288826048, 54.779113916214556], [-1.5974208288826048, 54.779832599451765], [-1.5968031100928783, 54.78019194107037], [-1.5955676725134254, 54.78019194107037], [-1.5937145161442459, 54.779113916214556], [-1.5937145161442459, 54.777676549740136], [-1.5955676725134254, 54.77659852488432], [-1.5961853913031518, 54.776957866502926], [-1.5961853913031518, 54.777676549740136], [-1.5968031100928783, 54.77803589135874], [-1.5992739852517843, 54.77803589135874], [-1.5998917040415108, 54.777676549740136], [-1.5998917040415108, 54.775520500028506], [-1.6011271416209638, 54.774801816791296], [-1.6011271416209638, 54.774083133554086], [-1.5998917040415108, 54.773364450316876], [-1.5998917040415108, 54.771927083842456], [-1.6005094228312373, 54.77156774222385], [-1.6029802979901433, 54.77156774222385], [-1.6035980167798698, 54.771208400605246], [-1.6023625792004168, 54.77048971736804], [-1.6023625792004168, 54.76617761794478], [-1.6034421934705925, 54.765549580809164], [-1.606905362717111, 54.76925050586232], [-1.611310839598539, 54.775158490816224], [-1.614791668369396, 54.781269351202035], [-1.617319917315989, 54.78753479392192], [-1.618875151676362, 54.793905281748565], [-1.61892476283026, 54.79420403328072], [-1.619476171203013, 54.7997916875698], [-1.619368051226844, 54.802844042700706], [-1.622517159473638, 54.807584643910225], [-1.626863904424482, 54.80713973581584], [-1.637064204030912, 54.806586503386534], [-1.637453275679501, 54.8065746356764], [-1.638090839173015, 54.806555268384486], [-1.654038679492899, 54.80665738471475], [-1.654705895959546, 54.806686231882274], [-1.666951697575097, 54.807642762350554], [-1.66758258406308, 54.807672345815995], [-1.668151966879174, 54.80773644755616], [-1.669533334253053, 54.80784425287393], [-1.669606311200678, 54.80785253825048], [-1.670843335714114, 54.808039405914], [-1.68127655425663, 54.80921323154923], [-1.681338653590043, 54.80922231575843], [-1.691095489514499, 54.81089563455421], [-1.70058570897683, 54.813020419972545], [-1.700640136805321, 54.81303409758521], [-1.716900973694111, 54.81796732237196], [-1.716953724957677, 54.81798629368974], [-1.726140689584707, 54.821626824167645], [-1.734732605166967, 54.8257238575018], [-1.734777594560882, 54.82574732654711], [-1.742914752591794, 54.83039864256136], [-1.749970715199066, 54.83524401269013], [-1.750577237115005, 54.83517043800942], [-1.750764112813714, 54.83515466546095], [-1.756262961636041, 54.83485167170043], [-1.762392411978171, 54.833704284959666], [-1.762518609064052, 54.83368481823516], [-1.774107260746841, 54.83223196303229], [-1.774216273554203, 54.83222138143299], [-1.785438121165305, 54.831430189483605], [-1.785593844629635, 54.83142330146576], [-1.793330514698738, 54.8312194529545], [-1.793506399749911, 54.831217955354056], [-1.808397769398701, 54.83160228726114], [-1.80876352514655, 54.83162434770375], [-1.819454386877547, 54.83253926853489], [-1.824306703518627, 54.833205080811155], [-1.824594839773808, 54.83322742740325], [-1.83391900130055, 54.83375402643821], [-1.834887931727647, 54.83378903382874], [-1.835430277638135, 54.83383930980706], [-1.835452844178034, 54.8338405831222], [-1.835796850528458, 54.833871628126246], [-1.83590952023811, 54.83388373392884], [-1.84684840266532, 54.83489718943565], [-1.858568469782658, 54.83666583851147], [-1.869939070897225, 54.83907852823602], [-1.880854345081806, 54.842112811005784], [-1.8818561353954, 54.842426519805116], [-1.892638327758094, 54.84621985595758], [-1.89530572753373, 54.847385623291395], [-1.897098753816246, 54.84775961302665], [-1.897620147886056, 54.84788670430549], [-1.900999386770374, 54.84874439074103], [-1.901242174550915, 54.84880848685381], [-1.913207389383905, 54.85242849790666], [-1.924430058211995, 54.856769585593796], [-1.925220768381413, 54.857112397737396], [-1.936703240108749, 54.86274302037726], [-1.937252686062715, 54.86304703003358], [-1.94721808600513, 54.869244090289754], [-1.955864629383556, 54.87606884568829], [-1.957732993758172, 54.877740136444665], [-1.958583654444247, 54.87851168178782], [-1.958993159328456, 54.878888326263386], [-1.964849660043422, 54.88489142753135], [-1.969690532908397, 54.89118832855751], [-1.973471470059987, 54.89772202329977], [-1.973547801680562, 54.89787834827833], [-1.97595153512018, 54.903720592250764], [-1.977506428495336, 54.90965758582822], [-1.978201393599088, 54.91564842770414], [-1.978207529557164, 54.91578862178471], [-1.977912099163569, 54.92289253739695], [-1.976407161834673, 54.9299454291074], [-1.973706631404922, 54.93687914167855], [-1.969836009425048, 54.94362663699106], [-1.969604791986068, 54.94392685488501], [-1.969352804384158, 54.94435928930179]], [[-1.945196507498622, 54.96489353303332], [-1.942725632339716, 54.96489353303332], [-1.9421079135499895, 54.965252874651924], [-1.9421079135499895, 54.966690241126344], [-1.9408724759705365, 54.96740892436355], [-1.9408724759705365, 54.96812760760076], [-1.94025475718081, 54.96848694921937], [-1.937783882021904, 54.96848694921937], [-1.936548444442451, 54.96920563245658], [-1.935313006862998, 54.96920563245658], [-1.9346952880732715, 54.96956497407518], [-1.9359307256527245, 54.97028365731239], [-1.9359307256527245, 54.97387707349844], [-1.936548444442451, 54.97423641511705], [-1.941490194760263, 54.97423641511705], [-1.9421079135499895, 54.97459575673565], [-1.9421079135499895, 54.97531443997286], [-1.942725632339716, 54.97567378159147], [-1.9458142262883484, 54.97387707349844], [-1.9458142262883484, 54.97315839026123], [-1.9495205390267074, 54.9710023405496], [-1.9495205390267074, 54.97028365731239], [-1.950138257816434, 54.96992431569379], [-1.95260913297534, 54.96992431569379], [-1.9532268517650664, 54.96956497407518], [-1.9532268517650664, 54.96812760760076], [-1.9519914141856134, 54.96740892436355], [-1.9519914141856134, 54.966690241126344], [-1.951373695395887, 54.96633089950774], [-1.950138257816434, 54.96704958274495], [-1.946431945078075, 54.96704958274495], [-1.9458142262883484, 54.966690241126344], [-1.9458142262883484, 54.965252874651924], [-1.945196507498622, 54.96489353303332]], [[-1.921723193489015, 54.97136168216821], [-1.9192523183301091, 54.97279904864263], [-1.9180168807506561, 54.97208036540542], [-1.9167814431712031, 54.97208036540542], [-1.9161637243814766, 54.97172102378681], [-1.9161637243814766, 54.9710023405496], [-1.9155460055917501, 54.970642998931], [-1.9149282868020236, 54.9710023405496], [-1.9149282868020236, 54.97459575673565], [-1.9130751304328442, 54.97567378159147], [-1.9118396928533912, 54.97567378159147], [-1.9106042552739382, 54.97495509835426], [-1.9056625049561262, 54.97495509835426], [-1.9044270673766732, 54.97567378159147], [-1.9031916297972202, 54.97495509835426], [-1.9019561922177672, 54.97495509835426], [-1.9013384734280407, 54.97531443997286], [-1.9013384734280407, 54.97603312321007], [-1.9001030358485878, 54.97675180644728], [-1.9001030358485878, 54.9781891729217], [-1.9007207546383142, 54.97854851454031], [-1.9044270673766732, 54.97854851454031], [-1.9062802237458527, 54.97962653939612], [-1.9062802237458527, 54.98034522263333], [-1.9056625049561262, 54.98070456425194], [-1.9031916297972202, 54.98070456425194], [-1.9019561922177672, 54.98142324748915], [-1.9007207546383142, 54.98142324748915], [-1.9001030358485878, 54.98106390587054], [-1.9001030358485878, 54.97962653939612], [-1.8982498794794083, 54.97854851454031], [-1.8970144418999553, 54.97926719777752], [-1.8945435667410493, 54.97926719777752], [-1.8939258479513228, 54.97890785615891], [-1.8939258479513228, 54.9781891729217], [-1.8933081291615963, 54.9778298313031], [-1.8920726915821433, 54.9778298313031], [-1.8908372540026903, 54.97711114806589], [-1.8896018164232373, 54.97711114806589], [-1.8889840976335108, 54.97747048968449], [-1.8889840976335108, 54.97890785615891], [-1.8902195352129638, 54.97962653939612], [-1.8902195352129638, 54.98106390587054], [-1.8896018164232373, 54.98142324748915], [-1.8883663788437843, 54.98070456425194], [-1.8877486600540578, 54.98106390587054], [-1.8877486600540578, 54.98178258910775], [-1.8883663788437843, 54.98214193072636], [-1.8896018164232373, 54.98214193072636], [-1.8902195352129638, 54.98250127234496], [-1.8902195352129638, 54.98321995558217], [-1.8889840976335108, 54.98393863881938], [-1.8889840976335108, 54.98465732205659], [-1.8883663788437843, 54.9850166636752], [-1.8871309412643313, 54.9850166636752], [-1.8858955036848783, 54.98429798043799], [-1.8852777848951519, 54.98465732205659], [-1.8852777848951519, 54.9853760052938], [-1.8865132224746048, 54.98609468853101], [-1.8865132224746048, 54.98681337176822], [-1.8871309412643313, 54.987172713386826], [-1.8908372540026903, 54.987172713386826], [-1.8933081291615963, 54.985735346912406], [-1.8945435667410493, 54.985735346912406], [-1.8951612855307758, 54.98609468853101], [-1.8951612855307758, 54.98825073824264], [-1.8957790043205023, 54.988610079861246], [-1.9031916297972202, 54.988610079861246], [-1.9038093485869467, 54.98825073824264], [-1.9038093485869467, 54.98753205500543], [-1.9044270673766732, 54.987172713386826], [-1.9068979425355792, 54.987172713386826], [-1.9081333801150322, 54.986454030149616], [-1.9106042552739382, 54.986454030149616], [-1.9118396928533912, 54.985735346912406], [-1.9130751304328442, 54.985735346912406], [-1.9143105680122972, 54.9850166636752], [-1.9155460055917501, 54.9850166636752], [-1.9180168807506561, 54.98357929720078], [-1.9192523183301091, 54.98357929720078], [-1.921723193489015, 54.98214193072636], [-1.922958631068468, 54.98214193072636], [-1.9248117874376476, 54.98106390587054], [-1.9248117874376476, 54.97962653939612], [-1.9260472250171006, 54.97890785615891], [-1.9260472250171006, 54.97747048968449], [-1.926664943806827, 54.97711114806589], [-1.92790038138628, 54.97711114806589], [-1.9285181001760066, 54.97675180644728], [-1.9285181001760066, 54.97603312321007], [-1.92790038138628, 54.97567378159147], [-1.9272826625965536, 54.97531443997286], [-1.9272826625965536, 54.97387707349844], [-1.926664943806827, 54.97351773187984], [-1.925429506227374, 54.97351773187984], [-1.924194068647921, 54.97423641511705], [-1.9223409122787416, 54.97315839026123], [-1.9223409122787416, 54.97172102378681], [-1.921723193489015, 54.97136168216821]], [[-1.875394284259528, 54.964534191414714], [-1.8747765654698014, 54.96489353303332], [-1.8723056903108954, 54.96489353303332], [-1.8710702527314425, 54.96561221627053], [-1.8698348151519895, 54.96561221627053], [-1.8690626666648313, 54.965971557889134], [-1.8723056903108954, 54.9634561665589], [-1.8730778387980536, 54.963096824940294], [-1.8747765654698014, 54.96273748332169], [-1.876629721838981, 54.961659458465874], [-1.876629721838981, 54.960222091991454], [-1.877865159418434, 54.959503408754244], [-1.8735411278903484, 54.95698801742401], [-1.8710702527314425, 54.95698801742401], [-1.870452533941716, 54.957347359042615], [-1.870452533941716, 54.958784725517035], [-1.8698348151519895, 54.95914406713564], [-1.8661285024136305, 54.95914406713564], [-1.865510783623904, 54.959503408754244], [-1.865510783623904, 54.960222091991454], [-1.8648930648341775, 54.96058143361006], [-1.8624221896752715, 54.96058143361006], [-1.8611867520958185, 54.95986275037285], [-1.860569033306092, 54.960222091991454], [-1.860569033306092, 54.960940775228664], [-1.8599513145163655, 54.96130011684727], [-1.8587158769369125, 54.96058143361006], [-1.8574804393574595, 54.96130011684727], [-1.8562450017780066, 54.96058143361006], [-1.8537741266191006, 54.96058143361006], [-1.853156407829374, 54.960222091991454], [-1.853156407829374, 54.959503408754244], [-1.8525386890396476, 54.95914406713564], [-1.851920970249921, 54.959503408754244], [-1.851920970249921, 54.960222091991454], [-1.8513032514601946, 54.96058143361006], [-1.8500678138807416, 54.96058143361006], [-1.849450095091015, 54.960940775228664], [-1.849450095091015, 54.963096824940294], [-1.850685532670468, 54.963815508177504], [-1.850685532670468, 54.965252874651924], [-1.851920970249921, 54.965971557889134], [-1.851920970249921, 54.96740892436355], [-1.8513032514601946, 54.96776826598216], [-1.8500678138807416, 54.96704958274495], [-1.848214657511562, 54.96812760760076], [-1.848214657511562, 54.96884629083797], [-1.8488323763012886, 54.96920563245658], [-1.8500678138807416, 54.96920563245658], [-1.8513032514601946, 54.96848694921937], [-1.8525386890396476, 54.96848694921937], [-1.853156407829374, 54.96884629083797], [-1.853156407829374, 54.9710023405496], [-1.8525386890396476, 54.97136168216821], [-1.8513032514601946, 54.970642998931], [-1.850685532670468, 54.9710023405496], [-1.8562450017780066, 54.97423641511705], [-1.8574804393574595, 54.97423641511705], [-1.8587158769369125, 54.97495509835426], [-1.8599513145163655, 54.97495509835426], [-1.860569033306092, 54.97459575673565], [-1.860569033306092, 54.97387707349844], [-1.8611867520958185, 54.97351773187984], [-1.8648930648341775, 54.97351773187984], [-1.8661285024136305, 54.97279904864263], [-1.866746221203357, 54.97315839026123], [-1.866746221203357, 54.97459575673565], [-1.8673639399930835, 54.97495509835426], [-1.8698348151519895, 54.97495509835426], [-1.8723056903108954, 54.97351773187984], [-1.8735411278903484, 54.97423641511705], [-1.8747765654698014, 54.97351773187984], [-1.8760120030492544, 54.97351773187984], [-1.877865159418434, 54.97243970702402], [-1.876629721838981, 54.97172102378681], [-1.876629721838981, 54.96956497407518], [-1.879100596997887, 54.96812760760076], [-1.879100596997887, 54.966690241126344], [-1.8803360345773399, 54.965971557889134], [-1.8803360345773399, 54.965252874651924], [-1.8784828782081604, 54.96417484979611], [-1.8772474406287074, 54.96417484979611], [-1.8760120030492544, 54.9634561665589], [-1.875394284259528, 54.963815508177504], [-1.875394284259528, 54.964534191414714]], [[-1.8278299374505877, 54.95842538389843], [-1.8265944998711348, 54.95770670066122], [-1.8259767810814083, 54.958066042279825], [-1.8259767810814083, 54.959503408754244], [-1.8272122186608613, 54.960222091991454], [-1.8272122186608613, 54.960940775228664], [-1.8278299374505877, 54.96130011684727], [-1.8290653750300407, 54.96130011684727], [-1.8303008126094937, 54.96201880008448], [-1.8327716877683997, 54.96058143361006], [-1.8352425629273057, 54.96201880008448], [-1.8377134380862117, 54.96201880008448], [-1.8389488756656647, 54.96273748332169], [-1.8408020320348442, 54.961659458465874], [-1.8408020320348442, 54.960940775228664], [-1.8401843132451177, 54.96058143361006], [-1.8389488756656647, 54.96058143361006], [-1.8377134380862117, 54.95986275037285], [-1.8327716877683997, 54.95986275037285], [-1.8309185313992202, 54.958784725517035], [-1.8309185313992202, 54.958066042279825], [-1.8303008126094937, 54.95770670066122], [-1.8290653750300407, 54.95770670066122], [-1.8278299374505877, 54.95842538389843]], [[-1.8253590622916818, 54.87218339543324], [-1.8241236247122288, 54.87218339543324], [-1.8210350307635963, 54.870386687340215], [-1.8210350307635963, 54.868230637628585], [-1.8197995931841433, 54.867511954391375], [-1.8197995931841433, 54.866793271154165], [-1.8191818743944168, 54.86643392953556], [-1.8179464368149638, 54.86715261277277], [-1.8167109992355108, 54.86715261277277], [-1.8160932804457843, 54.866793271154165], [-1.8160932804457843, 54.865355904679745], [-1.8148578428663313, 54.864637221442536], [-1.8148578428663313, 54.863918538205326], [-1.8117692489176989, 54.8621218301123], [-1.8092983737587929, 54.8621218301123], [-1.8086806549690664, 54.861762488493696], [-1.8086806549690664, 54.861043805256486], [-1.8123869677074254, 54.858887755544856], [-1.8117692489176989, 54.85852841392625], [-1.8080629361793399, 54.85852841392625], [-1.806827498599887, 54.85780973068904], [-1.8037389046512544, 54.859606438782066], [-1.8062097798101604, 54.861043805256486], [-1.8062097798101604, 54.861762488493696], [-1.8086806549690664, 54.863199854968116], [-1.8086806549690664, 54.865355904679745], [-1.8099160925485194, 54.866074587916955], [-1.8099160925485194, 54.866793271154165], [-1.8105338113382459, 54.86715261277277], [-1.8117692489176989, 54.86643392953556], [-1.8136224052868783, 54.867511954391375], [-1.8136224052868783, 54.868949320865795], [-1.8142401240766048, 54.8693086624844], [-1.8154755616560578, 54.8693086624844], [-1.8197995931841433, 54.871824053814635], [-1.8197995931841433, 54.873261420289055], [-1.8210350307635963, 54.873980103526264], [-1.8210350307635963, 54.874698786763474], [-1.8222704683430493, 54.875417470000684], [-1.8222704683430493, 54.876136153237894], [-1.8210350307635963, 54.876854836475104], [-1.8210350307635963, 54.877573519712314], [-1.8204173119738698, 54.87793286133092], [-1.8191818743944168, 54.87721417809371], [-1.8167109992355108, 54.87721417809371], [-1.8105338113382459, 54.88080759427976], [-1.8080629361793399, 54.88080759427976], [-1.806827498599887, 54.88152627751697], [-1.805592061020434, 54.88152627751697], [-1.8037389046512544, 54.88260430237278], [-1.8037389046512544, 54.88476035208441], [-1.8049743422307074, 54.88547903532162], [-1.8049743422307074, 54.88619771855883], [-1.804356623440981, 54.88655706017744], [-1.803121185861528, 54.88655706017744], [-1.8025034670718014, 54.88691640179604], [-1.8025034670718014, 54.88763508503325], [-1.804356623440981, 54.88871310988907], [-1.805592061020434, 54.88871310988907], [-1.8062097798101604, 54.88907245150767], [-1.8062097798101604, 54.88979113474488], [-1.806827498599887, 54.89015047636349], [-1.8080629361793399, 54.89015047636349], [-1.8086806549690664, 54.88979113474488], [-1.8086806549690664, 54.88835376827046], [-1.8105338113382459, 54.88727574341465], [-1.8117692489176989, 54.88727574341465], [-1.8123869677074254, 54.88763508503325], [-1.8123869677074254, 54.88835376827046], [-1.8130046864971519, 54.88871310988907], [-1.8142401240766048, 54.88799442665186], [-1.8148578428663313, 54.88835376827046], [-1.8148578428663313, 54.88907245150767], [-1.8154755616560578, 54.88943179312628], [-1.8167109992355108, 54.88871310988907], [-1.8179464368149638, 54.88871310988907], [-1.8191818743944168, 54.88943179312628], [-1.8204173119738698, 54.88943179312628], [-1.8210350307635963, 54.88907245150767], [-1.8210350307635963, 54.88835376827046], [-1.8216527495533228, 54.88799442665186], [-1.8228881871327758, 54.88799442665186], [-1.8235059059225023, 54.88763508503325], [-1.8235059059225023, 54.88691640179604], [-1.8247413435019553, 54.88619771855883], [-1.8235059059225023, 54.88547903532162], [-1.8235059059225023, 54.8840416688472], [-1.8222704683430493, 54.88332298560999], [-1.8241236247122288, 54.88224496075418], [-1.8265944998711348, 54.88224496075418], [-1.8278299374505877, 54.88152627751697], [-1.8303008126094937, 54.88152627751697], [-1.8309185313992202, 54.881166935898364], [-1.8309185313992202, 54.880448252661154], [-1.8321539689786732, 54.879729569423944], [-1.8321539689786732, 54.879010886186734], [-1.8309185313992202, 54.878292202949524], [-1.8333894065581262, 54.876854836475104], [-1.8321539689786732, 54.876136153237894], [-1.8333894065581262, 54.875417470000684], [-1.8327716877683997, 54.87505812838208], [-1.8303008126094937, 54.87505812838208], [-1.8296830938197672, 54.874698786763474], [-1.8309185313992202, 54.873980103526264], [-1.8290653750300407, 54.87290207867045], [-1.8265944998711348, 54.87290207867045], [-1.8253590622916818, 54.87218339543324]], [[-1.7963262791745365, 54.89194718445651], [-1.79570856038481, 54.89158784283791], [-1.794473122805357, 54.89158784283791], [-1.7926199664361775, 54.89266586769372], [-1.7938554040156305, 54.89338455093093], [-1.7938554040156305, 54.89410323416814], [-1.7913845288567245, 54.89554060064256], [-1.7913845288567245, 54.89625928387977], [-1.790766810066998, 54.89661862549838], [-1.789531372487545, 54.89661862549838], [-1.7876782161183655, 54.89554060064256], [-1.7876782161183655, 54.89410323416814], [-1.787060497328639, 54.89374389254954], [-1.785825059749186, 54.89374389254954], [-1.7839719033800066, 54.89482191740535], [-1.7839719033800066, 54.89554060064256], [-1.78335418459028, 54.89589994226117], [-1.782118747010827, 54.89589994226117], [-1.779647871851921, 54.89733730873559], [-1.777176996693015, 54.89733730873559], [-1.7765592779032886, 54.89769665035419], [-1.7765592779032886, 54.8984153335914], [-1.7728529651649296, 54.90057138330303], [-1.7747061215341091, 54.901649408158846], [-1.777176996693015, 54.901649408158846], [-1.7777947154827416, 54.90200874977745], [-1.7777947154827416, 54.90344611625187], [-1.7765592779032886, 54.90416479948908], [-1.7765592779032886, 54.90488348272629], [-1.778412434272468, 54.905961507582106], [-1.779647871851921, 54.905242824344896], [-1.780883309431374, 54.905242824344896], [-1.7815010282211006, 54.9056021659635], [-1.7815010282211006, 54.90632084920071], [-1.782118747010827, 54.906680190819316], [-1.787060497328639, 54.906680190819316], [-1.788295934908092, 54.905961507582106], [-1.789531372487545, 54.905961507582106], [-1.792002247646451, 54.904524141107686], [-1.794473122805357, 54.904524141107686], [-1.79570856038481, 54.905242824344896], [-1.800650310702622, 54.905242824344896], [-1.8012680294923484, 54.90488348272629], [-1.8000325919128954, 54.90416479948908], [-1.8000325919128954, 54.90344611625187], [-1.800650310702622, 54.903086774633266], [-1.804356623440981, 54.903086774633266], [-1.8049743422307074, 54.90272743301466], [-1.8049743422307074, 54.90200874977745], [-1.8037389046512544, 54.90129006654024], [-1.8037389046512544, 54.89697796711698], [-1.803121185861528, 54.89661862549838], [-1.801885748282075, 54.89733730873559], [-1.8012680294923484, 54.89697796711698], [-1.8012680294923484, 54.89625928387977], [-1.8025034670718014, 54.89554060064256], [-1.801885748282075, 54.89518125902396], [-1.800650310702622, 54.89518125902396], [-1.8000325919128954, 54.89482191740535], [-1.8000325919128954, 54.89410323416814], [-1.7987971543334424, 54.89338455093093], [-1.7987971543334424, 54.89266586769372], [-1.798179435543716, 54.89230652607512], [-1.796943997964263, 54.89302520931233], [-1.7963262791745365, 54.89266586769372], [-1.7963262791745365, 54.89194718445651]], [[-1.6227472992613912, 54.81325136998203], [-1.6215118616819382, 54.813970053219236], [-1.6208941428922117, 54.81361071160063], [-1.6208941428922117, 54.81289202836342], [-1.6221295804716647, 54.81217334512621], [-1.6208941428922117, 54.811454661889], [-1.6208941428922117, 54.80714256246574], [-1.6178055489435792, 54.80534585437272], [-1.6165701113641262, 54.80534585437272], [-1.6134815174154937, 54.80354914627969], [-1.6147169549949467, 54.80283046304248], [-1.6147169549949467, 54.80211177980527], [-1.6128637986257672, 54.80103375494946], [-1.6122460798360407, 54.80139309656806], [-1.6122460798360407, 54.80211177980527], [-1.6116283610463142, 54.80247112142388], [-1.6103929234668612, 54.80175243818667], [-1.6091574858874083, 54.80247112142388], [-1.6079220483079553, 54.80175243818667], [-1.6066866107285023, 54.80247112142388], [-1.6060688919387758, 54.80211177980527], [-1.6060688919387758, 54.80139309656806], [-1.6054511731490493, 54.80103375494946], [-1.6042157355695963, 54.80103375494946], [-1.6035980167798698, 54.80139309656806], [-1.6035980167798698, 54.80211177980527], [-1.6042157355695963, 54.80247112142388], [-1.6054511731490493, 54.80247112142388], [-1.6060688919387758, 54.80283046304248], [-1.6048334543593228, 54.80354914627969], [-1.6048334543593228, 54.80570519599132], [-1.6054511731490493, 54.80606453760993], [-1.6079220483079553, 54.80606453760993], [-1.6085397670976818, 54.80642387922853], [-1.6085397670976818, 54.80714256246574], [-1.6091574858874083, 54.80750190408435], [-1.6103929234668612, 54.80678322084714], [-1.6122460798360407, 54.80786124570295], [-1.6122460798360407, 54.80929861217737], [-1.6134815174154937, 54.81001729541458], [-1.6134815174154937, 54.81073597865179], [-1.6140992362052202, 54.8110953202704], [-1.6153346737846732, 54.8110953202704], [-1.6165701113641262, 54.81181400350761], [-1.6178055489435792, 54.8110953202704], [-1.6184232677333057, 54.811454661889], [-1.6184232677333057, 54.81289202836342], [-1.6196587053127587, 54.81361071160063], [-1.6196587053127587, 54.81720412778668], [-1.6202764241024852, 54.817563469405286], [-1.6239827368408442, 54.817563469405286], [-1.6252181744202971, 54.818282152642496], [-1.6264536119997501, 54.818282152642496], [-1.6270713307894766, 54.8186414942611], [-1.6270713307894766, 54.82079754397273], [-1.6276890495792031, 54.821156885591336], [-1.6289244871586561, 54.821156885591336], [-1.6295422059483826, 54.82151622720994], [-1.6295422059483826, 54.82223491044715], [-1.6301599247381091, 54.822594252065755], [-1.6320130811072886, 54.82151622720994], [-1.6320130811072886, 54.82079754397273], [-1.631395362317562, 54.820438202354126], [-1.6301599247381091, 54.820438202354126], [-1.6295422059483826, 54.82007886073552], [-1.6295422059483826, 54.81792281102389], [-1.6283067683689296, 54.81720412778668], [-1.6283067683689296, 54.81648544454947], [-1.6227472992613912, 54.81325136998203]], [[-1.7666757772676647, 55.08239824231714], [-1.7672934960573912, 55.082038900698535], [-1.7685289336368442, 55.082038900698535], [-1.7691466524265707, 55.08167955907993], [-1.7691466524265707, 55.08024219260551], [-1.7672934960573912, 55.079164167749695], [-1.7660580584779382, 55.079882850986905], [-1.7648226208984852, 55.079882850986905], [-1.7635871833190322, 55.079164167749695], [-1.7623517457395792, 55.079164167749695], [-1.7611163081601262, 55.079882850986905], [-1.7598808705806732, 55.079882850986905], [-1.7592631517909467, 55.08024219260551], [-1.7592631517909467, 55.08167955907993], [-1.7586454330012202, 55.082038900698535], [-1.7561745578423142, 55.082038900698535], [-1.7555568390525877, 55.08239824231714], [-1.7555568390525877, 55.08599165850319], [-1.7561745578423142, 55.086351000121795], [-1.7598808705806732, 55.086351000121795], [-1.7604985893703997, 55.0867103417404], [-1.7598808705806732, 55.087069683359005], [-1.7586454330012202, 55.087069683359005], [-1.7580277142114937, 55.08742902497761], [-1.7580277142114937, 55.08814770821482], [-1.7586454330012202, 55.088507049833424], [-1.7598808705806732, 55.088507049833424], [-1.7623517457395792, 55.087069683359005], [-1.7635871833190322, 55.087069683359005], [-1.7642049021087587, 55.08742902497761], [-1.7642049021087587, 55.08814770821482], [-1.7629694645293057, 55.08886639145203], [-1.7635871833190322, 55.089225733070634], [-1.7648226208984852, 55.089225733070634], [-1.7654403396882117, 55.08886639145203], [-1.7654403396882117, 55.08814770821482], [-1.7685289336368442, 55.086351000121795], [-1.7697643712162971, 55.086351000121795], [-1.7709998087957501, 55.087069683359005], [-1.7722352463752031, 55.087069683359005], [-1.7728529651649296, 55.0867103417404], [-1.7728529651649296, 55.08455429202877], [-1.7722352463752031, 55.084194950410165], [-1.7709998087957501, 55.084194950410165], [-1.7703820900060236, 55.08383560879156], [-1.7703820900060236, 55.08311692555435], [-1.7697643712162971, 55.082757583935745], [-1.7672934960573912, 55.082757583935745], [-1.7666757772676647, 55.08239824231714]], [[-1.7438201820477843, 55.10000598162878], [-1.7413493068888783, 55.10000598162878], [-1.7407315880991518, 55.10036532324739], [-1.7407315880991518, 55.10252137295902], [-1.7394961505196989, 55.10324005619623], [-1.7394961505196989, 55.1082708388567], [-1.7401138693094254, 55.1086301804753], [-1.7450556196272373, 55.1086301804753], [-1.7469087759964168, 55.10970820533112], [-1.7469087759964168, 55.11042688856833], [-1.7475264947861433, 55.11078623018693], [-1.7512328075245023, 55.11078623018693], [-1.7530859638936818, 55.10970820533112], [-1.7530859638936818, 55.10898952209391], [-1.7518505263142288, 55.1082708388567], [-1.7524682451039553, 55.10791149723809], [-1.7537036826834083, 55.10791149723809], [-1.7549391202628613, 55.1086301804753], [-1.7555568390525877, 55.1082708388567], [-1.7555568390525877, 55.10755215561949], [-1.7580277142114937, 55.10611478914507], [-1.7580277142114937, 55.10395873943344], [-1.7592631517909467, 55.10324005619623], [-1.7592631517909467, 55.1010840064846], [-1.7586454330012202, 55.10072466486599], [-1.7561745578423142, 55.10072466486599], [-1.7549391202628613, 55.10000598162878], [-1.7524682451039553, 55.10000598162878], [-1.7518505263142288, 55.09964664001018], [-1.7518505263142288, 55.09820927353576], [-1.7506150887347758, 55.09749059029855], [-1.7512328075245023, 55.09713124867994], [-1.7537036826834083, 55.09713124867994], [-1.7543214014731348, 55.09677190706134], [-1.7543214014731348, 55.09605322382413], [-1.7537036826834083, 55.09569388220552], [-1.7524682451039553, 55.094975198968314], [-1.7499973699450493, 55.094975198968314], [-1.7487619323655963, 55.094256515731104], [-1.7475264947861433, 55.094256515731104], [-1.7462910572066903, 55.094975198968314], [-1.7450556196272373, 55.094975198968314], [-1.7444379008375108, 55.09533454058692], [-1.7444379008375108, 55.09964664001018], [-1.7438201820477843, 55.10000598162878]], [[-1.6641344581730664, 55.10755215561949], [-1.6641344581730664, 55.11042688856833], [-1.6647521769627929, 55.11078623018693], [-1.6659876145422459, 55.11078623018693], [-1.6672230521216989, 55.11150491342414], [-1.6727825212292373, 55.1082708388567], [-1.6721648024395108, 55.10791149723809], [-1.6709293648600578, 55.10791149723809], [-1.6703116460703313, 55.10755215561949], [-1.6703116460703313, 55.10683347238228], [-1.6690762084908783, 55.10611478914507], [-1.6690762084908783, 55.10539610590786], [-1.6684584897011518, 55.10503676428925], [-1.6672230521216989, 55.10575544752646], [-1.6647521769627929, 55.10575544752646], [-1.6628990205936134, 55.10683347238228], [-1.6641344581730664, 55.10755215561949]], [[-1.5529450760222971, 55.128393969498575], [-1.5535627948120236, 55.12875331111718], [-1.5560336699709296, 55.12875331111718], [-1.5572691075503826, 55.12947199435439], [-1.5585045451298356, 55.12875331111718], [-1.5609754202887416, 55.12875331111718], [-1.5634462954476476, 55.12731594464276], [-1.5659171706065536, 55.12731594464276], [-1.56653488939628, 55.126956603024155], [-1.56653488939628, 55.126237919786945], [-1.567770326975733, 55.125519236549735], [-1.567770326975733, 55.124800553312525], [-1.5671526081860065, 55.12444121169392], [-1.5659171706065536, 55.12444121169392], [-1.5646817330271006, 55.12372252845671], [-1.5622108578681946, 55.12372252845671], [-1.561593139078468, 55.123363186838105], [-1.561593139078468, 55.122644503600895], [-1.560357701499015, 55.121925820363685], [-1.560357701499015, 55.121207137126476], [-1.5597399827092886, 55.12084779550787], [-1.5585045451298356, 55.12084779550787], [-1.5566513887606561, 55.121925820363685], [-1.5566513887606561, 55.122644503600895], [-1.5541805136017501, 55.124081870075315], [-1.5541805136017501, 55.124800553312525], [-1.5535627948120236, 55.12515989493113], [-1.5523273572325706, 55.12515989493113], [-1.5517096384428442, 55.125519236549735], [-1.5523273572325706, 55.12587857816834], [-1.5535627948120236, 55.12587857816834], [-1.5547982323914766, 55.12515989493113], [-1.5560336699709296, 55.12515989493113], [-1.5566513887606561, 55.125519236549735], [-1.5566513887606561, 55.126237919786945], [-1.5560336699709296, 55.12659726140555], [-1.5547982323914766, 55.12659726140555], [-1.5529450760222971, 55.127675286261365], [-1.5529450760222971, 55.128393969498575]], [[-1.3911027531139553, 54.81576676131226], [-1.3904850343242288, 54.816126102930866], [-1.3880141591653228, 54.816126102930866], [-1.3873964403755963, 54.81576676131226], [-1.3873964403755963, 54.81504807807505], [-1.3855432840064168, 54.813970053219236], [-1.3843078464269638, 54.813970053219236], [-1.3818369712680578, 54.81253268674482], [-1.3781306585296988, 54.81253268674482], [-1.3768952209502459, 54.81325136998203], [-1.3756597833707929, 54.81325136998203], [-1.3750420645810664, 54.81289202836342], [-1.3750420645810664, 54.81217334512621], [-1.3731889082118869, 54.8110953202704], [-1.369482595473528, 54.8110953202704], [-1.3688648766838014, 54.811454661889], [-1.3688648766838014, 54.81217334512621], [-1.368247157894075, 54.81253268674482], [-1.367011720314622, 54.81253268674482], [-1.3663940015248954, 54.81289202836342], [-1.3663940015248954, 54.81361071160063], [-1.3676294391043484, 54.81432939483784], [-1.3676294391043484, 54.81504807807505], [-1.3663940015248954, 54.81576676131226], [-1.3676294391043484, 54.81648544454947], [-1.3676294391043484, 54.81720412778668], [-1.367011720314622, 54.817563469405286], [-1.365776282735169, 54.817563469405286], [-1.364540845155716, 54.816844786168076], [-1.3639231263659894, 54.81720412778668], [-1.3651585639454424, 54.81792281102389], [-1.364540845155716, 54.818282152642496], [-1.363305407576263, 54.818282152642496], [-1.3626876887865365, 54.8186414942611], [-1.3626876887865365, 54.81936017749831], [-1.3614522512070835, 54.82007886073552], [-1.3614522512070835, 54.82079754397273], [-1.3626876887865365, 54.82151622720994], [-1.3626876887865365, 54.82223491044715], [-1.363305407576263, 54.822594252065755], [-1.365776282735169, 54.822594252065755], [-1.3663940015248954, 54.82295359368436], [-1.3663940015248954, 54.82367227692157], [-1.3639231263659894, 54.82510964339599], [-1.3639231263659894, 54.8258283266332], [-1.364540845155716, 54.826187668251805], [-1.367011720314622, 54.826187668251805], [-1.3676294391043484, 54.82654700987041], [-1.3676294391043484, 54.82726569310762], [-1.368247157894075, 54.827625034726225], [-1.3688648766838014, 54.82726569310762], [-1.3688648766838014, 54.82654700987041], [-1.3701003142632544, 54.8258283266332], [-1.3701003142632544, 54.82367227692157], [-1.369482595473528, 54.823312935302965], [-1.368247157894075, 54.823312935302965], [-1.3663940015248954, 54.82223491044715], [-1.3676294391043484, 54.82151622720994], [-1.3676294391043484, 54.82079754397273], [-1.3688648766838014, 54.82007886073552], [-1.3688648766838014, 54.81792281102389], [-1.369482595473528, 54.817563469405286], [-1.370718033052981, 54.818282152642496], [-1.3744243457913399, 54.818282152642496], [-1.3750420645810664, 54.81792281102389], [-1.3750420645810664, 54.81648544454947], [-1.3756597833707929, 54.816126102930866], [-1.3768952209502459, 54.816126102930866], [-1.3775129397399724, 54.81648544454947], [-1.3762775021605194, 54.81720412778668], [-1.3768952209502459, 54.817563469405286], [-1.3793660961091518, 54.817563469405286], [-1.3806015336886048, 54.818282152642496], [-1.3830724088475108, 54.818282152642496], [-1.3836901276372373, 54.8186414942611], [-1.3824546900577843, 54.81936017749831], [-1.3824546900577843, 54.82007886073552], [-1.3843078464269638, 54.821156885591336], [-1.3849255652166903, 54.82079754397273], [-1.3849255652166903, 54.82007886073552], [-1.3855432840064168, 54.819719519116916], [-1.3867787215858698, 54.819719519116916], [-1.3873964403755963, 54.81936017749831], [-1.3873964403755963, 54.8186414942611], [-1.3880141591653228, 54.818282152642496], [-1.3892495967447758, 54.819000835879706], [-1.3917204719036818, 54.819000835879706], [-1.3954267846420407, 54.816844786168076], [-1.3978976598009467, 54.818282152642496], [-1.3997508161701262, 54.81720412778668], [-1.3997508161701262, 54.81576676131226], [-1.3978976598009467, 54.814688736456446], [-1.3966622222214937, 54.815407419693656], [-1.3954267846420407, 54.815407419693656], [-1.3941913470625877, 54.814688736456446], [-1.3917204719036818, 54.814688736456446], [-1.3911027531139553, 54.81504807807505], [-1.3911027531139553, 54.81576676131226]], [[-1.367011720314622, 54.85565368097741], [-1.3676294391043484, 54.85529433935881], [-1.3676294391043484, 54.8545756561216], [-1.3688648766838014, 54.85385697288439], [-1.3688648766838014, 54.85313828964718], [-1.369482595473528, 54.85277894802857], [-1.370718033052981, 54.85277894802857], [-1.3713357518427074, 54.85241960640997], [-1.3701003142632544, 54.85170092317276], [-1.3713357518427074, 54.85098223993555], [-1.3701003142632544, 54.85026355669834], [-1.3701003142632544, 54.84954487346113], [-1.370718033052981, 54.84918553184252], [-1.371953470632434, 54.84918553184252], [-1.3725711894221604, 54.84882619022392], [-1.3701003142632544, 54.8473888237495], [-1.3701003142632544, 54.84667014051229], [-1.3688648766838014, 54.84595145727508], [-1.3688648766838014, 54.84307672432624], [-1.3701003142632544, 54.84235804108903], [-1.3688648766838014, 54.84163935785182], [-1.3688648766838014, 54.83804594166577], [-1.3701003142632544, 54.83732725842856], [-1.369482595473528, 54.836967916809954], [-1.368247157894075, 54.836967916809954], [-1.3676294391043484, 54.83660857519135], [-1.3676294391043484, 54.83588989195414], [-1.3688648766838014, 54.83517120871693], [-1.3676294391043484, 54.83445252547972], [-1.3676294391043484, 54.83373384224251], [-1.365776282735169, 54.832655817386694], [-1.3651585639454424, 54.8330151590053], [-1.3663940015248954, 54.83373384224251], [-1.3663940015248954, 54.83445252547972], [-1.3651585639454424, 54.83517120871693], [-1.3663940015248954, 54.83588989195414], [-1.3663940015248954, 54.83732725842856], [-1.3651585639454424, 54.83804594166577], [-1.3663940015248954, 54.83876462490298], [-1.3663940015248954, 54.83948330814019], [-1.365776282735169, 54.83984264975879], [-1.364540845155716, 54.83984264975879], [-1.3639231263659894, 54.8402019913774], [-1.3639231263659894, 54.84092067461461], [-1.3626876887865365, 54.84163935785182], [-1.3626876887865365, 54.84307672432624], [-1.3639231263659894, 54.84379540756345], [-1.3639231263659894, 54.84523277403787], [-1.364540845155716, 54.84559211565647], [-1.365776282735169, 54.84559211565647], [-1.3676294391043484, 54.84667014051229], [-1.367011720314622, 54.84702948213089], [-1.365776282735169, 54.84702948213089], [-1.3651585639454424, 54.8473888237495], [-1.3651585639454424, 54.84954487346113], [-1.3626876887865365, 54.85098223993555], [-1.3626876887865365, 54.85170092317276], [-1.3614522512070835, 54.85241960640997], [-1.363305407576263, 54.85349763126578], [-1.364540845155716, 54.85421631450299], [-1.365776282735169, 54.85421631450299], [-1.3663940015248954, 54.8545756561216], [-1.3651585639454424, 54.85529433935881], [-1.365776282735169, 54.85565368097741], [-1.367011720314622, 54.85565368097741]]], [[[-1.6695310088822721, 55.15093771798811], [-1.6684584897011518, 55.15031380823348], [-1.6672230521216989, 55.15031380823348], [-1.6659876145422459, 55.14959512499627], [-1.6647521769627929, 55.14959512499627], [-1.6628990205936134, 55.14851710014045], [-1.6628990205936134, 55.14636105042882], [-1.662281301803887, 55.14600170881022], [-1.661045864224434, 55.14600170881022], [-1.6604281454347074, 55.14564236719161], [-1.6604281454347074, 55.14420500071719], [-1.6616635830141604, 55.14348631747998], [-1.6616635830141604, 55.14276763424277], [-1.6628990205936134, 55.14204895100556], [-1.6628990205936134, 55.13989290129393], [-1.6616635830141604, 55.13917421805672], [-1.6616635830141604, 55.137736851582304], [-1.662281301803887, 55.1373775099637], [-1.6635167393833399, 55.13809619320091], [-1.6653698957525194, 55.137018168345094], [-1.6653698957525194, 55.135580801870674], [-1.6647521769627929, 55.13522146025207], [-1.6635167393833399, 55.13522146025207], [-1.662281301803887, 55.13594014348928], [-1.661045864224434, 55.13594014348928], [-1.6604281454347074, 55.135580801870674], [-1.6604281454347074, 55.134862118633464], [-1.6616635830141604, 55.134143435396254], [-1.6616635830141604, 55.133424752159044], [-1.662281301803887, 55.13306541054044], [-1.6672230521216989, 55.13306541054044], [-1.6684584897011518, 55.13378409377765], [-1.6696939272806048, 55.13378409377765], [-1.6703116460703313, 55.133424752159044], [-1.6703116460703313, 55.131268702447414], [-1.6709293648600578, 55.13090936082881], [-1.6734002400189638, 55.13090936082881], [-1.6740179588086903, 55.131268702447414], [-1.6740179588086903, 55.132706068921834], [-1.6727825212292373, 55.133424752159044], [-1.6727825212292373, 55.134143435396254], [-1.6740179588086903, 55.134862118633464], [-1.6740179588086903, 55.135580801870674], [-1.6734002400189638, 55.13594014348928], [-1.6721648024395108, 55.13522146025207], [-1.6709293648600578, 55.13594014348928], [-1.6696939272806048, 55.13594014348928], [-1.6690762084908783, 55.136299485107884], [-1.6703116460703313, 55.137018168345094], [-1.6703116460703313, 55.13917421805672], [-1.6709293648600578, 55.13953355967533], [-1.6734002400189638, 55.13953355967533], [-1.6758711151778698, 55.13809619320091], [-1.6783419903367758, 55.13809619320091], [-1.6801951467059553, 55.13917421805672], [-1.6801951467059553, 55.14061158453114], [-1.6814305842854083, 55.14133026776835], [-1.6814305842854083, 55.1449236839544], [-1.6808128654956818, 55.14528302557301], [-1.6795774279162288, 55.14528302557301], [-1.6783419903367758, 55.1445643423358], [-1.6758711151778698, 55.1445643423358], [-1.6727825212292373, 55.14636105042882], [-1.6727825212292373, 55.14779841690324], [-1.6715470836497843, 55.14851710014045], [-1.6715470836497843, 55.14923578337766], [-1.6703116460703313, 55.14995446661487], [-1.6703116460703313, 55.15067314985208], [-1.669895006809473, 55.150915518756605], [-1.6695310088822721, 55.15093771798811]]], [[[-1.633360956870624, 55.151222851268926], [-1.621441412738444, 55.15010944721766], [-1.6159523925743997, 55.14928145460665], [-1.6159523925743997, 55.14923578337766], [-1.6147169549949467, 55.14851710014045], [-1.6147169549949467, 55.14779841690324], [-1.6159523925743997, 55.14707973366603], [-1.6153346737846732, 55.14672039204743], [-1.6140992362052202, 55.14743907528464], [-1.6128637986257672, 55.14672039204743], [-1.6116283610463142, 55.14743907528464], [-1.6110106422565877, 55.14707973366603], [-1.6110106422565877, 55.14636105042882], [-1.6122460798360407, 55.14564236719161], [-1.6122460798360407, 55.1449236839544], [-1.6134815174154937, 55.14420500071719], [-1.6134815174154937, 55.14348631747998], [-1.6122460798360407, 55.14276763424277], [-1.6122460798360407, 55.14204895100556], [-1.6128637986257672, 55.14168960938696], [-1.6140992362052202, 55.14240829262417], [-1.6153346737846732, 55.14168960938696], [-1.6178055489435792, 55.14168960938696], [-1.6190409865230322, 55.14097092614975], [-1.6202764241024852, 55.14097092614975], [-1.6208941428922117, 55.14061158453114], [-1.6208941428922117, 55.13989290129393], [-1.6227472992613912, 55.13881487643812], [-1.6239827368408442, 55.13881487643812], [-1.6252181744202971, 55.13953355967533], [-1.6301599247381091, 55.13953355967533], [-1.631395362317562, 55.13881487643812], [-1.632630799897015, 55.13881487643812], [-1.633866237476468, 55.13809619320091], [-1.6344839562661946, 55.138455534819514], [-1.6344839562661946, 55.13917421805672], [-1.6357193938456476, 55.13989290129393], [-1.6357193938456476, 55.14133026776835], [-1.636337112635374, 55.14168960938696], [-1.63880798779428, 55.14168960938696], [-1.6394257065840065, 55.14133026776835], [-1.6394257065840065, 55.14061158453114], [-1.640043425373733, 55.14025224291254], [-1.641278862953186, 55.14097092614975], [-1.643749738112092, 55.14097092614975], [-1.6443674569018185, 55.14133026776835], [-1.6443674569018185, 55.14204895100556], [-1.644985175691545, 55.14240829262417], [-1.6468383320607245, 55.14133026776835], [-1.6456028944812715, 55.14061158453114], [-1.6456028944812715, 55.13989290129393], [-1.646220613270998, 55.13953355967533], [-1.6480737696401775, 55.14061158453114], [-1.6480737696401775, 55.14276763424277], [-1.6493092072196305, 55.14348631747998], [-1.6493092072196305, 55.14636105042882], [-1.647456050850451, 55.14743907528464], [-1.644985175691545, 55.14743907528464], [-1.6431320193223655, 55.14851710014045], [-1.6431320193223655, 55.15067314985208], [-1.6418965817429125, 55.15139183308929], [-1.6418965817429125, 55.15154508294151], [-1.633360956870624, 55.151222851268926]]], [[[-1.600824238537652, 54.76283435335628], [-1.601610433429861, 54.76359206555549], [-1.6025712608996887, 54.764618856394094], [-1.6017448604106903, 54.76509959308896], [-1.6011271416209638, 54.76474025147036], [-1.6011271416209638, 54.76402156823315], [-1.6005094228312373, 54.76366222661454], [-1.5992739852517843, 54.76366222661454], [-1.5986562664620578, 54.76330288499594], [-1.5986562664620578, 54.76186551852152], [-1.5949499537236989, 54.75970946880989], [-1.5949499537236989, 54.75899078557268], [-1.5943322349339724, 54.75863144395407], [-1.5930967973545194, 54.75863144395407], [-1.5924790785647929, 54.75827210233547], [-1.5930967973545194, 54.75791276071686], [-1.5943322349339724, 54.75791276071686], [-1.5948004348370228, 54.757640397768235], [-1.600824238537652, 54.76283435335628]]], [[[-1.5943322349339724, 55.02598160819616], [-1.5955676725134254, 55.02598160819616], [-1.5961853913031518, 55.02634094981477], [-1.5961853913031518, 55.02705963305198], [-1.5968031100928783, 55.02741897467058], [-1.5980385476723313, 55.02741897467058], [-1.5986562664620578, 55.02705963305198], [-1.5986562664620578, 55.02562226657756], [-1.6005094228312373, 55.02454424172174], [-1.6017448604106903, 55.02454424172174], [-1.6023625792004168, 55.02418490010314], [-1.6023625792004168, 55.02346621686593], [-1.6017448604106903, 55.02310687524732], [-1.6005094228312373, 55.02310687524732], [-1.5998917040415108, 55.02274753362872], [-1.5998917040415108, 55.01915411744267], [-1.6005094228312373, 55.01879477582406], [-1.6029802979901433, 55.01879477582406], [-1.6035980167798698, 55.01915411744267], [-1.6035980167798698, 55.01987280067988], [-1.6029802979901433, 55.02023214229848], [-1.6017448604106903, 55.02023214229848], [-1.6011271416209638, 55.02059148391709], [-1.6017448604106903, 55.02095082553569], [-1.6029802979901433, 55.02095082553569], [-1.6042157355695963, 55.0216695087729], [-1.6054511731490493, 55.0216695087729], [-1.6060688919387758, 55.0213101671543], [-1.6060688919387758, 55.02059148391709], [-1.6066866107285023, 55.02023214229848], [-1.6079220483079553, 55.02095082553569], [-1.6091574858874083, 55.02023214229848], [-1.6097752046771348, 55.02059148391709], [-1.6097752046771348, 55.0213101671543], [-1.6085397670976818, 55.02202885039151], [-1.6091574858874083, 55.02238819201011], [-1.6103929234668612, 55.0216695087729], [-1.6116283610463142, 55.0216695087729], [-1.6122460798360407, 55.02202885039151], [-1.6110106422565877, 55.02274753362872], [-1.6122460798360407, 55.02346621686593], [-1.6110106422565877, 55.02418490010314], [-1.6110106422565877, 55.02705963305198], [-1.6140992362052202, 55.028856341145], [-1.6153346737846732, 55.02813765790779], [-1.6178055489435792, 55.02813765790779], [-1.6184232677333057, 55.028496999526396], [-1.6184232677333057, 55.029215682763606], [-1.6196587053127587, 55.029934366000816], [-1.6196587053127587, 55.030653049238026], [-1.6190409865230322, 55.03101239085663], [-1.6153346737846732, 55.03101239085663], [-1.6140992362052202, 55.03029370761942], [-1.6128637986257672, 55.03029370761942], [-1.6122460798360407, 55.030653049238026], [-1.6122460798360407, 55.033527782186866], [-1.6116283610463142, 55.03388712380547], [-1.6110106422565877, 55.033527782186866], [-1.6110106422565877, 55.032809098949656], [-1.6091574858874083, 55.03173107409384], [-1.6085397670976818, 55.032090415712446], [-1.6085397670976818, 55.032809098949656], [-1.6097752046771348, 55.033527782186866], [-1.6091574858874083, 55.03388712380547], [-1.6054511731490493, 55.03388712380547], [-1.6042157355695963, 55.03316844056826], [-1.6029802979901433, 55.03316844056826], [-1.6023625792004168, 55.032809098949656], [-1.6023625792004168, 55.032090415712446], [-1.6017448604106903, 55.03173107409384], [-1.6005094228312373, 55.03173107409384], [-1.5992739852517843, 55.03101239085663], [-1.5955676725134254, 55.03101239085663], [-1.5943322349339724, 55.03029370761942], [-1.5930967973545194, 55.03029370761942], [-1.5900082034058869, 55.028496999526396], [-1.5900082034058869, 55.02705963305198], [-1.5906259221956134, 55.02670029143337], [-1.5918613597750664, 55.02670029143337], [-1.5930967973545194, 55.02670029143337], [-1.5943322349339724, 55.02598160819616]]], [[[-1.6097752046771348, 55.07808614289388], [-1.6091574858874083, 55.077726801275276], [-1.6073043295182288, 55.07880482613109], [-1.6073043295182288, 55.0795235093683], [-1.6066866107285023, 55.079882850986905], [-1.6054511731490493, 55.079882850986905], [-1.6023625792004168, 55.07808614289388], [-1.6023625792004168, 55.07736745965667], [-1.5998917040415108, 55.07593009318225], [-1.5998917040415108, 55.07305536023341], [-1.6035980167798698, 55.07089931052178], [-1.6035980167798698, 55.06802457757294], [-1.6042157355695963, 55.06766523595434], [-1.6054511731490493, 55.06838391919155], [-1.6073043295182288, 55.06730589433573], [-1.6073043295182288, 55.06658721109852], [-1.6066866107285023, 55.06622786947992], [-1.6054511731490493, 55.06622786947992], [-1.6048334543593228, 55.06586852786131], [-1.6048334543593228, 55.06443116138689], [-1.6066866107285023, 55.06335313653108], [-1.6091574858874083, 55.06335313653108], [-1.6097752046771348, 55.06299379491247], [-1.6097752046771348, 55.06083774520084], [-1.6091574858874083, 55.06047840358224], [-1.6079220483079553, 55.06047840358224], [-1.6073043295182288, 55.06011906196363], [-1.6091574858874083, 55.05904103710782], [-1.6116283610463142, 55.05904103710782], [-1.6128637986257672, 55.05975972034503], [-1.6165701113641262, 55.05975972034503], [-1.6171878301538527, 55.06011906196363], [-1.6171878301538527, 55.06083774520084], [-1.6178055489435792, 55.06119708681945], [-1.6227472992613912, 55.06119708681945], [-1.6233650180511177, 55.06155642843805], [-1.6233650180511177, 55.06443116138689], [-1.6227472992613912, 55.0647905030055], [-1.6202764241024852, 55.0647905030055], [-1.6171878301538527, 55.06658721109852], [-1.6171878301538527, 55.06730589433573], [-1.6178055489435792, 55.06766523595434], [-1.6190409865230322, 55.06766523595434], [-1.6196587053127587, 55.06802457757294], [-1.6171878301538527, 55.06946194404736], [-1.6184232677333057, 55.07018062728457], [-1.6184232677333057, 55.0723366769962], [-1.6190409865230322, 55.072696018614806], [-1.6202764241024852, 55.072696018614806], [-1.6208941428922117, 55.07305536023341], [-1.6202764241024852, 55.073414701852016], [-1.6190409865230322, 55.073414701852016], [-1.6184232677333057, 55.07377404347062], [-1.6184232677333057, 55.07521140994504], [-1.6196587053127587, 55.07593009318225], [-1.6196587053127587, 55.07664877641946], [-1.6208941428922117, 55.07736745965667], [-1.6202764241024852, 55.077726801275276], [-1.6178055489435792, 55.077726801275276], [-1.6165701113641262, 55.078445484512486], [-1.6153346737846732, 55.078445484512486], [-1.6147169549949467, 55.07880482613109], [-1.6147169549949467, 55.0795235093683], [-1.6140992362052202, 55.079882850986905], [-1.6128637986257672, 55.079882850986905], [-1.6122460798360407, 55.0795235093683], [-1.6122460798360407, 55.07880482613109], [-1.6116283610463142, 55.078445484512486], [-1.6103929234668612, 55.079164167749695], [-1.6097752046771348, 55.07880482613109], [-1.6097752046771348, 55.07808614289388]]], [[[-1.6097752046771348, 55.11258293827996], [-1.6091574858874083, 55.11294227989856], [-1.6079220483079553, 55.11294227989856], [-1.6073043295182288, 55.11330162151717], [-1.6073043295182288, 55.114020304754376], [-1.6066866107285023, 55.11437964637298], [-1.6042157355695963, 55.11437964637298], [-1.6035980167798698, 55.114738987991586], [-1.6035980167798698, 55.116176354466006], [-1.6042157355695963, 55.11653569608461], [-1.6066866107285023, 55.11653569608461], [-1.6073043295182288, 55.116895037703216], [-1.6073043295182288, 55.118332404177636], [-1.6085397670976818, 55.119051087414846], [-1.6079220483079553, 55.11941042903345], [-1.6042157355695963, 55.11941042903345], [-1.6005094228312373, 55.11725437932182], [-1.5992739852517843, 55.11725437932182], [-1.5974208288826048, 55.118332404177636], [-1.5974208288826048, 55.119769770652056], [-1.5955676725134254, 55.12084779550787], [-1.5943322349339724, 55.12012911227066], [-1.5918613597750664, 55.12012911227066], [-1.5912436409853399, 55.120488453889266], [-1.5912436409853399, 55.121925820363685], [-1.5906259221956134, 55.12228516198229], [-1.5893904846161604, 55.12156647874508], [-1.5881550470367074, 55.12156647874508], [-1.5869196094572544, 55.12084779550787], [-1.586301890667528, 55.121207137126476], [-1.586301890667528, 55.121925820363685], [-1.5856841718778014, 55.12228516198229], [-1.5807424215599895, 55.12228516198229], [-1.580124702770263, 55.121925820363685], [-1.580124702770263, 55.121207137126476], [-1.582595577929169, 55.119769770652056], [-1.581360140349716, 55.119051087414846], [-1.581360140349716, 55.116895037703216], [-1.5807424215599895, 55.11653569608461], [-1.5795069839805365, 55.11653569608461], [-1.5782715464010835, 55.11725437932182], [-1.5770361088216305, 55.11725437932182], [-1.576418390031904, 55.116895037703216], [-1.576418390031904, 55.114738987991586], [-1.575182952452451, 55.114020304754376], [-1.575182952452451, 55.11186425504275], [-1.5758006712421775, 55.11150491342414], [-1.5832132967188954, 55.11150491342414], [-1.583831015508622, 55.11114557180554], [-1.583831015508622, 55.11042688856833], [-1.5844487342983484, 55.11006754694972], [-1.5856841718778014, 55.11006754694972], [-1.587537328246981, 55.11114557180554], [-1.587537328246981, 55.11186425504275], [-1.5881550470367074, 55.11222359666135], [-1.5893904846161604, 55.11222359666135], [-1.5900082034058869, 55.11186425504275], [-1.5900082034058869, 55.10898952209391], [-1.5918613597750664, 55.10791149723809], [-1.5943322349339724, 55.10791149723809], [-1.5955676725134254, 55.1086301804753], [-1.5992739852517843, 55.1086301804753], [-1.6005094228312373, 55.10791149723809], [-1.6042157355695963, 55.10791149723809], [-1.6066866107285023, 55.10934886371251], [-1.6079220483079553, 55.10934886371251], [-1.6085397670976818, 55.10970820533112], [-1.6085397670976818, 55.11186425504275], [-1.6097752046771348, 55.11258293827996]]], [[[-1.5541805136017501, 55.042151981033385], [-1.5541805136017501, 55.042870664270595], [-1.5554159511812031, 55.043589347507805], [-1.5554159511812031, 55.045745397219434], [-1.5560336699709296, 55.04610473883804], [-1.5572691075503826, 55.04610473883804], [-1.5585045451298356, 55.04538605560083], [-1.5597399827092886, 55.04538605560083], [-1.560357701499015, 55.045745397219434], [-1.560357701499015, 55.046464080456644], [-1.562828576657921, 55.047901446931064], [-1.562828576657921, 55.048620130168274], [-1.5634462954476476, 55.04897947178688], [-1.5646817330271006, 55.04897947178688], [-1.565299451816827, 55.049338813405484], [-1.564064014237374, 55.050057496642694], [-1.564064014237374, 55.050776179879904], [-1.562828576657921, 55.051494863117114], [-1.562828576657921, 55.052213546354324], [-1.564064014237374, 55.05293222959153], [-1.564064014237374, 55.05508827930316], [-1.565299451816827, 55.05580696254037], [-1.565299451816827, 55.057963012252], [-1.5646817330271006, 55.05832235387061], [-1.5609754202887416, 55.05832235387061], [-1.5585045451298356, 55.05688498739619], [-1.5572691075503826, 55.05688498739619], [-1.5566513887606561, 55.05652564577758], [-1.5566513887606561, 55.05580696254037], [-1.5554159511812031, 55.05508827930316], [-1.5554159511812031, 55.05436959606595], [-1.5541805136017501, 55.05365091282874], [-1.5541805136017501, 55.05293222959153], [-1.5523273572325706, 55.05185420473572], [-1.5517096384428442, 55.052213546354324], [-1.5517096384428442, 55.05293222959153], [-1.5486210444942117, 55.05472893768456], [-1.5449147317558527, 55.05472893768456], [-1.5436792941763997, 55.05401025444735], [-1.5418261378072202, 55.05508827930316], [-1.5418261378072202, 55.05652564577758], [-1.5442970129661262, 55.057963012252], [-1.5442970129661262, 55.05868169548921], [-1.5436792941763997, 55.05904103710782], [-1.5424438565969467, 55.05904103710782], [-1.5405907002277672, 55.057963012252], [-1.5405907002277672, 55.05724432901479], [-1.5362666686996818, 55.05472893768456], [-1.5350312311202288, 55.05472893768456], [-1.5319426371715963, 55.05652564577758], [-1.5319426371715963, 55.05940037872642], [-1.5313249183818698, 55.05975972034503], [-1.5251477304846048, 55.05975972034503], [-1.5245300116948783, 55.06011906196363], [-1.5245300116948783, 55.06083774520084], [-1.5239122929051518, 55.06119708681945], [-1.5202059801667929, 55.06119708681945], [-1.5195882613770664, 55.06083774520084], [-1.5195882613770664, 55.05652564577758], [-1.5177351050078869, 55.05544762092177], [-1.516499667428434, 55.05616630415898], [-1.515264229848981, 55.05616630415898], [-1.5134110734798014, 55.05724432901479], [-1.5134110734798014, 55.057963012252], [-1.511557917110622, 55.05904103710782], [-1.509087041951716, 55.05904103710782], [-1.5059984480030835, 55.05724432901479], [-1.5059984480030835, 55.05580696254037], [-1.5072338855825365, 55.05508827930316], [-1.5072338855825365, 55.05436959606595], [-1.5084693231619895, 55.05365091282874], [-1.5084693231619895, 55.05293222959153], [-1.509087041951716, 55.05257288797293], [-1.510322479531169, 55.05257288797293], [-1.5121756359003484, 55.051494863117114], [-1.5097047607414424, 55.050057496642694], [-1.5097047607414424, 55.047901446931064], [-1.509087041951716, 55.04754210531246], [-1.50661616679281, 55.04754210531246], [-1.5059984480030835, 55.047182763693854], [-1.507851604372263, 55.04610473883804], [-1.509087041951716, 55.04682342207525], [-1.5097047607414424, 55.046464080456644], [-1.5097047607414424, 55.045745397219434], [-1.5109401983208954, 55.045026713982224], [-1.5109401983208954, 55.043589347507805], [-1.5134110734798014, 55.042151981033385], [-1.5134110734798014, 55.041433297796175], [-1.514028792269528, 55.04107395617757], [-1.515264229848981, 55.04107395617757], [-1.516499667428434, 55.04179263941478], [-1.5177351050078869, 55.04179263941478], [-1.5183528237976134, 55.042151981033385], [-1.5183528237976134, 55.043589347507805], [-1.5171173862181604, 55.044308030745015], [-1.5171173862181604, 55.046464080456644], [-1.5177351050078869, 55.04682342207525], [-1.5189705425873399, 55.04682342207525], [-1.5214414177462459, 55.04826078854967], [-1.5239122929051518, 55.04826078854967], [-1.5251477304846048, 55.04754210531246], [-1.5263831680640578, 55.04754210531246], [-1.5270008868537843, 55.047182763693854], [-1.5270008868537843, 55.046464080456644], [-1.5276186056435108, 55.04610473883804], [-1.5288540432229638, 55.04610473883804], [-1.5294717620126903, 55.046464080456644], [-1.5294717620126903, 55.047182763693854], [-1.5282363244332373, 55.047901446931064], [-1.5294717620126903, 55.048620130168274], [-1.5294717620126903, 55.049338813405484], [-1.5300894808024168, 55.04969815502409], [-1.5313249183818698, 55.04969815502409], [-1.5319426371715963, 55.050057496642694], [-1.5319426371715963, 55.050776179879904], [-1.5337957935407758, 55.05185420473572], [-1.5350312311202288, 55.05113552149851], [-1.5362666686996818, 55.05113552149851], [-1.5381198250688612, 55.050057496642694], [-1.5381198250688612, 55.046464080456644], [-1.5387375438585877, 55.04610473883804], [-1.5399729814380407, 55.04610473883804], [-1.5442970129661262, 55.048620130168274], [-1.5442970129661262, 55.049338813405484], [-1.5449147317558527, 55.04969815502409], [-1.5473856069147587, 55.04826078854967], [-1.5510919196531177, 55.04826078854967], [-1.5517096384428442, 55.047901446931064], [-1.5517096384428442, 55.047182763693854], [-1.5529450760222971, 55.046464080456644], [-1.5529450760222971, 55.045026713982224], [-1.5523273572325706, 55.04466737236362], [-1.5486210444942117, 55.04466737236362], [-1.5461501693353057, 55.0432300058892], [-1.5449147317558527, 55.0432300058892], [-1.5430615753866732, 55.042151981033385], [-1.5430615753866732, 55.041433297796175], [-1.5442970129661262, 55.040714614558965], [-1.5430615753866732, 55.039995931321755], [-1.5436792941763997, 55.03963658970315], [-1.5461501693353057, 55.03963658970315], [-1.5486210444942117, 55.04107395617757], [-1.5523273572325706, 55.04107395617757], [-1.5541805136017501, 55.042151981033385]]], [[[-1.4399025375023484, 54.93973961973097], [-1.438049381133169, 54.93866159487516], [-1.438049381133169, 54.93722422840074], [-1.4374316623434424, 54.93686488678213], [-1.4349607871845365, 54.93686488678213], [-1.4337253496050835, 54.93758357001934], [-1.4324899120256305, 54.93686488678213], [-1.4312544744461775, 54.93686488678213], [-1.4300190368667245, 54.93614620354492], [-1.428165880497545, 54.93722422840074], [-1.429401318076998, 54.93794291163795], [-1.429401318076998, 54.93938027811237], [-1.4287835992872715, 54.93973961973097], [-1.4250772865489125, 54.93973961973097], [-1.4226064113900065, 54.93830225325655], [-1.4213709738105536, 54.93902093649376], [-1.4201355362311006, 54.93902093649376], [-1.4189000986516476, 54.93973961973097], [-1.4164292234927416, 54.93973961973097], [-1.415811504703015, 54.94009896134958], [-1.415811504703015, 54.941536327824], [-1.4139583483338356, 54.94261435267981], [-1.4090165980160236, 54.94261435267981], [-1.4077811604365706, 54.94333303591702], [-1.4053102852776647, 54.94333303591702], [-1.4040748476982117, 54.94261435267981], [-1.4028394101187587, 54.94261435267981], [-1.4022216913290322, 54.94225501106121], [-1.4034571289084852, 54.941536327824], [-1.4022216913290322, 54.94081764458679], [-1.4040748476982117, 54.93973961973097], [-1.4053102852776647, 54.93973961973097], [-1.4065457228571177, 54.94045830296818], [-1.4090165980160236, 54.94045830296818], [-1.4096343168057501, 54.94081764458679], [-1.4096343168057501, 54.941536327824], [-1.4102520355954766, 54.9418956694426], [-1.4121051919646561, 54.94081764458679], [-1.4121051919646561, 54.93722422840074], [-1.4114874731749296, 54.93686488678213], [-1.4096343168057501, 54.93794291163795], [-1.4096343168057501, 54.93866159487516], [-1.4090165980160236, 54.93902093649376], [-1.4083988792262971, 54.93866159487516], [-1.4083988792262971, 54.93722422840074], [-1.4096343168057501, 54.93650554516353], [-1.4096343168057501, 54.93578686192632], [-1.4102520355954766, 54.93542752030771], [-1.4127229107543826, 54.93542752030771], [-1.414576067123562, 54.9343494954519], [-1.414576067123562, 54.93291212897748], [-1.4164292234927416, 54.93183410412166], [-1.4176646610721946, 54.93183410412166], [-1.4189000986516476, 54.93255278735887], [-1.4201355362311006, 54.93255278735887], [-1.4213709738105536, 54.93183410412166], [-1.4250772865489125, 54.93183410412166], [-1.425695005338639, 54.93147476250306], [-1.425695005338639, 54.93003739602864], [-1.4263127241283655, 54.92967805441003], [-1.4275481617078185, 54.92967805441003], [-1.428165880497545, 54.92931871279143], [-1.428165880497545, 54.92860002955422], [-1.4287835992872715, 54.92824068793561], [-1.4300190368667245, 54.92824068793561], [-1.430636755656451, 54.92860002955422], [-1.430636755656451, 54.93075607926585], [-1.4312544744461775, 54.93111542088445], [-1.4337253496050835, 54.93111542088445], [-1.435578505974263, 54.93219344574027], [-1.435578505974263, 54.93291212897748], [-1.4361962247639894, 54.93327147059608], [-1.4386670999228954, 54.93327147059608], [-1.439284818712622, 54.93363081221469], [-1.439284818712622, 54.93578686192632], [-1.4399025375023484, 54.93614620354492], [-1.4411379750818014, 54.93614620354492], [-1.4423734126612544, 54.93686488678213], [-1.4436088502407074, 54.93614620354492], [-1.4448442878201604, 54.93614620354492], [-1.4466974441893399, 54.93722422840074], [-1.4454620066098869, 54.93794291163795], [-1.4454620066098869, 54.93866159487516], [-1.4436088502407074, 54.93973961973097], [-1.4411379750818014, 54.93973961973097], [-1.4399025375023484, 54.93973961973097]]], [[[-1.507851604372263, 55.074133385089226], [-1.50661616679281, 55.073414701852016], [-1.505380729213357, 55.073414701852016], [-1.5047630104236305, 55.07377404347062], [-1.5047630104236305, 55.07449272670783], [-1.504145291633904, 55.074852068326436], [-1.501674416474998, 55.073414701852016], [-1.496732666157186, 55.073414701852016], [-1.4961149473674595, 55.07377404347062], [-1.4961149473674595, 55.07449272670783], [-1.4936440722085536, 55.07593009318225], [-1.4936440722085536, 55.07808614289388], [-1.4924086346291006, 55.07880482613109], [-1.4936440722085536, 55.0795235093683], [-1.493026353418827, 55.079882850986905], [-1.491790915839374, 55.079882850986905], [-1.4911731970496476, 55.08024219260551], [-1.4911731970496476, 55.08096087584272], [-1.4924086346291006, 55.08167955907993], [-1.4924086346291006, 55.08239824231714], [-1.491790915839374, 55.082757583935745], [-1.488084603101015, 55.082757583935745], [-1.486849165521562, 55.083476267172955], [-1.485613727942109, 55.083476267172955], [-1.4849960091523826, 55.08311692555435], [-1.4849960091523826, 55.08167955907993], [-1.4874668843112886, 55.08024219260551], [-1.4874668843112886, 55.0795235093683], [-1.486849165521562, 55.079164167749695], [-1.4843782903626561, 55.079164167749695], [-1.4819074152037501, 55.077726801275276], [-1.4806719776242971, 55.077726801275276], [-1.4794365400448442, 55.077008118038066], [-1.4782011024653912, 55.077008118038066], [-1.4769656648859382, 55.076289434800856], [-1.4757302273064852, 55.077008118038066], [-1.4751125085167587, 55.07664877641946], [-1.4751125085167587, 55.07521140994504], [-1.4763479460962117, 55.07449272670783], [-1.4763479460962117, 55.07377404347062], [-1.4775833836756647, 55.07305536023341], [-1.4775833836756647, 55.0723366769962], [-1.4788188212551177, 55.07161799375899], [-1.4775833836756647, 55.07089931052178], [-1.4788188212551177, 55.07018062728457], [-1.4788188212551177, 55.06946194404736], [-1.4782011024653912, 55.06910260242876], [-1.4757302273064852, 55.06910260242876], [-1.4751125085167587, 55.06874326081015], [-1.4751125085167587, 55.06802457757294], [-1.4744947897270322, 55.06766523595434], [-1.4720239145681262, 55.06766523595434], [-1.4714061957783997, 55.06730589433573], [-1.4726416333578527, 55.06658721109852], [-1.4726416333578527, 55.06371247814968], [-1.4732593521475792, 55.06335313653108], [-1.4744947897270322, 55.06335313653108], [-1.4775833836756647, 55.06155642843805], [-1.4763479460962117, 55.06083774520084], [-1.4763479460962117, 55.06011906196363], [-1.4757302273064852, 55.05975972034503], [-1.4744947897270322, 55.05975972034503], [-1.4732593521475792, 55.05904103710782], [-1.4720239145681262, 55.05904103710782], [-1.4707884769886732, 55.05832235387061], [-1.4695530394092202, 55.05904103710782], [-1.4683176018297672, 55.05904103710782], [-1.4676998830400407, 55.05868169548921], [-1.4676998830400407, 55.05580696254037], [-1.4701707581989467, 55.05436959606595], [-1.4689353206194937, 55.05365091282874], [-1.4689353206194937, 55.05293222959153], [-1.4695530394092202, 55.05257288797293], [-1.4720239145681262, 55.05401025444735], [-1.4744947897270322, 55.05401025444735], [-1.4751125085167587, 55.05365091282874], [-1.4751125085167587, 55.052213546354324], [-1.4757302273064852, 55.05185420473572], [-1.4769656648859382, 55.05185420473572], [-1.4775833836756647, 55.051494863117114], [-1.4775833836756647, 55.050776179879904], [-1.4782011024653912, 55.0504168382613], [-1.4794365400448442, 55.05113552149851], [-1.4806719776242971, 55.05113552149851], [-1.4831428527832031, 55.05257288797293], [-1.4843782903626561, 55.05257288797293], [-1.485613727942109, 55.05185420473572], [-1.4862314467318356, 55.052213546354324], [-1.4862314467318356, 55.05436959606595], [-1.486849165521562, 55.05472893768456], [-1.488084603101015, 55.05472893768456], [-1.4887023218907416, 55.05508827930316], [-1.4887023218907416, 55.05580696254037], [-1.4899377594701946, 55.05652564577758], [-1.4899377594701946, 55.05724432901479], [-1.4911731970496476, 55.057963012252], [-1.4911731970496476, 55.05868169548921], [-1.4948795097880065, 55.06083774520084], [-1.4948795097880065, 55.06227511167526], [-1.49426179099828, 55.06263445329387], [-1.491790915839374, 55.06263445329387], [-1.4911731970496476, 55.06299379491247], [-1.4924086346291006, 55.06371247814968], [-1.4924086346291006, 55.06443116138689], [-1.491790915839374, 55.0647905030055], [-1.490555478259921, 55.06407181976829], [-1.489320040680468, 55.06407181976829], [-1.4887023218907416, 55.06443116138689], [-1.4887023218907416, 55.06658721109852], [-1.4899377594701946, 55.06730589433573], [-1.4899377594701946, 55.06802457757294], [-1.490555478259921, 55.06838391919155], [-1.49426179099828, 55.06838391919155], [-1.495497228577733, 55.06766523595434], [-1.496732666157186, 55.06766523595434], [-1.4973503849469125, 55.06802457757294], [-1.4973503849469125, 55.06946194404736], [-1.497968103736639, 55.06982128566597], [-1.499203541316092, 55.06991112107062], [-1.501674416474998, 55.06991112107062], [-1.501674416474998, 55.070450133498525], [-1.5010566976852715, 55.07089931052178], [-1.5010566976852715, 55.07161799375899], [-1.501674416474998, 55.071977335377596], [-1.502909854054451, 55.071977335377596], [-1.504145291633904, 55.072696018614806], [-1.505380729213357, 55.071977335377596], [-1.507851604372263, 55.071977335377596], [-1.5084693231619895, 55.0723366769962], [-1.5084693231619895, 55.07305536023341], [-1.509087041951716, 55.073414701852016], [-1.510322479531169, 55.073414701852016], [-1.511557917110622, 55.074133385089226], [-1.514028792269528, 55.074133385089226], [-1.5146465110592544, 55.07449272670783], [-1.514028792269528, 55.074852068326436], [-1.511557917110622, 55.074852068326436], [-1.510322479531169, 55.074852068326436], [-1.509087041951716, 55.074133385089226], [-1.507851604372263, 55.074133385089226]]], [[[-1.6956381164491177, 54.905242824344896], [-1.6950203976593912, 54.9056021659635], [-1.6950203976593912, 54.90703953243792], [-1.6944026788696647, 54.907398874056526], [-1.6931672412902117, 54.907398874056526], [-1.6919318037107587, 54.906680190819316], [-1.6894609285518527, 54.906680190819316], [-1.6876077721826732, 54.9056021659635], [-1.6876077721826732, 54.90488348272629], [-1.6894609285518527, 54.903805457870476], [-1.6906963661313057, 54.903805457870476], [-1.6931672412902117, 54.905242824344896], [-1.6950203976593912, 54.90416479948908], [-1.6950203976593912, 54.90344611625187], [-1.6944026788696647, 54.903086774633266], [-1.6931672412902117, 54.903086774633266], [-1.6925495225004852, 54.90272743301466], [-1.6925495225004852, 54.90200874977745], [-1.6931672412902117, 54.901649408158846], [-1.6944026788696647, 54.901649408158846], [-1.6950203976593912, 54.90129006654024], [-1.6950203976593912, 54.89769665035419], [-1.6962558352388442, 54.89697796711698], [-1.6962558352388442, 54.89554060064256], [-1.6950203976593912, 54.89482191740535], [-1.6950203976593912, 54.89410323416814], [-1.6937849600799382, 54.89338455093093], [-1.6956381164491177, 54.89230652607512], [-1.6962558352388442, 54.89266586769372], [-1.6962558352388442, 54.89338455093093], [-1.6968735540285707, 54.89374389254954], [-1.6981089916080236, 54.89374389254954], [-1.7024330231361091, 54.8912285012193], [-1.7024330231361091, 54.89050981798209], [-1.703668460715562, 54.88979113474488], [-1.7011975855566561, 54.88835376827046], [-1.7011975855566561, 54.88691640179604], [-1.6993444291874766, 54.88583837694023], [-1.6981089916080236, 54.88583837694023], [-1.6974912728182971, 54.88547903532162], [-1.6987267103977501, 54.88476035208441], [-1.6987267103977501, 54.88260430237278], [-1.6993444291874766, 54.88224496075418], [-1.7005798667669296, 54.88224496075418], [-1.7011975855566561, 54.88188561913557], [-1.7011975855566561, 54.881166935898364], [-1.7018153043463826, 54.88080759427976], [-1.7030507419258356, 54.88080759427976], [-1.703668460715562, 54.880448252661154], [-1.703668460715562, 54.879729569423944], [-1.7055216170847416, 54.87865154456813], [-1.7067570546641946, 54.87865154456813], [-1.707374773453921, 54.879010886186734], [-1.707374773453921, 54.879729569423944], [-1.706139335874468, 54.880448252661154], [-1.706139335874468, 54.881166935898364], [-1.7067570546641946, 54.88152627751697], [-1.7079924922436476, 54.88080759427976], [-1.708610211033374, 54.881166935898364], [-1.708610211033374, 54.88188561913557], [-1.7116988049820065, 54.8836823272286], [-1.7154051177203655, 54.8836823272286], [-1.7166405552998185, 54.88296364399139], [-1.717258274089545, 54.88332298560999], [-1.717258274089545, 54.8840416688472], [-1.7178759928792715, 54.88440101046581], [-1.7191114304587245, 54.88440101046581], [-1.719729149248451, 54.88476035208441], [-1.718493711668998, 54.88547903532162], [-1.718493711668998, 54.88691640179604], [-1.7191114304587245, 54.88727574341465], [-1.7203468680381775, 54.88655706017744], [-1.720964586827904, 54.88691640179604], [-1.720964586827904, 54.88835376827046], [-1.7203468680381775, 54.88871310988907], [-1.7191114304587245, 54.88799442665186], [-1.7178759928792715, 54.88871310988907], [-1.7166405552998185, 54.88871310988907], [-1.716022836510092, 54.88907245150767], [-1.717258274089545, 54.88979113474488], [-1.717258274089545, 54.8912285012193], [-1.7166405552998185, 54.89158784283791], [-1.7154051177203655, 54.89158784283791], [-1.713551961351186, 54.89266586769372], [-1.7141696801409125, 54.89302520931233], [-1.7154051177203655, 54.89230652607512], [-1.7166405552998185, 54.89230652607512], [-1.7178759928792715, 54.89158784283791], [-1.7191114304587245, 54.89158784283791], [-1.7203468680381775, 54.8908691596007], [-1.7215823056176305, 54.8908691596007], [-1.722200024407357, 54.89050981798209], [-1.722200024407357, 54.88907245150767], [-1.7228177431970835, 54.88871310988907], [-1.7240531807765365, 54.88871310988907], [-1.724670899566263, 54.88907245150767], [-1.724670899566263, 54.89050981798209], [-1.727141774725169, 54.89194718445651], [-1.727141774725169, 54.89410323416814], [-1.7277594935148954, 54.89446257578675], [-1.7289949310943484, 54.89446257578675], [-1.729612649884075, 54.89482191740535], [-1.728377212304622, 54.89554060064256], [-1.729612649884075, 54.89625928387977], [-1.7277594935148954, 54.89733730873559], [-1.7265240559354424, 54.89661862549838], [-1.7252886183559895, 54.89733730873559], [-1.7228177431970835, 54.89733730873559], [-1.7203468680381775, 54.89877467521001], [-1.7191114304587245, 54.8980559919728], [-1.7178759928792715, 54.8980559919728], [-1.716022836510092, 54.89913401682861], [-1.716022836510092, 54.89985270006582], [-1.7154051177203655, 54.900212041684426], [-1.714787398930639, 54.89985270006582], [-1.714787398930639, 54.8984153335914], [-1.7141696801409125, 54.8980559919728], [-1.71108108619228, 54.89985270006582], [-1.71108108619228, 54.90129006654024], [-1.713551961351186, 54.90272743301466], [-1.713551961351186, 54.90344611625187], [-1.714787398930639, 54.90416479948908], [-1.714787398930639, 54.90488348272629], [-1.7129342425614595, 54.905961507582106], [-1.7104633674025536, 54.905961507582106], [-1.709845648612827, 54.9056021659635], [-1.709845648612827, 54.90488348272629], [-1.7092279298231006, 54.904524141107686], [-1.7079924922436476, 54.904524141107686], [-1.7067570546641946, 54.903805457870476], [-1.7055216170847416, 54.904524141107686], [-1.7042861795052886, 54.904524141107686], [-1.7030507419258356, 54.903805457870476], [-1.7024330231361091, 54.90416479948908], [-1.7024330231361091, 54.90488348272629], [-1.703668460715562, 54.9056021659635], [-1.7030507419258356, 54.905961507582106], [-1.7005798667669296, 54.905961507582106], [-1.6999621479772031, 54.9056021659635], [-1.6993444291874766, 54.905242824344896], [-1.6956381164491177, 54.905242824344896]]], [[[-1.7011975855566561, 54.92500661336817], [-1.7024330231361091, 54.92428793013096], [-1.7024330231361091, 54.92213188041933], [-1.7030507419258356, 54.921772538800724], [-1.7042861795052886, 54.921772538800724], [-1.704903898295015, 54.92213188041933], [-1.704903898295015, 54.92285056365654], [-1.7055216170847416, 54.923209905275144], [-1.7067570546641946, 54.923209905275144], [-1.7079924922436476, 54.922491222037934], [-1.7092279298231006, 54.922491222037934], [-1.7104633674025536, 54.923209905275144], [-1.7116988049820065, 54.922491222037934], [-1.7141696801409125, 54.922491222037934], [-1.714787398930639, 54.92213188041933], [-1.714787398930639, 54.92141319718212], [-1.713551961351186, 54.92069451394491], [-1.713551961351186, 54.91925714747049], [-1.712316523771733, 54.91853846423328], [-1.7141696801409125, 54.917460439377464], [-1.7166405552998185, 54.917460439377464], [-1.718493711668998, 54.91638241452165], [-1.718493711668998, 54.91494504804723], [-1.7191114304587245, 54.914585706428625], [-1.7203468680381775, 54.914585706428625], [-1.7215823056176305, 54.913867023191415], [-1.7228177431970835, 54.913867023191415], [-1.724670899566263, 54.9127889983356], [-1.724670899566263, 54.91063294862397], [-1.7252886183559895, 54.910273607005365], [-1.7265240559354424, 54.910273607005365], [-1.727141774725169, 54.91063294862397], [-1.727141774725169, 54.91135163186118], [-1.729612649884075, 54.9127889983356], [-1.729612649884075, 54.91422636481002], [-1.730848087463528, 54.91494504804723], [-1.730848087463528, 54.91638241452165], [-1.732083525042981, 54.91710109775886], [-1.732083525042981, 54.91925714747049], [-1.730848087463528, 54.9199758307077], [-1.730848087463528, 54.92069451394491], [-1.732083525042981, 54.92141319718212], [-1.732083525042981, 54.92213188041933], [-1.7327012438327074, 54.922491222037934], [-1.7339366814121604, 54.921772538800724], [-1.734554400201887, 54.92213188041933], [-1.734554400201887, 54.92285056365654], [-1.7339366814121604, 54.923209905275144], [-1.7327012438327074, 54.923209905275144], [-1.730848087463528, 54.92428793013096], [-1.730848087463528, 54.92500661336817], [-1.729612649884075, 54.92572529660538], [-1.729612649884075, 54.92788134631701], [-1.7277594935148954, 54.92895937117282], [-1.7265240559354424, 54.92895937117282], [-1.7252886183559895, 54.92824068793561], [-1.724670899566263, 54.92860002955422], [-1.724670899566263, 54.93075607926585], [-1.7240531807765365, 54.93111542088445], [-1.7228177431970835, 54.93039673764724], [-1.7215823056176305, 54.93039673764724], [-1.7203468680381775, 54.92967805441003], [-1.719729149248451, 54.93003739602864], [-1.719729149248451, 54.93075607926585], [-1.7191114304587245, 54.93111542088445], [-1.7178759928792715, 54.93111542088445], [-1.717258274089545, 54.93147476250306], [-1.717258274089545, 54.93363081221469], [-1.7154051177203655, 54.9347088370705], [-1.7141696801409125, 54.9347088370705], [-1.713551961351186, 54.9343494954519], [-1.713551961351186, 54.93291212897748], [-1.7129342425614595, 54.93255278735887], [-1.712316523771733, 54.93291212897748], [-1.712316523771733, 54.93363081221469], [-1.7104633674025536, 54.9347088370705], [-1.706139335874468, 54.93219344574027], [-1.706139335874468, 54.93075607926585], [-1.7055216170847416, 54.93039673764724], [-1.7042861795052886, 54.93039673764724], [-1.703668460715562, 54.93003739602864], [-1.703668460715562, 54.92860002955422], [-1.7024330231361091, 54.92788134631701], [-1.7024330231361091, 54.92572529660538], [-1.7011975855566561, 54.92500661336817]]], [[[-1.6752533963881433, 54.88763508503325], [-1.6740179588086903, 54.88835376827046], [-1.6752533963881433, 54.88907245150767], [-1.6746356775984168, 54.88943179312628], [-1.6721648024395108, 54.88943179312628], [-1.6715470836497843, 54.88979113474488], [-1.6727825212292373, 54.89050981798209], [-1.6727825212292373, 54.89194718445651], [-1.6721648024395108, 54.89230652607512], [-1.6709293648600578, 54.89230652607512], [-1.6690762084908783, 54.89338455093093], [-1.6690762084908783, 54.89625928387977], [-1.6678407709114254, 54.89697796711698], [-1.6678407709114254, 54.89769665035419], [-1.6690762084908783, 54.8984153335914], [-1.6690762084908783, 54.89913401682861], [-1.6703116460703313, 54.89985270006582], [-1.6703116460703313, 54.90057138330303], [-1.6684584897011518, 54.901649408158846], [-1.6659876145422459, 54.900212041684426], [-1.6647521769627929, 54.900930724921636], [-1.6635167393833399, 54.900930724921636], [-1.662281301803887, 54.901649408158846], [-1.661045864224434, 54.901649408158846], [-1.6591927078552544, 54.90272743301466], [-1.6591927078552544, 54.90344611625187], [-1.659810426644981, 54.903805457870476], [-1.6604281454347074, 54.90344611625187], [-1.6604281454347074, 54.90272743301466], [-1.661045864224434, 54.902368091396056], [-1.662281301803887, 54.902368091396056], [-1.6628990205936134, 54.90272743301466], [-1.6628990205936134, 54.90416479948908], [-1.6591927078552544, 54.90632084920071], [-1.6591927078552544, 54.90847689891234], [-1.6616635830141604, 54.90991426538676], [-1.6616635830141604, 54.91063294862397], [-1.662281301803887, 54.910992290242575], [-1.6647521769627929, 54.910992290242575], [-1.6684584897011518, 54.913148339954205], [-1.6696939272806048, 54.913148339954205], [-1.6703116460703313, 54.91350768157281], [-1.6696939272806048, 54.913867023191415], [-1.6684584897011518, 54.913867023191415], [-1.6678407709114254, 54.91422636481002], [-1.6678407709114254, 54.91781978099607], [-1.6672230521216989, 54.918179122614674], [-1.6647521769627929, 54.918179122614674], [-1.661045864224434, 54.920335172326304], [-1.6604281454347074, 54.9199758307077], [-1.6604281454347074, 54.91925714747049], [-1.659810426644981, 54.918897805851884], [-1.6579572702758014, 54.9199758307077], [-1.6579572702758014, 54.92213188041933], [-1.6554863951168954, 54.92356924689375], [-1.6567218326963484, 54.92428793013096], [-1.656104113906622, 54.92464727174956], [-1.654868676327169, 54.92464727174956], [-1.653633238747716, 54.923928588512354], [-1.652397801168263, 54.92464727174956], [-1.648691488429904, 54.92464727174956], [-1.6468383320607245, 54.92572529660538], [-1.6468383320607245, 54.92644397984259], [-1.6456028944812715, 54.9271626630798], [-1.6456028944812715, 54.92788134631701], [-1.6480737696401775, 54.92931871279143], [-1.6480737696401775, 54.93003739602864], [-1.6493092072196305, 54.93075607926585], [-1.6493092072196305, 54.93219344574027], [-1.647456050850451, 54.93327147059608], [-1.646220613270998, 54.93327147059608], [-1.644985175691545, 54.93399015383329], [-1.6443674569018185, 54.93363081221469], [-1.6443674569018185, 54.93075607926585], [-1.6456028944812715, 54.93003739602864], [-1.6456028944812715, 54.92931871279143], [-1.644985175691545, 54.92895937117282], [-1.640043425373733, 54.92895937117282], [-1.6394257065840065, 54.92931871279143], [-1.6394257065840065, 54.93003739602864], [-1.636337112635374, 54.93183410412166], [-1.632630799897015, 54.93183410412166], [-1.6320130811072886, 54.93147476250306], [-1.6320130811072886, 54.93003739602864], [-1.631395362317562, 54.92967805441003], [-1.6301599247381091, 54.92967805441003], [-1.6295422059483826, 54.92931871279143], [-1.6295422059483826, 54.92860002955422], [-1.6289244871586561, 54.92824068793561], [-1.6276890495792031, 54.92824068793561], [-1.6258358932100236, 54.9271626630798], [-1.6258358932100236, 54.92428793013096], [-1.6246004556305707, 54.92356924689375], [-1.6246004556305707, 54.92213188041933], [-1.6221295804716647, 54.92069451394491], [-1.6246004556305707, 54.91925714747049], [-1.6246004556305707, 54.91853846423328], [-1.6239827368408442, 54.918179122614674], [-1.6215118616819382, 54.918179122614674], [-1.6208941428922117, 54.91781978099607], [-1.6208941428922117, 54.91710109775886], [-1.6202764241024852, 54.916741756140254], [-1.6190409865230322, 54.916741756140254], [-1.6178055489435792, 54.917460439377464], [-1.6128637986257672, 54.917460439377464], [-1.6122460798360407, 54.91710109775886], [-1.6122460798360407, 54.91566373128444], [-1.6147169549949467, 54.91422636481002], [-1.6140992362052202, 54.913867023191415], [-1.6128637986257672, 54.913867023191415], [-1.6116283610463142, 54.914585706428625], [-1.6110106422565877, 54.91422636481002], [-1.6110106422565877, 54.91350768157281], [-1.6122460798360407, 54.9127889983356], [-1.6110106422565877, 54.91207031509839], [-1.6110106422565877, 54.91135163186118], [-1.6103929234668612, 54.910992290242575], [-1.6085397670976818, 54.91207031509839], [-1.6085397670976818, 54.91350768157281], [-1.6066866107285023, 54.914585706428625], [-1.6054511731490493, 54.914585706428625], [-1.6029802979901433, 54.916023072903045], [-1.6017448604106903, 54.916023072903045], [-1.6005094228312373, 54.915304389665835], [-1.5980385476723313, 54.915304389665835], [-1.5974208288826048, 54.91566373128444], [-1.5986562664620578, 54.91638241452165], [-1.5986562664620578, 54.91781978099607], [-1.5980385476723313, 54.918179122614674], [-1.5937145161442459, 54.91566373128444], [-1.5937145161442459, 54.91422636481002], [-1.5930967973545194, 54.913867023191415], [-1.5918613597750664, 54.914585706428625], [-1.5912436409853399, 54.91422636481002], [-1.5912436409853399, 54.90991426538676], [-1.5918613597750664, 54.909554923768155], [-1.5930967973545194, 54.910273607005365], [-1.5943322349339724, 54.910273607005365], [-1.5949499537236989, 54.90991426538676], [-1.5949499537236989, 54.90847689891234], [-1.5961853913031518, 54.90775821567513], [-1.5937145161442459, 54.90632084920071], [-1.5937145161442459, 54.9056021659635], [-1.5924790785647929, 54.90488348272629], [-1.5924790785647929, 54.90272743301466], [-1.5918613597750664, 54.902368091396056], [-1.5906259221956134, 54.902368091396056], [-1.5893904846161604, 54.901649408158846], [-1.5869196094572544, 54.901649408158846], [-1.586301890667528, 54.90129006654024], [-1.5869196094572544, 54.900930724921636], [-1.5881550470367074, 54.900930724921636], [-1.5900082034058869, 54.89985270006582], [-1.588772765826434, 54.89913401682861], [-1.588772765826434, 54.8984153335914], [-1.5893904846161604, 54.8980559919728], [-1.5906259221956134, 54.89877467521001], [-1.5918613597750664, 54.89877467521001], [-1.5930967973545194, 54.89949335844722], [-1.5943322349339724, 54.89949335844722], [-1.5955676725134254, 54.89958319385187], [-1.5968031100928783, 54.89949335844722], [-1.5986562664620578, 54.89913401682861], [-1.5986562664620578, 54.89985270006582], [-1.5998917040415108, 54.90057138330303], [-1.5998917040415108, 54.90129006654024], [-1.6005094228312373, 54.901649408158846], [-1.6017448604106903, 54.901649408158846], [-1.6035980167798698, 54.90057138330303], [-1.6035980167798698, 54.89697796711698], [-1.6103929234668612, 54.89302520931233], [-1.6128637986257672, 54.89302520931233], [-1.6134815174154937, 54.89266586769372], [-1.6134815174154937, 54.88979113474488], [-1.6153346737846732, 54.88871310988907], [-1.6165701113641262, 54.88871310988907], [-1.6184232677333057, 54.88763508503325], [-1.6184232677333057, 54.88691640179604], [-1.6190409865230322, 54.88655706017744], [-1.6202764241024852, 54.88655706017744], [-1.6208941428922117, 54.88619771855883], [-1.6208941428922117, 54.8840416688472], [-1.6215118616819382, 54.8836823272286], [-1.6227472992613912, 54.8836823272286], [-1.6233650180511177, 54.88332298560999], [-1.6215118616819382, 54.88224496075418], [-1.6202764241024852, 54.88296364399139], [-1.6190409865230322, 54.88296364399139], [-1.6184232677333057, 54.88260430237278], [-1.6196587053127587, 54.88188561913557], [-1.6196587053127587, 54.881166935898364], [-1.6184232677333057, 54.880448252661154], [-1.6184232677333057, 54.879729569423944], [-1.6190409865230322, 54.87937022780534], [-1.6202764241024852, 54.88008891104255], [-1.6208941428922117, 54.879729569423944], [-1.6208941428922117, 54.878292202949524], [-1.6215118616819382, 54.87793286133092], [-1.6221295804716647, 54.878292202949524], [-1.6221295804716647, 54.879729569423944], [-1.6227472992613912, 54.88008891104255], [-1.6239827368408442, 54.88008891104255], [-1.6246004556305707, 54.879729569423944], [-1.6246004556305707, 54.878292202949524], [-1.6239827368408442, 54.87793286133092], [-1.6227472992613912, 54.87793286133092], [-1.6221295804716647, 54.877573519712314], [-1.6221295804716647, 54.876854836475104], [-1.6227472992613912, 54.8764954948565], [-1.6239827368408442, 54.8764954948565], [-1.6264536119997501, 54.87505812838208], [-1.6276890495792031, 54.87505812838208], [-1.6283067683689296, 54.875417470000684], [-1.6283067683689296, 54.876854836475104], [-1.6270713307894766, 54.877573519712314], [-1.6270713307894766, 54.878292202949524], [-1.6276890495792031, 54.87865154456813], [-1.6289244871586561, 54.87865154456813], [-1.6307776435278356, 54.879729569423944], [-1.6307776435278356, 54.881166935898364], [-1.631395362317562, 54.88152627751697], [-1.633866237476468, 54.88152627751697], [-1.6344839562661946, 54.881166935898364], [-1.6344839562661946, 54.879010886186734], [-1.635101675055921, 54.87865154456813], [-1.637572550214827, 54.87865154456813], [-1.6381902690045536, 54.879010886186734], [-1.6381902690045536, 54.879729569423944], [-1.640043425373733, 54.88080759427976], [-1.642514300532639, 54.88080759427976], [-1.6431320193223655, 54.880448252661154], [-1.6431320193223655, 54.879729569423944], [-1.643749738112092, 54.87937022780534], [-1.644985175691545, 54.87937022780534], [-1.646220613270998, 54.88008891104255], [-1.648691488429904, 54.88008891104255], [-1.6493092072196305, 54.880448252661154], [-1.6493092072196305, 54.881166935898364], [-1.6505446447990835, 54.88188561913557], [-1.6505446447990835, 54.88260430237278], [-1.65116236358881, 54.88296364399139], [-1.654868676327169, 54.88296364399139], [-1.656104113906622, 54.88224496075418], [-1.6567218326963484, 54.88260430237278], [-1.6567218326963484, 54.88547903532162], [-1.657339551486075, 54.88583837694023], [-1.6591927078552544, 54.88476035208441], [-1.6591927078552544, 54.88260430237278], [-1.659810426644981, 54.88224496075418], [-1.661045864224434, 54.88224496075418], [-1.6616635830141604, 54.88260430237278], [-1.6604281454347074, 54.88332298560999], [-1.661045864224434, 54.8836823272286], [-1.6635167393833399, 54.88224496075418], [-1.6647521769627929, 54.88224496075418], [-1.6653698957525194, 54.88188561913557], [-1.6641344581730664, 54.881166935898364], [-1.6641344581730664, 54.880448252661154], [-1.6628990205936134, 54.879729569423944], [-1.6641344581730664, 54.879010886186734], [-1.6628990205936134, 54.878292202949524], [-1.6635167393833399, 54.87793286133092], [-1.6647521769627929, 54.87793286133092], [-1.6659876145422459, 54.87721417809371], [-1.6672230521216989, 54.87721417809371], [-1.6678407709114254, 54.877573519712314], [-1.6678407709114254, 54.878292202949524], [-1.6684584897011518, 54.87865154456813], [-1.6696939272806048, 54.87865154456813], [-1.6709293648600578, 54.87793286133092], [-1.6721648024395108, 54.87793286133092], [-1.6740179588086903, 54.879010886186734], [-1.6740179588086903, 54.880448252661154], [-1.6752533963881433, 54.881166935898364], [-1.6752533963881433, 54.88332298560999], [-1.6758711151778698, 54.8836823272286], [-1.6771065527573228, 54.88296364399139], [-1.6777242715470493, 54.88332298560999], [-1.6777242715470493, 54.8840416688472], [-1.6758711151778698, 54.88511969370302], [-1.6752533963881433, 54.88547903532162], [-1.6752533963881433, 54.88763508503325]]], [[[-1.562828576657921, 54.857450389070436], [-1.562828576657921, 54.859606438782066], [-1.5622108578681946, 54.85996578040067], [-1.5609754202887416, 54.85996578040067], [-1.560357701499015, 54.860325122019276], [-1.560357701499015, 54.861762488493696], [-1.557886826340109, 54.863199854968116], [-1.557886826340109, 54.864637221442536], [-1.5585045451298356, 54.86499656306114], [-1.5597399827092886, 54.86499656306114], [-1.5609754202887416, 54.86427787982393], [-1.561593139078468, 54.864637221442536], [-1.561593139078468, 54.871824053814635], [-1.562828576657921, 54.872542737051845], [-1.5622108578681946, 54.87290207867045], [-1.5609754202887416, 54.87290207867045], [-1.559122263919562, 54.873980103526264], [-1.559122263919562, 54.874698786763474], [-1.5585045451298356, 54.87505812838208], [-1.5560336699709296, 54.87505812838208], [-1.5547982323914766, 54.87433944514487], [-1.5535627948120236, 54.87505812838208], [-1.5510919196531177, 54.87505812838208], [-1.5498564820736647, 54.87577681161929], [-1.5449147317558527, 54.87577681161929], [-1.5436792941763997, 54.87505812838208], [-1.5424438565969467, 54.87505812838208], [-1.5418261378072202, 54.875417470000684], [-1.5418261378072202, 54.876136153237894], [-1.5405907002277672, 54.876854836475104], [-1.5405907002277672, 54.877573519712314], [-1.5399729814380407, 54.87793286133092], [-1.5375021062791348, 54.87793286133092], [-1.5362666686996818, 54.87721417809371], [-1.5337957935407758, 54.87721417809371], [-1.5294717620126903, 54.874698786763474], [-1.5294717620126903, 54.873980103526264], [-1.5276186056435108, 54.87290207867045], [-1.5263831680640578, 54.87362076190766], [-1.5251477304846048, 54.87290207867045], [-1.5239122929051518, 54.87362076190766], [-1.5231401444179937, 54.873980103526264], [-1.520978128653951, 54.873980103526264], [-1.5202059801667929, 54.87362076190766], [-1.5214414177462459, 54.87218339543324], [-1.5220591365359724, 54.871824053814635], [-1.5202059801667929, 54.87074602895882], [-1.5177351050078869, 54.87074602895882], [-1.516499667428434, 54.87002734572161], [-1.5158819486387074, 54.870386687340215], [-1.5158819486387074, 54.872542737051845], [-1.515264229848981, 54.87290207867045], [-1.5134110734798014, 54.871824053814635], [-1.5146465110592544, 54.871105370577425], [-1.5146465110592544, 54.868230637628585], [-1.515264229848981, 54.86787129600998], [-1.516499667428434, 54.86787129600998], [-1.5177351050078869, 54.86715261277277], [-1.5189705425873399, 54.86715261277277], [-1.5202059801667929, 54.86643392953556], [-1.5226768553256989, 54.86643392953556], [-1.5232945741154253, 54.866074587916955], [-1.5232945741154253, 54.865355904679745], [-1.5245300116948783, 54.864637221442536], [-1.5239122929051518, 54.86427787982393], [-1.5226768553256989, 54.86427787982393], [-1.5220591365359724, 54.863918538205326], [-1.5226768553256989, 54.86355919658672], [-1.5288540432229638, 54.86355919658672], [-1.5294717620126903, 54.863199854968116], [-1.5294717620126903, 54.861762488493696], [-1.5288540432229638, 54.86140314687509], [-1.5263831680640578, 54.86140314687509], [-1.5257654492743313, 54.861043805256486], [-1.5257654492743313, 54.860325122019276], [-1.5270008868537843, 54.859606438782066], [-1.5270008868537843, 54.858887755544856], [-1.5276186056435108, 54.85852841392625], [-1.5288540432229638, 54.85852841392625], [-1.5294717620126903, 54.858887755544856], [-1.5294717620126903, 54.860325122019276], [-1.5300894808024168, 54.86068446363788], [-1.5313249183818698, 54.85996578040067], [-1.5325603559613228, 54.85996578040067], [-1.5331780747510493, 54.859606438782066], [-1.5331780747510493, 54.858887755544856], [-1.5337957935407758, 54.85852841392625], [-1.5350312311202288, 54.85924709716346], [-1.5356489499099553, 54.858887755544856], [-1.5356489499099553, 54.856731705833226], [-1.5368843874894083, 54.85601302259602], [-1.5368843874894083, 54.85529433935881], [-1.5375021062791348, 54.8549349977402], [-1.5436792941763997, 54.8549349977402], [-1.5449147317558527, 54.85421631450299], [-1.5461501693353057, 54.85421631450299], [-1.5467678881250322, 54.85385697288439], [-1.5467678881250322, 54.85170092317276], [-1.5473856069147587, 54.85134158155415], [-1.5510919196531177, 54.85134158155415], [-1.5517096384428442, 54.85098223993555], [-1.5517096384428442, 54.84954487346113], [-1.5523273572325706, 54.84918553184252], [-1.5547982323914766, 54.84918553184252], [-1.5554159511812031, 54.84954487346113], [-1.5541805136017501, 54.85026355669834], [-1.5541805136017501, 54.85098223993555], [-1.5554159511812031, 54.85170092317276], [-1.5554159511812031, 54.85241960640997], [-1.5572691075503826, 54.85349763126578], [-1.5585045451298356, 54.85349763126578], [-1.561593139078468, 54.85529433935881], [-1.561593139078468, 54.856731705833226], [-1.562828576657921, 54.857450389070436]]], [[[-1.5072338855825365, 54.948004476958886], [-1.50661616679281, 54.94764513534028], [-1.504145291633904, 54.94764513534028], [-1.502909854054451, 54.94692645210307], [-1.501674416474998, 54.94764513534028], [-1.493026353418827, 54.94764513534028], [-1.4911731970496476, 54.946567110484466], [-1.4924086346291006, 54.945848427247256], [-1.4924086346291006, 54.944411060772836], [-1.493026353418827, 54.94405171915423], [-1.49426179099828, 54.94405171915423], [-1.495497228577733, 54.94477040239144], [-1.4961149473674595, 54.944411060772836], [-1.4961149473674595, 54.943692377535626], [-1.4948795097880065, 54.942973694298416], [-1.4948795097880065, 54.94225501106121], [-1.493026353418827, 54.94117698620539], [-1.491790915839374, 54.94117698620539], [-1.4911731970496476, 54.94081764458679], [-1.4911731970496476, 54.93938027811237], [-1.490555478259921, 54.93902093649376], [-1.489320040680468, 54.93902093649376], [-1.4874668843112886, 54.93794291163795], [-1.4874668843112886, 54.93722422840074], [-1.485613727942109, 54.93614620354492], [-1.4843782903626561, 54.93614620354492], [-1.4837605715729296, 54.93650554516353], [-1.4837605715729296, 54.93722422840074], [-1.4806719776242971, 54.93902093649376], [-1.4794365400448442, 54.93902093649376], [-1.4775833836756647, 54.93794291163795], [-1.4775833836756647, 54.93506817868911], [-1.4782011024653912, 54.9347088370705], [-1.4794365400448442, 54.9347088370705], [-1.4825251339934766, 54.93291212897748], [-1.4825251339934766, 54.93219344574027], [-1.4831428527832031, 54.93183410412166], [-1.4843782903626561, 54.93183410412166], [-1.485613727942109, 54.93255278735887], [-1.4862314467318356, 54.93219344574027], [-1.4862314467318356, 54.93147476250306], [-1.485613727942109, 54.93111542088445], [-1.4843782903626561, 54.93111542088445], [-1.4837605715729296, 54.93075607926585], [-1.4837605715729296, 54.92931871279143], [-1.4825251339934766, 54.92860002955422], [-1.4831428527832031, 54.92824068793561], [-1.4843782903626561, 54.92824068793561], [-1.4849960091523826, 54.92788134631701], [-1.4849960091523826, 54.92500661336817], [-1.4843782903626561, 54.92464727174956], [-1.4831428527832031, 54.924018423917005], [-1.4837605715729296, 54.92356924689375], [-1.4843782903626561, 54.921772538800724], [-1.485613727942109, 54.921772538800724], [-1.4862314467318356, 54.92141319718212], [-1.4862314467318356, 54.92069451394491], [-1.4874668843112886, 54.9199758307077], [-1.4874668843112886, 54.91925714747049], [-1.488084603101015, 54.918897805851884], [-1.489320040680468, 54.918897805851884], [-1.490555478259921, 54.919616489089094], [-1.491790915839374, 54.919616489089094], [-1.49426179099828, 54.921053855563514], [-1.495497228577733, 54.921053855563514], [-1.499203541316092, 54.923209905275144], [-1.501674416474998, 54.921772538800724], [-1.502909854054451, 54.921772538800724], [-1.504145291633904, 54.922491222037934], [-1.505380729213357, 54.922491222037934], [-1.50661616679281, 54.921772538800724], [-1.5072338855825365, 54.92213188041933], [-1.5072338855825365, 54.92356924689375], [-1.507851604372263, 54.923928588512354], [-1.509087041951716, 54.923209905275144], [-1.5097047607414424, 54.92356924689375], [-1.5097047607414424, 54.92428793013096], [-1.5109401983208954, 54.92500661336817], [-1.5109401983208954, 54.9271626630798], [-1.5121756359003484, 54.92788134631701], [-1.510322479531169, 54.92895937117282], [-1.509087041951716, 54.92895937117282], [-1.5072338855825365, 54.93003739602864], [-1.5072338855825365, 54.93147476250306], [-1.50661616679281, 54.93183410412166], [-1.504145291633904, 54.93183410412166], [-1.5022921352647245, 54.93291212897748], [-1.5022921352647245, 54.9343494954519], [-1.504145291633904, 54.93542752030771], [-1.505380729213357, 54.93542752030771], [-1.5059984480030835, 54.93578686192632], [-1.5059984480030835, 54.93722422840074], [-1.507851604372263, 54.93830225325655], [-1.509087041951716, 54.93830225325655], [-1.5097047607414424, 54.93866159487516], [-1.5097047607414424, 54.93938027811237], [-1.510322479531169, 54.93973961973097], [-1.511557917110622, 54.93902093649376], [-1.5134110734798014, 54.94009896134958], [-1.5134110734798014, 54.941536327824], [-1.512793354690075, 54.9418956694426], [-1.511557917110622, 54.9418956694426], [-1.510322479531169, 54.94117698620539], [-1.509087041951716, 54.94117698620539], [-1.5084693231619895, 54.941536327824], [-1.5084693231619895, 54.942973694298416], [-1.5072338855825365, 54.943692377535626], [-1.5072338855825365, 54.945848427247256], [-1.507851604372263, 54.94620776886586], [-1.509087041951716, 54.94620776886586], [-1.5097047607414424, 54.946567110484466], [-1.5097047607414424, 54.948723160196096], [-1.509087041951716, 54.9490825018147], [-1.507851604372263, 54.9490825018147], [-1.5072338855825365, 54.948723160196096], [-1.5072338855825365, 54.948004476958886]]], [[[-1.4689353206194937, 54.91566373128444], [-1.4683176018297672, 54.915304389665835], [-1.4670821642503142, 54.915304389665835], [-1.4664644454605877, 54.91566373128444], [-1.4676998830400407, 54.91638241452165], [-1.4676998830400407, 54.91781978099607], [-1.4658467266708612, 54.918897805851884], [-1.4646112890914083, 54.918179122614674], [-1.4627581327222288, 54.91925714747049], [-1.4639935703016818, 54.9199758307077], [-1.4633758515119553, 54.920335172326304], [-1.4621404139325023, 54.920335172326304], [-1.4602872575633228, 54.91925714747049], [-1.4602872575633228, 54.91710109775886], [-1.4590518199838698, 54.91638241452165], [-1.4590518199838698, 54.91566373128444], [-1.4602872575633228, 54.91494504804723], [-1.4602872575633228, 54.90919558214955], [-1.4584341011941433, 54.908117557293735], [-1.4571986636146903, 54.908117557293735], [-1.4559632260352373, 54.908836240530945], [-1.4547277884557843, 54.908117557293735], [-1.4528746320866048, 54.90919558214955], [-1.4522569132968783, 54.910273607005365], [-1.4510214757174253, 54.910273607005365], [-1.4504037569276989, 54.90991426538676], [-1.4497860381379724, 54.909465088363504], [-1.4559632260352373, 54.906680190819316], [-1.4571986636146903, 54.906680190819316], [-1.4578163824044168, 54.90632084920071], [-1.4578163824044168, 54.9056021659635], [-1.4571986636146903, 54.905152988940245], [-1.4571986636146903, 54.90461397651234], [-1.4590518199838698, 54.90344611625187], [-1.4590518199838698, 54.90129006654024], [-1.4602872575633228, 54.90057138330303], [-1.4596695387735963, 54.900122206279775], [-1.4596695387735963, 54.89886451061466], [-1.4602872575633228, 54.8984153335914], [-1.4602872575633228, 54.89625928387977], [-1.4596695387735963, 54.89589994226117], [-1.4571986636146903, 54.89589994226117], [-1.4565809448249638, 54.89554060064256], [-1.4565809448249638, 54.89338455093093], [-1.4571986636146903, 54.89302520931233], [-1.4584341011941433, 54.89374389254954], [-1.4596695387735963, 54.89302520931233], [-1.4602872575633228, 54.89338455093093], [-1.4602872575633228, 54.89410323416814], [-1.4609049763530493, 54.89446257578675], [-1.4621404139325023, 54.89446257578675], [-1.4633758515119553, 54.89518125902396], [-1.4646112890914083, 54.89518125902396], [-1.4652290078811347, 54.89482191740535], [-1.4652290078811347, 54.89410323416814], [-1.4689353206194937, 54.89194718445651], [-1.4689353206194937, 54.8912285012193], [-1.4695530394092202, 54.8908691596007], [-1.4707884769886732, 54.8908691596007], [-1.4738770709373057, 54.88907245150767], [-1.4738770709373057, 54.88835376827046], [-1.4732593521475792, 54.88799442665186], [-1.4720239145681262, 54.88799442665186], [-1.4714061957783997, 54.88763508503325], [-1.4732593521475792, 54.88655706017744], [-1.4751125085167587, 54.88763508503325], [-1.4751125085167587, 54.88835376827046], [-1.4769656648859382, 54.88943179312628], [-1.4843782903626561, 54.88511969370302], [-1.489320040680468, 54.88511969370302], [-1.491790915839374, 54.8836823272286], [-1.493026353418827, 54.8836823272286], [-1.49426179099828, 54.88440101046581], [-1.496732666157186, 54.88440101046581], [-1.497968103736639, 54.8836823272286], [-1.499203541316092, 54.88440101046581], [-1.501674416474998, 54.88440101046581], [-1.502909854054451, 54.88502985829837], [-1.5022921352647245, 54.88547903532162], [-1.501674416474998, 54.88646722477279], [-1.5010566976852715, 54.88691640179604], [-1.504145291633904, 54.88871310988907], [-1.505380729213357, 54.88871310988907], [-1.5059984480030835, 54.88835376827046], [-1.5059984480030835, 54.88763508503325], [-1.5084693231619895, 54.88979113474488], [-1.507851604372263, 54.89015047636349], [-1.50661616679281, 54.88943179312628], [-1.505380729213357, 54.88943179312628], [-1.5047630104236305, 54.88979113474488], [-1.5047630104236305, 54.89050981798209], [-1.504145291633904, 54.8908691596007], [-1.502909854054451, 54.89015047636349], [-1.501674416474998, 54.8908691596007], [-1.500438978895545, 54.8908691596007], [-1.499203541316092, 54.89158784283791], [-1.497968103736639, 54.89158784283791], [-1.4973503849469125, 54.8912285012193], [-1.4973503849469125, 54.89050981798209], [-1.496732666157186, 54.89015047636349], [-1.49426179099828, 54.89015047636349], [-1.491790915839374, 54.89158784283791], [-1.490555478259921, 54.89158784283791], [-1.4899377594701946, 54.89194718445651], [-1.4899377594701946, 54.89266586769372], [-1.489320040680468, 54.89302520931233], [-1.488084603101015, 54.89302520931233], [-1.486849165521562, 54.892935373907676], [-1.4862314467318356, 54.89338455093093], [-1.4849960091523826, 54.89697796711698], [-1.4862314467318356, 54.89769665035419], [-1.4862314467318356, 54.8984153335914], [-1.485613727942109, 54.89877467521001], [-1.4843782903626561, 54.89877467521001], [-1.4819074152037501, 54.89733730873559], [-1.4794365400448442, 54.89733730873559], [-1.4788188212551177, 54.89769665035419], [-1.4794365400448442, 54.89814582737745], [-1.4794365400448442, 54.898684839805355], [-1.4788188212551177, 54.89913401682861], [-1.4769656648859382, 54.903086774633266], [-1.4757302273064852, 54.903086774633266], [-1.4738770709373057, 54.90416479948908], [-1.4738770709373057, 54.90488348272629], [-1.4744947897270322, 54.905242824344896], [-1.4757302273064852, 54.905242824344896], [-1.4763479460962117, 54.9056021659635], [-1.4757302273064852, 54.905961507582106], [-1.4744947897270322, 54.905961507582106], [-1.4726416333578527, 54.90703953243792], [-1.4757302273064852, 54.908836240530945], [-1.4769656648859382, 54.908836240530945], [-1.4782011024653912, 54.908117557293735], [-1.4794365400448442, 54.908836240530945], [-1.4806719776242971, 54.908836240530945], [-1.4812896964140236, 54.90847689891234], [-1.4812896964140236, 54.90775821567513], [-1.4819074152037501, 54.907398874056526], [-1.4825251339934766, 54.90775821567513], [-1.4825251339934766, 54.90847689891234], [-1.4831428527832031, 54.908836240530945], [-1.4843782903626561, 54.908836240530945], [-1.4849960091523826, 54.90919558214955], [-1.4849960091523826, 54.90991426538676], [-1.4837605715729296, 54.91063294862397], [-1.4837605715729296, 54.9127889983356], [-1.4831428527832031, 54.913148339954205], [-1.4819074152037501, 54.913148339954205], [-1.481135266716592, 54.91350768157281], [-1.4782011024653912, 54.914585706428625], [-1.4775833836756647, 54.91422636481002], [-1.4775833836756647, 54.91350768157281], [-1.4769656648859382, 54.913148339954205], [-1.4763479460962117, 54.91350768157281], [-1.4763479460962117, 54.91422636481002], [-1.4757302273064852, 54.914585706428625], [-1.4744947897270322, 54.914585706428625], [-1.4732593521475792, 54.915304389665835], [-1.4720239145681262, 54.915304389665835], [-1.4714061957783997, 54.91566373128444], [-1.4714061957783997, 54.91638241452165], [-1.4707884769886732, 54.916741756140254], [-1.4695530394092202, 54.916741756140254], [-1.4689353206194937, 54.91638241452165], [-1.4689353206194937, 54.91566373128444]]], [[[-1.4466974441893399, 54.874698786763474], [-1.4466974441893399, 54.873980103526264], [-1.4479328817687929, 54.873261420289055], [-1.4479328817687929, 54.872542737051845], [-1.4466974441893399, 54.871824053814635], [-1.4473151629790664, 54.87146471219603], [-1.4497860381379724, 54.87146471219603], [-1.4504037569276989, 54.871105370577425], [-1.4504037569276989, 54.868949320865795], [-1.4479328817687929, 54.867511954391375], [-1.4479328817687929, 54.866793271154165], [-1.4466974441893399, 54.866074587916955], [-1.4473151629790664, 54.86571524629835], [-1.4485506005585194, 54.86571524629835], [-1.4491683193482459, 54.865355904679745], [-1.4491683193482459, 54.864637221442536], [-1.4516391945071518, 54.863199854968116], [-1.4516391945071518, 54.861762488493696], [-1.4522569132968783, 54.86140314687509], [-1.4534923508763313, 54.86140314687509], [-1.4541100696660578, 54.861043805256486], [-1.4541100696660578, 54.860325122019276], [-1.4547277884557843, 54.85996578040067], [-1.4559632260352373, 54.85996578040067], [-1.4565809448249638, 54.860325122019276], [-1.4565809448249638, 54.861043805256486], [-1.4571986636146903, 54.86140314687509], [-1.4609049763530493, 54.86140314687509], [-1.4621404139325023, 54.86068446363788], [-1.4633758515119553, 54.86068446363788], [-1.4639935703016818, 54.861043805256486], [-1.4639935703016818, 54.862481171730906], [-1.4652290078811347, 54.863199854968116], [-1.4652290078811347, 54.863918538205326], [-1.4670821642503142, 54.86499656306114], [-1.4683176018297672, 54.86499656306114], [-1.4689353206194937, 54.865355904679745], [-1.4664644454605877, 54.866793271154165], [-1.4664644454605877, 54.867511954391375], [-1.4658467266708612, 54.86787129600998], [-1.4646112890914083, 54.86787129600998], [-1.4633758515119553, 54.86715261277277], [-1.4609049763530493, 54.86715261277277], [-1.4596695387735963, 54.86787129600998], [-1.4559632260352373, 54.86787129600998], [-1.4528746320866048, 54.869668004103005], [-1.4528746320866048, 54.870386687340215], [-1.4541100696660578, 54.871105370577425], [-1.4541100696660578, 54.871824053814635], [-1.4553455072455108, 54.872542737051845], [-1.4553455072455108, 54.873980103526264], [-1.4559632260352373, 54.87433944514487], [-1.4571986636146903, 54.87433944514487], [-1.4584341011941433, 54.87362076190766], [-1.4596695387735963, 54.87362076190766], [-1.4609049763530493, 54.87290207867045], [-1.4621404139325023, 54.87290207867045], [-1.4646112890914083, 54.87146471219603], [-1.4652290078811347, 54.871824053814635], [-1.4652290078811347, 54.872542737051845], [-1.4683176018297672, 54.87433944514487], [-1.4707884769886732, 54.87433944514487], [-1.4714061957783997, 54.874698786763474], [-1.4714061957783997, 54.876136153237894], [-1.4690897503169253, 54.877573519712314], [-1.4683176018297672, 54.87721417809371], [-1.4676998830400407, 54.877573519712314], [-1.4689353206194937, 54.878292202949524], [-1.4689353206194937, 54.881166935898364], [-1.4701707581989467, 54.88188561913557], [-1.4695530394092202, 54.88224496075418], [-1.4683176018297672, 54.88224496075418], [-1.4670821642503142, 54.88152627751697], [-1.4658467266708612, 54.88152627751697], [-1.4652290078811347, 54.88188561913557], [-1.4652290078811347, 54.88260430237278], [-1.4633758515119553, 54.8836823272286], [-1.4596695387735963, 54.8836823272286], [-1.4584341011941433, 54.88296364399139], [-1.4571986636146903, 54.8836823272286], [-1.4565809448249638, 54.88332298560999], [-1.4565809448249638, 54.88260430237278], [-1.4559632260352373, 54.88224496075418], [-1.4541100696660578, 54.88332298560999], [-1.4541100696660578, 54.8840416688472], [-1.4565809448249638, 54.88547903532162], [-1.4559632260352373, 54.88583837694023], [-1.4547277884557843, 54.88583837694023], [-1.4534923508763313, 54.88511969370302], [-1.4497860381379724, 54.88511969370302], [-1.4485506005585194, 54.88583837694023], [-1.4466974441893399, 54.88476035208441], [-1.4466974441893399, 54.8840416688472], [-1.4460797253996134, 54.8836823272286], [-1.4436088502407074, 54.8836823272286], [-1.4423734126612544, 54.88296364399139], [-1.4399025375023484, 54.88296364399139], [-1.438049381133169, 54.8840416688472], [-1.438049381133169, 54.88476035208441], [-1.4374316623434424, 54.88511969370302], [-1.436813943553716, 54.88476035208441], [-1.436813943553716, 54.88188561913557], [-1.4374316623434424, 54.88152627751697], [-1.4386670999228954, 54.88152627751697], [-1.439284818712622, 54.881166935898364], [-1.439284818712622, 54.879729569423944], [-1.4399025375023484, 54.87937022780534], [-1.4411379750818014, 54.87937022780534], [-1.441755693871528, 54.879010886186734], [-1.441755693871528, 54.878292202949524], [-1.444226569030434, 54.876854836475104], [-1.444226569030434, 54.874698786763474], [-1.4448442878201604, 54.87433944514487], [-1.4454620066098869, 54.874698786763474], [-1.4460797253996134, 54.87505812838208], [-1.4466974441893399, 54.874698786763474]]], [[[-1.3917204719036818, 54.95698801742401], [-1.3954267846420407, 54.95698801742401], [-1.3960445034317672, 54.957347359042615], [-1.3960445034317672, 54.959503408754244], [-1.3954267846420407, 54.95986275037285], [-1.3941913470625877, 54.95986275037285], [-1.3935736282728612, 54.960222091991454], [-1.3935736282728612, 54.960940775228664], [-1.3948090658523142, 54.961659458465874], [-1.3948090658523142, 54.963096824940294], [-1.3954267846420407, 54.9634561665589], [-1.3978976598009467, 54.9634561665589], [-1.3985153785906732, 54.963815508177504], [-1.3966622222214937, 54.96489353303332], [-1.3954267846420407, 54.96417484979611], [-1.3948090658523142, 54.964534191414714], [-1.3948090658523142, 54.965252874651924], [-1.3929559094831347, 54.96633089950774], [-1.3917204719036818, 54.96633089950774], [-1.3867787215858698, 54.96920563245658], [-1.3861610027961433, 54.96884629083797], [-1.3861610027961433, 54.96740892436355], [-1.3855432840064168, 54.96704958274495], [-1.3843078464269638, 54.96704958274495], [-1.3830724088475108, 54.96776826598216], [-1.3818369712680578, 54.96776826598216], [-1.3812192524783313, 54.96740892436355], [-1.3812192524783313, 54.966690241126344], [-1.3824546900577843, 54.965971557889134], [-1.3818369712680578, 54.96561221627053], [-1.3731889082118869, 54.96561221627053], [-1.3713357518427074, 54.964534191414714], [-1.3713357518427074, 54.961659458465874], [-1.371953470632434, 54.96130011684727], [-1.3725711894221604, 54.961659458465874], [-1.3725711894221604, 54.963815508177504], [-1.3731889082118869, 54.96417484979611], [-1.3750420645810664, 54.963096824940294], [-1.3750420645810664, 54.962378141703084], [-1.3725711894221604, 54.960940775228664], [-1.3725711894221604, 54.960222091991454], [-1.3731889082118869, 54.95986275037285], [-1.3744243457913399, 54.95986275037285], [-1.3762775021605194, 54.958784725517035], [-1.3762775021605194, 54.957347359042615], [-1.3775129397399724, 54.956628675805405], [-1.3775129397399724, 54.953753942856565], [-1.3793660961091518, 54.95267591800075], [-1.3806015336886048, 54.95267591800075], [-1.3818369712680578, 54.95339460123796], [-1.3830724088475108, 54.95339460123796], [-1.3867787215858698, 54.95555065094959], [-1.3892495967447758, 54.95555065094959], [-1.3898673155345023, 54.955909992568195], [-1.3917204719036818, 54.95698801742401]]]]}}, {"type": "Feature", "properties": {"band_id": "under_60", "order": 1}, "geometry": {"type": "MultiPolygon", "coordinates": [[[[-1.9458142262883484, 54.965252874651924], [-1.9458142262883484, 54.966690241126344], [-1.946431945078075, 54.96704958274495], [-1.950138257816434, 54.96704958274495], [-1.951373695395887, 54.96633089950774], [-1.9519914141856134, 54.966690241126344], [-1.9519914141856134, 54.96740892436355], [-1.9532268517650664, 54.96812760760076], [-1.9532268517650664, 54.96956497407518], [-1.95260913297534, 54.96992431569379], [-1.950138257816434, 54.96992431569379], [-1.9495205390267074, 54.97028365731239], [-1.9495205390267074, 54.9710023405496], [-1.9458142262883484, 54.97315839026123], [-1.9458142262883484, 54.97387707349844], [-1.942725632339716, 54.97567378159147], [-1.9421079135499895, 54.97531443997286], [-1.9421079135499895, 54.97459575673565], [-1.941490194760263, 54.97423641511705], [-1.936548444442451, 54.97423641511705], [-1.9359307256527245, 54.97387707349844], [-1.9359307256527245, 54.97028365731239], [-1.9346952880732715, 54.96956497407518], [-1.935313006862998, 54.96920563245658], [-1.936548444442451, 54.96920563245658], [-1.937783882021904, 54.96848694921937], [-1.94025475718081, 54.96848694921937], [-1.9408724759705365, 54.96812760760076], [-1.9408724759705365, 54.96740892436355], [-1.9421079135499895, 54.966690241126344], [-1.9421079135499895, 54.965252874651924], [-1.942725632339716, 54.96489353303332], [-1.945196507498622, 54.96489353303332], [-1.9458142262883484, 54.965252874651924]]], [[[-1.9223409122787416, 54.97172102378681], [-1.9223409122787416, 54.97315839026123], [-1.924194068647921, 54.97423641511705], [-1.925429506227374, 54.97351773187984], [-1.926664943806827, 54.97351773187984], [-1.9272826625965536, 54.97387707349844], [-1.9272826625965536, 54.97531443997286], [-1.92790038138628, 54.97567378159147], [-1.9285181001760066, 54.97603312321007], [-1.9285181001760066, 54.97675180644728], [-1.92790038138628, 54.97711114806589], [-1.926664943806827, 54.97711114806589], [-1.9260472250171006, 54.97747048968449], [-1.9260472250171006, 54.97890785615891], [-1.9248117874376476, 54.97962653939612], [-1.9248117874376476, 54.98106390587054], [-1.922958631068468, 54.98214193072636], [-1.921723193489015, 54.98214193072636], [-1.9192523183301091, 54.98357929720078], [-1.9180168807506561, 54.98357929720078], [-1.9155460055917501, 54.9850166636752], [-1.9143105680122972, 54.9850166636752], [-1.9130751304328442, 54.985735346912406], [-1.9118396928533912, 54.985735346912406], [-1.9106042552739382, 54.986454030149616], [-1.9081333801150322, 54.986454030149616], [-1.9068979425355792, 54.987172713386826], [-1.9044270673766732, 54.987172713386826], [-1.9038093485869467, 54.98753205500543], [-1.9038093485869467, 54.98825073824264], [-1.9031916297972202, 54.988610079861246], [-1.8957790043205023, 54.988610079861246], [-1.8951612855307758, 54.98825073824264], [-1.8951612855307758, 54.98609468853101], [-1.8945435667410493, 54.985735346912406], [-1.8933081291615963, 54.985735346912406], [-1.8908372540026903, 54.987172713386826], [-1.8871309412643313, 54.987172713386826], [-1.8865132224746048, 54.98681337176822], [-1.8865132224746048, 54.98609468853101], [-1.8852777848951519, 54.9853760052938], [-1.8852777848951519, 54.98465732205659], [-1.8858955036848783, 54.98429798043799], [-1.8871309412643313, 54.9850166636752], [-1.8883663788437843, 54.9850166636752], [-1.8889840976335108, 54.98465732205659], [-1.8889840976335108, 54.98393863881938], [-1.8902195352129638, 54.98321995558217], [-1.8902195352129638, 54.98250127234496], [-1.8896018164232373, 54.98214193072636], [-1.8883663788437843, 54.98214193072636], [-1.8877486600540578, 54.98178258910775], [-1.8877486600540578, 54.98106390587054], [-1.8883663788437843, 54.98070456425194], [-1.8896018164232373, 54.98142324748915], [-1.8902195352129638, 54.98106390587054], [-1.8902195352129638, 54.97962653939612], [-1.8889840976335108, 54.97890785615891], [-1.8889840976335108, 54.97747048968449], [-1.8896018164232373, 54.97711114806589], [-1.8908372540026903, 54.97711114806589], [-1.8920726915821433, 54.9778298313031], [-1.8933081291615963, 54.9778298313031], [-1.8939258479513228, 54.9781891729217], [-1.8939258479513228, 54.97890785615891], [-1.8945435667410493, 54.97926719777752], [-1.8970144418999553, 54.97926719777752], [-1.8982498794794083, 54.97854851454031], [-1.9001030358485878, 54.97962653939612], [-1.9001030358485878, 54.98106390587054], [-1.9007207546383142, 54.98142324748915], [-1.9019561922177672, 54.98142324748915], [-1.9031916297972202, 54.98070456425194], [-1.9056625049561262, 54.98070456425194], [-1.9062802237458527, 54.98034522263333], [-1.9062802237458527, 54.97962653939612], [-1.9044270673766732, 54.97854851454031], [-1.9007207546383142, 54.97854851454031], [-1.9001030358485878, 54.9781891729217], [-1.9001030358485878, 54.97675180644728], [-1.9013384734280407, 54.97603312321007], [-1.9013384734280407, 54.97531443997286], [-1.9019561922177672, 54.97495509835426], [-1.9031916297972202, 54.97495509835426], [-1.9044270673766732, 54.97567378159147], [-1.9056625049561262, 54.97495509835426], [-1.9106042552739382, 54.97495509835426], [-1.9118396928533912, 54.97567378159147], [-1.9130751304328442, 54.97567378159147], [-1.9149282868020236, 54.97459575673565], [-1.9149282868020236, 54.9710023405496], [-1.9155460055917501, 54.970642998931], [-1.9161637243814766, 54.9710023405496], [-1.9161637243814766, 54.97172102378681], [-1.9167814431712031, 54.97208036540542], [-1.9180168807506561, 54.97208036540542], [-1.9192523183301091, 54.97279904864263], [-1.921723193489015, 54.97136168216821], [-1.9223409122787416, 54.97172102378681]]], [[[-1.875394284259528, 54.963815508177504], [-1.8760120030492544, 54.9634561665589], [-1.8772474406287074, 54.96417484979611], [-1.8784828782081604, 54.96417484979611], [-1.8803360345773399, 54.965252874651924], [-1.8803360345773399, 54.965971557889134], [-1.879100596997887, 54.966690241126344], [-1.879100596997887, 54.96812760760076], [-1.876629721838981, 54.96956497407518], [-1.876629721838981, 54.97172102378681], [-1.877865159418434, 54.97243970702402], [-1.8760120030492544, 54.97351773187984], [-1.8747765654698014, 54.97351773187984], [-1.8735411278903484, 54.97423641511705], [-1.8723056903108954, 54.97351773187984], [-1.8698348151519895, 54.97495509835426], [-1.8673639399930835, 54.97495509835426], [-1.866746221203357, 54.97459575673565], [-1.866746221203357, 54.97315839026123], [-1.8661285024136305, 54.97279904864263], [-1.8648930648341775, 54.97351773187984], [-1.8611867520958185, 54.97351773187984], [-1.860569033306092, 54.97387707349844], [-1.860569033306092, 54.97459575673565], [-1.8599513145163655, 54.97495509835426], [-1.8587158769369125, 54.97495509835426], [-1.8574804393574595, 54.97423641511705], [-1.8562450017780066, 54.97423641511705], [-1.850685532670468, 54.9710023405496], [-1.8513032514601946, 54.970642998931], [-1.8525386890396476, 54.97136168216821], [-1.853156407829374, 54.9710023405496], [-1.853156407829374, 54.96884629083797], [-1.8525386890396476, 54.96848694921937], [-1.8513032514601946, 54.96848694921937], [-1.8500678138807416, 54.96920563245658], [-1.8488323763012886, 54.96920563245658], [-1.848214657511562, 54.96884629083797], [-1.848214657511562, 54.96812760760076], [-1.8500678138807416, 54.96704958274495], [-1.8513032514601946, 54.96776826598216], [-1.851920970249921, 54.96740892436355], [-1.851920970249921, 54.965971557889134], [-1.850685532670468, 54.965252874651924], [-1.850685532670468, 54.963815508177504], [-1.849450095091015, 54.963096824940294], [-1.849450095091015, 54.960940775228664], [-1.8500678138807416, 54.96058143361006], [-1.8513032514601946, 54.96058143361006], [-1.851920970249921, 54.960222091991454], [-1.851920970249921, 54.959503408754244], [-1.8525386890396476, 54.95914406713564], [-1.853156407829374, 54.959503408754244], [-1.853156407829374, 54.960222091991454], [-1.8537741266191006, 54.96058143361006], [-1.8562450017780066, 54.96058143361006], [-1.8574804393574595, 54.96130011684727], [-1.8587158769369125, 54.96058143361006], [-1.8599513145163655, 54.96130011684727], [-1.860569033306092, 54.960940775228664], [-1.860569033306092, 54.960222091991454], [-1.8611867520958185, 54.95986275037285], [-1.8624221896752715, 54.96058143361006], [-1.8648930648341775, 54.96058143361006], [-1.865510783623904, 54.960222091991454], [-1.865510783623904, 54.959503408754244], [-1.8661285024136305, 54.95914406713564], [-1.8698348151519895, 54.95914406713564], [-1.870452533941716, 54.958784725517035], [-1.870452533941716, 54.957347359042615], [-1.8710702527314425, 54.95698801742401], [-1.8735411278903484, 54.95698801742401], [-1.877865159418434, 54.959503408754244], [-1.876629721838981, 54.960222091991454], [-1.876629721838981, 54.961659458465874], [-1.8747765654698014, 54.96273748332169], [-1.8730778387980536, 54.963096824940294], [-1.8723056903108954, 54.9634561665589], [-1.8690626666648313, 54.965971557889134], [-1.8698348151519895, 54.96561221627053], [-1.8710702527314425, 54.96561221627053], [-1.8723056903108954, 54.96489353303332], [-1.8747765654698014, 54.96489353303332], [-1.875394284259528, 54.964534191414714], [-1.875394284259528, 54.963815508177504]]], [[[-1.8290653750300407, 54.95770670066122], [-1.8303008126094937, 54.95770670066122], [-1.8309185313992202, 54.958066042279825], [-1.8309185313992202, 54.958784725517035], [-1.8327716877683997, 54.95986275037285], [-1.8377134380862117, 54.95986275037285], [-1.8389488756656647, 54.96058143361006], [-1.8401843132451177, 54.96058143361006], [-1.8408020320348442, 54.960940775228664], [-1.8408020320348442, 54.961659458465874], [-1.8389488756656647, 54.96273748332169], [-1.8377134380862117, 54.96201880008448], [-1.8352425629273057, 54.96201880008448], [-1.8327716877683997, 54.96058143361006], [-1.8303008126094937, 54.96201880008448], [-1.8290653750300407, 54.96130011684727], [-1.8278299374505877, 54.96130011684727], [-1.8272122186608613, 54.960940775228664], [-1.8272122186608613, 54.960222091991454], [-1.8259767810814083, 54.959503408754244], [-1.8259767810814083, 54.958066042279825], [-1.8265944998711348, 54.95770670066122], [-1.8278299374505877, 54.95842538389843], [-1.8290653750300407, 54.95770670066122]]], [[[-1.8265944998711348, 54.87290207867045], [-1.8290653750300407, 54.87290207867045], [-1.8309185313992202, 54.873980103526264], [-1.8296830938197672, 54.874698786763474], [-1.8303008126094937, 54.87505812838208], [-1.8327716877683997, 54.87505812838208], [-1.8333894065581262, 54.875417470000684], [-1.8321539689786732, 54.876136153237894], [-1.8333894065581262, 54.876854836475104], [-1.8309185313992202, 54.878292202949524], [-1.8321539689786732, 54.879010886186734], [-1.8321539689786732, 54.879729569423944], [-1.8309185313992202, 54.880448252661154], [-1.8309185313992202, 54.881166935898364], [-1.8303008126094937, 54.88152627751697], [-1.8278299374505877, 54.88152627751697], [-1.8265944998711348, 54.88224496075418], [-1.8241236247122288, 54.88224496075418], [-1.8222704683430493, 54.88332298560999], [-1.8235059059225023, 54.8840416688472], [-1.8235059059225023, 54.88547903532162], [-1.8247413435019553, 54.88619771855883], [-1.8235059059225023, 54.88691640179604], [-1.8235059059225023, 54.88763508503325], [-1.8228881871327758, 54.88799442665186], [-1.8216527495533228, 54.88799442665186], [-1.8210350307635963, 54.88835376827046], [-1.8210350307635963, 54.88907245150767], [-1.8204173119738698, 54.88943179312628], [-1.8191818743944168, 54.88943179312628], [-1.8179464368149638, 54.88871310988907], [-1.8167109992355108, 54.88871310988907], [-1.8154755616560578, 54.88943179312628], [-1.8148578428663313, 54.88907245150767], [-1.8148578428663313, 54.88835376827046], [-1.8142401240766048, 54.88799442665186], [-1.8130046864971519, 54.88871310988907], [-1.8123869677074254, 54.88835376827046], [-1.8123869677074254, 54.88763508503325], [-1.8117692489176989, 54.88727574341465], [-1.8105338113382459, 54.88727574341465], [-1.8086806549690664, 54.88835376827046], [-1.8086806549690664, 54.88979113474488], [-1.8080629361793399, 54.89015047636349], [-1.806827498599887, 54.89015047636349], [-1.8062097798101604, 54.88979113474488], [-1.8062097798101604, 54.88907245150767], [-1.805592061020434, 54.88871310988907], [-1.804356623440981, 54.88871310988907], [-1.8025034670718014, 54.88763508503325], [-1.8025034670718014, 54.88691640179604], [-1.803121185861528, 54.88655706017744], [-1.804356623440981, 54.88655706017744], [-1.8049743422307074, 54.88619771855883], [-1.8049743422307074, 54.88547903532162], [-1.8037389046512544, 54.88476035208441], [-1.8037389046512544, 54.88260430237278], [-1.805592061020434, 54.88152627751697], [-1.806827498599887, 54.88152627751697], [-1.8080629361793399, 54.88080759427976], [-1.8105338113382459, 54.88080759427976], [-1.8167109992355108, 54.87721417809371], [-1.8191818743944168, 54.87721417809371], [-1.8204173119738698, 54.87793286133092], [-1.8210350307635963, 54.877573519712314], [-1.8210350307635963, 54.876854836475104], [-1.8222704683430493, 54.876136153237894], [-1.8222704683430493, 54.875417470000684], [-1.8210350307635963, 54.874698786763474], [-1.8210350307635963, 54.873980103526264], [-1.8197995931841433, 54.873261420289055], [-1.8197995931841433, 54.871824053814635], [-1.8154755616560578, 54.8693086624844], [-1.8142401240766048, 54.8693086624844], [-1.8136224052868783, 54.868949320865795], [-1.8136224052868783, 54.867511954391375], [-1.8117692489176989, 54.86643392953556], [-1.8105338113382459, 54.86715261277277], [-1.8099160925485194, 54.866793271154165], [-1.8099160925485194, 54.866074587916955], [-1.8086806549690664, 54.865355904679745], [-1.8086806549690664, 54.863199854968116], [-1.8062097798101604, 54.861762488493696], [-1.8062097798101604, 54.861043805256486], [-1.8037389046512544, 54.859606438782066], [-1.806827498599887, 54.85780973068904], [-1.8080629361793399, 54.85852841392625], [-1.8117692489176989, 54.85852841392625], [-1.8123869677074254, 54.858887755544856], [-1.8086806549690664, 54.861043805256486], [-1.8086806549690664, 54.861762488493696], [-1.8092983737587929, 54.8621218301123], [-1.8117692489176989, 54.8621218301123], [-1.8148578428663313, 54.863918538205326], [-1.8148578428663313, 54.864637221442536], [-1.8160932804457843, 54.865355904679745], [-1.8160932804457843, 54.866793271154165], [-1.8167109992355108, 54.86715261277277], [-1.8179464368149638, 54.86715261277277], [-1.8191818743944168, 54.86643392953556], [-1.8197995931841433, 54.866793271154165], [-1.8197995931841433, 54.867511954391375], [-1.8210350307635963, 54.868230637628585], [-1.8210350307635963, 54.870386687340215], [-1.8241236247122288, 54.87218339543324], [-1.8253590622916818, 54.87218339543324], [-1.8265944998711348, 54.87290207867045]]], [[[-1.7963262791745365, 54.89266586769372], [-1.796943997964263, 54.89302520931233], [-1.798179435543716, 54.89230652607512], [-1.7987971543334424, 54.89266586769372], [-1.7987971543334424, 54.89338455093093], [-1.8000325919128954, 54.89410323416814], [-1.8000325919128954, 54.89482191740535], [-1.800650310702622, 54.89518125902396], [-1.801885748282075, 54.89518125902396], [-1.8025034670718014, 54.89554060064256], [-1.8012680294923484, 54.89625928387977], [-1.8012680294923484, 54.89697796711698], [-1.801885748282075, 54.89733730873559], [-1.803121185861528, 54.89661862549838], [-1.8037389046512544, 54.89697796711698], [-1.8037389046512544, 54.90129006654024], [-1.8049743422307074, 54.90200874977745], [-1.8049743422307074, 54.90272743301466], [-1.804356623440981, 54.903086774633266], [-1.800650310702622, 54.903086774633266], [-1.8000325919128954, 54.90344611625187], [-1.8000325919128954, 54.90416479948908], [-1.8012680294923484, 54.90488348272629], [-1.800650310702622, 54.905242824344896], [-1.79570856038481, 54.905242824344896], [-1.794473122805357, 54.904524141107686], [-1.792002247646451, 54.904524141107686], [-1.789531372487545, 54.905961507582106], [-1.788295934908092, 54.905961507582106], [-1.787060497328639, 54.906680190819316], [-1.782118747010827, 54.906680190819316], [-1.7815010282211006, 54.90632084920071], [-1.7815010282211006, 54.9056021659635], [-1.780883309431374, 54.905242824344896], [-1.779647871851921, 54.905242824344896], [-1.778412434272468, 54.905961507582106], [-1.7765592779032886, 54.90488348272629], [-1.7765592779032886, 54.90416479948908], [-1.7777947154827416, 54.90344611625187], [-1.7777947154827416, 54.90200874977745], [-1.777176996693015, 54.901649408158846], [-1.7747061215341091, 54.901649408158846], [-1.7728529651649296, 54.90057138330303], [-1.7765592779032886, 54.8984153335914], [-1.7765592779032886, 54.89769665035419], [-1.777176996693015, 54.89733730873559], [-1.779647871851921, 54.89733730873559], [-1.782118747010827, 54.89589994226117], [-1.78335418459028, 54.89589994226117], [-1.7839719033800066, 54.89554060064256], [-1.7839719033800066, 54.89482191740535], [-1.785825059749186, 54.89374389254954], [-1.787060497328639, 54.89374389254954], [-1.7876782161183655, 54.89410323416814], [-1.7876782161183655, 54.89554060064256], [-1.789531372487545, 54.89661862549838], [-1.790766810066998, 54.89661862549838], [-1.7913845288567245, 54.89625928387977], [-1.7913845288567245, 54.89554060064256], [-1.7938554040156305, 54.89410323416814], [-1.7938554040156305, 54.89338455093093], [-1.7926199664361775, 54.89266586769372], [-1.794473122805357, 54.89158784283791], [-1.79570856038481, 54.89158784283791], [-1.7963262791745365, 54.89194718445651], [-1.7963262791745365, 54.89266586769372]]], [[[-1.6283067683689296, 54.81648544454947], [-1.6283067683689296, 54.81720412778668], [-1.6295422059483826, 54.81792281102389], [-1.6295422059483826, 54.82007886073552], [-1.6301599247381091, 54.820438202354126], [-1.631395362317562, 54.820438202354126], [-1.6320130811072886, 54.82079754397273], [-1.6320130811072886, 54.82151622720994], [-1.6301599247381091, 54.822594252065755], [-1.6295422059483826, 54.82223491044715], [-1.6295422059483826, 54.82151622720994], [-1.6289244871586561, 54.821156885591336], [-1.6276890495792031, 54.821156885591336], [-1.6270713307894766, 54.82079754397273], [-1.6270713307894766, 54.8186414942611], [-1.6264536119997501, 54.818282152642496], [-1.6252181744202971, 54.818282152642496], [-1.6239827368408442, 54.817563469405286], [-1.6202764241024852, 54.817563469405286], [-1.6196587053127587, 54.81720412778668], [-1.6196587053127587, 54.81361071160063], [-1.6184232677333057, 54.81289202836342], [-1.6184232677333057, 54.811454661889], [-1.6178055489435792, 54.8110953202704], [-1.6165701113641262, 54.81181400350761], [-1.6153346737846732, 54.8110953202704], [-1.6140992362052202, 54.8110953202704], [-1.6134815174154937, 54.81073597865179], [-1.6134815174154937, 54.81001729541458], [-1.6122460798360407, 54.80929861217737], [-1.6122460798360407, 54.80786124570295], [-1.6103929234668612, 54.80678322084714], [-1.6091574858874083, 54.80750190408435], [-1.6085397670976818, 54.80714256246574], [-1.6085397670976818, 54.80642387922853], [-1.6079220483079553, 54.80606453760993], [-1.6054511731490493, 54.80606453760993], [-1.6048334543593228, 54.80570519599132], [-1.6048334543593228, 54.80354914627969], [-1.6060688919387758, 54.80283046304248], [-1.6054511731490493, 54.80247112142388], [-1.6042157355695963, 54.80247112142388], [-1.6035980167798698, 54.80211177980527], [-1.6035980167798698, 54.80139309656806], [-1.6042157355695963, 54.80103375494946], [-1.6054511731490493, 54.80103375494946], [-1.6060688919387758, 54.80139309656806], [-1.6060688919387758, 54.80211177980527], [-1.6066866107285023, 54.80247112142388], [-1.6079220483079553, 54.80175243818667], [-1.6091574858874083, 54.80247112142388], [-1.6103929234668612, 54.80175243818667], [-1.6116283610463142, 54.80247112142388], [-1.6122460798360407, 54.80211177980527], [-1.6122460798360407, 54.80139309656806], [-1.6128637986257672, 54.80103375494946], [-1.6147169549949467, 54.80211177980527], [-1.6147169549949467, 54.80283046304248], [-1.6134815174154937, 54.80354914627969], [-1.6165701113641262, 54.80534585437272], [-1.6178055489435792, 54.80534585437272], [-1.6208941428922117, 54.80714256246574], [-1.6208941428922117, 54.811454661889], [-1.6221295804716647, 54.81217334512621], [-1.6208941428922117, 54.81289202836342], [-1.6208941428922117, 54.81361071160063], [-1.6215118616819382, 54.813970053219236], [-1.6227472992613912, 54.81325136998203], [-1.6283067683689296, 54.81648544454947]]], [[[-1.6023625792004168, 54.76617761794478], [-1.6023625792004168, 54.77048971736804], [-1.6035980167798698, 54.771208400605246], [-1.6029802979901433, 54.77156774222385], [-1.6005094228312373, 54.77156774222385], [-1.5998917040415108, 54.771927083842456], [-1.5998917040415108, 54.773364450316876], [-1.6011271416209638, 54.774083133554086], [-1.6011271416209638, 54.774801816791296], [-1.5998917040415108, 54.775520500028506], [-1.5998917040415108, 54.777676549740136], [-1.5992739852517843, 54.77803589135874], [-1.5968031100928783, 54.77803589135874], [-1.5961853913031518, 54.777676549740136], [-1.5961853913031518, 54.776957866502926], [-1.5955676725134254, 54.77659852488432], [-1.5937145161442459, 54.777676549740136], [-1.5937145161442459, 54.779113916214556], [-1.5955676725134254, 54.78019194107037], [-1.5968031100928783, 54.78019194107037], [-1.5974208288826048, 54.779832599451765], [-1.5974208288826048, 54.779113916214556], [-1.5980385476723313, 54.77875457459595], [-1.5998917040415108, 54.779832599451765], [-1.5998917040415108, 54.784144698875025], [-1.6011271416209638, 54.784863382112235], [-1.5998917040415108, 54.785582065349445], [-1.6011271416209638, 54.786300748586655], [-1.6011271416209638, 54.789175481535494], [-1.6017448604106903, 54.7895348231541], [-1.6029802979901433, 54.7895348231541], [-1.6035980167798698, 54.789175481535494], [-1.6035980167798698, 54.788456798298284], [-1.6054511731490493, 54.78737877344247], [-1.6079220483079553, 54.78737877344247], [-1.6085397670976818, 54.787738115061074], [-1.6085397670976818, 54.789894164772704], [-1.6073043295182288, 54.790612848009914], [-1.6073043295182288, 54.792050214484334], [-1.6085397670976818, 54.792768897721544], [-1.6085397670976818, 54.793487580958754], [-1.6097752046771348, 54.794206264195964], [-1.6085397670976818, 54.794924947433174], [-1.6085397670976818, 54.795643630670384], [-1.6079220483079553, 54.79600297228899], [-1.6066866107285023, 54.79600297228899], [-1.6054511731490493, 54.7967216555262], [-1.6029802979901433, 54.7967216555262], [-1.6017448604106903, 54.79600297228899], [-1.5992739852517843, 54.79600297228899], [-1.5986562664620578, 54.79636231390759], [-1.6011271416209638, 54.79779968038201], [-1.6005094228312373, 54.79815902200062], [-1.5992739852517843, 54.79815902200062], [-1.5974208288826048, 54.79923704685643], [-1.5974208288826048, 54.79995573009364], [-1.5961853913031518, 54.80067441333085], [-1.5961853913031518, 54.8042678295169], [-1.5955676725134254, 54.80462717113551], [-1.5943322349339724, 54.80462717113551], [-1.5937145161442459, 54.80498651275411], [-1.5937145161442459, 54.80570519599132], [-1.5918613597750664, 54.80678322084714], [-1.5906259221956134, 54.80678322084714], [-1.588772765826434, 54.80786124570295], [-1.5900082034058869, 54.80857992894016], [-1.5881550470367074, 54.80965795379598], [-1.5869196094572544, 54.80893927055877], [-1.5844487342983484, 54.80893927055877], [-1.583831015508622, 54.80857992894016], [-1.583831015508622, 54.80786124570295], [-1.585066453088075, 54.80714256246574], [-1.585066453088075, 54.80642387922853], [-1.5844487342983484, 54.80606453760993], [-1.5819778591394424, 54.80606453760993], [-1.580124702770263, 54.80498651275411], [-1.580124702770263, 54.8042678295169], [-1.5807424215599895, 54.8039084878983], [-1.581360140349716, 54.8042678295169], [-1.581360140349716, 54.80498651275411], [-1.5819778591394424, 54.80534585437272], [-1.582595577929169, 54.80498651275411], [-1.582595577929169, 54.80283046304248], [-1.5819778591394424, 54.80247112142388], [-1.5795069839805365, 54.80247112142388], [-1.5782715464010835, 54.80318980466109], [-1.5770361088216305, 54.80318980466109], [-1.576418390031904, 54.80354914627969], [-1.577653827611357, 54.8042678295169], [-1.5770361088216305, 54.80462717113551], [-1.5758006712421775, 54.80462717113551], [-1.5745652336627245, 54.8039084878983], [-1.5733297960832715, 54.8039084878983], [-1.5720943585038185, 54.80462717113551], [-1.5708589209243655, 54.80462717113551], [-1.570241202134639, 54.80498651275411], [-1.570241202134639, 54.80570519599132], [-1.5696234833449125, 54.80606453760993], [-1.5683880457654595, 54.80606453760993], [-1.5671526081860065, 54.80678322084714], [-1.5659171706065536, 54.80606453760993], [-1.5646817330271006, 54.80606453760993], [-1.561593139078468, 54.8042678295169], [-1.561593139078468, 54.80211177980527], [-1.560357701499015, 54.80139309656806], [-1.560357701499015, 54.80067441333085], [-1.561593139078468, 54.79995573009364], [-1.561593139078468, 54.79851836361922], [-1.560357701499015, 54.79779968038201], [-1.560357701499015, 54.7970809971448], [-1.561593139078468, 54.79636231390759], [-1.561593139078468, 54.795643630670384], [-1.5634462954476476, 54.79456560581457], [-1.5646817330271006, 54.79456560581457], [-1.5696234833449125, 54.79169087286573], [-1.5733297960832715, 54.79169087286573], [-1.5745652336627245, 54.79240955610294], [-1.5770361088216305, 54.79240955610294], [-1.5782715464010835, 54.79312823934015], [-1.5807424215599895, 54.79312823934015], [-1.581360140349716, 54.792768897721544], [-1.5807424215599895, 54.79240955610294], [-1.5795069839805365, 54.79240955610294], [-1.5782715464010835, 54.79169087286573], [-1.5770361088216305, 54.79169087286573], [-1.575182952452451, 54.790612848009914], [-1.575182952452451, 54.786300748586655], [-1.576418390031904, 54.785582065349445], [-1.576418390031904, 54.784863382112235], [-1.5758006712421775, 54.78450404049363], [-1.5733297960832715, 54.78450404049363], [-1.5720943585038185, 54.78522272373084], [-1.5708589209243655, 54.78522272373084], [-1.569005764555186, 54.784144698875025], [-1.569005764555186, 54.783426015637815], [-1.5683880457654595, 54.78306667401921], [-1.5659171706065536, 54.78306667401921], [-1.5646817330271006, 54.78378535725642], [-1.5634462954476476, 54.78306667401921], [-1.5585045451298356, 54.78306667401921], [-1.557886826340109, 54.783426015637815], [-1.557886826340109, 54.784863382112235], [-1.5572691075503826, 54.78522272373084], [-1.5547982323914766, 54.78522272373084], [-1.5535627948120236, 54.78594140696805], [-1.5529450760222971, 54.785582065349445], [-1.5529450760222971, 54.784863382112235], [-1.5541805136017501, 54.784144698875025], [-1.5535627948120236, 54.78378535725642], [-1.5510919196531177, 54.78378535725642], [-1.5498564820736647, 54.78306667401921], [-1.5486210444942117, 54.78306667401921], [-1.5473856069147587, 54.78378535725642], [-1.5467678881250322, 54.783426015637815], [-1.5467678881250322, 54.782707332400605], [-1.5461501693353057, 54.782347990782], [-1.5436792941763997, 54.78378535725642], [-1.5424438565969467, 54.78378535725642], [-1.5412084190174937, 54.78306667401921], [-1.5399729814380407, 54.78306667401921], [-1.5393552626483142, 54.783426015637815], [-1.5393552626483142, 54.784144698875025], [-1.5381198250688612, 54.784863382112235], [-1.5381198250688612, 54.785582065349445], [-1.5375021062791348, 54.78594140696805], [-1.5362666686996818, 54.78594140696805], [-1.5350312311202288, 54.78666009020526], [-1.5337957935407758, 54.78594140696805], [-1.5313249183818698, 54.78594140696805], [-1.5300894808024168, 54.78666009020526], [-1.5288540432229638, 54.78666009020526], [-1.5282363244332373, 54.786300748586655], [-1.5307071995921433, 54.784863382112235], [-1.5294717620126903, 54.784144698875025], [-1.5300894808024168, 54.78378535725642], [-1.5313249183818698, 54.78450404049363], [-1.5325603559613228, 54.78450404049363], [-1.5331780747510493, 54.784144698875025], [-1.5331780747510493, 54.782707332400605], [-1.5337957935407758, 54.782347990782], [-1.5350312311202288, 54.782347990782], [-1.5362666686996818, 54.78162930754479], [-1.5387375438585877, 54.78162930754479], [-1.5418261378072202, 54.779832599451765], [-1.5418261378072202, 54.779113916214556], [-1.5424438565969467, 54.77875457459595], [-1.5436792941763997, 54.77875457459595], [-1.5449147317558527, 54.77803589135874], [-1.5473856069147587, 54.77803589135874], [-1.5480033257044852, 54.777676549740136], [-1.5473856069147587, 54.77731720812153], [-1.5461501693353057, 54.77731720812153], [-1.5455324505455792, 54.776957866502926], [-1.5461501693353057, 54.77659852488432], [-1.5473856069147587, 54.77659852488432], [-1.5486210444942117, 54.77731720812153], [-1.5492387632839382, 54.776957866502926], [-1.5492387632839382, 54.775520500028506], [-1.5498564820736647, 54.7751611584099], [-1.5510919196531177, 54.77587984164711], [-1.5535627948120236, 54.77444247517269], [-1.5547982323914766, 54.77444247517269], [-1.5560336699709296, 54.77372379193548], [-1.5566513887606561, 54.774083133554086], [-1.5566513887606561, 54.774801816791296], [-1.5572691075503826, 54.7751611584099], [-1.5597399827092886, 54.7751611584099], [-1.560357701499015, 54.774801816791296], [-1.560357701499015, 54.774083133554086], [-1.5597399827092886, 54.77372379193548], [-1.5585045451298356, 54.77372379193548], [-1.557886826340109, 54.773364450316876], [-1.5585045451298356, 54.77300510869827], [-1.5597399827092886, 54.77300510869827], [-1.561593139078468, 54.771927083842456], [-1.561593139078468, 54.771208400605246], [-1.5646817330271006, 54.76941169251222], [-1.5659171706065536, 54.76941169251222], [-1.56653488939628, 54.76905235089362], [-1.56653488939628, 54.76833366765641], [-1.5659171706065536, 54.7679743260378], [-1.5646817330271006, 54.7679743260378], [-1.564064014237374, 54.7676149844192], [-1.565299451816827, 54.76689630118199], [-1.565299451816827, 54.76617761794478], [-1.5671526081860065, 54.76509959308896], [-1.5683880457654595, 54.76509959308896], [-1.5708589209243655, 54.76366222661454], [-1.5720943585038185, 54.76438090985175], [-1.5733297960832715, 54.76438090985175], [-1.573947514872998, 54.76402156823315], [-1.572712077293545, 54.76330288499594], [-1.573947514872998, 54.76258420175873], [-1.573947514872998, 54.76186551852152], [-1.5758006712421775, 54.7607874936657], [-1.5770361088216305, 54.7607874936657], [-1.577653827611357, 54.7604281520471], [-1.577653827611357, 54.75899078557268], [-1.5782715464010835, 54.75863144395407], [-1.5795069839805365, 54.75863144395407], [-1.5807424215599895, 54.75791276071686], [-1.5819778591394424, 54.75791276071686], [-1.5832132967188954, 54.75863144395407], [-1.585066453088075, 54.75755341909826], [-1.585066453088075, 54.75683473586105], [-1.5844487342983484, 54.75647539424244], [-1.5832132967188954, 54.75647539424244], [-1.582595577929169, 54.75611605262384], [-1.5844487342983484, 54.75503802776802], [-1.5869196094572544, 54.75503802776802], [-1.587537328246981, 54.75467868614942], [-1.5856841718778014, 54.7536006612936], [-1.5844487342983484, 54.75431934453081], [-1.583831015508622, 54.75396000291221], [-1.583831015508622, 54.753241319675], [-1.5844487342983484, 54.752881978056394], [-1.5856841718778014, 54.752881978056394], [-1.586301890667528, 54.75252263643779], [-1.586301890667528, 54.751540052186016], [-1.593802087257864, 54.75677958402906], [-1.5948004348370228, 54.757640397768235], [-1.5943322349339724, 54.75791276071686], [-1.5930967973545194, 54.75791276071686], [-1.5924790785647929, 54.75827210233547], [-1.5930967973545194, 54.75863144395407], [-1.5943322349339724, 54.75863144395407], [-1.5949499537236989, 54.75899078557268], [-1.5949499537236989, 54.75970946880989], [-1.5986562664620578, 54.76186551852152], [-1.5986562664620578, 54.76330288499594], [-1.5992739852517843, 54.76366222661454], [-1.6005094228312373, 54.76366222661454], [-1.6011271416209638, 54.76402156823315], [-1.6011271416209638, 54.76474025147036], [-1.6017448604106903, 54.76509959308896], [-1.6025712608996887, 54.764618856394094], [-1.6034421934705925, 54.765549580809164], [-1.6023625792004168, 54.76617761794478]]], [[[-1.7672934960573912, 55.082757583935745], [-1.7697643712162971, 55.082757583935745], [-1.7703820900060236, 55.08311692555435], [-1.7703820900060236, 55.08383560879156], [-1.7709998087957501, 55.084194950410165], [-1.7722352463752031, 55.084194950410165], [-1.7728529651649296, 55.08455429202877], [-1.7728529651649296, 55.0867103417404], [-1.7722352463752031, 55.087069683359005], [-1.7709998087957501, 55.087069683359005], [-1.7697643712162971, 55.086351000121795], [-1.7685289336368442, 55.086351000121795], [-1.7654403396882117, 55.08814770821482], [-1.7654403396882117, 55.08886639145203], [-1.7648226208984852, 55.089225733070634], [-1.7635871833190322, 55.089225733070634], [-1.7629694645293057, 55.08886639145203], [-1.7642049021087587, 55.08814770821482], [-1.7642049021087587, 55.08742902497761], [-1.7635871833190322, 55.087069683359005], [-1.7623517457395792, 55.087069683359005], [-1.7598808705806732, 55.088507049833424], [-1.7586454330012202, 55.088507049833424], [-1.7580277142114937, 55.08814770821482], [-1.7580277142114937, 55.08742902497761], [-1.7586454330012202, 55.087069683359005], [-1.7598808705806732, 55.087069683359005], [-1.7604985893703997, 55.0867103417404], [-1.7598808705806732, 55.086351000121795], [-1.7561745578423142, 55.086351000121795], [-1.7555568390525877, 55.08599165850319], [-1.7555568390525877, 55.08239824231714], [-1.7561745578423142, 55.082038900698535], [-1.7586454330012202, 55.082038900698535], [-1.7592631517909467, 55.08167955907993], [-1.7592631517909467, 55.08024219260551], [-1.7598808705806732, 55.079882850986905], [-1.7611163081601262, 55.079882850986905], [-1.7623517457395792, 55.079164167749695], [-1.7635871833190322, 55.079164167749695], [-1.7648226208984852, 55.079882850986905], [-1.7660580584779382, 55.079882850986905], [-1.7672934960573912, 55.079164167749695], [-1.7691466524265707, 55.08024219260551], [-1.7691466524265707, 55.08167955907993], [-1.7685289336368442, 55.082038900698535], [-1.7672934960573912, 55.082038900698535], [-1.7666757772676647, 55.08239824231714], [-1.7672934960573912, 55.082757583935745]]], [[[-1.7444379008375108, 55.09964664001018], [-1.7444379008375108, 55.09533454058692], [-1.7450556196272373, 55.094975198968314], [-1.7462910572066903, 55.094975198968314], [-1.7475264947861433, 55.094256515731104], [-1.7487619323655963, 55.094256515731104], [-1.7499973699450493, 55.094975198968314], [-1.7524682451039553, 55.094975198968314], [-1.7537036826834083, 55.09569388220552], [-1.7543214014731348, 55.09605322382413], [-1.7543214014731348, 55.09677190706134], [-1.7537036826834083, 55.09713124867994], [-1.7512328075245023, 55.09713124867994], [-1.7506150887347758, 55.09749059029855], [-1.7518505263142288, 55.09820927353576], [-1.7518505263142288, 55.09964664001018], [-1.7524682451039553, 55.10000598162878], [-1.7549391202628613, 55.10000598162878], [-1.7561745578423142, 55.10072466486599], [-1.7586454330012202, 55.10072466486599], [-1.7592631517909467, 55.1010840064846], [-1.7592631517909467, 55.10324005619623], [-1.7580277142114937, 55.10395873943344], [-1.7580277142114937, 55.10611478914507], [-1.7555568390525877, 55.10755215561949], [-1.7555568390525877, 55.1082708388567], [-1.7549391202628613, 55.1086301804753], [-1.7537036826834083, 55.10791149723809], [-1.7524682451039553, 55.10791149723809], [-1.7518505263142288, 55.1082708388567], [-1.7530859638936818, 55.10898952209391], [-1.7530859638936818, 55.10970820533112], [-1.7512328075245023, 55.11078623018693], [-1.7475264947861433, 55.11078623018693], [-1.7469087759964168, 55.11042688856833], [-1.7469087759964168, 55.10970820533112], [-1.7450556196272373, 55.1086301804753], [-1.7401138693094254, 55.1086301804753], [-1.7394961505196989, 55.1082708388567], [-1.7394961505196989, 55.10324005619623], [-1.7407315880991518, 55.10252137295902], [-1.7407315880991518, 55.10036532324739], [-1.7413493068888783, 55.10000598162878], [-1.7438201820477843, 55.10000598162878], [-1.7444379008375108, 55.09964664001018]]], [[[-1.6628990205936134, 55.10683347238228], [-1.6647521769627929, 55.10575544752646], [-1.6672230521216989, 55.10575544752646], [-1.6684584897011518, 55.10503676428925], [-1.6690762084908783, 55.10539610590786], [-1.6690762084908783, 55.10611478914507], [-1.6703116460703313, 55.10683347238228], [-1.6703116460703313, 55.10755215561949], [-1.6709293648600578, 55.10791149723809], [-1.6721648024395108, 55.10791149723809], [-1.6727825212292373, 55.1082708388567], [-1.6672230521216989, 55.11150491342414], [-1.6659876145422459, 55.11078623018693], [-1.6647521769627929, 55.11078623018693], [-1.6641344581730664, 55.11042688856833], [-1.6641344581730664, 55.10755215561949], [-1.6628990205936134, 55.10683347238228]]], [[[-1.5634462954476476, 55.13450277701486], [-1.5659171706065536, 55.13450277701486], [-1.56653488939628, 55.134143435396254], [-1.56653488939628, 55.133424752159044], [-1.5671526081860065, 55.13306541054044], [-1.5683880457654595, 55.13306541054044], [-1.569005764555186, 55.132706068921834], [-1.569005764555186, 55.131987385684624], [-1.571476639714092, 55.130550019210204], [-1.571476639714092, 55.129831335972995], [-1.5720943585038185, 55.12947199435439], [-1.572712077293545, 55.129831335972995], [-1.572712077293545, 55.131268702447414], [-1.5733297960832715, 55.13162804406602], [-1.5745652336627245, 55.13162804406602], [-1.575182952452451, 55.131268702447414], [-1.575182952452451, 55.129831335972995], [-1.5758006712421775, 55.12947199435439], [-1.5782715464010835, 55.12947199435439], [-1.57888926519081, 55.129112652735785], [-1.57888926519081, 55.128393969498575], [-1.5782715464010835, 55.12803462787997], [-1.5758006712421775, 55.12803462787997], [-1.5745652336627245, 55.12731594464276], [-1.5733297960832715, 55.12731594464276], [-1.5720943585038185, 55.12659726140555], [-1.5696234833449125, 55.12659726140555], [-1.569005764555186, 55.126237919786945], [-1.569005764555186, 55.123363186838105], [-1.567770326975733, 55.122644503600895], [-1.5683880457654595, 55.12228516198229], [-1.5696234833449125, 55.12228516198229], [-1.570241202134639, 55.121925820363685], [-1.570241202134639, 55.121207137126476], [-1.569005764555186, 55.120488453889266], [-1.571476639714092, 55.119051087414846], [-1.571476639714092, 55.118332404177636], [-1.570241202134639, 55.117613720940426], [-1.570241202134639, 55.115457671228796], [-1.5696234833449125, 55.11509832961019], [-1.5671526081860065, 55.11509832961019], [-1.5659171706065536, 55.1158170128474], [-1.5634462954476476, 55.1158170128474], [-1.562828576657921, 55.115457671228796], [-1.564064014237374, 55.114738987991586], [-1.564064014237374, 55.11330162151717], [-1.561593139078468, 55.11186425504275], [-1.561593139078468, 55.11114557180554], [-1.5622108578681946, 55.11078623018693], [-1.5634462954476476, 55.11078623018693], [-1.565299451816827, 55.10970820533112], [-1.565299451816827, 55.1082708388567], [-1.5646817330271006, 55.10791149723809], [-1.5634462954476476, 55.10791149723809], [-1.5609754202887416, 55.10934886371251], [-1.559122263919562, 55.1082708388567], [-1.559122263919562, 55.10539610590786], [-1.557886826340109, 55.10467742267065], [-1.557886826340109, 55.10395873943344], [-1.5560336699709296, 55.10288071457762], [-1.5547982323914766, 55.10288071457762], [-1.5541805136017501, 55.10252137295902], [-1.5541805136017501, 55.10180268972181], [-1.5535627948120236, 55.1014433481032], [-1.5523273572325706, 55.10216203134041], [-1.5510919196531177, 55.10216203134041], [-1.5504742008633912, 55.10180268972181], [-1.5510919196531177, 55.1014433481032], [-1.5523273572325706, 55.1014433481032], [-1.5529450760222971, 55.1010840064846], [-1.5529450760222971, 55.09964664001018], [-1.5541805136017501, 55.09892795677297], [-1.5541805136017501, 55.09820927353576], [-1.557886826340109, 55.09605322382413], [-1.557886826340109, 55.0938971741125], [-1.5566513887606561, 55.09317849087529], [-1.5566513887606561, 55.09245980763808], [-1.5585045451298356, 55.091381782782264], [-1.5597399827092886, 55.091381782782264], [-1.560357701499015, 55.09102244116366], [-1.560357701499015, 55.08958507468924], [-1.5609754202887416, 55.089225733070634], [-1.5634462954476476, 55.089225733070634], [-1.5646817330271006, 55.089944416307844], [-1.565299451816827, 55.08958507468924], [-1.565299451816827, 55.08886639145203], [-1.56653488939628, 55.08814770821482], [-1.56653488939628, 55.08742902497761], [-1.565299451816827, 55.0867103417404], [-1.565299451816827, 55.08527297526598], [-1.5634462954476476, 55.084194950410165], [-1.5622108578681946, 55.084194950410165], [-1.561593139078468, 55.08455429202877], [-1.561593139078468, 55.08599165850319], [-1.562828576657921, 55.0867103417404], [-1.562828576657921, 55.08814770821482], [-1.5622108578681946, 55.088507049833424], [-1.5597399827092886, 55.087069683359005], [-1.5572691075503826, 55.087069683359005], [-1.5566513887606561, 55.0867103417404], [-1.5566513887606561, 55.08599165850319], [-1.5560336699709296, 55.085632316884585], [-1.5547982323914766, 55.085632316884585], [-1.5541805136017501, 55.08599165850319], [-1.5541805136017501, 55.0867103417404], [-1.5535627948120236, 55.087069683359005], [-1.5510919196531177, 55.085632316884585], [-1.5498564820736647, 55.085632316884585], [-1.5492387632839382, 55.08599165850319], [-1.5492387632839382, 55.0867103417404], [-1.5486210444942117, 55.087069683359005], [-1.5473856069147587, 55.087069683359005], [-1.5461501693353057, 55.086351000121795], [-1.5449147317558527, 55.086351000121795], [-1.5436792941763997, 55.087069683359005], [-1.5424438565969467, 55.087069683359005], [-1.5418261378072202, 55.0867103417404], [-1.5418261378072202, 55.08599165850319], [-1.5412084190174937, 55.085632316884585], [-1.5387375438585877, 55.087069683359005], [-1.5362666686996818, 55.087069683359005], [-1.5356489499099553, 55.0867103417404], [-1.5356489499099553, 55.08599165850319], [-1.5344135123305023, 55.08527297526598], [-1.5344135123305023, 55.08455429202877], [-1.5337957935407758, 55.084194950410165], [-1.5325603559613228, 55.084194950410165], [-1.5307071995921433, 55.08527297526598], [-1.5307071995921433, 55.08599165850319], [-1.5300894808024168, 55.086351000121795], [-1.5276186056435108, 55.086351000121795], [-1.5232945741154253, 55.08886639145203], [-1.5232945741154253, 55.09102244116366], [-1.5214414177462459, 55.092100466019474], [-1.5202059801667929, 55.092100466019474], [-1.5189705425873399, 55.092819149256684], [-1.516499667428434, 55.092819149256684], [-1.5146465110592544, 55.09174112440087], [-1.5146465110592544, 55.09030375792645], [-1.514028792269528, 55.089944416307844], [-1.511557917110622, 55.089944416307844], [-1.510322479531169, 55.090663099545054], [-1.509087041951716, 55.090663099545054], [-1.507851604372263, 55.089944416307844], [-1.50661616679281, 55.089944416307844], [-1.505380729213357, 55.090663099545054], [-1.504145291633904, 55.090663099545054], [-1.502909854054451, 55.089944416307844], [-1.501674416474998, 55.089944416307844], [-1.4985858225263655, 55.09174112440087], [-1.4985858225263655, 55.09461585734971], [-1.4973503849469125, 55.09533454058692], [-1.4985858225263655, 55.09605322382413], [-1.4985858225263655, 55.09964664001018], [-1.500438978895545, 55.10072466486599], [-1.501674416474998, 55.10072466486599], [-1.502909854054451, 55.10000598162878], [-1.504145291633904, 55.10000598162878], [-1.5047630104236305, 55.10036532324739], [-1.5047630104236305, 55.10180268972181], [-1.5059984480030835, 55.10252137295902], [-1.5059984480030835, 55.10467742267065], [-1.505380729213357, 55.10503676428925], [-1.504145291633904, 55.10503676428925], [-1.5035275728441775, 55.10539610590786], [-1.5035275728441775, 55.10611478914507], [-1.5047630104236305, 55.10683347238228], [-1.5047630104236305, 55.1082708388567], [-1.505380729213357, 55.1086301804753], [-1.5072338855825365, 55.10755215561949], [-1.5059984480030835, 55.10683347238228], [-1.5059984480030835, 55.10611478914507], [-1.5072338855825365, 55.10539610590786], [-1.5072338855825365, 55.10467742267065], [-1.507851604372263, 55.10431808105204], [-1.510322479531169, 55.10431808105204], [-1.5109401983208954, 55.10467742267065], [-1.5109401983208954, 55.10539610590786], [-1.511557917110622, 55.10575544752646], [-1.512793354690075, 55.10575544752646], [-1.516499667428434, 55.10359939781483], [-1.5189705425873399, 55.10359939781483], [-1.5195882613770664, 55.10324005619623], [-1.5189705425873399, 55.10288071457762], [-1.5177351050078869, 55.10288071457762], [-1.5171173862181604, 55.10252137295902], [-1.5183528237976134, 55.10180268972181], [-1.5183528237976134, 55.1010840064846], [-1.5202059801667929, 55.10000598162878], [-1.5214414177462459, 55.10000598162878], [-1.5226768553256989, 55.09928729839157], [-1.5239122929051518, 55.09928729839157], [-1.5251477304846048, 55.09856861515436], [-1.5263831680640578, 55.09856861515436], [-1.5276186056435108, 55.09928729839157], [-1.5288540432229638, 55.09928729839157], [-1.5294717620126903, 55.09892795677297], [-1.5294717620126903, 55.09749059029855], [-1.5300894808024168, 55.09713124867994], [-1.5313249183818698, 55.09713124867994], [-1.5319426371715963, 55.09749059029855], [-1.5319426371715963, 55.09820927353576], [-1.5307071995921433, 55.09892795677297], [-1.5313249183818698, 55.09928729839157], [-1.5350312311202288, 55.09928729839157], [-1.5356489499099553, 55.09964664001018], [-1.5356489499099553, 55.10036532324739], [-1.5344135123305023, 55.1010840064846], [-1.5344135123305023, 55.10324005619623], [-1.5356489499099553, 55.10395873943344], [-1.5350312311202288, 55.10431808105204], [-1.5337957935407758, 55.10431808105204], [-1.5319426371715963, 55.10539610590786], [-1.5319426371715963, 55.10611478914507], [-1.5331780747510493, 55.10683347238228], [-1.5319426371715963, 55.10755215561949], [-1.5319426371715963, 55.1082708388567], [-1.5300894808024168, 55.10934886371251], [-1.5288540432229638, 55.10934886371251], [-1.5282363244332373, 55.10898952209391], [-1.5282363244332373, 55.1082708388567], [-1.5270008868537843, 55.10755215561949], [-1.5270008868537843, 55.10683347238228], [-1.5251477304846048, 55.10575544752646], [-1.5202059801667929, 55.10575544752646], [-1.5195882613770664, 55.10611478914507], [-1.5195882613770664, 55.10683347238228], [-1.5189705425873399, 55.10719281400088], [-1.5177351050078869, 55.10647413076367], [-1.516499667428434, 55.10719281400088], [-1.515264229848981, 55.10647413076367], [-1.510322479531169, 55.10647413076367], [-1.5097047607414424, 55.10683347238228], [-1.5097047607414424, 55.10970820533112], [-1.5084693231619895, 55.11042688856833], [-1.5084693231619895, 55.11114557180554], [-1.510322479531169, 55.11222359666135], [-1.511557917110622, 55.11222359666135], [-1.512793354690075, 55.11294227989856], [-1.514028792269528, 55.11222359666135], [-1.516499667428434, 55.11222359666135], [-1.5189705425873399, 55.11078623018693], [-1.5195882613770664, 55.11114557180554], [-1.5195882613770664, 55.11186425504275], [-1.5189705425873399, 55.11222359666135], [-1.5177351050078869, 55.11222359666135], [-1.5146465110592544, 55.114020304754376], [-1.5146465110592544, 55.115457671228796], [-1.5158819486387074, 55.116176354466006], [-1.5158819486387074, 55.116895037703216], [-1.5171173862181604, 55.117613720940426], [-1.5171173862181604, 55.118332404177636], [-1.5183528237976134, 55.119051087414846], [-1.5171173862181604, 55.119769770652056], [-1.5189705425873399, 55.12084779550787], [-1.5202059801667929, 55.12012911227066], [-1.5208236989565194, 55.120488453889266], [-1.5195882613770664, 55.121207137126476], [-1.5208236989565194, 55.121925820363685], [-1.5195882613770664, 55.122644503600895], [-1.5195882613770664, 55.124800553312525], [-1.5208236989565194, 55.125519236549735], [-1.5208236989565194, 55.127675286261365], [-1.5202059801667929, 55.12803462787997], [-1.5177351050078869, 55.12803462787997], [-1.516499667428434, 55.12731594464276], [-1.515264229848981, 55.12731594464276], [-1.514028792269528, 55.12803462787997], [-1.511557917110622, 55.12803462787997], [-1.510322479531169, 55.12875331111718], [-1.50661616679281, 55.12875331111718], [-1.5047630104236305, 55.127675286261365], [-1.5059984480030835, 55.126956603024155], [-1.5059984480030835, 55.126237919786945], [-1.50661616679281, 55.12587857816834], [-1.509087041951716, 55.12587857816834], [-1.5097047607414424, 55.125519236549735], [-1.5097047607414424, 55.124800553312525], [-1.5109401983208954, 55.124081870075315], [-1.510322479531169, 55.12372252845671], [-1.509087041951716, 55.12372252845671], [-1.5084693231619895, 55.123363186838105], [-1.5084693231619895, 55.122644503600895], [-1.5072338855825365, 55.121925820363685], [-1.5072338855825365, 55.120488453889266], [-1.5059984480030835, 55.119769770652056], [-1.5059984480030835, 55.118332404177636], [-1.505380729213357, 55.11797306255903], [-1.504145291633904, 55.11869174579624], [-1.502909854054451, 55.11797306255903], [-1.501674416474998, 55.11797306255903], [-1.4998212601058185, 55.116895037703216], [-1.5010566976852715, 55.116176354466006], [-1.5010566976852715, 55.115457671228796], [-1.4998212601058185, 55.114738987991586], [-1.498431392828934, 55.11330162151717], [-1.497195955249481, 55.1082708388567], [-1.495960517670028, 55.10611478914507], [-1.495497228577733, 55.103689233219484], [-1.4948795097880065, 55.10324005619623], [-1.493489642511122, 55.10180268972181], [-1.489783329772763, 55.09749059029855], [-1.48854789219331, 55.09533454058692], [-1.483606141875498, 55.09102244116366], [-1.478664391557686, 55.08742902497761], [-1.4720239145681262, 55.085722152289236], [-1.470016328501515, 55.08455429202877], [-1.4646112890914083, 55.07997268639156], [-1.4638391406042501, 55.0795235093683], [-1.4626037030247971, 55.07593009318225], [-1.4588973902864382, 55.07305536023341], [-1.4576619527069852, 55.07161799375899], [-1.4522569132968783, 55.06991112107062], [-1.4514847648097202, 55.06946194404736], [-1.4514847648097202, 55.06658721109852], [-1.4522569132968783, 55.066138034075266], [-1.4539556399686262, 55.06155642843805], [-1.4514847648097202, 55.05724432901479], [-1.4502493272302672, 55.05365091282874], [-1.4490138896508142, 55.052213546354324], [-1.4453075769124553, 55.048620130168274], [-1.4440721393330023, 55.047182763693854], [-1.4337253496050835, 55.04188247481943], [-1.4317177635384724, 55.040714614558965], [-1.4292468883795664, 55.037839881610125], [-1.4292468883795664, 55.037121198372915], [-1.4304823259590194, 55.035683831898496], [-1.4300190368667245, 55.03397695921012], [-1.4292468883795664, 55.033527782186866], [-1.4280114508001134, 55.028496999526396], [-1.4267760132206604, 55.02705963305198], [-1.4230697004823014, 55.02346621686593], [-1.4213709738105536, 55.02319671065197], [-1.4201355362311006, 55.02319671065197], [-1.4193633877439424, 55.02274753362872], [-1.4164292234927416, 55.018884611228714], [-1.4156570750055835, 55.01843543420546], [-1.4156570750055835, 55.01484201801941], [-1.4164292234927416, 55.01439284099615], [-1.4213709738105536, 55.01367415775894], [-1.4263127241283655, 55.01367415775894], [-1.4317177635384724, 55.00981123535894], [-1.4337253496050835, 55.00864337509847], [-1.4374316623434424, 55.00792469186126], [-1.4399025375023484, 55.00720600862405], [-1.4428367017535493, 55.00549913593568], [-1.4440721393330023, 55.00406176946126], [-1.4453075769124553, 54.99903098680079], [-1.4465430144919083, 54.99759362032637], [-1.4465430144919083, 54.99615625385195], [-1.4477784520713612, 54.99400020414032], [-1.4502493272302672, 54.99184415442869], [-1.4510214757174253, 54.991484812810086], [-1.4516391945071518, 54.99040678795427], [-1.4522569132968783, 54.989957610931015], [-1.4534923508763313, 54.989957610931015], [-1.4541100696660578, 54.99040678795427], [-1.4553455072455108, 54.99112547119148], [-1.4553455072455108, 54.99184415442869], [-1.4571986636146903, 54.992922179284506], [-1.4578163824044168, 54.9925628376659], [-1.4578163824044168, 54.99112547119148], [-1.4565809448249638, 54.99040678795427], [-1.4571986636146903, 54.990047446335666], [-1.4584341011941433, 54.990766129572876], [-1.4590518199838698, 54.98896942147985], [-1.4596695387735963, 54.988520244456595], [-1.4633758515119553, 54.988520244456595], [-1.4646112890914083, 54.989238927693805], [-1.4652290078811347, 54.98968810471706], [-1.4652290078811347, 54.9925628376659], [-1.4664644454605877, 54.99328152090311], [-1.4664644454605877, 54.99400020414032], [-1.4683176018297672, 54.995078228996135], [-1.4689353206194937, 54.99471888737753], [-1.4689353206194937, 54.9925628376659], [-1.4695530394092202, 54.992203496047296], [-1.4707884769886732, 54.992203496047296], [-1.4714061957783997, 54.98968810471706], [-1.4720239145681262, 54.989238927693805], [-1.4819074152037501, 54.987801561219385], [-1.488084603101015, 54.987801561219385], [-1.502909854054451, 54.988520244456595], [-1.505380729213357, 54.988520244456595], [-1.507851604372263, 54.987801561219385], [-1.510322479531169, 54.987801561219385], [-1.5214414177462459, 54.987082877982175], [-1.5288540432229638, 54.984926828270545], [-1.5305527698947117, 54.98393863881938], [-1.5330236450536177, 54.98106390587054], [-1.5342590826330706, 54.9781891729217], [-1.5354945202125236, 54.97172102378681], [-1.5362666686996818, 54.97136168216821], [-1.5354945202125236, 54.97028365731239], [-1.5354945202125236, 54.96740892436355], [-1.5367299577919766, 54.965252874651924], [-1.5379653953714296, 54.963815508177504], [-1.5387375438585877, 54.96336633115425], [-1.5510919196531177, 54.9597729149682], [-1.5547982323914766, 54.9597729149682], [-1.5609754202887416, 54.96264764791704], [-1.5634462954476476, 54.9634561665589], [-1.5642184439348057, 54.963815508177504], [-1.5683880457654595, 54.96480369762867], [-1.5746681690216064, 54.964805603027344], [-1.5720943585038185, 54.96426468520076], [-1.5696234833449125, 54.96426468520076], [-1.5671526081860065, 54.96354600196355], [-1.56653488939628, 54.963096824940294], [-1.56653488939628, 54.962378141703084], [-1.565299451816827, 54.961659458465874], [-1.56653488939628, 54.960940775228664], [-1.564064014237374, 54.959503408754244], [-1.564064014237374, 54.958784725517035], [-1.5634462954476476, 54.95842538389843], [-1.5609754202887416, 54.95842538389843], [-1.560357701499015, 54.958784725517035], [-1.560357701499015, 54.959503408754244], [-1.561593139078468, 54.960222091991454], [-1.561593139078468, 54.960940775228664], [-1.5609754202887416, 54.96138995225192], [-1.5535627948120236, 54.95851521930308], [-1.5486210444942117, 54.9599525857775], [-1.5412084190174937, 54.96067126901471], [-1.5375021062791348, 54.96138995225192], [-1.534567942027934, 54.963815508177504], [-1.5337957935407758, 54.96417484979611], [-1.5325603559613228, 54.96489353303332], [-1.5319426371715963, 54.964534191414714], [-1.5319426371715963, 54.963815508177504], [-1.5313249183818698, 54.9634561665589], [-1.5307071995921433, 54.963815508177504], [-1.533332504448481, 54.966690241126344], [-1.533332504448481, 54.9710023405496], [-1.5325603559613228, 54.97136168216821], [-1.5319426371715963, 54.97172102378681], [-1.533332504448481, 54.97459575673565], [-1.530861629289575, 54.98034522263333], [-1.529626191710122, 54.98178258910775], [-1.5276186056435108, 54.98295044936822], [-1.5263831680640578, 54.98295044936822], [-1.5257654492743313, 54.98250127234496], [-1.5251477304846048, 54.98214193072636], [-1.5239122929051518, 54.98214193072636], [-1.5232945741154253, 54.98250127234496], [-1.5245300116948783, 54.98321995558217], [-1.523449003812857, 54.98465732205659], [-1.5226768553256989, 54.98510649907985], [-1.5202059801667929, 54.98582518231706], [-1.512793354690075, 54.98654386555427], [-1.511557917110622, 54.98654386555427], [-1.504145291633904, 54.986454030149616], [-1.502909854054451, 54.98654386555427], [-1.4732593521475792, 54.98654386555427], [-1.4715606254758313, 54.98609468853101], [-1.4707884769886732, 54.986454030149616], [-1.4695530394092202, 54.98654386555427], [-1.4646112890914083, 54.98510649907985], [-1.4609049763530493, 54.98510649907985], [-1.4584341011941433, 54.98582518231706], [-1.4571986636146903, 54.98582518231706], [-1.4559632260352373, 54.985735346912406], [-1.4534923508763313, 54.986454030149616], [-1.4522569132968783, 54.98654386555427], [-1.4493227490456775, 54.98753205500543], [-1.4485506005585194, 54.987891396624036], [-1.4473151629790664, 54.987891396624036], [-1.4479328817687929, 54.98896942147985], [-1.4473151629790664, 54.98941859850311], [-1.4468518738867715, 54.99040678795427], [-1.4456164363073185, 54.9925628376659], [-1.4448442878201604, 54.99301201468916], [-1.4406746859895065, 54.999749670038], [-1.4406746859895065, 55.00334308622405], [-1.4361962247639894, 55.005948312958935], [-1.4324899120256305, 55.006666996196145], [-1.431872193235904, 55.00621781917289], [-1.4312544744461775, 55.005858477554284], [-1.430636755656451, 55.00621781917289], [-1.430636755656451, 55.0069365024101], [-1.4300190368667245, 55.007295844028704], [-1.4263127241283655, 55.007295844028704], [-1.4255405756412074, 55.0069365024101], [-1.4230697004823014, 55.00549913593568], [-1.4147304968209937, 55.00549913593568], [-1.4139583483338356, 55.005858477554284], [-1.413340629544109, 55.00549913593568], [-1.4139583483338356, 55.00504995891242], [-1.4131861998466775, 55.00334308622405], [-1.4119507622672245, 55.00118703651242], [-1.4107153246877715, 54.999749670038], [-1.4070090119494125, 54.99615625385195], [-1.4016039725393057, 54.99373069792637], [-1.4008318240521476, 54.99328152090311], [-1.3966622222214937, 54.99157464821474], [-1.3941913470625877, 54.99085596497753], [-1.3935736282728612, 54.99040678795427], [-1.3935736282728612, 54.98825073824264], [-1.3923381906934083, 54.98753205500543], [-1.3935736282728612, 54.98681337176822], [-1.3935736282728612, 54.98465732205659], [-1.3929559094831347, 54.98429798043799], [-1.3917204719036818, 54.98429798043799], [-1.3904850343242288, 54.9850166636752], [-1.3880141591653228, 54.98357929720078], [-1.3873964403755963, 54.98393863881938], [-1.3873964403755963, 54.98465732205659], [-1.3867787215858698, 54.9850166636752], [-1.3861610027961433, 54.98465732205659], [-1.3861610027961433, 54.98393863881938], [-1.3873964403755963, 54.98321995558217], [-1.3855432840064168, 54.98214193072636], [-1.3843078464269638, 54.98214193072636], [-1.3836901276372373, 54.98178258910775], [-1.3836901276372373, 54.98106390587054], [-1.3818369712680578, 54.98070456425194], [-1.3810648227808997, 54.98034522263333], [-1.3748876348836347, 54.97675180644728], [-1.3744243457913399, 54.97576361699612], [-1.3738066270016134, 54.97531443997286], [-1.3738066270016134, 54.97459575673565], [-1.3750420645810664, 54.97387707349844], [-1.3750420645810664, 54.97315839026123], [-1.371953470632434, 54.97136168216821], [-1.370718033052981, 54.97208036540542], [-1.369482595473528, 54.97208036540542], [-1.3688648766838014, 54.97243970702402], [-1.3688648766838014, 54.97315839026123], [-1.368247157894075, 54.97351773187984], [-1.3674750094069168, 54.97315839026123], [-1.367011720314622, 54.97288888404728], [-1.364540845155716, 54.97279904864263], [-1.3637686966685578, 54.97243970702402], [-1.36206996999681, 54.97217020081007], [-1.3600623839301988, 54.9710023405496], [-1.3600623839301988, 54.96884629083797], [-1.3575915087712929, 54.966690241126344], [-1.357128219678998, 54.96570205167518], [-1.3565105008892715, 54.965252874651924], [-1.3563560711918399, 54.964534191414714], [-1.3551206336123869, 54.962378141703084], [-1.353885196032934, 54.958066042279825], [-1.353885196032934, 54.956628675805405], [-1.354657344520092, 54.9562693341868], [-1.3552750633098185, 54.954472626093775], [-1.355892782099545, 54.95402344907052], [-1.3563560711918399, 54.949441843433306], [-1.3600623839301988, 54.946567110484466], [-1.3637686966685578, 54.94225501106121], [-1.3662395718274638, 54.93866159487516], [-1.3662395718274638, 54.93219344574027], [-1.3650041342480108, 54.93075607926585], [-1.3650041342480108, 54.93003739602864], [-1.3662395718274638, 54.92788134631701], [-1.3650041342480108, 54.92500661336817], [-1.3625332590891048, 54.92213188041933], [-1.3625332590891048, 54.91781978099607], [-1.363305407576263, 54.91737060397281], [-1.365776282735169, 54.91808928721002], [-1.366548431222327, 54.91853846423328], [-1.3674750094069168, 54.91781978099607], [-1.3674750094069168, 54.91710109775886], [-1.3687104469863698, 54.91350768157281], [-1.3700231313705444, 54.91236114501953], [-1.367011720314622, 54.913238175358856], [-1.365776282735169, 54.913238175358856], [-1.364540845155716, 54.913148339954205], [-1.363305407576263, 54.913148339954205], [-1.3626876887865365, 54.91350768157281], [-1.3626876887865365, 54.91422636481002], [-1.36206996999681, 54.914585706428625], [-1.359599094837904, 54.914675541833276], [-1.3575915087712929, 54.91350768157281], [-1.3575915087712929, 54.91135163186118], [-1.3577459384687245, 54.91063294862397], [-1.3577459384687245, 54.90919558214955], [-1.358363657258451, 54.908836240530945], [-1.359599094837904, 54.908836240530945], [-1.3602168136276305, 54.90847689891234], [-1.3602168136276305, 54.90775821567513], [-1.3589813760481775, 54.90703953243792], [-1.3589813760481775, 54.90488348272629], [-1.3602168136276305, 54.90416479948908], [-1.3589813760481775, 54.90200874977745], [-1.3588269463507459, 54.90129006654024], [-1.359599094837904, 54.900840889516985], [-1.36206996999681, 54.89958319385187], [-1.3614522512070835, 54.89913401682861], [-1.3626876887865365, 54.8984153335914], [-1.3626876887865365, 54.89482191740535], [-1.359599094837904, 54.89446257578675], [-1.3588269463507459, 54.89410323416814], [-1.359599094837904, 54.893654057144886], [-1.3600623839301988, 54.89266586769372], [-1.3588269463507459, 54.88907245150767], [-1.3588269463507459, 54.88835376827046], [-1.358363657258451, 54.88664689558209], [-1.3577459384687245, 54.88619771855883], [-1.3563560711918399, 54.88332298560999], [-1.353885196032934, 54.880448252661154], [-1.353885196032934, 54.873980103526264], [-1.352649758453481, 54.871824053814635], [-1.352649758453481, 54.870386687340215], [-1.3528041881509125, 54.869668004103005], [-1.3515687505714595, 54.868949320865795], [-1.352186469361186, 54.86858997924719], [-1.353421906940639, 54.86858997924719], [-1.354657344520092, 54.86787129600998], [-1.355892782099545, 54.86787129600998], [-1.3565105008892715, 54.867511954391375], [-1.3552750633098185, 54.866793271154165], [-1.3552750633098185, 54.864637221442536], [-1.355892782099545, 54.86427787982393], [-1.360834532417357, 54.86427787982393], [-1.3614522512070835, 54.863918538205326], [-1.3614522512070835, 54.862481171730906], [-1.3626876887865365, 54.861762488493696], [-1.3626876887865365, 54.858887755544856], [-1.363305407576263, 54.85852841392625], [-1.364540845155716, 54.85852841392625], [-1.365776282735169, 54.85924709716346], [-1.3663940015248954, 54.858887755544856], [-1.3663940015248954, 54.858169072307646], [-1.367011720314622, 54.85780973068904], [-1.3688648766838014, 54.858887755544856], [-1.3676294391043484, 54.859606438782066], [-1.3676294391043484, 54.861043805256486], [-1.368247157894075, 54.86140314687509], [-1.369482595473528, 54.86140314687509], [-1.3701003142632544, 54.861043805256486], [-1.3701003142632544, 54.860325122019276], [-1.370718033052981, 54.85996578040067], [-1.371953470632434, 54.85996578040067], [-1.3725711894221604, 54.860325122019276], [-1.3713357518427074, 54.861043805256486], [-1.3713357518427074, 54.862481171730906], [-1.371953470632434, 54.86284051334951], [-1.3731889082118869, 54.8621218301123], [-1.3750420645810664, 54.863199854968116], [-1.3738066270016134, 54.863918538205326], [-1.3738066270016134, 54.865355904679745], [-1.3725711894221604, 54.866074587916955], [-1.3738066270016134, 54.866793271154165], [-1.3738066270016134, 54.867511954391375], [-1.3713357518427074, 54.868949320865795], [-1.3713357518427074, 54.869668004103005], [-1.3738066270016134, 54.871105370577425], [-1.3738066270016134, 54.873261420289055], [-1.3744243457913399, 54.87362076190766], [-1.3756597833707929, 54.87362076190766], [-1.3775129397399724, 54.874698786763474], [-1.3775129397399724, 54.875417470000684], [-1.3787483773194253, 54.876136153237894], [-1.3787483773194253, 54.876854836475104], [-1.3793660961091518, 54.87721417809371], [-1.3806015336886048, 54.87721417809371], [-1.3812192524783313, 54.877573519712314], [-1.3799838148988783, 54.878292202949524], [-1.3799838148988783, 54.879010886186734], [-1.3818369712680578, 54.88008891104255], [-1.3824546900577843, 54.879729569423944], [-1.3824546900577843, 54.879010886186734], [-1.3830724088475108, 54.87865154456813], [-1.3843078464269638, 54.87937022780534], [-1.3855432840064168, 54.87937022780534], [-1.3861610027961433, 54.879729569423944], [-1.3861610027961433, 54.880448252661154], [-1.3873964403755963, 54.881166935898364], [-1.3873964403755963, 54.88188561913557], [-1.3892495967447758, 54.88296364399139], [-1.3898673155345023, 54.88260430237278], [-1.3898673155345023, 54.881166935898364], [-1.3911027531139553, 54.880448252661154], [-1.3898673155345023, 54.879729569423944], [-1.3898673155345023, 54.878292202949524], [-1.3904850343242288, 54.87793286133092], [-1.3917204719036818, 54.87793286133092], [-1.3923381906934083, 54.877573519712314], [-1.3923381906934083, 54.876854836475104], [-1.3898673155345023, 54.875417470000684], [-1.3898673155345023, 54.873980103526264], [-1.3904850343242288, 54.87362076190766], [-1.3917204719036818, 54.87362076190766], [-1.3923381906934083, 54.873261420289055], [-1.3923381906934083, 54.871105370577425], [-1.3935736282728612, 54.870386687340215], [-1.3923381906934083, 54.869668004103005], [-1.3929559094831347, 54.8693086624844], [-1.3941913470625877, 54.87002734572161], [-1.3954267846420407, 54.87002734572161], [-1.3960445034317672, 54.869668004103005], [-1.3960445034317672, 54.868949320865795], [-1.3948090658523142, 54.868230637628585], [-1.3954267846420407, 54.86787129600998], [-1.3966622222214937, 54.86858997924719], [-1.3972799410112202, 54.868230637628585], [-1.3972799410112202, 54.867511954391375], [-1.3978976598009467, 54.86715261277277], [-1.3985153785906732, 54.867511954391375], [-1.3985153785906732, 54.868230637628585], [-1.4003685349598527, 54.8693086624844], [-1.4028394101187587, 54.8693086624844], [-1.4034571289084852, 54.868949320865795], [-1.4034571289084852, 54.868230637628585], [-1.4040748476982117, 54.86787129600998], [-1.4053102852776647, 54.86787129600998], [-1.4059280040673912, 54.867511954391375], [-1.4046925664879382, 54.866793271154165], [-1.4053102852776647, 54.86643392953556], [-1.4065457228571177, 54.86715261277277], [-1.4077811604365706, 54.86643392953556], [-1.4102520355954766, 54.86643392953556], [-1.413340629544109, 54.868230637628585], [-1.413340629544109, 54.870386687340215], [-1.4139583483338356, 54.87074602895882], [-1.4151937859132886, 54.87074602895882], [-1.415811504703015, 54.870386687340215], [-1.414576067123562, 54.869668004103005], [-1.4151937859132886, 54.8693086624844], [-1.4164292234927416, 54.87002734572161], [-1.4176646610721946, 54.8693086624844], [-1.418282379861921, 54.869668004103005], [-1.418282379861921, 54.871105370577425], [-1.417046942282468, 54.871824053814635], [-1.417046942282468, 54.872542737051845], [-1.4176646610721946, 54.87290207867045], [-1.4201355362311006, 54.87290207867045], [-1.4213709738105536, 54.87218339543324], [-1.4226064113900065, 54.87218339543324], [-1.424459567759186, 54.871105370577425], [-1.4238418489694595, 54.87074602895882], [-1.4226064113900065, 54.87074602895882], [-1.42198869260028, 54.870386687340215], [-1.423224130179733, 54.869668004103005], [-1.423224130179733, 54.867511954391375], [-1.4226064113900065, 54.86715261277277], [-1.4213709738105536, 54.86715261277277], [-1.420753255020827, 54.866793271154165], [-1.4226064113900065, 54.86571524629835], [-1.4238418489694595, 54.86571524629835], [-1.4250772865489125, 54.86499656306114], [-1.425695005338639, 54.865355904679745], [-1.425695005338639, 54.866074587916955], [-1.426930442918092, 54.866793271154165], [-1.426930442918092, 54.867511954391375], [-1.4287835992872715, 54.86858997924719], [-1.4300190368667245, 54.86858997924719], [-1.430636755656451, 54.868230637628585], [-1.430636755656451, 54.867511954391375], [-1.431872193235904, 54.866793271154165], [-1.431872193235904, 54.865355904679745], [-1.4312544744461775, 54.86499656306114], [-1.4300190368667245, 54.86499656306114], [-1.4287835992872715, 54.86427787982393], [-1.4275481617078185, 54.86427787982393], [-1.426930442918092, 54.863918538205326], [-1.426930442918092, 54.861762488493696], [-1.4275481617078185, 54.86140314687509], [-1.4287835992872715, 54.86140314687509], [-1.4300190368667245, 54.86068446363788], [-1.4324899120256305, 54.8621218301123], [-1.4337253496050835, 54.8621218301123], [-1.4361962247639894, 54.86068446363788], [-1.4386670999228954, 54.86068446363788], [-1.4399025375023484, 54.85996578040067], [-1.440520256292075, 54.860325122019276], [-1.440520256292075, 54.861762488493696], [-1.4448442878201604, 54.86427787982393], [-1.4460797253996134, 54.86427787982393], [-1.4479328817687929, 54.863199854968116], [-1.4454620066098869, 54.861762488493696], [-1.4454620066098869, 54.861043805256486], [-1.4466974441893399, 54.860325122019276], [-1.4466974441893399, 54.859606438782066], [-1.4497860381379724, 54.85780973068904], [-1.4522569132968783, 54.85780973068904], [-1.4528746320866048, 54.857450389070436], [-1.4528746320866048, 54.856731705833226], [-1.4534923508763313, 54.85637236421462], [-1.4547277884557843, 54.85637236421462], [-1.4553455072455108, 54.85601302259602], [-1.4553455072455108, 54.85385697288439], [-1.4559632260352373, 54.85349763126578], [-1.4571986636146903, 54.85349763126578], [-1.4578163824044168, 54.85313828964718], [-1.4565809448249638, 54.85241960640997], [-1.4565809448249638, 54.85170092317276], [-1.4584341011941433, 54.85062289831694], [-1.4596695387735963, 54.85062289831694], [-1.4602872575633228, 54.85026355669834], [-1.4602872575633228, 54.84954487346113], [-1.4596695387735963, 54.84918553184252], [-1.4559632260352373, 54.84918553184252], [-1.4553455072455108, 54.84882619022392], [-1.4565809448249638, 54.84810750698671], [-1.4547277884557843, 54.84702948213089], [-1.4541100696660578, 54.8473888237495], [-1.4541100696660578, 54.84810750698671], [-1.4534923508763313, 54.84846684860531], [-1.4497860381379724, 54.84846684860531], [-1.4491683193482459, 54.84810750698671], [-1.4491683193482459, 54.8473888237495], [-1.4497860381379724, 54.84702948213089], [-1.4510214757174253, 54.84702948213089], [-1.4516391945071518, 54.84667014051229], [-1.4516391945071518, 54.84595145727508], [-1.4491683193482459, 54.84451409080066], [-1.4491683193482459, 54.84163935785182], [-1.4485506005585194, 54.84128001623321], [-1.4473151629790664, 54.84128001623321], [-1.4466974441893399, 54.84163935785182], [-1.4479328817687929, 54.84235804108903], [-1.4473151629790664, 54.84271738270763], [-1.4460797253996134, 54.84271738270763], [-1.4448442878201604, 54.84199869947042], [-1.4436088502407074, 54.84199869947042], [-1.442991131450981, 54.84163935785182], [-1.442991131450981, 54.84092067461461], [-1.4423734126612544, 54.840561332996], [-1.4411379750818014, 54.840561332996], [-1.440520256292075, 54.8402019913774], [-1.4411379750818014, 54.83984264975879], [-1.4423734126612544, 54.83984264975879], [-1.442991131450981, 54.83948330814019], [-1.442991131450981, 54.83804594166577], [-1.4436088502407074, 54.837686600047164], [-1.4448442878201604, 54.837686600047164], [-1.4454620066098869, 54.83732725842856], [-1.4454620066098869, 54.83660857519135], [-1.444226569030434, 54.83588989195414], [-1.444226569030434, 54.83517120871693], [-1.4454620066098869, 54.83445252547972], [-1.4448442878201604, 54.834093183861114], [-1.4436088502407074, 54.834093183861114], [-1.441755693871528, 54.8330151590053], [-1.4423734126612544, 54.832655817386694], [-1.4436088502407074, 54.832655817386694], [-1.444226569030434, 54.83229647576809], [-1.442991131450981, 54.83157779253088], [-1.442991131450981, 54.82726569310762], [-1.4423734126612544, 54.826906351489015], [-1.4411379750818014, 54.826906351489015], [-1.440520256292075, 54.82654700987041], [-1.4454620066098869, 54.82367227692157], [-1.4454620066098869, 54.82079754397273], [-1.444226569030434, 54.82007886073552], [-1.4448442878201604, 54.819719519116916], [-1.4460797253996134, 54.819719519116916], [-1.4473151629790664, 54.819000835879706], [-1.4497860381379724, 54.819000835879706], [-1.4504037569276989, 54.8186414942611], [-1.4491683193482459, 54.81792281102389], [-1.4491683193482459, 54.81648544454947], [-1.4485506005585194, 54.816126102930866], [-1.4479328817687929, 54.81648544454947], [-1.4479328817687929, 54.81720412778668], [-1.4473151629790664, 54.817563469405286], [-1.4460797253996134, 54.817563469405286], [-1.444226569030434, 54.81648544454947], [-1.444226569030434, 54.81576676131226], [-1.4436088502407074, 54.815407419693656], [-1.4423734126612544, 54.815407419693656], [-1.441755693871528, 54.81504807807505], [-1.442991131450981, 54.81432939483784], [-1.4423734126612544, 54.813970053219236], [-1.4411379750818014, 54.813970053219236], [-1.440520256292075, 54.81361071160063], [-1.440520256292075, 54.81217334512621], [-1.4399025375023484, 54.81181400350761], [-1.4386670999228954, 54.81181400350761], [-1.438049381133169, 54.811454661889], [-1.438049381133169, 54.81073597865179], [-1.4374316623434424, 54.81037663703319], [-1.4361962247639894, 54.81037663703319], [-1.4349607871845365, 54.80965795379598], [-1.4337253496050835, 54.80965795379598], [-1.431872193235904, 54.80857992894016], [-1.431872193235904, 54.80786124570295], [-1.4312544744461775, 54.80750190408435], [-1.4300190368667245, 54.80822058732156], [-1.429401318076998, 54.80786124570295], [-1.429401318076998, 54.80714256246574], [-1.4287835992872715, 54.80678322084714], [-1.4275481617078185, 54.80678322084714], [-1.425695005338639, 54.80570519599132], [-1.425695005338639, 54.80498651275411], [-1.4250772865489125, 54.80462717113551], [-1.4213709738105536, 54.80462717113551], [-1.420753255020827, 54.8042678295169], [-1.420753255020827, 54.80211177980527], [-1.4213709738105536, 54.80175243818667], [-1.4226064113900065, 54.80175243818667], [-1.4238418489694595, 54.80247112142388], [-1.4250772865489125, 54.80175243818667], [-1.425695005338639, 54.80211177980527], [-1.425695005338639, 54.80354914627969], [-1.4263127241283655, 54.8039084878983], [-1.4275481617078185, 54.8039084878983], [-1.4287835992872715, 54.80318980466109], [-1.429401318076998, 54.80354914627969], [-1.429401318076998, 54.8042678295169], [-1.4300190368667245, 54.80462717113551], [-1.430636755656451, 54.8042678295169], [-1.430636755656451, 54.80354914627969], [-1.4312544744461775, 54.80318980466109], [-1.4324899120256305, 54.80318980466109], [-1.433107630815357, 54.80354914627969], [-1.431872193235904, 54.8042678295169], [-1.431872193235904, 54.80498651275411], [-1.4337253496050835, 54.80606453760993], [-1.4349607871845365, 54.80606453760993], [-1.4361962247639894, 54.80534585437272], [-1.4374316623434424, 54.80606453760993], [-1.4386670999228954, 54.80606453760993], [-1.439284818712622, 54.80642387922853], [-1.439284818712622, 54.80714256246574], [-1.4399025375023484, 54.80750190408435], [-1.4423734126612544, 54.80750190408435], [-1.442991131450981, 54.80786124570295], [-1.441755693871528, 54.80857992894016], [-1.4423734126612544, 54.80893927055877], [-1.4448442878201604, 54.80893927055877], [-1.4460797253996134, 54.80822058732156], [-1.4473151629790664, 54.80893927055877], [-1.4485506005585194, 54.80893927055877], [-1.4497860381379724, 54.80965795379598], [-1.4510214757174253, 54.80965795379598], [-1.4516391945071518, 54.81001729541458], [-1.4516391945071518, 54.81073597865179], [-1.4528746320866048, 54.811454661889], [-1.4528746320866048, 54.81361071160063], [-1.4516391945071518, 54.81432939483784], [-1.4522569132968783, 54.814688736456446], [-1.4534923508763313, 54.814688736456446], [-1.4541100696660578, 54.81432939483784], [-1.4541100696660578, 54.81361071160063], [-1.4547277884557843, 54.81325136998203], [-1.4565809448249638, 54.81432939483784], [-1.4553455072455108, 54.81504807807505], [-1.4571986636146903, 54.816126102930866], [-1.4584341011941433, 54.815407419693656], [-1.4590518199838698, 54.81576676131226], [-1.4590518199838698, 54.8186414942611], [-1.4609049763530493, 54.819719519116916], [-1.4633758515119553, 54.819719519116916], [-1.4639935703016818, 54.82007886073552], [-1.4627581327222288, 54.82079754397273], [-1.4627581327222288, 54.82295359368436], [-1.4639935703016818, 54.82367227692157], [-1.4621404139325023, 54.824750301777385], [-1.4609049763530493, 54.824750301777385], [-1.4578163824044168, 54.82654700987041], [-1.4578163824044168, 54.82726569310762], [-1.4609049763530493, 54.829062401200645], [-1.4621404139325023, 54.829062401200645], [-1.4633758515119553, 54.829781084437855], [-1.4646112890914083, 54.829062401200645], [-1.4670821642503142, 54.829062401200645], [-1.4676998830400407, 54.82870305958204], [-1.4664644454605877, 54.82798437634483], [-1.4664644454605877, 54.82726569310762], [-1.4670821642503142, 54.826906351489015], [-1.4707884769886732, 54.826906351489015], [-1.4726416333578527, 54.8258283266332], [-1.4714061957783997, 54.82510964339599], [-1.4714061957783997, 54.82367227692157], [-1.4720239145681262, 54.823312935302965], [-1.4744947897270322, 54.823312935302965], [-1.4757302273064852, 54.822594252065755], [-1.4769656648859382, 54.823312935302965], [-1.4788188212551177, 54.82223491044715], [-1.4788188212551177, 54.82151622720994], [-1.4775833836756647, 54.82079754397273], [-1.4782011024653912, 54.820438202354126], [-1.4794365400448442, 54.820438202354126], [-1.4806719776242971, 54.819719519116916], [-1.4819074152037501, 54.819719519116916], [-1.4831428527832031, 54.820438202354126], [-1.4843782903626561, 54.820438202354126], [-1.4862314467318356, 54.81936017749831], [-1.4862314467318356, 54.81792281102389], [-1.489320040680468, 54.816126102930866], [-1.490555478259921, 54.816126102930866], [-1.493026353418827, 54.814688736456446], [-1.499203541316092, 54.814688736456446], [-1.500438978895545, 54.813970053219236], [-1.501674416474998, 54.814688736456446], [-1.504145291633904, 54.814688736456446], [-1.5059984480030835, 54.81361071160063], [-1.5059984480030835, 54.81217334512621], [-1.507851604372263, 54.8110953202704], [-1.5097047607414424, 54.81217334512621], [-1.5097047607414424, 54.81361071160063], [-1.509087041951716, 54.813970053219236], [-1.507851604372263, 54.813970053219236], [-1.5059984480030835, 54.81504807807505], [-1.5059984480030835, 54.81576676131226], [-1.505380729213357, 54.816126102930866], [-1.504145291633904, 54.815407419693656], [-1.5035275728441775, 54.81576676131226], [-1.5035275728441775, 54.81648544454947], [-1.5022921352647245, 54.81720412778668], [-1.5022921352647245, 54.81792281102389], [-1.501674416474998, 54.818282152642496], [-1.500438978895545, 54.818282152642496], [-1.499203541316092, 54.819000835879706], [-1.496732666157186, 54.819000835879706], [-1.4948795097880065, 54.82007886073552], [-1.4948795097880065, 54.82223491044715], [-1.491790915839374, 54.824031618540175], [-1.490555478259921, 54.823312935302965], [-1.4874668843112886, 54.82510964339599], [-1.4874668843112886, 54.82798437634483], [-1.486849165521562, 54.828343717963435], [-1.4843782903626561, 54.828343717963435], [-1.4837605715729296, 54.82870305958204], [-1.4843782903626561, 54.829062401200645], [-1.485613727942109, 54.829062401200645], [-1.4862314467318356, 54.82942174281925], [-1.4862314467318356, 54.83085910929367], [-1.485613727942109, 54.831218450912274], [-1.4843782903626561, 54.831218450912274], [-1.4837605715729296, 54.83157779253088], [-1.4849960091523826, 54.83229647576809], [-1.4837605715729296, 54.8330151590053], [-1.4837605715729296, 54.83517120871693], [-1.4831428527832031, 54.835530550335534], [-1.4806719776242971, 54.835530550335534], [-1.4800542588345706, 54.83588989195414], [-1.4800542588345706, 54.83732725842856], [-1.4806719776242971, 54.837686600047164], [-1.4819074152037501, 54.837686600047164], [-1.4831428527832031, 54.838405283284374], [-1.4843782903626561, 54.838405283284374], [-1.485613727942109, 54.837686600047164], [-1.486849165521562, 54.837686600047164], [-1.488084603101015, 54.838405283284374], [-1.4899377594701946, 54.83732725842856], [-1.4899377594701946, 54.83660857519135], [-1.4874668843112886, 54.83517120871693], [-1.488084603101015, 54.834811867098324], [-1.490555478259921, 54.834811867098324], [-1.491790915839374, 54.835530550335534], [-1.495497228577733, 54.835530550335534], [-1.496732666157186, 54.834811867098324], [-1.499203541316092, 54.836249233572744], [-1.504145291633904, 54.836249233572744], [-1.5047630104236305, 54.83660857519135], [-1.5047630104236305, 54.83876462490298], [-1.507851604372263, 54.840561332996], [-1.509087041951716, 54.840561332996], [-1.510322479531169, 54.84128001623321], [-1.511557917110622, 54.84128001623321], [-1.512793354690075, 54.840561332996], [-1.5146465110592544, 54.84163935785182], [-1.5146465110592544, 54.84235804108903], [-1.515264229848981, 54.84271738270763], [-1.5177351050078869, 54.84128001623321], [-1.5189705425873399, 54.84128001623321], [-1.5195882613770664, 54.84092067461461], [-1.5195882613770664, 54.8402019913774], [-1.5208236989565194, 54.83948330814019], [-1.5208236989565194, 54.83876462490298], [-1.5214414177462459, 54.838405283284374], [-1.5226768553256989, 54.838405283284374], [-1.5245300116948783, 54.83948330814019], [-1.5245300116948783, 54.84092067461461], [-1.5232945741154253, 54.84163935785182], [-1.5232945741154253, 54.84235804108903], [-1.5239122929051518, 54.84271738270763], [-1.5263831680640578, 54.84271738270763], [-1.5270008868537843, 54.84307672432624], [-1.5270008868537843, 54.84379540756345], [-1.5276186056435108, 54.84415474918205], [-1.5313249183818698, 54.84415474918205], [-1.5319426371715963, 54.84379540756345], [-1.5319426371715963, 54.84307672432624], [-1.5313249183818698, 54.84271738270763], [-1.5300894808024168, 54.84271738270763], [-1.5294717620126903, 54.84235804108903], [-1.5294717620126903, 54.84163935785182], [-1.5300894808024168, 54.84128001623321], [-1.5337957935407758, 54.84128001623321], [-1.5344135123305023, 54.84092067461461], [-1.5344135123305023, 54.8402019913774], [-1.5356489499099553, 54.83948330814019], [-1.5356489499099553, 54.83804594166577], [-1.5337957935407758, 54.836967916809954], [-1.5313249183818698, 54.836967916809954], [-1.5294717620126903, 54.83588989195414], [-1.5307071995921433, 54.83517120871693], [-1.5307071995921433, 54.83445252547972], [-1.5313249183818698, 54.834093183861114], [-1.5337957935407758, 54.834093183861114], [-1.5362666686996818, 54.832655817386694], [-1.5387375438585877, 54.832655817386694], [-1.5412084190174937, 54.831218450912274], [-1.5418261378072202, 54.83157779253088], [-1.5418261378072202, 54.83229647576809], [-1.5424438565969467, 54.832655817386694], [-1.5430615753866732, 54.83229647576809], [-1.5430615753866732, 54.83085910929367], [-1.5436792941763997, 54.830499767675065], [-1.5449147317558527, 54.831218450912274], [-1.5461501693353057, 54.830499767675065], [-1.5486210444942117, 54.830499767675065], [-1.5492387632839382, 54.83085910929367], [-1.5492387632839382, 54.83157779253088], [-1.5498564820736647, 54.831937134149484], [-1.5523273572325706, 54.831937134149484], [-1.5535627948120236, 54.831218450912274], [-1.5541805136017501, 54.83157779253088], [-1.5541805136017501, 54.83229647576809], [-1.5554159511812031, 54.8330151590053], [-1.5554159511812031, 54.83373384224251], [-1.5547982323914766, 54.834093183861114], [-1.5535627948120236, 54.834093183861114], [-1.5529450760222971, 54.83445252547972], [-1.5554159511812031, 54.83588989195414], [-1.5554159511812031, 54.83732725842856], [-1.5541805136017501, 54.83804594166577], [-1.5554159511812031, 54.83876462490298], [-1.5554159511812031, 54.83948330814019], [-1.5535627948120236, 54.840561332996], [-1.5510919196531177, 54.840561332996], [-1.5504742008633912, 54.84092067461461], [-1.5504742008633912, 54.84307672432624], [-1.5517096384428442, 54.84379540756345], [-1.5517096384428442, 54.84451409080066], [-1.5529450760222971, 54.84523277403787], [-1.5529450760222971, 54.8473888237495], [-1.5566513887606561, 54.84954487346113], [-1.5566513887606561, 54.85026355669834], [-1.5572691075503826, 54.85062289831694], [-1.5585045451298356, 54.85062289831694], [-1.560357701499015, 54.84954487346113], [-1.560357701499015, 54.84810750698671], [-1.559122263919562, 54.8473888237495], [-1.559122263919562, 54.84667014051229], [-1.5609754202887416, 54.84559211565647], [-1.5622108578681946, 54.84559211565647], [-1.562828576657921, 54.84523277403787], [-1.562828576657921, 54.84451409080066], [-1.5634462954476476, 54.84415474918205], [-1.5646817330271006, 54.84487343241926], [-1.5659171706065536, 54.84487343241926], [-1.5671526081860065, 54.84415474918205], [-1.5696234833449125, 54.84559211565647], [-1.5720943585038185, 54.84559211565647], [-1.572712077293545, 54.84523277403787], [-1.572712077293545, 54.84451409080066], [-1.573947514872998, 54.84379540756345], [-1.573947514872998, 54.84307672432624], [-1.5733297960832715, 54.84271738270763], [-1.5720943585038185, 54.84271738270763], [-1.570241202134639, 54.84163935785182], [-1.5708589209243655, 54.84128001623321], [-1.5720943585038185, 54.84128001623321], [-1.572712077293545, 54.84092067461461], [-1.572712077293545, 54.83876462490298], [-1.5745652336627245, 54.837686600047164], [-1.5758006712421775, 54.837686600047164], [-1.576418390031904, 54.83732725842856], [-1.576418390031904, 54.83660857519135], [-1.5770361088216305, 54.836249233572744], [-1.57888926519081, 54.83732725842856], [-1.57888926519081, 54.83804594166577], [-1.5795069839805365, 54.838405283284374], [-1.580124702770263, 54.83804594166577], [-1.580124702770263, 54.83373384224251], [-1.5807424215599895, 54.833374500623904], [-1.5819778591394424, 54.833374500623904], [-1.582595577929169, 54.8330151590053], [-1.582595577929169, 54.83229647576809], [-1.5832132967188954, 54.831937134149484], [-1.5856841718778014, 54.833374500623904], [-1.5881550470367074, 54.833374500623904], [-1.5900082034058869, 54.83229647576809], [-1.5900082034058869, 54.83085910929367], [-1.5924790785647929, 54.82942174281925], [-1.5924790785647929, 54.82798437634483], [-1.5918613597750664, 54.827625034726225], [-1.5906259221956134, 54.828343717963435], [-1.5893904846161604, 54.827625034726225], [-1.5869196094572544, 54.827625034726225], [-1.586301890667528, 54.82726569310762], [-1.587537328246981, 54.82654700987041], [-1.586301890667528, 54.8258283266332], [-1.587537328246981, 54.82510964339599], [-1.587537328246981, 54.82439096015878], [-1.5881550470367074, 54.824031618540175], [-1.5893904846161604, 54.824031618540175], [-1.5900082034058869, 54.82367227692157], [-1.588772765826434, 54.82295359368436], [-1.588772765826434, 54.82079754397273], [-1.5893904846161604, 54.820438202354126], [-1.5906259221956134, 54.820438202354126], [-1.5912436409853399, 54.82007886073552], [-1.588772765826434, 54.8186414942611], [-1.588772765826434, 54.81792281102389], [-1.5900082034058869, 54.81720412778668], [-1.5900082034058869, 54.81432939483784], [-1.5906259221956134, 54.813970053219236], [-1.5918613597750664, 54.813970053219236], [-1.5924790785647929, 54.81432939483784], [-1.5924790785647929, 54.81504807807505], [-1.5943322349339724, 54.816126102930866], [-1.5955676725134254, 54.816126102930866], [-1.5974208288826048, 54.81720412778668], [-1.5974208288826048, 54.81792281102389], [-1.5968031100928783, 54.818282152642496], [-1.5943322349339724, 54.818282152642496], [-1.5937145161442459, 54.8186414942611], [-1.5937145161442459, 54.81936017749831], [-1.5949499537236989, 54.82007886073552], [-1.5949499537236989, 54.82151622720994], [-1.5968031100928783, 54.822594252065755], [-1.5980385476723313, 54.821875568828546], [-1.5986562664620578, 54.82223491044715], [-1.5986562664620578, 54.82295359368436], [-1.5992739852517843, 54.823312935302965], [-1.6005094228312373, 54.823312935302965], [-1.6011271416209638, 54.82367227692157], [-1.5992739852517843, 54.824750301777385], [-1.5980385476723313, 54.824031618540175], [-1.5974208288826048, 54.82439096015878], [-1.5974208288826048, 54.82798437634483], [-1.5937145161442459, 54.83014042605646], [-1.5937145161442459, 54.83373384224251], [-1.5968031100928783, 54.835530550335534], [-1.5992739852517843, 54.835530550335534], [-1.5998917040415108, 54.83588989195414], [-1.5992739852517843, 54.836249233572744], [-1.5980385476723313, 54.836249233572744], [-1.5974208288826048, 54.83660857519135], [-1.5974208288826048, 54.83732725842856], [-1.5949499537236989, 54.83876462490298], [-1.5949499537236989, 54.83948330814019], [-1.5943322349339724, 54.83984264975879], [-1.5893904846161604, 54.83984264975879], [-1.588772765826434, 54.8402019913774], [-1.588772765826434, 54.84163935785182], [-1.5881550470367074, 54.84199869947042], [-1.5856841718778014, 54.84199869947042], [-1.585066453088075, 54.84235804108903], [-1.585066453088075, 54.84307672432624], [-1.586301890667528, 54.84379540756345], [-1.585066453088075, 54.84451409080066], [-1.5869196094572544, 54.84559211565647], [-1.5881550470367074, 54.84559211565647], [-1.5893904846161604, 54.84631079889368], [-1.5906259221956134, 54.84631079889368], [-1.5924790785647929, 54.8473888237495], [-1.5924790785647929, 54.84810750698671], [-1.5930967973545194, 54.84846684860531], [-1.5943322349339724, 54.84846684860531], [-1.5961853913031518, 54.84954487346113], [-1.5943322349339724, 54.85062289831694], [-1.5918613597750664, 54.85062289831694], [-1.5906259221956134, 54.84990421507973], [-1.588772765826434, 54.85098223993555], [-1.588772765826434, 54.85170092317276], [-1.5893904846161604, 54.85206026479136], [-1.5906259221956134, 54.85206026479136], [-1.5924790785647929, 54.85313828964718], [-1.5900082034058869, 54.8545756561216], [-1.5900082034058869, 54.85601302259602], [-1.5918613597750664, 54.85709104745183], [-1.5943322349339724, 54.85565368097741], [-1.5949499537236989, 54.85601302259602], [-1.5949499537236989, 54.856731705833226], [-1.5937145161442459, 54.857450389070436], [-1.5937145161442459, 54.858169072307646], [-1.5955676725134254, 54.85924709716346], [-1.5968031100928783, 54.85852841392625], [-1.5980385476723313, 54.85852841392625], [-1.5998917040415108, 54.857450389070436], [-1.5998917040415108, 54.85601302259602], [-1.6005094228312373, 54.85565368097741], [-1.6017448604106903, 54.85565368097741], [-1.6023625792004168, 54.85601302259602], [-1.6023625792004168, 54.856731705833226], [-1.6054511731490493, 54.85852841392625], [-1.6079220483079553, 54.85852841392625], [-1.6085397670976818, 54.858887755544856], [-1.6085397670976818, 54.859606438782066], [-1.6091574858874083, 54.85996578040067], [-1.6103929234668612, 54.85996578040067], [-1.6110106422565877, 54.860325122019276], [-1.6110106422565877, 54.861043805256486], [-1.6097752046771348, 54.861762488493696], [-1.6110106422565877, 54.862481171730906], [-1.6110106422565877, 54.863918538205326], [-1.6128637986257672, 54.86499656306114], [-1.6140992362052202, 54.86499656306114], [-1.6153346737846732, 54.86427787982393], [-1.6165701113641262, 54.86427787982393], [-1.6171878301538527, 54.863918538205326], [-1.6171878301538527, 54.863199854968116], [-1.6178055489435792, 54.86284051334951], [-1.6190409865230322, 54.86284051334951], [-1.6202764241024852, 54.86355919658672], [-1.6215118616819382, 54.86284051334951], [-1.6227472992613912, 54.86284051334951], [-1.6233650180511177, 54.863199854968116], [-1.6233650180511177, 54.863918538205326], [-1.6239827368408442, 54.86427787982393], [-1.6276890495792031, 54.8621218301123], [-1.6295422059483826, 54.863199854968116], [-1.6295422059483826, 54.865355904679745], [-1.6320130811072886, 54.866793271154165], [-1.6320130811072886, 54.867511954391375], [-1.632630799897015, 54.86787129600998], [-1.6332485186867416, 54.867511954391375], [-1.6332485186867416, 54.866793271154165], [-1.633866237476468, 54.86643392953556], [-1.637572550214827, 54.86643392953556], [-1.6394257065840065, 54.865355904679745], [-1.63880798779428, 54.86499656306114], [-1.636337112635374, 54.86499656306114], [-1.635101675055921, 54.86427787982393], [-1.632630799897015, 54.86427787982393], [-1.6320130811072886, 54.863918538205326], [-1.6320130811072886, 54.862481171730906], [-1.632630799897015, 54.8621218301123], [-1.633866237476468, 54.86284051334951], [-1.6344839562661946, 54.862481171730906], [-1.6344839562661946, 54.861043805256486], [-1.635101675055921, 54.86068446363788], [-1.636337112635374, 54.86140314687509], [-1.6369548314251006, 54.861043805256486], [-1.6369548314251006, 54.859606438782066], [-1.637572550214827, 54.85924709716346], [-1.63880798779428, 54.85996578040067], [-1.641278862953186, 54.85996578040067], [-1.6418965817429125, 54.860325122019276], [-1.6418965817429125, 54.866793271154165], [-1.643749738112092, 54.86787129600998], [-1.646220613270998, 54.86787129600998], [-1.6468383320607245, 54.868230637628585], [-1.6468383320607245, 54.868949320865795], [-1.6456028944812715, 54.869668004103005], [-1.6456028944812715, 54.870386687340215], [-1.6468383320607245, 54.871105370577425], [-1.6468383320607245, 54.871824053814635], [-1.6480737696401775, 54.872542737051845], [-1.6480737696401775, 54.873261420289055], [-1.65116236358881, 54.87505812838208], [-1.652397801168263, 54.87505812838208], [-1.6530155199579895, 54.874698786763474], [-1.6530155199579895, 54.873980103526264], [-1.6542509575374424, 54.873261420289055], [-1.6542509575374424, 54.872542737051845], [-1.654868676327169, 54.87218339543324], [-1.656104113906622, 54.87218339543324], [-1.6567218326963484, 54.871824053814635], [-1.6567218326963484, 54.870386687340215], [-1.658574989065528, 54.8693086624844], [-1.659810426644981, 54.8693086624844], [-1.662281301803887, 54.86787129600998], [-1.6647521769627929, 54.86787129600998], [-1.6659876145422459, 54.86858997924719], [-1.6684584897011518, 54.86858997924719], [-1.6696939272806048, 54.8693086624844], [-1.6703116460703313, 54.868949320865795], [-1.6703116460703313, 54.868230637628585], [-1.6734002400189638, 54.86643392953556], [-1.6746356775984168, 54.86643392953556], [-1.6771065527573228, 54.86499656306114], [-1.6783419903367758, 54.86571524629835], [-1.6789597091265023, 54.865355904679745], [-1.6789597091265023, 54.864637221442536], [-1.6777242715470493, 54.863918538205326], [-1.6783419903367758, 54.86355919658672], [-1.6795774279162288, 54.86355919658672], [-1.6801951467059553, 54.863918538205326], [-1.6801951467059553, 54.864637221442536], [-1.6808128654956818, 54.86499656306114], [-1.6820483030751348, 54.86499656306114], [-1.6826660218648612, 54.864637221442536], [-1.6826660218648612, 54.863918538205326], [-1.6832837406545877, 54.86355919658672], [-1.6869900533929467, 54.86355919658672], [-1.6882254909723997, 54.86284051334951], [-1.6894609285518527, 54.86355919658672], [-1.6925495225004852, 54.861762488493696], [-1.6925495225004852, 54.859606438782066], [-1.6944026788696647, 54.85852841392625], [-1.6956381164491177, 54.85852841392625], [-1.6974912728182971, 54.857450389070436], [-1.6974912728182971, 54.85529433935881], [-1.6962558352388442, 54.8545756561216], [-1.6968735540285707, 54.85421631450299], [-1.6993444291874766, 54.85421631450299], [-1.6999621479772031, 54.85385697288439], [-1.6999621479772031, 54.85098223993555], [-1.7005798667669296, 54.85062289831694], [-1.7018153043463826, 54.85062289831694], [-1.7030507419258356, 54.84990421507973], [-1.7042861795052886, 54.84990421507973], [-1.7055216170847416, 54.85062289831694], [-1.7067570546641946, 54.85062289831694], [-1.707374773453921, 54.85026355669834], [-1.707374773453921, 54.84810750698671], [-1.7079924922436476, 54.8477481653681], [-1.7116988049820065, 54.8477481653681], [-1.7129342425614595, 54.84846684860531], [-1.7141696801409125, 54.84846684860531], [-1.716022836510092, 54.84954487346113], [-1.714787398930639, 54.85026355669834], [-1.714787398930639, 54.85241960640997], [-1.716022836510092, 54.85313828964718], [-1.7154051177203655, 54.85349763126578], [-1.7141696801409125, 54.85277894802857], [-1.7129342425614595, 54.85277894802857], [-1.71108108619228, 54.85385697288439], [-1.71108108619228, 54.8545756561216], [-1.709845648612827, 54.85529433935881], [-1.709845648612827, 54.856731705833226], [-1.7104633674025536, 54.85709104745183], [-1.7129342425614595, 54.85709104745183], [-1.714787398930639, 54.858169072307646], [-1.714787398930639, 54.859606438782066], [-1.713551961351186, 54.860325122019276], [-1.7141696801409125, 54.86068446363788], [-1.7154051177203655, 54.86068446363788], [-1.717258274089545, 54.859606438782066], [-1.717258274089545, 54.857450389070436], [-1.7178759928792715, 54.85709104745183], [-1.7203468680381775, 54.85852841392625], [-1.7215823056176305, 54.85780973068904], [-1.7228177431970835, 54.85852841392625], [-1.72343546198681, 54.858169072307646], [-1.72343546198681, 54.857450389070436], [-1.7240531807765365, 54.85709104745183], [-1.7252886183559895, 54.85709104745183], [-1.7265240559354424, 54.85780973068904], [-1.727141774725169, 54.857450389070436], [-1.727141774725169, 54.856731705833226], [-1.7277594935148954, 54.85637236421462], [-1.7289949310943484, 54.85637236421462], [-1.730848087463528, 54.85529433935881], [-1.730848087463528, 54.8545756561216], [-1.7314658062532544, 54.85421631450299], [-1.7327012438327074, 54.8549349977402], [-1.7339366814121604, 54.8549349977402], [-1.7351721189916134, 54.85565368097741], [-1.7376429941505194, 54.85565368097741], [-1.7382607129402459, 54.85601302259602], [-1.7382607129402459, 54.856731705833226], [-1.7394961505196989, 54.857450389070436], [-1.7394961505196989, 54.859606438782066], [-1.7401138693094254, 54.85996578040067], [-1.7413493068888783, 54.85996578040067], [-1.7432024632580578, 54.861043805256486], [-1.7432024632580578, 54.861762488493696], [-1.7425847444683313, 54.8621218301123], [-1.7388784317299724, 54.8621218301123], [-1.7382607129402459, 54.861762488493696], [-1.7382607129402459, 54.859606438782066], [-1.7376429941505194, 54.85924709716346], [-1.7364075565710664, 54.85996578040067], [-1.7357898377813399, 54.859606438782066], [-1.7370252753607929, 54.858887755544856], [-1.7364075565710664, 54.85852841392625], [-1.7339366814121604, 54.85852841392625], [-1.7314658062532544, 54.85996578040067], [-1.7289949310943484, 54.85996578040067], [-1.728377212304622, 54.860325122019276], [-1.729612649884075, 54.861043805256486], [-1.7289949310943484, 54.86140314687509], [-1.7277594935148954, 54.86140314687509], [-1.72343546198681, 54.863918538205326], [-1.72343546198681, 54.866074587916955], [-1.7215823056176305, 54.86715261277277], [-1.7203468680381775, 54.86715261277277], [-1.7178759928792715, 54.86571524629835], [-1.7141696801409125, 54.86571524629835], [-1.713551961351186, 54.866074587916955], [-1.713551961351186, 54.868949320865795], [-1.712316523771733, 54.869668004103005], [-1.712316523771733, 54.870386687340215], [-1.709845648612827, 54.871824053814635], [-1.709845648612827, 54.872542737051845], [-1.708610211033374, 54.873261420289055], [-1.709845648612827, 54.873980103526264], [-1.709845648612827, 54.875417470000684], [-1.708610211033374, 54.876136153237894], [-1.7104633674025536, 54.87721417809371], [-1.7116988049820065, 54.8764954948565], [-1.7129342425614595, 54.87721417809371], [-1.7141696801409125, 54.87721417809371], [-1.714787398930639, 54.877573519712314], [-1.714787398930639, 54.878292202949524], [-1.716022836510092, 54.879010886186734], [-1.716022836510092, 54.88188561913557], [-1.7166405552998185, 54.88224496075418], [-1.7191114304587245, 54.88080759427976], [-1.7215823056176305, 54.88080759427976], [-1.722200024407357, 54.881166935898364], [-1.722200024407357, 54.8840416688472], [-1.7228177431970835, 54.88440101046581], [-1.7240531807765365, 54.88440101046581], [-1.7252886183559895, 54.88511969370302], [-1.7277594935148954, 54.88511969370302], [-1.728377212304622, 54.88547903532162], [-1.728377212304622, 54.88619771855883], [-1.727141774725169, 54.88691640179604], [-1.728377212304622, 54.88763508503325], [-1.727141774725169, 54.88835376827046], [-1.7277594935148954, 54.88871310988907], [-1.7302303686738014, 54.88871310988907], [-1.7314658062532544, 54.88943179312628], [-1.7327012438327074, 54.88943179312628], [-1.7351721189916134, 54.88799442665186], [-1.7364075565710664, 54.88871310988907], [-1.7401138693094254, 54.88871310988907], [-1.7419670256786048, 54.88979113474488], [-1.7394961505196989, 54.8912285012193], [-1.7394961505196989, 54.89266586769372], [-1.7382607129402459, 54.89338455093093], [-1.7388784317299724, 54.89374389254954], [-1.7401138693094254, 54.89374389254954], [-1.7413493068888783, 54.89446257578675], [-1.7425847444683313, 54.89446257578675], [-1.7432024632580578, 54.89482191740535], [-1.7432024632580578, 54.89554060064256], [-1.7438201820477843, 54.89589994226117], [-1.7450556196272373, 54.89589994226117], [-1.7462910572066903, 54.89661862549838], [-1.7475264947861433, 54.89661862549838], [-1.7493796511553228, 54.89554060064256], [-1.7493796511553228, 54.89338455093093], [-1.7499973699450493, 54.89302520931233], [-1.7561745578423142, 54.89302520931233], [-1.7567922766320407, 54.89338455093093], [-1.7567922766320407, 54.89410323416814], [-1.7586454330012202, 54.89518125902396], [-1.7611163081601262, 54.89518125902396], [-1.7623517457395792, 54.89446257578675], [-1.7648226208984852, 54.89589994226117], [-1.7660580584779382, 54.89589994226117], [-1.7666757772676647, 54.89625928387977], [-1.7666757772676647, 54.89697796711698], [-1.7697643712162971, 54.89877467521001], [-1.7709998087957501, 54.89877467521001], [-1.7716175275854766, 54.89913401682861], [-1.7716175275854766, 54.90057138330303], [-1.7709998087957501, 54.900930724921636], [-1.7697643712162971, 54.900930724921636], [-1.7691466524265707, 54.90129006654024], [-1.7691466524265707, 54.90200874977745], [-1.7685289336368442, 54.902368091396056], [-1.7672934960573912, 54.902368091396056], [-1.7666757772676647, 54.90272743301466], [-1.7666757772676647, 54.90344611625187], [-1.7679112148471177, 54.90416479948908], [-1.7679112148471177, 54.90488348272629], [-1.7672934960573912, 54.905242824344896], [-1.7660580584779382, 54.905242824344896], [-1.7654403396882117, 54.90488348272629], [-1.7654403396882117, 54.90416479948908], [-1.7648226208984852, 54.903805457870476], [-1.7635871833190322, 54.904524141107686], [-1.7611163081601262, 54.904524141107686], [-1.7586454330012202, 54.905961507582106], [-1.7549391202628613, 54.905961507582106], [-1.7543214014731348, 54.90632084920071], [-1.7543214014731348, 54.90847689891234], [-1.7549391202628613, 54.908836240530945], [-1.7561745578423142, 54.908117557293735], [-1.7567922766320407, 54.90847689891234], [-1.7555568390525877, 54.90919558214955], [-1.7555568390525877, 54.90991426538676], [-1.7567922766320407, 54.91063294862397], [-1.7567922766320407, 54.91135163186118], [-1.7561745578423142, 54.911710973479785], [-1.7549391202628613, 54.911710973479785], [-1.7537036826834083, 54.912429656716995], [-1.7524682451039553, 54.912429656716995], [-1.7518505263142288, 54.91207031509839], [-1.7518505263142288, 54.91135163186118], [-1.7487619323655963, 54.909554923768155], [-1.7475264947861433, 54.909554923768155], [-1.7462910572066903, 54.910273607005365], [-1.7425847444683313, 54.910273607005365], [-1.7413493068888783, 54.909554923768155], [-1.7351721189916134, 54.909554923768155], [-1.734554400201887, 54.90991426538676], [-1.7370252753607929, 54.91135163186118], [-1.734554400201887, 54.9127889983356], [-1.7364075565710664, 54.913867023191415], [-1.7401138693094254, 54.913867023191415], [-1.7419670256786048, 54.9127889983356], [-1.7419670256786048, 54.91207031509839], [-1.7425847444683313, 54.911710973479785], [-1.7438201820477843, 54.911710973479785], [-1.7450556196272373, 54.910992290242575], [-1.7462910572066903, 54.910992290242575], [-1.7469087759964168, 54.91135163186118], [-1.7469087759964168, 54.9127889983356], [-1.7475264947861433, 54.913148339954205], [-1.7499973699450493, 54.913148339954205], [-1.7506150887347758, 54.91350768157281], [-1.7506150887347758, 54.91494504804723], [-1.7499973699450493, 54.915304389665835], [-1.7487619323655963, 54.915304389665835], [-1.7481442135758698, 54.91566373128444], [-1.7481442135758698, 54.91638241452165], [-1.7512328075245023, 54.918179122614674], [-1.7518505263142288, 54.91781978099607], [-1.7518505263142288, 54.91422636481002], [-1.7537036826834083, 54.913148339954205], [-1.7561745578423142, 54.913148339954205], [-1.7586454330012202, 54.914585706428625], [-1.7611163081601262, 54.914585706428625], [-1.7635871833190322, 54.916023072903045], [-1.7672934960573912, 54.916023072903045], [-1.7709998087957501, 54.913867023191415], [-1.7734706839546561, 54.915304389665835], [-1.7747061215341091, 54.915304389665835], [-1.775941559113562, 54.914585706428625], [-1.777176996693015, 54.914585706428625], [-1.778412434272468, 54.915304389665835], [-1.780883309431374, 54.915304389665835], [-1.7815010282211006, 54.91566373128444], [-1.7815010282211006, 54.91638241452165], [-1.78335418459028, 54.917460439377464], [-1.785825059749186, 54.917460439377464], [-1.7864427785389125, 54.91781978099607], [-1.7864427785389125, 54.91853846423328], [-1.787060497328639, 54.918897805851884], [-1.788295934908092, 54.918897805851884], [-1.789531372487545, 54.918179122614674], [-1.790766810066998, 54.918179122614674], [-1.7913845288567245, 54.91853846423328], [-1.7913845288567245, 54.9199758307077], [-1.7901490912772715, 54.92069451394491], [-1.790766810066998, 54.921053855563514], [-1.792002247646451, 54.921053855563514], [-1.7926199664361775, 54.92141319718212], [-1.7926199664361775, 54.92213188041933], [-1.7913845288567245, 54.92285056365654], [-1.792002247646451, 54.923209905275144], [-1.794473122805357, 54.923209905275144], [-1.796943997964263, 54.92464727174956], [-1.800650310702622, 54.92464727174956], [-1.803121185861528, 54.923209905275144], [-1.804356623440981, 54.923209905275144], [-1.805592061020434, 54.922491222037934], [-1.8080629361793399, 54.922491222037934], [-1.8099160925485194, 54.92141319718212], [-1.8099160925485194, 54.91925714747049], [-1.8105338113382459, 54.918897805851884], [-1.8117692489176989, 54.918897805851884], [-1.8136224052868783, 54.91781978099607], [-1.8136224052868783, 54.91710109775886], [-1.8142401240766048, 54.916741756140254], [-1.8154755616560578, 54.916741756140254], [-1.8160932804457843, 54.91638241452165], [-1.8160932804457843, 54.91566373128444], [-1.8148578428663313, 54.91494504804723], [-1.8148578428663313, 54.9127889983356], [-1.8123869677074254, 54.91135163186118], [-1.8142401240766048, 54.910273607005365], [-1.8154755616560578, 54.910273607005365], [-1.8160932804457843, 54.91063294862397], [-1.8154755616560578, 54.910992290242575], [-1.8142401240766048, 54.910992290242575], [-1.8136224052868783, 54.91135163186118], [-1.8179464368149638, 54.913867023191415], [-1.8191818743944168, 54.913867023191415], [-1.8210350307635963, 54.91494504804723], [-1.8179464368149638, 54.916741756140254], [-1.8167109992355108, 54.916741756140254], [-1.8160932804457843, 54.91710109775886], [-1.8167109992355108, 54.917460439377464], [-1.8191818743944168, 54.917460439377464], [-1.8204173119738698, 54.916741756140254], [-1.8210350307635963, 54.91710109775886], [-1.8210350307635963, 54.91781978099607], [-1.8222704683430493, 54.91853846423328], [-1.8222704683430493, 54.9199758307077], [-1.8216527495533228, 54.920335172326304], [-1.8191818743944168, 54.920335172326304], [-1.8185641556046903, 54.92069451394491], [-1.8185641556046903, 54.92356924689375], [-1.8173287180252373, 54.92428793013096], [-1.8173287180252373, 54.92500661336817], [-1.8167109992355108, 54.92536595498677], [-1.8154755616560578, 54.92536595498677], [-1.8142401240766048, 54.92464727174956], [-1.8130046864971519, 54.92464727174956], [-1.8111515301279724, 54.92572529660538], [-1.8123869677074254, 54.92644397984259], [-1.8123869677074254, 54.9271626630798], [-1.8092983737587929, 54.92895937117282], [-1.8080629361793399, 54.92895937117282], [-1.8074452173896134, 54.92931871279143], [-1.8111515301279724, 54.93147476250306], [-1.8111515301279724, 54.93506817868911], [-1.8105338113382459, 54.93542752030771], [-1.8092983737587929, 54.93542752030771], [-1.8080629361793399, 54.93614620354492], [-1.805592061020434, 54.93614620354492], [-1.804356623440981, 54.93686488678213], [-1.8037389046512544, 54.93650554516353], [-1.8049743422307074, 54.93578686192632], [-1.8049743422307074, 54.93506817868911], [-1.804356623440981, 54.9347088370705], [-1.803121185861528, 54.9347088370705], [-1.8012680294923484, 54.93578686192632], [-1.8012680294923484, 54.93650554516353], [-1.8000325919128954, 54.93722422840074], [-1.8000325919128954, 54.93794291163795], [-1.798179435543716, 54.93902093649376], [-1.796943997964263, 54.93902093649376], [-1.794473122805357, 54.94045830296818], [-1.792002247646451, 54.94045830296818], [-1.789531372487545, 54.93902093649376], [-1.787060497328639, 54.93902093649376], [-1.784589622169733, 54.94045830296818], [-1.782118747010827, 54.94045830296818], [-1.778412434272468, 54.93830225325655], [-1.777176996693015, 54.93830225325655], [-1.7765592779032886, 54.93794291163795], [-1.7765592779032886, 54.93722422840074], [-1.775941559113562, 54.93686488678213], [-1.7747061215341091, 54.93686488678213], [-1.7740884027443826, 54.93650554516353], [-1.7740884027443826, 54.93506817868911], [-1.7734706839546561, 54.9347088370705], [-1.7697643712162971, 54.9347088370705], [-1.7691466524265707, 54.9343494954519], [-1.7703820900060236, 54.93363081221469], [-1.7703820900060236, 54.93219344574027], [-1.7716175275854766, 54.93147476250306], [-1.7716175275854766, 54.93075607926585], [-1.7697643712162971, 54.92967805441003], [-1.7685289336368442, 54.93039673764724], [-1.7672934960573912, 54.93039673764724], [-1.7654403396882117, 54.92931871279143], [-1.7672934960573912, 54.92824068793561], [-1.7685289336368442, 54.92824068793561], [-1.7697643712162971, 54.92895937117282], [-1.7703820900060236, 54.92860002955422], [-1.7703820900060236, 54.92788134631701], [-1.7672934960573912, 54.92608463822398], [-1.7660580584779382, 54.92608463822398], [-1.7648226208984852, 54.92536595498677], [-1.7623517457395792, 54.92536595498677], [-1.7611163081601262, 54.92608463822398], [-1.7598808705806732, 54.92608463822398], [-1.7586454330012202, 54.92536595498677], [-1.7561745578423142, 54.92536595498677], [-1.7537036826834083, 54.923928588512354], [-1.7524682451039553, 54.923928588512354], [-1.7518505263142288, 54.92428793013096], [-1.7518505263142288, 54.92644397984259], [-1.7530859638936818, 54.9271626630798], [-1.7506150887347758, 54.92860002955422], [-1.7506150887347758, 54.93147476250306], [-1.7487619323655963, 54.93255278735887], [-1.7475264947861433, 54.93255278735887], [-1.7462910572066903, 54.93183410412166], [-1.7450556196272373, 54.93183410412166], [-1.7444379008375108, 54.93219344574027], [-1.7444379008375108, 54.93363081221469], [-1.7450556196272373, 54.93399015383329], [-1.7462910572066903, 54.93399015383329], [-1.7469087759964168, 54.9343494954519], [-1.7469087759964168, 54.93578686192632], [-1.7462910572066903, 54.93614620354492], [-1.7450556196272373, 54.93614620354492], [-1.7444379008375108, 54.93650554516353], [-1.7444379008375108, 54.93722422840074], [-1.7456733384169638, 54.93794291163795], [-1.7450556196272373, 54.93830225325655], [-1.7438201820477843, 54.93830225325655], [-1.7425847444683313, 54.93758357001934], [-1.7413493068888783, 54.93758357001934], [-1.7407315880991518, 54.93722422840074], [-1.7407315880991518, 54.93650554516353], [-1.7388784317299724, 54.93542752030771], [-1.7376429941505194, 54.93542752030771], [-1.7370252753607929, 54.93578686192632], [-1.7370252753607929, 54.93650554516353], [-1.7382607129402459, 54.93722422840074], [-1.7382607129402459, 54.93866159487516], [-1.7370252753607929, 54.93938027811237], [-1.7370252753607929, 54.94081764458679], [-1.7382607129402459, 54.941536327824], [-1.7382607129402459, 54.94225501106121], [-1.7339366814121604, 54.94477040239144], [-1.733318962622434, 54.944411060772836], [-1.733318962622434, 54.943692377535626], [-1.7327012438327074, 54.94333303591702], [-1.7314658062532544, 54.94333303591702], [-1.730848087463528, 54.942973694298416], [-1.730848087463528, 54.94225501106121], [-1.7302303686738014, 54.9418956694426], [-1.7277594935148954, 54.9418956694426], [-1.7265240559354424, 54.94261435267981], [-1.7252886183559895, 54.94261435267981], [-1.724670899566263, 54.942973694298416], [-1.7277594935148954, 54.94477040239144], [-1.7302303686738014, 54.94477040239144], [-1.7327012438327074, 54.94620776886586], [-1.7339366814121604, 54.94620776886586], [-1.7351721189916134, 54.94548908562865], [-1.7364075565710664, 54.94548908562865], [-1.7382607129402459, 54.946567110484466], [-1.7382607129402459, 54.948004476958886], [-1.7401138693094254, 54.9490825018147], [-1.7413493068888783, 54.94836381857749], [-1.7425847444683313, 54.94836381857749], [-1.7432024632580578, 54.948723160196096], [-1.7432024632580578, 54.951597893144935], [-1.7438201820477843, 54.95195723476354], [-1.7462910572066903, 54.95195723476354], [-1.7469087759964168, 54.952316576382145], [-1.7469087759964168, 54.953035259619355], [-1.7493796511553228, 54.954472626093775], [-1.7493796511553228, 54.955909992568195], [-1.7487619323655963, 54.9562693341868], [-1.7475264947861433, 54.9562693341868], [-1.7462910572066903, 54.95698801742401], [-1.7425847444683313, 54.95698801742401], [-1.7419670256786048, 54.957347359042615], [-1.7432024632580578, 54.958066042279825], [-1.7419670256786048, 54.958784725517035], [-1.7419670256786048, 54.959503408754244], [-1.7425847444683313, 54.95986275037285], [-1.7438201820477843, 54.95986275037285], [-1.7450556196272373, 54.95914406713564], [-1.7456733384169638, 54.959503408754244], [-1.7456733384169638, 54.960222091991454], [-1.7469087759964168, 54.960940775228664], [-1.7469087759964168, 54.961659458465874], [-1.7475264947861433, 54.96201880008448], [-1.7537036826834083, 54.96201880008448], [-1.7549391202628613, 54.96273748332169], [-1.7574099954217672, 54.96273748332169], [-1.7586454330012202, 54.9634561665589], [-1.7598808705806732, 54.9634561665589], [-1.7635871833190322, 54.96561221627053], [-1.7672934960573912, 54.96561221627053], [-1.7679112148471177, 54.965252874651924], [-1.7679112148471177, 54.964534191414714], [-1.7685289336368442, 54.96417484979611], [-1.7697643712162971, 54.96489353303332], [-1.7722352463752031, 54.9634561665589], [-1.7734706839546561, 54.96417484979611], [-1.7747061215341091, 54.96417484979611], [-1.775941559113562, 54.96489353303332], [-1.777176996693015, 54.96489353303332], [-1.7777947154827416, 54.964534191414714], [-1.7777947154827416, 54.963815508177504], [-1.7802655906416476, 54.962378141703084], [-1.7802655906416476, 54.961659458465874], [-1.780883309431374, 54.96130011684727], [-1.782118747010827, 54.96130011684727], [-1.78335418459028, 54.96201880008448], [-1.784589622169733, 54.96201880008448], [-1.785825059749186, 54.96273748332169], [-1.787060497328639, 54.96273748332169], [-1.7876782161183655, 54.962378141703084], [-1.7876782161183655, 54.961659458465874], [-1.7864427785389125, 54.960940775228664], [-1.787060497328639, 54.96058143361006], [-1.789531372487545, 54.96058143361006], [-1.790766810066998, 54.96130011684727], [-1.792002247646451, 54.96058143361006], [-1.793237685225904, 54.96058143361006], [-1.794473122805357, 54.96130011684727], [-1.79570856038481, 54.96130011684727], [-1.796943997964263, 54.96058143361006], [-1.798179435543716, 54.96058143361006], [-1.7987971543334424, 54.960222091991454], [-1.7987971543334424, 54.959503408754244], [-1.799414873123169, 54.95914406713564], [-1.800650310702622, 54.95914406713564], [-1.804356623440981, 54.95698801742401], [-1.805592061020434, 54.95770670066122], [-1.806827498599887, 54.95770670066122], [-1.8092983737587929, 54.95914406713564], [-1.8099160925485194, 54.958784725517035], [-1.8099160925485194, 54.958066042279825], [-1.8142401240766048, 54.95555065094959], [-1.8179464368149638, 54.95555065094959], [-1.8191818743944168, 54.9562693341868], [-1.8204173119738698, 54.95555065094959], [-1.8228881871327758, 54.95698801742401], [-1.8241236247122288, 54.95698801742401], [-1.8247413435019553, 54.957347359042615], [-1.8247413435019553, 54.959503408754244], [-1.8241236247122288, 54.95986275037285], [-1.8228881871327758, 54.95986275037285], [-1.8204173119738698, 54.96130011684727], [-1.8179464368149638, 54.96130011684727], [-1.8167109992355108, 54.96201880008448], [-1.8154755616560578, 54.96201880008448], [-1.8148578428663313, 54.961659458465874], [-1.8160932804457843, 54.960940775228664], [-1.8154755616560578, 54.96058143361006], [-1.8142401240766048, 54.96058143361006], [-1.8130046864971519, 54.96130011684727], [-1.8092983737587929, 54.96130011684727], [-1.8086806549690664, 54.961659458465874], [-1.8086806549690664, 54.962378141703084], [-1.8062097798101604, 54.963815508177504], [-1.8062097798101604, 54.965971557889134], [-1.804356623440981, 54.96704958274495], [-1.801885748282075, 54.96704958274495], [-1.8012680294923484, 54.96740892436355], [-1.8012680294923484, 54.96812760760076], [-1.8000325919128954, 54.96884629083797], [-1.8000325919128954, 54.97172102378681], [-1.798179435543716, 54.97279904864263], [-1.796943997964263, 54.97279904864263], [-1.7950908415950835, 54.97387707349844], [-1.7950908415950835, 54.97459575673565], [-1.794473122805357, 54.97495509835426], [-1.792002247646451, 54.97495509835426], [-1.7913845288567245, 54.97531443997286], [-1.7913845288567245, 54.97603312321007], [-1.794473122805357, 54.9778298313031], [-1.79570856038481, 54.9778298313031], [-1.7963262791745365, 54.9781891729217], [-1.7963262791745365, 54.97890785615891], [-1.7950908415950835, 54.97962653939612], [-1.7950908415950835, 54.98034522263333], [-1.792002247646451, 54.98214193072636], [-1.7913845288567245, 54.98178258910775], [-1.7913845288567245, 54.98106390587054], [-1.790766810066998, 54.98070456425194], [-1.788295934908092, 54.98070456425194], [-1.7876782161183655, 54.98034522263333], [-1.7901490912772715, 54.97890785615891], [-1.789531372487545, 54.97854851454031], [-1.787060497328639, 54.97854851454031], [-1.7852073409594595, 54.97747048968449], [-1.7852073409594595, 54.97531443997286], [-1.78335418459028, 54.97423641511705], [-1.780883309431374, 54.97423641511705], [-1.779647871851921, 54.97495509835426], [-1.778412434272468, 54.97495509835426], [-1.7765592779032886, 54.97603312321007], [-1.777176996693015, 54.97639246482868], [-1.779647871851921, 54.97639246482868], [-1.7815010282211006, 54.97747048968449], [-1.779647871851921, 54.97854851454031], [-1.778412434272468, 54.97854851454031], [-1.7777947154827416, 54.97890785615891], [-1.7777947154827416, 54.98034522263333], [-1.777176996693015, 54.98070456425194], [-1.7734706839546561, 54.98079439965659], [-1.7722352463752031, 54.98079439965659], [-1.7697643712162971, 54.98070456425194], [-1.768992222729139, 54.98034522263333], [-1.7643593318061903, 54.98034522263333], [-1.7635871833190322, 54.98070456425194], [-1.7611163081601262, 54.98079439965659], [-1.7561745578423142, 54.98223176613101], [-1.7499973699450493, 54.98223176613101], [-1.7586454330012202, 54.98286061396357], [-1.7672934960573912, 54.98286061396357], [-1.7679112148471177, 54.98321995558217], [-1.7679112148471177, 54.98393863881938], [-1.7666757772676647, 54.98465732205659], [-1.7685289336368442, 54.985735346912406], [-1.7697643712162971, 54.985735346912406], [-1.7703820900060236, 54.98609468853101], [-1.7703820900060236, 54.98681337176822], [-1.7728529651649296, 54.98825073824264], [-1.7728529651649296, 54.98896942147985], [-1.7722352463752031, 54.989328763098456], [-1.7709998087957501, 54.989328763098456], [-1.7703820900060236, 54.98968810471706], [-1.7728529651649296, 54.99112547119148], [-1.7728529651649296, 54.99184415442869], [-1.7747061215341091, 54.992922179284506], [-1.777176996693015, 54.992922179284506], [-1.779647871851921, 54.994359545758925], [-1.780883309431374, 54.994359545758925], [-1.7815010282211006, 54.99400020414032], [-1.7802655906416476, 54.99328152090311], [-1.7802655906416476, 54.99184415442869], [-1.782118747010827, 54.990766129572876], [-1.78335418459028, 54.991484812810086], [-1.7839719033800066, 54.99112547119148], [-1.7839719033800066, 54.99040678795427], [-1.784589622169733, 54.990047446335666], [-1.785825059749186, 54.990047446335666], [-1.788295934908092, 54.991484812810086], [-1.7889136536978185, 54.99112547119148], [-1.7889136536978185, 54.98896942147985], [-1.7876782161183655, 54.98825073824264], [-1.788295934908092, 54.987891396624036], [-1.793237685225904, 54.987891396624036], [-1.7938554040156305, 54.98825073824264], [-1.7938554040156305, 54.98896942147985], [-1.7926199664361775, 54.98968810471706], [-1.793237685225904, 54.990047446335666], [-1.794473122805357, 54.990047446335666], [-1.79570856038481, 54.989328763098456], [-1.800650310702622, 54.989328763098456], [-1.8012680294923484, 54.98896942147985], [-1.8012680294923484, 54.98753205500543], [-1.8025034670718014, 54.98681337176822], [-1.8025034670718014, 54.98609468853101], [-1.803121185861528, 54.985735346912406], [-1.804356623440981, 54.986454030149616], [-1.8049743422307074, 54.98609468853101], [-1.8049743422307074, 54.9853760052938], [-1.805592061020434, 54.9850166636752], [-1.8080629361793399, 54.986454030149616], [-1.8092983737587929, 54.986454030149616], [-1.8105338113382459, 54.985735346912406], [-1.8142401240766048, 54.985735346912406], [-1.8148578428663313, 54.9853760052938], [-1.8148578428663313, 54.98465732205659], [-1.8160932804457843, 54.98393863881938], [-1.8148578428663313, 54.98321995558217], [-1.8148578428663313, 54.98106390587054], [-1.8136224052868783, 54.98034522263333], [-1.8136224052868783, 54.97890785615891], [-1.8130046864971519, 54.97854851454031], [-1.8117692489176989, 54.97854851454031], [-1.8099160925485194, 54.97747048968449], [-1.8105338113382459, 54.97711114806589], [-1.8130046864971519, 54.97576361699612], [-1.8117692489176989, 54.97567378159147], [-1.8111515301279724, 54.97531443997286], [-1.8136224052868783, 54.97387707349844], [-1.8123869677074254, 54.97315839026123], [-1.8130046864971519, 54.97279904864263], [-1.8142401240766048, 54.97279904864263], [-1.8160932804457843, 54.97387707349844], [-1.816247710143216, 54.97459575673565], [-1.8184097259072587, 54.97459575673565], [-1.8191818743944168, 54.97423641511705], [-1.8216527495533228, 54.97342789647519], [-1.8228881871327758, 54.97217020081007], [-1.8222704683430493, 54.97172102378681], [-1.8228881871327758, 54.97136168216821], [-1.8241236247122288, 54.97136168216821], [-1.8261312107788399, 54.97243970702402], [-1.8272122186608613, 54.97172102378681], [-1.8290653750300407, 54.970642998931], [-1.8303008126094937, 54.970642998931], [-1.8333894065581262, 54.97243970702402], [-1.8333894065581262, 54.97315839026123], [-1.8321539689786732, 54.97387707349844], [-1.8333894065581262, 54.97459575673565], [-1.8327716877683997, 54.97495509835426], [-1.8319995392812416, 54.97459575673565], [-1.8327716877683997, 54.976302629424026], [-1.8333894065581262, 54.97675180644728], [-1.8346248441375792, 54.97747048968449], [-1.8346248441375792, 54.9781891729217], [-1.8352425629273057, 54.97854851454031], [-1.8358602817170322, 54.9781891729217], [-1.8358602817170322, 54.97747048968449], [-1.8364780005067587, 54.97711114806589], [-1.8370957192964852, 54.97747048968449], [-1.8370957192964852, 54.9781891729217], [-1.8383311568759382, 54.97890785615891], [-1.8383311568759382, 54.97962653939612], [-1.8395665944553912, 54.98034522263333], [-1.8395665944553912, 54.98178258910775], [-1.8420374696142972, 54.98321995558217], [-1.8420374696142972, 54.98393863881938], [-1.8451260635629296, 54.985735346912406], [-1.8469792199321091, 54.98465732205659], [-1.8469792199321091, 54.98393863881938], [-1.8463615011423826, 54.98357929720078], [-1.8451260635629296, 54.98357929720078], [-1.8432729071937501, 54.98250127234496], [-1.8432729071937501, 54.98034522263333], [-1.8438906259834766, 54.97998588101473], [-1.8500678138807416, 54.97998588101473], [-1.8513032514601946, 54.97926719777752], [-1.8550095641985536, 54.97926719777752], [-1.85562728298828, 54.97962653939612], [-1.85562728298828, 54.98034522263333], [-1.856862720567733, 54.98106390587054], [-1.856862720567733, 54.98178258910775], [-1.8587158769369125, 54.98286061396357], [-1.8611867520958185, 54.98286061396357], [-1.8636576272547245, 54.98142324748915], [-1.8648930648341775, 54.98142324748915], [-1.865510783623904, 54.98106390587054], [-1.865510783623904, 54.97962653939612], [-1.866746221203357, 54.97890785615891], [-1.866746221203357, 54.97747048968449], [-1.8673639399930835, 54.97711114806589], [-1.869217096362263, 54.9781891729217], [-1.869217096362263, 54.98178258910775], [-1.8698348151519895, 54.98214193072636], [-1.8723056903108954, 54.98214193072636], [-1.872923409100622, 54.98250127234496], [-1.872923409100622, 54.98321995558217], [-1.8784828782081604, 54.986454030149616], [-1.8803360345773399, 54.9853760052938], [-1.8803360345773399, 54.98465732205659], [-1.879100596997887, 54.98393863881938], [-1.8809537533670664, 54.98286061396357], [-1.8821891909465194, 54.98286061396357], [-1.8828069097362459, 54.98321995558217], [-1.8828069097362459, 54.98393863881938], [-1.8840423473156989, 54.98465732205659], [-1.8840423473156989, 54.98753205500543], [-1.8834246285259724, 54.987891396624036], [-1.8809537533670664, 54.987891396624036], [-1.8803360345773399, 54.98825073824264], [-1.8803360345773399, 54.98896942147985], [-1.8797183157876134, 54.989328763098456], [-1.8784828782081604, 54.989328763098456], [-1.877865159418434, 54.98968810471706], [-1.877865159418434, 54.99112547119148], [-1.8772474406287074, 54.991484812810086], [-1.8760120030492544, 54.991484812810086], [-1.875394284259528, 54.99184415442869], [-1.875394284259528, 54.9925628376659], [-1.874158846680075, 54.99328152090311], [-1.874158846680075, 54.99400020414032], [-1.8710702527314425, 54.995796912233345], [-1.8685993775725365, 54.995796912233345], [-1.8673639399930835, 54.995078228996135], [-1.8636576272547245, 54.995078228996135], [-1.8611867520958185, 54.996515595470555], [-1.8599513145163655, 54.995796912233345], [-1.8574804393574595, 54.995796912233345], [-1.856862720567733, 54.99543757061474], [-1.856862720567733, 54.99471888737753], [-1.8562450017780066, 54.994359545758925], [-1.854391845408827, 54.99543757061474], [-1.854391845408827, 54.99687493708916], [-1.8537741266191006, 54.997234278707765], [-1.8525386890396476, 54.997234278707765], [-1.850685532670468, 54.99615625385195], [-1.850685532670468, 54.99543757061474], [-1.8500678138807416, 54.995078228996135], [-1.8488323763012886, 54.995078228996135], [-1.848214657511562, 54.99471888737753], [-1.848214657511562, 54.99400020414032], [-1.8475969387218356, 54.993640862521715], [-1.8463615011423826, 54.993640862521715], [-1.8457437823526561, 54.99328152090311], [-1.8457437823526561, 54.99184415442869], [-1.8451260635629296, 54.991484812810086], [-1.8438906259834766, 54.991484812810086], [-1.8426551884040236, 54.990766129572876], [-1.8414197508245707, 54.990766129572876], [-1.8401843132451177, 54.991484812810086], [-1.8377134380862117, 54.991484812810086], [-1.8370957192964852, 54.99184415442869], [-1.8370957192964852, 54.99328152090311], [-1.8389488756656647, 54.994359545758925], [-1.8414197508245707, 54.994359545758925], [-1.8420374696142972, 54.99471888737753], [-1.8420374696142972, 54.99543757061474], [-1.8432729071937501, 54.99615625385195], [-1.8420374696142972, 54.99687493708916], [-1.8420374696142972, 54.999749670038], [-1.8414197508245707, 55.000109011656605], [-1.8389488756656647, 55.000109011656605], [-1.8370957192964852, 54.99903098680079], [-1.8370957192964852, 54.99831230356358], [-1.8364780005067587, 54.997952961944975], [-1.8340071253478527, 54.997952961944975], [-1.8333894065581262, 54.99831230356358], [-1.8333894065581262, 54.99903098680079], [-1.8327716877683997, 54.999390328419395], [-1.8315362501889467, 54.999390328419395], [-1.8303008126094937, 54.998671645182185], [-1.8290653750300407, 54.998671645182185], [-1.8278299374505877, 54.999390328419395], [-1.8272122186608613, 54.99903098680079], [-1.8272122186608613, 54.99831230356358], [-1.8278299374505877, 54.997952961944975], [-1.8290653750300407, 54.997952961944975], [-1.8296830938197672, 54.99759362032637], [-1.8278299374505877, 54.996515595470555], [-1.8265944998711348, 54.996515595470555], [-1.8253590622916818, 54.997234278707765], [-1.8247413435019553, 54.99687493708916], [-1.8247413435019553, 54.99543757061474], [-1.8235059059225023, 54.99471888737753], [-1.8235059059225023, 54.99400020414032], [-1.8228881871327758, 54.993640862521715], [-1.8216527495533228, 54.994359545758925], [-1.8191818743944168, 54.994359545758925], [-1.8179464368149638, 54.995078228996135], [-1.8154755616560578, 54.995078228996135], [-1.8130046864971519, 54.996515595470555], [-1.8105338113382459, 54.996515595470555], [-1.8099160925485194, 54.99687493708916], [-1.8099160925485194, 54.99903098680079], [-1.8123869677074254, 55.00046835327521], [-1.8123869677074254, 55.00118703651242], [-1.8099160925485194, 55.00262440298684], [-1.8099160925485194, 55.00334308622405], [-1.8074452173896134, 55.00478045269847], [-1.8074452173896134, 55.00549913593568], [-1.805592061020434, 55.006577160791494], [-1.804356623440981, 55.005858477554284], [-1.803121185861528, 55.005858477554284], [-1.8025034670718014, 55.00549913593568], [-1.8025034670718014, 55.00478045269847], [-1.8012680294923484, 55.00406176946126], [-1.8012680294923484, 55.00046835327521], [-1.800650310702622, 55.000109011656605], [-1.799414873123169, 55.000109011656605], [-1.7975617167539895, 55.00118703651242], [-1.7987971543334424, 55.00190571974963], [-1.7987971543334424, 55.00478045269847], [-1.7975617167539895, 55.00549913593568], [-1.7975617167539895, 55.00621781917289], [-1.796943997964263, 55.006577160791494], [-1.79570856038481, 55.006577160791494], [-1.7938554040156305, 55.00549913593568], [-1.7950908415950835, 55.00478045269847], [-1.7950908415950835, 55.00334308622405], [-1.7963262791745365, 55.00262440298684], [-1.7963262791745365, 55.00190571974963], [-1.79570856038481, 55.001546378131025], [-1.792002247646451, 55.001546378131025], [-1.7901490912772715, 55.00262440298684], [-1.7901490912772715, 55.00406176946126], [-1.7913845288567245, 55.00478045269847], [-1.7901490912772715, 55.00549913593568], [-1.790766810066998, 55.005858477554284], [-1.792002247646451, 55.005858477554284], [-1.7926199664361775, 55.00621781917289], [-1.790766810066998, 55.007295844028704], [-1.7901490912772715, 55.0069365024101], [-1.7901490912772715, 55.00621781917289], [-1.789531372487545, 55.005858477554284], [-1.787060497328639, 55.005858477554284], [-1.7864427785389125, 55.00549913593568], [-1.7864427785389125, 55.00478045269847], [-1.7876782161183655, 55.00406176946126], [-1.7876782161183655, 55.00334308622405], [-1.785825059749186, 55.002265061368234], [-1.784589622169733, 55.002983744605444], [-1.782118747010827, 55.002983744605444], [-1.780883309431374, 55.003702427842654], [-1.779647871851921, 55.003702427842654], [-1.7790301530621946, 55.00334308622405], [-1.7790301530621946, 55.00190571974963], [-1.7777947154827416, 55.00118703651242], [-1.7777947154827416, 54.999749670038], [-1.777176996693015, 54.999390328419395], [-1.7709998087957501, 54.999390328419395], [-1.7703820900060236, 54.999749670038], [-1.7709998087957501, 55.000109011656605], [-1.7722352463752031, 55.000109011656605], [-1.7728529651649296, 55.00046835327521], [-1.7728529651649296, 55.00262440298684], [-1.7703820900060236, 55.00406176946126], [-1.7709998087957501, 55.004421111079864], [-1.7722352463752031, 55.004421111079864], [-1.7728529651649296, 55.00478045269847], [-1.7728529651649296, 55.00549913593568], [-1.7722352463752031, 55.005858477554284], [-1.7709998087957501, 55.005139794317074], [-1.7703820900060236, 55.00549913593568], [-1.7703820900060236, 55.00621781917289], [-1.7697643712162971, 55.006577160791494], [-1.7672934960573912, 55.006577160791494], [-1.7666757772676647, 55.00621781917289], [-1.7679112148471177, 55.00549913593568], [-1.7679112148471177, 55.00478045269847], [-1.7703820900060236, 55.00334308622405], [-1.7697643712162971, 55.002983744605444], [-1.7672934960573912, 55.002983744605444], [-1.7660580584779382, 55.003702427842654], [-1.7648226208984852, 55.002983744605444], [-1.7635871833190322, 55.002983744605444], [-1.7623517457395792, 55.003702427842654], [-1.7598808705806732, 55.002265061368234], [-1.7586454330012202, 55.002265061368234], [-1.7580277142114937, 55.00262440298684], [-1.7592631517909467, 55.00334308622405], [-1.7592631517909467, 55.00549913593568], [-1.7586454330012202, 55.005858477554284], [-1.7561745578423142, 55.005858477554284], [-1.7549391202628613, 55.005139794317074], [-1.7537036826834083, 55.005139794317074], [-1.7530859638936818, 55.00478045269847], [-1.7543214014731348, 55.00406176946126], [-1.7543214014731348, 55.00190571974963], [-1.7537036826834083, 55.001546378131025], [-1.7512328075245023, 55.001546378131025], [-1.7487619323655963, 55.002983744605444], [-1.7475264947861433, 55.002983744605444], [-1.7469087759964168, 55.00262440298684], [-1.7469087759964168, 54.999749670038], [-1.7462910572066903, 54.999390328419395], [-1.7450556196272373, 55.000109011656605], [-1.7438201820477843, 55.000109011656605], [-1.7432024632580578, 54.999749670038], [-1.7432024632580578, 54.99903098680079], [-1.7425847444683313, 54.998671645182185], [-1.7413493068888783, 54.998671645182185], [-1.7407315880991518, 54.99903098680079], [-1.7407315880991518, 54.999749670038], [-1.7401138693094254, 55.000109011656605], [-1.7394961505196989, 54.999749670038], [-1.7394961505196989, 54.99831230356358], [-1.7388784317299724, 54.997952961944975], [-1.7376429941505194, 54.997952961944975], [-1.7370252753607929, 54.99831230356358], [-1.7370252753607929, 54.99903098680079], [-1.7382607129402459, 54.999749670038], [-1.7382607129402459, 55.00478045269847], [-1.7364075565710664, 55.005858477554284], [-1.7327012438327074, 55.005858477554284], [-1.732083525042981, 55.00621781917289], [-1.732083525042981, 55.00765518564731], [-1.734554400201887, 55.00909255212173], [-1.7314658062532544, 55.01088926021475], [-1.7302303686738014, 55.01017057697754], [-1.7289949310943484, 55.01017057697754], [-1.728377212304622, 55.00981123535894], [-1.728377212304622, 55.00909255212173], [-1.727141774725169, 55.00837386888452], [-1.727141774725169, 55.00765518564731], [-1.7265240559354424, 55.007295844028704], [-1.7252886183559895, 55.007295844028704], [-1.72343546198681, 55.00837386888452], [-1.72343546198681, 55.00909255212173], [-1.7240531807765365, 55.009451893740334], [-1.7252886183559895, 55.009451893740334], [-1.725906337145716, 55.00981123535894], [-1.7240531807765365, 55.01088926021475], [-1.7203468680381775, 55.01088926021475], [-1.719729149248451, 55.01124860183336], [-1.719729149248451, 55.01196728507057], [-1.718493711668998, 55.01268596830778], [-1.718493711668998, 55.0141233347822], [-1.7166405552998185, 55.01520135963801], [-1.7154051177203655, 55.0144826764008], [-1.7141696801409125, 55.0144826764008], [-1.713551961351186, 55.0141233347822], [-1.713551961351186, 55.01268596830778], [-1.7129342425614595, 55.01232662668917], [-1.7116988049820065, 55.01232662668917], [-1.7092279298231006, 55.01376399316359], [-1.7079924922436476, 55.01376399316359], [-1.7067570546641946, 55.01304530992638], [-1.7042861795052886, 55.01304530992638], [-1.7024330231361091, 55.0141233347822], [-1.7024330231361091, 55.01556070125662], [-1.703668460715562, 55.01627938449383], [-1.703668460715562, 55.01699806773104], [-1.7030507419258356, 55.01735740934964], [-1.7018153043463826, 55.01735740934964], [-1.7005798667669296, 55.01807609258685], [-1.6993444291874766, 55.01735740934964], [-1.6968735540285707, 55.01735740934964], [-1.6956381164491177, 55.01807609258685], [-1.6944026788696647, 55.01807609258685], [-1.6937849600799382, 55.01843543420546], [-1.6937849600799382, 55.01915411744267], [-1.6974912728182971, 55.0213101671543], [-1.6974912728182971, 55.02202885039151], [-1.6981089916080236, 55.02238819201011], [-1.6987267103977501, 55.02202885039151], [-1.6987267103977501, 55.0213101671543], [-1.6993444291874766, 55.02095082553569], [-1.6999621479772031, 55.0213101671543], [-1.6999621479772031, 55.02202885039151], [-1.7005798667669296, 55.02238819201011], [-1.7018153043463826, 55.02238819201011], [-1.7030507419258356, 55.02310687524732], [-1.7042861795052886, 55.02310687524732], [-1.7055216170847416, 55.02382555848453], [-1.7067570546641946, 55.02382555848453], [-1.7079924922436476, 55.02454424172174], [-1.7092279298231006, 55.02454424172174], [-1.7129342425614595, 55.02238819201011], [-1.7154051177203655, 55.02238819201011], [-1.716022836510092, 55.02274753362872], [-1.716022836510092, 55.02346621686593], [-1.7166405552998185, 55.02382555848453], [-1.7203468680381775, 55.02382555848453], [-1.720964586827904, 55.02418490010314], [-1.720964586827904, 55.02705963305198], [-1.7203468680381775, 55.02741897467058], [-1.7166405552998185, 55.02741897467058], [-1.716022836510092, 55.02777831628919], [-1.716022836510092, 55.028496999526396], [-1.718493711668998, 55.029934366000816], [-1.716022836510092, 55.031371732475236], [-1.7166405552998185, 55.03173107409384], [-1.7203468680381775, 55.03173107409384], [-1.720964586827904, 55.032090415712446], [-1.720964586827904, 55.032809098949656], [-1.7215823056176305, 55.03316844056826], [-1.7228177431970835, 55.03316844056826], [-1.72343546198681, 55.033527782186866], [-1.72343546198681, 55.036402515135705], [-1.7240531807765365, 55.03676185675431], [-1.7277594935148954, 55.03676185675431], [-1.728377212304622, 55.037121198372915], [-1.728377212304622, 55.037839881610125], [-1.730848087463528, 55.039277248084545], [-1.730848087463528, 55.039995931321755], [-1.7314658062532544, 55.04035527294036], [-1.7327012438327074, 55.04035527294036], [-1.7351721189916134, 55.03891790646594], [-1.7357898377813399, 55.039277248084545], [-1.7357898377813399, 55.039995931321755], [-1.7364075565710664, 55.04035527294036], [-1.7376429941505194, 55.03963658970315], [-1.7401138693094254, 55.03963658970315], [-1.7407315880991518, 55.039995931321755], [-1.7407315880991518, 55.040714614558965], [-1.7425847444683313, 55.04179263941478], [-1.7475264947861433, 55.04179263941478], [-1.7481442135758698, 55.041433297796175], [-1.7481442135758698, 55.040714614558965], [-1.7469087759964168, 55.039995931321755], [-1.7475264947861433, 55.03963658970315], [-1.7487619323655963, 55.04035527294036], [-1.7493796511553228, 55.039995931321755], [-1.7493796511553228, 55.038558564847335], [-1.7487619323655963, 55.03819922322873], [-1.7475264947861433, 55.03819922322873], [-1.7469087759964168, 55.037839881610125], [-1.7481442135758698, 55.037121198372915], [-1.7481442135758698, 55.036402515135705], [-1.7487619323655963, 55.0360431735171], [-1.7499973699450493, 55.03676185675431], [-1.7506150887347758, 55.036402515135705], [-1.7506150887347758, 55.035683831898496], [-1.7512328075245023, 55.03532449027989], [-1.7524682451039553, 55.0360431735171], [-1.7537036826834083, 55.0360431735171], [-1.7549391202628613, 55.03532449027989], [-1.7574099954217672, 55.03532449027989], [-1.7586454330012202, 55.0360431735171], [-1.7592631517909467, 55.035683831898496], [-1.7592631517909467, 55.033527782186866], [-1.7598808705806732, 55.03316844056826], [-1.7604985893703997, 55.033527782186866], [-1.7604985893703997, 55.034965148661286], [-1.7611163081601262, 55.03532449027989], [-1.7623517457395792, 55.03532449027989], [-1.7629694645293057, 55.034965148661286], [-1.7617340269498527, 55.034246465424076], [-1.7617340269498527, 55.032809098949656], [-1.7611163081601262, 55.03244975733105], [-1.7598808705806732, 55.03244975733105], [-1.7592631517909467, 55.032090415712446], [-1.7611163081601262, 55.03101239085663], [-1.7623517457395792, 55.03101239085663], [-1.7629694645293057, 55.030653049238026], [-1.7617340269498527, 55.029934366000816], [-1.7623517457395792, 55.02957502438221], [-1.7635871833190322, 55.03029370761942], [-1.7648226208984852, 55.03029370761942], [-1.7654403396882117, 55.030653049238026], [-1.7654403396882117, 55.031371732475236], [-1.7660580584779382, 55.03173107409384], [-1.7697643712162971, 55.03173107409384], [-1.7703820900060236, 55.032090415712446], [-1.7703820900060236, 55.032809098949656], [-1.7709998087957501, 55.03316844056826], [-1.7722352463752031, 55.03244975733105], [-1.7728529651649296, 55.032809098949656], [-1.7728529651649296, 55.033527782186866], [-1.775941559113562, 55.03532449027989], [-1.777176996693015, 55.03532449027989], [-1.7777947154827416, 55.035683831898496], [-1.777176996693015, 55.0360431735171], [-1.7734706839546561, 55.0360431735171], [-1.7728529651649296, 55.035683831898496], [-1.7728529651649296, 55.034965148661286], [-1.7722352463752031, 55.03460580704268], [-1.7716175275854766, 55.034965148661286], [-1.7716175275854766, 55.036402515135705], [-1.7722352463752031, 55.03676185675431], [-1.7734706839546561, 55.03676185675431], [-1.7740884027443826, 55.037121198372915], [-1.7740884027443826, 55.039277248084545], [-1.7728529651649296, 55.039995931321755], [-1.7728529651649296, 55.040714614558965], [-1.7722352463752031, 55.04107395617757], [-1.7709998087957501, 55.04107395617757], [-1.7697643712162971, 55.04035527294036], [-1.7691466524265707, 55.040714614558965], [-1.7691466524265707, 55.043589347507805], [-1.7685289336368442, 55.04394868912641], [-1.7660580584779382, 55.04394868912641], [-1.7635871833190322, 55.04538605560083], [-1.7611163081601262, 55.04538605560083], [-1.7592631517909467, 55.046464080456644], [-1.7592631517909467, 55.050057496642694], [-1.7604985893703997, 55.050776179879904], [-1.7604985893703997, 55.05365091282874], [-1.7598808705806732, 55.05401025444735], [-1.7574099954217672, 55.05401025444735], [-1.7567922766320407, 55.05436959606595], [-1.7567922766320407, 55.05508827930316], [-1.7549391202628613, 55.05616630415898], [-1.7512328075245023, 55.05616630415898], [-1.7506150887347758, 55.05652564577758], [-1.7506150887347758, 55.05724432901479], [-1.7493796511553228, 55.057963012252], [-1.7499973699450493, 55.05832235387061], [-1.7524682451039553, 55.05832235387061], [-1.7530859638936818, 55.05868169548921], [-1.7530859638936818, 55.05940037872642], [-1.7555568390525877, 55.06083774520084], [-1.7549391202628613, 55.06119708681945], [-1.7537036826834083, 55.06119708681945], [-1.7530859638936818, 55.06155642843805], [-1.7543214014731348, 55.06227511167526], [-1.7543214014731348, 55.06299379491247], [-1.7549391202628613, 55.06335313653108], [-1.7561745578423142, 55.06335313653108], [-1.7567922766320407, 55.06371247814968], [-1.7567922766320407, 55.06443116138689], [-1.7561745578423142, 55.0647905030055], [-1.7549391202628613, 55.0647905030055], [-1.7543214014731348, 55.0651498446241], [-1.7543214014731348, 55.06658721109852], [-1.7555568390525877, 55.06730589433573], [-1.7555568390525877, 55.06802457757294], [-1.7561745578423142, 55.06838391919155], [-1.7574099954217672, 55.06838391919155], [-1.7580277142114937, 55.06874326081015], [-1.7580277142114937, 55.07018062728457], [-1.7567922766320407, 55.07089931052178], [-1.7580277142114937, 55.07161799375899], [-1.7574099954217672, 55.071977335377596], [-1.7561745578423142, 55.071258652140386], [-1.7537036826834083, 55.072696018614806], [-1.7499973699450493, 55.072696018614806], [-1.7487619323655963, 55.071977335377596], [-1.7475264947861433, 55.071977335377596], [-1.7469087759964168, 55.07161799375899], [-1.7469087759964168, 55.07089931052178], [-1.7481442135758698, 55.07018062728457], [-1.7481442135758698, 55.06946194404736], [-1.7493796511553228, 55.06874326081015], [-1.7481442135758698, 55.06802457757294], [-1.7481442135758698, 55.06658721109852], [-1.7493796511553228, 55.06586852786131], [-1.7487619323655963, 55.06550918624271], [-1.7475264947861433, 55.06550918624271], [-1.7456733384169638, 55.06443116138689], [-1.7456733384169638, 55.06371247814968], [-1.7481442135758698, 55.06227511167526], [-1.7481442135758698, 55.06155642843805], [-1.7456733384169638, 55.06011906196363], [-1.7456733384169638, 55.05940037872642], [-1.7469087759964168, 55.05868169548921], [-1.7456733384169638, 55.057963012252], [-1.7456733384169638, 55.05652564577758], [-1.7450556196272373, 55.05616630415898], [-1.7444379008375108, 55.05652564577758], [-1.7444379008375108, 55.05868169548921], [-1.7438201820477843, 55.05904103710782], [-1.7425847444683313, 55.05904103710782], [-1.7413493068888783, 55.05832235387061], [-1.7388784317299724, 55.05832235387061], [-1.7382607129402459, 55.057963012252], [-1.7382607129402459, 55.05724432901479], [-1.7388784317299724, 55.05688498739619], [-1.7401138693094254, 55.05688498739619], [-1.7407315880991518, 55.05652564577758], [-1.7401138693094254, 55.05616630415898], [-1.7376429941505194, 55.05616630415898], [-1.7364075565710664, 55.05544762092177], [-1.7351721189916134, 55.05616630415898], [-1.7339366814121604, 55.05616630415898], [-1.7327012438327074, 55.05688498739619], [-1.732083525042981, 55.05652564577758], [-1.732083525042981, 55.05365091282874], [-1.730848087463528, 55.05293222959153], [-1.730848087463528, 55.052213546354324], [-1.7302303686738014, 55.05185420473572], [-1.7289949310943484, 55.05185420473572], [-1.7277594935148954, 55.05113552149851], [-1.7252886183559895, 55.05113552149851], [-1.72343546198681, 55.050057496642694], [-1.72343546198681, 55.049338813405484], [-1.7215823056176305, 55.04826078854967], [-1.7178759928792715, 55.0504168382613], [-1.7141696801409125, 55.0504168382613], [-1.7129342425614595, 55.04969815502409], [-1.7116988049820065, 55.04969815502409], [-1.7104633674025536, 55.0504168382613], [-1.7092279298231006, 55.0504168382613], [-1.708610211033374, 55.050057496642694], [-1.708610211033374, 55.046464080456644], [-1.707374773453921, 55.045745397219434], [-1.707374773453921, 55.044308030745015], [-1.7067570546641946, 55.04394868912641], [-1.7042861795052886, 55.04394868912641], [-1.703668460715562, 55.043589347507805], [-1.703668460715562, 55.042151981033385], [-1.704903898295015, 55.041433297796175], [-1.703668460715562, 55.040714614558965], [-1.703668460715562, 55.037121198372915], [-1.7024330231361091, 55.036402515135705], [-1.7024330231361091, 55.035683831898496], [-1.7011975855566561, 55.034965148661286], [-1.7011975855566561, 55.034246465424076], [-1.6993444291874766, 55.03316844056826], [-1.6981089916080236, 55.03316844056826], [-1.6974912728182971, 55.033527782186866], [-1.6974912728182971, 55.034246465424076], [-1.6968735540285707, 55.03460580704268], [-1.6906963661313057, 55.03460580704268], [-1.6888432097621262, 55.033527782186866], [-1.6906963661313057, 55.03244975733105], [-1.6919318037107587, 55.03244975733105], [-1.6925495225004852, 55.032090415712446], [-1.6925495225004852, 55.031371732475236], [-1.6937849600799382, 55.030653049238026], [-1.6906963661313057, 55.028856341145], [-1.6894609285518527, 55.02957502438221], [-1.6869900533929467, 55.02957502438221], [-1.6857546158134937, 55.03029370761942], [-1.6839014594443142, 55.029215682763606], [-1.6839014594443142, 55.02777831628919], [-1.6851368970237672, 55.02705963305198], [-1.6845191782340407, 55.02670029143337], [-1.6820483030751348, 55.02670029143337], [-1.6814305842854083, 55.02634094981477], [-1.6814305842854083, 55.02490358334035], [-1.6808128654956818, 55.02454424172174], [-1.6783419903367758, 55.02454424172174], [-1.6758711151778698, 55.02598160819616], [-1.6721648024395108, 55.02598160819616], [-1.6703116460703313, 55.02705963305198], [-1.6703116460703313, 55.028496999526396], [-1.6709293648600578, 55.028856341145], [-1.6721648024395108, 55.028856341145], [-1.6727825212292373, 55.029215682763606], [-1.6727825212292373, 55.030653049238026], [-1.6746356775984168, 55.03173107409384], [-1.6758711151778698, 55.03173107409384], [-1.6777242715470493, 55.032809098949656], [-1.6771065527573228, 55.03316844056826], [-1.6734002400189638, 55.03316844056826], [-1.6721648024395108, 55.03388712380547], [-1.6709293648600578, 55.03388712380547], [-1.6690762084908783, 55.034965148661286], [-1.6690762084908783, 55.037121198372915], [-1.6709293648600578, 55.03819922322873], [-1.6721648024395108, 55.03819922322873], [-1.6746356775984168, 55.03676185675431], [-1.6752533963881433, 55.037121198372915], [-1.6752533963881433, 55.037839881610125], [-1.6771065527573228, 55.03891790646594], [-1.6783419903367758, 55.03891790646594], [-1.6795774279162288, 55.03819922322873], [-1.6814305842854083, 55.039277248084545], [-1.6795774279162288, 55.04035527294036], [-1.6771065527573228, 55.04035527294036], [-1.6764888339675963, 55.040714614558965], [-1.6764888339675963, 55.041433297796175], [-1.6752533963881433, 55.042151981033385], [-1.6752533963881433, 55.044308030745015], [-1.6764888339675963, 55.045026713982224], [-1.6764888339675963, 55.045745397219434], [-1.6771065527573228, 55.04610473883804], [-1.6808128654956818, 55.04610473883804], [-1.6814305842854083, 55.046464080456644], [-1.6814305842854083, 55.047182763693854], [-1.6820483030751348, 55.04754210531246], [-1.6832837406545877, 55.04754210531246], [-1.6839014594443142, 55.047901446931064], [-1.6839014594443142, 55.048620130168274], [-1.6857546158134937, 55.04969815502409], [-1.6882254909723997, 55.04969815502409], [-1.6906963661313057, 55.04826078854967], [-1.6919318037107587, 55.04826078854967], [-1.6937849600799382, 55.049338813405484], [-1.6937849600799382, 55.050057496642694], [-1.6944026788696647, 55.0504168382613], [-1.6968735540285707, 55.0504168382613], [-1.6974912728182971, 55.050776179879904], [-1.6974912728182971, 55.052213546354324], [-1.6968735540285707, 55.05257288797293], [-1.6944026788696647, 55.05257288797293], [-1.6937849600799382, 55.05293222959153], [-1.6937849600799382, 55.05436959606595], [-1.6913140849210322, 55.05580696254037], [-1.6913140849210322, 55.057963012252], [-1.6906963661313057, 55.05832235387061], [-1.6894609285518527, 55.05832235387061], [-1.6882254909723997, 55.05904103710782], [-1.6869900533929467, 55.05904103710782], [-1.6863723346032202, 55.05868169548921], [-1.6863723346032202, 55.057963012252], [-1.6845191782340407, 55.05688498739619], [-1.6814305842854083, 55.05868169548921], [-1.6814305842854083, 55.06011906196363], [-1.6820483030751348, 55.06047840358224], [-1.6832837406545877, 55.06047840358224], [-1.6839014594443142, 55.06083774520084], [-1.6839014594443142, 55.06155642843805], [-1.6820483030751348, 55.06263445329387], [-1.6808128654956818, 55.06263445329387], [-1.6795774279162288, 55.06191577005666], [-1.6783419903367758, 55.06191577005666], [-1.6771065527573228, 55.06119708681945], [-1.6758711151778698, 55.06119708681945], [-1.6746356775984168, 55.06047840358224], [-1.6709293648600578, 55.06047840358224], [-1.6696939272806048, 55.06119708681945], [-1.6672230521216989, 55.06119708681945], [-1.6666053333319724, 55.06083774520084], [-1.6666053333319724, 55.05940037872642], [-1.6659876145422459, 55.05904103710782], [-1.6635167393833399, 55.05904103710782], [-1.6628990205936134, 55.05868169548921], [-1.6628990205936134, 55.057963012252], [-1.662281301803887, 55.0576036706334], [-1.661045864224434, 55.0576036706334], [-1.6604281454347074, 55.05724432901479], [-1.6604281454347074, 55.05580696254037], [-1.659810426644981, 55.05544762092177], [-1.658574989065528, 55.05616630415898], [-1.657339551486075, 55.05616630415898], [-1.6567218326963484, 55.05580696254037], [-1.6567218326963484, 55.052213546354324], [-1.6579572702758014, 55.051494863117114], [-1.657339551486075, 55.05113552149851], [-1.653633238747716, 55.05113552149851], [-1.6517800823785365, 55.052213546354324], [-1.6517800823785365, 55.05365091282874], [-1.65116236358881, 55.05401025444735], [-1.649926926009357, 55.054100089852], [-1.646220613270998, 55.054100089852], [-1.642514300532639, 55.05481877308921], [-1.643749738112092, 55.05607646875433], [-1.6443674569018185, 55.05652564577758], [-1.643749738112092, 55.05688498739619], [-1.642514300532639, 55.05688498739619], [-1.6406611441634595, 55.057963012252], [-1.6406611441634595, 55.05940037872642], [-1.6381902690045536, 55.06083774520084], [-1.6381902690045536, 55.06227511167526], [-1.637572550214827, 55.06263445329387], [-1.636337112635374, 55.06191577005666], [-1.6357193938456476, 55.06227511167526], [-1.6357193938456476, 55.06299379491247], [-1.6369548314251006, 55.06371247814968], [-1.6369548314251006, 55.06586852786131], [-1.6381902690045536, 55.06658721109852], [-1.6369548314251006, 55.06730589433573], [-1.6394257065840065, 55.06874326081015], [-1.6381902690045536, 55.06946194404736], [-1.63880798779428, 55.06982128566597], [-1.640043425373733, 55.06982128566597], [-1.6406611441634595, 55.06946194404736], [-1.6406611441634595, 55.06730589433573], [-1.641278862953186, 55.06694655271713], [-1.6418965817429125, 55.06730589433573], [-1.6418965817429125, 55.06802457757294], [-1.642514300532639, 55.06838391919155], [-1.643749738112092, 55.06838391919155], [-1.6443674569018185, 55.06874326081015], [-1.6443674569018185, 55.07305536023341], [-1.643749738112092, 55.073414701852016], [-1.642514300532639, 55.073414701852016], [-1.6418965817429125, 55.07305536023341], [-1.6418965817429125, 55.07161799375899], [-1.641278862953186, 55.071258652140386], [-1.640043425373733, 55.071258652140386], [-1.6344839562661946, 55.07449272670783], [-1.6344839562661946, 55.07593009318225], [-1.6357193938456476, 55.07664877641946], [-1.6357193938456476, 55.07736745965667], [-1.6332485186867416, 55.07880482613109], [-1.6332485186867416, 55.0795235093683], [-1.6320130811072886, 55.08024219260551], [-1.6320130811072886, 55.08096087584272], [-1.635101675055921, 55.082757583935745], [-1.637572550214827, 55.082757583935745], [-1.6381902690045536, 55.08311692555435], [-1.6381902690045536, 55.08527297526598], [-1.6369548314251006, 55.08599165850319], [-1.6369548314251006, 55.08742902497761], [-1.636337112635374, 55.087788366596214], [-1.635101675055921, 55.087069683359005], [-1.6344839562661946, 55.08742902497761], [-1.6344839562661946, 55.08958507468924], [-1.6332485186867416, 55.09030375792645], [-1.6332485186867416, 55.09174112440087], [-1.6320130811072886, 55.09245980763808], [-1.6320130811072886, 55.09461585734971], [-1.631395362317562, 55.094975198968314], [-1.6289244871586561, 55.094975198968314], [-1.6264536119997501, 55.093537832493894], [-1.6252181744202971, 55.093537832493894], [-1.6246004556305707, 55.0938971741125], [-1.6246004556305707, 55.09461585734971], [-1.6252181744202971, 55.094975198968314], [-1.6264536119997501, 55.094975198968314], [-1.6270713307894766, 55.09533454058692], [-1.6270713307894766, 55.09749059029855], [-1.6276890495792031, 55.09784993191715], [-1.6295422059483826, 55.09677190706134], [-1.6295422059483826, 55.09605322382413], [-1.6301599247381091, 55.09569388220552], [-1.6307776435278356, 55.09605322382413], [-1.6307776435278356, 55.09964664001018], [-1.6332485186867416, 55.1010840064846], [-1.6332485186867416, 55.10180268972181], [-1.632630799897015, 55.10216203134041], [-1.6301599247381091, 55.10216203134041], [-1.6295422059483826, 55.10252137295902], [-1.6295422059483826, 55.10324005619623], [-1.6301599247381091, 55.10359939781483], [-1.632630799897015, 55.10359939781483], [-1.6332485186867416, 55.10395873943344], [-1.6332485186867416, 55.10611478914507], [-1.632630799897015, 55.10647413076367], [-1.631395362317562, 55.10647413076367], [-1.6307776435278356, 55.10683347238228], [-1.6320130811072886, 55.10755215561949], [-1.6320130811072886, 55.1082708388567], [-1.632630799897015, 55.1086301804753], [-1.633866237476468, 55.1086301804753], [-1.6344839562661946, 55.10898952209391], [-1.6344839562661946, 55.10970820533112], [-1.6357193938456476, 55.11042688856833], [-1.6357193938456476, 55.11258293827996], [-1.6369548314251006, 55.11330162151717], [-1.6369548314251006, 55.114020304754376], [-1.636337112635374, 55.11437964637298], [-1.635101675055921, 55.11437964637298], [-1.6344839562661946, 55.114738987991586], [-1.635101675055921, 55.11509832961019], [-1.636337112635374, 55.11509832961019], [-1.6369548314251006, 55.115457671228796], [-1.6357193938456476, 55.116176354466006], [-1.6357193938456476, 55.116895037703216], [-1.636337112635374, 55.11725437932182], [-1.637572550214827, 55.11725437932182], [-1.6394257065840065, 55.118332404177636], [-1.6394257065840065, 55.119051087414846], [-1.6406611441634595, 55.119769770652056], [-1.6394257065840065, 55.120488453889266], [-1.6394257065840065, 55.121207137126476], [-1.637572550214827, 55.12228516198229], [-1.636337112635374, 55.12228516198229], [-1.6357193938456476, 55.122644503600895], [-1.6357193938456476, 55.123363186838105], [-1.636337112635374, 55.12372252845671], [-1.642514300532639, 55.12372252845671], [-1.643749738112092, 55.1230038452195], [-1.644985175691545, 55.1230038452195], [-1.647456050850451, 55.12444121169392], [-1.649926926009357, 55.12444121169392], [-1.6505446447990835, 55.124081870075315], [-1.6505446447990835, 55.123363186838105], [-1.65116236358881, 55.1230038452195], [-1.6517800823785365, 55.123363186838105], [-1.6517800823785365, 55.124081870075315], [-1.652397801168263, 55.12444121169392], [-1.653633238747716, 55.12444121169392], [-1.654868676327169, 55.12372252845671], [-1.656104113906622, 55.12372252845671], [-1.657339551486075, 55.1230038452195], [-1.658574989065528, 55.1230038452195], [-1.659810426644981, 55.12228516198229], [-1.6635167393833399, 55.12444121169392], [-1.6641344581730664, 55.124081870075315], [-1.6641344581730664, 55.123363186838105], [-1.6653698957525194, 55.122644503600895], [-1.6653698957525194, 55.121925820363685], [-1.6666053333319724, 55.121207137126476], [-1.6666053333319724, 55.120488453889266], [-1.6659876145422459, 55.12012911227066], [-1.6647521769627929, 55.12012911227066], [-1.6641344581730664, 55.119769770652056], [-1.6641344581730664, 55.119051087414846], [-1.6628990205936134, 55.118332404177636], [-1.6635167393833399, 55.11797306255903], [-1.6647521769627929, 55.11797306255903], [-1.6653698957525194, 55.117613720940426], [-1.6641344581730664, 55.116895037703216], [-1.6641344581730664, 55.116176354466006], [-1.6628990205936134, 55.115457671228796], [-1.6635167393833399, 55.11509832961019], [-1.6647521769627929, 55.11509832961019], [-1.6653698957525194, 55.114738987991586], [-1.6653698957525194, 55.114020304754376], [-1.6659876145422459, 55.11366096313577], [-1.6666053333319724, 55.114020304754376], [-1.6666053333319724, 55.116176354466006], [-1.6696939272806048, 55.11797306255903], [-1.6709293648600578, 55.11725437932182], [-1.6721648024395108, 55.11797306255903], [-1.6758711151778698, 55.11797306255903], [-1.6764888339675963, 55.118332404177636], [-1.6764888339675963, 55.119051087414846], [-1.6777242715470493, 55.119769770652056], [-1.6777242715470493, 55.121207137126476], [-1.6727825212292373, 55.124081870075315], [-1.6740179588086903, 55.124800553312525], [-1.6740179588086903, 55.125519236549735], [-1.6752533963881433, 55.126237919786945], [-1.6752533963881433, 55.129831335972995], [-1.6758711151778698, 55.1301906775916], [-1.6771065527573228, 55.12947199435439], [-1.6783419903367758, 55.1301906775916], [-1.6795774279162288, 55.1301906775916], [-1.6808128654956818, 55.13090936082881], [-1.6820483030751348, 55.13090936082881], [-1.6832837406545877, 55.13162804406602], [-1.6857546158134937, 55.13162804406602], [-1.6869900533929467, 55.13234672730323], [-1.6882254909723997, 55.13234672730323], [-1.6888432097621262, 55.132706068921834], [-1.6888432097621262, 55.133424752159044], [-1.6906963661313057, 55.13450277701486], [-1.6919318037107587, 55.13378409377765], [-1.6937849600799382, 55.134862118633464], [-1.6937849600799382, 55.137736851582304], [-1.6931672412902117, 55.13809619320091], [-1.6906963661313057, 55.13809619320091], [-1.6894609285518527, 55.13881487643812], [-1.6869900533929467, 55.13881487643812], [-1.6863723346032202, 55.13917421805672], [-1.6869900533929467, 55.13953355967533], [-1.6882254909723997, 55.13953355967533], [-1.6900786473415792, 55.14061158453114], [-1.6900786473415792, 55.14133026776835], [-1.6894609285518527, 55.14168960938696], [-1.6882254909723997, 55.14168960938696], [-1.6876077721826732, 55.14204895100556], [-1.6876077721826732, 55.14276763424277], [-1.6888432097621262, 55.14348631747998], [-1.6888432097621262, 55.14564236719161], [-1.6894609285518527, 55.14600170881022], [-1.6906963661313057, 55.14600170881022], [-1.6919318037107587, 55.14672039204743], [-1.6931672412902117, 55.14672039204743], [-1.6954664324718138, 55.14805788589482], [-1.693671821571138, 55.148372211003895], [-1.692897359714591, 55.14848801022868], [-1.687849551409021, 55.149179488800975], [-1.687213481675561, 55.1492587262039], [-1.685323731973442, 55.14948546492881], [-1.683800343866148, 55.14966127047835], [-1.680059182175907, 55.15005943073523], [-1.678677293087317, 55.15019416567449], [-1.676931563296182, 55.150357154287384], [-1.674946807661956, 55.1505342633822], [-1.672371686481475, 55.15074846198822], [-1.671380945656608, 55.15082489543709], [-1.669895006809473, 55.150915518756605], [-1.6703116460703313, 55.15067314985208], [-1.6703116460703313, 55.14995446661487], [-1.6715470836497843, 55.14923578337766], [-1.6715470836497843, 55.14851710014045], [-1.6727825212292373, 55.14779841690324], [-1.6727825212292373, 55.14636105042882], [-1.6758711151778698, 55.1445643423358], [-1.6783419903367758, 55.1445643423358], [-1.6795774279162288, 55.14528302557301], [-1.6808128654956818, 55.14528302557301], [-1.6814305842854083, 55.1449236839544], [-1.6814305842854083, 55.14133026776835], [-1.6801951467059553, 55.14061158453114], [-1.6801951467059553, 55.13917421805672], [-1.6783419903367758, 55.13809619320091], [-1.6758711151778698, 55.13809619320091], [-1.6734002400189638, 55.13953355967533], [-1.6709293648600578, 55.13953355967533], [-1.6703116460703313, 55.13917421805672], [-1.6703116460703313, 55.137018168345094], [-1.6690762084908783, 55.136299485107884], [-1.6696939272806048, 55.13594014348928], [-1.6709293648600578, 55.13594014348928], [-1.6721648024395108, 55.13522146025207], [-1.6734002400189638, 55.13594014348928], [-1.6740179588086903, 55.135580801870674], [-1.6740179588086903, 55.134862118633464], [-1.6727825212292373, 55.134143435396254], [-1.6727825212292373, 55.133424752159044], [-1.6740179588086903, 55.132706068921834], [-1.6740179588086903, 55.131268702447414], [-1.6734002400189638, 55.13090936082881], [-1.6709293648600578, 55.13090936082881], [-1.6703116460703313, 55.131268702447414], [-1.6703116460703313, 55.133424752159044], [-1.6696939272806048, 55.13378409377765], [-1.6684584897011518, 55.13378409377765], [-1.6672230521216989, 55.13306541054044], [-1.662281301803887, 55.13306541054044], [-1.6616635830141604, 55.133424752159044], [-1.6616635830141604, 55.134143435396254], [-1.6604281454347074, 55.134862118633464], [-1.6604281454347074, 55.135580801870674], [-1.661045864224434, 55.13594014348928], [-1.662281301803887, 55.13594014348928], [-1.6635167393833399, 55.13522146025207], [-1.6647521769627929, 55.13522146025207], [-1.6653698957525194, 55.135580801870674], [-1.6653698957525194, 55.137018168345094], [-1.6635167393833399, 55.13809619320091], [-1.662281301803887, 55.1373775099637], [-1.6616635830141604, 55.137736851582304], [-1.6616635830141604, 55.13917421805672], [-1.6628990205936134, 55.13989290129393], [-1.6628990205936134, 55.14204895100556], [-1.6616635830141604, 55.14276763424277], [-1.6616635830141604, 55.14348631747998], [-1.6604281454347074, 55.14420500071719], [-1.6604281454347074, 55.14564236719161], [-1.661045864224434, 55.14600170881022], [-1.662281301803887, 55.14600170881022], [-1.6628990205936134, 55.14636105042882], [-1.6628990205936134, 55.14851710014045], [-1.6647521769627929, 55.14959512499627], [-1.6659876145422459, 55.14959512499627], [-1.6672230521216989, 55.15031380823348], [-1.6684584897011518, 55.15031380823348], [-1.6695310088822721, 55.15093771798811], [-1.664412370564329, 55.15124988964758], [-1.663261712518285, 55.15130157921927], [-1.659624654048027, 55.151315039427146], [-1.657484007466116, 55.15147010430263], [-1.645412105799181, 55.1516777988485], [-1.6418965817429125, 55.15154508294151], [-1.6418965817429125, 55.15139183308929], [-1.6431320193223655, 55.15067314985208], [-1.6431320193223655, 55.14851710014045], [-1.644985175691545, 55.14743907528464], [-1.647456050850451, 55.14743907528464], [-1.6493092072196305, 55.14636105042882], [-1.6493092072196305, 55.14348631747998], [-1.6480737696401775, 55.14276763424277], [-1.6480737696401775, 55.14061158453114], [-1.646220613270998, 55.13953355967533], [-1.6456028944812715, 55.13989290129393], [-1.6456028944812715, 55.14061158453114], [-1.6468383320607245, 55.14133026776835], [-1.644985175691545, 55.14240829262417], [-1.6443674569018185, 55.14204895100556], [-1.6443674569018185, 55.14133026776835], [-1.643749738112092, 55.14097092614975], [-1.641278862953186, 55.14097092614975], [-1.640043425373733, 55.14025224291254], [-1.6394257065840065, 55.14061158453114], [-1.6394257065840065, 55.14133026776835], [-1.63880798779428, 55.14168960938696], [-1.636337112635374, 55.14168960938696], [-1.6357193938456476, 55.14133026776835], [-1.6357193938456476, 55.13989290129393], [-1.6344839562661946, 55.13917421805672], [-1.6344839562661946, 55.138455534819514], [-1.633866237476468, 55.13809619320091], [-1.632630799897015, 55.13881487643812], [-1.631395362317562, 55.13881487643812], [-1.6301599247381091, 55.13953355967533], [-1.6252181744202971, 55.13953355967533], [-1.6239827368408442, 55.13881487643812], [-1.6227472992613912, 55.13881487643812], [-1.6208941428922117, 55.13989290129393], [-1.6208941428922117, 55.14061158453114], [-1.6202764241024852, 55.14097092614975], [-1.6190409865230322, 55.14097092614975], [-1.6178055489435792, 55.14168960938696], [-1.6153346737846732, 55.14168960938696], [-1.6140992362052202, 55.14240829262417], [-1.6128637986257672, 55.14168960938696], [-1.6122460798360407, 55.14204895100556], [-1.6122460798360407, 55.14276763424277], [-1.6134815174154937, 55.14348631747998], [-1.6134815174154937, 55.14420500071719], [-1.6122460798360407, 55.1449236839544], [-1.6122460798360407, 55.14564236719161], [-1.6110106422565877, 55.14636105042882], [-1.6110106422565877, 55.14707973366603], [-1.6116283610463142, 55.14743907528464], [-1.6128637986257672, 55.14672039204743], [-1.6140992362052202, 55.14743907528464], [-1.6153346737846732, 55.14672039204743], [-1.6159523925743997, 55.14707973366603], [-1.6147169549949467, 55.14779841690324], [-1.6147169549949467, 55.14851710014045], [-1.6159523925743997, 55.14923578337766], [-1.6159523925743997, 55.14928145460665], [-1.60976309518444, 55.14834782850343], [-1.598433371930641, 55.1459541973592], [-1.587556355222586, 55.14295056508285], [-1.577231932647767, 55.13936454655099], [-1.567554839670163, 55.13522910263817], [-1.567318136371121, 55.13510610494154], [-1.567082282409889, 55.13508782953188], [-1.566952663095267, 55.135072702606266], [-1.566960084540924, 55.135051830450124], [-1.565999290470164, 55.13502315086823], [-1.562991100889266, 55.13476757444714], [-1.5634462954476476, 55.13450277701486]], [[-1.5930967973545194, 55.02670029143337], [-1.5918613597750664, 55.02670029143337], [-1.5906259221956134, 55.02670029143337], [-1.5900082034058869, 55.02705963305198], [-1.5900082034058869, 55.028496999526396], [-1.5930967973545194, 55.03029370761942], [-1.5943322349339724, 55.03029370761942], [-1.5955676725134254, 55.03101239085663], [-1.5992739852517843, 55.03101239085663], [-1.6005094228312373, 55.03173107409384], [-1.6017448604106903, 55.03173107409384], [-1.6023625792004168, 55.032090415712446], [-1.6023625792004168, 55.032809098949656], [-1.6029802979901433, 55.03316844056826], [-1.6042157355695963, 55.03316844056826], [-1.6054511731490493, 55.03388712380547], [-1.6091574858874083, 55.03388712380547], [-1.6097752046771348, 55.033527782186866], [-1.6085397670976818, 55.032809098949656], [-1.6085397670976818, 55.032090415712446], [-1.6091574858874083, 55.03173107409384], [-1.6110106422565877, 55.032809098949656], [-1.6110106422565877, 55.033527782186866], [-1.6116283610463142, 55.03388712380547], [-1.6122460798360407, 55.033527782186866], [-1.6122460798360407, 55.030653049238026], [-1.6128637986257672, 55.03029370761942], [-1.6140992362052202, 55.03029370761942], [-1.6153346737846732, 55.03101239085663], [-1.6190409865230322, 55.03101239085663], [-1.6196587053127587, 55.030653049238026], [-1.6196587053127587, 55.029934366000816], [-1.6184232677333057, 55.029215682763606], [-1.6184232677333057, 55.028496999526396], [-1.6178055489435792, 55.02813765790779], [-1.6153346737846732, 55.02813765790779], [-1.6140992362052202, 55.028856341145], [-1.6110106422565877, 55.02705963305198], [-1.6110106422565877, 55.02418490010314], [-1.6122460798360407, 55.02346621686593], [-1.6110106422565877, 55.02274753362872], [-1.6122460798360407, 55.02202885039151], [-1.6116283610463142, 55.0216695087729], [-1.6103929234668612, 55.0216695087729], [-1.6091574858874083, 55.02238819201011], [-1.6085397670976818, 55.02202885039151], [-1.6097752046771348, 55.0213101671543], [-1.6097752046771348, 55.02059148391709], [-1.6091574858874083, 55.02023214229848], [-1.6079220483079553, 55.02095082553569], [-1.6066866107285023, 55.02023214229848], [-1.6060688919387758, 55.02059148391709], [-1.6060688919387758, 55.0213101671543], [-1.6054511731490493, 55.0216695087729], [-1.6042157355695963, 55.0216695087729], [-1.6029802979901433, 55.02095082553569], [-1.6017448604106903, 55.02095082553569], [-1.6011271416209638, 55.02059148391709], [-1.6017448604106903, 55.02023214229848], [-1.6029802979901433, 55.02023214229848], [-1.6035980167798698, 55.01987280067988], [-1.6035980167798698, 55.01915411744267], [-1.6029802979901433, 55.01879477582406], [-1.6005094228312373, 55.01879477582406], [-1.5998917040415108, 55.01915411744267], [-1.5998917040415108, 55.02274753362872], [-1.6005094228312373, 55.02310687524732], [-1.6017448604106903, 55.02310687524732], [-1.6023625792004168, 55.02346621686593], [-1.6023625792004168, 55.02418490010314], [-1.6017448604106903, 55.02454424172174], [-1.6005094228312373, 55.02454424172174], [-1.5986562664620578, 55.02562226657756], [-1.5986562664620578, 55.02705963305198], [-1.5980385476723313, 55.02741897467058], [-1.5968031100928783, 55.02741897467058], [-1.5961853913031518, 55.02705963305198], [-1.5961853913031518, 55.02634094981477], [-1.5955676725134254, 55.02598160819616], [-1.5943322349339724, 55.02598160819616], [-1.5930967973545194, 55.02670029143337]], [[-1.6097752046771348, 55.07880482613109], [-1.6103929234668612, 55.079164167749695], [-1.6116283610463142, 55.078445484512486], [-1.6122460798360407, 55.07880482613109], [-1.6122460798360407, 55.0795235093683], [-1.6128637986257672, 55.079882850986905], [-1.6140992362052202, 55.079882850986905], [-1.6147169549949467, 55.0795235093683], [-1.6147169549949467, 55.07880482613109], [-1.6153346737846732, 55.078445484512486], [-1.6165701113641262, 55.078445484512486], [-1.6178055489435792, 55.077726801275276], [-1.6202764241024852, 55.077726801275276], [-1.6208941428922117, 55.07736745965667], [-1.6196587053127587, 55.07664877641946], [-1.6196587053127587, 55.07593009318225], [-1.6184232677333057, 55.07521140994504], [-1.6184232677333057, 55.07377404347062], [-1.6190409865230322, 55.073414701852016], [-1.6202764241024852, 55.073414701852016], [-1.6208941428922117, 55.07305536023341], [-1.6202764241024852, 55.072696018614806], [-1.6190409865230322, 55.072696018614806], [-1.6184232677333057, 55.0723366769962], [-1.6184232677333057, 55.07018062728457], [-1.6171878301538527, 55.06946194404736], [-1.6196587053127587, 55.06802457757294], [-1.6190409865230322, 55.06766523595434], [-1.6178055489435792, 55.06766523595434], [-1.6171878301538527, 55.06730589433573], [-1.6171878301538527, 55.06658721109852], [-1.6202764241024852, 55.0647905030055], [-1.6227472992613912, 55.0647905030055], [-1.6233650180511177, 55.06443116138689], [-1.6233650180511177, 55.06155642843805], [-1.6227472992613912, 55.06119708681945], [-1.6178055489435792, 55.06119708681945], [-1.6171878301538527, 55.06083774520084], [-1.6171878301538527, 55.06011906196363], [-1.6165701113641262, 55.05975972034503], [-1.6128637986257672, 55.05975972034503], [-1.6116283610463142, 55.05904103710782], [-1.6091574858874083, 55.05904103710782], [-1.6073043295182288, 55.06011906196363], [-1.6079220483079553, 55.06047840358224], [-1.6091574858874083, 55.06047840358224], [-1.6097752046771348, 55.06083774520084], [-1.6097752046771348, 55.06299379491247], [-1.6091574858874083, 55.06335313653108], [-1.6066866107285023, 55.06335313653108], [-1.6048334543593228, 55.06443116138689], [-1.6048334543593228, 55.06586852786131], [-1.6054511731490493, 55.06622786947992], [-1.6066866107285023, 55.06622786947992], [-1.6073043295182288, 55.06658721109852], [-1.6073043295182288, 55.06730589433573], [-1.6054511731490493, 55.06838391919155], [-1.6042157355695963, 55.06766523595434], [-1.6035980167798698, 55.06802457757294], [-1.6035980167798698, 55.07089931052178], [-1.5998917040415108, 55.07305536023341], [-1.5998917040415108, 55.07593009318225], [-1.6023625792004168, 55.07736745965667], [-1.6023625792004168, 55.07808614289388], [-1.6054511731490493, 55.079882850986905], [-1.6066866107285023, 55.079882850986905], [-1.6073043295182288, 55.0795235093683], [-1.6073043295182288, 55.07880482613109], [-1.6091574858874083, 55.077726801275276], [-1.6097752046771348, 55.07808614289388], [-1.6097752046771348, 55.07880482613109]], [[-1.6085397670976818, 55.11186425504275], [-1.6085397670976818, 55.10970820533112], [-1.6079220483079553, 55.10934886371251], [-1.6066866107285023, 55.10934886371251], [-1.6042157355695963, 55.10791149723809], [-1.6005094228312373, 55.10791149723809], [-1.5992739852517843, 55.1086301804753], [-1.5955676725134254, 55.1086301804753], [-1.5943322349339724, 55.10791149723809], [-1.5918613597750664, 55.10791149723809], [-1.5900082034058869, 55.10898952209391], [-1.5900082034058869, 55.11186425504275], [-1.5893904846161604, 55.11222359666135], [-1.5881550470367074, 55.11222359666135], [-1.587537328246981, 55.11186425504275], [-1.587537328246981, 55.11114557180554], [-1.5856841718778014, 55.11006754694972], [-1.5844487342983484, 55.11006754694972], [-1.583831015508622, 55.11042688856833], [-1.583831015508622, 55.11114557180554], [-1.5832132967188954, 55.11150491342414], [-1.5758006712421775, 55.11150491342414], [-1.575182952452451, 55.11186425504275], [-1.575182952452451, 55.114020304754376], [-1.576418390031904, 55.114738987991586], [-1.576418390031904, 55.116895037703216], [-1.5770361088216305, 55.11725437932182], [-1.5782715464010835, 55.11725437932182], [-1.5795069839805365, 55.11653569608461], [-1.5807424215599895, 55.11653569608461], [-1.581360140349716, 55.116895037703216], [-1.581360140349716, 55.119051087414846], [-1.582595577929169, 55.119769770652056], [-1.580124702770263, 55.121207137126476], [-1.580124702770263, 55.121925820363685], [-1.5807424215599895, 55.12228516198229], [-1.5856841718778014, 55.12228516198229], [-1.586301890667528, 55.121925820363685], [-1.586301890667528, 55.121207137126476], [-1.5869196094572544, 55.12084779550787], [-1.5881550470367074, 55.12156647874508], [-1.5893904846161604, 55.12156647874508], [-1.5906259221956134, 55.12228516198229], [-1.5912436409853399, 55.121925820363685], [-1.5912436409853399, 55.120488453889266], [-1.5918613597750664, 55.12012911227066], [-1.5943322349339724, 55.12012911227066], [-1.5955676725134254, 55.12084779550787], [-1.5974208288826048, 55.119769770652056], [-1.5974208288826048, 55.118332404177636], [-1.5992739852517843, 55.11725437932182], [-1.6005094228312373, 55.11725437932182], [-1.6042157355695963, 55.11941042903345], [-1.6079220483079553, 55.11941042903345], [-1.6085397670976818, 55.119051087414846], [-1.6073043295182288, 55.118332404177636], [-1.6073043295182288, 55.116895037703216], [-1.6066866107285023, 55.11653569608461], [-1.6042157355695963, 55.11653569608461], [-1.6035980167798698, 55.116176354466006], [-1.6035980167798698, 55.114738987991586], [-1.6042157355695963, 55.11437964637298], [-1.6066866107285023, 55.11437964637298], [-1.6073043295182288, 55.114020304754376], [-1.6073043295182288, 55.11330162151717], [-1.6079220483079553, 55.11294227989856], [-1.6091574858874083, 55.11294227989856], [-1.6097752046771348, 55.11258293827996], [-1.6085397670976818, 55.11186425504275]], [[-1.5523273572325706, 55.04107395617757], [-1.5486210444942117, 55.04107395617757], [-1.5461501693353057, 55.03963658970315], [-1.5436792941763997, 55.03963658970315], [-1.5430615753866732, 55.039995931321755], [-1.5442970129661262, 55.040714614558965], [-1.5430615753866732, 55.041433297796175], [-1.5430615753866732, 55.042151981033385], [-1.5449147317558527, 55.0432300058892], [-1.5461501693353057, 55.0432300058892], [-1.5486210444942117, 55.04466737236362], [-1.5523273572325706, 55.04466737236362], [-1.5529450760222971, 55.045026713982224], [-1.5529450760222971, 55.046464080456644], [-1.5517096384428442, 55.047182763693854], [-1.5517096384428442, 55.047901446931064], [-1.5510919196531177, 55.04826078854967], [-1.5473856069147587, 55.04826078854967], [-1.5449147317558527, 55.04969815502409], [-1.5442970129661262, 55.049338813405484], [-1.5442970129661262, 55.048620130168274], [-1.5399729814380407, 55.04610473883804], [-1.5387375438585877, 55.04610473883804], [-1.5381198250688612, 55.046464080456644], [-1.5381198250688612, 55.050057496642694], [-1.5362666686996818, 55.05113552149851], [-1.5350312311202288, 55.05113552149851], [-1.5337957935407758, 55.05185420473572], [-1.5319426371715963, 55.050776179879904], [-1.5319426371715963, 55.050057496642694], [-1.5313249183818698, 55.04969815502409], [-1.5300894808024168, 55.04969815502409], [-1.5294717620126903, 55.049338813405484], [-1.5294717620126903, 55.048620130168274], [-1.5282363244332373, 55.047901446931064], [-1.5294717620126903, 55.047182763693854], [-1.5294717620126903, 55.046464080456644], [-1.5288540432229638, 55.04610473883804], [-1.5276186056435108, 55.04610473883804], [-1.5270008868537843, 55.046464080456644], [-1.5270008868537843, 55.047182763693854], [-1.5263831680640578, 55.04754210531246], [-1.5251477304846048, 55.04754210531246], [-1.5239122929051518, 55.04826078854967], [-1.5214414177462459, 55.04826078854967], [-1.5189705425873399, 55.04682342207525], [-1.5177351050078869, 55.04682342207525], [-1.5171173862181604, 55.046464080456644], [-1.5171173862181604, 55.044308030745015], [-1.5183528237976134, 55.043589347507805], [-1.5183528237976134, 55.042151981033385], [-1.5177351050078869, 55.04179263941478], [-1.516499667428434, 55.04179263941478], [-1.515264229848981, 55.04107395617757], [-1.514028792269528, 55.04107395617757], [-1.5134110734798014, 55.041433297796175], [-1.5134110734798014, 55.042151981033385], [-1.5109401983208954, 55.043589347507805], [-1.5109401983208954, 55.045026713982224], [-1.5097047607414424, 55.045745397219434], [-1.5097047607414424, 55.046464080456644], [-1.509087041951716, 55.04682342207525], [-1.507851604372263, 55.04610473883804], [-1.5059984480030835, 55.047182763693854], [-1.50661616679281, 55.04754210531246], [-1.509087041951716, 55.04754210531246], [-1.5097047607414424, 55.047901446931064], [-1.5097047607414424, 55.050057496642694], [-1.5121756359003484, 55.051494863117114], [-1.510322479531169, 55.05257288797293], [-1.509087041951716, 55.05257288797293], [-1.5084693231619895, 55.05293222959153], [-1.5084693231619895, 55.05365091282874], [-1.5072338855825365, 55.05436959606595], [-1.5072338855825365, 55.05508827930316], [-1.5059984480030835, 55.05580696254037], [-1.5059984480030835, 55.05724432901479], [-1.509087041951716, 55.05904103710782], [-1.511557917110622, 55.05904103710782], [-1.5134110734798014, 55.057963012252], [-1.5134110734798014, 55.05724432901479], [-1.515264229848981, 55.05616630415898], [-1.516499667428434, 55.05616630415898], [-1.5177351050078869, 55.05544762092177], [-1.5195882613770664, 55.05652564577758], [-1.5195882613770664, 55.06083774520084], [-1.5202059801667929, 55.06119708681945], [-1.5239122929051518, 55.06119708681945], [-1.5245300116948783, 55.06083774520084], [-1.5245300116948783, 55.06011906196363], [-1.5251477304846048, 55.05975972034503], [-1.5313249183818698, 55.05975972034503], [-1.5319426371715963, 55.05940037872642], [-1.5319426371715963, 55.05652564577758], [-1.5350312311202288, 55.05472893768456], [-1.5362666686996818, 55.05472893768456], [-1.5405907002277672, 55.05724432901479], [-1.5405907002277672, 55.057963012252], [-1.5424438565969467, 55.05904103710782], [-1.5436792941763997, 55.05904103710782], [-1.5442970129661262, 55.05868169548921], [-1.5442970129661262, 55.057963012252], [-1.5418261378072202, 55.05652564577758], [-1.5418261378072202, 55.05508827930316], [-1.5436792941763997, 55.05401025444735], [-1.5449147317558527, 55.05472893768456], [-1.5486210444942117, 55.05472893768456], [-1.5517096384428442, 55.05293222959153], [-1.5517096384428442, 55.052213546354324], [-1.5523273572325706, 55.05185420473572], [-1.5541805136017501, 55.05293222959153], [-1.5541805136017501, 55.05365091282874], [-1.5554159511812031, 55.05436959606595], [-1.5554159511812031, 55.05508827930316], [-1.5566513887606561, 55.05580696254037], [-1.5566513887606561, 55.05652564577758], [-1.5572691075503826, 55.05688498739619], [-1.5585045451298356, 55.05688498739619], [-1.5609754202887416, 55.05832235387061], [-1.5646817330271006, 55.05832235387061], [-1.565299451816827, 55.057963012252], [-1.565299451816827, 55.05580696254037], [-1.564064014237374, 55.05508827930316], [-1.564064014237374, 55.05293222959153], [-1.562828576657921, 55.052213546354324], [-1.562828576657921, 55.051494863117114], [-1.564064014237374, 55.050776179879904], [-1.564064014237374, 55.050057496642694], [-1.565299451816827, 55.049338813405484], [-1.5646817330271006, 55.04897947178688], [-1.5634462954476476, 55.04897947178688], [-1.562828576657921, 55.048620130168274], [-1.562828576657921, 55.047901446931064], [-1.560357701499015, 55.046464080456644], [-1.560357701499015, 55.045745397219434], [-1.5597399827092886, 55.04538605560083], [-1.5585045451298356, 55.04538605560083], [-1.5572691075503826, 55.04610473883804], [-1.5560336699709296, 55.04610473883804], [-1.5554159511812031, 55.045745397219434], [-1.5554159511812031, 55.043589347507805], [-1.5541805136017501, 55.042870664270595], [-1.5541805136017501, 55.042151981033385], [-1.5523273572325706, 55.04107395617757]], [[-1.4411379750818014, 54.93973961973097], [-1.4436088502407074, 54.93973961973097], [-1.4454620066098869, 54.93866159487516], [-1.4454620066098869, 54.93794291163795], [-1.4466974441893399, 54.93722422840074], [-1.4448442878201604, 54.93614620354492], [-1.4436088502407074, 54.93614620354492], [-1.4423734126612544, 54.93686488678213], [-1.4411379750818014, 54.93614620354492], [-1.4399025375023484, 54.93614620354492], [-1.439284818712622, 54.93578686192632], [-1.439284818712622, 54.93363081221469], [-1.4386670999228954, 54.93327147059608], [-1.4361962247639894, 54.93327147059608], [-1.435578505974263, 54.93291212897748], [-1.435578505974263, 54.93219344574027], [-1.4337253496050835, 54.93111542088445], [-1.4312544744461775, 54.93111542088445], [-1.430636755656451, 54.93075607926585], [-1.430636755656451, 54.92860002955422], [-1.4300190368667245, 54.92824068793561], [-1.4287835992872715, 54.92824068793561], [-1.428165880497545, 54.92860002955422], [-1.428165880497545, 54.92931871279143], [-1.4275481617078185, 54.92967805441003], [-1.4263127241283655, 54.92967805441003], [-1.425695005338639, 54.93003739602864], [-1.425695005338639, 54.93147476250306], [-1.4250772865489125, 54.93183410412166], [-1.4213709738105536, 54.93183410412166], [-1.4201355362311006, 54.93255278735887], [-1.4189000986516476, 54.93255278735887], [-1.4176646610721946, 54.93183410412166], [-1.4164292234927416, 54.93183410412166], [-1.414576067123562, 54.93291212897748], [-1.414576067123562, 54.9343494954519], [-1.4127229107543826, 54.93542752030771], [-1.4102520355954766, 54.93542752030771], [-1.4096343168057501, 54.93578686192632], [-1.4096343168057501, 54.93650554516353], [-1.4083988792262971, 54.93722422840074], [-1.4083988792262971, 54.93866159487516], [-1.4090165980160236, 54.93902093649376], [-1.4096343168057501, 54.93866159487516], [-1.4096343168057501, 54.93794291163795], [-1.4114874731749296, 54.93686488678213], [-1.4121051919646561, 54.93722422840074], [-1.4121051919646561, 54.94081764458679], [-1.4102520355954766, 54.9418956694426], [-1.4096343168057501, 54.941536327824], [-1.4096343168057501, 54.94081764458679], [-1.4090165980160236, 54.94045830296818], [-1.4065457228571177, 54.94045830296818], [-1.4053102852776647, 54.93973961973097], [-1.4040748476982117, 54.93973961973097], [-1.4022216913290322, 54.94081764458679], [-1.4034571289084852, 54.941536327824], [-1.4022216913290322, 54.94225501106121], [-1.4028394101187587, 54.94261435267981], [-1.4040748476982117, 54.94261435267981], [-1.4053102852776647, 54.94333303591702], [-1.4077811604365706, 54.94333303591702], [-1.4090165980160236, 54.94261435267981], [-1.4139583483338356, 54.94261435267981], [-1.415811504703015, 54.941536327824], [-1.415811504703015, 54.94009896134958], [-1.4164292234927416, 54.93973961973097], [-1.4189000986516476, 54.93973961973097], [-1.4201355362311006, 54.93902093649376], [-1.4213709738105536, 54.93902093649376], [-1.4226064113900065, 54.93830225325655], [-1.4250772865489125, 54.93973961973097], [-1.4287835992872715, 54.93973961973097], [-1.429401318076998, 54.93938027811237], [-1.429401318076998, 54.93794291163795], [-1.428165880497545, 54.93722422840074], [-1.4300190368667245, 54.93614620354492], [-1.4312544744461775, 54.93686488678213], [-1.4324899120256305, 54.93686488678213], [-1.4337253496050835, 54.93758357001934], [-1.4349607871845365, 54.93686488678213], [-1.4374316623434424, 54.93686488678213], [-1.438049381133169, 54.93722422840074], [-1.438049381133169, 54.93866159487516], [-1.4399025375023484, 54.93973961973097], [-1.4411379750818014, 54.93973961973097]], [[-1.509087041951716, 55.074133385089226], [-1.510322479531169, 55.074852068326436], [-1.511557917110622, 55.074852068326436], [-1.514028792269528, 55.074852068326436], [-1.5146465110592544, 55.07449272670783], [-1.514028792269528, 55.074133385089226], [-1.511557917110622, 55.074133385089226], [-1.510322479531169, 55.073414701852016], [-1.509087041951716, 55.073414701852016], [-1.5084693231619895, 55.07305536023341], [-1.5084693231619895, 55.0723366769962], [-1.507851604372263, 55.071977335377596], [-1.505380729213357, 55.071977335377596], [-1.504145291633904, 55.072696018614806], [-1.502909854054451, 55.071977335377596], [-1.501674416474998, 55.071977335377596], [-1.5010566976852715, 55.07161799375899], [-1.5010566976852715, 55.07089931052178], [-1.501674416474998, 55.070450133498525], [-1.501674416474998, 55.06991112107062], [-1.499203541316092, 55.06991112107062], [-1.497968103736639, 55.06982128566597], [-1.4973503849469125, 55.06946194404736], [-1.4973503849469125, 55.06802457757294], [-1.496732666157186, 55.06766523595434], [-1.495497228577733, 55.06766523595434], [-1.49426179099828, 55.06838391919155], [-1.490555478259921, 55.06838391919155], [-1.4899377594701946, 55.06802457757294], [-1.4899377594701946, 55.06730589433573], [-1.4887023218907416, 55.06658721109852], [-1.4887023218907416, 55.06443116138689], [-1.489320040680468, 55.06407181976829], [-1.490555478259921, 55.06407181976829], [-1.491790915839374, 55.0647905030055], [-1.4924086346291006, 55.06443116138689], [-1.4924086346291006, 55.06371247814968], [-1.4911731970496476, 55.06299379491247], [-1.491790915839374, 55.06263445329387], [-1.49426179099828, 55.06263445329387], [-1.4948795097880065, 55.06227511167526], [-1.4948795097880065, 55.06083774520084], [-1.4911731970496476, 55.05868169548921], [-1.4911731970496476, 55.057963012252], [-1.4899377594701946, 55.05724432901479], [-1.4899377594701946, 55.05652564577758], [-1.4887023218907416, 55.05580696254037], [-1.4887023218907416, 55.05508827930316], [-1.488084603101015, 55.05472893768456], [-1.486849165521562, 55.05472893768456], [-1.4862314467318356, 55.05436959606595], [-1.4862314467318356, 55.052213546354324], [-1.485613727942109, 55.05185420473572], [-1.4843782903626561, 55.05257288797293], [-1.4831428527832031, 55.05257288797293], [-1.4806719776242971, 55.05113552149851], [-1.4794365400448442, 55.05113552149851], [-1.4782011024653912, 55.0504168382613], [-1.4775833836756647, 55.050776179879904], [-1.4775833836756647, 55.051494863117114], [-1.4769656648859382, 55.05185420473572], [-1.4757302273064852, 55.05185420473572], [-1.4751125085167587, 55.052213546354324], [-1.4751125085167587, 55.05365091282874], [-1.4744947897270322, 55.05401025444735], [-1.4720239145681262, 55.05401025444735], [-1.4695530394092202, 55.05257288797293], [-1.4689353206194937, 55.05293222959153], [-1.4689353206194937, 55.05365091282874], [-1.4701707581989467, 55.05436959606595], [-1.4676998830400407, 55.05580696254037], [-1.4676998830400407, 55.05868169548921], [-1.4683176018297672, 55.05904103710782], [-1.4695530394092202, 55.05904103710782], [-1.4707884769886732, 55.05832235387061], [-1.4720239145681262, 55.05904103710782], [-1.4732593521475792, 55.05904103710782], [-1.4744947897270322, 55.05975972034503], [-1.4757302273064852, 55.05975972034503], [-1.4763479460962117, 55.06011906196363], [-1.4763479460962117, 55.06083774520084], [-1.4775833836756647, 55.06155642843805], [-1.4744947897270322, 55.06335313653108], [-1.4732593521475792, 55.06335313653108], [-1.4726416333578527, 55.06371247814968], [-1.4726416333578527, 55.06658721109852], [-1.4714061957783997, 55.06730589433573], [-1.4720239145681262, 55.06766523595434], [-1.4744947897270322, 55.06766523595434], [-1.4751125085167587, 55.06802457757294], [-1.4751125085167587, 55.06874326081015], [-1.4757302273064852, 55.06910260242876], [-1.4782011024653912, 55.06910260242876], [-1.4788188212551177, 55.06946194404736], [-1.4788188212551177, 55.07018062728457], [-1.4775833836756647, 55.07089931052178], [-1.4788188212551177, 55.07161799375899], [-1.4775833836756647, 55.0723366769962], [-1.4775833836756647, 55.07305536023341], [-1.4763479460962117, 55.07377404347062], [-1.4763479460962117, 55.07449272670783], [-1.4751125085167587, 55.07521140994504], [-1.4751125085167587, 55.07664877641946], [-1.4757302273064852, 55.077008118038066], [-1.4769656648859382, 55.076289434800856], [-1.4782011024653912, 55.077008118038066], [-1.4794365400448442, 55.077008118038066], [-1.4806719776242971, 55.077726801275276], [-1.4819074152037501, 55.077726801275276], [-1.4843782903626561, 55.079164167749695], [-1.486849165521562, 55.079164167749695], [-1.4874668843112886, 55.0795235093683], [-1.4874668843112886, 55.08024219260551], [-1.4849960091523826, 55.08167955907993], [-1.4849960091523826, 55.08311692555435], [-1.485613727942109, 55.083476267172955], [-1.486849165521562, 55.083476267172955], [-1.488084603101015, 55.082757583935745], [-1.491790915839374, 55.082757583935745], [-1.4924086346291006, 55.08239824231714], [-1.4924086346291006, 55.08167955907993], [-1.4911731970496476, 55.08096087584272], [-1.4911731970496476, 55.08024219260551], [-1.491790915839374, 55.079882850986905], [-1.493026353418827, 55.079882850986905], [-1.4936440722085536, 55.0795235093683], [-1.4924086346291006, 55.07880482613109], [-1.4936440722085536, 55.07808614289388], [-1.4936440722085536, 55.07593009318225], [-1.4961149473674595, 55.07449272670783], [-1.4961149473674595, 55.07377404347062], [-1.496732666157186, 55.073414701852016], [-1.501674416474998, 55.073414701852016], [-1.504145291633904, 55.074852068326436], [-1.5047630104236305, 55.07449272670783], [-1.5047630104236305, 55.07377404347062], [-1.505380729213357, 55.073414701852016], [-1.50661616679281, 55.073414701852016], [-1.507851604372263, 55.074133385089226], [-1.509087041951716, 55.074133385089226]], [[-1.6993444291874766, 54.905242824344896], [-1.6999621479772031, 54.9056021659635], [-1.7005798667669296, 54.905961507582106], [-1.7030507419258356, 54.905961507582106], [-1.703668460715562, 54.9056021659635], [-1.7024330231361091, 54.90488348272629], [-1.7024330231361091, 54.90416479948908], [-1.7030507419258356, 54.903805457870476], [-1.7042861795052886, 54.904524141107686], [-1.7055216170847416, 54.904524141107686], [-1.7067570546641946, 54.903805457870476], [-1.7079924922436476, 54.904524141107686], [-1.7092279298231006, 54.904524141107686], [-1.709845648612827, 54.90488348272629], [-1.709845648612827, 54.9056021659635], [-1.7104633674025536, 54.905961507582106], [-1.7129342425614595, 54.905961507582106], [-1.714787398930639, 54.90488348272629], [-1.714787398930639, 54.90416479948908], [-1.713551961351186, 54.90344611625187], [-1.713551961351186, 54.90272743301466], [-1.71108108619228, 54.90129006654024], [-1.71108108619228, 54.89985270006582], [-1.7141696801409125, 54.8980559919728], [-1.714787398930639, 54.8984153335914], [-1.714787398930639, 54.89985270006582], [-1.7154051177203655, 54.900212041684426], [-1.716022836510092, 54.89985270006582], [-1.716022836510092, 54.89913401682861], [-1.7178759928792715, 54.8980559919728], [-1.7191114304587245, 54.8980559919728], [-1.7203468680381775, 54.89877467521001], [-1.7228177431970835, 54.89733730873559], [-1.7252886183559895, 54.89733730873559], [-1.7265240559354424, 54.89661862549838], [-1.7277594935148954, 54.89733730873559], [-1.729612649884075, 54.89625928387977], [-1.728377212304622, 54.89554060064256], [-1.729612649884075, 54.89482191740535], [-1.7289949310943484, 54.89446257578675], [-1.7277594935148954, 54.89446257578675], [-1.727141774725169, 54.89410323416814], [-1.727141774725169, 54.89194718445651], [-1.724670899566263, 54.89050981798209], [-1.724670899566263, 54.88907245150767], [-1.7240531807765365, 54.88871310988907], [-1.7228177431970835, 54.88871310988907], [-1.722200024407357, 54.88907245150767], [-1.722200024407357, 54.89050981798209], [-1.7215823056176305, 54.8908691596007], [-1.7203468680381775, 54.8908691596007], [-1.7191114304587245, 54.89158784283791], [-1.7178759928792715, 54.89158784283791], [-1.7166405552998185, 54.89230652607512], [-1.7154051177203655, 54.89230652607512], [-1.7141696801409125, 54.89302520931233], [-1.713551961351186, 54.89266586769372], [-1.7154051177203655, 54.89158784283791], [-1.7166405552998185, 54.89158784283791], [-1.717258274089545, 54.8912285012193], [-1.717258274089545, 54.88979113474488], [-1.716022836510092, 54.88907245150767], [-1.7166405552998185, 54.88871310988907], [-1.7178759928792715, 54.88871310988907], [-1.7191114304587245, 54.88799442665186], [-1.7203468680381775, 54.88871310988907], [-1.720964586827904, 54.88835376827046], [-1.720964586827904, 54.88691640179604], [-1.7203468680381775, 54.88655706017744], [-1.7191114304587245, 54.88727574341465], [-1.718493711668998, 54.88691640179604], [-1.718493711668998, 54.88547903532162], [-1.719729149248451, 54.88476035208441], [-1.7191114304587245, 54.88440101046581], [-1.7178759928792715, 54.88440101046581], [-1.717258274089545, 54.8840416688472], [-1.717258274089545, 54.88332298560999], [-1.7166405552998185, 54.88296364399139], [-1.7154051177203655, 54.8836823272286], [-1.7116988049820065, 54.8836823272286], [-1.708610211033374, 54.88188561913557], [-1.708610211033374, 54.881166935898364], [-1.7079924922436476, 54.88080759427976], [-1.7067570546641946, 54.88152627751697], [-1.706139335874468, 54.881166935898364], [-1.706139335874468, 54.880448252661154], [-1.707374773453921, 54.879729569423944], [-1.707374773453921, 54.879010886186734], [-1.7067570546641946, 54.87865154456813], [-1.7055216170847416, 54.87865154456813], [-1.703668460715562, 54.879729569423944], [-1.703668460715562, 54.880448252661154], [-1.7030507419258356, 54.88080759427976], [-1.7018153043463826, 54.88080759427976], [-1.7011975855566561, 54.881166935898364], [-1.7011975855566561, 54.88188561913557], [-1.7005798667669296, 54.88224496075418], [-1.6993444291874766, 54.88224496075418], [-1.6987267103977501, 54.88260430237278], [-1.6987267103977501, 54.88476035208441], [-1.6974912728182971, 54.88547903532162], [-1.6981089916080236, 54.88583837694023], [-1.6993444291874766, 54.88583837694023], [-1.7011975855566561, 54.88691640179604], [-1.7011975855566561, 54.88835376827046], [-1.703668460715562, 54.88979113474488], [-1.7024330231361091, 54.89050981798209], [-1.7024330231361091, 54.8912285012193], [-1.6981089916080236, 54.89374389254954], [-1.6968735540285707, 54.89374389254954], [-1.6962558352388442, 54.89338455093093], [-1.6962558352388442, 54.89266586769372], [-1.6956381164491177, 54.89230652607512], [-1.6937849600799382, 54.89338455093093], [-1.6950203976593912, 54.89410323416814], [-1.6950203976593912, 54.89482191740535], [-1.6962558352388442, 54.89554060064256], [-1.6962558352388442, 54.89697796711698], [-1.6950203976593912, 54.89769665035419], [-1.6950203976593912, 54.90129006654024], [-1.6944026788696647, 54.901649408158846], [-1.6931672412902117, 54.901649408158846], [-1.6925495225004852, 54.90200874977745], [-1.6925495225004852, 54.90272743301466], [-1.6931672412902117, 54.903086774633266], [-1.6944026788696647, 54.903086774633266], [-1.6950203976593912, 54.90344611625187], [-1.6950203976593912, 54.90416479948908], [-1.6931672412902117, 54.905242824344896], [-1.6906963661313057, 54.903805457870476], [-1.6894609285518527, 54.903805457870476], [-1.6876077721826732, 54.90488348272629], [-1.6876077721826732, 54.9056021659635], [-1.6894609285518527, 54.906680190819316], [-1.6919318037107587, 54.906680190819316], [-1.6931672412902117, 54.907398874056526], [-1.6944026788696647, 54.907398874056526], [-1.6950203976593912, 54.90703953243792], [-1.6950203976593912, 54.9056021659635], [-1.6956381164491177, 54.905242824344896], [-1.6993444291874766, 54.905242824344896]], [[-1.7024330231361091, 54.92572529660538], [-1.7024330231361091, 54.92788134631701], [-1.703668460715562, 54.92860002955422], [-1.703668460715562, 54.93003739602864], [-1.7042861795052886, 54.93039673764724], [-1.7055216170847416, 54.93039673764724], [-1.706139335874468, 54.93075607926585], [-1.706139335874468, 54.93219344574027], [-1.7104633674025536, 54.9347088370705], [-1.712316523771733, 54.93363081221469], [-1.712316523771733, 54.93291212897748], [-1.7129342425614595, 54.93255278735887], [-1.713551961351186, 54.93291212897748], [-1.713551961351186, 54.9343494954519], [-1.7141696801409125, 54.9347088370705], [-1.7154051177203655, 54.9347088370705], [-1.717258274089545, 54.93363081221469], [-1.717258274089545, 54.93147476250306], [-1.7178759928792715, 54.93111542088445], [-1.7191114304587245, 54.93111542088445], [-1.719729149248451, 54.93075607926585], [-1.719729149248451, 54.93003739602864], [-1.7203468680381775, 54.92967805441003], [-1.7215823056176305, 54.93039673764724], [-1.7228177431970835, 54.93039673764724], [-1.7240531807765365, 54.93111542088445], [-1.724670899566263, 54.93075607926585], [-1.724670899566263, 54.92860002955422], [-1.7252886183559895, 54.92824068793561], [-1.7265240559354424, 54.92895937117282], [-1.7277594935148954, 54.92895937117282], [-1.729612649884075, 54.92788134631701], [-1.729612649884075, 54.92572529660538], [-1.730848087463528, 54.92500661336817], [-1.730848087463528, 54.92428793013096], [-1.7327012438327074, 54.923209905275144], [-1.7339366814121604, 54.923209905275144], [-1.734554400201887, 54.92285056365654], [-1.734554400201887, 54.92213188041933], [-1.7339366814121604, 54.921772538800724], [-1.7327012438327074, 54.922491222037934], [-1.732083525042981, 54.92213188041933], [-1.732083525042981, 54.92141319718212], [-1.730848087463528, 54.92069451394491], [-1.730848087463528, 54.9199758307077], [-1.732083525042981, 54.91925714747049], [-1.732083525042981, 54.91710109775886], [-1.730848087463528, 54.91638241452165], [-1.730848087463528, 54.91494504804723], [-1.729612649884075, 54.91422636481002], [-1.729612649884075, 54.9127889983356], [-1.727141774725169, 54.91135163186118], [-1.727141774725169, 54.91063294862397], [-1.7265240559354424, 54.910273607005365], [-1.7252886183559895, 54.910273607005365], [-1.724670899566263, 54.91063294862397], [-1.724670899566263, 54.9127889983356], [-1.7228177431970835, 54.913867023191415], [-1.7215823056176305, 54.913867023191415], [-1.7203468680381775, 54.914585706428625], [-1.7191114304587245, 54.914585706428625], [-1.718493711668998, 54.91494504804723], [-1.718493711668998, 54.91638241452165], [-1.7166405552998185, 54.917460439377464], [-1.7141696801409125, 54.917460439377464], [-1.712316523771733, 54.91853846423328], [-1.713551961351186, 54.91925714747049], [-1.713551961351186, 54.92069451394491], [-1.714787398930639, 54.92141319718212], [-1.714787398930639, 54.92213188041933], [-1.7141696801409125, 54.922491222037934], [-1.7116988049820065, 54.922491222037934], [-1.7104633674025536, 54.923209905275144], [-1.7092279298231006, 54.922491222037934], [-1.7079924922436476, 54.922491222037934], [-1.7067570546641946, 54.923209905275144], [-1.7055216170847416, 54.923209905275144], [-1.704903898295015, 54.92285056365654], [-1.704903898295015, 54.92213188041933], [-1.7042861795052886, 54.921772538800724], [-1.7030507419258356, 54.921772538800724], [-1.7024330231361091, 54.92213188041933], [-1.7024330231361091, 54.92428793013096], [-1.7011975855566561, 54.92500661336817], [-1.7024330231361091, 54.92572529660538]], [[-1.6752533963881433, 54.88547903532162], [-1.6758711151778698, 54.88511969370302], [-1.6777242715470493, 54.8840416688472], [-1.6777242715470493, 54.88332298560999], [-1.6771065527573228, 54.88296364399139], [-1.6758711151778698, 54.8836823272286], [-1.6752533963881433, 54.88332298560999], [-1.6752533963881433, 54.881166935898364], [-1.6740179588086903, 54.880448252661154], [-1.6740179588086903, 54.879010886186734], [-1.6721648024395108, 54.87793286133092], [-1.6709293648600578, 54.87793286133092], [-1.6696939272806048, 54.87865154456813], [-1.6684584897011518, 54.87865154456813], [-1.6678407709114254, 54.878292202949524], [-1.6678407709114254, 54.877573519712314], [-1.6672230521216989, 54.87721417809371], [-1.6659876145422459, 54.87721417809371], [-1.6647521769627929, 54.87793286133092], [-1.6635167393833399, 54.87793286133092], [-1.6628990205936134, 54.878292202949524], [-1.6641344581730664, 54.879010886186734], [-1.6628990205936134, 54.879729569423944], [-1.6641344581730664, 54.880448252661154], [-1.6641344581730664, 54.881166935898364], [-1.6653698957525194, 54.88188561913557], [-1.6647521769627929, 54.88224496075418], [-1.6635167393833399, 54.88224496075418], [-1.661045864224434, 54.8836823272286], [-1.6604281454347074, 54.88332298560999], [-1.6616635830141604, 54.88260430237278], [-1.661045864224434, 54.88224496075418], [-1.659810426644981, 54.88224496075418], [-1.6591927078552544, 54.88260430237278], [-1.6591927078552544, 54.88476035208441], [-1.657339551486075, 54.88583837694023], [-1.6567218326963484, 54.88547903532162], [-1.6567218326963484, 54.88260430237278], [-1.656104113906622, 54.88224496075418], [-1.654868676327169, 54.88296364399139], [-1.65116236358881, 54.88296364399139], [-1.6505446447990835, 54.88260430237278], [-1.6505446447990835, 54.88188561913557], [-1.6493092072196305, 54.881166935898364], [-1.6493092072196305, 54.880448252661154], [-1.648691488429904, 54.88008891104255], [-1.646220613270998, 54.88008891104255], [-1.644985175691545, 54.87937022780534], [-1.643749738112092, 54.87937022780534], [-1.6431320193223655, 54.879729569423944], [-1.6431320193223655, 54.880448252661154], [-1.642514300532639, 54.88080759427976], [-1.640043425373733, 54.88080759427976], [-1.6381902690045536, 54.879729569423944], [-1.6381902690045536, 54.879010886186734], [-1.637572550214827, 54.87865154456813], [-1.635101675055921, 54.87865154456813], [-1.6344839562661946, 54.879010886186734], [-1.6344839562661946, 54.881166935898364], [-1.633866237476468, 54.88152627751697], [-1.631395362317562, 54.88152627751697], [-1.6307776435278356, 54.881166935898364], [-1.6307776435278356, 54.879729569423944], [-1.6289244871586561, 54.87865154456813], [-1.6276890495792031, 54.87865154456813], [-1.6270713307894766, 54.878292202949524], [-1.6270713307894766, 54.877573519712314], [-1.6283067683689296, 54.876854836475104], [-1.6283067683689296, 54.875417470000684], [-1.6276890495792031, 54.87505812838208], [-1.6264536119997501, 54.87505812838208], [-1.6239827368408442, 54.8764954948565], [-1.6227472992613912, 54.8764954948565], [-1.6221295804716647, 54.876854836475104], [-1.6221295804716647, 54.877573519712314], [-1.6227472992613912, 54.87793286133092], [-1.6239827368408442, 54.87793286133092], [-1.6246004556305707, 54.878292202949524], [-1.6246004556305707, 54.879729569423944], [-1.6239827368408442, 54.88008891104255], [-1.6227472992613912, 54.88008891104255], [-1.6221295804716647, 54.879729569423944], [-1.6221295804716647, 54.878292202949524], [-1.6215118616819382, 54.87793286133092], [-1.6208941428922117, 54.878292202949524], [-1.6208941428922117, 54.879729569423944], [-1.6202764241024852, 54.88008891104255], [-1.6190409865230322, 54.87937022780534], [-1.6184232677333057, 54.879729569423944], [-1.6184232677333057, 54.880448252661154], [-1.6196587053127587, 54.881166935898364], [-1.6196587053127587, 54.88188561913557], [-1.6184232677333057, 54.88260430237278], [-1.6190409865230322, 54.88296364399139], [-1.6202764241024852, 54.88296364399139], [-1.6215118616819382, 54.88224496075418], [-1.6233650180511177, 54.88332298560999], [-1.6227472992613912, 54.8836823272286], [-1.6215118616819382, 54.8836823272286], [-1.6208941428922117, 54.8840416688472], [-1.6208941428922117, 54.88619771855883], [-1.6202764241024852, 54.88655706017744], [-1.6190409865230322, 54.88655706017744], [-1.6184232677333057, 54.88691640179604], [-1.6184232677333057, 54.88763508503325], [-1.6165701113641262, 54.88871310988907], [-1.6153346737846732, 54.88871310988907], [-1.6134815174154937, 54.88979113474488], [-1.6134815174154937, 54.89266586769372], [-1.6128637986257672, 54.89302520931233], [-1.6103929234668612, 54.89302520931233], [-1.6035980167798698, 54.89697796711698], [-1.6035980167798698, 54.90057138330303], [-1.6017448604106903, 54.901649408158846], [-1.6005094228312373, 54.901649408158846], [-1.5998917040415108, 54.90129006654024], [-1.5998917040415108, 54.90057138330303], [-1.5986562664620578, 54.89985270006582], [-1.5986562664620578, 54.89913401682861], [-1.5968031100928783, 54.89949335844722], [-1.5955676725134254, 54.89958319385187], [-1.5943322349339724, 54.89949335844722], [-1.5930967973545194, 54.89949335844722], [-1.5918613597750664, 54.89877467521001], [-1.5906259221956134, 54.89877467521001], [-1.5893904846161604, 54.8980559919728], [-1.588772765826434, 54.8984153335914], [-1.588772765826434, 54.89913401682861], [-1.5900082034058869, 54.89985270006582], [-1.5881550470367074, 54.900930724921636], [-1.5869196094572544, 54.900930724921636], [-1.586301890667528, 54.90129006654024], [-1.5869196094572544, 54.901649408158846], [-1.5893904846161604, 54.901649408158846], [-1.5906259221956134, 54.902368091396056], [-1.5918613597750664, 54.902368091396056], [-1.5924790785647929, 54.90272743301466], [-1.5924790785647929, 54.90488348272629], [-1.5937145161442459, 54.9056021659635], [-1.5937145161442459, 54.90632084920071], [-1.5961853913031518, 54.90775821567513], [-1.5949499537236989, 54.90847689891234], [-1.5949499537236989, 54.90991426538676], [-1.5943322349339724, 54.910273607005365], [-1.5930967973545194, 54.910273607005365], [-1.5918613597750664, 54.909554923768155], [-1.5912436409853399, 54.90991426538676], [-1.5912436409853399, 54.91422636481002], [-1.5918613597750664, 54.914585706428625], [-1.5930967973545194, 54.913867023191415], [-1.5937145161442459, 54.91422636481002], [-1.5937145161442459, 54.91566373128444], [-1.5980385476723313, 54.918179122614674], [-1.5986562664620578, 54.91781978099607], [-1.5986562664620578, 54.91638241452165], [-1.5974208288826048, 54.91566373128444], [-1.5980385476723313, 54.915304389665835], [-1.6005094228312373, 54.915304389665835], [-1.6017448604106903, 54.916023072903045], [-1.6029802979901433, 54.916023072903045], [-1.6054511731490493, 54.914585706428625], [-1.6066866107285023, 54.914585706428625], [-1.6085397670976818, 54.91350768157281], [-1.6085397670976818, 54.91207031509839], [-1.6103929234668612, 54.910992290242575], [-1.6110106422565877, 54.91135163186118], [-1.6110106422565877, 54.91207031509839], [-1.6122460798360407, 54.9127889983356], [-1.6110106422565877, 54.91350768157281], [-1.6110106422565877, 54.91422636481002], [-1.6116283610463142, 54.914585706428625], [-1.6128637986257672, 54.913867023191415], [-1.6140992362052202, 54.913867023191415], [-1.6147169549949467, 54.91422636481002], [-1.6122460798360407, 54.91566373128444], [-1.6122460798360407, 54.91710109775886], [-1.6128637986257672, 54.917460439377464], [-1.6178055489435792, 54.917460439377464], [-1.6190409865230322, 54.916741756140254], [-1.6202764241024852, 54.916741756140254], [-1.6208941428922117, 54.91710109775886], [-1.6208941428922117, 54.91781978099607], [-1.6215118616819382, 54.918179122614674], [-1.6239827368408442, 54.918179122614674], [-1.6246004556305707, 54.91853846423328], [-1.6246004556305707, 54.91925714747049], [-1.6221295804716647, 54.92069451394491], [-1.6246004556305707, 54.92213188041933], [-1.6246004556305707, 54.92356924689375], [-1.6258358932100236, 54.92428793013096], [-1.6258358932100236, 54.9271626630798], [-1.6276890495792031, 54.92824068793561], [-1.6289244871586561, 54.92824068793561], [-1.6295422059483826, 54.92860002955422], [-1.6295422059483826, 54.92931871279143], [-1.6301599247381091, 54.92967805441003], [-1.631395362317562, 54.92967805441003], [-1.6320130811072886, 54.93003739602864], [-1.6320130811072886, 54.93147476250306], [-1.632630799897015, 54.93183410412166], [-1.636337112635374, 54.93183410412166], [-1.6394257065840065, 54.93003739602864], [-1.6394257065840065, 54.92931871279143], [-1.640043425373733, 54.92895937117282], [-1.644985175691545, 54.92895937117282], [-1.6456028944812715, 54.92931871279143], [-1.6456028944812715, 54.93003739602864], [-1.6443674569018185, 54.93075607926585], [-1.6443674569018185, 54.93363081221469], [-1.644985175691545, 54.93399015383329], [-1.646220613270998, 54.93327147059608], [-1.647456050850451, 54.93327147059608], [-1.6493092072196305, 54.93219344574027], [-1.6493092072196305, 54.93075607926585], [-1.6480737696401775, 54.93003739602864], [-1.6480737696401775, 54.92931871279143], [-1.6456028944812715, 54.92788134631701], [-1.6456028944812715, 54.9271626630798], [-1.6468383320607245, 54.92644397984259], [-1.6468383320607245, 54.92572529660538], [-1.648691488429904, 54.92464727174956], [-1.652397801168263, 54.92464727174956], [-1.653633238747716, 54.923928588512354], [-1.654868676327169, 54.92464727174956], [-1.656104113906622, 54.92464727174956], [-1.6567218326963484, 54.92428793013096], [-1.6554863951168954, 54.92356924689375], [-1.6579572702758014, 54.92213188041933], [-1.6579572702758014, 54.9199758307077], [-1.659810426644981, 54.918897805851884], [-1.6604281454347074, 54.91925714747049], [-1.6604281454347074, 54.9199758307077], [-1.661045864224434, 54.920335172326304], [-1.6647521769627929, 54.918179122614674], [-1.6672230521216989, 54.918179122614674], [-1.6678407709114254, 54.91781978099607], [-1.6678407709114254, 54.91422636481002], [-1.6684584897011518, 54.913867023191415], [-1.6696939272806048, 54.913867023191415], [-1.6703116460703313, 54.91350768157281], [-1.6696939272806048, 54.913148339954205], [-1.6684584897011518, 54.913148339954205], [-1.6647521769627929, 54.910992290242575], [-1.662281301803887, 54.910992290242575], [-1.6616635830141604, 54.91063294862397], [-1.6616635830141604, 54.90991426538676], [-1.6591927078552544, 54.90847689891234], [-1.6591927078552544, 54.90632084920071], [-1.6628990205936134, 54.90416479948908], [-1.6628990205936134, 54.90272743301466], [-1.662281301803887, 54.902368091396056], [-1.661045864224434, 54.902368091396056], [-1.6604281454347074, 54.90272743301466], [-1.6604281454347074, 54.90344611625187], [-1.659810426644981, 54.903805457870476], [-1.6591927078552544, 54.90344611625187], [-1.6591927078552544, 54.90272743301466], [-1.661045864224434, 54.901649408158846], [-1.662281301803887, 54.901649408158846], [-1.6635167393833399, 54.900930724921636], [-1.6647521769627929, 54.900930724921636], [-1.6659876145422459, 54.900212041684426], [-1.6684584897011518, 54.901649408158846], [-1.6703116460703313, 54.90057138330303], [-1.6703116460703313, 54.89985270006582], [-1.6690762084908783, 54.89913401682861], [-1.6690762084908783, 54.8984153335914], [-1.6678407709114254, 54.89769665035419], [-1.6678407709114254, 54.89697796711698], [-1.6690762084908783, 54.89625928387977], [-1.6690762084908783, 54.89338455093093], [-1.6709293648600578, 54.89230652607512], [-1.6721648024395108, 54.89230652607512], [-1.6727825212292373, 54.89194718445651], [-1.6727825212292373, 54.89050981798209], [-1.6715470836497843, 54.88979113474488], [-1.6721648024395108, 54.88943179312628], [-1.6746356775984168, 54.88943179312628], [-1.6752533963881433, 54.88907245150767], [-1.6740179588086903, 54.88835376827046], [-1.6752533963881433, 54.88763508503325], [-1.6752533963881433, 54.88547903532162]], [[-1.561593139078468, 54.856731705833226], [-1.561593139078468, 54.85529433935881], [-1.5585045451298356, 54.85349763126578], [-1.5572691075503826, 54.85349763126578], [-1.5554159511812031, 54.85241960640997], [-1.5554159511812031, 54.85170092317276], [-1.5541805136017501, 54.85098223993555], [-1.5541805136017501, 54.85026355669834], [-1.5554159511812031, 54.84954487346113], [-1.5547982323914766, 54.84918553184252], [-1.5523273572325706, 54.84918553184252], [-1.5517096384428442, 54.84954487346113], [-1.5517096384428442, 54.85098223993555], [-1.5510919196531177, 54.85134158155415], [-1.5473856069147587, 54.85134158155415], [-1.5467678881250322, 54.85170092317276], [-1.5467678881250322, 54.85385697288439], [-1.5461501693353057, 54.85421631450299], [-1.5449147317558527, 54.85421631450299], [-1.5436792941763997, 54.8549349977402], [-1.5375021062791348, 54.8549349977402], [-1.5368843874894083, 54.85529433935881], [-1.5368843874894083, 54.85601302259602], [-1.5356489499099553, 54.856731705833226], [-1.5356489499099553, 54.858887755544856], [-1.5350312311202288, 54.85924709716346], [-1.5337957935407758, 54.85852841392625], [-1.5331780747510493, 54.858887755544856], [-1.5331780747510493, 54.859606438782066], [-1.5325603559613228, 54.85996578040067], [-1.5313249183818698, 54.85996578040067], [-1.5300894808024168, 54.86068446363788], [-1.5294717620126903, 54.860325122019276], [-1.5294717620126903, 54.858887755544856], [-1.5288540432229638, 54.85852841392625], [-1.5276186056435108, 54.85852841392625], [-1.5270008868537843, 54.858887755544856], [-1.5270008868537843, 54.859606438782066], [-1.5257654492743313, 54.860325122019276], [-1.5257654492743313, 54.861043805256486], [-1.5263831680640578, 54.86140314687509], [-1.5288540432229638, 54.86140314687509], [-1.5294717620126903, 54.861762488493696], [-1.5294717620126903, 54.863199854968116], [-1.5288540432229638, 54.86355919658672], [-1.5226768553256989, 54.86355919658672], [-1.5220591365359724, 54.863918538205326], [-1.5226768553256989, 54.86427787982393], [-1.5239122929051518, 54.86427787982393], [-1.5245300116948783, 54.864637221442536], [-1.5232945741154253, 54.865355904679745], [-1.5232945741154253, 54.866074587916955], [-1.5226768553256989, 54.86643392953556], [-1.5202059801667929, 54.86643392953556], [-1.5189705425873399, 54.86715261277277], [-1.5177351050078869, 54.86715261277277], [-1.516499667428434, 54.86787129600998], [-1.515264229848981, 54.86787129600998], [-1.5146465110592544, 54.868230637628585], [-1.5146465110592544, 54.871105370577425], [-1.5134110734798014, 54.871824053814635], [-1.515264229848981, 54.87290207867045], [-1.5158819486387074, 54.872542737051845], [-1.5158819486387074, 54.870386687340215], [-1.516499667428434, 54.87002734572161], [-1.5177351050078869, 54.87074602895882], [-1.5202059801667929, 54.87074602895882], [-1.5220591365359724, 54.871824053814635], [-1.5214414177462459, 54.87218339543324], [-1.5202059801667929, 54.87362076190766], [-1.520978128653951, 54.873980103526264], [-1.5231401444179937, 54.873980103526264], [-1.5239122929051518, 54.87362076190766], [-1.5251477304846048, 54.87290207867045], [-1.5263831680640578, 54.87362076190766], [-1.5276186056435108, 54.87290207867045], [-1.5294717620126903, 54.873980103526264], [-1.5294717620126903, 54.874698786763474], [-1.5337957935407758, 54.87721417809371], [-1.5362666686996818, 54.87721417809371], [-1.5375021062791348, 54.87793286133092], [-1.5399729814380407, 54.87793286133092], [-1.5405907002277672, 54.877573519712314], [-1.5405907002277672, 54.876854836475104], [-1.5418261378072202, 54.876136153237894], [-1.5418261378072202, 54.875417470000684], [-1.5424438565969467, 54.87505812838208], [-1.5436792941763997, 54.87505812838208], [-1.5449147317558527, 54.87577681161929], [-1.5498564820736647, 54.87577681161929], [-1.5510919196531177, 54.87505812838208], [-1.5535627948120236, 54.87505812838208], [-1.5547982323914766, 54.87433944514487], [-1.5560336699709296, 54.87505812838208], [-1.5585045451298356, 54.87505812838208], [-1.559122263919562, 54.874698786763474], [-1.559122263919562, 54.873980103526264], [-1.5609754202887416, 54.87290207867045], [-1.5622108578681946, 54.87290207867045], [-1.562828576657921, 54.872542737051845], [-1.561593139078468, 54.871824053814635], [-1.561593139078468, 54.864637221442536], [-1.5609754202887416, 54.86427787982393], [-1.5597399827092886, 54.86499656306114], [-1.5585045451298356, 54.86499656306114], [-1.557886826340109, 54.864637221442536], [-1.557886826340109, 54.863199854968116], [-1.560357701499015, 54.861762488493696], [-1.560357701499015, 54.860325122019276], [-1.5609754202887416, 54.85996578040067], [-1.5622108578681946, 54.85996578040067], [-1.562828576657921, 54.859606438782066], [-1.562828576657921, 54.857450389070436], [-1.561593139078468, 54.856731705833226]], [[-1.5072338855825365, 54.948723160196096], [-1.507851604372263, 54.9490825018147], [-1.509087041951716, 54.9490825018147], [-1.5097047607414424, 54.948723160196096], [-1.5097047607414424, 54.946567110484466], [-1.509087041951716, 54.94620776886586], [-1.507851604372263, 54.94620776886586], [-1.5072338855825365, 54.945848427247256], [-1.5072338855825365, 54.943692377535626], [-1.5084693231619895, 54.942973694298416], [-1.5084693231619895, 54.941536327824], [-1.509087041951716, 54.94117698620539], [-1.510322479531169, 54.94117698620539], [-1.511557917110622, 54.9418956694426], [-1.512793354690075, 54.9418956694426], [-1.5134110734798014, 54.941536327824], [-1.5134110734798014, 54.94009896134958], [-1.511557917110622, 54.93902093649376], [-1.510322479531169, 54.93973961973097], [-1.5097047607414424, 54.93938027811237], [-1.5097047607414424, 54.93866159487516], [-1.509087041951716, 54.93830225325655], [-1.507851604372263, 54.93830225325655], [-1.5059984480030835, 54.93722422840074], [-1.5059984480030835, 54.93578686192632], [-1.505380729213357, 54.93542752030771], [-1.504145291633904, 54.93542752030771], [-1.5022921352647245, 54.9343494954519], [-1.5022921352647245, 54.93291212897748], [-1.504145291633904, 54.93183410412166], [-1.50661616679281, 54.93183410412166], [-1.5072338855825365, 54.93147476250306], [-1.5072338855825365, 54.93003739602864], [-1.509087041951716, 54.92895937117282], [-1.510322479531169, 54.92895937117282], [-1.5121756359003484, 54.92788134631701], [-1.5109401983208954, 54.9271626630798], [-1.5109401983208954, 54.92500661336817], [-1.5097047607414424, 54.92428793013096], [-1.5097047607414424, 54.92356924689375], [-1.509087041951716, 54.923209905275144], [-1.507851604372263, 54.923928588512354], [-1.5072338855825365, 54.92356924689375], [-1.5072338855825365, 54.92213188041933], [-1.50661616679281, 54.921772538800724], [-1.505380729213357, 54.922491222037934], [-1.504145291633904, 54.922491222037934], [-1.502909854054451, 54.921772538800724], [-1.501674416474998, 54.921772538800724], [-1.499203541316092, 54.923209905275144], [-1.495497228577733, 54.921053855563514], [-1.49426179099828, 54.921053855563514], [-1.491790915839374, 54.919616489089094], [-1.490555478259921, 54.919616489089094], [-1.489320040680468, 54.918897805851884], [-1.488084603101015, 54.918897805851884], [-1.4874668843112886, 54.91925714747049], [-1.4874668843112886, 54.9199758307077], [-1.4862314467318356, 54.92069451394491], [-1.4862314467318356, 54.92141319718212], [-1.485613727942109, 54.921772538800724], [-1.4843782903626561, 54.921772538800724], [-1.4837605715729296, 54.92356924689375], [-1.4831428527832031, 54.924018423917005], [-1.4843782903626561, 54.92464727174956], [-1.4849960091523826, 54.92500661336817], [-1.4849960091523826, 54.92788134631701], [-1.4843782903626561, 54.92824068793561], [-1.4831428527832031, 54.92824068793561], [-1.4825251339934766, 54.92860002955422], [-1.4837605715729296, 54.92931871279143], [-1.4837605715729296, 54.93075607926585], [-1.4843782903626561, 54.93111542088445], [-1.485613727942109, 54.93111542088445], [-1.4862314467318356, 54.93147476250306], [-1.4862314467318356, 54.93219344574027], [-1.485613727942109, 54.93255278735887], [-1.4843782903626561, 54.93183410412166], [-1.4831428527832031, 54.93183410412166], [-1.4825251339934766, 54.93219344574027], [-1.4825251339934766, 54.93291212897748], [-1.4794365400448442, 54.9347088370705], [-1.4782011024653912, 54.9347088370705], [-1.4775833836756647, 54.93506817868911], [-1.4775833836756647, 54.93794291163795], [-1.4794365400448442, 54.93902093649376], [-1.4806719776242971, 54.93902093649376], [-1.4837605715729296, 54.93722422840074], [-1.4837605715729296, 54.93650554516353], [-1.4843782903626561, 54.93614620354492], [-1.485613727942109, 54.93614620354492], [-1.4874668843112886, 54.93722422840074], [-1.4874668843112886, 54.93794291163795], [-1.489320040680468, 54.93902093649376], [-1.490555478259921, 54.93902093649376], [-1.4911731970496476, 54.93938027811237], [-1.4911731970496476, 54.94081764458679], [-1.491790915839374, 54.94117698620539], [-1.493026353418827, 54.94117698620539], [-1.4948795097880065, 54.94225501106121], [-1.4948795097880065, 54.942973694298416], [-1.4961149473674595, 54.943692377535626], [-1.4961149473674595, 54.944411060772836], [-1.495497228577733, 54.94477040239144], [-1.49426179099828, 54.94405171915423], [-1.493026353418827, 54.94405171915423], [-1.4924086346291006, 54.944411060772836], [-1.4924086346291006, 54.945848427247256], [-1.4911731970496476, 54.946567110484466], [-1.493026353418827, 54.94764513534028], [-1.501674416474998, 54.94764513534028], [-1.502909854054451, 54.94692645210307], [-1.504145291633904, 54.94764513534028], [-1.50661616679281, 54.94764513534028], [-1.5072338855825365, 54.948004476958886], [-1.5072338855825365, 54.948723160196096]], [[-1.4689353206194937, 54.91638241452165], [-1.4695530394092202, 54.916741756140254], [-1.4707884769886732, 54.916741756140254], [-1.4714061957783997, 54.91638241452165], [-1.4714061957783997, 54.91566373128444], [-1.4720239145681262, 54.915304389665835], [-1.4732593521475792, 54.915304389665835], [-1.4744947897270322, 54.914585706428625], [-1.4757302273064852, 54.914585706428625], [-1.4763479460962117, 54.91422636481002], [-1.4763479460962117, 54.91350768157281], [-1.4769656648859382, 54.913148339954205], [-1.4775833836756647, 54.91350768157281], [-1.4775833836756647, 54.91422636481002], [-1.4782011024653912, 54.914585706428625], [-1.481135266716592, 54.91350768157281], [-1.4819074152037501, 54.913148339954205], [-1.4831428527832031, 54.913148339954205], [-1.4837605715729296, 54.9127889983356], [-1.4837605715729296, 54.91063294862397], [-1.4849960091523826, 54.90991426538676], [-1.4849960091523826, 54.90919558214955], [-1.4843782903626561, 54.908836240530945], [-1.4831428527832031, 54.908836240530945], [-1.4825251339934766, 54.90847689891234], [-1.4825251339934766, 54.90775821567513], [-1.4819074152037501, 54.907398874056526], [-1.4812896964140236, 54.90775821567513], [-1.4812896964140236, 54.90847689891234], [-1.4806719776242971, 54.908836240530945], [-1.4794365400448442, 54.908836240530945], [-1.4782011024653912, 54.908117557293735], [-1.4769656648859382, 54.908836240530945], [-1.4757302273064852, 54.908836240530945], [-1.4726416333578527, 54.90703953243792], [-1.4744947897270322, 54.905961507582106], [-1.4757302273064852, 54.905961507582106], [-1.4763479460962117, 54.9056021659635], [-1.4757302273064852, 54.905242824344896], [-1.4744947897270322, 54.905242824344896], [-1.4738770709373057, 54.90488348272629], [-1.4738770709373057, 54.90416479948908], [-1.4757302273064852, 54.903086774633266], [-1.4769656648859382, 54.903086774633266], [-1.4788188212551177, 54.89913401682861], [-1.4794365400448442, 54.898684839805355], [-1.4794365400448442, 54.89814582737745], [-1.4788188212551177, 54.89769665035419], [-1.4794365400448442, 54.89733730873559], [-1.4819074152037501, 54.89733730873559], [-1.4843782903626561, 54.89877467521001], [-1.485613727942109, 54.89877467521001], [-1.4862314467318356, 54.8984153335914], [-1.4862314467318356, 54.89769665035419], [-1.4849960091523826, 54.89697796711698], [-1.4862314467318356, 54.89338455093093], [-1.486849165521562, 54.892935373907676], [-1.488084603101015, 54.89302520931233], [-1.489320040680468, 54.89302520931233], [-1.4899377594701946, 54.89266586769372], [-1.4899377594701946, 54.89194718445651], [-1.490555478259921, 54.89158784283791], [-1.491790915839374, 54.89158784283791], [-1.49426179099828, 54.89015047636349], [-1.496732666157186, 54.89015047636349], [-1.4973503849469125, 54.89050981798209], [-1.4973503849469125, 54.8912285012193], [-1.497968103736639, 54.89158784283791], [-1.499203541316092, 54.89158784283791], [-1.500438978895545, 54.8908691596007], [-1.501674416474998, 54.8908691596007], [-1.502909854054451, 54.89015047636349], [-1.504145291633904, 54.8908691596007], [-1.5047630104236305, 54.89050981798209], [-1.5047630104236305, 54.88979113474488], [-1.505380729213357, 54.88943179312628], [-1.50661616679281, 54.88943179312628], [-1.507851604372263, 54.89015047636349], [-1.5084693231619895, 54.88979113474488], [-1.5059984480030835, 54.88763508503325], [-1.5059984480030835, 54.88835376827046], [-1.505380729213357, 54.88871310988907], [-1.504145291633904, 54.88871310988907], [-1.5010566976852715, 54.88691640179604], [-1.501674416474998, 54.88646722477279], [-1.5022921352647245, 54.88547903532162], [-1.502909854054451, 54.88502985829837], [-1.501674416474998, 54.88440101046581], [-1.499203541316092, 54.88440101046581], [-1.497968103736639, 54.8836823272286], [-1.496732666157186, 54.88440101046581], [-1.49426179099828, 54.88440101046581], [-1.493026353418827, 54.8836823272286], [-1.491790915839374, 54.8836823272286], [-1.489320040680468, 54.88511969370302], [-1.4843782903626561, 54.88511969370302], [-1.4769656648859382, 54.88943179312628], [-1.4751125085167587, 54.88835376827046], [-1.4751125085167587, 54.88763508503325], [-1.4732593521475792, 54.88655706017744], [-1.4714061957783997, 54.88763508503325], [-1.4720239145681262, 54.88799442665186], [-1.4732593521475792, 54.88799442665186], [-1.4738770709373057, 54.88835376827046], [-1.4738770709373057, 54.88907245150767], [-1.4707884769886732, 54.8908691596007], [-1.4695530394092202, 54.8908691596007], [-1.4689353206194937, 54.8912285012193], [-1.4689353206194937, 54.89194718445651], [-1.4652290078811347, 54.89410323416814], [-1.4652290078811347, 54.89482191740535], [-1.4646112890914083, 54.89518125902396], [-1.4633758515119553, 54.89518125902396], [-1.4621404139325023, 54.89446257578675], [-1.4609049763530493, 54.89446257578675], [-1.4602872575633228, 54.89410323416814], [-1.4602872575633228, 54.89338455093093], [-1.4596695387735963, 54.89302520931233], [-1.4584341011941433, 54.89374389254954], [-1.4571986636146903, 54.89302520931233], [-1.4565809448249638, 54.89338455093093], [-1.4565809448249638, 54.89554060064256], [-1.4571986636146903, 54.89589994226117], [-1.4596695387735963, 54.89589994226117], [-1.4602872575633228, 54.89625928387977], [-1.4602872575633228, 54.8984153335914], [-1.4596695387735963, 54.89886451061466], [-1.4596695387735963, 54.900122206279775], [-1.4602872575633228, 54.90057138330303], [-1.4590518199838698, 54.90129006654024], [-1.4590518199838698, 54.90344611625187], [-1.4571986636146903, 54.90461397651234], [-1.4571986636146903, 54.905152988940245], [-1.4578163824044168, 54.9056021659635], [-1.4578163824044168, 54.90632084920071], [-1.4571986636146903, 54.906680190819316], [-1.4559632260352373, 54.906680190819316], [-1.4497860381379724, 54.909465088363504], [-1.4504037569276989, 54.90991426538676], [-1.4510214757174253, 54.910273607005365], [-1.4522569132968783, 54.910273607005365], [-1.4528746320866048, 54.90919558214955], [-1.4547277884557843, 54.908117557293735], [-1.4559632260352373, 54.908836240530945], [-1.4571986636146903, 54.908117557293735], [-1.4584341011941433, 54.908117557293735], [-1.4602872575633228, 54.90919558214955], [-1.4602872575633228, 54.91494504804723], [-1.4590518199838698, 54.91566373128444], [-1.4590518199838698, 54.91638241452165], [-1.4602872575633228, 54.91710109775886], [-1.4602872575633228, 54.91925714747049], [-1.4621404139325023, 54.920335172326304], [-1.4633758515119553, 54.920335172326304], [-1.4639935703016818, 54.9199758307077], [-1.4627581327222288, 54.91925714747049], [-1.4646112890914083, 54.918179122614674], [-1.4658467266708612, 54.918897805851884], [-1.4676998830400407, 54.91781978099607], [-1.4676998830400407, 54.91638241452165], [-1.4664644454605877, 54.91566373128444], [-1.4670821642503142, 54.915304389665835], [-1.4683176018297672, 54.915304389665835], [-1.4689353206194937, 54.91566373128444], [-1.4689353206194937, 54.91638241452165]], [[-1.4460797253996134, 54.87505812838208], [-1.4454620066098869, 54.874698786763474], [-1.4448442878201604, 54.87433944514487], [-1.444226569030434, 54.874698786763474], [-1.444226569030434, 54.876854836475104], [-1.441755693871528, 54.878292202949524], [-1.441755693871528, 54.879010886186734], [-1.4411379750818014, 54.87937022780534], [-1.4399025375023484, 54.87937022780534], [-1.439284818712622, 54.879729569423944], [-1.439284818712622, 54.881166935898364], [-1.4386670999228954, 54.88152627751697], [-1.4374316623434424, 54.88152627751697], [-1.436813943553716, 54.88188561913557], [-1.436813943553716, 54.88476035208441], [-1.4374316623434424, 54.88511969370302], [-1.438049381133169, 54.88476035208441], [-1.438049381133169, 54.8840416688472], [-1.4399025375023484, 54.88296364399139], [-1.4423734126612544, 54.88296364399139], [-1.4436088502407074, 54.8836823272286], [-1.4460797253996134, 54.8836823272286], [-1.4466974441893399, 54.8840416688472], [-1.4466974441893399, 54.88476035208441], [-1.4485506005585194, 54.88583837694023], [-1.4497860381379724, 54.88511969370302], [-1.4534923508763313, 54.88511969370302], [-1.4547277884557843, 54.88583837694023], [-1.4559632260352373, 54.88583837694023], [-1.4565809448249638, 54.88547903532162], [-1.4541100696660578, 54.8840416688472], [-1.4541100696660578, 54.88332298560999], [-1.4559632260352373, 54.88224496075418], [-1.4565809448249638, 54.88260430237278], [-1.4565809448249638, 54.88332298560999], [-1.4571986636146903, 54.8836823272286], [-1.4584341011941433, 54.88296364399139], [-1.4596695387735963, 54.8836823272286], [-1.4633758515119553, 54.8836823272286], [-1.4652290078811347, 54.88260430237278], [-1.4652290078811347, 54.88188561913557], [-1.4658467266708612, 54.88152627751697], [-1.4670821642503142, 54.88152627751697], [-1.4683176018297672, 54.88224496075418], [-1.4695530394092202, 54.88224496075418], [-1.4701707581989467, 54.88188561913557], [-1.4689353206194937, 54.881166935898364], [-1.4689353206194937, 54.878292202949524], [-1.4676998830400407, 54.877573519712314], [-1.4683176018297672, 54.87721417809371], [-1.4690897503169253, 54.877573519712314], [-1.4714061957783997, 54.876136153237894], [-1.4714061957783997, 54.874698786763474], [-1.4707884769886732, 54.87433944514487], [-1.4683176018297672, 54.87433944514487], [-1.4652290078811347, 54.872542737051845], [-1.4652290078811347, 54.871824053814635], [-1.4646112890914083, 54.87146471219603], [-1.4621404139325023, 54.87290207867045], [-1.4609049763530493, 54.87290207867045], [-1.4596695387735963, 54.87362076190766], [-1.4584341011941433, 54.87362076190766], [-1.4571986636146903, 54.87433944514487], [-1.4559632260352373, 54.87433944514487], [-1.4553455072455108, 54.873980103526264], [-1.4553455072455108, 54.872542737051845], [-1.4541100696660578, 54.871824053814635], [-1.4541100696660578, 54.871105370577425], [-1.4528746320866048, 54.870386687340215], [-1.4528746320866048, 54.869668004103005], [-1.4559632260352373, 54.86787129600998], [-1.4596695387735963, 54.86787129600998], [-1.4609049763530493, 54.86715261277277], [-1.4633758515119553, 54.86715261277277], [-1.4646112890914083, 54.86787129600998], [-1.4658467266708612, 54.86787129600998], [-1.4664644454605877, 54.867511954391375], [-1.4664644454605877, 54.866793271154165], [-1.4689353206194937, 54.865355904679745], [-1.4683176018297672, 54.86499656306114], [-1.4670821642503142, 54.86499656306114], [-1.4652290078811347, 54.863918538205326], [-1.4652290078811347, 54.863199854968116], [-1.4639935703016818, 54.862481171730906], [-1.4639935703016818, 54.861043805256486], [-1.4633758515119553, 54.86068446363788], [-1.4621404139325023, 54.86068446363788], [-1.4609049763530493, 54.86140314687509], [-1.4571986636146903, 54.86140314687509], [-1.4565809448249638, 54.861043805256486], [-1.4565809448249638, 54.860325122019276], [-1.4559632260352373, 54.85996578040067], [-1.4547277884557843, 54.85996578040067], [-1.4541100696660578, 54.860325122019276], [-1.4541100696660578, 54.861043805256486], [-1.4534923508763313, 54.86140314687509], [-1.4522569132968783, 54.86140314687509], [-1.4516391945071518, 54.861762488493696], [-1.4516391945071518, 54.863199854968116], [-1.4491683193482459, 54.864637221442536], [-1.4491683193482459, 54.865355904679745], [-1.4485506005585194, 54.86571524629835], [-1.4473151629790664, 54.86571524629835], [-1.4466974441893399, 54.866074587916955], [-1.4479328817687929, 54.866793271154165], [-1.4479328817687929, 54.867511954391375], [-1.4504037569276989, 54.868949320865795], [-1.4504037569276989, 54.871105370577425], [-1.4497860381379724, 54.87146471219603], [-1.4473151629790664, 54.87146471219603], [-1.4466974441893399, 54.871824053814635], [-1.4479328817687929, 54.872542737051845], [-1.4479328817687929, 54.873261420289055], [-1.4466974441893399, 54.873980103526264], [-1.4466974441893399, 54.874698786763474], [-1.4460797253996134, 54.87505812838208]], [[-1.3898673155345023, 54.955909992568195], [-1.3892495967447758, 54.95555065094959], [-1.3867787215858698, 54.95555065094959], [-1.3830724088475108, 54.95339460123796], [-1.3818369712680578, 54.95339460123796], [-1.3806015336886048, 54.95267591800075], [-1.3793660961091518, 54.95267591800075], [-1.3775129397399724, 54.953753942856565], [-1.3775129397399724, 54.956628675805405], [-1.3762775021605194, 54.957347359042615], [-1.3762775021605194, 54.958784725517035], [-1.3744243457913399, 54.95986275037285], [-1.3731889082118869, 54.95986275037285], [-1.3725711894221604, 54.960222091991454], [-1.3725711894221604, 54.960940775228664], [-1.3750420645810664, 54.962378141703084], [-1.3750420645810664, 54.963096824940294], [-1.3731889082118869, 54.96417484979611], [-1.3725711894221604, 54.963815508177504], [-1.3725711894221604, 54.961659458465874], [-1.371953470632434, 54.96130011684727], [-1.3713357518427074, 54.961659458465874], [-1.3713357518427074, 54.964534191414714], [-1.3731889082118869, 54.96561221627053], [-1.3818369712680578, 54.96561221627053], [-1.3824546900577843, 54.965971557889134], [-1.3812192524783313, 54.966690241126344], [-1.3812192524783313, 54.96740892436355], [-1.3818369712680578, 54.96776826598216], [-1.3830724088475108, 54.96776826598216], [-1.3843078464269638, 54.96704958274495], [-1.3855432840064168, 54.96704958274495], [-1.3861610027961433, 54.96740892436355], [-1.3861610027961433, 54.96884629083797], [-1.3867787215858698, 54.96920563245658], [-1.3917204719036818, 54.96633089950774], [-1.3929559094831347, 54.96633089950774], [-1.3948090658523142, 54.965252874651924], [-1.3948090658523142, 54.964534191414714], [-1.3954267846420407, 54.96417484979611], [-1.3966622222214937, 54.96489353303332], [-1.3985153785906732, 54.963815508177504], [-1.3978976598009467, 54.9634561665589], [-1.3954267846420407, 54.9634561665589], [-1.3948090658523142, 54.963096824940294], [-1.3948090658523142, 54.961659458465874], [-1.3935736282728612, 54.960940775228664], [-1.3935736282728612, 54.960222091991454], [-1.3941913470625877, 54.95986275037285], [-1.3954267846420407, 54.95986275037285], [-1.3960445034317672, 54.959503408754244], [-1.3960445034317672, 54.957347359042615], [-1.3954267846420407, 54.95698801742401], [-1.3917204719036818, 54.95698801742401], [-1.3898673155345023, 54.955909992568195]]], [[[-1.727141774725169, 55.14204895100556], [-1.727141774725169, 55.14061158453114], [-1.728377212304622, 55.13989290129393], [-1.728377212304622, 55.138455534819514], [-1.729612649884075, 55.137736851582304], [-1.729612649884075, 55.135580801870674], [-1.730848087463528, 55.134862118633464], [-1.730848087463528, 55.132706068921834], [-1.732083525042981, 55.131987385684624], [-1.732083525042981, 55.130550019210204], [-1.733318962622434, 55.129831335972995], [-1.733318962622434, 55.129112652735785], [-1.7339366814121604, 55.12875331111718], [-1.7401138693094254, 55.12875331111718], [-1.7407315880991518, 55.128393969498575], [-1.7394961505196989, 55.127675286261365], [-1.7419670256786048, 55.126237919786945], [-1.7407315880991518, 55.125519236549735], [-1.7407315880991518, 55.124800553312525], [-1.7394961505196989, 55.124081870075315], [-1.7394961505196989, 55.119769770652056], [-1.7401138693094254, 55.11941042903345], [-1.7438201820477843, 55.11941042903345], [-1.7444379008375108, 55.119051087414846], [-1.7444379008375108, 55.118332404177636], [-1.7450556196272373, 55.11797306255903], [-1.7487619323655963, 55.11797306255903], [-1.7493796511553228, 55.117613720940426], [-1.7493796511553228, 55.116895037703216], [-1.7506150887347758, 55.116176354466006], [-1.7506150887347758, 55.115457671228796], [-1.7493796511553228, 55.114738987991586], [-1.7493796511553228, 55.11330162151717], [-1.7512328075245023, 55.11222359666135], [-1.7518505263142288, 55.11258293827996], [-1.7518505263142288, 55.11330162151717], [-1.7530859638936818, 55.114020304754376], [-1.7530859638936818, 55.114738987991586], [-1.7561745578423142, 55.11653569608461], [-1.7574099954217672, 55.11653569608461], [-1.7580277142114937, 55.116895037703216], [-1.7580277142114937, 55.117613720940426], [-1.7586454330012202, 55.11797306255903], [-1.7611163081601262, 55.11797306255903], [-1.7623517457395792, 55.11869174579624], [-1.7660580584779382, 55.11869174579624], [-1.7672934960573912, 55.11941042903345], [-1.7685289336368442, 55.11941042903345], [-1.7691466524265707, 55.119769770652056], [-1.7691466524265707, 55.121207137126476], [-1.7685289336368442, 55.12156647874508], [-1.7672934960573912, 55.12156647874508], [-1.7666757772676647, 55.121925820363685], [-1.7666757772676647, 55.122644503600895], [-1.7672934960573912, 55.1230038452195], [-1.7685289336368442, 55.1230038452195], [-1.7691466524265707, 55.123363186838105], [-1.7691466524265707, 55.125519236549735], [-1.7685289336368442, 55.12587857816834], [-1.7660580584779382, 55.12587857816834], [-1.7648226208984852, 55.12515989493113], [-1.7642049021087587, 55.125519236549735], [-1.7642049021087587, 55.126237919786945], [-1.7629694645293057, 55.126956603024155], [-1.7629694645293057, 55.127675286261365], [-1.7635871833190322, 55.12803462787997], [-1.7648226208984852, 55.12803462787997], [-1.7654403396882117, 55.128393969498575], [-1.7654403396882117, 55.129831335972995], [-1.7648226208984852, 55.1301906775916], [-1.7598808705806732, 55.1301906775916], [-1.7586454330012202, 55.12947199435439], [-1.7574099954217672, 55.12947199435439], [-1.7543214014731348, 55.131268702447414], [-1.7543214014731348, 55.131987385684624], [-1.7524682451039553, 55.13306541054044], [-1.7512328075245023, 55.13306541054044], [-1.7487619323655963, 55.13450277701486], [-1.7475264947861433, 55.13378409377765], [-1.7462910572066903, 55.13450277701486], [-1.7450556196272373, 55.13450277701486], [-1.7438201820477843, 55.13522146025207], [-1.7425847444683313, 55.13522146025207], [-1.7407315880991518, 55.136299485107884], [-1.7413493068888783, 55.13665882672649], [-1.7438201820477843, 55.13665882672649], [-1.7444379008375108, 55.137018168345094], [-1.7444379008375108, 55.139502498097904], [-1.733602510808415, 55.141296178196704], [-1.728135190825124, 55.14187645595655], [-1.727089872274466, 55.142079143887756], [-1.727141774725169, 55.14204895100556]]], [[[-1.7252886183559895, 55.14240829262417], [-1.7253665327249028, 55.14240829262417], [-1.7252583803091275, 55.14242588281065], [-1.7252886183559895, 55.14240829262417]]], [[[-1.7030507419258356, 55.14672039204743], [-1.7024330231361091, 55.14636105042882], [-1.703668460715562, 55.14564236719161], [-1.703668460715562, 55.1449236839544], [-1.7024330231361091, 55.14420500071719], [-1.7030507419258356, 55.14384565909859], [-1.7042861795052886, 55.14384565909859], [-1.7055216170847416, 55.14312697586138], [-1.7079924922436476, 55.1445643423358], [-1.7104633674025536, 55.1445643423358], [-1.71108108619228, 55.1449236839544], [-1.71108108619228, 55.14524571839182], [-1.709727519008462, 55.145500189975394], [-1.707703996228685, 55.14587272184421], [-1.707467871223995, 55.14591604349105], [-1.70686177053653, 55.146026865470034], [-1.705110060853437, 55.146347008799644], [-1.704316125822015, 55.146490330291], [-1.703648968874736, 55.14662471915858], [-1.7031027331326096, 55.14672039204743], [-1.7030507419258356, 55.14672039204743]]], [[[-1.5529450760222971, 55.127675286261365], [-1.5547982323914766, 55.12659726140555], [-1.5560336699709296, 55.12659726140555], [-1.5566513887606561, 55.126237919786945], [-1.5566513887606561, 55.125519236549735], [-1.5560336699709296, 55.12515989493113], [-1.5547982323914766, 55.12515989493113], [-1.5535627948120236, 55.12587857816834], [-1.5523273572325706, 55.12587857816834], [-1.5517096384428442, 55.125519236549735], [-1.5523273572325706, 55.12515989493113], [-1.5535627948120236, 55.12515989493113], [-1.5541805136017501, 55.124800553312525], [-1.5541805136017501, 55.124081870075315], [-1.5566513887606561, 55.122644503600895], [-1.5566513887606561, 55.121925820363685], [-1.5585045451298356, 55.12084779550787], [-1.5597399827092886, 55.12084779550787], [-1.560357701499015, 55.121207137126476], [-1.560357701499015, 55.121925820363685], [-1.561593139078468, 55.122644503600895], [-1.561593139078468, 55.123363186838105], [-1.5622108578681946, 55.12372252845671], [-1.5646817330271006, 55.12372252845671], [-1.5659171706065536, 55.12444121169392], [-1.5671526081860065, 55.12444121169392], [-1.567770326975733, 55.124800553312525], [-1.567770326975733, 55.125519236549735], [-1.56653488939628, 55.126237919786945], [-1.56653488939628, 55.126956603024155], [-1.5659171706065536, 55.12731594464276], [-1.5634462954476476, 55.12731594464276], [-1.5609754202887416, 55.12875331111718], [-1.5585045451298356, 55.12875331111718], [-1.5572691075503826, 55.12947199435439], [-1.5560336699709296, 55.12875331111718], [-1.5535627948120236, 55.12875331111718], [-1.5529450760222971, 55.128393969498575], [-1.5529450760222971, 55.127675286261365]]], [[[-1.3911027531139553, 54.81504807807505], [-1.3917204719036818, 54.814688736456446], [-1.3941913470625877, 54.814688736456446], [-1.3954267846420407, 54.815407419693656], [-1.3966622222214937, 54.815407419693656], [-1.3978976598009467, 54.814688736456446], [-1.3997508161701262, 54.81576676131226], [-1.3997508161701262, 54.81720412778668], [-1.3978976598009467, 54.818282152642496], [-1.3954267846420407, 54.816844786168076], [-1.3917204719036818, 54.819000835879706], [-1.3892495967447758, 54.819000835879706], [-1.3880141591653228, 54.818282152642496], [-1.3873964403755963, 54.8186414942611], [-1.3873964403755963, 54.81936017749831], [-1.3867787215858698, 54.819719519116916], [-1.3855432840064168, 54.819719519116916], [-1.3849255652166903, 54.82007886073552], [-1.3849255652166903, 54.82079754397273], [-1.3843078464269638, 54.821156885591336], [-1.3824546900577843, 54.82007886073552], [-1.3824546900577843, 54.81936017749831], [-1.3836901276372373, 54.8186414942611], [-1.3830724088475108, 54.818282152642496], [-1.3806015336886048, 54.818282152642496], [-1.3793660961091518, 54.817563469405286], [-1.3768952209502459, 54.817563469405286], [-1.3762775021605194, 54.81720412778668], [-1.3775129397399724, 54.81648544454947], [-1.3768952209502459, 54.816126102930866], [-1.3756597833707929, 54.816126102930866], [-1.3750420645810664, 54.81648544454947], [-1.3750420645810664, 54.81792281102389], [-1.3744243457913399, 54.818282152642496], [-1.370718033052981, 54.818282152642496], [-1.369482595473528, 54.817563469405286], [-1.3688648766838014, 54.81792281102389], [-1.3688648766838014, 54.82007886073552], [-1.3676294391043484, 54.82079754397273], [-1.3676294391043484, 54.82151622720994], [-1.3663940015248954, 54.82223491044715], [-1.368247157894075, 54.823312935302965], [-1.369482595473528, 54.823312935302965], [-1.3701003142632544, 54.82367227692157], [-1.3701003142632544, 54.8258283266332], [-1.3688648766838014, 54.82654700987041], [-1.3688648766838014, 54.82726569310762], [-1.368247157894075, 54.827625034726225], [-1.3676294391043484, 54.82726569310762], [-1.3676294391043484, 54.82654700987041], [-1.367011720314622, 54.826187668251805], [-1.364540845155716, 54.826187668251805], [-1.3639231263659894, 54.8258283266332], [-1.3639231263659894, 54.82510964339599], [-1.3663940015248954, 54.82367227692157], [-1.3663940015248954, 54.82295359368436], [-1.365776282735169, 54.822594252065755], [-1.363305407576263, 54.822594252065755], [-1.3626876887865365, 54.82223491044715], [-1.3626876887865365, 54.82151622720994], [-1.3614522512070835, 54.82079754397273], [-1.3614522512070835, 54.82007886073552], [-1.3626876887865365, 54.81936017749831], [-1.3626876887865365, 54.8186414942611], [-1.363305407576263, 54.818282152642496], [-1.364540845155716, 54.818282152642496], [-1.3651585639454424, 54.81792281102389], [-1.3639231263659894, 54.81720412778668], [-1.364540845155716, 54.816844786168076], [-1.365776282735169, 54.817563469405286], [-1.367011720314622, 54.817563469405286], [-1.3676294391043484, 54.81720412778668], [-1.3676294391043484, 54.81648544454947], [-1.3663940015248954, 54.81576676131226], [-1.3676294391043484, 54.81504807807505], [-1.3676294391043484, 54.81432939483784], [-1.3663940015248954, 54.81361071160063], [-1.3663940015248954, 54.81289202836342], [-1.367011720314622, 54.81253268674482], [-1.368247157894075, 54.81253268674482], [-1.3688648766838014, 54.81217334512621], [-1.3688648766838014, 54.811454661889], [-1.369482595473528, 54.8110953202704], [-1.3731889082118869, 54.8110953202704], [-1.3750420645810664, 54.81217334512621], [-1.3750420645810664, 54.81289202836342], [-1.3756597833707929, 54.81325136998203], [-1.3768952209502459, 54.81325136998203], [-1.3781306585296988, 54.81253268674482], [-1.3818369712680578, 54.81253268674482], [-1.3843078464269638, 54.813970053219236], [-1.3855432840064168, 54.813970053219236], [-1.3873964403755963, 54.81504807807505], [-1.3873964403755963, 54.81576676131226], [-1.3880141591653228, 54.816126102930866], [-1.3904850343242288, 54.816126102930866], [-1.3911027531139553, 54.81576676131226], [-1.3911027531139553, 54.81504807807505]]], [[[-1.365776282735169, 54.85565368097741], [-1.3651585639454424, 54.85529433935881], [-1.3663940015248954, 54.8545756561216], [-1.365776282735169, 54.85421631450299], [-1.364540845155716, 54.85421631450299], [-1.363305407576263, 54.85349763126578], [-1.3614522512070835, 54.85241960640997], [-1.3626876887865365, 54.85170092317276], [-1.3626876887865365, 54.85098223993555], [-1.3651585639454424, 54.84954487346113], [-1.3651585639454424, 54.8473888237495], [-1.365776282735169, 54.84702948213089], [-1.367011720314622, 54.84702948213089], [-1.3676294391043484, 54.84667014051229], [-1.365776282735169, 54.84559211565647], [-1.364540845155716, 54.84559211565647], [-1.3639231263659894, 54.84523277403787], [-1.3639231263659894, 54.84379540756345], [-1.3626876887865365, 54.84307672432624], [-1.3626876887865365, 54.84163935785182], [-1.3639231263659894, 54.84092067461461], [-1.3639231263659894, 54.8402019913774], [-1.364540845155716, 54.83984264975879], [-1.365776282735169, 54.83984264975879], [-1.3663940015248954, 54.83948330814019], [-1.3663940015248954, 54.83876462490298], [-1.3651585639454424, 54.83804594166577], [-1.3663940015248954, 54.83732725842856], [-1.3663940015248954, 54.83588989195414], [-1.3651585639454424, 54.83517120871693], [-1.3663940015248954, 54.83445252547972], [-1.3663940015248954, 54.83373384224251], [-1.3651585639454424, 54.8330151590053], [-1.365776282735169, 54.832655817386694], [-1.3676294391043484, 54.83373384224251], [-1.3676294391043484, 54.83445252547972], [-1.3688648766838014, 54.83517120871693], [-1.3676294391043484, 54.83588989195414], [-1.3676294391043484, 54.83660857519135], [-1.368247157894075, 54.836967916809954], [-1.369482595473528, 54.836967916809954], [-1.3701003142632544, 54.83732725842856], [-1.3688648766838014, 54.83804594166577], [-1.3688648766838014, 54.84163935785182], [-1.3701003142632544, 54.84235804108903], [-1.3688648766838014, 54.84307672432624], [-1.3688648766838014, 54.84595145727508], [-1.3701003142632544, 54.84667014051229], [-1.3701003142632544, 54.8473888237495], [-1.3725711894221604, 54.84882619022392], [-1.371953470632434, 54.84918553184252], [-1.370718033052981, 54.84918553184252], [-1.3701003142632544, 54.84954487346113], [-1.3701003142632544, 54.85026355669834], [-1.3713357518427074, 54.85098223993555], [-1.3701003142632544, 54.85170092317276], [-1.3713357518427074, 54.85241960640997], [-1.370718033052981, 54.85277894802857], [-1.369482595473528, 54.85277894802857], [-1.3688648766838014, 54.85313828964718], [-1.3688648766838014, 54.85385697288439], [-1.3676294391043484, 54.8545756561216], [-1.3676294391043484, 54.85529433935881], [-1.367011720314622, 54.85565368097741], [-1.365776282735169, 54.85565368097741]]]]}}, {"type": "Feature", "properties": {"band_id": "under_45", "order": 2}, "geometry": {"type": "MultiPolygon", "coordinates": [[[[-1.678352145885583, 55.13683125167154], [-1.6771089221001603, 55.13611259899335], [-1.6771089221001603, 55.13539394631516], [-1.6789737577782944, 55.13431596729788], [-1.6802169815637171, 55.13431596729788], [-1.6814602053491399, 55.13359731461969], [-1.6827034291345626, 55.13431596729788], [-1.6839466529199854, 55.13431596729788], [-1.685189876705408, 55.13503461997607], [-1.6858114885981195, 55.13539394631516], [-1.6858114885981195, 55.13683125167154], [-1.683325041027274, 55.138268557027914], [-1.683325041027274, 55.13970586238429], [-1.6839466529199854, 55.14006518872338], [-1.685189876705408, 55.14006518872338], [-1.6858114885981195, 55.14042451506248], [-1.6858114885981195, 55.141143167740665], [-1.6870547123835422, 55.14186182041885], [-1.6870547123835422, 55.14258047309704], [-1.688297936168965, 55.14329912577523], [-1.688297936168965, 55.14401777845342], [-1.6870547123835422, 55.144736431131605], [-1.6870547123835422, 55.14617373648798], [-1.6864331004908308, 55.146533062827075], [-1.6839466529199854, 55.146533062827075], [-1.683325041027274, 55.14617373648798], [-1.683325041027274, 55.14545508380979], [-1.6827034291345626, 55.1450957574707], [-1.6814602053491399, 55.1450957574707], [-1.6808385934564285, 55.144736431131605], [-1.6808385934564285, 55.13970586238429], [-1.678352145885583, 55.138268557027914], [-1.678352145885583, 55.13683125167154]]], [[[-1.6820818172418512, 55.14976699987892], [-1.6820818172418512, 55.14904834720073], [-1.685189876705408, 55.14725171550526], [-1.6864331004908308, 55.14797036818345], [-1.6889195480616763, 55.14797036818345], [-1.6904055400094984, 55.14882935439783], [-1.687849551409021, 55.149179488800975], [-1.687213481675561, 55.1492587262039], [-1.685323731973442, 55.14948546492881], [-1.683800343866148, 55.14966127047835], [-1.6821945564990692, 55.149832169456666], [-1.6820818172418512, 55.14976699987892]]], [[[-1.7765668249339797, 54.99381936871214], [-1.777188436826691, 54.99417869505123], [-1.782161331968382, 54.99417869505123], [-1.7827829438610934, 54.994538021390326], [-1.7827829438610934, 54.995256674068514], [-1.7834045557538047, 54.99561600040761], [-1.7858910033246502, 54.99561600040761], [-1.787134227110073, 54.99489734772942], [-1.7958367936080322, 54.99489734772942], [-1.7964584055007435, 54.995256674068514], [-1.7952151817153208, 54.9959753267467], [-1.7952151817153208, 54.99669397942489], [-1.7958367936080322, 54.997053305763984], [-1.7983232411788777, 54.997053305763984], [-1.798944853071589, 54.99741263210308], [-1.798944853071589, 54.998849937459454], [-1.7983232411788777, 54.99920926379855], [-1.7958367936080322, 54.99920926379855], [-1.7945935698226094, 54.99849061112036], [-1.792107122251764, 54.99849061112036], [-1.7914855103590526, 54.998849937459454], [-1.7914855103590526, 54.99956859013764], [-1.7908638984663412, 54.999927916476736], [-1.787134227110073, 54.999927916476736], [-1.7865126152173616, 54.99956859013764], [-1.7865126152173616, 54.998849937459454], [-1.7858910033246502, 54.99849061112036], [-1.777188436826691, 54.99849061112036], [-1.7759452130412683, 54.99920926379855], [-1.7747019892558455, 54.99920926379855], [-1.7734587654704228, 54.999927916476736], [-1.772215541685, 54.99920926379855], [-1.7709723178995773, 54.99920926379855], [-1.767242646543309, 55.00136522183311], [-1.7659994227578864, 55.00136522183311], [-1.7647561989724636, 55.000646569154924], [-1.7622697514016181, 55.000646569154924], [-1.7610265276161954, 55.00136522183311], [-1.75854008004535, 54.999927916476736], [-1.7572968562599272, 54.999927916476736], [-1.7566752443672158, 55.00028724281583], [-1.7579184681526385, 55.00100589549402], [-1.7560536324745044, 55.0020838745113], [-1.7548104086890817, 55.00136522183311], [-1.753567184903659, 55.00136522183311], [-1.7529455730109476, 55.00100589549402], [-1.7529455730109476, 55.00028724281583], [-1.7541887967963703, 54.99956859013764], [-1.753567184903659, 54.99920926379855], [-1.7510807373328134, 54.99920926379855], [-1.750459125440102, 54.99956859013764], [-1.750459125440102, 55.00100589549402], [-1.7498375135473907, 55.00136522183311], [-1.7492159016546793, 55.00100589549402], [-1.7492159016546793, 54.99956859013764], [-1.748594289761968, 54.99920926379855], [-1.7473510659765452, 54.999927916476736], [-1.7448646184056997, 54.99849061112036], [-1.7423781708348542, 54.99849061112036], [-1.7411349470494315, 54.99920926379855], [-1.7405133351567201, 54.998849937459454], [-1.7405133351567201, 54.998131284781266], [-1.7398917232640088, 54.99777195844217], [-1.7374052756931633, 54.99777195844217], [-1.7355404400150292, 54.99669397942489], [-1.7355404400150292, 54.9959753267467], [-1.7349188281223178, 54.99561600040761], [-1.7324323805514723, 54.99561600040761], [-1.731810768658761, 54.9959753267467], [-1.7342972162296064, 54.99741263210308], [-1.7342972162296064, 55.00028724281583], [-1.7330539924441837, 55.00100589549402], [-1.7330539924441837, 55.005317811563145], [-1.7324323805514723, 55.00567713790224], [-1.728702709195204, 55.00567713790224], [-1.7274594854097813, 55.00639579058043], [-1.72683787351707, 55.00603646424133], [-1.72683787351707, 55.005317811563145], [-1.7262162616243586, 55.00495848522405], [-1.7243514259462245, 55.00603646424133], [-1.7243514259462245, 55.00675511691952], [-1.7255946497316472, 55.00747376959771], [-1.7231082021608017, 55.008911074954085], [-1.7231082021608017, 55.00962972763227], [-1.7224865902680904, 55.00998905397137], [-1.7212433664826676, 55.00998905397137], [-1.7187569189118221, 55.00855174861499], [-1.7162704713409767, 55.00855174861499], [-1.7144056356628425, 55.00962972763227], [-1.7144056356628425, 55.01034838031046], [-1.715027247555554, 55.010707706649555], [-1.7162704713409767, 55.00998905397137], [-1.7181353070191108, 55.01106703298865], [-1.7156488594482653, 55.012504338345025], [-1.7156488594482653, 55.0139416437014], [-1.715027247555554, 55.014300970040495], [-1.7144056356628425, 55.0139416437014], [-1.7144056356628425, 55.01322299102321], [-1.7125407999847084, 55.01214501200593], [-1.7112975761992857, 55.01214501200593], [-1.7088111286284402, 55.01358231736231], [-1.7075679048430175, 55.01358231736231], [-1.7063246810575947, 55.01286366468412], [-1.7038382334867492, 55.01286366468412], [-1.7032166215940379, 55.01322299102321], [-1.7032166215940379, 55.01681625441415], [-1.7025950097013265, 55.017175580753246], [-1.6976221145596355, 55.017175580753246], [-1.6963788907742128, 55.01645692807506], [-1.6957572788815014, 55.01681625441415], [-1.6957572788815014, 55.01753490709234], [-1.6945140550960787, 55.01825355977053], [-1.6945140550960787, 55.019690865126904], [-1.6976221145596355, 55.021487496822374], [-1.6988653383450583, 55.021487496822374], [-1.6994869502377696, 55.02184682316147], [-1.6994869502377696, 55.023284128517844], [-1.700108562130481, 55.02364345485694], [-1.7013517859159037, 55.02292480217875], [-1.7038382334867492, 55.02292480217875], [-1.7063246810575947, 55.024362107535126], [-1.710054352413863, 55.024362107535126], [-1.711919188091997, 55.023284128517844], [-1.711919188091997, 55.022565475839656], [-1.7125407999847084, 55.02220614950056], [-1.715027247555554, 55.02220614950056], [-1.7156488594482653, 55.022565475839656], [-1.7156488594482653, 55.02400278119603], [-1.7162704713409767, 55.024362107535126], [-1.7175136951263994, 55.02364345485694], [-1.7200001426972449, 55.02364345485694], [-1.7206217545899563, 55.02400278119603], [-1.7206217545899563, 55.02544008655241], [-1.721864978375379, 55.026158739230596], [-1.721864978375379, 55.02687739190878], [-1.7212433664826676, 55.02723671824788], [-1.7200001426972449, 55.02723671824788], [-1.7187569189118221, 55.027955370926065], [-1.7162704713409767, 55.027955370926065], [-1.7156488594482653, 55.02831469726516], [-1.7156488594482653, 55.02903334994335], [-1.7162704713409767, 55.02939267628244], [-1.7175136951263994, 55.02939267628244], [-1.7181353070191108, 55.029752002621535], [-1.7181353070191108, 55.03047065529972], [-1.7175136951263994, 55.03082998163882], [-1.7162704713409767, 55.03082998163882], [-1.7156488594482653, 55.03118930797791], [-1.7156488594482653, 55.033345266012475], [-1.7162704713409767, 55.03370459235157], [-1.7187569189118221, 55.03370459235157], [-1.721864978375379, 55.03550122404704], [-1.721864978375379, 55.03621987672523], [-1.7212433664826676, 55.03657920306432], [-1.7200001426972449, 55.03586055038613], [-1.7193785308045335, 55.03621987672523], [-1.7193785308045335, 55.036938529403415], [-1.7200001426972449, 55.03729785574251], [-1.7224865902680904, 55.03729785574251], [-1.7231082021608017, 55.0376571820816], [-1.7231082021608017, 55.03837583475979], [-1.7206217545899563, 55.039813140116166], [-1.721864978375379, 55.040531792794354], [-1.7200001426972449, 55.041609771811636], [-1.7187569189118221, 55.041609771811636], [-1.7175136951263994, 55.042328424489824], [-1.7162704713409767, 55.042328424489824], [-1.715027247555554, 55.041609771811636], [-1.7137840237701312, 55.041609771811636], [-1.7112975761992857, 55.04304707716801], [-1.7088111286284402, 55.04304707716801], [-1.706946292950306, 55.04196909815073], [-1.706946292950306, 55.04125044547254], [-1.7063246810575947, 55.04089111913345], [-1.705081457272172, 55.04089111913345], [-1.7044598453794606, 55.040531792794354], [-1.7044598453794606, 55.039813140116166], [-1.7057030691648833, 55.03909448743798], [-1.7057030691648833, 55.03837583475979], [-1.7032166215940379, 55.036938529403415], [-1.7032166215940379, 55.03621987672523], [-1.7019733978086151, 55.03550122404704], [-1.7032166215940379, 55.03478257136885], [-1.7025950097013265, 55.03442324502976], [-1.7013517859159037, 55.03442324502976], [-1.700108562130481, 55.03370459235157], [-1.6976221145596355, 55.03370459235157], [-1.6963788907742128, 55.03442324502976], [-1.6957572788815014, 55.03406391869066], [-1.6957572788815014, 55.03262661333429], [-1.69513566698879, 55.03226728699519], [-1.6938924432033673, 55.03226728699519], [-1.693270831310656, 55.03262661333429], [-1.6945140550960787, 55.033345266012475], [-1.6926492194179446, 55.03442324502976], [-1.6920276075252332, 55.03406391869066], [-1.6920276075252332, 55.0319079606561], [-1.6926492194179446, 55.031548634317005], [-1.6938924432033673, 55.031548634317005], [-1.6945140550960787, 55.03118930797791], [-1.6907843837398104, 55.02903334994335], [-1.6907843837398104, 55.02687739190878], [-1.6920276075252332, 55.026158739230596], [-1.6920276075252332, 55.02544008655241], [-1.6914059956325218, 55.025080760213314], [-1.690162771847099, 55.025080760213314], [-1.6889195480616763, 55.024362107535126], [-1.6864331004908308, 55.024362107535126], [-1.685189876705408, 55.02364345485694], [-1.6839466529199854, 55.02364345485694], [-1.683325041027274, 55.023284128517844], [-1.683325041027274, 55.022565475839656], [-1.6827034291345626, 55.02220614950056], [-1.6802169815637171, 55.02220614950056], [-1.6789737577782944, 55.021487496822374], [-1.6777305339928716, 55.021487496822374], [-1.6771089221001603, 55.02184682316147], [-1.6771089221001603, 55.02400278119603], [-1.6752440864220262, 55.025080760213314], [-1.6727576388511807, 55.025080760213314], [-1.671514415065758, 55.0257994128915], [-1.6702711912803352, 55.0257994128915], [-1.6696495793876238, 55.026158739230596], [-1.6696495793876238, 55.02687739190878], [-1.6671631318167783, 55.02831469726516], [-1.6671631318167783, 55.02903334994335], [-1.6696495793876238, 55.03047065529972], [-1.6696495793876238, 55.03118930797791], [-1.668406355602201, 55.0319079606561], [-1.668406355602201, 55.03262661333429], [-1.6659199080313556, 55.03406391869066], [-1.6659199080313556, 55.03478257136885], [-1.6652982961386442, 55.035141897707945], [-1.6628118485677987, 55.035141897707945], [-1.6621902366750874, 55.03550122404704], [-1.6621902366750874, 55.03621987672523], [-1.6597037891042419, 55.0376571820816], [-1.6597037891042419, 55.03909448743798], [-1.6590821772115305, 55.03945381377707], [-1.656595729640685, 55.0380165084207], [-1.6553525058552623, 55.0380165084207], [-1.654730893962551, 55.03837583475979], [-1.654730893962551, 55.039813140116166], [-1.651622834498994, 55.041609771811636], [-1.6503796107135713, 55.041609771811636], [-1.64975799882086, 55.04125044547254], [-1.6510012226062827, 55.040531792794354], [-1.6491363869281486, 55.03945381377707], [-1.6472715512500145, 55.040531792794354], [-1.6472715512500145, 55.04125044547254], [-1.6454067155718803, 55.042328424489824], [-1.6416770442156121, 55.042328424489824], [-1.6410554323229007, 55.04268775082892], [-1.6429202680010349, 55.0437657298462], [-1.6441634917864576, 55.0437657298462], [-1.644785103679169, 55.044125056185294], [-1.6441634917864576, 55.04448438252439], [-1.6429202680010349, 55.04448438252439], [-1.6422986561083235, 55.04484370886348], [-1.6429202680010349, 55.045203035202576], [-1.6478931631427258, 55.045203035202576], [-1.6491363869281486, 55.045921687880764], [-1.6528660582844168, 55.045921687880764], [-1.6541092820698395, 55.045203035202576], [-1.6578389534261078, 55.045203035202576], [-1.6603254009969532, 55.0437657298462], [-1.661568624782376, 55.0437657298462], [-1.6628118485677987, 55.04304707716801], [-1.6646766842459328, 55.044125056185294], [-1.6646766842459328, 55.04556236154167], [-1.6652982961386442, 55.045921687880764], [-1.6690279674949124, 55.045921687880764], [-1.6702711912803352, 55.045203035202576], [-1.671514415065758, 55.045203035202576], [-1.6721360269584693, 55.04556236154167], [-1.6721360269584693, 55.046999666898046], [-1.6727576388511807, 55.04735899323714], [-1.676487310207449, 55.04735899323714], [-1.6771089221001603, 55.047718319576234], [-1.6771089221001603, 55.04843697225442], [-1.6758656983147375, 55.04915562493261], [-1.6758656983147375, 55.05131158296717], [-1.676487310207449, 55.05167090930627], [-1.6789737577782944, 55.05167090930627], [-1.6795953696710058, 55.05203023564536], [-1.6795953696710058, 55.05274888832355], [-1.683325041027274, 55.05490484635811], [-1.6802169815637171, 55.05670147805358], [-1.6777305339928716, 55.05670147805358], [-1.676487310207449, 55.05742013073177], [-1.6727576388511807, 55.05742013073177], [-1.6721360269584693, 55.05706080439268], [-1.6721360269584693, 55.05634215171449], [-1.6708928031730466, 55.0556234990363], [-1.6708928031730466, 55.054186193679925], [-1.6702711912803352, 55.05382686734083], [-1.6677847437094897, 55.05382686734083], [-1.6671631318167783, 55.05346754100174], [-1.6671631318167783, 55.05203023564536], [-1.666541519924067, 55.05167090930627], [-1.6640550723532215, 55.05167090930627], [-1.6628118485677987, 55.052389561984455], [-1.661568624782376, 55.052389561984455], [-1.6603254009969532, 55.05310821466264], [-1.656595729640685, 55.05095225662808], [-1.6528660582844168, 55.05095225662808], [-1.651622834498994, 55.05023360394989], [-1.6491363869281486, 55.05023360394989], [-1.6478931631427258, 55.05095225662808], [-1.646649939357303, 55.05023360394989], [-1.6454067155718803, 55.05023360394989], [-1.644785103679169, 55.050592930288985], [-1.644785103679169, 55.05203023564536], [-1.6454067155718803, 55.052389561984455], [-1.646649939357303, 55.052389561984455], [-1.6472715512500145, 55.05274888832355], [-1.646649939357303, 55.05310821466264], [-1.6424540590815013, 55.054186193679925], [-1.6416770442156121, 55.05454552001902], [-1.6410554323229007, 55.054186193679925], [-1.6410554323229007, 55.05346754100174], [-1.6391905966447666, 55.052389561984455], [-1.632974477717653, 55.052389561984455], [-1.6323528658249415, 55.05274888832355], [-1.6323528658249415, 55.05346754100174], [-1.6335960896103643, 55.054186193679925], [-1.6335960896103643, 55.057779457070865], [-1.634839313395787, 55.05849810974905], [-1.634839313395787, 55.05921676242724], [-1.6354609252884984, 55.059576088766335], [-1.6367041490739211, 55.059576088766335], [-1.6373257609666325, 55.05921676242724], [-1.6373257609666325, 55.05706080439268], [-1.6379473728593439, 55.05670147805358], [-1.6410554323229007, 55.05849810974905], [-1.639812208537478, 55.05921676242724], [-1.639812208537478, 55.05993541510543], [-1.6385689847520553, 55.06065406778362], [-1.6385689847520553, 55.06209137313999], [-1.6379473728593439, 55.062450699479086], [-1.6367041490739211, 55.0617320468009], [-1.6354609252884984, 55.0617320468009], [-1.634839313395787, 55.06209137313999], [-1.634839313395787, 55.06281002581818], [-1.6373257609666325, 55.064247331174556], [-1.6373257609666325, 55.064965983852744], [-1.6360825371812098, 55.06568463653093], [-1.6373257609666325, 55.06640328920912], [-1.6373257609666325, 55.067840594565496], [-1.6385689847520553, 55.068559247243684], [-1.6385689847520553, 55.06927789992187], [-1.6391905966447666, 55.069637226260966], [-1.6404338204301894, 55.069637226260966], [-1.6410554323229007, 55.06927789992187], [-1.6410554323229007, 55.067840594565496], [-1.6416770442156121, 55.0674812682264], [-1.644785103679169, 55.06927789992187], [-1.644785103679169, 55.07071520527825], [-1.6435418798937462, 55.071433857956436], [-1.644785103679169, 55.07215251063462], [-1.644785103679169, 55.07287116331281], [-1.6441634917864576, 55.073230489651905], [-1.6429202680010349, 55.073230489651905], [-1.6422986561083235, 55.07287116331281], [-1.6422986561083235, 55.07215251063462], [-1.6416770442156121, 55.07179318429553], [-1.6391905966447666, 55.07179318429553], [-1.6373257609666325, 55.07287116331281], [-1.6373257609666325, 55.073589815991], [-1.6367041490739211, 55.07394914233009], [-1.6342177015030757, 55.07394914233009], [-1.6335960896103643, 55.07430846866919], [-1.634839313395787, 55.075027121347375], [-1.634839313395787, 55.07790173206013], [-1.6335960896103643, 55.078620384738315], [-1.6335960896103643, 55.0793390374165], [-1.6323528658249415, 55.08005769009469], [-1.6323528658249415, 55.08077634277288], [-1.6354609252884984, 55.08257297446835], [-1.6379473728593439, 55.08257297446835], [-1.6385689847520553, 55.08293230080744], [-1.6385689847520553, 55.085088258842006], [-1.6379473728593439, 55.0854475851811], [-1.6367041490739211, 55.0854475851811], [-1.634839313395787, 55.08652556419838], [-1.634839313395787, 55.089400174911134], [-1.6335960896103643, 55.09011882758932], [-1.6335960896103643, 55.09083748026751], [-1.6323528658249415, 55.0915561329457], [-1.6323528658249415, 55.09443074365845], [-1.6317312539322302, 55.09479006999754], [-1.6292448063613847, 55.09479006999754], [-1.6267583587905392, 55.09335276464117], [-1.6255151350051165, 55.09335276464117], [-1.6236502993269823, 55.09443074365845], [-1.6242719112196937, 55.09479006999754], [-1.6255151350051165, 55.09479006999754], [-1.6261367468978278, 55.09514939633664], [-1.6261367468978278, 55.09658670169301], [-1.6267583587905392, 55.09694602803211], [-1.6292448063613847, 55.09694602803211], [-1.629866418254096, 55.09658670169301], [-1.629866418254096, 55.095868049014825], [-1.6304880301468074, 55.09550872267573], [-1.6311096420395188, 55.095868049014825], [-1.6311096420395188, 55.09658670169301], [-1.629866418254096, 55.0973053543712], [-1.629866418254096, 55.099461312405765], [-1.6335960896103643, 55.10161727044033], [-1.6311096420395188, 55.103054575796705], [-1.6317312539322302, 55.1034139021358], [-1.632974477717653, 55.1034139021358], [-1.6335960896103643, 55.10377322847489], [-1.6335960896103643, 55.10592918650946], [-1.632974477717653, 55.10628851284855], [-1.6317312539322302, 55.10628851284855], [-1.6311096420395188, 55.106647839187644], [-1.6311096420395188, 55.10736649186583], [-1.6323528658249415, 55.10808514454402], [-1.6317312539322302, 55.108444470883114], [-1.6304880301468074, 55.108444470883114], [-1.629866418254096, 55.10880379722221], [-1.629866418254096, 55.109522449900396], [-1.6286231944686733, 55.110241102578584], [-1.6286231944686733, 55.11095975525677], [-1.6292448063613847, 55.111319081595866], [-1.6304880301468074, 55.111319081595866], [-1.6311096420395188, 55.11095975525677], [-1.6311096420395188, 55.110241102578584], [-1.632974477717653, 55.1091631235613], [-1.6360825371812098, 55.11095975525677], [-1.6360825371812098, 55.113115713291336], [-1.6354609252884984, 55.11347503963043], [-1.632974477717653, 55.11347503963043], [-1.6323528658249415, 55.113834365969524], [-1.632974477717653, 55.11419369230862], [-1.6342177015030757, 55.11419369230862], [-1.6360825371812098, 55.1152716713259], [-1.6360825371812098, 55.11599032400409], [-1.634839313395787, 55.116708976682276], [-1.634839313395787, 55.11886493471684], [-1.6354609252884984, 55.11922426105593], [-1.6367041490739211, 55.11922426105593], [-1.6373257609666325, 55.11958358739503], [-1.6373257609666325, 55.120302240073215], [-1.6354609252884984, 55.1213802190905], [-1.6342177015030757, 55.12066156641231], [-1.632974477717653, 55.12066156641231], [-1.6323528658249415, 55.1210208927514], [-1.6323528658249415, 55.12173954542959], [-1.6311096420395188, 55.12245819810778], [-1.6311096420395188, 55.12317685078597], [-1.6317312539322302, 55.12353617712506], [-1.632974477717653, 55.12353617712506], [-1.6335960896103643, 55.123895503464155], [-1.6317312539322302, 55.12497348248144], [-1.6311096420395188, 55.12461415614234], [-1.6311096420395188, 55.123895503464155], [-1.6304880301468074, 55.12353617712506], [-1.628001582575962, 55.12497348248144], [-1.6255151350051165, 55.12353617712506], [-1.6242719112196937, 55.12425482980325], [-1.623028687434271, 55.12425482980325], [-1.6224070755415596, 55.123895503464155], [-1.6224070755415596, 55.12317685078597], [-1.6205422398634255, 55.122098871768685], [-1.6143261209363118, 55.122098871768685], [-1.6137045090436004, 55.12245819810778], [-1.6137045090436004, 55.123895503464155], [-1.613082897150889, 55.12425482980325], [-1.6118396733654663, 55.12353617712506], [-1.6105964495800436, 55.12353617712506], [-1.6050019425456412, 55.12677011417691], [-1.6050019425456412, 55.127488766855095], [-1.606245166331064, 55.12820741953328], [-1.606245166331064, 55.12892607221147], [-1.6074883901164867, 55.12964472488966], [-1.6074883901164867, 55.130363377567846], [-1.608110002009198, 55.13072270390694], [-1.6093532257946208, 55.13072270390694], [-1.6105964495800436, 55.13000405122875], [-1.6143261209363118, 55.13000405122875], [-1.6149477328290232, 55.12964472488966], [-1.6149477328290232, 55.12892607221147], [-1.6168125685071573, 55.12784809319419], [-1.61805579229258, 55.12784809319419], [-1.6199206279707141, 55.12892607221147], [-1.6199206279707141, 55.12964472488966], [-1.6205422398634255, 55.13000405122875], [-1.6224070755415596, 55.12892607221147], [-1.6224070755415596, 55.12820741953328], [-1.623028687434271, 55.12784809319419], [-1.6242719112196937, 55.12856674587238], [-1.6304880301468074, 55.12856674587238], [-1.6323528658249415, 55.127488766855095], [-1.6317312539322302, 55.127129440516], [-1.6304880301468074, 55.127129440516], [-1.6286231944686733, 55.12605146149872], [-1.6292448063613847, 55.125692135159625], [-1.6317312539322302, 55.125692135159625], [-1.632974477717653, 55.12641078783781], [-1.6342177015030757, 55.12641078783781], [-1.6354609252884984, 55.127129440516], [-1.6416770442156121, 55.127129440516], [-1.6429202680010349, 55.12641078783781], [-1.6435418798937462, 55.12677011417691], [-1.6435418798937462, 55.12820741953328], [-1.6429202680010349, 55.12856674587238], [-1.6416770442156121, 55.12856674587238], [-1.6410554323229007, 55.12892607221147], [-1.6410554323229007, 55.130363377567846], [-1.6373257609666325, 55.13251933560241], [-1.6373257609666325, 55.1332379882806], [-1.639812208537478, 55.134675293636974], [-1.6367041490739211, 55.136471925332444], [-1.6354609252884984, 55.136471925332444], [-1.634839313395787, 55.13683125167154], [-1.634839313395787, 55.137549904349726], [-1.6342177015030757, 55.13790923068882], [-1.6335960896103643, 55.137549904349726], [-1.6335960896103643, 55.13683125167154], [-1.6323528658249415, 55.13611259899335], [-1.6323528658249415, 55.134675293636974], [-1.6317312539322302, 55.13431596729788], [-1.6311096420395188, 55.134675293636974], [-1.6311096420395188, 55.13611259899335], [-1.6304880301468074, 55.136471925332444], [-1.629866418254096, 55.13611259899335], [-1.629866418254096, 55.13539394631516], [-1.6292448063613847, 55.13503461997607], [-1.628001582575962, 55.13503461997607], [-1.6273799706832506, 55.13539394631516], [-1.6286231944686733, 55.13611259899335], [-1.6286231944686733, 55.13683125167154], [-1.6255151350051165, 55.13862788336701], [-1.6242719112196937, 55.13862788336701], [-1.623028687434271, 55.139346536045196], [-1.6217854636488482, 55.13862788336701], [-1.6205422398634255, 55.13862788336701], [-1.6192990160780028, 55.13790923068882], [-1.6155693447217345, 55.13790923068882], [-1.6137045090436004, 55.13683125167154], [-1.6137045090436004, 55.13539394631516], [-1.613082897150889, 55.13503461997607], [-1.6124612852581777, 55.13539394631516], [-1.6124612852581777, 55.13611259899335], [-1.6105964495800436, 55.13719057801063], [-1.6093532257946208, 55.13719057801063], [-1.6087316139019094, 55.13683125167154], [-1.6087316139019094, 55.13611259899335], [-1.608110002009198, 55.135753272654256], [-1.6056235544383526, 55.135753272654256], [-1.603137106867507, 55.13431596729788], [-1.6018938830820844, 55.13431596729788], [-1.601272271189373, 55.134675293636974], [-1.6025154949747957, 55.13539394631516], [-1.6025154949747957, 55.13683125167154], [-1.6037587187602185, 55.137549904349726], [-1.6025154949747957, 55.138268557027914], [-1.6037587187602185, 55.1389872097061], [-1.6025154949747957, 55.13970586238429], [-1.6025154949747957, 55.141143167740665], [-1.6006506592966616, 55.14222114675795], [-1.5994074355112389, 55.14222114675795], [-1.5987858236185275, 55.14186182041885], [-1.5987858236185275, 55.141143167740665], [-1.5981642117258161, 55.14078384140157], [-1.5969209879403934, 55.14150249407976], [-1.5956777641549706, 55.14150249407976], [-1.5950561522622593, 55.141143167740665], [-1.596299376047682, 55.14042451506248], [-1.596299376047682, 55.13970586238429], [-1.5938129284768365, 55.138268557027914], [-1.5938129284768365, 55.13611259899335], [-1.5925697046914138, 55.13539394631516], [-1.594434540369548, 55.13431596729788], [-1.5956777641549706, 55.13431596729788], [-1.596299376047682, 55.133956640958786], [-1.594434540369548, 55.132878661941504], [-1.5869751976570114, 55.132878661941504], [-1.5863535857643, 55.13251933560241], [-1.5863535857643, 55.13180068292422], [-1.5907048690132797, 55.129285398550564], [-1.5919480927987024, 55.129285398550564], [-1.5925697046914138, 55.12892607221147], [-1.5925697046914138, 55.12677011417691], [-1.5931913165841252, 55.12641078783781], [-1.594434540369548, 55.12641078783781], [-1.5956777641549706, 55.125692135159625], [-1.5969209879403934, 55.12641078783781], [-1.5975425998331048, 55.12605146149872], [-1.5975425998331048, 55.12317685078597], [-1.596299376047682, 55.12245819810778], [-1.5969209879403934, 55.122098871768685], [-1.5981642117258161, 55.122098871768685], [-1.5994074355112389, 55.1213802190905], [-1.6018938830820844, 55.1213802190905], [-1.6043803306529298, 55.11994291373412], [-1.6050019425456412, 55.120302240073215], [-1.6050019425456412, 55.1210208927514], [-1.6056235544383526, 55.1213802190905], [-1.6093532257946208, 55.1213802190905], [-1.6099748376873322, 55.1210208927514], [-1.6099748376873322, 55.120302240073215], [-1.6087316139019094, 55.11958358739503], [-1.6093532257946208, 55.11922426105593], [-1.6105964495800436, 55.11922426105593], [-1.6124612852581777, 55.11814628203865], [-1.6124612852581777, 55.11742762936046], [-1.611218061472755, 55.116708976682276], [-1.611218061472755, 55.11455301864771], [-1.6124612852581777, 55.113834365969524], [-1.6124612852581777, 55.113115713291336], [-1.6143261209363118, 55.112037734274054], [-1.6155693447217345, 55.112037734274054], [-1.616190956614446, 55.11167840793496], [-1.616190956614446, 55.10880379722221], [-1.6155693447217345, 55.108444470883114], [-1.6143261209363118, 55.108444470883114], [-1.613082897150889, 55.107725818204926], [-1.6118396733654663, 55.107725818204926], [-1.6093532257946208, 55.1091631235613], [-1.6068667782237753, 55.1091631235613], [-1.6050019425456412, 55.10808514454402], [-1.6050019425456412, 55.10592918650946], [-1.6043803306529298, 55.10556986017036], [-1.603137106867507, 55.10556986017036], [-1.6025154949747957, 55.10521053383127], [-1.6025154949747957, 55.10449188115308], [-1.601272271189373, 55.10377322847489], [-1.601272271189373, 55.10161727044033], [-1.6000290474039502, 55.10089861776214], [-1.6025154949747957, 55.099461312405765], [-1.6025154949747957, 55.09874265972758], [-1.6043803306529298, 55.097664680710295], [-1.6050019425456412, 55.09802400704939], [-1.6037587187602185, 55.09874265972758], [-1.6043803306529298, 55.09910198606667], [-1.6056235544383526, 55.09910198606667], [-1.606245166331064, 55.09874265972758], [-1.606245166331064, 55.09658670169301], [-1.6099748376873322, 55.09443074365845], [-1.6099748376873322, 55.09371209098026], [-1.6087316139019094, 55.092993438302074], [-1.6087316139019094, 55.092274785623886], [-1.608110002009198, 55.09191545928479], [-1.6068667782237753, 55.09191545928479], [-1.6056235544383526, 55.09263411196298], [-1.603137106867507, 55.091196806606604], [-1.5994074355112389, 55.091196806606604], [-1.5975425998331048, 55.092274785623886], [-1.5987858236185275, 55.092993438302074], [-1.5969209879403934, 55.094071417319356], [-1.596299376047682, 55.09371209098026], [-1.596299376047682, 55.092274785623886], [-1.5975425998331048, 55.0915561329457], [-1.5969209879403934, 55.091196806606604], [-1.5956777641549706, 55.091196806606604], [-1.5919480927987024, 55.08904084857204], [-1.5907048690132797, 55.08904084857204], [-1.5900832571205683, 55.089400174911134], [-1.5900832571205683, 55.09011882758932], [-1.589461645227857, 55.090478153928416], [-1.5882184214424342, 55.090478153928416], [-1.5869751976570114, 55.091196806606604], [-1.5857319738715887, 55.091196806606604], [-1.584488750086166, 55.090478153928416], [-1.5832455263007432, 55.090478153928416], [-1.5820023025153205, 55.091196806606604], [-1.581380690622609, 55.09083748026751], [-1.581380690622609, 55.09011882758932], [-1.5801374668371864, 55.089400174911134], [-1.5801374668371864, 55.088681522232946], [-1.579515854944475, 55.08832219589385], [-1.5770294073736295, 55.08832219589385], [-1.5751645716954954, 55.08724421687657], [-1.5764077954809181, 55.08652556419838], [-1.5764077954809181, 55.085088258842006], [-1.5751645716954954, 55.08436960616382], [-1.5757861835882068, 55.084010279824724], [-1.5782726311590523, 55.084010279824724], [-1.5801374668371864, 55.08293230080744], [-1.5801374668371864, 55.08077634277288], [-1.5788942430517636, 55.08005769009469], [-1.5801374668371864, 55.0793390374165], [-1.5801374668371864, 55.07718307938194], [-1.5826239144080319, 55.07574577402556], [-1.5826239144080319, 55.075027121347375], [-1.581380690622609, 55.07430846866919], [-1.581380690622609, 55.07215251063462], [-1.5826239144080319, 55.071433857956436], [-1.5820023025153205, 55.07107453161734], [-1.5807590787298977, 55.07107453161734], [-1.5801374668371864, 55.07071520527825], [-1.5801374668371864, 55.068559247243684], [-1.581380690622609, 55.067840594565496], [-1.581380690622609, 55.06640328920912], [-1.5807590787298977, 55.066043962870026], [-1.579515854944475, 55.066762615548214], [-1.5788942430517636, 55.06640328920912], [-1.5788942430517636, 55.06352867849637], [-1.579515854944475, 55.063169352157274], [-1.584488750086166, 55.063169352157274], [-1.5851103619788773, 55.06281002581818], [-1.5832455263007432, 55.0617320468009], [-1.5820023025153205, 55.0617320468009], [-1.5807590787298977, 55.06101339412271], [-1.579515854944475, 55.06101339412271], [-1.5776510192663409, 55.05993541510543], [-1.5776510192663409, 55.05921676242724], [-1.5770294073736295, 55.05885743608815], [-1.5757861835882068, 55.05885743608815], [-1.574542959802784, 55.05813878340996], [-1.5732997360173613, 55.05813878340996], [-1.57267812412465, 55.057779457070865], [-1.57267812412465, 55.05634215171449], [-1.5714349003392272, 55.0556234990363], [-1.5714349003392272, 55.05490484635811], [-1.5720565122319385, 55.05454552001902], [-1.5732997360173613, 55.05454552001902], [-1.5739213479100727, 55.054186193679925], [-1.5739213479100727, 55.05203023564536], [-1.57267812412465, 55.05131158296717], [-1.57267812412465, 55.0498742776108], [-1.5714349003392272, 55.04915562493261], [-1.5714349003392272, 55.04843697225442], [-1.5708132884465158, 55.04807764591533], [-1.5683268408756703, 55.04807764591533], [-1.567705228982959, 55.047718319576234], [-1.567705228982959, 55.046999666898046], [-1.5658403933048248, 55.045921687880764], [-1.5608674981631339, 55.045921687880764], [-1.5596242743777111, 55.045203035202576], [-1.5571378268068656, 55.045203035202576], [-1.5565162149141543, 55.04484370886348], [-1.5565162149141543, 55.043406403507106], [-1.555894603021443, 55.04304707716801], [-1.5546513792360201, 55.04304707716801], [-1.5540297673433088, 55.04268775082892], [-1.5540297673433088, 55.04196909815073], [-1.5521649316651747, 55.04089111913345], [-1.5484352603089064, 55.04089111913345], [-1.545948812738061, 55.03945381377707], [-1.5447055889526382, 55.03945381377707], [-1.5434623651672155, 55.038735161098884], [-1.542840753274504, 55.03909448743798], [-1.542840753274504, 55.039813140116166], [-1.5440839770599268, 55.040531792794354], [-1.5440839770599268, 55.04268775082892], [-1.5447055889526382, 55.04304707716801], [-1.545948812738061, 55.04304707716801], [-1.5484352603089064, 55.04448438252439], [-1.5496784840943292, 55.04448438252439], [-1.550921707879752, 55.045203035202576], [-1.5521649316651747, 55.04448438252439], [-1.552786543557886, 55.04484370886348], [-1.552786543557886, 55.04628101421986], [-1.5515433197724633, 55.046999666898046], [-1.5515433197724633, 55.047718319576234], [-1.550921707879752, 55.04807764591533], [-1.5496784840943292, 55.04807764591533], [-1.5484352603089064, 55.04735899323714], [-1.5447055889526382, 55.0495149512717], [-1.5440839770599268, 55.04915562493261], [-1.5440839770599268, 55.04843697225442], [-1.5397326938109472, 55.045921687880764], [-1.5384894700255245, 55.045921687880764], [-1.5353814105619676, 55.047718319576234], [-1.536003022454679, 55.04807764591533], [-1.5372462462401018, 55.04807764591533], [-1.5378678581328131, 55.04843697225442], [-1.5378678581328131, 55.04915562493261], [-1.5372462462401018, 55.0495149512717], [-1.536003022454679, 55.0495149512717], [-1.5347597986692563, 55.05023360394989], [-1.5335165748838335, 55.05023360394989], [-1.5316517392056994, 55.04915562493261], [-1.5316517392056994, 55.047718319576234], [-1.531030127312988, 55.04735899323714], [-1.5297869035275653, 55.04735899323714], [-1.529165291634854, 55.046999666898046], [-1.529165291634854, 55.04628101421986], [-1.5285436797421426, 55.045921687880764], [-1.526057232171297, 55.045921687880764], [-1.5254356202785857, 55.04556236154167], [-1.5254356202785857, 55.04484370886348], [-1.524192396493163, 55.044125056185294], [-1.524192396493163, 55.043406403507106], [-1.5266788440640084, 55.04196909815073], [-1.5248140083858743, 55.04089111913345], [-1.5223275608150288, 55.04089111913345], [-1.5198411132441834, 55.042328424489824], [-1.519219501351472, 55.04196909815073], [-1.519219501351472, 55.040531792794354], [-1.5185978894587606, 55.04017246645526], [-1.5173546656733379, 55.04089111913345], [-1.5148682181024924, 55.04089111913345], [-1.514246606209781, 55.04125044547254], [-1.514246606209781, 55.04196909815073], [-1.5105169348535128, 55.044125056185294], [-1.5105169348535128, 55.04556236154167], [-1.5086520991753787, 55.04664034055895], [-1.507408875389956, 55.04664034055895], [-1.5067872634972446, 55.046999666898046], [-1.5067872634972446, 55.0498742776108], [-1.5055440397118218, 55.050592930288985], [-1.5061656516045332, 55.05095225662808], [-1.507408875389956, 55.05095225662808], [-1.5080304872826673, 55.05131158296717], [-1.5080304872826673, 55.05203023564536], [-1.5061656516045332, 55.05310821466264], [-1.5049224278191105, 55.052389561984455], [-1.5036792040336877, 55.052389561984455], [-1.5030575921409763, 55.05274888832355], [-1.5030575921409763, 55.05346754100174], [-1.504300815926399, 55.054186193679925], [-1.504300815926399, 55.05490484635811], [-1.5067872634972446, 55.05634215171449], [-1.5067872634972446, 55.06065406778362], [-1.507408875389956, 55.06101339412271], [-1.5098953229608014, 55.06101339412271], [-1.5111385467462242, 55.06029474144452], [-1.512381770531647, 55.06101339412271], [-1.5136249943170696, 55.06101339412271], [-1.5161114418879151, 55.059576088766335], [-1.5173546656733379, 55.059576088766335], [-1.519219501351472, 55.06065406778362], [-1.519219501351472, 55.061372720461804], [-1.5229491727077402, 55.06352867849637], [-1.5229491727077402, 55.064247331174556], [-1.524192396493163, 55.064965983852744], [-1.524192396493163, 55.06568463653093], [-1.5248140083858743, 55.066043962870026], [-1.526057232171297, 55.06532531019184], [-1.5285436797421426, 55.06532531019184], [-1.5304085154202767, 55.064247331174556], [-1.5304085154202767, 55.06352867849637], [-1.5279220678494312, 55.06209137313999], [-1.529165291634854, 55.061372720461804], [-1.529165291634854, 55.06065406778362], [-1.5297869035275653, 55.06029474144452], [-1.5322733510984108, 55.06029474144452], [-1.5335165748838335, 55.059576088766335], [-1.5347597986692563, 55.06029474144452], [-1.536003022454679, 55.06029474144452], [-1.5366246343473904, 55.05993541510543], [-1.5366246343473904, 55.05921676242724], [-1.5378678581328131, 55.05849810974905], [-1.5378678581328131, 55.057779457070865], [-1.5384894700255245, 55.05742013073177], [-1.5397326938109472, 55.05742013073177], [-1.5434623651672155, 55.059576088766335], [-1.5440839770599268, 55.05921676242724], [-1.5440839770599268, 55.05849810974905], [-1.5453272008453496, 55.057779457070865], [-1.5453272008453496, 55.05706080439268], [-1.5471920365234837, 55.055982825375395], [-1.5484352603089064, 55.055982825375395], [-1.5496784840943292, 55.05670147805358], [-1.550921707879752, 55.05670147805358], [-1.552786543557886, 55.0556234990363], [-1.552786543557886, 55.05490484635811], [-1.5546513792360201, 55.05382686734083], [-1.5552729911287315, 55.054186193679925], [-1.5552729911287315, 55.05490484635811], [-1.5565162149141543, 55.0556234990363], [-1.5565162149141543, 55.05634215171449], [-1.5571378268068656, 55.05670147805358], [-1.5583810505922884, 55.05670147805358], [-1.5608674981631339, 55.05813878340996], [-1.5621107219485566, 55.05813878340996], [-1.5633539457339793, 55.05885743608815], [-1.564597169519402, 55.05885743608815], [-1.5658403933048248, 55.05813878340996], [-1.5670836170902476, 55.05813878340996], [-1.567705228982959, 55.05849810974905], [-1.5664620051975362, 55.05921676242724], [-1.5664620051975362, 55.06209137313999], [-1.5652187814121135, 55.06281002581818], [-1.5652187814121135, 55.06352867849637], [-1.5639755576266907, 55.064247331174556], [-1.5639755576266907, 55.064965983852744], [-1.5633539457339793, 55.06532531019184], [-1.5614891100558452, 55.064247331174556], [-1.562732333841268, 55.06352867849637], [-1.562732333841268, 55.06281002581818], [-1.5621107219485566, 55.062450699479086], [-1.5590026624849997, 55.064247331174556], [-1.5590026624849997, 55.06568463653093], [-1.5596242743777111, 55.066043962870026], [-1.5633539457339793, 55.066043962870026], [-1.5639755576266907, 55.06640328920912], [-1.5639755576266907, 55.06712194188731], [-1.5633539457339793, 55.0674812682264], [-1.5608674981631339, 55.0674812682264], [-1.5583810505922884, 55.066043962870026], [-1.5571378268068656, 55.066043962870026], [-1.5565162149141543, 55.06640328920912], [-1.5565162149141543, 55.068559247243684], [-1.555894603021443, 55.06891857358278], [-1.5546513792360201, 55.06819992090459], [-1.5534081554505974, 55.06891857358278], [-1.5496784840943292, 55.06891857358278], [-1.5484352603089064, 55.06819992090459], [-1.5471920365234837, 55.06819992090459], [-1.5465704246307723, 55.068559247243684], [-1.5465704246307723, 55.06927789992187], [-1.545948812738061, 55.069637226260966], [-1.5422191413817927, 55.0674812682264], [-1.5384894700255245, 55.0674812682264], [-1.5378678581328131, 55.067840594565496], [-1.5378678581328131, 55.068559247243684], [-1.5353814105619676, 55.06999655260006], [-1.5353814105619676, 55.071433857956436], [-1.5378678581328131, 55.07287116331281], [-1.5378678581328131, 55.073589815991], [-1.5397326938109472, 55.07466779500828], [-1.54097591759637, 55.07466779500828], [-1.5422191413817927, 55.07538644768647], [-1.5471920365234837, 55.07538644768647], [-1.547813648416195, 55.07574577402556], [-1.547813648416195, 55.07790173206013], [-1.5447055889526382, 55.0796983637556], [-1.5434623651672155, 55.07897971107741], [-1.5422191413817927, 55.0796983637556], [-1.5415975294890814, 55.0793390374165], [-1.5415975294890814, 55.078620384738315], [-1.54097591759637, 55.07826105839922], [-1.5384894700255245, 55.07826105839922], [-1.5372462462401018, 55.07754240572103], [-1.536003022454679, 55.07754240572103], [-1.5347597986692563, 55.076823753042845], [-1.5335165748838335, 55.07754240572103], [-1.5322733510984108, 55.07754240572103], [-1.531030127312988, 55.07826105839922], [-1.529165291634854, 55.07718307938194], [-1.529165291634854, 55.07646442670375], [-1.5273004559567198, 55.07538644768647], [-1.5266788440640084, 55.07574577402556], [-1.5266788440640084, 55.07646442670375], [-1.526057232171297, 55.076823753042845], [-1.5248140083858743, 55.076823753042845], [-1.524192396493163, 55.07646442670375], [-1.524192396493163, 55.075027121347375], [-1.5235707846004516, 55.07466779500828], [-1.5229491727077402, 55.075027121347375], [-1.5229491727077402, 55.07646442670375], [-1.5223275608150288, 55.076823753042845], [-1.521084337029606, 55.076823753042845], [-1.5204627251368947, 55.07646442670375], [-1.5204627251368947, 55.07430846866919], [-1.5167330537806265, 55.07215251063462], [-1.5167330537806265, 55.071433857956436], [-1.5148682181024924, 55.070355878939154], [-1.5111385467462242, 55.070355878939154], [-1.5098953229608014, 55.069637226260966], [-1.5086520991753787, 55.069637226260966], [-1.507408875389956, 55.06891857358278], [-1.5061656516045332, 55.06891857358278], [-1.5049224278191105, 55.06819992090459], [-1.5036792040336877, 55.06819992090459], [-1.502435980248265, 55.06891857358278], [-1.5005711445701309, 55.067840594565496], [-1.5005711445701309, 55.06712194188731], [-1.4999495326774195, 55.066762615548214], [-1.4987063088919967, 55.066762615548214], [-1.497463085106574, 55.0674812682264], [-1.4962198613211513, 55.0674812682264], [-1.4943550256430171, 55.06640328920912], [-1.4943550256430171, 55.06568463653093], [-1.4962198613211513, 55.06460665751365], [-1.497463085106574, 55.06460665751365], [-1.4980846969992854, 55.064247331174556], [-1.4980846969992854, 55.061372720461804], [-1.4993279207847081, 55.06065406778362], [-1.4993279207847081, 55.05993541510543], [-1.4987063088919967, 55.059576088766335], [-1.492490189964883, 55.059576088766335], [-1.4918685780721717, 55.05921676242724], [-1.4918685780721717, 55.05849810974905], [-1.4893821305013262, 55.05706080439268], [-1.4893821305013262, 55.05274888832355], [-1.487517294823192, 55.05167090930627], [-1.4850308472523466, 55.05167090930627], [-1.4844092353596352, 55.05203023564536], [-1.4844092353596352, 55.05274888832355], [-1.4837876234669238, 55.05310821466264], [-1.4813011758960783, 55.05167090930627], [-1.4800579521106556, 55.05167090930627], [-1.4794363402179442, 55.05131158296717], [-1.4794363402179442, 55.050592930288985], [-1.4788147283252329, 55.05023360394989], [-1.4763282807543874, 55.05167090930627], [-1.473841833183542, 55.05167090930627], [-1.4725986093981192, 55.05095225662808], [-1.4701121618272737, 55.05095225662808], [-1.468868938041851, 55.05023360394989], [-1.4676257142564282, 55.05023360394989], [-1.4670041023637168, 55.050592930288985], [-1.4670041023637168, 55.05131158296717], [-1.4663824904710054, 55.05167090930627], [-1.4651392666855827, 55.05095225662808], [-1.4626528191147372, 55.05095225662808], [-1.4601663715438917, 55.0495149512717], [-1.4583015358657576, 55.050592930288985], [-1.460787983436603, 55.05203023564536], [-1.4595447596511804, 55.05274888832355], [-1.4595447596511804, 55.054186193679925], [-1.460787983436603, 55.05490484635811], [-1.460787983436603, 55.0556234990363], [-1.4614095953293145, 55.055982825375395], [-1.4626528191147372, 55.055982825375395], [-1.4632744310074486, 55.05634215171449], [-1.4626528191147372, 55.05670147805358], [-1.4601663715438917, 55.05670147805358], [-1.4595447596511804, 55.05706080439268], [-1.4601663715438917, 55.05742013073177], [-1.4626528191147372, 55.05742013073177], [-1.4632744310074486, 55.057779457070865], [-1.4620312072220258, 55.05849810974905], [-1.4632744310074486, 55.05921676242724], [-1.4620312072220258, 55.05993541510543], [-1.4632744310074486, 55.06065406778362], [-1.4620312072220258, 55.061372720461804], [-1.4626528191147372, 55.0617320468009], [-1.4651392666855827, 55.0617320468009], [-1.465760878578294, 55.06209137313999], [-1.465760878578294, 55.06281002581818], [-1.4670041023637168, 55.06352867849637], [-1.4670041023637168, 55.064247331174556], [-1.4645176547928713, 55.06568463653093], [-1.4645176547928713, 55.06640328920912], [-1.46389604290016, 55.066762615548214], [-1.4614095953293145, 55.066762615548214], [-1.4601663715438917, 55.066043962870026], [-1.458923147758469, 55.066043962870026], [-1.4583015358657576, 55.06640328920912], [-1.4583015358657576, 55.06712194188731], [-1.4576799239730462, 55.0674812682264], [-1.4570583120803349, 55.06712194188731], [-1.4570583120803349, 55.06640328920912], [-1.4564367001876235, 55.066043962870026], [-1.4551934764022008, 55.066043962870026], [-1.4545718645094894, 55.06568463653093], [-1.4545718645094894, 55.064965983852744], [-1.4551934764022008, 55.06460665751365], [-1.4564367001876235, 55.06460665751365], [-1.4570583120803349, 55.064247331174556], [-1.4570583120803349, 55.06352867849637], [-1.4564367001876235, 55.063169352157274], [-1.4551934764022008, 55.063169352157274], [-1.4545718645094894, 55.06281002581818], [-1.4558150882949121, 55.06209137313999], [-1.4531732377508888, 55.05993541510543], [-1.451930013965466, 55.057779457070865], [-1.4506867901800433, 55.05490484635811], [-1.4494435663946206, 55.05274888832355], [-1.446957118823775, 55.0498742776108], [-1.4419842236820841, 55.04556236154167], [-1.4353018958354369, 55.0424182560746], [-1.4315722244791687, 55.04098095071822], [-1.4307952096132794, 55.040531792794354], [-1.4307952096132794, 55.039813140116166], [-1.428308762042434, 55.0376571820816], [-1.4290857769083232, 55.037208024157735], [-1.4307952096132794, 55.03550122404704], [-1.430329000693746, 55.03379442393634], [-1.428308762042434, 55.03262661333429], [-1.4290857769083232, 55.02876385518903], [-1.4284641650156118, 55.02831469726516], [-1.4284641650156118, 55.02759604458697], [-1.4290857769083232, 55.02723671824788], [-1.430329000693746, 55.02723671824788], [-1.4309506125864573, 55.02759604458697], [-1.4309506125864573, 55.02903334994335], [-1.4315722244791687, 55.02939267628244], [-1.43219383637188, 55.02903334994335], [-1.43219383637188, 55.02687739190878], [-1.4309506125864573, 55.026158739230596], [-1.4315722244791687, 55.0257994128915], [-1.4328154482645914, 55.0257994128915], [-1.4340586720500141, 55.02651806556969], [-1.4353018958354369, 55.02651806556969], [-1.4359235077281483, 55.02687739190878], [-1.4359235077281483, 55.02759604458697], [-1.4365451196208596, 55.027955370926065], [-1.4377883434062824, 55.02723671824788], [-1.439031567191705, 55.02723671824788], [-1.4427612385479733, 55.02939267628244], [-1.444004462333396, 55.02939267628244], [-1.4446260742261074, 55.029752002621535], [-1.4446260742261074, 55.03118930797791], [-1.4452476861188188, 55.031548634317005], [-1.4464909099042416, 55.031548634317005], [-1.4477341336896643, 55.03082998163882], [-1.4483557455823757, 55.03118930797791], [-1.4483557455823757, 55.0319079606561], [-1.448977357475087, 55.03226728699519], [-1.4502205812605098, 55.03226728699519], [-1.4508421931532212, 55.0319079606561], [-1.4508421931532212, 55.03118930797791], [-1.452085416938644, 55.03047065529972], [-1.452085416938644, 55.029752002621535], [-1.4527070288313553, 55.02939267628244], [-1.4551934764022008, 55.02939267628244], [-1.4558150882949121, 55.02903334994335], [-1.4558150882949121, 55.026158739230596], [-1.4564367001876235, 55.0257994128915], [-1.458923147758469, 55.0257994128915], [-1.4614095953293145, 55.024362107535126], [-1.4626528191147372, 55.024362107535126], [-1.46389604290016, 55.025080760213314], [-1.4651392666855827, 55.025080760213314], [-1.465760878578294, 55.02472143387422], [-1.465760878578294, 55.02400278119603], [-1.4670041023637168, 55.023284128517844], [-1.465760878578294, 55.022565475839656], [-1.4663824904710054, 55.02220614950056], [-1.4676257142564282, 55.02220614950056], [-1.4694905499345623, 55.02112817048328], [-1.4694905499345623, 55.02040951780509], [-1.468868938041851, 55.020050191466], [-1.4663824904710054, 55.020050191466], [-1.465760878578294, 55.02040951780509], [-1.465760878578294, 55.02112817048328], [-1.4626528191147372, 55.02292480217875], [-1.4614095953293145, 55.02292480217875], [-1.460787983436603, 55.022565475839656], [-1.4620312072220258, 55.02184682316147], [-1.4614095953293145, 55.021487496822374], [-1.4601663715438917, 55.021487496822374], [-1.458923147758469, 55.02220614950056], [-1.4583015358657576, 55.02184682316147], [-1.4583015358657576, 55.02112817048328], [-1.4570583120803349, 55.02040951780509], [-1.4583015358657576, 55.019690865126904], [-1.4570583120803349, 55.018972212448716], [-1.4570583120803349, 55.01825355977053], [-1.4558150882949121, 55.01753490709234], [-1.4558150882949121, 55.016097601735964], [-1.453950252616778, 55.01501962271868], [-1.4514638050459325, 55.01501962271868], [-1.4502205812605098, 55.01573827539687], [-1.448977357475087, 55.01501962271868], [-1.4477341336896643, 55.01501962271868], [-1.4452476861188188, 55.01645692807506], [-1.444004462333396, 55.01573827539687], [-1.4427612385479733, 55.01573827539687], [-1.4415180147625506, 55.01645692807506], [-1.4402747909771279, 55.01645692807506], [-1.4396531790844165, 55.01681625441415], [-1.4396531790844165, 55.01753490709234], [-1.439031567191705, 55.017894233431434], [-1.4377883434062824, 55.017894233431434], [-1.437166731513571, 55.01825355977053], [-1.437166731513571, 55.02184682316147], [-1.4365451196208596, 55.02220614950056], [-1.4353018958354369, 55.02220614950056], [-1.4346802839427255, 55.022565475839656], [-1.4346802839427255, 55.023284128517844], [-1.4340586720500141, 55.02364345485694], [-1.4328154482645914, 55.02364345485694], [-1.4315722244791687, 55.024362107535126], [-1.430329000693746, 55.02364345485694], [-1.4265993293374777, 55.02364345485694], [-1.425356105552055, 55.02292480217875], [-1.4241128817666322, 55.02292480217875], [-1.422248046088498, 55.02184682316147], [-1.4196061955444748, 55.019690865126904], [-1.4191399866249412, 55.018702717694396], [-1.4185183747322299, 55.01825355977053], [-1.4185183747322299, 55.01753490709234], [-1.4172751509468071, 55.01681625441415], [-1.4191399866249412, 55.01573827539687], [-1.420383210410364, 55.01573827539687], [-1.4210048223030753, 55.01537894905778], [-1.4210048223030753, 55.01466029637959], [-1.4197615985176526, 55.0139416437014], [-1.420383210410364, 55.01358231736231], [-1.4216264341957867, 55.01349248577753], [-1.4241128817666322, 55.01358231736231], [-1.4248898966325214, 55.0139416437014], [-1.4265993293374777, 55.01349248577753], [-1.4309506125864573, 55.01178568566684], [-1.4353018958354369, 55.00927040129318], [-1.4365451196208596, 55.00927040129318], [-1.437166731513571, 55.0081924222759], [-1.4377883434062824, 55.00774326435203], [-1.4415180147625506, 55.006305958995654], [-1.4444706712529296, 55.00316185352858], [-1.4457138950383523, 55.002443200850394], [-1.4464909099042416, 55.0020838745113], [-1.4477341336896643, 55.00280252718949], [-1.4502205812605098, 55.00136522183311], [-1.4514638050459325, 55.0020838745113], [-1.4527070288313553, 55.0020838745113], [-1.4533286407240666, 55.001724548172206], [-1.4533286407240666, 55.00100589549402], [-1.452085416938644, 55.00028724281583], [-1.452085416938644, 54.998849937459454], [-1.4533286407240666, 54.99741263210308], [-1.453950252616778, 54.99696347417921], [-1.4544164615363115, 54.9959753267467], [-1.4556596853217343, 54.995256674068514], [-1.4564367001876235, 54.99489734772942], [-1.458923147758469, 54.993460042373044], [-1.4601663715438917, 54.99417869505123], [-1.4614095953293145, 54.99417869505123], [-1.4626528191147372, 54.993460042373044], [-1.46389604290016, 54.993460042373044], [-1.4645176547928713, 54.99310071603395], [-1.4645176547928713, 54.99238206335576], [-1.4651392666855827, 54.99202273701667], [-1.465760878578294, 54.99238206335576], [-1.465760878578294, 54.99310071603395], [-1.4670041023637168, 54.99381936871214], [-1.4670041023637168, 54.994538021390326], [-1.4676257142564282, 54.99489734772942], [-1.468868938041851, 54.99489734772942], [-1.4701121618272737, 54.99417869505123], [-1.4713553856126964, 54.99417869505123], [-1.4725986093981192, 54.993460042373044], [-1.473841833183542, 54.993460042373044], [-1.4750850569689646, 54.99417869505123], [-1.4763282807543874, 54.993460042373044], [-1.4775715045398101, 54.99417869505123], [-1.4781931164325215, 54.99381936871214], [-1.4781931164325215, 54.99310071603395], [-1.4769498926470987, 54.99238206335576], [-1.4775715045398101, 54.99202273701667], [-1.4788147283252329, 54.99202273701667], [-1.4794363402179442, 54.991663410677575], [-1.4788147283252329, 54.99130408433848], [-1.4775715045398101, 54.99130408433848], [-1.4769498926470987, 54.99094475799939], [-1.4769498926470987, 54.9902261053212], [-1.475706668861676, 54.98950745264301], [-1.4775715045398101, 54.988339642040955], [-1.492490189964883, 54.988339642040955], [-1.4937334137503058, 54.98842947362573], [-1.4949766375357285, 54.98842947362573], [-1.4962198613211513, 54.98914812630392], [-1.4999495326774195, 54.988339642040955], [-1.5011927564628422, 54.988339642040955], [-1.5019697713287314, 54.98878879996482], [-1.5029021891677985, 54.98878879996482], [-1.5036792040336877, 54.98842947362573], [-1.5061656516045332, 54.988339642040955], [-1.521084337029606, 54.98690233668458], [-1.5248140083858743, 54.98618368400639], [-1.5273004559567198, 54.985465031328204], [-1.5327395600179443, 54.98160227318294], [-1.533982783803367, 54.97872766247019], [-1.5352260075887898, 54.97154113568831], [-1.5364692313742125, 54.96507326158462], [-1.54097591759637, 54.96246814562619], [-1.5434623651672155, 54.961749492948], [-1.545948812738061, 54.961749492948], [-1.5496784840943292, 54.960312187591626], [-1.555894603021443, 54.960312187591626], [-1.556671617887332, 54.96076134551549], [-1.5608674981631339, 54.96246814562619], [-1.564597169519402, 54.963905450982566], [-1.579515854944475, 54.96534275633894], [-1.5877522125229007, 54.97010383033194], [-1.5981642117258161, 54.97037332508626], [-1.6006506592966616, 54.96965467240807], [-1.5981642117258161, 54.969834335577616], [-1.589461645227857, 54.969834335577616], [-1.5869751976570114, 54.96911568289943], [-1.5861981827911222, 54.96866652497556], [-1.5837117352202768, 54.966510566941], [-1.5812252876494313, 54.96507326158462], [-1.5782726311590523, 54.96408511415211], [-1.5683268408756703, 54.96408511415211], [-1.5670836170902476, 54.963366461473925], [-1.5664620051975362, 54.96291730355006], [-1.5664620051975362, 54.96219865087187], [-1.5652187814121135, 54.96147999819368], [-1.5652187814121135, 54.96076134551549], [-1.5639755576266907, 54.960042692837305], [-1.5652187814121135, 54.95932404015912], [-1.5633539457339793, 54.958246061141836], [-1.5614891100558452, 54.96076134551549], [-1.5608674981631339, 54.96121050343936], [-1.550921707879752, 54.9590545454048], [-1.5471920365234837, 54.96049185076117], [-1.5342935897497227, 54.963635956228245], [-1.5335165748838335, 54.96399528256734], [-1.5322733510984108, 54.96471393524553], [-1.5316517392056994, 54.96435460890643], [-1.5328949629911222, 54.963635956228245], [-1.5322733510984108, 54.96327662988915], [-1.531030127312988, 54.96327662988915], [-1.5304085154202767, 54.963635956228245], [-1.5304085154202767, 54.96579191426281], [-1.529165291634854, 54.966510566941], [-1.5304085154202767, 54.967229219619185], [-1.5304085154202767, 54.96794787229737], [-1.5297869035275653, 54.96830719863647], [-1.5285436797421426, 54.96830719863647], [-1.5279220678494312, 54.96866652497556], [-1.5279220678494312, 54.96938517765375], [-1.5285436797421426, 54.96974450399284], [-1.531030127312988, 54.96974450399284], [-1.5316517392056994, 54.97010383033194], [-1.5316517392056994, 54.970822483010124], [-1.5328949629911222, 54.97154113568831], [-1.5316517392056994, 54.9722597883665], [-1.5330503659643, 54.974415746401064], [-1.5318071421788773, 54.978009009792004], [-1.5305639183934545, 54.980883620504756], [-1.5268342470371863, 54.98303957853932], [-1.526057232171297, 54.98339890487841], [-1.5254356202785857, 54.98303957853932], [-1.5254356202785857, 54.98232092586113], [-1.5248140083858743, 54.98196159952204], [-1.5235707846004516, 54.98196159952204], [-1.5229491727077402, 54.98232092586113], [-1.5229491727077402, 54.98303957853932], [-1.5223275608150288, 54.98339890487841], [-1.521084337029606, 54.982680252200225], [-1.5173546656733379, 54.982680252200225], [-1.5161114418879151, 54.98339890487841], [-1.5148682181024924, 54.98339890487841], [-1.514246606209781, 54.98519553657388], [-1.5136249943170696, 54.98564469449775], [-1.5131587853975361, 54.98591418925207], [-1.512381770531647, 54.986273515591165], [-1.5117601586389355, 54.98591418925207], [-1.5117601586389355, 54.98519553657388], [-1.5111385467462242, 54.98483621023479], [-1.5086520991753787, 54.98564469449775], [-1.5061656516045332, 54.98636334717594], [-1.4750850569689646, 54.98636334717594], [-1.473841833183542, 54.986273515591165], [-1.4732202212908305, 54.98591418925207], [-1.4719769975054078, 54.98375823121751], [-1.47182159453223, 54.98303957853932], [-1.4701121618272737, 54.98196159952204], [-1.468868938041851, 54.98196159952204], [-1.4663824904710054, 54.98339890487841], [-1.4651392666855827, 54.982680252200225], [-1.4614095953293145, 54.982680252200225], [-1.460787983436603, 54.98232092586113], [-1.4614095953293145, 54.98196159952204], [-1.4626528191147372, 54.98196159952204], [-1.4632744310074486, 54.98160227318294], [-1.4632744310074486, 54.980883620504756], [-1.4626528191147372, 54.98052429416566], [-1.4614095953293145, 54.98052429416566], [-1.4601663715438917, 54.98124294684385], [-1.4564367001876235, 54.979086988809286], [-1.4551934764022008, 54.979086988809286], [-1.453950252616778, 54.9783683361311], [-1.452085416938644, 54.97944631514838], [-1.452085416938644, 54.980883620504756], [-1.4514638050459325, 54.98124294684385], [-1.4502205812605098, 54.98052429416566], [-1.4495989693677984, 54.980883620504756], [-1.4495989693677984, 54.98160227318294], [-1.448977357475087, 54.98196159952204], [-1.4477341336896643, 54.98196159952204], [-1.447112521796953, 54.98232092586113], [-1.4483557455823757, 54.98303957853932], [-1.4477341336896643, 54.98339890487841], [-1.4464909099042416, 54.982680252200225], [-1.444004462333396, 54.982680252200225], [-1.442139626655262, 54.98375823121751], [-1.442139626655262, 54.98519553657388], [-1.4433828504406847, 54.98591418925207], [-1.4433828504406847, 54.98735149460845], [-1.442139626655262, 54.988070147286635], [-1.442139626655262, 54.99094475799939], [-1.4415180147625506, 54.99130408433848], [-1.4402747909771279, 54.99130408433848], [-1.4384099552989937, 54.99238206335576], [-1.4384099552989937, 54.995256674068514], [-1.439031567191705, 54.99561600040761], [-1.4402747909771279, 54.99561600040761], [-1.4408964028698392, 54.9959753267467], [-1.441051805843017, 54.99669397942489], [-1.4398085820575943, 54.99956859013764], [-1.439031567191705, 54.999927916476736], [-1.4384099552989937, 55.00028724281583], [-1.4384099552989937, 55.001724548172206], [-1.4377883434062824, 55.0020838745113], [-1.4365451196208596, 55.0020838745113], [-1.4359235077281483, 55.002443200850394], [-1.4359235077281483, 55.00316185352858], [-1.4353018958354369, 55.003521179867676], [-1.4340586720500141, 55.003521179867676], [-1.4328154482645914, 55.00280252718949], [-1.4315722244791687, 55.00280252718949], [-1.430329000693746, 55.0020838745113], [-1.4290857769083232, 55.0020838745113], [-1.4265993293374777, 55.000646569154924], [-1.425356105552055, 55.000646569154924], [-1.4247344936593436, 55.00028724281583], [-1.4259777174447663, 54.99956859013764], [-1.4247344936593436, 54.998849937459454], [-1.4259777174447663, 54.998131284781266], [-1.4259777174447663, 54.99741263210308], [-1.4247344936593436, 54.99669397942489], [-1.4259777174447663, 54.9959753267467], [-1.4259777174447663, 54.995256674068514], [-1.425356105552055, 54.99489734772942], [-1.4241128817666322, 54.99561600040761], [-1.4234912698739208, 54.995256674068514], [-1.4234912698739208, 54.994538021390326], [-1.4247344936593436, 54.99381936871214], [-1.4247344936593436, 54.99310071603395], [-1.4241128817666322, 54.99274138969486], [-1.4228696579812095, 54.99274138969486], [-1.422248046088498, 54.99238206335576], [-1.422248046088498, 54.991663410677575], [-1.4234912698739208, 54.99094475799939], [-1.4234912698739208, 54.9902261053212], [-1.422248046088498, 54.98950745264301], [-1.422248046088498, 54.98878879996482], [-1.4197615985176526, 54.98735149460845], [-1.4210048223030753, 54.98663284193026], [-1.4210048223030753, 54.98591418925207], [-1.4197615985176526, 54.98519553657388], [-1.4197615985176526, 54.98303957853932], [-1.4185183747322299, 54.98232092586113], [-1.4185183747322299, 54.98160227318294], [-1.4172751509468071, 54.980883620504756], [-1.4172751509468071, 54.98016496782657], [-1.4160319271613844, 54.97944631514838], [-1.4172751509468071, 54.97872766247019], [-1.4172751509468071, 54.978009009792004], [-1.4166535390540957, 54.97764968345291], [-1.4141670914832503, 54.97764968345291], [-1.413545479590539, 54.977290357113816], [-1.4160319271613844, 54.97585305175744], [-1.4160319271613844, 54.974415746401064], [-1.4116806439124048, 54.971900462027406], [-1.410437420126982, 54.971900462027406], [-1.4098158082342707, 54.97154113568831], [-1.410437420126982, 54.97118180934922], [-1.4116806439124048, 54.97118180934922], [-1.4129238676978275, 54.971900462027406], [-1.415410315268673, 54.971900462027406], [-1.4166535390540957, 54.97118180934922], [-1.4178967628395185, 54.97118180934922], [-1.4185183747322299, 54.97154113568831], [-1.4185183747322299, 54.974415746401064], [-1.420383210410364, 54.975493725418346], [-1.4216264341957867, 54.975493725418346], [-1.4228696579812095, 54.976212378096534], [-1.4265993293374777, 54.976212378096534], [-1.427220941230189, 54.97585305175744], [-1.4259777174447663, 54.97513439907925], [-1.4265993293374777, 54.97477507274016], [-1.4278425531229004, 54.975493725418346], [-1.4284641650156118, 54.97513439907925], [-1.4284641650156118, 54.973697093722876], [-1.4297073888010345, 54.97297844104469], [-1.4284641650156118, 54.9722597883665], [-1.4297073888010345, 54.97154113568831], [-1.4297073888010345, 54.97010383033194], [-1.4284641650156118, 54.96938517765375], [-1.4309506125864573, 54.96794787229737], [-1.4297073888010345, 54.967229219619185], [-1.4297073888010345, 54.966510566941], [-1.427220941230189, 54.96507326158462], [-1.4278425531229004, 54.96471393524553], [-1.4290857769083232, 54.96471393524553], [-1.4297073888010345, 54.96435460890643], [-1.4290857769083232, 54.96399528256734], [-1.4278425531229004, 54.96399528256734], [-1.427220941230189, 54.963635956228245], [-1.4284641650156118, 54.96291730355006], [-1.4284641650156118, 54.96219865087187], [-1.427220941230189, 54.96147999819368], [-1.4278425531229004, 54.96112067185459], [-1.4290857769083232, 54.961839324532775], [-1.430329000693746, 54.961839324532775], [-1.4309506125864573, 54.96147999819368], [-1.4309506125864573, 54.96076134551549], [-1.4290857769083232, 54.95968336649821], [-1.4278425531229004, 54.9604020191764], [-1.4265993293374777, 54.9604020191764], [-1.4259777174447663, 54.960042692837305], [-1.4259777174447663, 54.95932404015912], [-1.4284641650156118, 54.95788673480274], [-1.4284641650156118, 54.956449429446366], [-1.430329000693746, 54.955371450429084], [-1.4334370601573028, 54.957168082124554], [-1.4334370601573028, 54.95788673480274], [-1.4340586720500141, 54.958246061141836], [-1.4353018958354369, 54.958246061141836], [-1.4359235077281483, 54.95788673480274], [-1.4359235077281483, 54.956449429446366], [-1.4353018958354369, 54.95609010310727], [-1.4340586720500141, 54.95609010310727], [-1.4334370601573028, 54.95573077676818], [-1.4334370601573028, 54.95501212408999], [-1.4340586720500141, 54.954652797750896], [-1.4353018958354369, 54.954652797750896], [-1.437166731513571, 54.953574818733614], [-1.437166731513571, 54.95213751337724], [-1.4365451196208596, 54.951778187038144], [-1.4340586720500141, 54.951778187038144], [-1.4334370601573028, 54.95213751337724], [-1.4334370601573028, 54.952856166055426], [-1.4328154482645914, 54.95321549239452], [-1.4290857769083232, 54.95321549239452], [-1.4284641650156118, 54.953574818733614], [-1.4284641650156118, 54.9542934714118], [-1.4278425531229004, 54.954652797750896], [-1.420383210410364, 54.954652797750896], [-1.4191399866249412, 54.95393414507271], [-1.4178967628395185, 54.95393414507271], [-1.4172751509468071, 54.9542934714118], [-1.4172751509468071, 54.95501212408999], [-1.4166535390540957, 54.955371450429084], [-1.4141670914832503, 54.95393414507271], [-1.4116806439124048, 54.95393414507271], [-1.410437420126982, 54.95321549239452], [-1.4091941963415593, 54.95393414507271], [-1.4073293606634252, 54.952856166055426], [-1.408572584448848, 54.95213751337724], [-1.4079509725561365, 54.951778187038144], [-1.4067077487707138, 54.951778187038144], [-1.4060861368780024, 54.95141886069905], [-1.4060861368780024, 54.95070020802086], [-1.4048429130925797, 54.949981555342674], [-1.4060861368780024, 54.949262902664486], [-1.4048429130925797, 54.9485442499863], [-1.4067077487707138, 54.94746627096902], [-1.4079509725561365, 54.94746627096902], [-1.408572584448848, 54.94710694462992], [-1.408572584448848, 54.94566963927355], [-1.4079509725561365, 54.94531031293445], [-1.4067077487707138, 54.94531031293445], [-1.4060861368780024, 54.94495098659536], [-1.4060861368780024, 54.94423233391717], [-1.4079509725561365, 54.94315435489989], [-1.4091941963415593, 54.94315435489989], [-1.410437420126982, 54.9424357022217], [-1.4141670914832503, 54.9424357022217], [-1.4147887033759616, 54.94207637588261], [-1.4147887033759616, 54.94135772320442], [-1.4178967628395185, 54.93956109150895], [-1.4191399866249412, 54.94027974418714], [-1.4197615985176526, 54.93992041784804], [-1.4197615985176526, 54.939201765169855], [-1.4216264341957867, 54.93812378615257], [-1.4228696579812095, 54.93812378615257], [-1.4265993293374777, 54.94027974418714], [-1.4278425531229004, 54.94027974418714], [-1.4290857769083232, 54.93956109150895], [-1.430329000693746, 54.94027974418714], [-1.4315722244791687, 54.94027974418714], [-1.4334370601573028, 54.94135772320442], [-1.4334370601573028, 54.94207637588261], [-1.4353018958354369, 54.94315435489989], [-1.4365451196208596, 54.94315435489989], [-1.437166731513571, 54.94351368123898], [-1.437166731513571, 54.94423233391717], [-1.4384099552989937, 54.94495098659536], [-1.4384099552989937, 54.94566963927355], [-1.4365451196208596, 54.94674761829083], [-1.4353018958354369, 54.94674761829083], [-1.4346802839427255, 54.946388291951735], [-1.4346802839427255, 54.94566963927355], [-1.4340586720500141, 54.94531031293445], [-1.4309506125864573, 54.94710694462992], [-1.4309506125864573, 54.9485442499863], [-1.4334370601573028, 54.949981555342674], [-1.4334370601573028, 54.95070020802086], [-1.4340586720500141, 54.951059534359956], [-1.4365451196208596, 54.951059534359956], [-1.437166731513571, 54.95070020802086], [-1.437166731513571, 54.949981555342674], [-1.4377883434062824, 54.94962222900358], [-1.4384099552989937, 54.949981555342674], [-1.4384099552989937, 54.9542934714118], [-1.4396531790844165, 54.95501212408999], [-1.4384099552989937, 54.95573077676818], [-1.4384099552989937, 54.957168082124554], [-1.4396531790844165, 54.95788673480274], [-1.4396531790844165, 54.960042692837305], [-1.4408964028698392, 54.96076134551549], [-1.4408964028698392, 54.96147999819368], [-1.4415180147625506, 54.961839324532775], [-1.4427612385479733, 54.96112067185459], [-1.444004462333396, 54.961839324532775], [-1.4452476861188188, 54.961839324532775], [-1.4458692980115302, 54.96147999819368], [-1.4458692980115302, 54.96076134551549], [-1.4446260742261074, 54.960042692837305], [-1.4446260742261074, 54.95932404015912], [-1.4452476861188188, 54.95896471382002], [-1.4464909099042416, 54.95896471382002], [-1.4495989693677984, 54.957168082124554], [-1.4495989693677984, 54.956449429446366], [-1.4483557455823757, 54.95573077676818], [-1.4483557455823757, 54.95501212408999], [-1.448977357475087, 54.954652797750896], [-1.4514638050459325, 54.954652797750896], [-1.4527070288313553, 54.95393414507271], [-1.453950252616778, 54.954652797750896], [-1.4545718645094894, 54.9542934714118], [-1.4545718645094894, 54.953574818733614], [-1.4533286407240666, 54.952856166055426], [-1.453950252616778, 54.95249683971633], [-1.4576799239730462, 54.95249683971633], [-1.4583015358657576, 54.95213751337724], [-1.4570583120803349, 54.95141886069905], [-1.4583015358657576, 54.95070020802086], [-1.4583015358657576, 54.949981555342674], [-1.4595447596511804, 54.949262902664486], [-1.4595447596511804, 54.9485442499863], [-1.458923147758469, 54.948184923647204], [-1.4576799239730462, 54.94890357632539], [-1.4570583120803349, 54.9485442499863], [-1.4595447596511804, 54.94710694462992], [-1.4576799239730462, 54.94602896561264], [-1.4564367001876235, 54.94602896561264], [-1.4558150882949121, 54.94566963927355], [-1.4558150882949121, 54.94495098659536], [-1.4551934764022008, 54.944591660256265], [-1.453950252616778, 54.944591660256265], [-1.452085416938644, 54.94351368123898], [-1.452085416938644, 54.94135772320442], [-1.4508421931532212, 54.94063907052623], [-1.4514638050459325, 54.94027974418714], [-1.453950252616778, 54.94027974418714], [-1.4545718645094894, 54.94063907052623], [-1.4545718645094894, 54.94135772320442], [-1.4558150882949121, 54.94207637588261], [-1.4558150882949121, 54.94351368123898], [-1.4564367001876235, 54.94387300757808], [-1.4576799239730462, 54.94387300757808], [-1.4583015358657576, 54.94423233391717], [-1.4583015358657576, 54.94495098659536], [-1.4601663715438917, 54.94602896561264], [-1.4614095953293145, 54.94602896561264], [-1.4626528191147372, 54.94674761829083], [-1.46389604290016, 54.94674761829083], [-1.4651392666855827, 54.94746627096902], [-1.4676257142564282, 54.94746627096902], [-1.4713553856126964, 54.94962222900358], [-1.473841833183542, 54.94962222900358], [-1.4744634450762533, 54.949262902664486], [-1.4744634450762533, 54.9485442499863], [-1.4732202212908305, 54.94782559730811], [-1.4732202212908305, 54.946388291951735], [-1.4719769975054078, 54.94566963927355], [-1.4725986093981192, 54.94531031293445], [-1.473841833183542, 54.94602896561264], [-1.4744634450762533, 54.94566963927355], [-1.4744634450762533, 54.942795028560795], [-1.473841833183542, 54.9424357022217], [-1.4725986093981192, 54.94315435489989], [-1.4713553856126964, 54.9424357022217], [-1.4701121618272737, 54.9424357022217], [-1.4694905499345623, 54.94207637588261], [-1.4719769975054078, 54.94063907052623], [-1.4719769975054078, 54.93776445981348], [-1.4725986093981192, 54.937405133474385], [-1.473841833183542, 54.937405133474385], [-1.4750850569689646, 54.9366864807962], [-1.4800579521106556, 54.93956109150895], [-1.482544399681501, 54.93812378615257], [-1.4837876234669238, 54.93812378615257], [-1.4844092353596352, 54.93848311249167], [-1.4844092353596352, 54.939201765169855], [-1.4850308472523466, 54.93956109150895], [-1.4862740710377693, 54.93956109150895], [-1.4868956829304807, 54.93992041784804], [-1.4868956829304807, 54.94063907052623], [-1.4881389067159034, 54.94135772320442], [-1.4881389067159034, 54.94207637588261], [-1.4893821305013262, 54.942795028560795], [-1.4893821305013262, 54.94566963927355], [-1.4887605186086148, 54.94602896561264], [-1.487517294823192, 54.94602896561264], [-1.4868956829304807, 54.946388291951735], [-1.4868956829304807, 54.94710694462992], [-1.487517294823192, 54.94746627096902], [-1.4887605186086148, 54.94746627096902], [-1.4900037423940375, 54.94674761829083], [-1.4912469661794603, 54.94674761829083], [-1.4937334137503058, 54.948184923647204], [-1.4962198613211513, 54.948184923647204], [-1.497463085106574, 54.94746627096902], [-1.5061656516045332, 54.94746627096902], [-1.5067872634972446, 54.94782559730811], [-1.5067872634972446, 54.949262902664486], [-1.507408875389956, 54.94962222900358], [-1.5105169348535128, 54.94782559730811], [-1.5105169348535128, 54.946388291951735], [-1.5098953229608014, 54.94602896561264], [-1.5086520991753787, 54.94674761829083], [-1.5067872634972446, 54.94566963927355], [-1.5067872634972446, 54.94423233391717], [-1.5080304872826673, 54.94351368123898], [-1.5080304872826673, 54.94207637588261], [-1.5086520991753787, 54.94171704954351], [-1.5136249943170696, 54.94171704954351], [-1.514246606209781, 54.94135772320442], [-1.514246606209781, 54.939201765169855], [-1.5136249943170696, 54.93884243883076], [-1.512381770531647, 54.93884243883076], [-1.5111385467462242, 54.93956109150895], [-1.5098953229608014, 54.93956109150895], [-1.5080304872826673, 54.93848311249167], [-1.5080304872826673, 54.93776445981348], [-1.507408875389956, 54.937405133474385], [-1.5061656516045332, 54.937405133474385], [-1.5055440397118218, 54.93704580713529], [-1.5055440397118218, 54.935608501778916], [-1.5049224278191105, 54.93524917543982], [-1.5036792040336877, 54.93524917543982], [-1.5018143683555536, 54.93417119642254], [-1.5018143683555536, 54.932733891066164], [-1.502435980248265, 54.93237456472707], [-1.5036792040336877, 54.93237456472707], [-1.5049224278191105, 54.93165591204888], [-1.5061656516045332, 54.93165591204888], [-1.5067872634972446, 54.93129658570979], [-1.5067872634972446, 54.9305779330316], [-1.5098953229608014, 54.92878130133613], [-1.5111385467462242, 54.92878130133613], [-1.5136249943170696, 54.930218606692506], [-1.5185978894587606, 54.930218606692506], [-1.5198411132441834, 54.930937259370694], [-1.521084337029606, 54.930937259370694], [-1.5229491727077402, 54.92985928035341], [-1.5229491727077402, 54.929140627675224], [-1.5235707846004516, 54.92878130133613], [-1.526057232171297, 54.92878130133613], [-1.5273004559567198, 54.92949995401432], [-1.5285436797421426, 54.92949995401432], [-1.529165291634854, 54.92985928035341], [-1.529165291634854, 54.9305779330316], [-1.5297869035275653, 54.930937259370694], [-1.531030127312988, 54.930218606692506], [-1.5322733510984108, 54.930218606692506], [-1.5328949629911222, 54.9305779330316], [-1.5328949629911222, 54.93417119642254], [-1.5335165748838335, 54.934530522761634], [-1.534138186776545, 54.93417119642254], [-1.534138186776545, 54.932015238387976], [-1.536003022454679, 54.930937259370694], [-1.5372462462401018, 54.93165591204888], [-1.5384894700255245, 54.93165591204888], [-1.5391110819182359, 54.93129658570979], [-1.5391110819182359, 54.92985928035341], [-1.5384894700255245, 54.92949995401432], [-1.536003022454679, 54.92949995401432], [-1.5353814105619676, 54.929140627675224], [-1.5353814105619676, 54.92698466964066], [-1.5347597986692563, 54.926625343301566], [-1.5335165748838335, 54.926625343301566], [-1.531030127312988, 54.92806264865794], [-1.5304085154202767, 54.92770332231885], [-1.5304085154202767, 54.92698466964066], [-1.5285436797421426, 54.92590669062338], [-1.5248140083858743, 54.92590669062338], [-1.5229491727077402, 54.92698466964066], [-1.5229491727077402, 54.92770332231885], [-1.5223275608150288, 54.92806264865794], [-1.5198411132441834, 54.926625343301566], [-1.5161114418879151, 54.926625343301566], [-1.514246606209781, 54.925547364284284], [-1.5154898299952038, 54.9248287116061], [-1.514246606209781, 54.92411005892791], [-1.5148682181024924, 54.923750732588815], [-1.5173546656733379, 54.923750732588815], [-1.5179762775660492, 54.92339140624972], [-1.5179762775660492, 54.92267275357153], [-1.5173546656733379, 54.92231342723244], [-1.5148682181024924, 54.92231342723244], [-1.5130033824243583, 54.92123544821516], [-1.5130033824243583, 54.92051679553697], [-1.512381770531647, 54.920157469197875], [-1.5117601586389355, 54.92051679553697], [-1.5117601586389355, 54.92123544821516], [-1.5111385467462242, 54.92159477455425], [-1.5098953229608014, 54.92159477455425], [-1.5086520991753787, 54.92087612187606], [-1.507408875389956, 54.92159477455425], [-1.5049224278191105, 54.920157469197875], [-1.5036792040336877, 54.920157469197875], [-1.5030575921409763, 54.91979814285878], [-1.5030575921409763, 54.91907949018059], [-1.502435980248265, 54.9187201638415], [-1.5011927564628422, 54.91943881651969], [-1.4999495326774195, 54.91943881651969], [-1.4987063088919967, 54.920157469197875], [-1.4962198613211513, 54.9187201638415], [-1.4949766375357285, 54.9187201638415], [-1.4943550256430171, 54.918360837502405], [-1.4943550256430171, 54.91764218482422], [-1.4955982494284399, 54.91692353214603], [-1.4955982494284399, 54.91404892143328], [-1.4968414732138626, 54.91333026875509], [-1.4968414732138626, 54.91045565804234], [-1.497463085106574, 54.910096331703244], [-1.4987063088919967, 54.91081498438143], [-1.4999495326774195, 54.91081498438143], [-1.5005711445701309, 54.91045565804234], [-1.5005711445701309, 54.907581047329586], [-1.4999495326774195, 54.90722172099049], [-1.4987063088919967, 54.90722172099049], [-1.4980846969992854, 54.9068623946514], [-1.4980846969992854, 54.90614374197321], [-1.4968414732138626, 54.90542508929502], [-1.497463085106574, 54.90506576295593], [-1.4987063088919967, 54.90506576295593], [-1.4999495326774195, 54.90434711027774], [-1.5011927564628422, 54.90434711027774], [-1.5018143683555536, 54.903987783938646], [-1.5018143683555536, 54.90255047858227], [-1.502435980248265, 54.90219115224318], [-1.5036792040336877, 54.90219115224318], [-1.5055440397118218, 54.901113173225895], [-1.5055440397118218, 54.90039452054771], [-1.5036792040336877, 54.899316541530425], [-1.502435980248265, 54.90003519420861], [-1.5011927564628422, 54.90003519420861], [-1.5005711445701309, 54.90039452054771], [-1.5005711445701309, 54.90183182590408], [-1.4999495326774195, 54.90219115224318], [-1.4993279207847081, 54.90183182590408], [-1.4993279207847081, 54.89967586786952], [-1.5005711445701309, 54.89895721519133], [-1.5005711445701309, 54.89823856251314], [-1.5018143683555536, 54.897519909834955], [-1.5018143683555536, 54.89680125715677], [-1.502435980248265, 54.89644193081767], [-1.5032129951141542, 54.89680125715677], [-1.5041454129532212, 54.89680125715677], [-1.5049224278191105, 54.89644193081767], [-1.5061656516045332, 54.89644193081767], [-1.5067872634972446, 54.89680125715677], [-1.5067872634972446, 54.897519909834955], [-1.5086520991753787, 54.89859788885224], [-1.5098953229608014, 54.89787923617405], [-1.5117601586389355, 54.89895721519133], [-1.5117601586389355, 54.90039452054771], [-1.5130033824243583, 54.901113173225895], [-1.5130033824243583, 54.90255047858227], [-1.5136249943170696, 54.902909804921364], [-1.5148682181024924, 54.902909804921364], [-1.5154898299952038, 54.90255047858227], [-1.5154898299952038, 54.90183182590408], [-1.5167330537806265, 54.901113173225895], [-1.5167330537806265, 54.90039452054771], [-1.5154898299952038, 54.89967586786952], [-1.5154898299952038, 54.897519909834955], [-1.514246606209781, 54.89680125715677], [-1.514246606209781, 54.8946452991222], [-1.5179762775660492, 54.89248934108764], [-1.5179762775660492, 54.89177068840945], [-1.5167330537806265, 54.89105203573126], [-1.5185978894587606, 54.88997405671398], [-1.5198411132441834, 54.88997405671398], [-1.5204627251368947, 54.890333383053076], [-1.5204627251368947, 54.89105203573126], [-1.5217059489223175, 54.89177068840945], [-1.5204627251368947, 54.89248934108764], [-1.5204627251368947, 54.89320799376583], [-1.5217059489223175, 54.893926646444015], [-1.5204627251368947, 54.8946452991222], [-1.5204627251368947, 54.89608260447858], [-1.521084337029606, 54.89644193081767], [-1.5223275608150288, 54.89644193081767], [-1.524192396493163, 54.89536395180039], [-1.5229491727077402, 54.8946452991222], [-1.5229491727077402, 54.893926646444015], [-1.524192396493163, 54.89320799376583], [-1.524192396493163, 54.89248934108764], [-1.5248140083858743, 54.892130014748545], [-1.526057232171297, 54.89284866742673], [-1.5297869035275653, 54.89069270939217], [-1.531030127312988, 54.89069270939217], [-1.5316517392056994, 54.890333383053076], [-1.5316517392056994, 54.88961473037489], [-1.5304085154202767, 54.8888960776967], [-1.5316517392056994, 54.88817742501851], [-1.5304085154202767, 54.887458772340324], [-1.5316517392056994, 54.886740119662136], [-1.5316517392056994, 54.88530281430576], [-1.5322733510984108, 54.884943487966666], [-1.5335165748838335, 54.884943487966666], [-1.534138186776545, 54.88530281430576], [-1.534138186776545, 54.88602146698395], [-1.5347597986692563, 54.88638079332304], [-1.5353814105619676, 54.88602146698395], [-1.5353814105619676, 54.88458416162757], [-1.5372462462401018, 54.88350618261029], [-1.5384894700255245, 54.88422483528848], [-1.54097591759637, 54.88422483528848], [-1.5434623651672155, 54.885662140644854], [-1.5440839770599268, 54.88530281430576], [-1.5440839770599268, 54.88242820359301], [-1.5453272008453496, 54.88170955091482], [-1.5453272008453496, 54.88099089823663], [-1.545948812738061, 54.88063157189754], [-1.5471920365234837, 54.88063157189754], [-1.547813648416195, 54.880272245558444], [-1.547813648416195, 54.87883494020207], [-1.5484352603089064, 54.878475613862975], [-1.5496784840943292, 54.87919426654116], [-1.550921707879752, 54.87919426654116], [-1.552786543557886, 54.880272245558444], [-1.552786543557886, 54.88099089823663], [-1.5534081554505974, 54.881350224575726], [-1.5540297673433088, 54.88099089823663], [-1.5540297673433088, 54.880272245558444], [-1.555894603021443, 54.87919426654116], [-1.5608674981631339, 54.87919426654116], [-1.5621107219485566, 54.878475613862975], [-1.5633539457339793, 54.878475613862975], [-1.564597169519402, 54.87775696118479], [-1.5652187814121135, 54.87811628752388], [-1.5652187814121135, 54.87883494020207], [-1.5658403933048248, 54.87919426654116], [-1.5670836170902476, 54.87919426654116], [-1.5683268408756703, 54.878475613862975], [-1.569570064661093, 54.878475613862975], [-1.5708132884465158, 54.87919426654116], [-1.5720565122319385, 54.87919426654116], [-1.57267812412465, 54.87883494020207], [-1.57267812412465, 54.87739763484569], [-1.5751645716954954, 54.87596032948932], [-1.5751645716954954, 54.87524167681113], [-1.574542959802784, 54.874882350472035], [-1.5732997360173613, 54.874882350472035], [-1.57267812412465, 54.87452302413294], [-1.57267812412465, 54.87380437145475], [-1.5739213479100727, 54.873085718776565], [-1.5739213479100727, 54.87236706609838], [-1.5751645716954954, 54.87164841342019], [-1.5739213479100727, 54.870929760742], [-1.5739213479100727, 54.869492455385625], [-1.574542959802784, 54.86913312904653], [-1.5764077954809181, 54.87021110806381], [-1.5764077954809181, 54.873085718776565], [-1.5776510192663409, 54.87380437145475], [-1.5776510192663409, 54.87452302413294], [-1.5764077954809181, 54.87524167681113], [-1.5764077954809181, 54.87596032948932], [-1.5788942430517636, 54.87739763484569], [-1.5788942430517636, 54.87883494020207], [-1.5776510192663409, 54.87955359288026], [-1.5776510192663409, 54.880272245558444], [-1.5782726311590523, 54.88063157189754], [-1.579515854944475, 54.88063157189754], [-1.5801374668371864, 54.88099089823663], [-1.5801374668371864, 54.883146856271196], [-1.5770294073736295, 54.884943487966666], [-1.5757861835882068, 54.884943487966666], [-1.574542959802784, 54.88422483528848], [-1.5732997360173613, 54.88422483528848], [-1.5720565122319385, 54.88350618261029], [-1.5708132884465158, 54.88350618261029], [-1.569570064661093, 54.8827875299321], [-1.5689484527683817, 54.883146856271196], [-1.5689484527683817, 54.883865508949384], [-1.5701916765538044, 54.88458416162757], [-1.5689484527683817, 54.88530281430576], [-1.5689484527683817, 54.88602146698395], [-1.5683268408756703, 54.88638079332304], [-1.5670836170902476, 54.885662140644854], [-1.5658403933048248, 54.885662140644854], [-1.5639755576266907, 54.886740119662136], [-1.5639755576266907, 54.887458772340324], [-1.5633539457339793, 54.88781809867942], [-1.5621107219485566, 54.88709944600123], [-1.5608674981631339, 54.88709944600123], [-1.5602458862704225, 54.886740119662136], [-1.5614891100558452, 54.88602146698395], [-1.5614891100558452, 54.88530281430576], [-1.5621107219485566, 54.884943487966666], [-1.5633539457339793, 54.885662140644854], [-1.564597169519402, 54.885662140644854], [-1.5652187814121135, 54.88530281430576], [-1.5652187814121135, 54.88458416162757], [-1.564597169519402, 54.88422483528848], [-1.5596242743777111, 54.88422483528848], [-1.5590026624849997, 54.88458416162757], [-1.5590026624849997, 54.88817742501851], [-1.557759438699577, 54.8888960776967], [-1.557759438699577, 54.890333383053076], [-1.5590026624849997, 54.89105203573126], [-1.5590026624849997, 54.89177068840945], [-1.5583810505922884, 54.892130014748545], [-1.5571378268068656, 54.892130014748545], [-1.5552729911287315, 54.89320799376583], [-1.5552729911287315, 54.8946452991222], [-1.5546513792360201, 54.8950046254613], [-1.5534081554505974, 54.89428597278311], [-1.5521649316651747, 54.89428597278311], [-1.550921707879752, 54.89356732010492], [-1.5496784840943292, 54.89356732010492], [-1.5490568722016178, 54.893926646444015], [-1.5490568722016178, 54.89536395180039], [-1.547813648416195, 54.89608260447858], [-1.547813648416195, 54.89680125715677], [-1.5484352603089064, 54.89716058349586], [-1.5496784840943292, 54.89716058349586], [-1.550921707879752, 54.89644193081767], [-1.5515433197724633, 54.89680125715677], [-1.5515433197724633, 54.897519909834955], [-1.5534081554505974, 54.89859788885224], [-1.5546513792360201, 54.89787923617405], [-1.5552729911287315, 54.89823856251314], [-1.5540297673433088, 54.89895721519133], [-1.5552729911287315, 54.89967586786952], [-1.5521649316651747, 54.90147249956499], [-1.550921707879752, 54.9007538468868], [-1.5496784840943292, 54.9007538468868], [-1.5484352603089064, 54.90147249956499], [-1.5471920365234837, 54.90147249956499], [-1.5465704246307723, 54.90183182590408], [-1.547813648416195, 54.90255047858227], [-1.5465704246307723, 54.90326913126046], [-1.547813648416195, 54.903987783938646], [-1.545948812738061, 54.90506576295593], [-1.5447055889526382, 54.90434711027774], [-1.5440839770599268, 54.904706436616834], [-1.5440839770599268, 54.90542508929502], [-1.5453272008453496, 54.90614374197321], [-1.5440839770599268, 54.9068623946514], [-1.5440839770599268, 54.907581047329586], [-1.5453272008453496, 54.908299700007774], [-1.5453272008453496, 54.90901835268596], [-1.5440839770599268, 54.90973700536415], [-1.5440839770599268, 54.911892963398714], [-1.545948812738061, 54.912970942415996], [-1.5471920365234837, 54.91225228973781], [-1.5484352603089064, 54.91225228973781], [-1.5490568722016178, 54.911892963398714], [-1.5490568722016178, 54.911174310720526], [-1.550921707879752, 54.910096331703244], [-1.5534081554505974, 54.910096331703244], [-1.5540297673433088, 54.90973700536415], [-1.5540297673433088, 54.908299700007774], [-1.5546513792360201, 54.90794037366868], [-1.555894603021443, 54.90794037366868], [-1.5565162149141543, 54.908299700007774], [-1.5565162149141543, 54.91045565804234], [-1.5571378268068656, 54.91081498438143], [-1.5583810505922884, 54.91081498438143], [-1.5608674981631339, 54.91225228973781], [-1.5633539457339793, 54.91225228973781], [-1.5639755576266907, 54.9126116160769], [-1.5639755576266907, 54.91333026875509], [-1.564597169519402, 54.91368959509418], [-1.5664620051975362, 54.9126116160769], [-1.5664620051975362, 54.9068623946514], [-1.567705228982959, 54.90614374197321], [-1.5670836170902476, 54.905784415634116], [-1.5658403933048248, 54.905784415634116], [-1.5639755576266907, 54.904706436616834], [-1.5664620051975362, 54.90326913126046], [-1.5664620051975362, 54.90255047858227], [-1.5652187814121135, 54.90183182590408], [-1.5664620051975362, 54.901113173225895], [-1.5664620051975362, 54.90039452054771], [-1.567705228982959, 54.89967586786952], [-1.567705228982959, 54.89823856251314], [-1.5664620051975362, 54.897519909834955], [-1.5670836170902476, 54.89716058349586], [-1.5683268408756703, 54.89787923617405], [-1.569570064661093, 54.89787923617405], [-1.5701916765538044, 54.897519909834955], [-1.567705228982959, 54.89608260447858], [-1.567705228982959, 54.89536395180039], [-1.5683268408756703, 54.8950046254613], [-1.569570064661093, 54.8950046254613], [-1.5708132884465158, 54.89428597278311], [-1.5720565122319385, 54.8950046254613], [-1.57267812412465, 54.8946452991222], [-1.57267812412465, 54.893926646444015], [-1.5720565122319385, 54.89356732010492], [-1.5708132884465158, 54.89356732010492], [-1.5701916765538044, 54.89320799376583], [-1.5701916765538044, 54.89177068840945], [-1.57267812412465, 54.890333383053076], [-1.57267812412465, 54.8888960776967], [-1.5751645716954954, 54.887458772340324], [-1.5751645716954954, 54.886740119662136], [-1.5739213479100727, 54.88602146698395], [-1.574542959802784, 54.885662140644854], [-1.5757861835882068, 54.885662140644854], [-1.5770294073736295, 54.88638079332304], [-1.5782726311590523, 54.885662140644854], [-1.5801374668371864, 54.886740119662136], [-1.5801374668371864, 54.88817742501851], [-1.581380690622609, 54.8888960776967], [-1.5807590787298977, 54.889255404035794], [-1.579515854944475, 54.888536751357606], [-1.5788942430517636, 54.8888960776967], [-1.5788942430517636, 54.88961473037489], [-1.579515854944475, 54.88997405671398], [-1.5820023025153205, 54.88997405671398], [-1.5826239144080319, 54.890333383053076], [-1.5826239144080319, 54.89105203573126], [-1.5832455263007432, 54.89141136207036], [-1.5838671381934546, 54.89105203573126], [-1.5838671381934546, 54.890333383053076], [-1.5857319738715887, 54.889255404035794], [-1.5869751976570114, 54.889255404035794], [-1.5882184214424342, 54.888536751357606], [-1.589461645227857, 54.889255404035794], [-1.5907048690132797, 54.889255404035794], [-1.591326480905991, 54.88961473037489], [-1.591326480905991, 54.890333383053076], [-1.5919480927987024, 54.89069270939217], [-1.594434540369548, 54.89069270939217], [-1.5950561522622593, 54.890333383053076], [-1.5938129284768365, 54.88961473037489], [-1.5938129284768365, 54.88817742501851], [-1.591326480905991, 54.886740119662136], [-1.5925697046914138, 54.88602146698395], [-1.5925697046914138, 54.88530281430576], [-1.5938129284768365, 54.88458416162757], [-1.5938129284768365, 54.883865508949384], [-1.596299376047682, 54.88242820359301], [-1.5956777641549706, 54.882068877253914], [-1.594434540369548, 54.882068877253914], [-1.5931913165841252, 54.8827875299321], [-1.5925697046914138, 54.88242820359301], [-1.5925697046914138, 54.88170955091482], [-1.5938129284768365, 54.88099089823663], [-1.5925697046914138, 54.880272245558444], [-1.5931913165841252, 54.87991291921935], [-1.5956777641549706, 54.87991291921935], [-1.5975425998331048, 54.87883494020207], [-1.5975425998331048, 54.87811628752388], [-1.596299376047682, 54.87739763484569], [-1.5987858236185275, 54.87596032948932], [-1.5987858236185275, 54.87380437145475], [-1.5994074355112389, 54.87344504511566], [-1.603137106867507, 54.87344504511566], [-1.6037587187602185, 54.873085718776565], [-1.6037587187602185, 54.87236706609838], [-1.6043803306529298, 54.87200773975928], [-1.6056235544383526, 54.87200773975928], [-1.6074883901164867, 54.873085718776565], [-1.6037587187602185, 54.87524167681113], [-1.6037587187602185, 54.876678982167505], [-1.6050019425456412, 54.87739763484569], [-1.6050019425456412, 54.87883494020207], [-1.6025154949747957, 54.880272245558444], [-1.6025154949747957, 54.88170955091482], [-1.601272271189373, 54.88242820359301], [-1.601272271189373, 54.883865508949384], [-1.6037587187602185, 54.88530281430576], [-1.6037587187602185, 54.88602146698395], [-1.6025154949747957, 54.886740119662136], [-1.6050019425456412, 54.88817742501851], [-1.6037587187602185, 54.8888960776967], [-1.6037587187602185, 54.89177068840945], [-1.6043803306529298, 54.892130014748545], [-1.6050019425456412, 54.89177068840945], [-1.6050019425456412, 54.89105203573126], [-1.6056235544383526, 54.89069270939217], [-1.6074883901164867, 54.89177068840945], [-1.6074883901164867, 54.89248934108764], [-1.6068667782237753, 54.89284866742673], [-1.6043803306529298, 54.89284866742673], [-1.6000290474039502, 54.89536395180039], [-1.601272271189373, 54.89608260447858], [-1.5994074355112389, 54.89716058349586], [-1.5969209879403934, 54.895723278139485], [-1.596299376047682, 54.89608260447858], [-1.596299376047682, 54.89680125715677], [-1.5956777641549706, 54.89716058349586], [-1.594434540369548, 54.89716058349586], [-1.5919480927987024, 54.89859788885224], [-1.589461645227857, 54.89859788885224], [-1.5888400333351456, 54.89895721519133], [-1.5900832571205683, 54.89967586786952], [-1.5888400333351456, 54.90039452054771], [-1.5888400333351456, 54.901113173225895], [-1.5882184214424342, 54.90147249956499], [-1.5869751976570114, 54.90147249956499], [-1.5863535857643, 54.90183182590408], [-1.5869751976570114, 54.90219115224318], [-1.5882184214424342, 54.90219115224318], [-1.5888400333351456, 54.90255047858227], [-1.5888400333351456, 54.90326913126046], [-1.589461645227857, 54.90362845759955], [-1.5907048690132797, 54.902909804921364], [-1.5919480927987024, 54.902909804921364], [-1.5925697046914138, 54.90326913126046], [-1.5925697046914138, 54.904706436616834], [-1.5938129284768365, 54.90542508929502], [-1.5938129284768365, 54.90614374197321], [-1.5950561522622593, 54.9068623946514], [-1.5950561522622593, 54.90973700536415], [-1.594434540369548, 54.910096331703244], [-1.5919480927987024, 54.910096331703244], [-1.5900832571205683, 54.911174310720526], [-1.5900832571205683, 54.911892963398714], [-1.591326480905991, 54.9126116160769], [-1.591326480905991, 54.91333026875509], [-1.5919480927987024, 54.91368959509418], [-1.5931913165841252, 54.91368959509418], [-1.5938129284768365, 54.91404892143328], [-1.5938129284768365, 54.91620487946784], [-1.594434540369548, 54.916564205806935], [-1.5956777641549706, 54.916564205806935], [-1.596299376047682, 54.91692353214603], [-1.596299376047682, 54.91764218482422], [-1.5969209879403934, 54.91800151116331], [-1.5981642117258161, 54.91800151116331], [-1.5987858236185275, 54.91764218482422], [-1.5987858236185275, 54.91548622678965], [-1.5994074355112389, 54.91512690045056], [-1.601272271189373, 54.91620487946784], [-1.6000290474039502, 54.91692353214603], [-1.601272271189373, 54.91764218482422], [-1.601272271189373, 54.918360837502405], [-1.6000290474039502, 54.91907949018059], [-1.6000290474039502, 54.91979814285878], [-1.6006506592966616, 54.920157469197875], [-1.6018938830820844, 54.91943881651969], [-1.603137106867507, 54.91943881651969], [-1.6037587187602185, 54.91907949018059], [-1.6037587187602185, 54.91764218482422], [-1.6025154949747957, 54.91692353214603], [-1.6025154949747957, 54.91620487946784], [-1.603137106867507, 54.91584555312875], [-1.6043803306529298, 54.91584555312875], [-1.6050019425456412, 54.91548622678965], [-1.6050019425456412, 54.914767574111465], [-1.6056235544383526, 54.91440824777237], [-1.608110002009198, 54.91440824777237], [-1.6087316139019094, 54.91404892143328], [-1.6087316139019094, 54.91333026875509], [-1.6093532257946208, 54.912970942415996], [-1.6105964495800436, 54.912970942415996], [-1.611218061472755, 54.91333026875509], [-1.6099748376873322, 54.91404892143328], [-1.611218061472755, 54.914767574111465], [-1.611218061472755, 54.91548622678965], [-1.6124612852581777, 54.91620487946784], [-1.6124612852581777, 54.91692353214603], [-1.613082897150889, 54.91728285848512], [-1.6205422398634255, 54.91728285848512], [-1.6217854636488482, 54.91800151116331], [-1.6242719112196937, 54.91800151116331], [-1.624893523112405, 54.918360837502405], [-1.624893523112405, 54.91907949018059], [-1.6224070755415596, 54.92051679553697], [-1.6224070755415596, 54.92123544821516], [-1.623028687434271, 54.92159477455425], [-1.6242719112196937, 54.92159477455425], [-1.624893523112405, 54.921954100893345], [-1.624893523112405, 54.92267275357153], [-1.6236502993269823, 54.92339140624972], [-1.6242719112196937, 54.923750732588815], [-1.6255151350051165, 54.923750732588815], [-1.6261367468978278, 54.92411005892791], [-1.6261367468978278, 54.92770332231885], [-1.6267583587905392, 54.92806264865794], [-1.6304880301468074, 54.92806264865794], [-1.6311096420395188, 54.928421974997036], [-1.6311096420395188, 54.92985928035341], [-1.6323528658249415, 54.9305779330316], [-1.6323528658249415, 54.93129658570979], [-1.632974477717653, 54.93165591204888], [-1.6379473728593439, 54.93165591204888], [-1.6385689847520553, 54.93129658570979], [-1.6385689847520553, 54.92985928035341], [-1.6404338204301894, 54.92878130133613], [-1.6416770442156121, 54.92949995401432], [-1.6429202680010349, 54.92878130133613], [-1.644785103679169, 54.92985928035341], [-1.644785103679169, 54.932015238387976], [-1.6435418798937462, 54.932733891066164], [-1.6435418798937462, 54.93417119642254], [-1.6441634917864576, 54.934530522761634], [-1.6454067155718803, 54.934530522761634], [-1.6460283274645917, 54.93417119642254], [-1.6460283274645917, 54.93345254374435], [-1.646649939357303, 54.93309321740526], [-1.6478931631427258, 54.93309321740526], [-1.64975799882086, 54.932015238387976], [-1.6485147750354372, 54.93129658570979], [-1.6485147750354372, 54.928421974997036], [-1.6478931631427258, 54.92806264865794], [-1.646649939357303, 54.92806264865794], [-1.6460283274645917, 54.92770332231885], [-1.6460283274645917, 54.92626601696247], [-1.6478931631427258, 54.92518803794519], [-1.6491363869281486, 54.92590669062338], [-1.6503796107135713, 54.92590669062338], [-1.6528660582844168, 54.924469385267], [-1.6553525058552623, 54.924469385267], [-1.6559741177479737, 54.92411005892791], [-1.6559741177479737, 54.92339140624972], [-1.656595729640685, 54.92303207991063], [-1.6578389534261078, 54.92303207991063], [-1.6584605653188191, 54.92267275357153], [-1.6584605653188191, 54.921954100893345], [-1.6572173415333964, 54.92123544821516], [-1.6572173415333964, 54.92051679553697], [-1.6590821772115305, 54.91943881651969], [-1.6628118485677987, 54.91943881651969], [-1.6652982961386442, 54.91800151116331], [-1.666541519924067, 54.91800151116331], [-1.6671631318167783, 54.91764218482422], [-1.6671631318167783, 54.91620487946784], [-1.668406355602201, 54.91548622678965], [-1.668406355602201, 54.91404892143328], [-1.6696495793876238, 54.91333026875509], [-1.6690279674949124, 54.912970942415996], [-1.6677847437094897, 54.912970942415996], [-1.6659199080313556, 54.911892963398714], [-1.6659199080313556, 54.90973700536415], [-1.6652982961386442, 54.909377679025056], [-1.6640550723532215, 54.909377679025056], [-1.6597037891042419, 54.9068623946514], [-1.6597037891042419, 54.90614374197321], [-1.6603254009969532, 54.905784415634116], [-1.6628118485677987, 54.905784415634116], [-1.66343346046051, 54.90542508929502], [-1.6621902366750874, 54.904706436616834], [-1.6621902366750874, 54.90255047858227], [-1.6609470128896646, 54.90183182590408], [-1.6628118485677987, 54.9007538468868], [-1.6640550723532215, 54.9007538468868], [-1.6652982961386442, 54.90003519420861], [-1.666541519924067, 54.90003519420861], [-1.6671631318167783, 54.90039452054771], [-1.6671631318167783, 54.901113173225895], [-1.6677847437094897, 54.90147249956499], [-1.6690279674949124, 54.90147249956499], [-1.6696495793876238, 54.901113173225895], [-1.6696495793876238, 54.90039452054771], [-1.6708928031730466, 54.89967586786952], [-1.6671631318167783, 54.897519909834955], [-1.668406355602201, 54.89680125715677], [-1.668406355602201, 54.89608260447858], [-1.6696495793876238, 54.89536395180039], [-1.6696495793876238, 54.893926646444015], [-1.6702711912803352, 54.89356732010492], [-1.671514415065758, 54.89356732010492], [-1.6752440864220262, 54.895723278139485], [-1.6758656983147375, 54.89536395180039], [-1.6758656983147375, 54.8946452991222], [-1.6746224745293148, 54.893926646444015], [-1.6746224745293148, 54.89320799376583], [-1.6752440864220262, 54.89284866742673], [-1.676487310207449, 54.89284866742673], [-1.6771089221001603, 54.89248934108764], [-1.6771089221001603, 54.88961473037489], [-1.6795953696710058, 54.88817742501851], [-1.6795953696710058, 54.88602146698395], [-1.678352145885583, 54.88530281430576], [-1.6789737577782944, 54.884943487966666], [-1.6802169815637171, 54.884943487966666], [-1.6808385934564285, 54.88458416162757], [-1.6808385934564285, 54.883865508949384], [-1.6802169815637171, 54.88350618261029], [-1.6789737577782944, 54.88350618261029], [-1.678352145885583, 54.883146856271196], [-1.678352145885583, 54.88170955091482], [-1.6795953696710058, 54.88099089823663], [-1.6795953696710058, 54.87883494020207], [-1.6808385934564285, 54.87811628752388], [-1.6789737577782944, 54.8770383085066], [-1.6777305339928716, 54.87775696118479], [-1.676487310207449, 54.8770383085066], [-1.6752440864220262, 54.8770383085066], [-1.6740008626366034, 54.87775696118479], [-1.6727576388511807, 54.87775696118479], [-1.6708928031730466, 54.876678982167505], [-1.6708928031730466, 54.87524167681113], [-1.6696495793876238, 54.87452302413294], [-1.6696495793876238, 54.873085718776565], [-1.6721360269584693, 54.87164841342019], [-1.6721360269584693, 54.87021110806381], [-1.6758656983147375, 54.86805515002925], [-1.6758656983147375, 54.86733649735106], [-1.676487310207449, 54.86697717101197], [-1.6777305339928716, 54.86697717101197], [-1.6802169815637171, 54.86841447636834], [-1.6839466529199854, 54.86841447636834], [-1.685189876705408, 54.867695823690156], [-1.6914059956325218, 54.867695823690156], [-1.6938924432033673, 54.86913312904653], [-1.69513566698879, 54.86913312904653], [-1.6970005026669241, 54.86805515002925], [-1.6970005026669241, 54.86733649735106], [-1.6976221145596355, 54.86697717101197], [-1.6988653383450583, 54.86697717101197], [-1.700108562130481, 54.867695823690156], [-1.7013517859159037, 54.867695823690156], [-1.7019733978086151, 54.86805515002925], [-1.7019733978086151, 54.87021110806381], [-1.7013517859159037, 54.87057043440291], [-1.700108562130481, 54.87057043440291], [-1.6994869502377696, 54.870929760742], [-1.6994869502377696, 54.87164841342019], [-1.698243726452347, 54.87236706609838], [-1.698243726452347, 54.873085718776565], [-1.6970005026669241, 54.87380437145475], [-1.698243726452347, 54.87452302413294], [-1.6957572788815014, 54.87596032948932], [-1.6957572788815014, 54.876678982167505], [-1.6976221145596355, 54.87775696118479], [-1.6988653383450583, 54.87775696118479], [-1.6994869502377696, 54.87811628752388], [-1.6976221145596355, 54.87919426654116], [-1.69513566698879, 54.87919426654116], [-1.6945140550960787, 54.87955359288026], [-1.6945140550960787, 54.880272245558444], [-1.69513566698879, 54.88063157189754], [-1.6976221145596355, 54.88063157189754], [-1.698243726452347, 54.88099089823663], [-1.6970005026669241, 54.88170955091482], [-1.6970005026669241, 54.88458416162757], [-1.698243726452347, 54.88530281430576], [-1.698243726452347, 54.88602146698395], [-1.6976221145596355, 54.88638079332304], [-1.69513566698879, 54.88638079332304], [-1.6945140550960787, 54.886740119662136], [-1.6945140550960787, 54.88817742501851], [-1.6963788907742128, 54.889255404035794], [-1.6988653383450583, 54.889255404035794], [-1.6994869502377696, 54.8888960776967], [-1.6994869502377696, 54.88817742501851], [-1.700108562130481, 54.88781809867942], [-1.7013517859159037, 54.88781809867942], [-1.7019733978086151, 54.88817742501851], [-1.7007301740231924, 54.8888960776967], [-1.7007301740231924, 54.89248934108764], [-1.700108562130481, 54.89284866742673], [-1.6938924432033673, 54.89284866742673], [-1.6920276075252332, 54.893926646444015], [-1.6926492194179446, 54.89428597278311], [-1.69513566698879, 54.89428597278311], [-1.6957572788815014, 54.8946452991222], [-1.6957572788815014, 54.89680125715677], [-1.69513566698879, 54.89716058349586], [-1.6938924432033673, 54.89716058349586], [-1.693270831310656, 54.897519909834955], [-1.6945140550960787, 54.89823856251314], [-1.6945140550960787, 54.901113173225895], [-1.6938924432033673, 54.90147249956499], [-1.6926492194179446, 54.90147249956499], [-1.6920276075252332, 54.90183182590408], [-1.6920276075252332, 54.90255047858227], [-1.693270831310656, 54.90326913126046], [-1.693270831310656, 54.903987783938646], [-1.6926492194179446, 54.90434711027774], [-1.6914059956325218, 54.90362845759955], [-1.6889195480616763, 54.90362845759955], [-1.688297936168965, 54.903987783938646], [-1.688297936168965, 54.90542508929502], [-1.6870547123835422, 54.90614374197321], [-1.6870547123835422, 54.911174310720526], [-1.6876763242762536, 54.91153363705962], [-1.6889195480616763, 54.91153363705962], [-1.6895411599543877, 54.911174310720526], [-1.6895411599543877, 54.90973700536415], [-1.690162771847099, 54.909377679025056], [-1.6914059956325218, 54.909377679025056], [-1.6926492194179446, 54.910096331703244], [-1.69513566698879, 54.910096331703244], [-1.6970005026669241, 54.90901835268596], [-1.6970005026669241, 54.908299700007774], [-1.6976221145596355, 54.90794037366868], [-1.6994869502377696, 54.90901835268596], [-1.6994869502377696, 54.90973700536415], [-1.700108562130481, 54.910096331703244], [-1.705081457272172, 54.910096331703244], [-1.7075679048430175, 54.90865902634687], [-1.7088111286284402, 54.90865902634687], [-1.7094327405211516, 54.908299700007774], [-1.7094327405211516, 54.907581047329586], [-1.710054352413863, 54.90722172099049], [-1.7125407999847084, 54.90722172099049], [-1.7131624118774198, 54.9068623946514], [-1.7131624118774198, 54.90614374197321], [-1.7144056356628425, 54.90542508929502], [-1.7144056356628425, 54.904706436616834], [-1.715027247555554, 54.90434711027774], [-1.7162704713409767, 54.90434711027774], [-1.7175136951263994, 54.90506576295593], [-1.7187569189118221, 54.90506576295593], [-1.7193785308045335, 54.904706436616834], [-1.7193785308045335, 54.903987783938646], [-1.7200001426972449, 54.90362845759955], [-1.7212433664826676, 54.90362845759955], [-1.721864978375379, 54.90326913126046], [-1.7206217545899563, 54.90255047858227], [-1.7212433664826676, 54.90219115224318], [-1.723729814053513, 54.90219115224318], [-1.7243514259462245, 54.90255047858227], [-1.7243514259462245, 54.903987783938646], [-1.7249730378389359, 54.90434711027774], [-1.7255946497316472, 54.903987783938646], [-1.7255946497316472, 54.90183182590408], [-1.7262162616243586, 54.90147249956499], [-1.7280810973024927, 54.90255047858227], [-1.7280810973024927, 54.903987783938646], [-1.728702709195204, 54.90434711027774], [-1.7324323805514723, 54.90434711027774], [-1.7349188281223178, 54.905784415634116], [-1.7361620519077405, 54.905784415634116], [-1.7380268875858746, 54.904706436616834], [-1.7380268875858746, 54.903987783938646], [-1.738648499478586, 54.90362845759955], [-1.7423781708348542, 54.905784415634116], [-1.7442430065129884, 54.904706436616834], [-1.7442430065129884, 54.903987783938646], [-1.7448646184056997, 54.90362845759955], [-1.7473510659765452, 54.90362845759955], [-1.748594289761968, 54.902909804921364], [-1.7492159016546793, 54.90326913126046], [-1.7492159016546793, 54.904706436616834], [-1.7467294540838338, 54.90614374197321], [-1.7467294540838338, 54.9068623946514], [-1.7461078421911225, 54.90722172099049], [-1.7448646184056997, 54.90722172099049], [-1.7442430065129884, 54.9068623946514], [-1.7442430065129884, 54.90614374197321], [-1.743621394620277, 54.905784415634116], [-1.7429997827275656, 54.90614374197321], [-1.7429997827275656, 54.907581047329586], [-1.7411349470494315, 54.90865902634687], [-1.7398917232640088, 54.90794037366868], [-1.7374052756931633, 54.909377679025056], [-1.733675604336895, 54.909377679025056], [-1.7324323805514723, 54.910096331703244], [-1.7311891567660496, 54.910096331703244], [-1.7305675448733382, 54.90973700536415], [-1.7305675448733382, 54.90901835268596], [-1.7299459329806268, 54.90865902634687], [-1.7274594854097813, 54.90865902634687], [-1.723729814053513, 54.91081498438143], [-1.7224865902680904, 54.91081498438143], [-1.721864978375379, 54.91045565804234], [-1.721864978375379, 54.90973700536415], [-1.7212433664826676, 54.909377679025056], [-1.7200001426972449, 54.909377679025056], [-1.7193785308045335, 54.90973700536415], [-1.7193785308045335, 54.911174310720526], [-1.7187569189118221, 54.91153363705962], [-1.7125407999847084, 54.91153363705962], [-1.711919188091997, 54.911892963398714], [-1.711919188091997, 54.91333026875509], [-1.7144056356628425, 54.914767574111465], [-1.7144056356628425, 54.91620487946784], [-1.7131624118774198, 54.91692353214603], [-1.7131624118774198, 54.91764218482422], [-1.7112975761992857, 54.9187201638415], [-1.7106759643065743, 54.918360837502405], [-1.7106759643065743, 54.91692353214603], [-1.7094327405211516, 54.91620487946784], [-1.7094327405211516, 54.91548622678965], [-1.7088111286284402, 54.91512690045056], [-1.7075679048430175, 54.91512690045056], [-1.7063246810575947, 54.91584555312875], [-1.705081457272172, 54.91584555312875], [-1.7025950097013265, 54.91728285848512], [-1.7013517859159037, 54.91728285848512], [-1.6988653383450583, 54.9187201638415], [-1.6963788907742128, 54.91728285848512], [-1.6938924432033673, 54.91728285848512], [-1.693270831310656, 54.91764218482422], [-1.693270831310656, 54.918360837502405], [-1.6920276075252332, 54.91907949018059], [-1.6920276075252332, 54.92051679553697], [-1.6914059956325218, 54.92087612187606], [-1.690162771847099, 54.92087612187606], [-1.6889195480616763, 54.92159477455425], [-1.688297936168965, 54.92123544821516], [-1.688297936168965, 54.92051679553697], [-1.6895411599543877, 54.91979814285878], [-1.6895411599543877, 54.91907949018059], [-1.6876763242762536, 54.91800151116331], [-1.6858114885981195, 54.91907949018059], [-1.6858114885981195, 54.92267275357153], [-1.6864331004908308, 54.92303207991063], [-1.6889195480616763, 54.92303207991063], [-1.6895411599543877, 54.92339140624972], [-1.688297936168965, 54.92411005892791], [-1.688297936168965, 54.92626601696247], [-1.6889195480616763, 54.926625343301566], [-1.690162771847099, 54.92590669062338], [-1.6914059956325218, 54.92590669062338], [-1.6920276075252332, 54.92626601696247], [-1.6920276075252332, 54.92698466964066], [-1.690162771847099, 54.92806264865794], [-1.6889195480616763, 54.92806264865794], [-1.688297936168965, 54.928421974997036], [-1.688297936168965, 54.9305779330316], [-1.690162771847099, 54.93165591204888], [-1.6914059956325218, 54.93165591204888], [-1.6926492194179446, 54.930937259370694], [-1.6938924432033673, 54.930937259370694], [-1.6963788907742128, 54.92949995401432], [-1.6970005026669241, 54.92985928035341], [-1.6970005026669241, 54.93129658570979], [-1.6976221145596355, 54.93165591204888], [-1.6988653383450583, 54.93165591204888], [-1.6994869502377696, 54.932015238387976], [-1.698243726452347, 54.932733891066164], [-1.698243726452347, 54.93345254374435], [-1.6988653383450583, 54.933811870083446], [-1.700108562130481, 54.93309321740526], [-1.7032166215940379, 54.93488984910073], [-1.7032166215940379, 54.935608501778916], [-1.7038382334867492, 54.93596782811801], [-1.705081457272172, 54.93596782811801], [-1.7063246810575947, 54.93524917543982], [-1.7075679048430175, 54.93596782811801], [-1.7088111286284402, 54.93596782811801], [-1.710054352413863, 54.93524917543982], [-1.7125407999847084, 54.93524917543982], [-1.7137840237701312, 54.934530522761634], [-1.7144056356628425, 54.93488984910073], [-1.7144056356628425, 54.935608501778916], [-1.715027247555554, 54.93596782811801], [-1.7162704713409767, 54.93596782811801], [-1.716892083233688, 54.9363271544571], [-1.716892083233688, 54.93704580713529], [-1.7156488594482653, 54.93776445981348], [-1.7175136951263994, 54.93884243883076], [-1.7187569189118221, 54.93812378615257], [-1.7200001426972449, 54.93812378615257], [-1.7231082021608017, 54.9363271544571], [-1.7231082021608017, 54.935608501778916], [-1.7212433664826676, 54.934530522761634], [-1.7200001426972449, 54.934530522761634], [-1.7193785308045335, 54.93417119642254], [-1.7193785308045335, 54.93345254374435], [-1.7181353070191108, 54.932733891066164], [-1.7200001426972449, 54.93165591204888], [-1.723729814053513, 54.93165591204888], [-1.7243514259462245, 54.93129658570979], [-1.7243514259462245, 54.929140627675224], [-1.7249730378389359, 54.92878130133613], [-1.728702709195204, 54.92878130133613], [-1.7293243210879155, 54.928421974997036], [-1.7293243210879155, 54.92626601696247], [-1.7311891567660496, 54.92518803794519], [-1.733675604336895, 54.926625343301566], [-1.7349188281223178, 54.926625343301566], [-1.7355404400150292, 54.92626601696247], [-1.7355404400150292, 54.925547364284284], [-1.736783663800452, 54.9248287116061], [-1.7355404400150292, 54.92411005892791], [-1.7355404400150292, 54.92339140624972], [-1.7342972162296064, 54.92267275357153], [-1.7355404400150292, 54.921954100893345], [-1.7355404400150292, 54.92123544821516], [-1.736783663800452, 54.92051679553697], [-1.736783663800452, 54.91979814285878], [-1.7380268875858746, 54.91907949018059], [-1.7380268875858746, 54.91764218482422], [-1.736783663800452, 54.91692353214603], [-1.738648499478586, 54.91584555312875], [-1.7398917232640088, 54.91584555312875], [-1.7423781708348542, 54.91728285848512], [-1.743621394620277, 54.916564205806935], [-1.748594289761968, 54.916564205806935], [-1.7523239611182362, 54.9187201638415], [-1.7529455730109476, 54.918360837502405], [-1.7529455730109476, 54.91764218482422], [-1.753567184903659, 54.91728285848512], [-1.7548104086890817, 54.91728285848512], [-1.755432020581793, 54.91764218482422], [-1.755432020581793, 54.918360837502405], [-1.7572968562599272, 54.91943881651969], [-1.75854008004535, 54.91943881651969], [-1.7591616919380613, 54.91979814285878], [-1.7591616919380613, 54.92123544821516], [-1.7597833038307726, 54.92159477455425], [-1.7647561989724636, 54.92159477455425], [-1.7659994227578864, 54.92087612187606], [-1.767242646543309, 54.92159477455425], [-1.7684858703287318, 54.92159477455425], [-1.7691074822214432, 54.921954100893345], [-1.7678642584360205, 54.92267275357153], [-1.7678642584360205, 54.92339140624972], [-1.767242646543309, 54.923750732588815], [-1.7647561989724636, 54.923750732588815], [-1.7635129751870409, 54.92303207991063], [-1.7610265276161954, 54.92303207991063], [-1.7597833038307726, 54.92231342723244], [-1.75854008004535, 54.92231342723244], [-1.7579184681526385, 54.921954100893345], [-1.7579184681526385, 54.92123544821516], [-1.7572968562599272, 54.92087612187606], [-1.7560536324745044, 54.92087612187606], [-1.7548104086890817, 54.92159477455425], [-1.753567184903659, 54.92087612187606], [-1.7498375135473907, 54.92087612187606], [-1.748594289761968, 54.92159477455425], [-1.7461078421911225, 54.92159477455425], [-1.7429997827275656, 54.92339140624972], [-1.7448646184056997, 54.924469385267], [-1.7461078421911225, 54.924469385267], [-1.7479726778692566, 54.925547364284284], [-1.7479726778692566, 54.92626601696247], [-1.7492159016546793, 54.92698466964066], [-1.7467294540838338, 54.928421974997036], [-1.7467294540838338, 54.92985928035341], [-1.7417565589421429, 54.932733891066164], [-1.7417565589421429, 54.93345254374435], [-1.7411349470494315, 54.933811870083446], [-1.7374052756931633, 54.933811870083446], [-1.7355404400150292, 54.93488984910073], [-1.7355404400150292, 54.935608501778916], [-1.7349188281223178, 54.93596782811801], [-1.733675604336895, 54.93596782811801], [-1.7330539924441837, 54.9363271544571], [-1.7349188281223178, 54.937405133474385], [-1.7361620519077405, 54.937405133474385], [-1.736783663800452, 54.93776445981348], [-1.736783663800452, 54.93848311249167], [-1.7355404400150292, 54.939201765169855], [-1.7355404400150292, 54.94135772320442], [-1.7349188281223178, 54.94171704954351], [-1.728702709195204, 54.94171704954351], [-1.7262162616243586, 54.94315435489989], [-1.7249730378389359, 54.9424357022217], [-1.7231082021608017, 54.94351368123898], [-1.7231082021608017, 54.94423233391717], [-1.721864978375379, 54.94495098659536], [-1.721864978375379, 54.94782559730811], [-1.7212433664826676, 54.948184923647204], [-1.7187569189118221, 54.948184923647204], [-1.7175136951263994, 54.94746627096902], [-1.7125407999847084, 54.94746627096902], [-1.7106759643065743, 54.9485442499863], [-1.7106759643065743, 54.949262902664486], [-1.7081895167357288, 54.95070020802086], [-1.7081895167357288, 54.9542934714118], [-1.7057030691648833, 54.95573077676818], [-1.7057030691648833, 54.956449429446366], [-1.7044598453794606, 54.957168082124554], [-1.7063246810575947, 54.958246061141836], [-1.7075679048430175, 54.958246061141836], [-1.7081895167357288, 54.95788673480274], [-1.7081895167357288, 54.957168082124554], [-1.7088111286284402, 54.95680875578546], [-1.7112975761992857, 54.95680875578546], [-1.711919188091997, 54.957168082124554], [-1.711919188091997, 54.960042692837305], [-1.7125407999847084, 54.9604020191764], [-1.7137840237701312, 54.9604020191764], [-1.7144056356628425, 54.960042692837305], [-1.7144056356628425, 54.95932404015912], [-1.715027247555554, 54.95896471382002], [-1.7162704713409767, 54.95896471382002], [-1.7175136951263994, 54.958246061141836], [-1.7200001426972449, 54.958246061141836], [-1.7206217545899563, 54.95788673480274], [-1.7206217545899563, 54.957168082124554], [-1.7212433664826676, 54.95680875578546], [-1.7249730378389359, 54.95680875578546], [-1.7255946497316472, 54.957168082124554], [-1.7249730378389359, 54.95752740846365], [-1.7224865902680904, 54.95752740846365], [-1.721864978375379, 54.95788673480274], [-1.721864978375379, 54.960042692837305], [-1.7206217545899563, 54.96076134551549], [-1.7206217545899563, 54.96219865087187], [-1.7224865902680904, 54.96327662988915], [-1.723729814053513, 54.96327662988915], [-1.7249730378389359, 54.96255797721096], [-1.72683787351707, 54.963635956228245], [-1.72683787351707, 54.96435460890643], [-1.7274594854097813, 54.96471393524553], [-1.7299459329806268, 54.96471393524553], [-1.731810768658761, 54.96579191426281], [-1.731810768658761, 54.967229219619185], [-1.733675604336895, 54.96830719863647], [-1.7349188281223178, 54.96758854595828], [-1.7361620519077405, 54.96758854595828], [-1.736783663800452, 54.96794787229737], [-1.736783663800452, 54.96866652497556], [-1.738648499478586, 54.96974450399284], [-1.7423781708348542, 54.96974450399284], [-1.7448646184056997, 54.97118180934922], [-1.7473510659765452, 54.97118180934922], [-1.7479726778692566, 54.97154113568831], [-1.7479726778692566, 54.9722597883665], [-1.7467294540838338, 54.97297844104469], [-1.7467294540838338, 54.973697093722876], [-1.7461078421911225, 54.97405642006197], [-1.7423781708348542, 54.97405642006197], [-1.7411349470494315, 54.97333776738378], [-1.7398917232640088, 54.97333776738378], [-1.738648499478586, 54.972619114705594], [-1.7361620519077405, 54.972619114705594], [-1.7349188281223178, 54.97333776738378], [-1.7342972162296064, 54.97297844104469], [-1.7342972162296064, 54.9722597883665], [-1.733675604336895, 54.971900462027406], [-1.7324323805514723, 54.971900462027406], [-1.7311891567660496, 54.972619114705594], [-1.7299459329806268, 54.972619114705594], [-1.728702709195204, 54.97333776738378], [-1.7274594854097813, 54.97333776738378], [-1.72683787351707, 54.97297844104469], [-1.7274594854097813, 54.97252928312082], [-1.7266824705438921, 54.97010383033194], [-1.725750052704825, 54.97010383033194], [-1.725750052704825, 54.97154113568831], [-1.7249730378389359, 54.971900462027406], [-1.723729814053513, 54.971900462027406], [-1.7231082021608017, 54.9722597883665], [-1.7243514259462245, 54.97297844104469], [-1.7243514259462245, 54.974415746401064], [-1.723729814053513, 54.97477507274016], [-1.7224865902680904, 54.97477507274016], [-1.721864978375379, 54.97513439907925], [-1.721864978375379, 54.97585305175744], [-1.723729814053513, 54.97693103077472], [-1.7249730378389359, 54.97693103077472], [-1.7274594854097813, 54.9783683361311], [-1.728702709195204, 54.9783683361311], [-1.7299459329806268, 54.97764968345291], [-1.731810768658761, 54.97872766247019], [-1.7305675448733382, 54.97944631514838], [-1.7305675448733382, 54.98016496782657], [-1.7311891567660496, 54.98052429416566], [-1.733675604336895, 54.98052429416566], [-1.7342972162296064, 54.98016496782657], [-1.7342972162296064, 54.97944631514838], [-1.7349188281223178, 54.979086988809286], [-1.7374052756931633, 54.979086988809286], [-1.7411349470494315, 54.98043446258089], [-1.7461078421911225, 54.981871767937264], [-1.7473510659765452, 54.98196159952204], [-1.7479726778692566, 54.98232092586113], [-1.7479726778692566, 54.98591418925207], [-1.745486230298411, 54.98735149460845], [-1.745486230298411, 54.988070147286635], [-1.7461078421911225, 54.98842947362573], [-1.7560536324745044, 54.98842947362573], [-1.75854008004535, 54.989866778982105], [-1.7622697514016181, 54.989866778982105], [-1.7635129751870409, 54.99058543166029], [-1.7659994227578864, 54.99058543166029], [-1.7697290941141546, 54.99274138969486], [-1.7709723178995773, 54.99274138969486], [-1.772215541685, 54.993460042373044], [-1.7734587654704228, 54.99274138969486], [-1.7759452130412683, 54.99274138969486], [-1.7765668249339797, 54.99310071603395], [-1.7765668249339797, 54.99381936871214]], [[-1.6192990160780028, 55.07826105839922], [-1.6199206279707141, 55.07790173206013], [-1.6199206279707141, 55.07646442670375], [-1.6186774041852914, 55.07574577402556], [-1.6186774041852914, 55.075027121347375], [-1.6174341803998686, 55.07430846866919], [-1.6199206279707141, 55.07287116331281], [-1.6192990160780028, 55.07251183697372], [-1.61805579229258, 55.07251183697372], [-1.6174341803998686, 55.07215251063462], [-1.6174341803998686, 55.06927789992187], [-1.6186774041852914, 55.068559247243684], [-1.6186774041852914, 55.067840594565496], [-1.6174341803998686, 55.06712194188731], [-1.6174341803998686, 55.06568463653093], [-1.61805579229258, 55.06532531019184], [-1.6205422398634255, 55.06532531019184], [-1.6236502993269823, 55.06352867849637], [-1.6236502993269823, 55.06209137313999], [-1.6217854636488482, 55.06101339412271], [-1.61805579229258, 55.06101339412271], [-1.6155693447217345, 55.059576088766335], [-1.608110002009198, 55.059576088766335], [-1.6074883901164867, 55.05993541510543], [-1.6074883901164867, 55.06065406778362], [-1.608110002009198, 55.06101339412271], [-1.6093532257946208, 55.06101339412271], [-1.6099748376873322, 55.061372720461804], [-1.6099748376873322, 55.06281002581818], [-1.6093532257946208, 55.063169352157274], [-1.6068667782237753, 55.063169352157274], [-1.6043803306529298, 55.06460665751365], [-1.603137106867507, 55.06388800483546], [-1.6006506592966616, 55.06388800483546], [-1.6000290474039502, 55.064247331174556], [-1.6000290474039502, 55.064965983852744], [-1.5987858236185275, 55.06568463653093], [-1.5994074355112389, 55.066043962870026], [-1.6006506592966616, 55.066043962870026], [-1.601272271189373, 55.06640328920912], [-1.601272271189373, 55.06712194188731], [-1.6018938830820844, 55.0674812682264], [-1.6025154949747957, 55.06712194188731], [-1.6025154949747957, 55.06568463653093], [-1.603137106867507, 55.06532531019184], [-1.6037587187602185, 55.06568463653093], [-1.6037587187602185, 55.067840594565496], [-1.6025154949747957, 55.068559247243684], [-1.6025154949747957, 55.06999655260006], [-1.6018938830820844, 55.070355878939154], [-1.5994074355112389, 55.070355878939154], [-1.5987858236185275, 55.07071520527825], [-1.5987858236185275, 55.071433857956436], [-1.6000290474039502, 55.07215251063462], [-1.6000290474039502, 55.075027121347375], [-1.5994074355112389, 55.07538644768647], [-1.5969209879403934, 55.07538644768647], [-1.5950561522622593, 55.07646442670375], [-1.596299376047682, 55.07718307938194], [-1.5950561522622593, 55.07790173206013], [-1.5950561522622593, 55.08005769009469], [-1.5956777641549706, 55.080417016433785], [-1.5994074355112389, 55.080417016433785], [-1.6043803306529298, 55.08329162714654], [-1.6050019425456412, 55.08293230080744], [-1.6050019425456412, 55.082213648129255], [-1.6056235544383526, 55.08185432179016], [-1.6068667782237753, 55.08185432179016], [-1.6074883901164867, 55.08149499545107], [-1.6074883901164867, 55.08077634277288], [-1.608110002009198, 55.080417016433785], [-1.6093532257946208, 55.080417016433785], [-1.6099748376873322, 55.08077634277288], [-1.6099748376873322, 55.08149499545107], [-1.6105964495800436, 55.08185432179016], [-1.6118396733654663, 55.08185432179016], [-1.613082897150889, 55.08257297446835], [-1.6137045090436004, 55.082213648129255], [-1.6137045090436004, 55.0793390374165], [-1.6155693447217345, 55.07826105839922], [-1.6192990160780028, 55.07826105839922]], [[-1.5938129284768365, 55.046999666898046], [-1.594434540369548, 55.04735899323714], [-1.5956777641549706, 55.04735899323714], [-1.5975425998331048, 55.04843697225442], [-1.596299376047682, 55.04915562493261], [-1.596299376047682, 55.0498742776108], [-1.5981642117258161, 55.05095225662808], [-1.5994074355112389, 55.05095225662808], [-1.6006506592966616, 55.05167090930627], [-1.6043803306529298, 55.05167090930627], [-1.6056235544383526, 55.052389561984455], [-1.6105964495800436, 55.052389561984455], [-1.6124612852581777, 55.05131158296717], [-1.6118396733654663, 55.05095225662808], [-1.6105964495800436, 55.05095225662808], [-1.6087316139019094, 55.0498742776108], [-1.6087316139019094, 55.046999666898046], [-1.608110002009198, 55.04664034055895], [-1.6068667782237753, 55.04664034055895], [-1.6056235544383526, 55.04735899323714], [-1.6050019425456412, 55.046999666898046], [-1.6050019425456412, 55.04556236154167], [-1.608110002009198, 55.0437657298462], [-1.6105964495800436, 55.0437657298462], [-1.611218061472755, 55.043406403507106], [-1.6105964495800436, 55.04304707716801], [-1.608110002009198, 55.04304707716801], [-1.6074883901164867, 55.04268775082892], [-1.6074883901164867, 55.04196909815073], [-1.606245166331064, 55.04125044547254], [-1.606245166331064, 55.03909448743798], [-1.6068667782237753, 55.038735161098884], [-1.6093532257946208, 55.038735161098884], [-1.6099748376873322, 55.03837583475979], [-1.6093532257946208, 55.0380165084207], [-1.608110002009198, 55.0380165084207], [-1.6074883901164867, 55.0376571820816], [-1.6074883901164867, 55.036938529403415], [-1.606245166331064, 55.03621987672523], [-1.6074883901164867, 55.03550122404704], [-1.6074883901164867, 55.03406391869066], [-1.6087316139019094, 55.033345266012475], [-1.6087316139019094, 55.03262661333429], [-1.6093532257946208, 55.03226728699519], [-1.6118396733654663, 55.03226728699519], [-1.6124612852581777, 55.0319079606561], [-1.6124612852581777, 55.03118930797791], [-1.613082897150889, 55.03082998163882], [-1.61805579229258, 55.03082998163882], [-1.6186774041852914, 55.03047065529972], [-1.6186774041852914, 55.02903334994335], [-1.6155693447217345, 55.02723671824788], [-1.6149477328290232, 55.02759604458697], [-1.6149477328290232, 55.02831469726516], [-1.6143261209363118, 55.02867402360425], [-1.613082897150889, 55.02867402360425], [-1.6124612852581777, 55.02831469726516], [-1.6124612852581777, 55.02759604458697], [-1.611218061472755, 55.02687739190878], [-1.611218061472755, 55.02400278119603], [-1.6124612852581777, 55.023284128517844], [-1.6124612852581777, 55.02112817048328], [-1.6118396733654663, 55.020768844144186], [-1.6099748376873322, 55.02184682316147], [-1.6099748376873322, 55.022565475839656], [-1.6093532257946208, 55.02292480217875], [-1.6087316139019094, 55.022565475839656], [-1.6087316139019094, 55.02184682316147], [-1.6099748376873322, 55.02112817048328], [-1.6093532257946208, 55.020768844144186], [-1.6068667782237753, 55.020768844144186], [-1.6043803306529298, 55.02220614950056], [-1.603137106867507, 55.021487496822374], [-1.6018938830820844, 55.021487496822374], [-1.601272271189373, 55.02112817048328], [-1.601272271189373, 55.02040951780509], [-1.6025154949747957, 55.019690865126904], [-1.6025154949747957, 55.01825355977053], [-1.6018938830820844, 55.017894233431434], [-1.6000290474039502, 55.018972212448716], [-1.6000290474039502, 55.02472143387422], [-1.5987858236185275, 55.02544008655241], [-1.5987858236185275, 55.02687739190878], [-1.5981642117258161, 55.02723671824788], [-1.5969209879403934, 55.02723671824788], [-1.596299376047682, 55.02687739190878], [-1.596299376047682, 55.026158739230596], [-1.5956777641549706, 55.0257994128915], [-1.594434540369548, 55.02651806556969], [-1.5919480927987024, 55.02651806556969], [-1.5907048690132797, 55.0257994128915], [-1.5900832571205683, 55.026158739230596], [-1.5900832571205683, 55.02831469726516], [-1.591326480905991, 55.02903334994335], [-1.591326480905991, 55.029752002621535], [-1.5919480927987024, 55.03011132896063], [-1.594434540369548, 55.03011132896063], [-1.5956777641549706, 55.03082998163882], [-1.5981642117258161, 55.03082998163882], [-1.5994074355112389, 55.031548634317005], [-1.6006506592966616, 55.031548634317005], [-1.6025154949747957, 55.03262661333429], [-1.6025154949747957, 55.03550122404704], [-1.6018938830820844, 55.03586055038613], [-1.6006506592966616, 55.03586055038613], [-1.6000290474039502, 55.03621987672523], [-1.6000290474039502, 55.036938529403415], [-1.5994074355112389, 55.03729785574251], [-1.5981642117258161, 55.03729785574251], [-1.5975425998331048, 55.0376571820816], [-1.6000290474039502, 55.03909448743798], [-1.6000290474039502, 55.039813140116166], [-1.5987858236185275, 55.040531792794354], [-1.5987858236185275, 55.04125044547254], [-1.5981642117258161, 55.041609771811636], [-1.594434540369548, 55.041609771811636], [-1.5938129284768365, 55.04196909815073], [-1.5938129284768365, 55.04268775082892], [-1.5925697046914138, 55.043406403507106], [-1.5925697046914138, 55.04484370886348], [-1.5931913165841252, 55.045203035202576], [-1.594434540369548, 55.045203035202576], [-1.5950561522622593, 55.04556236154167], [-1.5950561522622593, 55.04628101421986], [-1.5938129284768365, 55.046999666898046]]], [[[-1.5776510192663409, 54.778942217933945], [-1.5776510192663409, 54.77822356525576], [-1.579515854944475, 54.777145586238476], [-1.5820023025153205, 54.777145586238476], [-1.5832455263007432, 54.77642693356029], [-1.5838671381934546, 54.77678625989938], [-1.5838671381934546, 54.77750491257757], [-1.584488750086166, 54.77786423891666], [-1.5851103619788773, 54.77822356525576], [-1.5851103619788773, 54.78109817596851], [-1.5832455263007432, 54.78217615498579], [-1.5807590787298977, 54.78217615498579], [-1.5801374668371864, 54.7818168286467], [-1.5801374668371864, 54.78109817596851], [-1.5788942430517636, 54.78037952329032], [-1.5788942430517636, 54.77966087061213], [-1.5776510192663409, 54.778942217933945]]], [[[-1.5154898299952038, 54.85440074914368], [-1.5167330537806265, 54.85368209646549], [-1.5167330537806265, 54.852244791109115], [-1.5173546656733379, 54.85188546477002], [-1.5185978894587606, 54.85188546477002], [-1.5204627251368947, 54.8529634437873], [-1.519219501351472, 54.85368209646549], [-1.519219501351472, 54.85440074914368], [-1.5198411132441834, 54.85476007548277], [-1.5204627251368947, 54.85511940182187], [-1.5204627251368947, 54.85727535985643], [-1.519219501351472, 54.85799401253462], [-1.519219501351472, 54.86014997056918], [-1.5185978894587606, 54.860509296908276], [-1.5173546656733379, 54.860509296908276], [-1.5161114418879151, 54.85979064423009], [-1.5148682181024924, 54.85979064423009], [-1.514246606209781, 54.86014997056918], [-1.5167330537806265, 54.86158727592556], [-1.5161114418879151, 54.86194660226465], [-1.512381770531647, 54.86194660226465], [-1.5111385467462242, 54.86266525494284], [-1.5086520991753787, 54.86266525494284], [-1.507408875389956, 54.86338390762103], [-1.5061656516045332, 54.86266525494284], [-1.5049224278191105, 54.86266525494284], [-1.5030575921409763, 54.86374323396012], [-1.5036792040336877, 54.864102560299216], [-1.5049224278191105, 54.864102560299216], [-1.5055440397118218, 54.86446188663831], [-1.504300815926399, 54.8651805393165], [-1.504300815926399, 54.865899191994686], [-1.5055440397118218, 54.866617844672874], [-1.5055440397118218, 54.86733649735106], [-1.504300815926399, 54.86805515002925], [-1.504300815926399, 54.86877380270744], [-1.5067872634972446, 54.87021110806381], [-1.5055440397118218, 54.870929760742], [-1.5055440397118218, 54.873085718776565], [-1.5067872634972446, 54.87380437145475], [-1.5067872634972446, 54.87452302413294], [-1.507408875389956, 54.874882350472035], [-1.5086520991753787, 54.874882350472035], [-1.50927371106809, 54.87524167681113], [-1.50927371106809, 54.87596032948932], [-1.5098953229608014, 54.87631965582841], [-1.5105169348535128, 54.87596032948932], [-1.5105169348535128, 54.87524167681113], [-1.5111385467462242, 54.874882350472035], [-1.512381770531647, 54.874882350472035], [-1.5148682181024924, 54.87631965582841], [-1.5161114418879151, 54.87560100315022], [-1.5167330537806265, 54.87596032948932], [-1.5154898299952038, 54.876678982167505], [-1.5154898299952038, 54.87955359288026], [-1.5167330537806265, 54.880272245558444], [-1.5167330537806265, 54.88099089823663], [-1.5161114418879151, 54.881350224575726], [-1.5154898299952038, 54.88099089823663], [-1.5154898299952038, 54.880272245558444], [-1.5148682181024924, 54.87991291921935], [-1.5136249943170696, 54.88063157189754], [-1.5130033824243583, 54.880272245558444], [-1.5130033824243583, 54.87955359288026], [-1.512381770531647, 54.87919426654116], [-1.5111385467462242, 54.87919426654116], [-1.5098953229608014, 54.87991291921935], [-1.507408875389956, 54.878475613862975], [-1.5036792040336877, 54.878475613862975], [-1.502435980248265, 54.87775696118479], [-1.4999495326774195, 54.87775696118479], [-1.4955982494284399, 54.87524167681113], [-1.4955982494284399, 54.87452302413294], [-1.4949766375357285, 54.87416369779385], [-1.4937334137503058, 54.87416369779385], [-1.492490189964883, 54.87344504511566], [-1.4912469661794603, 54.87344504511566], [-1.4887605186086148, 54.874882350472035], [-1.487517294823192, 54.874882350472035], [-1.4868956829304807, 54.87452302413294], [-1.4868956829304807, 54.87380437145475], [-1.4881389067159034, 54.873085718776565], [-1.487517294823192, 54.87272639243747], [-1.4850308472523466, 54.87272639243747], [-1.4837876234669238, 54.87200773975928], [-1.4831660115742125, 54.87236706609838], [-1.4831660115742125, 54.873085718776565], [-1.482544399681501, 54.87344504511566], [-1.4813011758960783, 54.87344504511566], [-1.4788147283252329, 54.87200773975928], [-1.4775715045398101, 54.87272639243747], [-1.4763282807543874, 54.87272639243747], [-1.475706668861676, 54.87236706609838], [-1.475706668861676, 54.87164841342019], [-1.4769498926470987, 54.870929760742], [-1.4763282807543874, 54.87057043440291], [-1.4750850569689646, 54.87057043440291], [-1.4732202212908305, 54.869492455385625], [-1.475706668861676, 54.86805515002925], [-1.475706668861676, 54.86733649735106], [-1.4744634450762533, 54.866617844672874], [-1.475706668861676, 54.865899191994686], [-1.475706668861676, 54.862305928603746], [-1.4750850569689646, 54.86194660226465], [-1.473841833183542, 54.86194660226465], [-1.4725986093981192, 54.861227949586464], [-1.4701121618272737, 54.861227949586464], [-1.4694905499345623, 54.86086862324737], [-1.4694905499345623, 54.859431317890994], [-1.468868938041851, 54.8590719915519], [-1.4663824904710054, 54.860509296908276], [-1.4651392666855827, 54.860509296908276], [-1.4645176547928713, 54.86014997056918], [-1.465760878578294, 54.859431317890994], [-1.465760878578294, 54.858712665212806], [-1.4651392666855827, 54.85835333887371], [-1.4626528191147372, 54.85835333887371], [-1.4620312072220258, 54.85799401253462], [-1.4620312072220258, 54.85655670717824], [-1.4626528191147372, 54.85619738083915], [-1.4651392666855827, 54.85619738083915], [-1.465760878578294, 54.855838054500055], [-1.465760878578294, 54.85511940182187], [-1.4663824904710054, 54.85476007548277], [-1.4676257142564282, 54.85476007548277], [-1.4682473261491396, 54.85440074914368], [-1.4670041023637168, 54.85368209646549], [-1.4670041023637168, 54.8529634437873], [-1.4676257142564282, 54.85260411744821], [-1.4682473261491396, 54.8529634437873], [-1.4682473261491396, 54.85368209646549], [-1.468868938041851, 54.854041422804585], [-1.4694905499345623, 54.85368209646549], [-1.4694905499345623, 54.852244791109115], [-1.4701121618272737, 54.85188546477002], [-1.4713553856126964, 54.85188546477002], [-1.4725986093981192, 54.85260411744821], [-1.473841833183542, 54.85260411744821], [-1.4744634450762533, 54.852244791109115], [-1.470733773719985, 54.85008883307455], [-1.470733773719985, 54.8472142223618], [-1.4701121618272737, 54.846854896022705], [-1.4663824904710054, 54.846854896022705], [-1.465760878578294, 54.84649556968361], [-1.4663824904710054, 54.84613624334452], [-1.4676257142564282, 54.84613624334452], [-1.4682473261491396, 54.84577691700542], [-1.4682473261491396, 54.845058264327236], [-1.4694905499345623, 54.84433961164905], [-1.4694905499345623, 54.84362095897086], [-1.4682473261491396, 54.84290230629267], [-1.4682473261491396, 54.842183653614484], [-1.4694905499345623, 54.841465000936296], [-1.4694905499345623, 54.84074634825811], [-1.4701121618272737, 54.840387021919014], [-1.4719769975054078, 54.841465000936296], [-1.4719769975054078, 54.84290230629267], [-1.4725986093981192, 54.843261632631766], [-1.473841833183542, 54.843261632631766], [-1.4744634450762533, 54.84362095897086], [-1.4744634450762533, 54.84433961164905], [-1.475706668861676, 54.845058264327236], [-1.475706668861676, 54.84649556968361], [-1.4769498926470987, 54.8472142223618], [-1.4769498926470987, 54.84793287503999], [-1.4775715045398101, 54.84829220137908], [-1.4788147283252329, 54.84829220137908], [-1.4794363402179442, 54.84793287503999], [-1.4781931164325215, 54.8472142223618], [-1.4800579521106556, 54.84613624334452], [-1.4813011758960783, 54.846854896022705], [-1.4850308472523466, 54.846854896022705], [-1.4862740710377693, 54.84757354870089], [-1.487517294823192, 54.84757354870089], [-1.4887605186086148, 54.84829220137908], [-1.4900037423940375, 54.84829220137908], [-1.490625354286749, 54.848651527718175], [-1.490625354286749, 54.84937018039636], [-1.4931118018575944, 54.85080748575274], [-1.4931118018575944, 54.852244791109115], [-1.4918685780721717, 54.8529634437873], [-1.4918685780721717, 54.85368209646549], [-1.490625354286749, 54.85440074914368], [-1.490625354286749, 54.85511940182187], [-1.4900037423940375, 54.85547872816096], [-1.4887605186086148, 54.85547872816096], [-1.487517294823192, 54.85619738083915], [-1.4862740710377693, 54.85619738083915], [-1.485652459145058, 54.85655670717824], [-1.487517294823192, 54.857634686195524], [-1.4887605186086148, 54.857634686195524], [-1.4918685780721717, 54.859431317890994], [-1.4918685780721717, 54.86014997056918], [-1.490625354286749, 54.86086862324737], [-1.4912469661794603, 54.861227949586464], [-1.4949766375357285, 54.861227949586464], [-1.4962198613211513, 54.86194660226465], [-1.497463085106574, 54.86194660226465], [-1.4980846969992854, 54.86158727592556], [-1.4980846969992854, 54.86014997056918], [-1.4999495326774195, 54.8590719915519], [-1.5049224278191105, 54.8590719915519], [-1.5061656516045332, 54.85835333887371], [-1.507408875389956, 54.8590719915519], [-1.5086520991753787, 54.8590719915519], [-1.50927371106809, 54.858712665212806], [-1.50927371106809, 54.85799401253462], [-1.5098953229608014, 54.857634686195524], [-1.5111385467462242, 54.857634686195524], [-1.512381770531647, 54.85691603351734], [-1.5136249943170696, 54.857634686195524], [-1.5161114418879151, 54.857634686195524], [-1.5167330537806265, 54.85727535985643], [-1.5167330537806265, 54.855838054500055], [-1.5154898299952038, 54.85511940182187], [-1.5154898299952038, 54.85440074914368]]], [[[-1.4166535390540957, 54.910096331703244], [-1.4178967628395185, 54.910096331703244], [-1.4185183747322299, 54.91045565804234], [-1.4185183747322299, 54.911174310720526], [-1.4191399866249412, 54.91153363705962], [-1.4216264341957867, 54.91153363705962], [-1.4228696579812095, 54.91081498438143], [-1.4234912698739208, 54.911174310720526], [-1.422248046088498, 54.911892963398714], [-1.422248046088498, 54.91404892143328], [-1.4216264341957867, 54.91440824777237], [-1.420383210410364, 54.91368959509418], [-1.4191399866249412, 54.91368959509418], [-1.4185183747322299, 54.91404892143328], [-1.4185183747322299, 54.914767574111465], [-1.4178967628395185, 54.91512690045056], [-1.4166535390540957, 54.91512690045056], [-1.415410315268673, 54.91584555312875], [-1.4147887033759616, 54.91548622678965], [-1.4147887033759616, 54.914767574111465], [-1.413545479590539, 54.91404892143328], [-1.413545479590539, 54.9126116160769], [-1.4123022558051161, 54.911892963398714], [-1.4123022558051161, 54.91045565804234], [-1.4141670914832503, 54.909377679025056], [-1.415410315268673, 54.909377679025056], [-1.4166535390540957, 54.910096331703244]]], [[[-1.3961403465946205, 54.893926646444015], [-1.3961403465946205, 54.89248934108764], [-1.3967619584873319, 54.892130014748545], [-1.3980051822727546, 54.892130014748545], [-1.3998700179508887, 54.89105203573126], [-1.3998700179508887, 54.890333383053076], [-1.398626794165466, 54.88961473037489], [-1.3992484060581774, 54.889255404035794], [-1.4004916298436, 54.889255404035794], [-1.4011132417363115, 54.8888960776967], [-1.4011132417363115, 54.88817742501851], [-1.4017348536290228, 54.88781809867942], [-1.4029780774144456, 54.88781809867942], [-1.403599689307157, 54.88817742501851], [-1.403599689307157, 54.890333383053076], [-1.4048429130925797, 54.89105203573126], [-1.4048429130925797, 54.89320799376583], [-1.4042213011998683, 54.89356732010492], [-1.4029780774144456, 54.89356732010492], [-1.4011132417363115, 54.8946452991222], [-1.4011132417363115, 54.89608260447858], [-1.4023564655217342, 54.89680125715677], [-1.4023564655217342, 54.89895721519133], [-1.405464524985291, 54.9007538468868], [-1.4067077487707138, 54.90003519420861], [-1.4091941963415593, 54.90003519420861], [-1.4098158082342707, 54.90039452054771], [-1.408572584448848, 54.901113173225895], [-1.408572584448848, 54.90255047858227], [-1.4079509725561365, 54.902909804921364], [-1.4073293606634252, 54.90255047858227], [-1.4073293606634252, 54.90183182590408], [-1.4067077487707138, 54.90147249956499], [-1.405464524985291, 54.90147249956499], [-1.4048429130925797, 54.90183182590408], [-1.4048429130925797, 54.90255047858227], [-1.4060861368780024, 54.90326913126046], [-1.4060861368780024, 54.903987783938646], [-1.4067077487707138, 54.90434711027774], [-1.410437420126982, 54.90434711027774], [-1.4110590320196934, 54.904706436616834], [-1.410437420126982, 54.90506576295593], [-1.4091941963415593, 54.90506576295593], [-1.408572584448848, 54.90542508929502], [-1.4098158082342707, 54.90614374197321], [-1.4098158082342707, 54.9068623946514], [-1.408572584448848, 54.907581047329586], [-1.408572584448848, 54.908299700007774], [-1.4098158082342707, 54.90901835268596], [-1.4079509725561365, 54.910096331703244], [-1.405464524985291, 54.910096331703244], [-1.4029780774144456, 54.90865902634687], [-1.4017348536290228, 54.90865902634687], [-1.3998700179508887, 54.90973700536415], [-1.3998700179508887, 54.91045565804234], [-1.3992484060581774, 54.91081498438143], [-1.3980051822727546, 54.910096331703244], [-1.3967619584873319, 54.910096331703244], [-1.3955187347019091, 54.91081498438143], [-1.391789063345641, 54.91081498438143], [-1.391789063345641, 54.91359976350941], [-1.3924106752383523, 54.91404892143328], [-1.3925660782115301, 54.91620487946784], [-1.3942755109164864, 54.91728285848512], [-1.3955187347019091, 54.91800151116331], [-1.3980051822727546, 54.91719302690035], [-1.3997146149777109, 54.91620487946784], [-1.4004916298436, 54.91584555312875], [-1.4029780774144456, 54.91584555312875], [-1.4042213011998683, 54.916564205806935], [-1.4067077487707138, 54.916564205806935], [-1.4073293606634252, 54.91692353214603], [-1.4073293606634252, 54.91764218482422], [-1.4098158082342707, 54.91907949018059], [-1.4098158082342707, 54.91979814285878], [-1.410437420126982, 54.920157469197875], [-1.4116806439124048, 54.920157469197875], [-1.415410315268673, 54.92231342723244], [-1.4166535390540957, 54.92231342723244], [-1.4172751509468071, 54.92267275357153], [-1.4166535390540957, 54.92303207991063], [-1.415410315268673, 54.92303207991063], [-1.4147887033759616, 54.92339140624972], [-1.4147887033759616, 54.92411005892791], [-1.4141670914832503, 54.924469385267], [-1.4091941963415593, 54.924469385267], [-1.408572584448848, 54.92411005892791], [-1.408572584448848, 54.92339140624972], [-1.4079509725561365, 54.92303207991063], [-1.4042213011998683, 54.92303207991063], [-1.4029780774144456, 54.92231342723244], [-1.4017348536290228, 54.92231342723244], [-1.4011132417363115, 54.92267275357153], [-1.4011132417363115, 54.92411005892791], [-1.3967619584873319, 54.926625343301566], [-1.3961403465946205, 54.92626601696247], [-1.3961403465946205, 54.925547364284284], [-1.3955187347019091, 54.92518803794519], [-1.3942755109164864, 54.92518803794519], [-1.393653899023775, 54.925547364284284], [-1.3948971228091978, 54.92626601696247], [-1.3948971228091978, 54.92698466964066], [-1.3955187347019091, 54.927343995979754], [-1.3967619584873319, 54.927343995979754], [-1.398626794165466, 54.928421974997036], [-1.398626794165466, 54.929140627675224], [-1.3998700179508887, 54.92985928035341], [-1.398626794165466, 54.9305779330316], [-1.398626794165466, 54.93129658570979], [-1.3973835703800432, 54.932015238387976], [-1.398626794165466, 54.932733891066164], [-1.3973835703800432, 54.93345254374435], [-1.3973835703800432, 54.9363271544571], [-1.3967619584873319, 54.9366864807962], [-1.3955187347019091, 54.93596782811801], [-1.3948971228091978, 54.9363271544571], [-1.3948971228091978, 54.93704580713529], [-1.391789063345641, 54.93884243883076], [-1.3905458395602182, 54.93812378615257], [-1.3880593919893727, 54.93812378615257], [-1.38681616820395, 54.93884243883076], [-1.3830864968476817, 54.9366864807962], [-1.3806000492768362, 54.9366864807962], [-1.376870377920568, 54.93884243883076], [-1.371897482778877, 54.93884243883076], [-1.3712758708861656, 54.939201765169855], [-1.3712758708861656, 54.93992041784804], [-1.3725190946715884, 54.94063907052623], [-1.3725190946715884, 54.94135772320442], [-1.3675461995298974, 54.94423233391717], [-1.3675461995298974, 54.94710694462992], [-1.365059751959052, 54.9485442499863], [-1.365059751959052, 54.949262902664486], [-1.3656813638517633, 54.94962222900358], [-1.371897482778877, 54.94962222900358], [-1.3731407065642998, 54.94890357632539], [-1.3737623184570111, 54.949262902664486], [-1.3737623184570111, 54.95070020802086], [-1.3731407065642998, 54.951059534359956], [-1.371897482778877, 54.951059534359956], [-1.3706542589934543, 54.95034088168177], [-1.3694110352080315, 54.95034088168177], [-1.3681678114226088, 54.951059534359956], [-1.366924587637186, 54.951059534359956], [-1.3656813638517633, 54.951778187038144], [-1.3644381400663406, 54.951778187038144], [-1.3625733043882065, 54.95070020802086], [-1.3638165281736292, 54.949981555342674], [-1.3638165281736292, 54.949262902664486], [-1.3631949162809178, 54.94890357632539], [-1.361951692495495, 54.94890357632539], [-1.3613300806027837, 54.9485442499863], [-1.3613300806027837, 54.94782559730811], [-1.360086856817361, 54.94710694462992], [-1.361951692495495, 54.94593913402787], [-1.3625733043882065, 54.94495098659536], [-1.3631949162809178, 54.94450182867149], [-1.3636611252004514, 54.94351368123898], [-1.364904348985874, 54.94135772320442], [-1.3661475727712968, 54.93848311249167], [-1.366924587637186, 54.93246439631184], [-1.364904348985874, 54.93129658570979], [-1.365059751959052, 54.9305779330316], [-1.366924587637186, 54.92949995401432], [-1.3681678114226088, 54.92949995401432], [-1.370032647100743, 54.928421974997036], [-1.370032647100743, 54.92698466964066], [-1.3687894233153202, 54.92626601696247], [-1.3712758708861656, 54.9248287116061], [-1.3712758708861656, 54.92411005892791], [-1.3706542589934543, 54.923750732588815], [-1.3694110352080315, 54.923750732588815], [-1.3675461995298974, 54.92267275357153], [-1.3675461995298974, 54.92051679553697], [-1.3687894233153202, 54.91979814285878], [-1.3687894233153202, 54.91907949018059], [-1.370032647100743, 54.918360837502405], [-1.370032647100743, 54.91764218482422], [-1.3687894233153202, 54.91692353214603], [-1.370032647100743, 54.91620487946784], [-1.3686340203421423, 54.914767574111465], [-1.3686340203421423, 54.91404892143328], [-1.369877244127565, 54.9126116160769], [-1.3731407065642998, 54.91072515279666], [-1.3793568254914135, 54.91072515279666], [-1.3830864968476817, 54.91000650011847], [-1.3806000492768362, 54.91018616328802], [-1.371897482778877, 54.91018616328802], [-1.3701880500739207, 54.91045565804234], [-1.3694110352080315, 54.91081498438143], [-1.3687894233153202, 54.91045565804234], [-1.370032647100743, 54.90973700536415], [-1.3687894233153202, 54.90901835268596], [-1.370032647100743, 54.908299700007774], [-1.370032647100743, 54.90614374197321], [-1.3687894233153202, 54.90542508929502], [-1.3687894233153202, 54.903987783938646], [-1.3694110352080315, 54.90362845759955], [-1.3706542589934543, 54.90362845759955], [-1.3712758708861656, 54.90326913126046], [-1.3712758708861656, 54.90255047858227], [-1.370032647100743, 54.90183182590408], [-1.3706542589934543, 54.90147249956499], [-1.371897482778877, 54.90147249956499], [-1.3750055422424339, 54.89967586786952], [-1.3737623184570111, 54.89895721519133], [-1.3750055422424339, 54.89823856251314], [-1.3743839303497225, 54.89787923617405], [-1.3731407065642998, 54.89787923617405], [-1.3725190946715884, 54.897519909834955], [-1.3737623184570111, 54.89680125715677], [-1.3737623184570111, 54.89608260447858], [-1.3731407065642998, 54.895723278139485], [-1.371897482778877, 54.895723278139485], [-1.3712758708861656, 54.89536395180039], [-1.3725190946715884, 54.8946452991222], [-1.3725190946715884, 54.893926646444015], [-1.3737623184570111, 54.89320799376583], [-1.3725190946715884, 54.89248934108764], [-1.3725190946715884, 54.890333383053076], [-1.3712758708861656, 54.88961473037489], [-1.3731407065642998, 54.888536751357606], [-1.3737623184570111, 54.8888960776967], [-1.3737623184570111, 54.88961473037489], [-1.3756271541351452, 54.89069270939217], [-1.376870377920568, 54.89069270939217], [-1.378735213598702, 54.89177068840945], [-1.378735213598702, 54.89248934108764], [-1.3806000492768362, 54.89356732010492], [-1.381843273062259, 54.89356732010492], [-1.3824648849549703, 54.893926646444015], [-1.3824648849549703, 54.89608260447858], [-1.3830864968476817, 54.89644193081767], [-1.38681616820395, 54.89644193081767], [-1.3874377800966613, 54.89608260447858], [-1.3874377800966613, 54.89536395180039], [-1.388681003882084, 54.8946452991222], [-1.3874377800966613, 54.893926646444015], [-1.3880593919893727, 54.89356732010492], [-1.3893026157747954, 54.89356732010492], [-1.3899242276675068, 54.893926646444015], [-1.3899242276675068, 54.89608260447858], [-1.391789063345641, 54.89716058349586], [-1.3930322871310636, 54.89716058349586], [-1.393653899023775, 54.89680125715677], [-1.393653899023775, 54.89536395180039], [-1.3961403465946205, 54.893926646444015]]]]}}, {"type": "Feature", "properties": {"band_id": "under_30", "order": 3}, "geometry": {"type": "MultiPolygon", "coordinates": [[[[-1.7070241859764792, 54.98553756007459], [-1.7076476425863802, 54.985896879283246], [-1.7088945558061823, 54.985896879283246], [-1.7095180124160834, 54.9862561984919], [-1.7082710991962813, 54.98697483690921], [-1.7088945558061823, 54.98733415611787], [-1.7101414690259844, 54.98733415611787], [-1.7113883822457865, 54.98805279453518], [-1.7132587520754896, 54.989130752161145], [-1.7120118388556875, 54.989849390578456], [-1.7120118388556875, 54.99056802899577], [-1.7113883822457865, 54.99092734820442], [-1.7107649256358854, 54.99056802899577], [-1.7107649256358854, 54.989849390578456], [-1.7095180124160834, 54.989130752161145], [-1.7095180124160834, 54.988412113743834], [-1.7088945558061823, 54.98805279453518], [-1.7076476425863802, 54.98805279453518], [-1.7064007293665782, 54.98733415611787], [-1.703906902926974, 54.98733415611787], [-1.703283446317073, 54.98769347532652], [-1.703283446317073, 54.988412113743834], [-1.702659989707172, 54.98877143295249], [-1.6951785103883594, 54.98877143295249], [-1.6945550537784584, 54.989130752161145], [-1.6951785103883594, 54.9894900713698], [-1.7014130764873698, 54.9894900713698], [-1.7020365330972709, 54.989849390578456], [-1.7020365330972709, 54.99056802899577], [-1.702659989707172, 54.99092734820442], [-1.703906902926974, 54.99092734820442], [-1.704530359536875, 54.99128666741308], [-1.704530359536875, 54.99200530583039], [-1.705153816146776, 54.992364625039045], [-1.7088945558061823, 54.992364625039045], [-1.7101414690259844, 54.991645986621734], [-1.7107649256358854, 54.99200530583039], [-1.7107649256358854, 54.9927239442477], [-1.7095180124160834, 54.99344258266501], [-1.7095180124160834, 54.99487985949963], [-1.7107649256358854, 54.995598497916944], [-1.7107649256358854, 54.996317136334255], [-1.7101414690259844, 54.99667645554291], [-1.7088945558061823, 54.99667645554291], [-1.7076476425863802, 54.99739509396022], [-1.7070241859764792, 54.997035774751566], [-1.7070241859764792, 54.995598497916944], [-1.7064007293665782, 54.99523917870829], [-1.705153816146776, 54.99523917870829], [-1.703906902926974, 54.99452054029098], [-1.702659989707172, 54.99452054029098], [-1.7014130764873698, 54.99523917870829], [-1.7001661632675678, 54.99452054029098], [-1.6989192500477657, 54.99523917870829], [-1.6964254236081615, 54.99523917870829], [-1.6951785103883594, 54.99452054029098], [-1.6945550537784584, 54.99487985949963], [-1.6945550537784584, 54.995598497916944], [-1.6939315971685573, 54.9959578171256], [-1.6914377707289532, 54.9959578171256], [-1.6908143141190521, 54.996317136334255], [-1.6908143141190521, 54.997035774751566], [-1.690190857509151, 54.99739509396022], [-1.687697031069547, 54.99739509396022], [-1.687073574459646, 54.99775441316888], [-1.688320487679448, 54.99847305158619], [-1.687697031069547, 54.998832370794844], [-1.6852032046299428, 54.998832370794844], [-1.6845797480200417, 54.9991916900035], [-1.6852032046299428, 54.999551009212155], [-1.6864501178497449, 54.999551009212155], [-1.687073574459646, 54.99991032842081], [-1.687073574459646, 55.00206624367274], [-1.6858266612398438, 55.002784882090054], [-1.6858266612398438, 55.003503520507365], [-1.6845797480200417, 55.00422215892468], [-1.6845797480200417, 55.00494079734199], [-1.6839562914101407, 55.00530011655064], [-1.6827093781903386, 55.00530011655064], [-1.6808390083606355, 55.00422215892468], [-1.6808390083606355, 55.003503520507365], [-1.6802155517507344, 55.00314420129871], [-1.6789686385309324, 55.00386283971602], [-1.6764748120913282, 55.00386283971602], [-1.6752278988715261, 55.00458147813333], [-1.672734072431922, 55.00458147813333], [-1.672110615822021, 55.00422215892468], [-1.673357529041823, 55.003503520507365], [-1.672734072431922, 55.00314420129871], [-1.6714871592121199, 55.00314420129871], [-1.6708637026022188, 55.003503520507365], [-1.6708637026022188, 55.00494079734199], [-1.674604442261625, 55.00709671259392], [-1.674604442261625, 55.00853398942854], [-1.6752278988715261, 55.0088933086372], [-1.6764748120913282, 55.0088933086372], [-1.6777217253111303, 55.00817467021989], [-1.6783451819210313, 55.00853398942854], [-1.6783451819210313, 55.009971266263165], [-1.6789686385309324, 55.01033058547182], [-1.6795920951408334, 55.009971266263165], [-1.6795920951408334, 55.009252627845854], [-1.6802155517507344, 55.0088933086372], [-1.6814624649705365, 55.0088933086372], [-1.6820859215804376, 55.009252627845854], [-1.6795920951408334, 55.010689904680476], [-1.6795920951408334, 55.0121271815151], [-1.6808390083606355, 55.01284581993241], [-1.6808390083606355, 55.01356445834972], [-1.6777217253111303, 55.015361054393], [-1.6764748120913282, 55.015361054393], [-1.6752278988715261, 55.014642415975686], [-1.6702402459923178, 55.014642415975686], [-1.6683698761626147, 55.01572037360165], [-1.6683698761626147, 55.016439012018964], [-1.6677464195527136, 55.01679833122762], [-1.6664995063329116, 55.01679833122762], [-1.6640056798933074, 55.01823560806224], [-1.6608883968438022, 55.016439012018964], [-1.6615118534537032, 55.01607969281031], [-1.6627587666735053, 55.01679833122762], [-1.6633822232834063, 55.016439012018964], [-1.6633822232834063, 55.01500173518434], [-1.6627587666735053, 55.014642415975686], [-1.6615118534537032, 55.014642415975686], [-1.6608883968438022, 55.01428309676703], [-1.6608883968438022, 55.01284581993241], [-1.6627587666735053, 55.01176786230644], [-1.6633822232834063, 55.0121271815151], [-1.6633822232834063, 55.01284581993241], [-1.6640056798933074, 55.013205139141064], [-1.6646291365032084, 55.01284581993241], [-1.6646291365032084, 55.0121271815151], [-1.6658760497230105, 55.01140854309779], [-1.6658760497230105, 55.010689904680476], [-1.6664995063329116, 55.01033058547182], [-1.6677464195527136, 55.01033058547182], [-1.6683698761626147, 55.009971266263165], [-1.6683698761626147, 55.00853398942854], [-1.6671229629428126, 55.00781535101123], [-1.6671229629428126, 55.00709671259392], [-1.6664995063329116, 55.006737393385265], [-1.6658760497230105, 55.00709671259392], [-1.6658760497230105, 55.00781535101123], [-1.6652525931131095, 55.00817467021989], [-1.6646291365032084, 55.00781535101123], [-1.6646291365032084, 55.00709671259392], [-1.6640056798933074, 55.006737393385265], [-1.6627587666735053, 55.006737393385265], [-1.6615118534537032, 55.007456031802576], [-1.6602649402339011, 55.007456031802576], [-1.659641483624, 55.00781535101123], [-1.659641483624, 55.010689904680476], [-1.6608883968438022, 55.01140854309779], [-1.6602649402339011, 55.01176786230644], [-1.659018027014099, 55.01104922388913], [-1.657771113794297, 55.01176786230644], [-1.6540303741348907, 55.01176786230644], [-1.6527834609150887, 55.01104922388913], [-1.6515365476952866, 55.01104922388913], [-1.6509130910853855, 55.01140854309779], [-1.6509130910853855, 55.01284581993241], [-1.6515365476952866, 55.013205139141064], [-1.656524200574495, 55.013205139141064], [-1.657147657184396, 55.01356445834972], [-1.657147657184396, 55.01572037360165], [-1.658394570404198, 55.016439012018964], [-1.656524200574495, 55.01751696964493], [-1.6559007439645939, 55.017157650436275], [-1.6559007439645939, 55.016439012018964], [-1.6552772873546928, 55.01607969281031], [-1.6546538307447918, 55.016439012018964], [-1.6546538307447918, 55.017157650436275], [-1.6534069175249897, 55.017876288853586], [-1.6534069175249897, 55.02003220410552], [-1.6527834609150887, 55.020391523314174], [-1.6502896344754845, 55.020391523314174], [-1.6496661778655834, 55.02003220410552], [-1.6496661778655834, 55.01931356568821], [-1.6490427212556824, 55.01895424647955], [-1.6453019815962762, 55.01895424647955], [-1.644055068376474, 55.01823560806224], [-1.6390674154972658, 55.01823560806224], [-1.6365735890576616, 55.01967288489686], [-1.6353266758378595, 55.01967288489686], [-1.6347032192279585, 55.01931356568821], [-1.6347032192279585, 55.0185949272709], [-1.6340797626180574, 55.01823560806224], [-1.629092109738849, 55.01823560806224], [-1.627221739909146, 55.01931356568821], [-1.627221739909146, 55.02218811935745], [-1.627845196519047, 55.02254743856611], [-1.629092109738849, 55.021828800148796], [-1.6315859361784533, 55.021828800148796], [-1.6322093927883543, 55.02218811935745], [-1.6322093927883543, 55.02290675777476], [-1.6334563060081564, 55.023625396192074], [-1.6334563060081564, 55.024344034609385], [-1.6328328493982553, 55.02470335381804], [-1.6315859361784533, 55.02470335381804], [-1.6309624795685522, 55.025062673026696], [-1.6309624795685522, 55.02578131144401], [-1.6315859361784533, 55.02614063065266], [-1.6328328493982553, 55.02542199223535], [-1.6340797626180574, 55.02614063065266], [-1.6353266758378595, 55.02614063065266], [-1.6359501324477606, 55.02649994986132], [-1.6359501324477606, 55.02721858827863], [-1.6371970456675626, 55.02793722669594], [-1.6322093927883543, 55.030811780365184], [-1.6322093927883543, 55.032249057199806], [-1.6334563060081564, 55.03296769561712], [-1.6334563060081564, 55.03368633403443], [-1.6322093927883543, 55.03440497245174], [-1.6322093927883543, 55.03584224928636], [-1.6309624795685522, 55.03656088770367], [-1.6309624795685522, 55.03727952612098], [-1.628468653128948, 55.038716802955605], [-1.6297155663487501, 55.039435441372916], [-1.628468653128948, 55.04015407979023], [-1.6297155663487501, 55.04087271820754], [-1.6297155663487501, 55.04230999504216], [-1.628468653128948, 55.04302863345947], [-1.6297155663487501, 55.04374727187678], [-1.6297155663487501, 55.04734046396334], [-1.6309624795685522, 55.04805910238065], [-1.6303390229586512, 55.048418421589304], [-1.626598283299245, 55.048418421589304], [-1.625974826689344, 55.04877774079796], [-1.626598283299245, 55.049137060006615], [-1.627845196519047, 55.049137060006615], [-1.628468653128948, 55.04949637921527], [-1.628468653128948, 55.05021501763258], [-1.6297155663487501, 55.05093365604989], [-1.6297155663487501, 55.052370932884514], [-1.6309624795685522, 55.053089571301825], [-1.628468653128948, 55.05452684813645], [-1.629092109738849, 55.0548861673451], [-1.6303390229586512, 55.0548861673451], [-1.6309624795685522, 55.05524548655376], [-1.6309624795685522, 55.05596412497107], [-1.6303390229586512, 55.056323444179725], [-1.629092109738849, 55.055604805762414], [-1.628468653128948, 55.05596412497107], [-1.628468653128948, 55.05668276338838], [-1.6297155663487501, 55.05740140180569], [-1.6297155663487501, 55.05883867864031], [-1.627845196519047, 55.05991663626628], [-1.626598283299245, 55.05991663626628], [-1.6253513700794429, 55.06063527468359], [-1.6241044568596408, 55.06063527468359], [-1.6222340870299377, 55.059557317057624], [-1.6222340870299377, 55.05883867864031], [-1.6216106304200366, 55.05847935943166], [-1.6191168039804325, 55.05847935943166], [-1.6166229775408283, 55.057042082597036], [-1.6141291511012241, 55.057042082597036], [-1.613505694491323, 55.05668276338838], [-1.613505694491323, 55.05596412497107], [-1.6141291511012241, 55.055604805762414], [-1.6153760643210262, 55.056323444179725], [-1.6178698907606304, 55.056323444179725], [-1.6191168039804325, 55.055604805762414], [-1.6216106304200366, 55.057042082597036], [-1.6228575436398387, 55.057042082597036], [-1.6247279134695418, 55.05596412497107], [-1.6241044568596408, 55.055604805762414], [-1.6228575436398387, 55.055604805762414], [-1.6222340870299377, 55.05524548655376], [-1.6222340870299377, 55.052370932884514], [-1.6216106304200366, 55.05201161367586], [-1.6203637172002345, 55.05201161367586], [-1.6197402605903335, 55.0516522944672], [-1.6197402605903335, 55.05021501763258], [-1.6184933473705314, 55.04949637921527], [-1.6184933473705314, 55.04805910238065], [-1.6178698907606304, 55.04769978317199], [-1.6166229775408283, 55.048418421589304], [-1.6159995209309272, 55.04805910238065], [-1.6159995209309272, 55.04734046396334], [-1.6147526077111252, 55.046621825546026], [-1.6147526077111252, 55.04230999504216], [-1.6141291511012241, 55.041950675833505], [-1.612882237881422, 55.041950675833505], [-1.612258781271521, 55.04159135662485], [-1.612882237881422, 55.041232037416194], [-1.6141291511012241, 55.041232037416194], [-1.6147526077111252, 55.04087271820754], [-1.6147526077111252, 55.04015407979023], [-1.6159995209309272, 55.039435441372916], [-1.6159995209309272, 55.038716802955605], [-1.613505694491323, 55.03727952612098], [-1.613505694491323, 55.03656088770367], [-1.612258781271521, 55.03584224928636], [-1.612258781271521, 55.03512361086905], [-1.612882237881422, 55.034764291660395], [-1.6141291511012241, 55.034764291660395], [-1.6147526077111252, 55.03440497245174], [-1.6147526077111252, 55.032249057199806], [-1.6153760643210262, 55.03188973799115], [-1.6159995209309272, 55.032249057199806], [-1.6159995209309272, 55.03296769561712], [-1.6166229775408283, 55.03332701482577], [-1.6191168039804325, 55.03332701482577], [-1.6197402605903335, 55.03296769561712], [-1.6197402605903335, 55.03009314194787], [-1.6184933473705314, 55.02937450353056], [-1.6184933473705314, 55.02865586511325], [-1.6178698907606304, 55.028296545904595], [-1.6166229775408283, 55.028296545904595], [-1.6147526077111252, 55.02721858827863], [-1.6147526077111252, 55.02649994986132], [-1.6141291511012241, 55.02614063065266], [-1.61163532466162, 55.02614063065266], [-1.611011868051719, 55.02578131144401], [-1.611011868051719, 55.025062673026696], [-1.61163532466162, 55.02470335381804], [-1.612882237881422, 55.02542199223535], [-1.613505694491323, 55.025062673026696], [-1.613505694491323, 55.024344034609385], [-1.6141291511012241, 55.02398471540073], [-1.6166229775408283, 55.02398471540073], [-1.6184933473705314, 55.02290675777476], [-1.6184933473705314, 55.02075084252283], [-1.6178698907606304, 55.020391523314174], [-1.6166229775408283, 55.020391523314174], [-1.6159995209309272, 55.02075084252283], [-1.6159995209309272, 55.02146948094014], [-1.6153760643210262, 55.021828800148796], [-1.612258781271521, 55.02003220410552], [-1.612258781271521, 55.01931356568821], [-1.611011868051719, 55.0185949272709], [-1.611011868051719, 55.017876288853586], [-1.612258781271521, 55.017157650436275], [-1.612258781271521, 55.016439012018964], [-1.61163532466162, 55.01607969281031], [-1.6103884114418179, 55.01607969281031], [-1.6097649548319168, 55.016439012018964], [-1.6097649548319168, 55.017876288853586], [-1.6078945850022137, 55.01895424647955], [-1.6072711283923127, 55.0185949272709], [-1.6072711283923127, 55.017876288853586], [-1.6060242151725106, 55.017157650436275], [-1.6060242151725106, 55.016439012018964], [-1.6054007585626096, 55.01607969281031], [-1.6047773019527085, 55.016439012018964], [-1.6047773019527085, 55.017157650436275], [-1.6029069321230054, 55.01823560806224], [-1.6016600189032033, 55.01823560806224], [-1.5997896490735002, 55.01931356568821], [-1.5997896490735002, 55.02075084252283], [-1.597919279243797, 55.021828800148796], [-1.596672366023995, 55.021110161731485], [-1.5941785395843908, 55.021110161731485], [-1.5935550829744898, 55.02146948094014], [-1.5935550829744898, 55.02218811935745], [-1.5923081697546877, 55.02290675777476], [-1.5923081697546877, 55.023625396192074], [-1.5935550829744898, 55.024344034609385], [-1.5935550829744898, 55.025062673026696], [-1.5929316263645887, 55.02542199223535], [-1.5916847131447867, 55.02542199223535], [-1.5898143433150835, 55.02649994986132], [-1.5898143433150835, 55.02937450353056], [-1.5891908867051825, 55.02973382273922], [-1.5879439734853804, 55.02973382273922], [-1.5873205168754794, 55.03009314194787], [-1.5873205168754794, 55.030811780365184], [-1.5866970602655783, 55.03117109957384], [-1.582956320606172, 55.03117109957384], [-1.582332863996271, 55.030811780365184], [-1.582332863996271, 55.03009314194787], [-1.58170940738637, 55.02973382273922], [-1.580462494166568, 55.02973382273922], [-1.5779686677269638, 55.03117109957384], [-1.5767217545071617, 55.03117109957384], [-1.5760982978972606, 55.031530418782495], [-1.5773452111170627, 55.032249057199806], [-1.5754748412873596, 55.033416844627936], [-1.5754748412873596, 55.03395582344092], [-1.5760982978972606, 55.03440497245174], [-1.5760982978972606, 55.03512361086905], [-1.5748513846774586, 55.03584224928636], [-1.5748513846774586, 55.03656088770367], [-1.5742279280675575, 55.03692020691233], [-1.5729810148477554, 55.03692020691233], [-1.5717341016279534, 55.03620156849502], [-1.566746448748745, 55.03620156849502], [-1.565499535528943, 55.03692020691233], [-1.5636291656992398, 55.03584224928636], [-1.5642526223091409, 55.035482930077706], [-1.565499535528943, 55.035482930077706], [-1.566122992138844, 55.03512361086905], [-1.564876078919042, 55.03440497245174], [-1.564876078919042, 55.03296769561712], [-1.565499535528943, 55.03260837640846], [-1.566746448748745, 55.03332701482577], [-1.567369905358646, 55.03296769561712], [-1.567369905358646, 55.032249057199806], [-1.566122992138844, 55.031530418782495], [-1.566122992138844, 55.030811780365184], [-1.566746448748745, 55.03045246115653], [-1.567993361968547, 55.03045246115653], [-1.5686168185784481, 55.03009314194787], [-1.5686168185784481, 55.02937450353056], [-1.5698637317982502, 55.02865586511325], [-1.5698637317982502, 55.02721858827863], [-1.5711106450180523, 55.02649994986132], [-1.5711106450180523, 55.02578131144401], [-1.5717341016279534, 55.02542199223535], [-1.5729810148477554, 55.02542199223535], [-1.5742279280675575, 55.02470335381804], [-1.5754748412873596, 55.02542199223535], [-1.5767217545071617, 55.02470335381804], [-1.5792155809467658, 55.02470335381804], [-1.5798390375566669, 55.024344034609385], [-1.5792155809467658, 55.02398471540073], [-1.5767217545071617, 55.02398471540073], [-1.5748513846774586, 55.02290675777476], [-1.5748513846774586, 55.02218811935745], [-1.5742279280675575, 55.021828800148796], [-1.5717341016279534, 55.021828800148796], [-1.5711106450180523, 55.02218811935745], [-1.5711106450180523, 55.02290675777476], [-1.5692402751883492, 55.02398471540073], [-1.566746448748745, 55.02398471540073], [-1.564876078919042, 55.025062673026696], [-1.565499535528943, 55.02542199223535], [-1.566746448748745, 55.02542199223535], [-1.567369905358646, 55.02578131144401], [-1.567369905358646, 55.02649994986132], [-1.5686168185784481, 55.02721858827863], [-1.567993361968547, 55.027577907487284], [-1.566746448748745, 55.02685926906997], [-1.565499535528943, 55.02685926906997], [-1.5642526223091409, 55.027577907487284], [-1.5630057090893388, 55.027577907487284], [-1.5617587958695367, 55.028296545904595], [-1.5605118826497346, 55.028296545904595], [-1.5592649694299325, 55.027577907487284], [-1.5580180562101305, 55.027577907487284], [-1.5567711429903284, 55.028296545904595], [-1.5530304033309221, 55.028296545904595], [-1.55178349011112, 55.027577907487284], [-1.5480427504517138, 55.027577907487284], [-1.5467958372319117, 55.02685926906997], [-1.5455489240121096, 55.02685926906997], [-1.5449254674022086, 55.02721858827863], [-1.5449254674022086, 55.02793722669594], [-1.5443020107923076, 55.028296545904595], [-1.5430550975725055, 55.028296545904595], [-1.5424316409626044, 55.02793722669594], [-1.5424316409626044, 55.02721858827863], [-1.5418081843527034, 55.02685926906997], [-1.5405612711329013, 55.027577907487284], [-1.5380674446932971, 55.027577907487284], [-1.536820531473495, 55.02685926906997], [-1.535573618253693, 55.02685926906997], [-1.534950161643792, 55.02721858827863], [-1.534950161643792, 55.02793722669594], [-1.534326705033891, 55.028296545904595], [-1.5330797918140888, 55.028296545904595], [-1.5318328785942867, 55.027577907487284], [-1.5305859653744847, 55.027577907487284], [-1.5299625087645836, 55.02721858827863], [-1.5299625087645836, 55.02649994986132], [-1.5287155955447815, 55.02578131144401], [-1.5287155955447815, 55.023625396192074], [-1.5274686823249795, 55.02290675777476], [-1.5274686823249795, 55.02218811935745], [-1.5280921389348805, 55.021828800148796], [-1.5293390521546826, 55.021828800148796], [-1.5299625087645836, 55.02146948094014], [-1.5299625087645836, 55.02075084252283], [-1.5318328785942867, 55.01967288489686], [-1.535573618253693, 55.01967288489686], [-1.536197074863594, 55.01931356568821], [-1.534950161643792, 55.0185949272709], [-1.536820531473495, 55.01751696964493], [-1.5405612711329013, 55.01751696964493], [-1.5411847277428024, 55.017157650436275], [-1.5411847277428024, 55.01572037360165], [-1.5436785541824065, 55.01428309676703], [-1.5436785541824065, 55.01356445834972], [-1.5455489240121096, 55.01248650072375], [-1.5467958372319117, 55.013205139141064], [-1.5480427504517138, 55.01248650072375], [-1.5492896636715159, 55.01248650072375], [-1.549913120281417, 55.01284581993241], [-1.549913120281417, 55.01356445834972], [-1.550536576891318, 55.013923777558375], [-1.552406946721021, 55.01284581993241], [-1.552406946721021, 55.009971266263165], [-1.55178349011112, 55.00961194705451], [-1.5492896636715159, 55.00961194705451], [-1.5486662070616148, 55.009971266263165], [-1.5486662070616148, 55.010689904680476], [-1.5480427504517138, 55.01104922388913], [-1.5455489240121096, 55.01104922388913], [-1.5424316409626044, 55.009252627845854], [-1.5424316409626044, 55.00853398942854], [-1.5418081843527034, 55.00817467021989], [-1.5411847277428024, 55.00853398942854], [-1.5411847277428024, 55.009252627845854], [-1.5405612711329013, 55.00961194705451], [-1.5386909013031982, 55.00853398942854], [-1.5399378145230003, 55.00781535101123], [-1.5399378145230003, 55.00709671259392], [-1.5393143579130992, 55.006737393385265], [-1.537443988083396, 55.00781535101123], [-1.537443988083396, 55.00853398942854], [-1.536820531473495, 55.0088933086372], [-1.535573618253693, 55.0088933086372], [-1.534326705033891, 55.00961194705451], [-1.5318328785942867, 55.00961194705451], [-1.5293390521546826, 55.00817467021989], [-1.5280921389348805, 55.00817467021989], [-1.5268452257150784, 55.0088933086372], [-1.5243513992754743, 55.007456031802576], [-1.519363746396266, 55.007456031802576], [-1.5187402897863649, 55.00781535101123], [-1.5187402897863649, 55.00853398942854], [-1.5168699199566618, 55.00961194705451], [-1.5156230067368597, 55.00961194705451], [-1.5149995501269586, 55.009252627845854], [-1.5149995501269586, 55.00709671259392], [-1.5143760935170576, 55.006737393385265], [-1.5137526369071566, 55.00709671259392], [-1.5137526369071566, 55.009971266263165], [-1.5131291802972555, 55.01033058547182], [-1.5118822670774534, 55.00961194705451], [-1.505647700978443, 55.00961194705451], [-1.50377733114874, 55.00853398942854], [-1.505024244368542, 55.00781535101123], [-1.505024244368542, 55.0056594357593], [-1.505647700978443, 55.00530011655064], [-1.5131291802972555, 55.00530011655064], [-1.5149995501269586, 55.00422215892468], [-1.5137526369071566, 55.003503520507365], [-1.5181168331764638, 55.00098828604678], [-1.5187402897863649, 55.00134760525543], [-1.5187402897863649, 55.002784882090054], [-1.519363746396266, 55.00314420129871], [-1.52185757283587, 55.00314420129871], [-1.5224810294457711, 55.002784882090054], [-1.5224810294457711, 55.00206624367274], [-1.5268452257150784, 54.999551009212155], [-1.5280921389348805, 54.999551009212155], [-1.5293390521546826, 54.998832370794844], [-1.5305859653744847, 54.998832370794844], [-1.5312094219843857, 54.99847305158619], [-1.5312094219843857, 54.995598497916944], [-1.5299625087645836, 54.99487985949963], [-1.5299625087645836, 54.99344258266501], [-1.5293390521546826, 54.993083263456356], [-1.5280921389348805, 54.993083263456356], [-1.5274686823249795, 54.99344258266501], [-1.5274686823249795, 54.99416122108232], [-1.5268452257150784, 54.99452054029098], [-1.5243513992754743, 54.993083263456356], [-1.5231044860556722, 54.993083263456356], [-1.5224810294457711, 54.9927239442477], [-1.5224810294457711, 54.99128666741308], [-1.5237279426655732, 54.99056802899577], [-1.5237279426655732, 54.989849390578456], [-1.5243513992754743, 54.9894900713698], [-1.5249748558853753, 54.989849390578456], [-1.5249748558853753, 54.99056802899577], [-1.5255983124952763, 54.99092734820442], [-1.5262217691051774, 54.99056802899577], [-1.5262217691051774, 54.989130752161145], [-1.5249748558853753, 54.988412113743834], [-1.5268452257150784, 54.98733415611787], [-1.5293390521546826, 54.98733415611787], [-1.5312094219843857, 54.9862561984919], [-1.5312094219843857, 54.98553756007459], [-1.5318328785942867, 54.985178240865935], [-1.536820531473495, 54.985178240865935], [-1.537443988083396, 54.98481892165728], [-1.537443988083396, 54.982663006405346], [-1.5380674446932971, 54.98230368719669], [-1.5393143579130992, 54.983022325614], [-1.5399378145230003, 54.982663006405346], [-1.5399378145230003, 54.981944367988035], [-1.5380674446932971, 54.98086641036207], [-1.536820531473495, 54.98086641036207], [-1.536197074863594, 54.98050709115341], [-1.536197074863594, 54.97763253748417], [-1.534950161643792, 54.97691389906686], [-1.534950161643792, 54.974757983814925], [-1.535573618253693, 54.97439866460627], [-1.536820531473495, 54.97439866460627], [-1.537443988083396, 54.974039345397614], [-1.537443988083396, 54.9733207069803], [-1.536197074863594, 54.97260206856299], [-1.536820531473495, 54.972242749354336], [-1.5380674446932971, 54.972242749354336], [-1.5386909013031982, 54.97188343014568], [-1.537443988083396, 54.97116479172837], [-1.5386909013031982, 54.97044615331106], [-1.5386909013031982, 54.968290238059126], [-1.5399378145230003, 54.967571599641815], [-1.5399378145230003, 54.966852961224504], [-1.5418081843527034, 54.96577500359854], [-1.5430550975725055, 54.96649364201585], [-1.5461723806220107, 54.96469704597257], [-1.5461723806220107, 54.96397840755526], [-1.5474192938418128, 54.96325976913795], [-1.5474192938418128, 54.96254113072064], [-1.5480427504517138, 54.96218181151198], [-1.5492896636715159, 54.96218181151198], [-1.549913120281417, 54.96182249230333], [-1.549913120281417, 54.961103853886016], [-1.550536576891318, 54.96074453467736], [-1.55178349011112, 54.96074453467736], [-1.5530304033309221, 54.96146317309467], [-1.5542773165507242, 54.96146317309467], [-1.5549007731606252, 54.961103853886016], [-1.5549007731606252, 54.960385215468705], [-1.555396341235162, 54.96009960276439], [-1.54882207121409, 54.959666577051394], [-1.5480427504517138, 54.96002589626005], [-1.5455489240121096, 54.96011572606221], [-1.5405612711329013, 54.960834364479524], [-1.5351060257962672, 54.96325976913795], [-1.534326705033891, 54.963619088346604], [-1.5305859653744847, 54.963619088346604], [-1.5299625087645836, 54.96397840755526], [-1.5299625087645836, 54.96613432280719], [-1.5280921389348805, 54.96721228043316], [-1.5268452257150784, 54.96649364201585], [-1.5255983124952763, 54.96721228043316], [-1.5231044860556722, 54.96721228043316], [-1.52185757283587, 54.96649364201585], [-1.520610659616068, 54.96649364201585], [-1.519363746396266, 54.96577500359854], [-1.5168699199566618, 54.96577500359854], [-1.5156230067368597, 54.96649364201585], [-1.5143760935170576, 54.96649364201585], [-1.5131291802972555, 54.96721228043316], [-1.5118822670774534, 54.96721228043316], [-1.5106353538576514, 54.96793091885047], [-1.5093884406378493, 54.96793091885047], [-1.5087649840279482, 54.968290238059126], [-1.5087649840279482, 54.96900887647644], [-1.5100118972477503, 54.96972751489375], [-1.5100118972477503, 54.97044615331106], [-1.5087649840279482, 54.97116479172837], [-1.5087649840279482, 54.97188343014568], [-1.5100118972477503, 54.97260206856299], [-1.5100118972477503, 54.9733207069803], [-1.5106353538576514, 54.97368002618896], [-1.5118822670774534, 54.97368002618896], [-1.5131291802972555, 54.97296138777165], [-1.5137526369071566, 54.9733207069803], [-1.5125057236873545, 54.974039345397614], [-1.5125057236873545, 54.974757983814925], [-1.5106353538576514, 54.97583594144089], [-1.5093884406378493, 54.97511730302358], [-1.506894614198245, 54.9765545798582], [-1.505024244368542, 54.975476622232236], [-1.5075180708081461, 54.974039345397614], [-1.5075180708081461, 54.97260206856299], [-1.506894614198245, 54.972242749354336], [-1.504400787758641, 54.972242749354336], [-1.50377733114874, 54.97188343014568], [-1.505024244368542, 54.97116479172837], [-1.505024244368542, 54.97044615331106], [-1.5025304179289378, 54.96900887647644], [-1.5025304179289378, 54.968290238059126], [-1.50377733114874, 54.967571599641815], [-1.50377733114874, 54.96541568438988], [-1.506271157588344, 54.96397840755526], [-1.506271157588344, 54.96182249230333], [-1.505024244368542, 54.961103853886016], [-1.505024244368542, 54.959666577051394], [-1.505647700978443, 54.95930725784274], [-1.5093884406378493, 54.95930725784274], [-1.5100118972477503, 54.95894793863408], [-1.5100118972477503, 54.95822930021677], [-1.5075180708081461, 54.95679202338215], [-1.5100118972477503, 54.95535474654753], [-1.5100118972477503, 54.95463610813022], [-1.5106353538576514, 54.95427678892156], [-1.5118822670774534, 54.95427678892156], [-1.5131291802972555, 54.95499542733887], [-1.5143760935170576, 54.95427678892156], [-1.5156230067368597, 54.95499542733887], [-1.5168699199566618, 54.95427678892156], [-1.520610659616068, 54.95427678892156], [-1.52185757283587, 54.95355815050425], [-1.5231044860556722, 54.95355815050425], [-1.5237279426655732, 54.953198831295595], [-1.5237279426655732, 54.952480192878284], [-1.5249748558853753, 54.95176155446097], [-1.5249748558853753, 54.95104291604366], [-1.5243513992754743, 54.950683596835006], [-1.5231044860556722, 54.950683596835006], [-1.5224810294457711, 54.95032427762635], [-1.5224810294457711, 54.94960563920904], [-1.521234116225969, 54.94888700079173], [-1.521234116225969, 54.94816836237442], [-1.520610659616068, 54.94780904316576], [-1.5181168331764638, 54.94780904316576], [-1.5174933765665628, 54.94744972395711], [-1.5174933765665628, 54.946731085539795], [-1.5168699199566618, 54.94637176633114], [-1.5156230067368597, 54.94637176633114], [-1.5149995501269586, 54.946731085539795], [-1.5149995501269586, 54.94744972395711], [-1.5143760935170576, 54.94780904316576], [-1.5137526369071566, 54.94744972395711], [-1.5137526369071566, 54.94457517028786], [-1.5156230067368597, 54.943497212661896], [-1.5168699199566618, 54.94421585107921], [-1.5181168331764638, 54.94421585107921], [-1.519987203006167, 54.94313789345324], [-1.519987203006167, 54.94241925503593], [-1.519363746396266, 54.942059935827274], [-1.5181168331764638, 54.942778574244585], [-1.5168699199566618, 54.942778574244585], [-1.5162464633467607, 54.94241925503593], [-1.5162464633467607, 54.94170061661862], [-1.5156230067368597, 54.94134129740996], [-1.5143760935170576, 54.94134129740996], [-1.5137526369071566, 54.94098197820131], [-1.5137526369071566, 54.93810742453206], [-1.5125057236873545, 54.93738878611475], [-1.5125057236873545, 54.93667014769744], [-1.5137526369071566, 54.93595150928013], [-1.5125057236873545, 54.93523287086282], [-1.5125057236873545, 54.93451423244551], [-1.5131291802972555, 54.93415491323685], [-1.5156230067368597, 54.93415491323685], [-1.5168699199566618, 54.93343627481954], [-1.52185757283587, 54.93343627481954], [-1.5231044860556722, 54.93415491323685], [-1.5243513992754743, 54.93415491323685], [-1.5249748558853753, 54.9337955940282], [-1.5249748558853753, 54.933076955610886], [-1.5255983124952763, 54.93271763640223], [-1.5280921389348805, 54.93271763640223], [-1.5293390521546826, 54.93199899798492], [-1.534326705033891, 54.934873551654164], [-1.535573618253693, 54.934873551654164], [-1.5380674446932971, 54.93343627481954], [-1.5393143579130992, 54.93415491323685], [-1.5418081843527034, 54.93415491323685], [-1.5424316409626044, 54.9337955940282], [-1.5424316409626044, 54.933076955610886], [-1.5430550975725055, 54.93271763640223], [-1.5443020107923076, 54.93343627481954], [-1.5467958372319117, 54.93343627481954], [-1.5474192938418128, 54.933076955610886], [-1.5474192938418128, 54.932358317193575], [-1.5492896636715159, 54.93128035956761], [-1.550536576891318, 54.93128035956761], [-1.5573945996002294, 54.9273278482724], [-1.5573945996002294, 54.92660920985509], [-1.5567711429903284, 54.92624989064643], [-1.5542773165507242, 54.92624989064643], [-1.5536538599408232, 54.925890571437776], [-1.5536538599408232, 54.925171933020465], [-1.552406946721021, 54.924453294603154], [-1.552406946721021, 54.92373465618584], [-1.55178349011112, 54.92337533697719], [-1.5492896636715159, 54.92481261381181], [-1.5443020107923076, 54.92481261381181], [-1.5430550975725055, 54.9240939753945], [-1.5405612711329013, 54.9240939753945], [-1.5399378145230003, 54.92373465618584], [-1.5399378145230003, 54.92301601776853], [-1.5386909013031982, 54.92229737935122], [-1.5386909013031982, 54.92157874093391], [-1.536820531473495, 54.92050078330794], [-1.5330797918140888, 54.92050078330794], [-1.5324563352041878, 54.9208601025166], [-1.5324563352041878, 54.92157874093391], [-1.5318328785942867, 54.921938060142566], [-1.5299625087645836, 54.9208601025166], [-1.5299625087645836, 54.92014146409929], [-1.5305859653744847, 54.91978214489063], [-1.5318328785942867, 54.91978214489063], [-1.5337032484239899, 54.918704187264666], [-1.5305859653744847, 54.91690759122139], [-1.5293390521546826, 54.9176262296387], [-1.5287155955447815, 54.917266910430044], [-1.5287155955447815, 54.91654827201273], [-1.5280921389348805, 54.91618895280408], [-1.5255983124952763, 54.91618895280408], [-1.5249748558853753, 54.91582963359542], [-1.5255983124952763, 54.915470314386766], [-1.5268452257150784, 54.915470314386766], [-1.5293390521546826, 54.914033037552144], [-1.5305859653744847, 54.914751675969455], [-1.5318328785942867, 54.914751675969455], [-1.5330797918140888, 54.914033037552144], [-1.534326705033891, 54.914033037552144], [-1.534950161643792, 54.9143923567608], [-1.534950161643792, 54.91511099517811], [-1.5386909013031982, 54.917266910430044], [-1.5386909013031982, 54.917985548847355], [-1.5393143579130992, 54.91834486805601], [-1.5405612711329013, 54.9176262296387], [-1.5418081843527034, 54.9176262296387], [-1.5424316409626044, 54.917985548847355], [-1.5424316409626044, 54.918704187264666], [-1.5430550975725055, 54.91906350647332], [-1.5449254674022086, 54.917985548847355], [-1.5449254674022086, 54.917266910430044], [-1.5455489240121096, 54.91690759122139], [-1.5467958372319117, 54.91690759122139], [-1.5492896636715159, 54.915470314386766], [-1.550536576891318, 54.915470314386766], [-1.55178349011112, 54.914751675969455], [-1.5530304033309221, 54.914751675969455], [-1.5536538599408232, 54.91511099517811], [-1.552406946721021, 54.91582963359542], [-1.5530304033309221, 54.91618895280408], [-1.5542773165507242, 54.91618895280408], [-1.5549007731606252, 54.91654827201273], [-1.5549007731606252, 54.917266910430044], [-1.5555242297705263, 54.9176262296387], [-1.5567711429903284, 54.91690759122139], [-1.5605118826497346, 54.91690759122139], [-1.5611353392596357, 54.917266910430044], [-1.5611353392596357, 54.917985548847355], [-1.5623822524794377, 54.918704187264666], [-1.5611353392596357, 54.91942282568198], [-1.5611353392596357, 54.9208601025166], [-1.5636291656992398, 54.92229737935122], [-1.5623822524794377, 54.92301601776853], [-1.5630057090893388, 54.92337533697719], [-1.5642526223091409, 54.92337533697719], [-1.564876078919042, 54.92301601776853], [-1.564876078919042, 54.9208601025166], [-1.566122992138844, 54.92014146409929], [-1.566122992138844, 54.91942282568198], [-1.567369905358646, 54.918704187264666], [-1.567369905358646, 54.917985548847355], [-1.5692402751883492, 54.91690759122139], [-1.5717341016279534, 54.91834486805601], [-1.5742279280675575, 54.91834486805601], [-1.5748513846774586, 54.917985548847355], [-1.5748513846774586, 54.91654827201273], [-1.5754748412873596, 54.91618895280408], [-1.5779686677269638, 54.91618895280408], [-1.580462494166568, 54.9176262296387], [-1.58170940738637, 54.9176262296387], [-1.582956320606172, 54.91834486805601], [-1.5842032338259742, 54.91834486805601], [-1.5854501470457762, 54.91906350647332], [-1.5879439734853804, 54.91906350647332], [-1.5885674300952815, 54.918704187264666], [-1.5885674300952815, 54.917266910430044], [-1.5891908867051825, 54.91690759122139], [-1.5898143433150835, 54.917266910430044], [-1.5898143433150835, 54.918704187264666], [-1.5885674300952815, 54.91942282568198], [-1.5891908867051825, 54.91978214489063], [-1.5916847131447867, 54.91978214489063], [-1.5923081697546877, 54.92014146409929], [-1.5923081697546877, 54.92157874093391], [-1.5929316263645887, 54.921938060142566], [-1.5941785395843908, 54.921219421725255], [-1.595425452804193, 54.921219421725255], [-1.596048909414094, 54.92157874093391], [-1.596048909414094, 54.92229737935122], [-1.595425452804193, 54.92265669855988], [-1.5941785395843908, 54.92265669855988], [-1.5935550829744898, 54.92301601776853], [-1.5935550829744898, 54.92373465618584], [-1.5941785395843908, 54.9240939753945], [-1.595425452804193, 54.9240939753945], [-1.597295822633896, 54.925171933020465], [-1.597295822633896, 54.925890571437776], [-1.597919279243797, 54.92624989064643], [-1.5991661924635991, 54.92624989064643], [-1.5997896490735002, 54.92660920985509], [-1.5997896490735002, 54.9273278482724], [-1.598542735853698, 54.92804648668971], [-1.5991661924635991, 54.928405805898365], [-1.6016600189032033, 54.928405805898365], [-1.6022834755131043, 54.92804648668971], [-1.6010365622933023, 54.9273278482724], [-1.6010365622933023, 54.925890571437776], [-1.5997896490735002, 54.925171933020465], [-1.5997896490735002, 54.92373465618584], [-1.5991661924635991, 54.92337533697719], [-1.597919279243797, 54.92337533697719], [-1.597295822633896, 54.92301601776853], [-1.597295822633896, 54.92229737935122], [-1.597919279243797, 54.921938060142566], [-1.6029069321230054, 54.921938060142566], [-1.6054007585626096, 54.92050078330794], [-1.6078945850022137, 54.92050078330794], [-1.6085180416121148, 54.92014146409929], [-1.6085180416121148, 54.91942282568198], [-1.6091414982220158, 54.91906350647332], [-1.61163532466162, 54.91906350647332], [-1.612882237881422, 54.91834486805601], [-1.6141291511012241, 54.91834486805601], [-1.6147526077111252, 54.918704187264666], [-1.613505694491323, 54.91942282568198], [-1.613505694491323, 54.92014146409929], [-1.6141291511012241, 54.92050078330794], [-1.6166229775408283, 54.92050078330794], [-1.6191168039804325, 54.921938060142566], [-1.6203637172002345, 54.921938060142566], [-1.6209871738101356, 54.92229737935122], [-1.6209871738101356, 54.92301601776853], [-1.6222340870299377, 54.92373465618584], [-1.6222340870299377, 54.925890571437776], [-1.6228575436398387, 54.92624989064643], [-1.6241044568596408, 54.92624989064643], [-1.6247279134695418, 54.92660920985509], [-1.6247279134695418, 54.9273278482724], [-1.625974826689344, 54.92804648668971], [-1.625974826689344, 54.92876512510702], [-1.6247279134695418, 54.92948376352433], [-1.6247279134695418, 54.93020240194164], [-1.6253513700794429, 54.9305617211503], [-1.626598283299245, 54.92984308273299], [-1.627845196519047, 54.9305617211503], [-1.629092109738849, 54.9305617211503], [-1.6297155663487501, 54.93092104035895], [-1.6297155663487501, 54.931639678776264], [-1.6303390229586512, 54.93199899798492], [-1.6353266758378595, 54.93199899798492], [-1.6365735890576616, 54.93128035956761], [-1.6378205022774637, 54.93128035956761], [-1.6384439588873647, 54.931639678776264], [-1.6384439588873647, 54.932358317193575], [-1.6403143287170678, 54.93343627481954], [-1.642808155156672, 54.93343627481954], [-1.644055068376474, 54.93415491323685], [-1.6453019815962762, 54.93415491323685], [-1.6477958080358803, 54.93271763640223], [-1.6484192646457814, 54.933076955610886], [-1.6484192646457814, 54.93451423244551], [-1.6471723514259793, 54.93523287086282], [-1.6471723514259793, 54.93595150928013], [-1.6484192646457814, 54.93667014769744], [-1.6484192646457814, 54.93810742453206], [-1.6527834609150887, 54.94062265899265], [-1.6540303741348907, 54.93990402057534], [-1.6559007439645939, 54.94098197820131], [-1.6559007439645939, 54.94170061661862], [-1.656524200574495, 54.942059935827274], [-1.657771113794297, 54.942059935827274], [-1.659018027014099, 54.94134129740996], [-1.6602649402339011, 54.94134129740996], [-1.6608883968438022, 54.94170061661862], [-1.6608883968438022, 54.94313789345324], [-1.6615118534537032, 54.943497212661896], [-1.6627587666735053, 54.943497212661896], [-1.6633822232834063, 54.94313789345324], [-1.6633822232834063, 54.94241925503593], [-1.6640056798933074, 54.942059935827274], [-1.6652525931131095, 54.942778574244585], [-1.6677464195527136, 54.942778574244585], [-1.6689933327725157, 54.943497212661896], [-1.6702402459923178, 54.943497212661896], [-1.6708637026022188, 54.94313789345324], [-1.6708637026022188, 54.94241925503593], [-1.6714871592121199, 54.942059935827274], [-1.672734072431922, 54.942778574244585], [-1.673357529041823, 54.94313789345324], [-1.673357529041823, 54.94385653187055], [-1.673980985651724, 54.94421585107921], [-1.6777217253111303, 54.942059935827274], [-1.6802155517507344, 54.942059935827274], [-1.6808390083606355, 54.94241925503593], [-1.6789686385309324, 54.943497212661896], [-1.6777217253111303, 54.943497212661896], [-1.6770982687012292, 54.94385653187055], [-1.6770982687012292, 54.94457517028786], [-1.6783451819210313, 54.94529380870517], [-1.6783451819210313, 54.946731085539795], [-1.6777217253111303, 54.94709040474845], [-1.6689933327725157, 54.94709040474845], [-1.6677464195527136, 54.94780904316576], [-1.6664995063329116, 54.94780904316576], [-1.6658760497230105, 54.94816836237442], [-1.6658760497230105, 54.94888700079173], [-1.6652525931131095, 54.949246320000384], [-1.6640056798933074, 54.949246320000384], [-1.6621353100636043, 54.94816836237442], [-1.6633822232834063, 54.94744972395711], [-1.6615118534537032, 54.94637176633114], [-1.6608883968438022, 54.946731085539795], [-1.6608883968438022, 54.94888700079173], [-1.6602649402339011, 54.949246320000384], [-1.659018027014099, 54.949246320000384], [-1.658394570404198, 54.94960563920904], [-1.659018027014099, 54.949964958417695], [-1.6602649402339011, 54.949964958417695], [-1.6608883968438022, 54.95032427762635], [-1.6602649402339011, 54.950683596835006], [-1.659018027014099, 54.950683596835006], [-1.657771113794297, 54.95140223525232], [-1.6552772873546928, 54.95140223525232], [-1.6546538307447918, 54.95176155446097], [-1.6546538307447918, 54.953198831295595], [-1.656524200574495, 54.95427678892156], [-1.657147657184396, 54.953917469712906], [-1.657147657184396, 54.953198831295595], [-1.657771113794297, 54.95283951208694], [-1.659018027014099, 54.95355815050425], [-1.6602649402339011, 54.95355815050425], [-1.6608883968438022, 54.953198831295595], [-1.6608883968438022, 54.952480192878284], [-1.6615118534537032, 54.95212087366963], [-1.6640056798933074, 54.95212087366963], [-1.6658760497230105, 54.953198831295595], [-1.6658760497230105, 54.953917469712906], [-1.6671229629428126, 54.95463610813022], [-1.6671229629428126, 54.95535474654753], [-1.6677464195527136, 54.95571406575618], [-1.6689933327725157, 54.95571406575618], [-1.6702402459923178, 54.956432704173494], [-1.6714871592121199, 54.956432704173494], [-1.672734072431922, 54.95571406575618], [-1.6764748120913282, 54.95571406575618], [-1.6783451819210313, 54.95679202338215], [-1.6783451819210313, 54.95822930021677], [-1.6770982687012292, 54.95894793863408], [-1.6795920951408334, 54.960385215468705], [-1.6789686385309324, 54.96074453467736], [-1.6764748120913282, 54.95930725784274], [-1.6758513554814272, 54.959666577051394], [-1.6758513554814272, 54.961103853886016], [-1.6764748120913282, 54.96146317309467], [-1.6789686385309324, 54.96146317309467], [-1.6795920951408334, 54.96182249230333], [-1.6797479592933087, 54.96325976913795], [-1.6789686385309324, 54.963619088346604], [-1.6777217253111303, 54.96290044992929], [-1.673980985651724, 54.96290044992929], [-1.672734072431922, 54.96218181151198], [-1.6677464195527136, 54.96290044992929], [-1.6664995063329116, 54.96299027973146], [-1.6652525931131095, 54.96299027973146], [-1.659018027014099, 54.962271641314146], [-1.6552772873546928, 54.960834364479524], [-1.6477958080358803, 54.9593970876449], [-1.64156124193687, 54.95867844922759], [-1.6378205022774637, 54.95795981081028], [-1.6353266758378595, 54.95724117239297], [-1.6328328493982553, 54.95724117239297], [-1.6228575436398387, 54.96011572606221], [-1.6191168039804325, 54.960834364479524], [-1.6103884114418179, 54.9658648334007], [-1.6029069321230054, 54.968739387069945], [-1.6006179039302582, 54.96917913528751], [-1.6016600189032033, 54.96927836588293], [-1.6054007585626096, 54.96855972746562], [-1.6091414982220158, 54.967122450630995], [-1.6141291511012241, 54.96496653537906], [-1.6203637172002345, 54.96209198170982], [-1.6241044568596408, 54.960654704875196], [-1.627845196519047, 54.959936066457885], [-1.6390674154972658, 54.959936066457885], [-1.6453019815962762, 54.960654704875196], [-1.6490427212556824, 54.96137334329251], [-1.6540303741348907, 54.96281062012713], [-1.6615118534537032, 54.96424789696175], [-1.6702402459923178, 54.96496653537906], [-1.673980985651724, 54.965056365181226], [-1.6747603064141003, 54.96541568438988], [-1.6777217253111303, 54.96568517379637], [-1.6789686385309324, 54.96577500359854], [-1.6802155517507344, 54.96577500359854], [-1.6808390083606355, 54.96613432280719], [-1.6808390083606355, 54.967571599641815], [-1.6802155517507344, 54.96793091885047], [-1.6789686385309324, 54.96793091885047], [-1.6758513554814272, 54.96972751489375], [-1.6777217253111303, 54.970805472519714], [-1.6789686385309324, 54.970805472519714], [-1.6795920951408334, 54.97116479172837], [-1.6795920951408334, 54.9733207069803], [-1.6802155517507344, 54.97368002618896], [-1.6814624649705365, 54.97368002618896], [-1.6820859215804376, 54.9733207069803], [-1.6820859215804376, 54.97188343014568], [-1.6839562914101407, 54.970805472519714], [-1.6845797480200417, 54.97116479172837], [-1.6845797480200417, 54.97260206856299], [-1.6852032046299428, 54.97296138777165], [-1.687697031069547, 54.97296138777165], [-1.688320487679448, 54.9733207069803], [-1.688320487679448, 54.974757983814925], [-1.687073574459646, 54.975476622232236], [-1.687073574459646, 54.97691389906686], [-1.687697031069547, 54.97727321827551], [-1.688943944289349, 54.97727321827551], [-1.6914377707289532, 54.978710495110136], [-1.6920612273388542, 54.97835117590148], [-1.6920612273388542, 54.97763253748417], [-1.6926846839487553, 54.97727321827551], [-1.6933081405586563, 54.97763253748417], [-1.6933081405586563, 54.97906981431879], [-1.6945550537784584, 54.9797884527361], [-1.6945550537784584, 54.98050709115341], [-1.6958019669982605, 54.981225729570724], [-1.6958019669982605, 54.982663006405346], [-1.6964254236081615, 54.983022325614], [-1.6970488802180625, 54.982663006405346], [-1.6970488802180625, 54.981944367988035], [-1.6976723368279636, 54.98158504877938], [-1.7007896198774688, 54.98338164482266], [-1.7007896198774688, 54.98481892165728], [-1.7014130764873698, 54.985178240865935], [-1.702659989707172, 54.985178240865935], [-1.703906902926974, 54.985896879283246], [-1.7064007293665782, 54.984459602448624], [-1.7070241859764792, 54.98481892165728], [-1.7070241859764792, 54.98553756007459]]], [[[-1.5262217691051774, 54.974757983814925], [-1.5262217691051774, 54.975476622232236], [-1.5274686823249795, 54.97619526064955], [-1.5262217691051774, 54.97691389906686], [-1.5262217691051774, 54.97763253748417], [-1.5243513992754743, 54.978710495110136], [-1.52185757283587, 54.978710495110136], [-1.519987203006167, 54.97763253748417], [-1.519987203006167, 54.97691389906686], [-1.519363746396266, 54.9765545798582], [-1.5168699199566618, 54.9765545798582], [-1.5162464633467607, 54.97619526064955], [-1.5162464633467607, 54.975476622232236], [-1.5149995501269586, 54.974757983814925], [-1.5162464633467607, 54.974039345397614], [-1.5162464633467607, 54.9733207069803], [-1.5168699199566618, 54.97296138777165], [-1.5181168331764638, 54.97296138777165], [-1.5187402897863649, 54.97260206856299], [-1.5187402897863649, 54.97188343014568], [-1.519363746396266, 54.971524110937025], [-1.520610659616068, 54.971524110937025], [-1.52185757283587, 54.972242749354336], [-1.5231044860556722, 54.972242749354336], [-1.5243513992754743, 54.971524110937025], [-1.5249748558853753, 54.97188343014568], [-1.5249748558853753, 54.974039345397614], [-1.5262217691051774, 54.974757983814925]]], [[[-1.521234116225969, 54.99344258266501], [-1.5181168331764638, 54.99523917870829], [-1.5168699199566618, 54.99452054029098], [-1.5156230067368597, 54.99452054029098], [-1.5143760935170576, 54.99523917870829], [-1.5131291802972555, 54.99452054029098], [-1.5106353538576514, 54.99452054029098], [-1.5100118972477503, 54.99416122108232], [-1.5100118972477503, 54.99344258266501], [-1.5087649840279482, 54.9927239442477], [-1.5093884406378493, 54.992364625039045], [-1.5106353538576514, 54.992364625039045], [-1.5125057236873545, 54.99128666741308], [-1.5112588104675524, 54.99056802899577], [-1.5112588104675524, 54.989849390578456], [-1.5118822670774534, 54.9894900713698], [-1.5131291802972555, 54.9894900713698], [-1.5143760935170576, 54.98877143295249], [-1.5149995501269586, 54.989130752161145], [-1.5149995501269586, 54.989849390578456], [-1.5156230067368597, 54.99020870978711], [-1.5168699199566618, 54.99020870978711], [-1.5174933765665628, 54.989849390578456], [-1.5174933765665628, 54.989130752161145], [-1.5181168331764638, 54.98877143295249], [-1.519987203006167, 54.989849390578456], [-1.519987203006167, 54.99056802899577], [-1.5187402897863649, 54.99128666741308], [-1.521234116225969, 54.9927239442477], [-1.521234116225969, 54.99344258266501]]], [[[-1.6359501324477606, 55.06530642439611], [-1.6371970456675626, 55.066025062813424], [-1.6371970456675626, 55.067462339648046], [-1.6365735890576616, 55.0678216588567], [-1.6353266758378595, 55.06710302043939], [-1.6340797626180574, 55.06710302043939], [-1.6334563060081564, 55.067462339648046], [-1.6334563060081564, 55.07033689331729], [-1.6328328493982553, 55.070696212525945], [-1.6315859361784533, 55.070696212525945], [-1.6297155663487501, 55.06961825489998], [-1.6297155663487501, 55.067462339648046], [-1.6309624795685522, 55.066743701230735], [-1.628468653128948, 55.06530642439611], [-1.6309624795685522, 55.06386914756149], [-1.6309624795685522, 55.06315050914418], [-1.6315859361784533, 55.062791189935524], [-1.6328328493982553, 55.062791189935524], [-1.6334563060081564, 55.06315050914418], [-1.6334563060081564, 55.06386914756149], [-1.6340797626180574, 55.064228466770146], [-1.6353266758378595, 55.064228466770146], [-1.6359501324477606, 55.0645877859788], [-1.6359501324477606, 55.06530642439611]]], [[[-1.5181168331764638, 55.03620156849502], [-1.5168699199566618, 55.03692020691233], [-1.5162464633467607, 55.03656088770367], [-1.5162464633467607, 55.03584224928636], [-1.5174933765665628, 55.03512361086905], [-1.5174933765665628, 55.03440497245174], [-1.5168699199566618, 55.03404565324308], [-1.5143760935170576, 55.035482930077706], [-1.5131291802972555, 55.035482930077706], [-1.5125057236873545, 55.03512361086905], [-1.5137526369071566, 55.03440497245174], [-1.5137526369071566, 55.03368633403443], [-1.5112588104675524, 55.032249057199806], [-1.5112588104675524, 55.031530418782495], [-1.5143760935170576, 55.02973382273922], [-1.5181168331764638, 55.02973382273922], [-1.5187402897863649, 55.02937450353056], [-1.5187402897863649, 55.02865586511325], [-1.519363746396266, 55.028296545904595], [-1.520610659616068, 55.028296545904595], [-1.52185757283587, 55.027577907487284], [-1.5243513992754743, 55.027577907487284], [-1.5249748558853753, 55.02793722669594], [-1.5249748558853753, 55.02865586511325], [-1.5237279426655732, 55.02937450353056], [-1.5237279426655732, 55.031530418782495], [-1.5243513992754743, 55.03188973799115], [-1.5268452257150784, 55.03188973799115], [-1.5293390521546826, 55.03045246115653], [-1.5299625087645836, 55.030811780365184], [-1.5287155955447815, 55.031530418782495], [-1.5299625087645836, 55.032249057199806], [-1.5299625087645836, 55.03368633403443], [-1.5305859653744847, 55.03404565324308], [-1.5318328785942867, 55.03332701482577], [-1.5324563352041878, 55.03368633403443], [-1.5324563352041878, 55.03440497245174], [-1.5337032484239899, 55.03512361086905], [-1.5337032484239899, 55.03584224928636], [-1.5330797918140888, 55.03620156849502], [-1.5318328785942867, 55.035482930077706], [-1.5305859653744847, 55.03620156849502], [-1.5255983124952763, 55.03620156849502], [-1.5249748558853753, 55.03656088770367], [-1.5249748558853753, 55.037998164538294], [-1.5243513992754743, 55.03835748374695], [-1.52185757283587, 55.03835748374695], [-1.520610659616068, 55.03763884532964], [-1.519363746396266, 55.03763884532964], [-1.5187402897863649, 55.03727952612098], [-1.5187402897863649, 55.03656088770367], [-1.5181168331764638, 55.03620156849502]]], [[[-1.4987896782695316, 55.03727952612098], [-1.4994131348794326, 55.03692020691233], [-1.5006600480992347, 55.03692020691233], [-1.5012835047091357, 55.03656088770367], [-1.5012835047091357, 55.03584224928636], [-1.5000365914893337, 55.03512361086905], [-1.5025304179289378, 55.03368633403443], [-1.504400787758641, 55.03260837640846], [-1.505647700978443, 55.03332701482577], [-1.506894614198245, 55.03332701482577], [-1.5075180708081461, 55.03368633403443], [-1.5075180708081461, 55.03440497245174], [-1.5081415274180472, 55.034764291660395], [-1.5106353538576514, 55.034764291660395], [-1.5112588104675524, 55.03512361086905], [-1.5112588104675524, 55.03584224928636], [-1.5125057236873545, 55.03656088770367], [-1.5100118972477503, 55.037998164538294], [-1.5100118972477503, 55.039435441372916], [-1.5081415274180472, 55.04051339899888], [-1.506894614198245, 55.04051339899888], [-1.505647700978443, 55.041232037416194], [-1.5019069613190368, 55.041232037416194], [-1.5012835047091357, 55.04087271820754], [-1.5012835047091357, 55.04015407979023], [-1.4987896782695316, 55.038716802955605], [-1.4987896782695316, 55.03727952612098]]], [[[-1.6702402459923178, 54.95140223525232], [-1.6789686385309324, 54.95140223525232], [-1.6802155517507344, 54.95212087366963], [-1.6814624649705365, 54.95140223525232], [-1.6852032046299428, 54.95140223525232], [-1.6858266612398438, 54.95176155446097], [-1.6845797480200417, 54.952480192878284], [-1.6839562914101407, 54.95283951208694], [-1.6814624649705365, 54.95283951208694], [-1.6808390083606355, 54.953198831295595], [-1.6808390083606355, 54.953917469712906], [-1.6802155517507344, 54.95427678892156], [-1.6789686385309324, 54.95427678892156], [-1.6777217253111303, 54.95499542733887], [-1.6752278988715261, 54.95499542733887], [-1.672734072431922, 54.95355815050425], [-1.6714871592121199, 54.95355815050425], [-1.6708637026022188, 54.953198831295595], [-1.6708637026022188, 54.952480192878284], [-1.6696167893824168, 54.95176155446097], [-1.6702402459923178, 54.95140223525232]]], [[[-1.4221045152517036, 54.943497212661896], [-1.4233514284715056, 54.94421585107921], [-1.4245983416913077, 54.94421585107921], [-1.4258452549111098, 54.943497212661896], [-1.4270921681309119, 54.943497212661896], [-1.428339081350714, 54.94421585107921], [-1.428962537960615, 54.94457517028786], [-1.427715624740813, 54.94529380870517], [-1.427715624740813, 54.946012447122484], [-1.4264687115210108, 54.946731085539795], [-1.428962537960615, 54.94816836237442], [-1.428339081350714, 54.94852768158307], [-1.4258452549111098, 54.94852768158307], [-1.4245983416913077, 54.94780904316576], [-1.4233514284715056, 54.94852768158307], [-1.4221045152517036, 54.94852768158307], [-1.4214810586418025, 54.94888700079173], [-1.4214810586418025, 54.95032427762635], [-1.4208576020319015, 54.950683596835006], [-1.4196106888120994, 54.950683596835006], [-1.4183637755922973, 54.949964958417695], [-1.4171168623724952, 54.950683596835006], [-1.41399957932299, 54.94888700079173], [-1.414623035932891, 54.94852768158307], [-1.4158699491526932, 54.949246320000384], [-1.4164934057625942, 54.94888700079173], [-1.4164934057625942, 54.94816836237442], [-1.4152464925427921, 54.94744972395711], [-1.4152464925427921, 54.946731085539795], [-1.4158699491526932, 54.94637176633114], [-1.4171168623724952, 54.94637176633114], [-1.4189872322021984, 54.94529380870517], [-1.4189872322021984, 54.94457517028786], [-1.4208576020319015, 54.943497212661896], [-1.4221045152517036, 54.943497212661896]]], [[[-1.4969193084398285, 54.956432704173494], [-1.4962958518299274, 54.95679202338215], [-1.4975427650497295, 54.95751066179946], [-1.4962958518299274, 54.95822930021677], [-1.4962958518299274, 54.95894793863408], [-1.4969193084398285, 54.95930725784274], [-1.4981662216596305, 54.95930725784274], [-1.4987896782695316, 54.959666577051394], [-1.4987896782695316, 54.961103853886016], [-1.4956723952200264, 54.96290044992929], [-1.4944254820002243, 54.96290044992929], [-1.4938020253903233, 54.96325976913795], [-1.4938020253903233, 54.96397840755526], [-1.4919316555606201, 54.965056365181226], [-1.490684742340818, 54.964337726763915], [-1.489437829121016, 54.965056365181226], [-1.4881909159012139, 54.964337726763915], [-1.4794625233625993, 54.964337726763915], [-1.4769686969229952, 54.96290044992929], [-1.473227957263589, 54.96290044992929], [-1.4726045006536879, 54.96254113072064], [-1.4726045006536879, 54.96182249230333], [-1.47385141387349, 54.961103853886016], [-1.47385141387349, 54.959666577051394], [-1.473227957263589, 54.95930725784274], [-1.4719810440437868, 54.95930725784274], [-1.4707341308239847, 54.96002589626005], [-1.4682403043843806, 54.96002589626005], [-1.4676168477744795, 54.960385215468705], [-1.4676168477744795, 54.961103853886016], [-1.4688637609942816, 54.96182249230333], [-1.4676168477744795, 54.96254113072064], [-1.4676168477744795, 54.96325976913795], [-1.4663699345546775, 54.96397840755526], [-1.4663699345546775, 54.96469704597257], [-1.4657464779447764, 54.965056365181226], [-1.4644995647249743, 54.965056365181226], [-1.4632526515051723, 54.964337726763915], [-1.4626291948952712, 54.96469704597257], [-1.4626291948952712, 54.96541568438988], [-1.4620057382853702, 54.96577500359854], [-1.460758825065568, 54.96577500359854], [-1.4570180854061618, 54.96793091885047], [-1.4557711721863598, 54.96793091885047], [-1.4551477155764587, 54.967571599641815], [-1.4570180854061618, 54.96649364201585], [-1.458264998625964, 54.96649364201585], [-1.458888455235865, 54.96613432280719], [-1.4576415420160629, 54.96541568438988], [-1.4576415420160629, 54.96469704597257], [-1.4570180854061618, 54.964337726763915], [-1.4557711721863598, 54.964337726763915], [-1.4551477155764587, 54.96397840755526], [-1.4551477155764587, 54.961103853886016], [-1.4563946287962608, 54.960385215468705], [-1.4557711721863598, 54.96002589626005], [-1.4545242589665577, 54.96002589626005], [-1.4539008023566566, 54.960385215468705], [-1.4539008023566566, 54.961103853886016], [-1.4532773457467556, 54.96146317309467], [-1.4520304325269535, 54.96146317309467], [-1.4501600626972504, 54.960385215468705], [-1.4501600626972504, 54.95894793863408], [-1.4507835193071514, 54.95858861942543], [-1.4520304325269535, 54.95858861942543], [-1.4526538891368546, 54.95822930021677], [-1.4514069759170525, 54.95751066179946], [-1.4545242589665577, 54.95571406575618], [-1.4570180854061618, 54.95571406575618], [-1.4576415420160629, 54.95535474654753], [-1.4576415420160629, 54.95463610813022], [-1.458264998625964, 54.95427678892156], [-1.4620057382853702, 54.95427678892156], [-1.4626291948952712, 54.95463610813022], [-1.4626291948952712, 54.95535474654753], [-1.4632526515051723, 54.95571406575618], [-1.4682403043843806, 54.95571406575618], [-1.4694872176041827, 54.956432704173494], [-1.4707341308239847, 54.956432704173494], [-1.4713575874338858, 54.95607338496484], [-1.4713575874338858, 54.95463610813022], [-1.4701106742140837, 54.953917469712906], [-1.4707341308239847, 54.95355815050425], [-1.473227957263589, 54.95355815050425], [-1.475721783703193, 54.95212087366963], [-1.4769686969229952, 54.95283951208694], [-1.4775921535328962, 54.952480192878284], [-1.4775921535328962, 54.95176155446097], [-1.4794625233625993, 54.950683596835006], [-1.4819563498022035, 54.950683596835006], [-1.4825798064121045, 54.95032427762635], [-1.4825798064121045, 54.94960563920904], [-1.4832032630220056, 54.949246320000384], [-1.4844501762418076, 54.949964958417695], [-1.4856970894616097, 54.949964958417695], [-1.4875674592913128, 54.95104291604366], [-1.4875674592913128, 54.952480192878284], [-1.4881909159012139, 54.95283951208694], [-1.489437829121016, 54.95283951208694], [-1.490684742340818, 54.95212087366963], [-1.4919316555606201, 54.95212087366963], [-1.4938020253903233, 54.953198831295595], [-1.4938020253903233, 54.953917469712906], [-1.4944254820002243, 54.95427678892156], [-1.4981662216596305, 54.95427678892156], [-1.5000365914893337, 54.95535474654753], [-1.4981662216596305, 54.956432704173494], [-1.4969193084398285, 54.956432704173494]]]]}}, {"type": "Feature", "properties": {"band_id": "under_10", "order": 4}, "geometry": {"type": "MultiPolygon", "coordinates": [[[[-1.6314568481757306, 54.97681909626044], [-1.631769043917302, 54.97681909626044], [-1.631847092852695, 54.97686401071405], [-1.631847092852695, 54.976953839621274], [-1.6320031907234807, 54.977043668528495], [-1.6320031907234807, 54.977133497435716], [-1.6320812396588735, 54.97717841188933], [-1.6322373375296593, 54.97717841188933], [-1.632393435400445, 54.97717841188933], [-1.6324714843358379, 54.97722332634294], [-1.6324714843358379, 54.97731315525016], [-1.6323153864650521, 54.97740298415738], [-1.6323153864650521, 54.9774928130646], [-1.6324714843358379, 54.97758264197182], [-1.6324714843358379, 54.97767247087904], [-1.6321592885942664, 54.977852128693485], [-1.6324714843358379, 54.97803178650793], [-1.6324714843358379, 54.97821144432237], [-1.6323153864650521, 54.97830127322959], [-1.6323153864650521, 54.97839110213681], [-1.6322373375296593, 54.97843601659042], [-1.6320812396588735, 54.97843601659042], [-1.6320031907234807, 54.97848093104403], [-1.6320031907234807, 54.97857075995125], [-1.631769043917302, 54.978705503312085], [-1.6314568481757306, 54.978705503312085], [-1.6313007503049448, 54.978795332219306], [-1.631144652434159, 54.978795332219306], [-1.6309105056279805, 54.978660588858475], [-1.6309105056279805, 54.97857075995125], [-1.6307544077571947, 54.97848093104403], [-1.6307544077571947, 54.97839110213681], [-1.6306763588218018, 54.9783461876832], [-1.630520260951016, 54.9783461876832], [-1.6304422120156232, 54.97839110213681], [-1.6304422120156232, 54.97848093104403], [-1.6302861141448375, 54.97857075995125], [-1.6302861141448375, 54.978660588858475], [-1.6302080652094446, 54.978705503312085], [-1.6300519673386589, 54.978705503312085], [-1.6298958694678731, 54.978615674404864], [-1.6292714779847302, 54.978615674404864], [-1.6289592822431587, 54.978795332219306], [-1.628803184372373, 54.978795332219306], [-1.6286470865015872, 54.978705503312085], [-1.6283348907600157, 54.978705503312085], [-1.62817879288923, 54.978615674404864], [-1.6278665971476585, 54.978615674404864], [-1.6277885482122656, 54.97857075995125], [-1.6277885482122656, 54.97839110213681], [-1.6276324503414799, 54.97830127322959], [-1.6276324503414799, 54.97812161541515], [-1.627476352470694, 54.97803178650793], [-1.627476352470694, 54.977941957600706], [-1.6272422056645155, 54.977807214239874], [-1.6270861077937298, 54.977807214239874], [-1.6267739120521583, 54.977986872054316], [-1.6266178141813725, 54.977986872054316], [-1.6264617163105868, 54.97807670096154], [-1.626305618439801, 54.977986872054316], [-1.6261495205690153, 54.97807670096154], [-1.6259934226982296, 54.97807670096154], [-1.6258373248274438, 54.97816652986876], [-1.6255251290858723, 54.97816652986876], [-1.6252909822796937, 54.97803178650793], [-1.6252909822796937, 54.97767247087904], [-1.6253690312150866, 54.97762755642543], [-1.6255251290858723, 54.97762755642543], [-1.625759275892051, 54.9774928130646], [-1.625759275892051, 54.97722332634294], [-1.625681226956658, 54.97717841188933], [-1.6255251290858723, 54.97717841188933], [-1.6254470801504795, 54.97722332634294], [-1.6254470801504795, 54.97731315525016], [-1.6253690312150866, 54.97735806970377], [-1.625056835473515, 54.97735806970377], [-1.6249007376027294, 54.97744789861099], [-1.6247446397319436, 54.97744789861099], [-1.6246665907965507, 54.97740298415738], [-1.6246665907965507, 54.97731315525016], [-1.6249787865381222, 54.977133497435716], [-1.6249787865381222, 54.97686401071405], [-1.625056835473515, 54.97681909626044], [-1.6252129333443008, 54.97681909626044], [-1.6252909822796937, 54.97677418180683], [-1.6252909822796937, 54.97650469508517], [-1.6253690312150866, 54.97645978063156], [-1.625681226956658, 54.97645978063156], [-1.625759275892051, 54.97641486617795], [-1.6254470801504795, 54.976235208363505], [-1.6254470801504795, 54.97605555054906], [-1.6253690312150866, 54.97601063609545], [-1.6252129333443008, 54.97610046500267], [-1.6249007376027294, 54.97610046500267], [-1.6248226886673365, 54.976145379456284], [-1.6248226886673365, 54.976325037270726], [-1.6247446397319436, 54.97636995172434], [-1.6245885418611579, 54.97636995172434], [-1.6242763461195864, 54.97654960953878], [-1.623964150378015, 54.97654960953878], [-1.6238080525072291, 54.976639438446], [-1.6236519546364434, 54.976639438446], [-1.6234178078302648, 54.97677418180683], [-1.6234178078302648, 54.977043668528495], [-1.623339758894872, 54.977088582982105], [-1.6231836610240862, 54.977088582982105], [-1.6230275631533004, 54.97717841188933], [-1.6228714652825147, 54.97717841188933], [-1.622715367411729, 54.97726824079655], [-1.6222470737993717, 54.97726824079655], [-1.6221690248639788, 54.97722332634294], [-1.6221690248639788, 54.977043668528495], [-1.622090975928586, 54.976998754074884], [-1.6219348780578002, 54.977088582982105], [-1.6218568291224074, 54.977043668528495], [-1.622012926993193, 54.976953839621274], [-1.622012926993193, 54.97677418180683], [-1.6219348780578002, 54.97672926735322], [-1.6217787801870145, 54.97672926735322], [-1.6217007312516216, 54.97677418180683], [-1.6217007312516216, 54.97686401071405], [-1.6216226823162287, 54.97690892516766], [-1.621466584445443, 54.97681909626044], [-1.6213104865746573, 54.97681909626044], [-1.6211543887038715, 54.97672926735322], [-1.6209982908330858, 54.97672926735322], [-1.6208421929623, 54.976639438446], [-1.6206080461561214, 54.97677418180683], [-1.6206080461561214, 54.97686401071405], [-1.6206860950915143, 54.97690892516766], [-1.6208421929623, 54.97690892516766], [-1.6209982908330858, 54.976998754074884], [-1.6211543887038715, 54.976998754074884], [-1.6212324376392644, 54.977043668528495], [-1.6212324376392644, 54.97722332634294], [-1.6210763397684786, 54.97731315525016], [-1.6210763397684786, 54.9774928130646], [-1.6208421929623, 54.97762755642543], [-1.6204519482853357, 54.97740298415738], [-1.6204519482853357, 54.97731315525016], [-1.6200617036083713, 54.977088582982105], [-1.6199836546729784, 54.977133497435716], [-1.6199836546729784, 54.97731315525016], [-1.6198275568021927, 54.97740298415738], [-1.6198275568021927, 54.9774928130646], [-1.619671458931407, 54.97758264197182], [-1.619671458931407, 54.97767247087904], [-1.6197495078667998, 54.97771738533265], [-1.6199056057375856, 54.97762755642543], [-1.6200617036083713, 54.97762755642543], [-1.6201397525437642, 54.97767247087904], [-1.6201397525437642, 54.977762299786264], [-1.620217801479157, 54.977807214239874], [-1.6203738993499428, 54.977807214239874], [-1.6205299972207285, 54.977897043147095], [-1.6206860950915143, 54.977897043147095], [-1.6208421929623, 54.977986872054316], [-1.6209982908330858, 54.977986872054316], [-1.6211543887038715, 54.97807670096154], [-1.6213104865746573, 54.97807670096154], [-1.6213885355100501, 54.97812161541515], [-1.6210763397684786, 54.97830127322959], [-1.6212324376392644, 54.97839110213681], [-1.6210763397684786, 54.97848093104403], [-1.6210763397684786, 54.97857075995125], [-1.6212324376392644, 54.978660588858475], [-1.6212324376392644, 54.97928939120902], [-1.6211543887038715, 54.97933430566263], [-1.6209982908330858, 54.97933430566263], [-1.6208421929623, 54.97924447675541], [-1.6206860950915143, 54.97924447675541], [-1.6206080461561214, 54.97928939120902], [-1.6206080461561214, 54.979469049023464], [-1.6206860950915143, 54.979513963477075], [-1.6208421929623, 54.979424134569854], [-1.620920241897693, 54.979469049023464], [-1.6207641440269072, 54.979558877930685], [-1.6207641440269072, 54.97964870683791], [-1.620920241897693, 54.97973853574513], [-1.620920241897693, 54.97982836465235], [-1.6207641440269072, 54.97991819355957], [-1.620920241897693, 54.98000802246679], [-1.620920241897693, 54.98009785137401], [-1.6210763397684786, 54.98018768028123], [-1.6208421929623, 54.980322423642065], [-1.620217801479157, 54.980322423642065], [-1.6201397525437642, 54.980367338095675], [-1.6201397525437642, 54.980457167002896], [-1.6200617036083713, 54.98050208145651], [-1.6189690185128711, 54.98050208145651], [-1.6187348717066925, 54.98063682481734], [-1.6187348717066925, 54.98072665372456], [-1.6185787738359068, 54.98081648263178], [-1.6185787738359068, 54.980906311539], [-1.618422675965121, 54.98099614044622], [-1.618422675965121, 54.98162494279677], [-1.6181885291589424, 54.9817596861576], [-1.6180324312881567, 54.9817596861576], [-1.617798284481978, 54.98162494279677], [-1.617798284481978, 54.98153511388955], [-1.6179543823527638, 54.98144528498233], [-1.6177202355465852, 54.9813105416215], [-1.6176421866111923, 54.98135545607511], [-1.6176421866111923, 54.98153511388955], [-1.6173299908696208, 54.98171477170399], [-1.6176421866111923, 54.981894429518434], [-1.6174080398050137, 54.982029172879265], [-1.617251941934228, 54.982029172879265], [-1.6169397461926565, 54.98220883069371], [-1.616627550451085, 54.98220883069371], [-1.616549501515692, 54.9821639162401], [-1.616549501515692, 54.982074087332876], [-1.6164714525802992, 54.982029172879265], [-1.6158470610971563, 54.982029172879265], [-1.6157690121617634, 54.981984258425655], [-1.6157690121617634, 54.981894429518434], [-1.6158470610971563, 54.98184951506482], [-1.616003158967942, 54.98184951506482], [-1.6160812079033349, 54.98180460061121], [-1.6160812079033349, 54.98171477170399], [-1.6159251100325491, 54.98162494279677], [-1.6159251100325491, 54.98153511388955], [-1.6158470610971563, 54.98149019943594], [-1.615456816420192, 54.98171477170399], [-1.615456816420192, 54.981894429518434], [-1.615378767484799, 54.981939343972044], [-1.6152226696140133, 54.981939343972044], [-1.6151446206786204, 54.981984258425655], [-1.6151446206786204, 54.98243340296176], [-1.6150665717432275, 54.98247831741537], [-1.6149104738724418, 54.98247831741537], [-1.614754376001656, 54.98238848850815], [-1.6145982781308703, 54.98238848850815], [-1.6145202291954774, 54.98234357405454], [-1.6145202291954774, 54.981984258425655], [-1.6142860823892988, 54.98184951506482], [-1.614129984518513, 54.98184951506482], [-1.6138177887769416, 54.982029172879265], [-1.6131933972937986, 54.982029172879265], [-1.6131153483584058, 54.982074087332876], [-1.6131153483584058, 54.98225374514732], [-1.61295925048762, 54.98234357405454], [-1.61295925048762, 54.982792718590645], [-1.6128812015522271, 54.982837633044255], [-1.6127251036814414, 54.982747804137034], [-1.6126470547460485, 54.982792718590645], [-1.6126470547460485, 54.982882547497866], [-1.6125690058106557, 54.982927461951476], [-1.6122568100690842, 54.982927461951476], [-1.6121787611336913, 54.982882547497866], [-1.6121787611336913, 54.982792718590645], [-1.6124909568752628, 54.9826130607762], [-1.61241290793987, 54.98256814632259], [-1.6122568100690842, 54.98256814632259], [-1.6120226632629056, 54.982702889683424], [-1.6120226632629056, 54.982792718590645], [-1.6119446143275127, 54.982837633044255], [-1.6116324185859412, 54.982837633044255], [-1.6113202228443697, 54.98265797522981], [-1.611164124973584, 54.98265797522981], [-1.6108519292320125, 54.98247831741537], [-1.6106958313612267, 54.98247831741537], [-1.609915342007298, 54.982029172879265], [-1.6098372930719052, 54.982074087332876], [-1.6098372930719052, 54.9821639162401], [-1.6096811952011194, 54.98225374514732], [-1.6096811952011194, 54.98234357405454], [-1.6095250973303337, 54.98243340296176], [-1.6095250973303337, 54.98252323186898], [-1.609368999459548, 54.9826130607762], [-1.609368999459548, 54.982792718590645], [-1.609290950524155, 54.982837633044255], [-1.6090568037179764, 54.982702889683424], [-1.6090568037179764, 54.98243340296176], [-1.6089007058471907, 54.98234357405454], [-1.6089007058471907, 54.9821639162401], [-1.608744607976405, 54.982074087332876], [-1.608744607976405, 54.981984258425655], [-1.6083543632994406, 54.9817596861576], [-1.6075738739455119, 54.9817596861576], [-1.607495825010119, 54.98180460061121], [-1.607495825010119, 54.981894429518434], [-1.6076519228809047, 54.981984258425655], [-1.6076519228809047, 54.98243340296176], [-1.6078080207516905, 54.98252323186898], [-1.6078080207516905, 54.982882547497866], [-1.6079641186224762, 54.98297237640509], [-1.6079641186224762, 54.98306220531231], [-1.608042167557869, 54.98310711976592], [-1.6083543632994406, 54.98310711976592], [-1.6085104611702263, 54.98319694867314], [-1.6088226569117978, 54.98319694867314], [-1.6089007058471907, 54.98324186312675], [-1.6089007058471907, 54.983601178755634], [-1.608744607976405, 54.983691007662856], [-1.608744607976405, 54.9838706654773], [-1.6085885101056192, 54.98396049438452], [-1.6085885101056192, 54.98414015219896], [-1.6084324122348335, 54.98422998110618], [-1.6084324122348335, 54.9843198100134], [-1.6083543632994406, 54.984364724467014], [-1.608042167557869, 54.984364724467014], [-1.6078860696870834, 54.98427489555979], [-1.6077299718162976, 54.98427489555979], [-1.6076519228809047, 54.9843198100134], [-1.6076519228809047, 54.98476895454951], [-1.6078080207516905, 54.98485878345673], [-1.6078080207516905, 54.98503844127117], [-1.6078860696870834, 54.98508335572478], [-1.608042167557869, 54.98499352681756], [-1.6085104611702263, 54.98499352681756], [-1.608744607976405, 54.98512827017839], [-1.608744607976405, 54.98548758580728], [-1.6089007058471907, 54.9855774147145], [-1.6089007058471907, 54.98566724362172], [-1.608744607976405, 54.98575707252894], [-1.6089787547825836, 54.98589181588977], [-1.6091348526533693, 54.98589181588977], [-1.6092129015887622, 54.98593673034338], [-1.6091348526533693, 54.98598164479699], [-1.6089787547825836, 54.98598164479699], [-1.608666559041012, 54.986161302611436], [-1.6085104611702263, 54.986161302611436], [-1.6084324122348335, 54.986206217065046], [-1.6084324122348335, 54.98638587487949], [-1.6083543632994406, 54.9864307893331], [-1.6081982654286548, 54.98634096042588], [-1.6075738739455119, 54.98634096042588], [-1.607495825010119, 54.98638587487949], [-1.607495825010119, 54.98656553269393], [-1.6073397271393333, 54.98665536160115], [-1.6073397271393333, 54.98674519050837], [-1.6072616782039404, 54.98679010496198], [-1.606949482462369, 54.98679010496198], [-1.6067933845915832, 54.986879933869204], [-1.6066372867207974, 54.98679010496198], [-1.6064811888500117, 54.98679010496198], [-1.606325090979226, 54.986879933869204], [-1.6061689931084402, 54.986879933869204], [-1.6060909441730473, 54.986835019415594], [-1.6060909441730473, 54.98674519050837], [-1.6059348463022616, 54.98665536160115], [-1.6059348463022616, 54.98638587487949], [-1.6058567973668687, 54.98634096042588], [-1.6055446016252972, 54.98634096042588], [-1.6053104548191186, 54.98647570378671], [-1.6053104548191186, 54.98656553269393], [-1.6052324058837257, 54.98661044714754], [-1.60507630801294, 54.98661044714754], [-1.6049982590775471, 54.98656553269393], [-1.6049982590775471, 54.98647570378671], [-1.6048421612067614, 54.98638587487949], [-1.6048421612067614, 54.98629604597227], [-1.60452996546519, 54.986116388157825], [-1.60452996546519, 54.9855774147145], [-1.6046080144005828, 54.98553250026089], [-1.6049202101421542, 54.98553250026089], [-1.6049982590775471, 54.98548758580728], [-1.6049982590775471, 54.985397756900056], [-1.6051543569483329, 54.985307927992835], [-1.6051543569483329, 54.98512827017839], [-1.6052324058837257, 54.98508335572478], [-1.605700699496083, 54.98508335572478], [-1.6057787484314758, 54.98503844127117], [-1.6057787484314758, 54.98485878345673], [-1.60507630801294, 54.984454553374235], [-1.6049202101421542, 54.984454553374235], [-1.6047641122713685, 54.984364724467014], [-1.6046080144005828, 54.984364724467014], [-1.60452996546519, 54.984409638920624], [-1.6049982590775471, 54.98467912564229], [-1.6049982590775471, 54.98494861236395], [-1.6047641122713685, 54.98508335572478], [-1.6041397207882255, 54.98508335572478], [-1.6039836229174398, 54.98499352681756], [-1.603827525046654, 54.98499352681756], [-1.6037494761112612, 54.98503844127117], [-1.6037494761112612, 54.98512827017839], [-1.6035153293050826, 54.985263013539225], [-1.6033592314342968, 54.985263013539225], [-1.6030470356927253, 54.98508335572478], [-1.6028909378219396, 54.98508335572478], [-1.6028128888865467, 54.98503844127117], [-1.6028128888865467, 54.98476895454951], [-1.6027348399511538, 54.9847240400959], [-1.602578742080368, 54.9847240400959], [-1.6024226442095824, 54.98481386900312], [-1.6019543505972251, 54.984544382281456], [-1.6016421548556536, 54.984544382281456], [-1.601408008049475, 54.984409638920624], [-1.6016421548556536, 54.98427489555979], [-1.6019543505972251, 54.98427489555979], [-1.602032399532618, 54.9843198100134], [-1.602032399532618, 54.984409638920624], [-1.6021104484680109, 54.984454553374235], [-1.6022665463387966, 54.984454553374235], [-1.6024226442095824, 54.984364724467014], [-1.6027348399511538, 54.984364724467014], [-1.6028128888865467, 54.9843198100134], [-1.6028128888865467, 54.98422998110618], [-1.6022665463387966, 54.98391557993091], [-1.6019543505972251, 54.98409523774535], [-1.6017982527264394, 54.98400540883813], [-1.6016421548556536, 54.98400540883813], [-1.6015641059202608, 54.98405032329174], [-1.6015641059202608, 54.98414015219896], [-1.6013299591140822, 54.98427489555979], [-1.6010177633725107, 54.98409523774535], [-1.600861665501725, 54.98409523774535], [-1.6003933718893677, 54.984364724467014], [-1.6003153229539748, 54.9843198100134], [-1.6003153229539748, 54.9838706654773], [-1.600159225083189, 54.98378083657008], [-1.600237274018582, 54.983735922116466], [-1.6003933718893677, 54.983735922116466], [-1.6005494697601534, 54.983646093209245], [-1.6007055676309392, 54.983646093209245], [-1.600783616566332, 54.983601178755634], [-1.600783616566332, 54.98342152094119], [-1.6006275186955463, 54.98333169203397], [-1.6006275186955463, 54.98324186312675], [-1.6007055676309392, 54.98319694867314], [-1.6010177633725107, 54.98319694867314], [-1.6011738612432964, 54.98310711976592], [-1.6016421548556536, 54.98310711976592], [-1.6017982527264394, 54.98319694867314], [-1.6021104484680109, 54.98319694867314], [-1.6023445952741895, 54.98306220531231], [-1.6023445952741895, 54.982792718590645], [-1.6021104484680109, 54.98265797522981], [-1.6017982527264394, 54.98265797522981], [-1.6017202037910465, 54.982702889683424], [-1.6017202037910465, 54.982792718590645], [-1.6016421548556536, 54.982837633044255], [-1.601486056984868, 54.982837633044255], [-1.601408008049475, 54.982792718590645], [-1.601408008049475, 54.98234357405454], [-1.6013299591140822, 54.98229865960093], [-1.6011738612432964, 54.98229865960093], [-1.6010177633725107, 54.98238848850815], [-1.6009397144371178, 54.98234357405454], [-1.6009397144371178, 54.982074087332876], [-1.600861665501725, 54.982029172879265], [-1.6007055676309392, 54.982029172879265], [-1.6005494697601534, 54.98211900178649], [-1.6003153229539748, 54.981984258425655], [-1.6003153229539748, 54.981894429518434], [-1.600783616566332, 54.98162494279677], [-1.600783616566332, 54.98144528498233], [-1.6004714208247606, 54.981265627167886], [-1.6007055676309392, 54.981130883807054], [-1.600861665501725, 54.981220712714276], [-1.6010177633725107, 54.981130883807054], [-1.6010958123079035, 54.981175798260665], [-1.6010958123079035, 54.981265627167886], [-1.6011738612432964, 54.9813105416215], [-1.601486056984868, 54.9813105416215], [-1.6016421548556536, 54.981220712714276], [-1.6017982527264394, 54.981220712714276], [-1.6018763016618323, 54.981175798260665], [-1.6018763016618323, 54.981085969353444], [-1.6019543505972251, 54.98104105489983], [-1.6021104484680109, 54.98104105489983], [-1.6021884974034037, 54.98099614044622], [-1.6021884974034037, 54.98063682481734], [-1.6021104484680109, 54.98059191036373], [-1.6017982527264394, 54.98059191036373], [-1.6013299591140822, 54.98086139708539], [-1.6011738612432964, 54.98086139708539], [-1.6010177633725107, 54.98095122599261], [-1.600861665501725, 54.98086139708539], [-1.6003933718893677, 54.98086139708539], [-1.6003153229539748, 54.98081648263178], [-1.6003153229539748, 54.980367338095675], [-1.600237274018582, 54.980322423642065], [-1.5997689804062247, 54.980322423642065], [-1.5996909314708319, 54.980367338095675], [-1.5996909314708319, 54.980457167002896], [-1.5994567846646532, 54.98059191036373], [-1.5993006867938675, 54.98050208145651], [-1.5991445889230818, 54.98050208145651], [-1.5990665399876889, 54.980457167002896], [-1.5990665399876889, 54.980277509188454], [-1.598988491052296, 54.980232594734844], [-1.5988323931815103, 54.980232594734844], [-1.5987543442461174, 54.98018768028123], [-1.5989104421169031, 54.98009785137401], [-1.5989104421169031, 54.97991819355957], [-1.598988491052296, 54.97987327910596], [-1.5991445889230818, 54.97987327910596], [-1.5992226378584746, 54.97982836465235], [-1.5992226378584746, 54.979469049023464], [-1.5988323931815103, 54.97924447675541], [-1.5986762953107245, 54.97924447675541], [-1.5985982463753317, 54.9791995623018], [-1.5985982463753317, 54.97910973339458], [-1.5985201974399388, 54.97906481894097], [-1.5982080016983673, 54.97906481894097], [-1.5981299527629744, 54.97901990448736], [-1.5981299527629744, 54.97893007558014], [-1.598364099569153, 54.978795332219306], [-1.5985201974399388, 54.978795332219306], [-1.5985982463753317, 54.978750417765696], [-1.598442148504546, 54.978660588858475], [-1.598442148504546, 54.97857075995125], [-1.5982860506337602, 54.97848093104403], [-1.5986762953107245, 54.97825635877598], [-1.5988323931815103, 54.9783461876832], [-1.5993006867938675, 54.9783461876832], [-1.5995348336000461, 54.97821144432237], [-1.5995348336000461, 54.97803178650793], [-1.5996909314708319, 54.977941957600706], [-1.5996909314708319, 54.97767247087904], [-1.5998470293416176, 54.97758264197182], [-1.5998470293416176, 54.97740298415738], [-1.5996909314708319, 54.97731315525016], [-1.5996909314708319, 54.977133497435716], [-1.5999250782770105, 54.976998754074884], [-1.6000811761477962, 54.976998754074884], [-1.600159225083189, 54.976953839621274], [-1.600159225083189, 54.97686401071405], [-1.6003153229539748, 54.97677418180683], [-1.6003153229539748, 54.97668435289961], [-1.600159225083189, 54.97659452399239], [-1.600159225083189, 54.976325037270726], [-1.6000031272124033, 54.976235208363505], [-1.6000031272124033, 54.976145379456284], [-1.5999250782770105, 54.97610046500267], [-1.5998470293416176, 54.976145379456284], [-1.5998470293416176, 54.976235208363505], [-1.5997689804062247, 54.976280122817116], [-1.599612882535439, 54.976280122817116], [-1.5994567846646532, 54.97636995172434], [-1.5993006867938675, 54.97636995172434], [-1.5990665399876889, 54.97650469508517], [-1.5990665399876889, 54.97668435289961], [-1.5988323931815103, 54.97681909626044], [-1.5985982463753317, 54.97668435289961], [-1.5985982463753317, 54.97659452399239], [-1.598442148504546, 54.97650469508517], [-1.598442148504546, 54.976235208363505], [-1.5987543442461174, 54.97605555054906], [-1.5987543442461174, 54.97596572164184], [-1.5989104421169031, 54.97587589273462], [-1.5989104421169031, 54.9757860638274], [-1.598988491052296, 54.97574114937379], [-1.5991445889230818, 54.97574114937379], [-1.5992226378584746, 54.97569623492018], [-1.5991445889230818, 54.97565132046657], [-1.598988491052296, 54.97565132046657], [-1.5987543442461174, 54.975516577105736], [-1.5987543442461174, 54.97515726147685], [-1.598364099569153, 54.9749326892088], [-1.5982080016983673, 54.9749326892088], [-1.5980519038275816, 54.97484286030158], [-1.5975836102152243, 54.97484286030158], [-1.5975055612798315, 54.97488777475519], [-1.5975055612798315, 54.97497760366241], [-1.5973494634090457, 54.97506743256963], [-1.5973494634090457, 54.97515726147685], [-1.5975055612798315, 54.97524709038407], [-1.5975055612798315, 54.975336919291294], [-1.597817757021403, 54.975516577105736], [-1.597817757021403, 54.97596572164184], [-1.5979738548921887, 54.97605555054906], [-1.5979738548921887, 54.976145379456284], [-1.59773970808601, 54.976280122817116], [-1.5975055612798315, 54.976145379456284], [-1.5976616591506172, 54.97605555054906], [-1.5975836102152243, 54.97601063609545], [-1.5974275123444386, 54.97601063609545], [-1.59719336553826, 54.976145379456284], [-1.59719336553826, 54.976235208363505], [-1.597115316602867, 54.976280122817116], [-1.5970372676674742, 54.976235208363505], [-1.5970372676674742, 54.97569623492018], [-1.5968811697966885, 54.97560640601296], [-1.5968811697966885, 54.975426748198515], [-1.5964909251197241, 54.97520217593046], [-1.5963348272489384, 54.97520217593046], [-1.5962567783135455, 54.97515726147685], [-1.5962567783135455, 54.97506743256963], [-1.596022631507367, 54.9749326892088], [-1.5958665336365812, 54.97502251811602], [-1.5957104357657954, 54.97502251811602], [-1.5954762889596168, 54.97515726147685], [-1.5954762889596168, 54.97524709038407], [-1.5949299464118667, 54.97556149155935], [-1.5948518974764738, 54.975516577105736], [-1.5948518974764738, 54.97479794584797], [-1.5949299464118667, 54.97475303139436], [-1.5950860442826524, 54.97475303139436], [-1.5951640932180453, 54.97470811694075], [-1.5951640932180453, 54.97434880131186], [-1.5950860442826524, 54.97430388685825], [-1.5949299464118667, 54.97430388685825], [-1.5948518974764738, 54.97425897240464], [-1.5948518974764738, 54.97416914349742], [-1.5949299464118667, 54.97412422904381], [-1.5950860442826524, 54.97412422904381], [-1.5952421421534382, 54.97421405795103], [-1.595320191088831, 54.97416914349742], [-1.595320191088831, 54.97389965677576], [-1.595398240024224, 54.973854742322146], [-1.5954762889596168, 54.97389965677576], [-1.5954762889596168, 54.97398948568298], [-1.5957104357657954, 54.97412422904381], [-1.595944582571974, 54.97398948568298], [-1.5956323868304025, 54.973809827868536], [-1.5956323868304025, 54.973719998961315], [-1.5957884847011883, 54.97363017005409], [-1.5957884847011883, 54.97354034114687], [-1.5961006804427598, 54.97336068333243], [-1.5961006804427598, 54.97318102551799], [-1.5961787293781526, 54.97313611106438], [-1.5963348272489384, 54.97313611106438], [-1.5967250719259027, 54.97336068333243], [-1.5967250719259027, 54.97354034114687], [-1.5968031208612956, 54.97358525560048], [-1.5974275123444386, 54.97358525560048], [-1.5976616591506172, 54.973719998961315], [-1.5976616591506172, 54.973809827868536], [-1.5975836102152243, 54.973854742322146], [-1.5974275123444386, 54.973854742322146], [-1.5973494634090457, 54.97389965677576], [-1.5973494634090457, 54.97398948568298], [-1.59773970808601, 54.97421405795103], [-1.5980519038275816, 54.97421405795103], [-1.5982080016983673, 54.97430388685825], [-1.598442148504546, 54.97416914349742], [-1.598364099569153, 54.97412422904381], [-1.5980519038275816, 54.97412422904381], [-1.5979738548921887, 54.9740793145902], [-1.5979738548921887, 54.97398948568298], [-1.5982080016983673, 54.973854742322146], [-1.598364099569153, 54.973854742322146], [-1.5985201974399388, 54.97394457122937], [-1.5986762953107245, 54.97394457122937], [-1.5987543442461174, 54.97389965677576], [-1.5987543442461174, 54.97354034114687], [-1.5988323931815103, 54.97349542669326], [-1.5991445889230818, 54.97349542669326], [-1.5992226378584746, 54.97354034114687], [-1.5992226378584746, 54.973809827868536], [-1.5990665399876889, 54.97389965677576], [-1.5991445889230818, 54.97394457122937], [-1.5994567846646532, 54.97394457122937], [-1.599612882535439, 54.97403440013659], [-1.5999250782770105, 54.97403440013659], [-1.6000811761477962, 54.97394457122937], [-1.6010177633725107, 54.97394457122937], [-1.6011738612432964, 54.973854742322146], [-1.6013299591140822, 54.973854742322146], [-1.601486056984868, 54.973764913414925], [-1.6017982527264394, 54.973764913414925], [-1.602578742080368, 54.97331576887882], [-1.6027348399511538, 54.97331576887882], [-1.6031250846281182, 54.97309119661077], [-1.6031250846281182, 54.972911538796325], [-1.6036714271758683, 54.97259713762105], [-1.603905573982047, 54.97273188098188], [-1.603905573982047, 54.972821709889104], [-1.6042958186590113, 54.973046282157156], [-1.604451916529797, 54.973046282157156], [-1.6046080144005828, 54.972956453249935], [-1.6047641122713685, 54.972956453249935], [-1.6048421612067614, 54.972911538796325], [-1.6048421612067614, 54.972821709889104], [-1.6049202101421542, 54.97277679543549], [-1.60507630801294, 54.97277679543549], [-1.6053104548191186, 54.97264205207466], [-1.6053104548191186, 54.97246239426022], [-1.6051543569483329, 54.972372565353], [-1.6051543569483329, 54.97174376300245], [-1.6049202101421542, 54.97160901964162], [-1.6047641122713685, 54.97160901964162], [-1.6046860633359756, 54.97156410518801], [-1.6046860633359756, 54.971294618466345], [-1.60452996546519, 54.971204789559124], [-1.6047641122713685, 54.97107004619829], [-1.6049202101421542, 54.97107004619829], [-1.6049982590775471, 54.9711149606519], [-1.6049982590775471, 54.971204789559124], [-1.60507630801294, 54.971249704012735], [-1.6051543569483329, 54.971204789559124], [-1.6051543569483329, 54.9711149606519], [-1.6052324058837257, 54.97107004619829], [-1.6053885037545115, 54.97107004619829], [-1.6054665526899043, 54.9711149606519], [-1.6054665526899043, 54.97147427628079], [-1.6055446016252972, 54.9715191907344], [-1.605700699496083, 54.9715191907344], [-1.6059348463022616, 54.971384447373566], [-1.6059348463022616, 54.971204789559124], [-1.6057787484314758, 54.9711149606519], [-1.6057787484314758, 54.97102513174468], [-1.605700699496083, 54.97098021729107], [-1.6055446016252972, 54.97098021729107], [-1.6054665526899043, 54.97093530283746], [-1.6054665526899043, 54.97084547393024], [-1.6058567973668687, 54.97062090166219], [-1.6061689931084402, 54.97062090166219], [-1.606247042043833, 54.970575987208576], [-1.606247042043833, 54.97030650048691], [-1.6060128952376544, 54.97017175712608], [-1.6058567973668687, 54.97017175712608], [-1.60562265056069, 54.97003701376525], [-1.60562265056069, 54.969677698136366], [-1.6055446016252972, 54.969632783682755], [-1.6053885037545115, 54.969632783682755], [-1.6053104548191186, 54.969587869229144], [-1.6054665526899043, 54.96949804032192], [-1.6054665526899043, 54.96931838250748], [-1.6055446016252972, 54.96927346805387], [-1.605700699496083, 54.96927346805387], [-1.6058567973668687, 54.96936329696109], [-1.6059348463022616, 54.96931838250748], [-1.6059348463022616, 54.96922855360026], [-1.6060909441730473, 54.96913872469304], [-1.6060909441730473, 54.96904889578582], [-1.6060128952376544, 54.96900398133221], [-1.605700699496083, 54.96900398133221], [-1.6055446016252972, 54.96909381023943], [-1.6053885037545115, 54.96900398133221], [-1.60507630801294, 54.96900398133221], [-1.6048421612067614, 54.968869237971376], [-1.60507630801294, 54.968734494610544], [-1.6052324058837257, 54.96872326599714], [-1.6060128952376544, 54.968274121461036], [-1.6060909441730473, 54.96833026452805], [-1.606325090979226, 54.96846500788888], [-1.6064811888500117, 54.96846500788888], [-1.6066372867207974, 54.96837517898166], [-1.6067933845915832, 54.96846500788888], [-1.606871433526976, 54.96833026452805], [-1.606949482462369, 54.968274121461036], [-1.6077885085178423, 54.967881119991944], [-1.6078860696870834, 54.96782497692493], [-1.6088226569117978, 54.96782497692493], [-1.6089787547825836, 54.96783620553833], [-1.6091348526533693, 54.96783620553833], [-1.6092129015887622, 54.96779129108472], [-1.6092129015887622, 54.9677014621775], [-1.6090568037179764, 54.96761163327028], [-1.6091348526533693, 54.96756671881667], [-1.609290950524155, 54.96756671881667], [-1.609368999459548, 54.96752180436306], [-1.609368999459548, 54.96743197545584], [-1.6094470483949408, 54.96738706100223], [-1.6096031462657265, 54.96738706100223], [-1.609915342007298, 54.96756671881667], [-1.6100714398780838, 54.96747688990945], [-1.6103836356196553, 54.96747688990945], [-1.6107738802966196, 54.967252317641396], [-1.6107738802966196, 54.967162488734175], [-1.6108519292320125, 54.967117574280564], [-1.6110080271027982, 54.967117574280564], [-1.611164124973584, 54.96702774537334], [-1.6113202228443697, 54.967117574280564], [-1.6119446143275127, 54.967117574280564], [-1.6121787611336913, 54.967252317641396], [-1.6121787611336913, 54.96734214654862], [-1.6125690058106557, 54.96756671881667], [-1.6127251036814414, 54.96756671881667], [-1.6128031526168343, 54.96752180436306], [-1.6128031526168343, 54.96743197545584], [-1.6130372994230129, 54.96729723209501], [-1.6131933972937986, 54.96729723209501], [-1.6134275440999772, 54.967162488734175], [-1.6134275440999772, 54.967072659826954], [-1.613583641970763, 54.96698283091973], [-1.613583641970763, 54.96671334419807], [-1.6139738866477273, 54.96648877193002], [-1.614208033453906, 54.96662351529085], [-1.614208033453906, 54.96671334419807], [-1.6144421802600846, 54.9668480875589], [-1.6149104738724418, 54.9668480875589], [-1.6151446206786204, 54.96698283091973], [-1.6151446206786204, 54.967072659826954], [-1.6152226696140133, 54.967117574280564], [-1.615378767484799, 54.967117574280564], [-1.6156129142909776, 54.967252317641396], [-1.6156129142909776, 54.96761163327028], [-1.6157690121617634, 54.9677014621775], [-1.6157690121617634, 54.967970948899165], [-1.6156129142909776, 54.968060777806386], [-1.6156129142909776, 54.96815060671361], [-1.6153007185494062, 54.96833026452805], [-1.6153007185494062, 54.96850992234249], [-1.6155348653555848, 54.96864466570332], [-1.6156909632263705, 54.96864466570332], [-1.6158470610971563, 54.9685548367961], [-1.616003158967942, 54.9685548367961], [-1.6161592568387277, 54.96864466570332], [-1.6162373057741206, 54.96859975124971], [-1.6162373057741206, 54.96842009343527], [-1.6161592568387277, 54.96837517898166], [-1.616003158967942, 54.96837517898166], [-1.6159251100325491, 54.96833026452805], [-1.6160812079033349, 54.96824043562083], [-1.6160812079033349, 54.967881119991944], [-1.6162373057741206, 54.96779129108472], [-1.6162373057741206, 54.9677014621775], [-1.6163934036449064, 54.96761163327028], [-1.6163934036449064, 54.96734214654862], [-1.6164714525802992, 54.96729723209501], [-1.616627550451085, 54.96729723209501], [-1.6167055993864778, 54.96734214654862], [-1.6167055993864778, 54.96743197545584], [-1.6168616972572636, 54.96752180436306], [-1.6168616972572636, 54.96761163327028], [-1.6169397461926565, 54.96765654772389], [-1.6174080398050137, 54.96765654772389], [-1.6175641376757994, 54.96774637663111], [-1.6177202355465852, 54.96774637663111], [-1.6180324312881567, 54.967926034445554], [-1.6181885291589424, 54.967926034445554], [-1.6182665780943353, 54.967881119991944], [-1.6182665780943353, 54.9677014621775], [-1.6185007249005139, 54.96756671881667], [-1.6186568227712996, 54.96756671881667], [-1.6187348717066925, 54.96752180436306], [-1.6187348717066925, 54.967252317641396], [-1.619047067448264, 54.967072659826954], [-1.619047067448264, 54.96698283091973], [-1.6194373121252283, 54.96675825865168], [-1.6195153610606212, 54.96680317310529], [-1.6195153610606212, 54.967072659826954], [-1.619593409996014, 54.967117574280564], [-1.6197495078667998, 54.967117574280564], [-1.6199836546729784, 54.967252317641396], [-1.6199836546729784, 54.96743197545584], [-1.6200617036083713, 54.96747688990945], [-1.620217801479157, 54.96747688990945], [-1.62029585041455, 54.96752180436306], [-1.62029585041455, 54.96761163327028], [-1.6203738993499428, 54.96765654772389], [-1.6209982908330858, 54.96765654772389], [-1.6210763397684786, 54.9677014621775], [-1.6210763397684786, 54.96779129108472], [-1.6213885355100501, 54.967970948899165], [-1.6213885355100501, 54.968060777806386], [-1.621466584445443, 54.968105692259996], [-1.6216226823162287, 54.968105692259996], [-1.6217787801870145, 54.96819552116722], [-1.6222470737993717, 54.96819552116722], [-1.6224812206055503, 54.96833026452805], [-1.6224812206055503, 54.96850992234249], [-1.6223251227347646, 54.96859975124971], [-1.6223251227347646, 54.96868958015693], [-1.6222470737993717, 54.968734494610544], [-1.6219348780578002, 54.968734494610544], [-1.6218568291224074, 54.968779409064155], [-1.6218568291224074, 54.968869237971376], [-1.6217007312516216, 54.9689590668786], [-1.6217007312516216, 54.96904889578582], [-1.6217787801870145, 54.96909381023943], [-1.6219348780578002, 54.96909381023943], [-1.622012926993193, 54.96913872469304], [-1.622012926993193, 54.96931838250748], [-1.6219348780578002, 54.96936329696109], [-1.6217787801870145, 54.96936329696109], [-1.6217007312516216, 54.96931838250748], [-1.6217007312516216, 54.96922855360026], [-1.6216226823162287, 54.96918363914665], [-1.6215446333808359, 54.96922855360026], [-1.6215446333808359, 54.9694082114147], [-1.621466584445443, 54.96945312586831], [-1.6213104865746573, 54.96945312586831], [-1.6212324376392644, 54.96949804032192], [-1.6212324376392644, 54.969587869229144], [-1.6210763397684786, 54.969677698136366], [-1.6210763397684786, 54.96985735595081], [-1.620920241897693, 54.96994718485803], [-1.6210763397684786, 54.97003701376525], [-1.6210763397684786, 54.97012684267247], [-1.620920241897693, 54.97021667157969], [-1.620920241897693, 54.970396329394134], [-1.6210763397684786, 54.970486158301355], [-1.6210763397684786, 54.97084547393024], [-1.6211543887038715, 54.97089038838385], [-1.6216226823162287, 54.97089038838385], [-1.6217007312516216, 54.97084547393024], [-1.6217007312516216, 54.970575987208576], [-1.6215446333808359, 54.970486158301355], [-1.6215446333808359, 54.97012684267247], [-1.6216226823162287, 54.97008192821886], [-1.6219348780578002, 54.97008192821886], [-1.622090975928586, 54.97017175712608], [-1.6222470737993717, 54.97017175712608], [-1.6224812206055503, 54.97003701376525], [-1.6223251227347646, 54.96994718485803], [-1.6223251227347646, 54.96976752704359], [-1.6224031716701575, 54.969722612589976], [-1.6225592695409432, 54.969722612589976], [-1.6227934163471218, 54.96985735595081], [-1.6227934163471218, 54.97012684267247], [-1.623261709959479, 54.970396329394134], [-1.623261709959479, 54.970575987208576], [-1.6234958567656577, 54.97071073056941], [-1.6235739057010505, 54.9706658161158], [-1.6235739057010505, 54.970575987208576], [-1.6238080525072291, 54.970441243847745], [-1.623886101442622, 54.970486158301355], [-1.623886101442622, 54.970575987208576], [-1.6240421993134078, 54.9706658161158], [-1.623886101442622, 54.97075564502302], [-1.623886101442622, 54.97093530283746], [-1.6240421993134078, 54.97102513174468], [-1.6240421993134078, 54.9711149606519], [-1.623886101442622, 54.971204789559124], [-1.623886101442622, 54.971294618466345], [-1.6236519546364434, 54.97142936182718], [-1.623339758894872, 54.971249704012735], [-1.6230275631533004, 54.97142936182718], [-1.622715367411729, 54.97142936182718], [-1.622637318476336, 54.97147427628079], [-1.622637318476336, 54.97183359190967], [-1.622715367411729, 54.97187850636328], [-1.6228714652825147, 54.97187850636328], [-1.6231056120886933, 54.972013249724114], [-1.6231056120886933, 54.972103078631335], [-1.623261709959479, 54.972192907538556], [-1.623261709959479, 54.97228273644578], [-1.623339758894872, 54.97232765089939], [-1.6234958567656577, 54.97232765089939], [-1.6235739057010505, 54.97228273644578], [-1.6234178078302648, 54.972192907538556], [-1.6236519546364434, 54.972058164177724], [-1.6241202482488006, 54.972058164177724], [-1.624510492925765, 54.97228273644578], [-1.624510492925765, 54.972372565353], [-1.6247446397319436, 54.97250730871383], [-1.625056835473515, 54.97232765089939], [-1.6253690312150866, 54.97232765089939], [-1.6256031780212652, 54.97246239426022], [-1.6256031780212652, 54.97255222316744], [-1.625681226956658, 54.97259713762105], [-1.6258373248274438, 54.97259713762105], [-1.626305618439801, 54.97232765089939], [-1.6264617163105868, 54.97232765089939], [-1.6265397652459797, 54.972372565353], [-1.6265397652459797, 54.97264205207466], [-1.6266178141813725, 54.97268696652827], [-1.626930009922944, 54.97268696652827], [-1.6270861077937298, 54.97259713762105], [-1.6271641567291226, 54.97264205207466], [-1.6270080588583369, 54.97273188098188], [-1.6271641567291226, 54.972821709889104], [-1.6271641567291226, 54.972911538796325], [-1.6270861077937298, 54.972956453249935], [-1.6267739120521583, 54.972956453249935], [-1.6266958631167654, 54.973001367703546], [-1.6266958631167654, 54.97345051223965], [-1.6265397652459797, 54.97354034114687], [-1.6265397652459797, 54.97398948568298], [-1.6266178141813725, 54.97403440013659], [-1.6267739120521583, 54.97403440013659], [-1.6272422056645155, 54.97430388685825], [-1.6273983035353012, 54.97421405795103], [-1.627554401406087, 54.97421405795103], [-1.6277104992768727, 54.97430388685825], [-1.6278665971476585, 54.97430388685825], [-1.6279446460830513, 54.97425897240464], [-1.6279446460830513, 54.97416914349742], [-1.6278665971476585, 54.97412422904381], [-1.6277104992768727, 54.97412422904381], [-1.6276324503414799, 54.9740793145902], [-1.6276324503414799, 54.97398948568298], [-1.627476352470694, 54.97389965677576], [-1.627554401406087, 54.973854742322146], [-1.6280226950184442, 54.973854742322146], [-1.628100743953837, 54.973809827868536], [-1.628100743953837, 54.973719998961315], [-1.62817879288923, 54.973675084507704], [-1.6282568418246228, 54.973719998961315], [-1.6282568418246228, 54.973809827868536], [-1.6283348907600157, 54.973854742322146], [-1.6284909886308014, 54.973854742322146], [-1.6285690375661943, 54.97389965677576], [-1.6285690375661943, 54.9740793145902], [-1.6284909886308014, 54.97412422904381], [-1.6283348907600157, 54.97412422904381], [-1.6282568418246228, 54.97416914349742], [-1.6282568418246228, 54.97434880131186], [-1.6283348907600157, 54.97439371576547], [-1.6284909886308014, 54.97439371576547], [-1.628803184372373, 54.97421405795103], [-1.6291153801139444, 54.97421405795103], [-1.629349526920123, 54.97434880131186], [-1.629349526920123, 54.97443863021908], [-1.6291934290493373, 54.974528459126304], [-1.6291934290493373, 54.97506743256963], [-1.629349526920123, 54.97515726147685], [-1.629349526920123, 54.975336919291294], [-1.629427575855516, 54.975381833744905], [-1.6295836737263016, 54.975381833744905], [-1.6298178205324803, 54.97524709038407], [-1.6298178205324803, 54.97497760366241], [-1.6298958694678731, 54.9749326892088], [-1.6302080652094446, 54.9749326892088], [-1.6304422120156232, 54.97506743256963], [-1.6304422120156232, 54.975336919291294], [-1.630598309886409, 54.975426748198515], [-1.630598309886409, 54.97569623492018], [-1.6307544077571947, 54.9757860638274], [-1.6307544077571947, 54.97587589273462], [-1.6306763588218018, 54.97592080718823], [-1.6297397715970874, 54.97592080718823], [-1.6295056247909088, 54.97605555054906], [-1.6295056247909088, 54.976235208363505], [-1.6296617226616945, 54.976325037270726], [-1.6296617226616945, 54.97641486617795], [-1.6297397715970874, 54.97645978063156], [-1.6302080652094446, 54.97645978063156], [-1.6302861141448375, 54.97650469508517], [-1.6302861141448375, 54.97659452399239], [-1.629973918403266, 54.97677418180683], [-1.6301300162740517, 54.97686401071405], [-1.6301300162740517, 54.977043668528495], [-1.6302080652094446, 54.977088582982105], [-1.630520260951016, 54.977088582982105], [-1.6309105056279805, 54.97686401071405], [-1.6307544077571947, 54.97677418180683], [-1.6307544077571947, 54.97641486617795], [-1.6308324566925876, 54.97636995172434], [-1.6313007503049448, 54.97636995172434], [-1.6313787992403377, 54.97641486617795], [-1.6313787992403377, 54.97677418180683], [-1.6314568481757306, 54.97681909626044]], [[-1.606325090979226, 54.980412252549286], [-1.6064031399146188, 54.980457167002896], [-1.6064811888500117, 54.98050208145651], [-1.6066372867207974, 54.98050208145651], [-1.606871433526976, 54.980367338095675], [-1.606871433526976, 54.980277509188454], [-1.6071836292685475, 54.98009785137401], [-1.6071836292685475, 54.97964870683791], [-1.606871433526976, 54.979469049023464], [-1.606871433526976, 54.97928939120902], [-1.6067933845915832, 54.97924447675541], [-1.6066372867207974, 54.97924447675541], [-1.6064031399146188, 54.97910973339458], [-1.6064031399146188, 54.97884024667292], [-1.606871433526976, 54.97857075995125], [-1.606871433526976, 54.97848093104403], [-1.6070275313977618, 54.97839110213681], [-1.6070275313977618, 54.97830127322959], [-1.606871433526976, 54.97821144432237], [-1.606871433526976, 54.97812161541515], [-1.6067933845915832, 54.97807670096154], [-1.6064811888500117, 54.97807670096154], [-1.606325090979226, 54.977986872054316], [-1.6061689931084402, 54.977986872054316], [-1.6058567973668687, 54.97816652986876], [-1.605700699496083, 54.97816652986876], [-1.6053104548191186, 54.977941957600706], [-1.60562265056069, 54.977762299786264], [-1.60562265056069, 54.97767247087904], [-1.6054665526899043, 54.97758264197182], [-1.6054665526899043, 54.9774928130646], [-1.6053885037545115, 54.97744789861099], [-1.6052324058837257, 54.97753772751821], [-1.6051543569483329, 54.9774928130646], [-1.6051543569483329, 54.97731315525016], [-1.60507630801294, 54.97726824079655], [-1.6049202101421542, 54.97735806970377], [-1.6046860633359756, 54.97722332634294], [-1.6048421612067614, 54.977133497435716], [-1.6048421612067614, 54.976953839621274], [-1.6049982590775471, 54.97686401071405], [-1.6047641122713685, 54.97672926735322], [-1.6046860633359756, 54.97677418180683], [-1.6046860633359756, 54.976953839621274], [-1.60452996546519, 54.977043668528495], [-1.60452996546519, 54.977133497435716], [-1.604451916529797, 54.97717841188933], [-1.6042958186590113, 54.97717841188933], [-1.603827525046654, 54.97744789861099], [-1.6036714271758683, 54.97744789861099], [-1.6034372803696897, 54.97731315525016], [-1.6034372803696897, 54.97722332634294], [-1.6035933782404754, 54.977133497435716], [-1.6033592314342968, 54.976998754074884], [-1.6031250846281182, 54.977133497435716], [-1.6031250846281182, 54.97740298415738], [-1.603281182498904, 54.9774928130646], [-1.603281182498904, 54.97767247087904], [-1.6035153293050826, 54.977807214239874], [-1.6036714271758683, 54.977807214239874], [-1.603905573982047, 54.977941957600706], [-1.6036714271758683, 54.97807670096154], [-1.6033592314342968, 54.97807670096154], [-1.6031250846281182, 54.97821144432237], [-1.6034372803696897, 54.97839110213681], [-1.603203133563511, 54.97852584549764], [-1.6028909378219396, 54.97852584549764], [-1.6028128888865467, 54.97857075995125], [-1.6028909378219396, 54.978615674404864], [-1.603203133563511, 54.978615674404864], [-1.603281182498904, 54.978660588858475], [-1.603281182498904, 54.978750417765696], [-1.6033592314342968, 54.978795332219306], [-1.603827525046654, 54.978795332219306], [-1.603905573982047, 54.97884024667292], [-1.603905573982047, 54.97928939120902], [-1.6036714271758683, 54.979424134569854], [-1.6035153293050826, 54.979424134569854], [-1.6034372803696897, 54.979469049023464], [-1.6034372803696897, 54.979558877930685], [-1.603281182498904, 54.97964870683791], [-1.603281182498904, 54.97982836465235], [-1.6033592314342968, 54.97987327910596], [-1.6035153293050826, 54.97987327910596], [-1.6035933782404754, 54.97991819355957], [-1.6035933782404754, 54.98000802246679], [-1.6035153293050826, 54.9800529369204], [-1.6033592314342968, 54.9800529369204], [-1.603281182498904, 54.98009785137401], [-1.603281182498904, 54.98018768028123], [-1.6029689867573325, 54.980367338095675], [-1.6029689867573325, 54.980457167002896], [-1.6030470356927253, 54.98050208145651], [-1.6033592314342968, 54.98050208145651], [-1.6036714271758683, 54.980322423642065], [-1.603827525046654, 54.980322423642065], [-1.603905573982047, 54.980277509188454], [-1.603905573982047, 54.98018768028123], [-1.6042958186590113, 54.97996310801318], [-1.604451916529797, 54.97996310801318], [-1.6046080144005828, 54.97987327910596], [-1.60507630801294, 54.97987327910596], [-1.6052324058837257, 54.97978345019874], [-1.6055446016252972, 54.97978345019874], [-1.60562265056069, 54.97982836465235], [-1.60562265056069, 54.98000802246679], [-1.6059348463022616, 54.98018768028123], [-1.6059348463022616, 54.980277509188454], [-1.6061689931084402, 54.980412252549286], [-1.606325090979226, 54.980412252549286]]], [[[-1.6089787547825836, 55.000893243395694], [-1.6088226569117978, 55.000893243395694], [-1.608744607976405, 55.000848328942084], [-1.608744607976405, 55.00066867112764], [-1.6082763143640477, 55.00039918440598], [-1.6082763143640477, 55.000219526591536], [-1.6084324122348335, 55.000129697684315], [-1.6084324122348335, 54.99995003986987], [-1.6085885101056192, 54.99986021096265], [-1.6085885101056192, 54.99968055314821], [-1.608744607976405, 54.99959072424099], [-1.608744607976405, 54.99950089533377], [-1.6088226569117978, 54.99945598088016], [-1.6096031462657265, 54.99945598088016], [-1.6097592441365123, 54.99954580978738], [-1.6102275377488695, 54.99954580978738], [-1.6106177824258339, 54.999321237519325], [-1.6106177824258339, 54.99860260626156], [-1.6106958313612267, 54.998557691807946], [-1.6108519292320125, 54.998557691807946], [-1.6110080271027982, 54.998467862900725], [-1.6113202228443697, 54.998467862900725], [-1.6114763207151555, 54.998378033993504], [-1.611788516456727, 54.998378033993504], [-1.6119446143275127, 54.998467862900725], [-1.6121007121982984, 54.998467862900725], [-1.6121787611336913, 54.998512777354335], [-1.6121787611336913, 54.99869243516878], [-1.6122568100690842, 54.99873734962239], [-1.6125690058106557, 54.99873734962239], [-1.6127251036814414, 54.99882717852961], [-1.6128812015522271, 54.99882717852961], [-1.61295925048762, 54.99887209298322], [-1.61295925048762, 54.99905175079766], [-1.6128031526168343, 54.99914157970488], [-1.6128031526168343, 54.999231408612104], [-1.61295925048762, 54.999321237519325], [-1.61295925048762, 54.99959072424099], [-1.6127251036814414, 54.99972546760182], [-1.6121007121982984, 54.99972546760182], [-1.6120226632629056, 54.99977038205543], [-1.6120226632629056, 55.000219526591536], [-1.6121007121982984, 55.00026444104515], [-1.6122568100690842, 55.000174612137926], [-1.6125690058106557, 55.000174612137926], [-1.6126470547460485, 55.000129697684315], [-1.6126470547460485, 55.000039868777094], [-1.6127251036814414, 54.99999495432348], [-1.6130372994230129, 54.99999495432348], [-1.6131153483584058, 55.000039868777094], [-1.6131153483584058, 55.00057884222042], [-1.6132714462291915, 55.00066867112764], [-1.6132714462291915, 55.00120764457097], [-1.6130372994230129, 55.0013423879318], [-1.6119446143275127, 55.0013423879318], [-1.6116324185859412, 55.00116273011736], [-1.6114763207151555, 55.00125255902458], [-1.6110080271027982, 55.00125255902458], [-1.6108519292320125, 55.00116273011736], [-1.610539733490441, 55.00116273011736], [-1.6102275377488695, 55.000983072302915], [-1.6100714398780838, 55.000983072302915], [-1.609993390942691, 55.001027986756526], [-1.609993390942691, 55.00111781566375], [-1.6098372930719052, 55.00120764457097], [-1.6098372930719052, 55.00129747347819], [-1.609915342007298, 55.0013423879318], [-1.6100714398780838, 55.00125255902458], [-1.610539733490441, 55.00125255902458], [-1.6106177824258339, 55.00129747347819], [-1.6106177824258339, 55.00147713129263], [-1.6106958313612267, 55.00152204574624], [-1.6110080271027982, 55.00152204574624], [-1.611086076038191, 55.00156696019985], [-1.611086076038191, 55.00192627582874], [-1.6110080271027982, 55.00197119028235], [-1.6106958313612267, 55.00197119028235], [-1.6106177824258339, 55.00201610473596], [-1.6106177824258339, 55.00210593364318], [-1.610539733490441, 55.00215084809679], [-1.6102275377488695, 55.00215084809679], [-1.6098372930719052, 55.00192627582874], [-1.6098372930719052, 55.001836446921516], [-1.6096811952011194, 55.001746618014295], [-1.6096811952011194, 55.00147713129263], [-1.6098372930719052, 55.00138730238541], [-1.6089787547825836, 55.000893243395694]]], [[[-1.6058567973668687, 54.993617101910786], [-1.605700699496083, 54.993527273003565], [-1.6055446016252972, 54.993527273003565], [-1.6054665526899043, 54.993482358549954], [-1.60562265056069, 54.99339252964273], [-1.60562265056069, 54.99330270073551], [-1.6057787484314758, 54.99321287182829], [-1.6060128952376544, 54.99307812846746], [-1.6061689931084402, 54.99316795737468], [-1.606325090979226, 54.99316795737468], [-1.6064031399146188, 54.99312304292107], [-1.6064031399146188, 54.99303321401385], [-1.606247042043833, 54.99294338510663], [-1.606247042043833, 54.99285355619941], [-1.6060909441730473, 54.992763727292186], [-1.6061689931084402, 54.992718812838575], [-1.606325090979226, 54.992718812838575], [-1.6064031399146188, 54.992763727292186], [-1.6064031399146188, 54.99285355619941], [-1.6064811888500117, 54.99289847065302], [-1.6065592377854045, 54.99285355619941], [-1.6065592377854045, 54.99249424057052], [-1.6067153356561903, 54.9924044116633], [-1.6067153356561903, 54.99231458275608], [-1.6067933845915832, 54.99226966830247], [-1.6072616782039404, 54.99226966830247], [-1.6073397271393333, 54.99222475384886], [-1.6071836292685475, 54.99213492494164], [-1.6074177760747261, 54.992000181580806], [-1.608042167557869, 54.992000181580806], [-1.6082763143640477, 54.991865438219975], [-1.6082763143640477, 54.99150612259109], [-1.6084324122348335, 54.99141629368387], [-1.6082763143640477, 54.99132646477665], [-1.608666559041012, 54.991101892508595], [-1.609290950524155, 54.991101892508595], [-1.6094470483949408, 54.991012063601374], [-1.6096031462657265, 54.991101892508595], [-1.6097592441365123, 54.991101892508595], [-1.609993390942691, 54.99123663586943], [-1.6098372930719052, 54.99132646477665], [-1.6098372930719052, 54.99141629368387], [-1.609915342007298, 54.99146120813748], [-1.6100714398780838, 54.99146120813748], [-1.6103055866842624, 54.99159595149831], [-1.6101494888134766, 54.99168578040553], [-1.6101494888134766, 54.991775609312754], [-1.6102275377488695, 54.991820523766364], [-1.6103836356196553, 54.991820523766364], [-1.6106177824258339, 54.991955267127196], [-1.6106177824258339, 54.99231458275608], [-1.6107738802966196, 54.9924044116633], [-1.6107738802966196, 54.992673898384965], [-1.6108519292320125, 54.992718812838575], [-1.6109299781674054, 54.992673898384965], [-1.6109299781674054, 54.99258406947774], [-1.6110080271027982, 54.99253915502413], [-1.6113202228443697, 54.99253915502413], [-1.6116324185859412, 54.99235949720969], [-1.6121007121982984, 54.99235949720969], [-1.6121787611336913, 54.9924044116633], [-1.6121787611336913, 54.99258406947774], [-1.6122568100690842, 54.992628983931354], [-1.61241290793987, 54.99253915502413], [-1.6125690058106557, 54.99253915502413], [-1.6127251036814414, 54.992628983931354], [-1.6128812015522271, 54.992628983931354], [-1.61295925048762, 54.992673898384965], [-1.61295925048762, 54.99285355619941], [-1.6130372994230129, 54.99289847065302], [-1.6131933972937986, 54.992808641745796], [-1.6133494951645844, 54.992808641745796], [-1.6135055930353701, 54.992718812838575], [-1.6137397398415487, 54.99285355619941], [-1.6137397398415487, 54.99294338510663], [-1.6138958377123345, 54.99303321401385], [-1.6138958377123345, 54.99321287182829], [-1.6140519355831202, 54.99330270073551], [-1.6140519355831202, 54.993482358549954], [-1.6139738866477273, 54.993527273003565], [-1.6136616909061559, 54.993527273003565], [-1.613583641970763, 54.993572187457175], [-1.613583641970763, 54.9936620163644], [-1.6138958377123345, 54.99384167417884], [-1.6138958377123345, 54.994290818714944], [-1.6131153483584058, 54.99473996325105], [-1.6131153483584058, 54.99482979215827], [-1.6131933972937986, 54.99487470661188], [-1.6133494951645844, 54.99487470661188], [-1.613583641970763, 54.99500944997271], [-1.613583641970763, 54.995189107787155], [-1.6133494951645844, 54.99532385114799], [-1.6128812015522271, 54.99532385114799], [-1.6128031526168343, 54.9953687656016], [-1.6128031526168343, 54.99554842341604], [-1.6127251036814414, 54.99559333786965], [-1.6125690058106557, 54.99559333786965], [-1.61241290793987, 54.99568316677687], [-1.6122568100690842, 54.99568316677687], [-1.6121787611336913, 54.99563825232326], [-1.6121787611336913, 54.99554842341604], [-1.6121007121982984, 54.99550350896243], [-1.6118665653921198, 54.99563825232326], [-1.6120226632629056, 54.99572808123048], [-1.6120226632629056, 54.99617722576659], [-1.6119446143275127, 54.9962221402202], [-1.6113202228443697, 54.9962221402202], [-1.6112421739089768, 54.99617722576659], [-1.6112421739089768, 54.996087396859366], [-1.611086076038191, 54.995997567952145], [-1.611086076038191, 54.9958179101377], [-1.6109299781674054, 54.99572808123048], [-1.6109299781674054, 54.99563825232326], [-1.6108519292320125, 54.99559333786965], [-1.610539733490441, 54.99559333786965], [-1.6104616845550481, 54.99563825232326], [-1.6104616845550481, 54.996087396859366], [-1.6103836356196553, 54.99613231131298], [-1.609915342007298, 54.99613231131298], [-1.6096811952011194, 54.995997567952145], [-1.6096811952011194, 54.995907739044924], [-1.6097592441365123, 54.99586282459131], [-1.6100714398780838, 54.99586282459131], [-1.6101494888134766, 54.9958179101377], [-1.6101494888134766, 54.99563825232326], [-1.609915342007298, 54.99550350896243], [-1.6097592441365123, 54.99550350896243], [-1.6096031462657265, 54.99559333786965], [-1.6094470483949408, 54.99550350896243], [-1.6089787547825836, 54.99550350896243], [-1.608666559041012, 54.99568316677687], [-1.6085104611702263, 54.99568316677687], [-1.6083543632994406, 54.99559333786965], [-1.6081982654286548, 54.99559333786965], [-1.608120216493262, 54.99554842341604], [-1.608120216493262, 54.995278936694376], [-1.608042167557869, 54.995234022240766], [-1.6078860696870834, 54.995234022240766], [-1.6076519228809047, 54.995099278879934], [-1.6078080207516905, 54.99500944997271], [-1.6078080207516905, 54.99491962106549], [-1.6077299718162976, 54.99487470661188], [-1.6075738739455119, 54.99487470661188], [-1.607495825010119, 54.99482979215827], [-1.607495825010119, 54.994380647622165], [-1.6076519228809047, 54.994290818714944], [-1.6076519228809047, 54.99393150308606], [-1.6074177760747261, 54.99379675972523], [-1.6072616782039404, 54.99379675972523], [-1.6071836292685475, 54.99384167417884], [-1.6071836292685475, 54.99393150308606], [-1.6071055803331546, 54.99397641753967], [-1.606949482462369, 54.99397641753967], [-1.6067933845915832, 54.99388658863245], [-1.6067153356561903, 54.99393150308606], [-1.6067153356561903, 54.99402133199328], [-1.6064811888500117, 54.99415607535411], [-1.606247042043833, 54.99402133199328], [-1.606247042043833, 54.99375184527162], [-1.6060128952376544, 54.993617101910786], [-1.6058567973668687, 54.993617101910786]]], [[[-1.6065592377854045, 54.96078463632148], [-1.6065592377854045, 54.9608744652287], [-1.606247042043833, 54.96105412304314], [-1.606247042043833, 54.961323609764804], [-1.6064811888500117, 54.961458353125636], [-1.6066372867207974, 54.961368524218415], [-1.6072616782039404, 54.961368524218415], [-1.6074177760747261, 54.961368524218415], [-1.607495825010119, 54.961413438672025], [-1.6073397271393333, 54.961503267579246], [-1.6073397271393333, 54.96159309648647], [-1.6072616782039404, 54.96163801094008], [-1.6071055803331546, 54.96163801094008], [-1.6070275313977618, 54.96168292539369], [-1.6070275313977618, 54.96177275430091], [-1.6071055803331546, 54.96181766875452], [-1.6074177760747261, 54.96181766875452], [-1.607495825010119, 54.96186258320813], [-1.607495825010119, 54.96195241211535], [-1.6074177760747261, 54.96199732656896], [-1.6072616782039404, 54.96199732656896], [-1.6071055803331546, 54.96208715547618], [-1.606949482462369, 54.96199732656896], [-1.6067933845915832, 54.96199732656896], [-1.6067153356561903, 54.96204224102257], [-1.6067153356561903, 54.962132069929794], [-1.6064811888500117, 54.962266813290626], [-1.606325090979226, 54.962176984383404], [-1.6060128952376544, 54.96235664219785], [-1.6058567973668687, 54.96235664219785], [-1.6057787484314758, 54.96240155665146], [-1.6057787484314758, 54.9625812144659], [-1.60562265056069, 54.96267104337312], [-1.60562265056069, 54.963030359002005], [-1.6053885037545115, 54.96316510236284], [-1.6052324058837257, 54.96316510236284], [-1.60507630801294, 54.96325493127006], [-1.6047641122713685, 54.96325493127006], [-1.6046860633359756, 54.96321001681645], [-1.6046860633359756, 54.963030359002005], [-1.6049982590775471, 54.96285070118756], [-1.6049202101421542, 54.96280578673395], [-1.6047641122713685, 54.96280578673395], [-1.6046860633359756, 54.96276087228034], [-1.6046860633359756, 54.96267104337312], [-1.6048421612067614, 54.9625812144659], [-1.6046860633359756, 54.96249138555868], [-1.6046860633359756, 54.962311727744236], [-1.604451916529797, 54.962176984383404], [-1.6043738675944041, 54.962221898837015], [-1.6043738675944041, 54.962311727744236], [-1.6040616718528327, 54.96249138555868], [-1.6040616718528327, 54.96276087228034], [-1.6043738675944041, 54.962940530094784], [-1.6043738675944041, 54.96321001681645], [-1.6042177697236184, 54.96329984572367], [-1.6042177697236184, 54.96338967463089], [-1.603827525046654, 54.96361424689894], [-1.6037494761112612, 54.96356933244533], [-1.6037494761112612, 54.96347950353811], [-1.6034372803696897, 54.96329984572367], [-1.6034372803696897, 54.96321001681645], [-1.603203133563511, 54.963075273455615], [-1.6030470356927253, 54.963075273455615], [-1.6028909378219396, 54.96316510236284], [-1.6027348399511538, 54.96316510236284], [-1.602578742080368, 54.96325493127006], [-1.6021104484680109, 54.96325493127006], [-1.602032399532618, 54.96321001681645], [-1.602032399532618, 54.963030359002005], [-1.6019543505972251, 54.962985444548394], [-1.6017982527264394, 54.962985444548394], [-1.6016421548556536, 54.963075273455615], [-1.6015641059202608, 54.963030359002005], [-1.6015641059202608, 54.96267104337312], [-1.6017202037910465, 54.9625812144659], [-1.6016421548556536, 54.96253630001229], [-1.601486056984868, 54.96253630001229], [-1.6013299591140822, 54.96262612891951], [-1.6010958123079035, 54.96249138555868], [-1.6010958123079035, 54.962221898837015], [-1.6010177633725107, 54.962176984383404], [-1.600861665501725, 54.962176984383404], [-1.6007055676309392, 54.962266813290626], [-1.6003933718893677, 54.962266813290626], [-1.6003153229539748, 54.962221898837015], [-1.6003153229539748, 54.962132069929794], [-1.600159225083189, 54.96204224102257], [-1.600159225083189, 54.96168292539369], [-1.600237274018582, 54.96163801094008], [-1.6003933718893677, 54.96163801094008], [-1.6004714208247606, 54.96159309648647], [-1.6004714208247606, 54.961503267579246], [-1.6006275186955463, 54.961413438672025], [-1.6006275186955463, 54.961323609764804], [-1.6007055676309392, 54.961278695311194], [-1.600861665501725, 54.961278695311194], [-1.6010177633725107, 54.961368524218415], [-1.6010958123079035, 54.961323609764804], [-1.6010958123079035, 54.96105412304314], [-1.6009397144371178, 54.96096429413592], [-1.6009397144371178, 54.9608744652287], [-1.6012519101786893, 54.96069480741426], [-1.6010958123079035, 54.960604978507035], [-1.6011738612432964, 54.960560064053425], [-1.601486056984868, 54.960560064053425], [-1.6015641059202608, 54.960604978507035], [-1.6015641059202608, 54.96078463632148], [-1.6017982527264394, 54.96091937968231], [-1.602032399532618, 54.96078463632148], [-1.602032399532618, 54.96069480741426], [-1.6021884974034037, 54.960604978507035], [-1.6021884974034037, 54.96024566287815], [-1.602032399532618, 54.96015583397093], [-1.602032399532618, 54.96006600506371], [-1.6018763016618323, 54.95997617615649], [-1.602032399532618, 54.95988634724927], [-1.602032399532618, 54.9596168605276], [-1.6021104484680109, 54.95957194607399], [-1.6024226442095824, 54.959751603888435], [-1.602578742080368, 54.959751603888435], [-1.6027348399511538, 54.959661774981214], [-1.6028909378219396, 54.959751603888435], [-1.6033592314342968, 54.959751603888435], [-1.6035153293050826, 54.959841432795656], [-1.6041397207882255, 54.959841432795656], [-1.6042177697236184, 54.95988634724927], [-1.6042177697236184, 54.95997617615649], [-1.6042958186590113, 54.9600210906101], [-1.604451916529797, 54.9600210906101], [-1.6046860633359756, 54.96015583397093], [-1.6046080144005828, 54.96020074842454], [-1.604451916529797, 54.96020074842454], [-1.6043738675944041, 54.96024566287815], [-1.60452996546519, 54.96033549178537], [-1.60452996546519, 54.96042532069259], [-1.604451916529797, 54.960470235146204], [-1.6042958186590113, 54.960470235146204], [-1.6042177697236184, 54.960515149599814], [-1.604451916529797, 54.960649892960646], [-1.6047641122713685, 54.960649892960646], [-1.6049982590775471, 54.960515149599814], [-1.6049982590775471, 54.96042532069259], [-1.6051543569483329, 54.96033549178537], [-1.6051543569483329, 54.96024566287815], [-1.6052324058837257, 54.96020074842454], [-1.6053885037545115, 54.96029057733176], [-1.605700699496083, 54.96029057733176], [-1.6058567973668687, 54.96020074842454], [-1.6060909441730473, 54.96033549178537], [-1.6059348463022616, 54.96042532069259], [-1.6060128952376544, 54.960470235146204], [-1.6064811888500117, 54.960470235146204], [-1.6065592377854045, 54.960515149599814], [-1.6065592377854045, 54.960604978507035], [-1.6066372867207974, 54.960649892960646], [-1.6067933845915832, 54.960649892960646], [-1.606871433526976, 54.96069480741426], [-1.6067933845915832, 54.96073972186787], [-1.6066372867207974, 54.96073972186787], [-1.6065592377854045, 54.96078463632148]]]]}}]}