{"type": "FeatureCollection", "features": [{"type": "Feature", "properties": {"band_id": "over_60", "order": 0}, "geometry": {"type": "Polygon", "coordinates": [[[-1.969352804384158, 54.94435928930179], [-1.965291554891808, 54.94980279573842], [-1.965102445683988, 54.95003007108622], [-1.959144047677785, 54.95630672774041], [-1.95909008697066, 54.95785030877818], [-1.959088434104275, 54.95786551051511], [-1.957874141470778, 54.96433835663971], [-1.955652341305184, 54.97072208281634], [-1.952440589741353, 54.97696488513139], [-1.952428143446584, 54.976985597252], [-1.948621512618619, 54.98256010869368], [-1.944024659971256, 54.98793415824276], [-1.938668885204633, 54.993070792734876], [-1.938642219587574, 54.99309411562883], [-1.938041866714362, 54.993562625308186], [-1.937312068261724, 54.99467874192255], [-1.937183668679327, 54.994850363360044], [-1.931841751697192, 55.00113334313732], [-1.929176452758036, 55.00362415552661], [-1.928709719615535, 55.00436625918139], [-1.923185279044071, 55.01096811917082], [-1.916524935858073, 55.01721449670693], [-1.908796731826823, 55.023041099954895], [-1.900079802061568, 55.028387930874864], [-1.890463570631138, 55.03319990900059], [-1.888265741986245, 55.0340920260593], [-1.884002430339719, 55.03908718041298], [-1.877672712275104, 55.044992238552325], [-1.870385138184011, 55.050521569933046], [-1.864612279658536, 55.0541234336442], [-1.863829324697496, 55.055201974517935], [-1.857808616106178, 55.061596760561905], [-1.850697732854412, 55.06761187044578], [-1.842568279706775, 55.073186334977365], [-1.838485960179797, 55.07547282893504], [-1.838353655123285, 55.076230969765824], [-1.835953450892227, 55.08312659200845], [-1.832395999998103, 55.08985576113678], [-1.827714425763689, 55.0963547394274], [-1.821952559210344, 55.10256193928863], [-1.815164541426648, 55.1084185104419], [-1.807414324912833, 55.11386890206159], [-1.799238496647234, 55.11859363895369], [-1.796822681136139, 55.120235051744174], [-1.787967903119299, 55.12517543853256], [-1.778310090547728, 55.129594956117714], [-1.767942037584924, 55.1334510280518], [-1.756963471364132, 55.136706494646084], [-1.745480085280567, 55.1393299758823], [-1.733602510808415, 55.141296178196704], [-1.728135190825124, 55.14187645595655], [-1.725526744071715, 55.142382235439534], [-1.724758716776858, 55.14250714936994], [-1.724398723160248, 55.142563142616645], [-1.721299363704323, 55.14318210207461], [-1.721324043652126, 55.14322043977435], [-1.719842371482522, 55.14353336343599], [-1.716089159629171, 55.14428767263035], [-1.71358583224136, 55.14476547147522], [-1.711198531634091, 55.14522363856607], [-1.709727519008462, 55.145500189975394], [-1.707703996228685, 55.14587272184421], [-1.707467871223995, 55.14591604349105], [-1.70686177053653, 55.146026865470034], [-1.705110060853437, 55.146347008799644], [-1.704316125822015, 55.146490330291], [-1.703648968874736, 55.14662471915858], [-1.693671821571138, 55.148372211003895], [-1.692897359714591, 55.14848801022868], [-1.687849551409021, 55.149179488800975], [-1.687213481675561, 55.1492587262039], [-1.685323731973442, 55.14948546492881], [-1.683800343866148, 55.14966127047835], [-1.680059182175907, 55.15005943073523], [-1.678677293087317, 55.15019416567449], [-1.676931563296182, 55.150357154287384], [-1.674946807661956, 55.1505342633822], [-1.672371686481475, 55.15074846198822], [-1.671380945656608, 55.15082489543709], [-1.664412370564329, 55.15124988964758], [-1.663261712518285, 55.15130157921927], [-1.659624654048027, 55.151315039427146], [-1.657484007466116, 55.15147010430263], [-1.645412105799181, 55.1516777988485], [-1.633360956870624, 55.151222851268926], [-1.621441412738444, 55.15010944721766], [-1.60976309518444, 55.14834782850343], [-1.598433371930641, 55.1459541973592], [-1.587556355222586, 55.14295056508285], [-1.577231932647767, 55.13936454655099], [-1.567554839670163, 55.13522910263817], [-1.567318136371121, 55.13510610494154], [-1.567082282409889, 55.13508782953188], [-1.566952663095267, 55.135072702606266], [-1.566960084540924, 55.135051830450124], [-1.565999290470164, 55.13502315086823], [-1.554134199334247, 55.13401509022348], [-1.550832735890716, 55.133547386420716], [-1.547619477277762, 55.133753325007454], [-1.542846324026736, 55.133785967677255], [-1.532140807488463, 55.13762747839096], [-1.531886428078406, 55.13770840466268], [-1.52339357512731, 55.140174456300265], [-1.522990215524174, 55.14028079916774], [-1.522050094588275, 55.14052850010673], [-1.510878348555858, 55.14310887324498], [-1.499326877445998, 55.14506646099529], [-1.493521963897818, 55.14571304890859], [-1.490588242341418, 55.14627654263608], [-1.479207610298336, 55.147808437758805], [-1.467627742650556, 55.148729743832796], [-1.467602998535121, 55.148731046062416], [-1.453592768681917, 55.14901991683244], [-1.439613266601937, 55.14841581908839], [-1.425837782463112, 55.14692624330831], [-1.425795312742079, 55.14692023269272], [-1.413707859985736, 55.14483651444099], [-1.402045685325968, 55.14207071207527], [-1.390925866380586, 55.138650616331496], [-1.38045995206584, 55.134610583849096], [-1.374013566210381, 55.13154310101383], [-1.372273258631707, 55.13085409540585], [-1.37187862008546, 55.13068264991121], [-1.367277776529422, 55.128585179850354], [-1.367179135721609, 55.12853801482555], [-1.359050595262404, 55.12429296682101], [-1.351599724880227, 55.11965797919321], [-1.351524860728135, 55.119607120463144], [-1.345587961399884, 55.11524509621535], [-1.340251555473553, 55.11063542987034], [-1.340083124089021, 55.11047708261677], [-1.333694861850742, 55.103677869284404], [-1.333638813126278, 55.103609717481845], [-1.329089516717215, 55.09732671381071], [-1.328875294106277, 55.096986408445154], [-1.328317443308135, 55.096081436655545], [-1.32820791911176, 55.09589993121436], [-1.323624129291114, 55.086142039720826], [-1.323592603850124, 55.0860496084586], [-1.321994909187429, 55.079838083852266], [-1.318996517700036, 55.077305128432194], [-1.314012435456128, 55.072268666394905], [-1.313951873895061, 55.072201311392384], [-1.309281719026878, 55.06638853035162], [-1.305594424466418, 55.06046985063001], [-1.299235137643062, 55.05568287767271], [-1.299161821055126, 55.0556218158624], [-1.292588787256842, 55.04951913612348], [-1.287103486853615, 55.04307223716709], [-1.282759522978047, 55.03634474935797], [-1.282209665547398, 55.03513716728323], [-1.279547956584645, 55.030610507274666], [-1.27878412860237, 55.02859626710192], [-1.278080619930722, 55.02803254661098], [-1.278125814442227, 55.02801393514947], [-1.27388913910806, 55.02467028193094], [-1.273588891569633, 55.024376236727456], [-1.270658163708995, 55.02288854110832], [-1.27051186526637, 55.02280443490339], [-1.262214509578004, 55.01753995997923], [-1.254858199709591, 55.011832709677584], [-1.248513718054659, 55.005737921929395], [-1.243241969010355, 54.99931455936171], [-1.239521293916411, 54.99331484385863], [-1.2359263079093, 54.98833680832908], [-1.23221696923388, 54.981200717582105], [-1.231850139423733, 54.98008804246671], [-1.23131508253095, 54.97903166627434], [-1.230905195978257, 54.97772107660165], [-1.228979202196657, 54.97360620573804], [-1.228843859938567, 54.9732434724224], [-1.226665661614722, 54.96524406254254], [-1.226056147609292, 54.957154688845414], [-1.226076706559333, 54.9569827832458], [-1.2260001119846, 54.95622576031582], [-1.226423384324445, 54.94943447118868], [-1.227213358609755, 54.94595272119865], [-1.227360414351794, 54.94448078564379], [-1.228324015884405, 54.940908593807166], [-1.228775551232993, 54.938358226628374], [-1.229512173544441, 54.936255828860816], [-1.22776950380395, 54.930846330931594], [-1.22776378005315, 54.93082122529025], [-1.226822824252898, 54.924663403421704], [-1.226798669778004, 54.918481794383496], [-1.226801075945323, 54.918447597102585], [-1.226815816362816, 54.91834391495384], [-1.225265675292141, 54.91158891031091], [-1.225257950795489, 54.91153200283004], [-1.224896645414412, 54.904582881422286], [-1.225695109863999, 54.89764587807723], [-1.227645371674269, 54.890785096853854], [-1.227722404161881, 54.89061721372766], [-1.227610251006896, 54.89046173879081], [-1.223936924117286, 54.88342691738036], [-1.221521778971969, 54.87621346822484], [-1.220389092263427, 54.868895928013856], [-1.220549863925591, 54.861549868503246], [-1.221022433229912, 54.85917449294248], [-1.221619524904511, 54.853065339385054], [-1.223605685348827, 54.845846262724955], [-1.22684375843205, 54.83877969169384], [-1.231300057300741, 54.831937737498976], [-1.236928528280086, 54.82539018384165], [-1.24367124234552, 54.81920377922588], [-1.251459003737777, 54.813441561360655], [-1.260212068841454, 54.80816222029474], [-1.269840967519029, 54.80341950649453], [-1.280247418261039, 54.79926168959743], [-1.291325327778641, 54.79573107304828], [-1.295562815151068, 54.79468703776717], [-1.297694230984702, 54.7935086350784], [-1.298935471644004, 54.7916178323055], [-1.300899096510787, 54.78602932649395], [-1.303822641463332, 54.78023565946273], [-1.303855788337667, 54.78017889195666], [-1.30749838892497, 54.77468755137636], [-1.311899835943749, 54.769385332924585], [-1.311979204448726, 54.76929890512026], [-1.318434545670684, 54.76304944100148], [-1.32594171604873, 54.75720646723559], [-1.334424446528308, 54.75182900916682], [-1.343796715620634, 54.7469713676206], [-1.353963623327188, 54.74268257643431], [-1.36482234958242, 54.73900591331988], [-1.365427616360978, 54.73884578766505], [-1.366466001221494, 54.738496957110094], [-1.377408585281261, 54.73522616568087], [-1.388852897936534, 54.732593463056745], [-1.40068824258066, 54.73062429710824], [-1.409032357449442, 54.729738078419835], [-1.415082498108573, 54.72883676901337], [-1.426778662390889, 54.72776345037213], [-1.43859753438481, 54.727334678853765], [-1.450433499531602, 54.72755428740775], [-1.45358540719132, 54.727786765899474], [-1.460903046425312, 54.72781557345918], [-1.466281347514923, 54.72730377697732], [-1.466400240101539, 54.72729519162635], [-1.47447636818013, 54.72686525804178], [-1.47465644842763, 54.72685906830462], [-1.492431212429634, 54.7269799799361], [-1.492641042128535, 54.726990061346775], [-1.493975884864696, 54.72708387228892], [-1.496762432870682, 54.72706795317026], [-1.497198059021766, 54.727081028411554], [-1.510195163533885, 54.72786645933397], [-1.522980307468381, 54.729431924797225], [-1.535414321640169, 54.731760389140604], [-1.537498566512326, 54.7322215198925], [-1.546704657911333, 54.73450650768987], [-1.547105661735176, 54.73461722962134], [-1.557159467598634, 54.737725876528245], [-1.566683575720808, 54.741350926917946], [-1.566974179357197, 54.741472851649306], [-1.576790537294198, 54.74604446620443], [-1.585763573878532, 54.75116399164899], [-1.593802087257864, 54.75677958402906], [-1.600824238537652, 54.76283435335628], [-1.601610433429861, 54.76359206555549], [-1.606905362717111, 54.76925050586232], [-1.611310839598539, 54.775158490816224], [-1.614791668369396, 54.781269351202035], [-1.617319917315989, 54.78753479392192], [-1.618875151676362, 54.793905281748565], [-1.61892476283026, 54.79420403328072], [-1.619476171203013, 54.7997916875698], [-1.619368051226844, 54.802844042700706], [-1.622517159473638, 54.807584643910225], [-1.626863904424482, 54.80713973581584], [-1.637064204030912, 54.806586503386534], [-1.637453275679501, 54.8065746356764], [-1.638090839173015, 54.806555268384486], [-1.654038679492899, 54.80665738471475], [-1.654705895959546, 54.806686231882274], [-1.666951697575097, 54.807642762350554], [-1.66758258406308, 54.807672345815995], [-1.668151966879174, 54.80773644755616], [-1.669533334253053, 54.80784425287393], [-1.669606311200678, 54.80785253825048], [-1.670843335714114, 54.808039405914], [-1.68127655425663, 54.80921323154923], [-1.681338653590043, 54.80922231575843], [-1.691095489514499, 54.81089563455421], [-1.70058570897683, 54.813020419972545], [-1.700640136805321, 54.81303409758521], [-1.716900973694111, 54.81796732237196], [-1.716953724957677, 54.81798629368974], [-1.726140689584707, 54.821626824167645], [-1.734732605166967, 54.8257238575018], [-1.734777594560882, 54.82574732654711], [-1.742914752591794, 54.83039864256136], [-1.749970715199066, 54.83524401269013], [-1.750577237115005, 54.83517043800942], [-1.750764112813714, 54.83515466546095], [-1.756262961636041, 54.83485167170043], [-1.762392411978171, 54.833704284959666], [-1.762518609064052, 54.83368481823516], [-1.774107260746841, 54.83223196303229], [-1.774216273554203, 54.83222138143299], [-1.785438121165305, 54.831430189483605], [-1.785593844629635, 54.83142330146576], [-1.793330514698738, 54.8312194529545], [-1.793506399749911, 54.831217955354056], [-1.808397769398701, 54.83160228726114], [-1.80876352514655, 54.83162434770375], [-1.819454386877547, 54.83253926853489], [-1.824306703518627, 54.833205080811155], [-1.824594839773808, 54.83322742740325], [-1.83391900130055, 54.83375402643821], [-1.834887931727647, 54.83378903382874], [-1.835430277638135, 54.83383930980706], [-1.835452844178034, 54.8338405831222], [-1.835796850528458, 54.833871628126246], [-1.83590952023811, 54.83388373392884], [-1.84684840266532, 54.83489718943565], [-1.858568469782658, 54.83666583851147], [-1.869939070897225, 54.83907852823602], [-1.880854345081806, 54.842112811005784], [-1.8818561353954, 54.842426519805116], [-1.892638327758094, 54.84621985595758], [-1.89530572753373, 54.847385623291395], [-1.897098753816246, 54.84775961302665], [-1.897620147886056, 54.84788670430549], [-1.900999386770374, 54.84874439074103], [-1.901242174550915, 54.84880848685381], [-1.913207389383905, 54.85242849790666], [-1.924430058211995, 54.856769585593796], [-1.925220768381413, 54.857112397737396], [-1.936703240108749, 54.86274302037726], [-1.937252686062715, 54.86304703003358], [-1.94721808600513, 54.869244090289754], [-1.955864629383556, 54.87606884568829], [-1.957732993758172, 54.877740136444665], [-1.958583654444247, 54.87851168178782], [-1.958993159328456, 54.878888326263386], [-1.964849660043422, 54.88489142753135], [-1.969690532908397, 54.89118832855751], [-1.973471470059987, 54.89772202329977], [-1.973547801680562, 54.89787834827833], [-1.97595153512018, 54.903720592250764], [-1.977506428495336, 54.90965758582822], [-1.978201393599088, 54.91564842770414], [-1.978207529557164, 54.91578862178471], [-1.977912099163569, 54.92289253739695], [-1.976407161834673, 54.9299454291074], [-1.973706631404922, 54.93687914167855], [-1.969836009425048, 54.94362663699106], [-1.969604791986068, 54.94392685488501], [-1.969352804384158, 54.94435928930179]], [[-1.5324627899826737, 54.98178526229458], [-1.5312177710729884, 54.98322255368112], [-1.5302840068907244, 54.984659845067654], [-1.529505870072171, 54.98421069150936], [-1.5270158322528005, 54.9856479828959], [-1.5232807755237445, 54.98636662858917], [-1.509585567517206, 54.987803919975704], [-1.5070955296978354, 54.987803919975704], [-1.5033604729687795, 54.98852256566897], [-1.5025823361502262, 54.988971719227266], [-1.5016485719679622, 54.988971719227266], [-1.5008704351494089, 54.98852256566897], [-1.4871752271428704, 54.987803919975704], [-1.4821951515041292, 54.987803919975704], [-1.477215075865388, 54.98852256566897], [-1.4560497544007376, 54.98852256566897], [-1.4523146976716816, 54.98995985705551], [-1.4515365608531283, 54.9904090106138], [-1.4485796409426257, 54.992834439828584], [-1.4478015041240724, 54.99328359338688], [-1.446556485214387, 54.99615817615995], [-1.446556485214387, 54.99759546754649], [-1.4453114663047018, 54.999032758933026], [-1.4440664473950164, 55.00406327878591], [-1.4428214284853311, 55.005500570172444], [-1.4398645085748285, 55.00720735369396], [-1.4373744707554579, 55.007925999387226], [-1.433639414026402, 55.008644645080494], [-1.4316162582981633, 55.009812444332056], [-1.42616930056829, 55.013675164933375], [-1.4211892249295488, 55.013675164933375], [-1.4162091492908075, 55.01439381062664], [-1.4154310124722542, 55.014842964184936], [-1.4162091492908075, 55.01654974770645], [-1.4154310124722542, 55.01699890126474], [-1.4154310124722542, 55.01843619265128], [-1.4162091492908075, 55.01888534620957], [-1.4191660692013102, 55.02274806681089], [-1.4199442060198635, 55.023197220369184], [-1.426636182659422, 55.026341295277234], [-1.4278812015691074, 55.02849723235704], [-1.4291262204787927, 55.03352775220992], [-1.429904357297346, 55.03397690576821], [-1.430371239388478, 55.035683689289726], [-1.4291262204787927, 55.037120980676264], [-1.4291262204787927, 55.03783962636953], [-1.4316162582981633, 55.04071420914261], [-1.433639414026402, 55.04188200839417], [-1.4440664473950164, 55.047182020382024], [-1.4453114663047018, 55.04861931176856], [-1.4478015041240724, 55.05077524884837], [-1.450291541943443, 55.05364983162144], [-1.4515365608531283, 55.057243060087785], [-1.4527815797628136, 55.06011764286086], [-1.454026598672499, 55.0615549342474], [-1.4515365608531283, 55.06658545410028], [-1.4515365608531283, 55.06946003687335], [-1.4523146976716816, 55.069909190431645], [-1.457761655401555, 55.07161597395316], [-1.4590066743112402, 55.073053265339695], [-1.4627417310402961, 55.07664649380604], [-1.4627417310402961, 55.078802430885844], [-1.4647648867685348, 55.079970230137405], [-1.4689668255887227, 55.08095836796565], [-1.469744962407276, 55.0841024428737], [-1.4691224529524334, 55.08455159643199], [-1.469744962407276, 55.085000749990286], [-1.4722350002266467, 55.085719395683554], [-1.4789269768662052, 55.08742617920507], [-1.4826620335952612, 55.08958211628487], [-1.4859302082331851, 55.091378730518045], [-1.4871752271428704, 55.090660084824776], [-1.4884202460525557, 55.090660084824776], [-1.489665264962241, 55.08994143913151], [-1.4909102838719264, 55.08994143913151], [-1.491532793326769, 55.08958211628487], [-1.491532793326769, 55.088144824898336], [-1.4921553027816117, 55.0877855020517], [-1.5008704351494089, 55.0877855020517], [-1.5021154540590942, 55.08706685635843], [-1.5027379635139368, 55.08742617920507], [-1.5027379635139368, 55.088144824898336], [-1.5046054918784648, 55.08922279343824], [-1.5058505107881501, 55.08922279343824], [-1.5064730202429928, 55.08958211628487], [-1.5064730202429928, 55.09030076197814], [-1.5083405486075208, 55.091378730518045], [-1.509585567517206, 55.091378730518045], [-1.5102080769720487, 55.09173805336468], [-1.5102080769720487, 55.09245669905795], [-1.511453095881734, 55.09317534475122], [-1.511453095881734, 55.094612636137754], [-1.5108305864268914, 55.09497195898439], [-1.5083405486075208, 55.09497195898439], [-1.507718039152678, 55.09533128183102], [-1.507718039152678, 55.09748721891083], [-1.5070955296978354, 55.09784654175746], [-1.5058505107881501, 55.097127896064194], [-1.5046054918784648, 55.097127896064194], [-1.5039829824236222, 55.09748721891083], [-1.5039829824236222, 55.0982058646041], [-1.5064730202429928, 55.099643155990634], [-1.5064730202429928, 55.1003618016839], [-1.5070955296978354, 55.10072112453054], [-1.507718039152678, 55.1003618016839], [-1.507718039152678, 55.0982058646041], [-1.5083405486075208, 55.09784654175746], [-1.5089630580623634, 55.0982058646041], [-1.5089630580623634, 55.099643155990634], [-1.509585567517206, 55.10000247883727], [-1.5120756053365767, 55.10000247883727], [-1.5126981147914194, 55.1003618016839], [-1.5126981147914194, 55.10108044737717], [-1.513320624246262, 55.101439770223806], [-1.5145656431559473, 55.10072112453054], [-1.5195457187946886, 55.10072112453054], [-1.5220357566140592, 55.099283833144], [-1.5232807755237445, 55.099283833144], [-1.5239032849785872, 55.099643155990634], [-1.5239032849785872, 55.1003618016839], [-1.5245257944334298, 55.10072112453054], [-1.5257708133431152, 55.10072112453054], [-1.5263933227979578, 55.10108044737717], [-1.5263933227979578, 55.10251773876371], [-1.5270158322528005, 55.10287706161034], [-1.5282608511624858, 55.102158415917074], [-1.529505870072171, 55.102158415917074], [-1.5301283795270137, 55.10179909307044], [-1.5301283795270137, 55.10108044737717], [-1.529505870072171, 55.10072112453054], [-1.5282608511624858, 55.10072112453054], [-1.5276383417076431, 55.1003618016839], [-1.5276383417076431, 55.099643155990634], [-1.5288833606173284, 55.098924510297365], [-1.5276383417076431, 55.0982058646041], [-1.5276383417076431, 55.09748721891083], [-1.5288833606173284, 55.09676857321756], [-1.5288833606173284, 55.09604992752429], [-1.5276383417076431, 55.09533128183102], [-1.5282608511624858, 55.09497195898439], [-1.5319959078915417, 55.09497195898439], [-1.535108455165755, 55.09676857321756], [-1.535108455165755, 55.09748721891083], [-1.5363534740754403, 55.0982058646041], [-1.5363534740754403, 55.098924510297365], [-1.538843511894811, 55.1003618016839], [-1.538843511894811, 55.10108044737717], [-1.5382210024399683, 55.101439770223806], [-1.536975983530283, 55.101439770223806], [-1.5357309646205977, 55.102158415917074], [-1.5344859457109123, 55.102158415917074], [-1.5338634362560697, 55.10179909307044], [-1.5338634362560697, 55.10108044737717], [-1.533240926801227, 55.10072112453054], [-1.5326184173463844, 55.10108044737717], [-1.5326184173463844, 55.10251773876371], [-1.531373398436699, 55.10323638445698], [-1.531373398436699, 55.103955030150246], [-1.5301283795270137, 55.104673675843515], [-1.531373398436699, 55.10539232153678], [-1.5301283795270137, 55.10611096723005], [-1.5301283795270137, 55.10682961292332], [-1.5288833606173284, 55.10754825861659], [-1.5319959078915417, 55.10934487284976], [-1.533240926801227, 55.10934487284976], [-1.5338634362560697, 55.108985550003126], [-1.5338634362560697, 55.10754825861659], [-1.5344859457109123, 55.107188935769955], [-1.5394660213496536, 55.107188935769955], [-1.5425785686238669, 55.108985550003126], [-1.5425785686238669, 55.11114148708293], [-1.5444460969883949, 55.112219455622835], [-1.5456911158980802, 55.112219455622835], [-1.5469361348077655, 55.11150080992957], [-1.5494261726271361, 55.11150080992957], [-1.5506711915368214, 55.1107821642363], [-1.5556512671755627, 55.1107821642363], [-1.5562737766304053, 55.11114148708293], [-1.5556512671755627, 55.11150080992957], [-1.553161229356192, 55.11150080992957], [-1.5488036631722935, 55.11401606985601], [-1.5488036631722935, 55.114734715549275], [-1.5494261726271361, 55.11509403839591], [-1.5506711915368214, 55.11509403839591], [-1.5519162104465067, 55.11437539270264], [-1.556896286085248, 55.11437539270264], [-1.5575187955400907, 55.114734715549275], [-1.5575187955400907, 55.115453361242544], [-1.556896286085248, 55.11581268408918], [-1.5556512671755627, 55.11581268408918], [-1.5525387199013494, 55.11760929832235], [-1.5544062482658774, 55.11868726686225], [-1.5556512671755627, 55.117968621168984], [-1.556896286085248, 55.11868726686225], [-1.5581413049949333, 55.11868726686225], [-1.5593863239046186, 55.117968621168984], [-1.560631342814304, 55.117968621168984], [-1.5618763617239892, 55.11868726686225], [-1.5631213806336746, 55.11868726686225], [-1.5637438900885172, 55.11904658970889], [-1.5637438900885172, 55.119765235402156], [-1.5643663995433599, 55.12012455824879], [-1.5649889089982025, 55.119765235402156], [-1.5649889089982025, 55.11904658970889], [-1.5637438900885172, 55.11832794401562], [-1.5637438900885172, 55.11760929832235], [-1.5643663995433599, 55.117249975475715], [-1.5668564373627305, 55.11868726686225], [-1.5687239657272585, 55.11760929832235], [-1.5687239657272585, 55.11617200693581], [-1.5693464751821011, 55.11581268408918], [-1.5724590224563144, 55.11760929832235], [-1.5724590224563144, 55.11832794401562], [-1.574949060275685, 55.119765235402156], [-1.574949060275685, 55.120483881095424], [-1.5761940791853704, 55.12120252678869], [-1.5761940791853704, 55.12192117248196], [-1.5780616075498983, 55.122999141021864], [-1.578684117004741, 55.12263981817523], [-1.578684117004741, 55.12192117248196], [-1.5774390980950557, 55.12120252678869], [-1.5774390980950557, 55.119765235402156], [-1.5761940791853704, 55.11904658970889], [-1.5774390980950557, 55.11832794401562], [-1.5774390980950557, 55.11689065262908], [-1.5761940791853704, 55.11617200693581], [-1.5761940791853704, 55.114734715549275], [-1.576816588640213, 55.11437539270264], [-1.5780616075498983, 55.11509403839591], [-1.5793066264595836, 55.11437539270264], [-1.5799291359144263, 55.114734715549275], [-1.5799291359144263, 55.115453361242544], [-1.578684117004741, 55.11617200693581], [-1.578684117004741, 55.11689065262908], [-1.5793066264595836, 55.117249975475715], [-1.582419173733797, 55.115453361242544], [-1.582419173733797, 55.11329742416274], [-1.5811741548241116, 55.11257877846947], [-1.5811741548241116, 55.1118601327762], [-1.5817966642789543, 55.11150080992957], [-1.5830416831886396, 55.11150080992957], [-1.5836641926434822, 55.11114148708293], [-1.5836641926434822, 55.11042284138966], [-1.584286702098325, 55.11006351854303], [-1.5849092115531676, 55.11042284138966], [-1.5849092115531676, 55.11114148708293], [-1.5867767399176955, 55.112219455622835], [-1.5892667777370661, 55.112219455622835], [-1.5898892871919088, 55.1118601327762], [-1.5898892871919088, 55.108985550003126], [-1.5911343061015941, 55.10826690430986], [-1.5911343061015941, 55.10754825861659], [-1.5917568155564368, 55.107188935769955], [-1.593001834466122, 55.10790758146322], [-1.5942468533758074, 55.10790758146322], [-1.5954918722854927, 55.10862622715649], [-1.5992269290145487, 55.10862622715649], [-1.600471947924234, 55.10790758146322], [-1.60420700465329, 55.10790758146322], [-1.6066970424726605, 55.10934487284976], [-1.6091870802920312, 55.10934487284976], [-1.6116771181114018, 55.10790758146322], [-1.6141671559307724, 55.10790758146322], [-1.6160346842953004, 55.108985550003126], [-1.6160346842953004, 55.11114148708293], [-1.618524722114671, 55.11257877846947], [-1.6179022126598284, 55.112938101316104], [-1.6141671559307724, 55.112938101316104], [-1.6135446464759298, 55.11329742416274], [-1.6135446464759298, 55.11401606985601], [-1.614789665385615, 55.114734715549275], [-1.6141671559307724, 55.11509403839591], [-1.612922137021087, 55.11509403839591], [-1.6122996275662445, 55.115453361242544], [-1.6141671559307724, 55.11653132978245], [-1.6154121748404577, 55.11653132978245], [-1.6160346842953004, 55.11689065262908], [-1.6135446464759298, 55.11832794401562], [-1.614789665385615, 55.11904658970889], [-1.6135446464759298, 55.119765235402156], [-1.6135446464759298, 55.12120252678869], [-1.6141671559307724, 55.12156184963533], [-1.6154121748404577, 55.12156184963533], [-1.6179022126598284, 55.12012455824879], [-1.6191472315695137, 55.12012455824879], [-1.620392250479199, 55.11940591255552], [-1.624127307208255, 55.11940591255552], [-1.6247498166630976, 55.119765235402156], [-1.6247498166630976, 55.120483881095424], [-1.6291073828469962, 55.122999141021864], [-1.6303524017566815, 55.122999141021864], [-1.6322199301212095, 55.12192117248196], [-1.6322199301212095, 55.120483881095424], [-1.6334649490308948, 55.119765235402156], [-1.6334649490308948, 55.11689065262908], [-1.63470996794058, 55.11617200693581], [-1.63470996794058, 55.11329742416274], [-1.636577496305108, 55.112219455622835], [-1.6465376475825906, 55.112219455622835], [-1.647782666492276, 55.11150080992957], [-1.6515177232213318, 55.11150080992957], [-1.6527627421310171, 55.1107821642363], [-1.6577428177697584, 55.1107821642363], [-1.6596103461342864, 55.1118601327762], [-1.6596103461342864, 55.11329742416274], [-1.662100383953657, 55.114734715549275], [-1.662100383953657, 55.115453361242544], [-1.6633454028633423, 55.11617200693581], [-1.6633454028633423, 55.11689065262908], [-1.6627228934084997, 55.117249975475715], [-1.660232855589129, 55.117249975475715], [-1.6571203083149157, 55.11904658970889], [-1.6589878366794437, 55.12012455824879], [-1.660232855589129, 55.12012455824879], [-1.6608553650439717, 55.120483881095424], [-1.6608553650439717, 55.12120252678869], [-1.6614778744988143, 55.12156184963533], [-1.663967912318185, 55.12156184963533], [-1.6664579501375556, 55.122999141021864], [-1.667702969047241, 55.122280495328596], [-1.6689479879569262, 55.122280495328596], [-1.6701930068666115, 55.122999141021864], [-1.6714380257762969, 55.122999141021864], [-1.6726830446859822, 55.12371778671513], [-1.6739280635956675, 55.12371778671513], [-1.6745505730505101, 55.1233584638685], [-1.6739280635956675, 55.122999141021864], [-1.6726830446859822, 55.122999141021864], [-1.6720605352311395, 55.12263981817523], [-1.6720605352311395, 55.12192117248196], [-1.6726830446859822, 55.12156184963533], [-1.6739280635956675, 55.12156184963533], [-1.6757955919601955, 55.120483881095424], [-1.6739280635956675, 55.11940591255552], [-1.6726830446859822, 55.11940591255552], [-1.6720605352311395, 55.11904658970889], [-1.6720605352311395, 55.11689065262908], [-1.6726830446859822, 55.11653132978245], [-1.6739280635956675, 55.11653132978245], [-1.6745505730505101, 55.11617200693581], [-1.6745505730505101, 55.11329742416274], [-1.6751730825053528, 55.112938101316104], [-1.6789081392344087, 55.112938101316104], [-1.6795306486892514, 55.11329742416274], [-1.6795306486892514, 55.114734715549275], [-1.6826431959634647, 55.11653132978245], [-1.6845107243279926, 55.115453361242544], [-1.6845107243279926, 55.114734715549275], [-1.685755743237678, 55.11401606985601], [-1.685755743237678, 55.11329742416274], [-1.687623271602206, 55.112219455622835], [-1.6888682905118912, 55.112938101316104], [-1.6913583283312619, 55.112938101316104], [-1.6919808377861045, 55.11257877846947], [-1.6919808377861045, 55.1118601327762], [-1.6926033472409472, 55.11150080992957], [-1.6938483661506325, 55.11150080992957], [-1.6944708756054752, 55.11114148708293], [-1.6938483661506325, 55.1107821642363], [-1.6888682905118912, 55.1107821642363], [-1.6882457810570486, 55.11042284138966], [-1.689490799966734, 55.109704195696395], [-1.689490799966734, 55.10826690430986], [-1.6882457810570486, 55.10754825861659], [-1.6882457810570486, 55.10682961292332], [-1.6863782526925206, 55.10575164438342], [-1.6845107243279926, 55.10682961292332], [-1.6845107243279926, 55.10754825861659], [-1.68388821487315, 55.10790758146322], [-1.6826431959634647, 55.10790758146322], [-1.6813981770537794, 55.107188935769955], [-1.680153158144094, 55.107188935769955], [-1.6795306486892514, 55.10682961292332], [-1.680153158144094, 55.106470290076686], [-1.6826431959634647, 55.106470290076686], [-1.6832657054183073, 55.10611096723005], [-1.6832657054183073, 55.104673675843515], [-1.68388821487315, 55.10431435299688], [-1.6863782526925206, 55.10431435299688], [-1.6882457810570486, 55.10323638445698], [-1.6882457810570486, 55.10179909307044], [-1.6888682905118912, 55.101439770223806], [-1.6913583283312619, 55.101439770223806], [-1.6926033472409472, 55.10072112453054], [-1.6932258566957898, 55.10108044737717], [-1.6932258566957898, 55.10179909307044], [-1.6919808377861045, 55.10251773876371], [-1.6919808377861045, 55.10323638445698], [-1.6926033472409472, 55.10359570730361], [-1.6975834228796884, 55.10359570730361], [-1.698205932334531, 55.10323638445698], [-1.698205932334531, 55.10179909307044], [-1.6969609134248458, 55.10108044737717], [-1.6975834228796884, 55.10072112453054], [-1.700073460699059, 55.10072112453054], [-1.701940989063587, 55.10179909307044], [-1.701940989063587, 55.10251773876371], [-1.7031860079732724, 55.10323638445698], [-1.7031860079732724, 55.103955030150246], [-1.705676045792643, 55.10539232153678], [-1.7044310268829577, 55.10611096723005], [-1.7044310268829577, 55.10754825861659], [-1.7050535363378003, 55.10790758146322], [-1.7087885930668563, 55.10790758146322], [-1.709411102521699, 55.10754825861659], [-1.709411102521699, 55.10539232153678], [-1.7100336119765416, 55.10503299869015], [-1.711278630886227, 55.10575164438342], [-1.7125236497959122, 55.10575164438342], [-1.7131461592507549, 55.10539232153678], [-1.7131461592507549, 55.10251773876371], [-1.7125236497959122, 55.102158415917074], [-1.7100336119765416, 55.102158415917074], [-1.709411102521699, 55.10179909307044], [-1.709411102521699, 55.10108044737717], [-1.711278630886227, 55.10000247883727], [-1.7125236497959122, 55.10000247883727], [-1.7150136876152828, 55.101439770223806], [-1.7175037254346535, 55.101439770223806], [-1.7181262348894961, 55.10179909307044], [-1.7181262348894961, 55.10251773876371], [-1.7175037254346535, 55.10287706161034], [-1.7162587065249681, 55.102158415917074], [-1.7150136876152828, 55.102158415917074], [-1.7143911781604402, 55.10251773876371], [-1.7143911781604402, 55.103955030150246], [-1.7162587065249681, 55.10503299869015], [-1.7181262348894961, 55.103955030150246], [-1.7181262348894961, 55.10323638445698], [-1.7187487443443388, 55.10287706161034], [-1.719993763254024, 55.10287706161034], [-1.721861291618552, 55.10179909307044], [-1.721861291618552, 55.10108044737717], [-1.7231063105282374, 55.1003618016839], [-1.7212387821637094, 55.099283833144], [-1.719993763254024, 55.099283833144], [-1.7181262348894961, 55.0982058646041], [-1.7181262348894961, 55.09748721891083], [-1.7206162727088667, 55.09604992752429], [-1.7206162727088667, 55.094612636137754], [-1.7181262348894961, 55.09317534475122], [-1.7187487443443388, 55.09281602190458], [-1.719993763254024, 55.09281602190458], [-1.72372881998308, 55.090660084824776], [-1.7249738388927653, 55.090660084824776], [-1.7268413672572933, 55.08958211628487], [-1.7268413672572933, 55.0867075335118], [-1.727463876712136, 55.086348210665165], [-1.7287088956218213, 55.086348210665165], [-1.7324439523508772, 55.08850414774497], [-1.7336889712605625, 55.08850414774497], [-1.7349339901702479, 55.0877855020517], [-1.7361790090799332, 55.08850414774497], [-1.7374240279896185, 55.08850414774497], [-1.7380465374444611, 55.088863470591605], [-1.7380465374444611, 55.08958211628487], [-1.7386690468993038, 55.08994143913151], [-1.739914065808989, 55.08994143913151], [-1.7405365752638318, 55.09030076197814], [-1.7405365752638318, 55.09101940767141], [-1.7411590847186744, 55.091378730518045], [-1.7424041036283597, 55.091378730518045], [-1.7442716319928877, 55.09030076197814], [-1.7442716319928877, 55.08958211628487], [-1.7430266130832024, 55.088863470591605], [-1.743649122538045, 55.08850414774497], [-1.747384179267101, 55.08850414774497], [-1.7486291981767863, 55.08922279343824], [-1.7498742170864716, 55.08850414774497], [-1.751119235996157, 55.08850414774497], [-1.7517417454509996, 55.088144824898336], [-1.7517417454509996, 55.0867075335118], [-1.7504967265413143, 55.08598888781853], [-1.751119235996157, 55.085629564971896], [-1.7548542927252129, 55.085629564971896], [-1.7554768021800555, 55.08598888781853], [-1.7554768021800555, 55.0867075335118], [-1.7567218210897408, 55.08742617920507], [-1.7554768021800555, 55.088144824898336], [-1.7554768021800555, 55.088863470591605], [-1.7542317832703702, 55.08958211628487], [-1.7542317832703702, 55.09030076197814], [-1.752986764360685, 55.09101940767141], [-1.7542317832703702, 55.09173805336468], [-1.7542317832703702, 55.09245669905795], [-1.7548542927252129, 55.09281602190458], [-1.7560993116348982, 55.09281602190458], [-1.7573443305445835, 55.09209737621131], [-1.7585893494542688, 55.09209737621131], [-1.7598343683639541, 55.091378730518045], [-1.7623244061833248, 55.091378730518045], [-1.76356942509301, 55.09209737621131], [-1.767304481822066, 55.09209737621131], [-1.7679269912769087, 55.09173805336468], [-1.7679269912769087, 55.09101940767141], [-1.7704170290962793, 55.08958211628487], [-1.7704170290962793, 55.088863470591605], [-1.7722845574608073, 55.0877855020517], [-1.7753971047350205, 55.08958211628487], [-1.7753971047350205, 55.09101940767141], [-1.7760196141898632, 55.091378730518045], [-1.7772646330995485, 55.091378730518045], [-1.7778871425543912, 55.09101940767141], [-1.7778871425543912, 55.09030076197814], [-1.7753971047350205, 55.088863470591605], [-1.7760196141898632, 55.08850414774497], [-1.7772646330995485, 55.08850414774497], [-1.7791321614640765, 55.08742617920507], [-1.7791321614640765, 55.0867075335118], [-1.7760196141898632, 55.08491091927863], [-1.774774595280178, 55.08491091927863], [-1.7741520858253352, 55.08455159643199], [-1.7741520858253352, 55.083832950738724], [-1.7735295763704926, 55.08347362789209], [-1.771039538551122, 55.08347362789209], [-1.7704170290962793, 55.083114305045456], [-1.771039538551122, 55.08275498219882], [-1.774774595280178, 55.08275498219882], [-1.7766421236447059, 55.08167701365892], [-1.7766421236447059, 55.08095836796565], [-1.7772646330995485, 55.080599045119015], [-1.7797546709189191, 55.080599045119015], [-1.7809996898286045, 55.07988039942575], [-1.7822447087382898, 55.07988039942575], [-1.783489727647975, 55.07916175373248], [-1.7847347465576604, 55.07916175373248], [-1.7866022749221884, 55.078083785192575], [-1.7866022749221884, 55.07736513949931], [-1.7859797654673457, 55.07700581665267], [-1.7822447087382898, 55.07700581665267], [-1.7809996898286045, 55.076287170959404], [-1.7797546709189191, 55.076287170959404], [-1.7772646330995485, 55.07772446234594], [-1.7760196141898632, 55.07772446234594], [-1.774774595280178, 55.07700581665267], [-1.7722845574608073, 55.07700581665267], [-1.7716620480059646, 55.07664649380604], [-1.7716620480059646, 55.07449055672623], [-1.7735295763704926, 55.07341258818633], [-1.7772646330995485, 55.07341258818633], [-1.7797546709189191, 55.07197529679979], [-1.783489727647975, 55.07197529679979], [-1.7847347465576604, 55.07269394249306], [-1.7859797654673457, 55.07269394249306], [-1.787224784377031, 55.07341258818633], [-1.7884698032867163, 55.07341258818633], [-1.790959841106087, 55.07484987957287], [-1.794694897835143, 55.07484987957287], [-1.7953174072899856, 55.0752092024195], [-1.794694897835143, 55.075568525266135], [-1.7922048600157723, 55.075568525266135], [-1.7915823505609296, 55.07592784811277], [-1.7915823505609296, 55.078083785192575], [-1.7922048600157723, 55.07844310803921], [-1.7984299545641989, 55.07844310803921], [-1.7996749734738842, 55.07916175373248], [-1.8009199923835695, 55.07916175373248], [-1.8021650112932548, 55.07988039942575], [-1.80341003020294, 55.07988039942575], [-1.8059000680223107, 55.081317690812284], [-1.8065225774771534, 55.08095836796565], [-1.8065225774771534, 55.07952107657911], [-1.805277558567468, 55.078802430885844], [-1.8065225774771534, 55.078083785192575], [-1.8046550491126254, 55.07700581665267], [-1.80341003020294, 55.07772446234594], [-1.8015425018384121, 55.07664649380604], [-1.8015425018384121, 55.07592784811277], [-1.8027875207480974, 55.0752092024195], [-1.8027875207480974, 55.073053265339695], [-1.80341003020294, 55.07269394249306], [-1.8040325396577828, 55.073053265339695], [-1.8040325396577828, 55.07449055672623], [-1.8059000680223107, 55.075568525266135], [-1.8077675963868387, 55.07449055672623], [-1.8077675963868387, 55.07377191103296], [-1.8065225774771534, 55.073053265339695], [-1.8065225774771534, 55.07017868256662], [-1.8046550491126254, 55.06910071402672], [-1.80341003020294, 55.06910071402672], [-1.8021650112932548, 55.069819359719986], [-1.8015425018384121, 55.06946003687335], [-1.8015425018384121, 55.06658545410028], [-1.8021650112932548, 55.06622613125364], [-1.8046550491126254, 55.06622613125364], [-1.805277558567468, 55.06658545410028], [-1.8040325396577828, 55.067304099793546], [-1.8046550491126254, 55.06766342264018], [-1.8059000680223107, 55.06766342264018], [-1.8065225774771534, 55.068022745486815], [-1.8065225774771534, 55.06874139118008], [-1.8077675963868387, 55.06946003687335], [-1.8077675963868387, 55.07161597395316], [-1.8083901058416814, 55.07197529679979], [-1.8096351247513667, 55.07197529679979], [-1.810880143661052, 55.07125665110652], [-1.8121251625707373, 55.07125665110652], [-1.81274767202558, 55.07089732825989], [-1.810880143661052, 55.069819359719986], [-1.8096351247513667, 55.069819359719986], [-1.809012615296524, 55.06946003687335], [-1.8102576342062093, 55.06874139118008], [-1.8102576342062093, 55.068022745486815], [-1.8096351247513667, 55.06766342264018], [-1.8083901058416814, 55.06766342264018], [-1.8077675963868387, 55.067304099793546], [-1.8102576342062093, 55.06586680840701], [-1.809012615296524, 55.06514816271374], [-1.8096351247513667, 55.064788839867106], [-1.8121251625707373, 55.064788839867106], [-1.8139926909352653, 55.0637108713272], [-1.8121251625707373, 55.0626329027873], [-1.8083901058416814, 55.0626329027873], [-1.8065225774771534, 55.0615549342474], [-1.8065225774771534, 55.06083628855413], [-1.805277558567468, 55.06011764286086], [-1.805277558567468, 55.05939899716759], [-1.8021650112932548, 55.05760238293442], [-1.8002974829287268, 55.05868035147432], [-1.8002974829287268, 55.05939899716759], [-1.7996749734738842, 55.059758320014225], [-1.7990524640190415, 55.05939899716759], [-1.7990524640190415, 55.057961705781054], [-1.7984299545641989, 55.05760238293442], [-1.7959399167448282, 55.05760238293442], [-1.7953174072899856, 55.057243060087785], [-1.7965624261996709, 55.05652441439452], [-1.794694897835143, 55.055446445854614], [-1.7934498789254576, 55.055446445854614], [-1.7922048600157723, 55.054727800161345], [-1.790959841106087, 55.054727800161345], [-1.7903373316512443, 55.05436847731471], [-1.7922048600157723, 55.05329050877481], [-1.7934498789254576, 55.05329050877481], [-1.794694897835143, 55.05257186308154], [-1.7959399167448282, 55.05257186308154], [-1.7971849356545135, 55.05185321738827], [-1.7996749734738842, 55.05185321738827], [-1.8009199923835695, 55.051134571695], [-1.8021650112932548, 55.051134571695], [-1.80341003020294, 55.05041592600173], [-1.807145086931996, 55.05041592600173], [-1.8083901058416814, 55.049697280308465], [-1.8096351247513667, 55.049697280308465], [-1.8115026531158946, 55.05077524884837], [-1.8115026531158946, 55.051493894541636], [-1.8133701814804226, 55.05257186308154], [-1.814615200390108, 55.05257186308154], [-1.8158602192997932, 55.05185321738827], [-1.8171052382094786, 55.05185321738827], [-1.8183502571191639, 55.051134571695], [-1.8220853138482198, 55.051134571695], [-1.8227078233030625, 55.05077524884837], [-1.8227078233030625, 55.04933795746183], [-1.8233303327579051, 55.048978634615196], [-1.8245753516675904, 55.048978634615196], [-1.825197861122433, 55.04861931176856], [-1.825197861122433, 55.047182020382024], [-1.8264428800321184, 55.046463374688756], [-1.8264428800321184, 55.04574472899549], [-1.8258203705772758, 55.04538540614885], [-1.825197861122433, 55.04574472899549], [-1.825197861122433, 55.046463374688756], [-1.8245753516675904, 55.04682269753539], [-1.8227078233030625, 55.04574472899549], [-1.8245753516675904, 55.044666760455584], [-1.8283104083966464, 55.044666760455584], [-1.8295554273063317, 55.043948114762316], [-1.8320454651257023, 55.043948114762316], [-1.8339129934902303, 55.04287014622241], [-1.8339129934902303, 55.042151500529144], [-1.832667974580545, 55.041432854835875], [-1.832667974580545, 55.04071420914261], [-1.8320454651257023, 55.04035488629597], [-1.8295554273063317, 55.04035488629597], [-1.828932917851489, 55.03999556344934], [-1.828932917851489, 55.0385582720628], [-1.8283104083966464, 55.03819894921617], [-1.827065389486961, 55.03819894921617], [-1.8264428800321184, 55.03783962636953], [-1.8264428800321184, 55.037120980676264], [-1.827065389486961, 55.03676165782963], [-1.8283104083966464, 55.03676165782963], [-1.8295554273063317, 55.0374803035229], [-1.8332904840353876, 55.0374803035229], [-1.8339129934902303, 55.037120980676264], [-1.8339129934902303, 55.036402334982995], [-1.834535502945073, 55.03604301213636], [-1.838270559674129, 55.03604301213636], [-1.8401380880386569, 55.03496504359646], [-1.8401380880386569, 55.03280910651665], [-1.838270559674129, 55.03173113797675], [-1.8357805218547583, 55.03173113797675], [-1.832667974580545, 55.02993452374358], [-1.8332904840353876, 55.02957520089694], [-1.8357805218547583, 55.02957520089694], [-1.836403031309601, 55.02921587805031], [-1.836403031309601, 55.02777858666377], [-1.8376480502192862, 55.0270599409705], [-1.8357805218547583, 55.0259819724306], [-1.8332904840353876, 55.0259819724306], [-1.8320454651257023, 55.02670061812387], [-1.8314229556708597, 55.026341295277234], [-1.8314229556708597, 55.025622649583966], [-1.8332904840353876, 55.02454468104406], [-1.8432506353128701, 55.02454468104406], [-1.8444956542225555, 55.02526332673733], [-1.8457406731322408, 55.02526332673733], [-1.8476082014967687, 55.02418535819743], [-1.8476082014967687, 55.02346671250416], [-1.848853220406454, 55.02274806681089], [-1.8457406731322408, 55.02095145257772], [-1.8444956542225555, 55.02095145257772], [-1.8432506353128701, 55.02167009827099], [-1.8413831069483422, 55.020592129731085], [-1.8413831069483422, 55.01987348403782], [-1.8420056164031848, 55.01951416119118], [-1.8444956542225555, 55.01951416119118], [-1.8476082014967687, 55.01771754695801], [-1.8476082014967687, 55.015561609878205], [-1.8482307109516114, 55.01520228703157], [-1.8494757298612967, 55.01592093272484], [-1.8519657676806673, 55.01592093272484], [-1.85258827713551, 55.015561609878205], [-1.85258827713551, 55.014842964184936], [-1.8538332960451953, 55.01412431849167], [-1.8513432582258247, 55.01268702710513], [-1.8513432582258247, 55.01196838141186], [-1.8519657676806673, 55.01160905856523], [-1.8532107865903527, 55.01160905856523], [-1.8550783149548806, 55.010531090025324], [-1.8550783149548806, 55.009812444332056], [-1.8557008244097233, 55.00945312148542], [-1.8569458433194086, 55.01017176717869], [-1.858190862229094, 55.01017176717869], [-1.8600583905936219, 55.00909379863879], [-1.8600583905936219, 55.00837515294552], [-1.8619259189581499, 55.007297184405616], [-1.8631709378678352, 55.008015830098884], [-1.8637934473226778, 55.00765650725225], [-1.8625484284129925, 55.00693786155898], [-1.8625484284129925, 55.005500570172444], [-1.8606809000484645, 55.00442260163254], [-1.8594358811387792, 55.00514124732581], [-1.8588133716839366, 55.004781924479175], [-1.8588133716839366, 55.00406327878591], [-1.8569458433194086, 55.002985310246004], [-1.8532107865903527, 55.002985310246004], [-1.85258827713551, 55.00262598739937], [-1.85258827713551, 55.0019073417061], [-1.8519657676806673, 55.00154801885947], [-1.8494757298612967, 55.00154801885947], [-1.8482307109516114, 55.0008293731662], [-1.846985692041926, 55.0008293731662], [-1.8451181636773981, 54.999751404626295], [-1.8451181636773981, 54.99759546754649], [-1.8438731447677128, 54.99687682185322], [-1.8438731447677128, 54.99184630200034], [-1.8444956542225555, 54.991486979153706], [-1.8451181636773981, 54.99184630200034], [-1.8451181636773981, 54.99256494769361], [-1.8463631825870834, 54.99328359338688], [-1.8463631825870834, 54.99543953046668], [-1.846985692041926, 54.99579885331332], [-1.8494757298612967, 54.99436156192678], [-1.8513432582258247, 54.99543953046668], [-1.850720748770982, 54.99579885331332], [-1.8494757298612967, 54.99579885331332], [-1.8476082014967687, 54.99687682185322], [-1.8476082014967687, 54.99831411323976], [-1.8494757298612967, 54.99939208177966], [-1.850720748770982, 54.99939208177966], [-1.8550783149548806, 54.99687682185322], [-1.8550783149548806, 54.994720884773415], [-1.856323333864566, 54.994002239080146], [-1.8538332960451953, 54.99256494769361], [-1.8538332960451953, 54.99184630200034], [-1.854455805500038, 54.991486979153706], [-1.8557008244097233, 54.992205624846974], [-1.8569458433194086, 54.991486979153706], [-1.8594358811387792, 54.991486979153706], [-1.8619259189581499, 54.99292427054024], [-1.8625484284129925, 54.99256494769361], [-1.8625484284129925, 54.99184630200034], [-1.8619259189581499, 54.991486979153706], [-1.8606809000484645, 54.991486979153706], [-1.8588133716839366, 54.9904090106138], [-1.8588133716839366, 54.988971719227266], [-1.8606809000484645, 54.98789375068736], [-1.8613034095033072, 54.988253073534], [-1.8613034095033072, 54.988971719227266], [-1.8619259189581499, 54.9893310420739], [-1.8631709378678352, 54.9893310420739], [-1.8637934473226778, 54.988971719227266], [-1.8637934473226778, 54.988253073534], [-1.8644159567775205, 54.98789375068736], [-1.866905994596891, 54.98789375068736], [-1.8693960324162617, 54.9893310420739], [-1.8700185418711044, 54.988971719227266], [-1.868773522961419, 54.988253073534], [-1.868773522961419, 54.98753442784073], [-1.8693960324162617, 54.987175104994094], [-1.870641051325947, 54.98789375068736], [-1.8712635607807897, 54.98753442784073], [-1.8700185418711044, 54.98681578214746], [-1.8700185418711044, 54.98609713645419], [-1.8693960324162617, 54.98573781360756], [-1.8681510135065764, 54.98573781360756], [-1.866905994596891, 54.986456459300825], [-1.8644159567775205, 54.986456459300825], [-1.8637934473226778, 54.98609713645419], [-1.8637934473226778, 54.98537849076092], [-1.8631709378678352, 54.98501916791429], [-1.8619259189581499, 54.98501916791429], [-1.8606809000484645, 54.98573781360756], [-1.8594358811387792, 54.98573781360756], [-1.8588133716839366, 54.98537849076092], [-1.8588133716839366, 54.984659845067654], [-1.8557008244097233, 54.98286323083448], [-1.850720748770982, 54.98286323083448], [-1.8500982393161394, 54.98250390798785], [-1.8513432582258247, 54.98178526229458], [-1.8513432582258247, 54.98106661660131], [-1.8500982393161394, 54.98034797090804], [-1.8500982393161394, 54.97962932521477], [-1.850720748770982, 54.97927000236814], [-1.8519657676806673, 54.97927000236814], [-1.85258827713551, 54.978910679521505], [-1.85258827713551, 54.978192033828236], [-1.8557008244097233, 54.976395419595065], [-1.8569458433194086, 54.976395419595065], [-1.8594358811387792, 54.97495812820853], [-1.8631709378678352, 54.97495812820853], [-1.8650384662323631, 54.973880159668624], [-1.8650384662323631, 54.973161513975356], [-1.8656609756872058, 54.97280219112872], [-1.8693960324162617, 54.97280219112872], [-1.8700185418711044, 54.97244286828209], [-1.8700185418711044, 54.97172422258882], [-1.870641051325947, 54.971364899742184], [-1.8718860702356324, 54.971364899742184], [-1.872508579690475, 54.97100557689555], [-1.8712635607807897, 54.97028693120228], [-1.8737535986001603, 54.968849639815744], [-1.8737535986001603, 54.968130994122475], [-1.8749986175098456, 54.96741234842921], [-1.8749986175098456, 54.96669370273594], [-1.8756211269646883, 54.966334379889304], [-1.8768661458743736, 54.966334379889304], [-1.8774886553292163, 54.96597505704267], [-1.8768661458743736, 54.965615734196035], [-1.870641051325947, 54.965615734196035], [-1.8700185418711044, 54.9652564113494], [-1.8700185418711044, 54.963819119962864], [-1.8693960324162617, 54.96345979711623], [-1.8681510135065764, 54.96345979711623], [-1.866905994596891, 54.9641784428095], [-1.8656609756872058, 54.9641784428095], [-1.8637934473226778, 54.963100474269595], [-1.8637934473226778, 54.962381828576326], [-1.8650384662323631, 54.96166318288306], [-1.8644159567775205, 54.96130386003642], [-1.8606809000484645, 54.96130386003642], [-1.8600583905936219, 54.96094453718979], [-1.8613034095033072, 54.96022589149652], [-1.8606809000484645, 54.959866568649886], [-1.8557008244097233, 54.959866568649886], [-1.8550783149548806, 54.95950724580325], [-1.8550783149548806, 54.95878860010998], [-1.8532107865903527, 54.95771063157008], [-1.846985692041926, 54.95771063157008], [-1.8457406731322408, 54.95842927726335], [-1.8444956542225555, 54.95771063157008], [-1.8407605974934995, 54.95771063157008], [-1.8388930691289715, 54.95663266303018], [-1.8388930691289715, 54.95591401733691], [-1.8401380880386569, 54.95519537164364], [-1.8401380880386569, 54.95447672595037], [-1.8407605974934995, 54.95411740310374], [-1.8420056164031848, 54.95411740310374], [-1.8451181636773981, 54.952320788870566], [-1.8451181636773981, 54.95016485179076], [-1.8463631825870834, 54.94944620609749], [-1.8451181636773981, 54.94872756040422], [-1.8451181636773981, 54.947290269017685], [-1.8463631825870834, 54.94657162332442], [-1.8463631825870834, 54.94441568624461], [-1.8451181636773981, 54.94369704055134], [-1.8463631825870834, 54.94297839485807], [-1.8457406731322408, 54.94261907201144], [-1.8432506353128701, 54.94261907201144], [-1.8420056164031848, 54.94333771770471], [-1.8395155785838142, 54.94333771770471], [-1.838270559674129, 54.94261907201144], [-1.8370255407644436, 54.94261907201144], [-1.836403031309601, 54.94297839485807], [-1.836403031309601, 54.94369704055134], [-1.8357805218547583, 54.944056363397976], [-1.834535502945073, 54.944056363397976], [-1.8339129934902303, 54.94369704055134], [-1.8339129934902303, 54.94297839485807], [-1.8332904840353876, 54.94261907201144], [-1.8320454651257023, 54.94261907201144], [-1.830800446216017, 54.94190042631817], [-1.8283104083966464, 54.94190042631817], [-1.8276878989418037, 54.941541103471536], [-1.8276878989418037, 54.94082245777827], [-1.8283104083966464, 54.94046313493163], [-1.8295554273063317, 54.94046313493163], [-1.8301779367611744, 54.940103812085], [-1.8301779367611744, 54.93794787500519], [-1.8276878989418037, 54.936510583618656], [-1.8276878989418037, 54.93579193792539], [-1.828932917851489, 54.93507329223212], [-1.827065389486961, 54.933995323692216], [-1.8258203705772758, 54.934713969385484], [-1.8245753516675904, 54.934713969385484], [-1.8233303327579051, 54.93543261507875], [-1.8227078233030625, 54.93507329223212], [-1.8227078233030625, 54.93363600084558], [-1.8239528422127478, 54.93291735515231], [-1.8227078233030625, 54.932198709459044], [-1.825197861122433, 54.93076141807251], [-1.8233303327579051, 54.929683449532604], [-1.8227078233030625, 54.93004277237924], [-1.8227078233030625, 54.93076141807251], [-1.8220853138482198, 54.93112074091914], [-1.8208402949385345, 54.93112074091914], [-1.8189727665740065, 54.932198709459044], [-1.8202177854836918, 54.93291735515231], [-1.8183502571191639, 54.933995323692216], [-1.8171052382094786, 54.933995323692216], [-1.814615200390108, 54.93543261507875], [-1.8133701814804226, 54.93543261507875], [-1.8121251625707373, 54.93615126077202], [-1.807145086931996, 54.93615126077202], [-1.8065225774771534, 54.93579193792539], [-1.8077675963868387, 54.93507329223212], [-1.8077675963868387, 54.93435464653885], [-1.807145086931996, 54.933995323692216], [-1.8059000680223107, 54.933995323692216], [-1.805277558567468, 54.93363600084558], [-1.8059000680223107, 54.93327667799895], [-1.807145086931996, 54.93327667799895], [-1.8077675963868387, 54.93291735515231], [-1.8077675963868387, 54.932198709459044], [-1.807145086931996, 54.93183938661241], [-1.8059000680223107, 54.93183938661241], [-1.805277558567468, 54.932198709459044], [-1.805277558567468, 54.93291735515231], [-1.80341003020294, 54.933995323692216], [-1.8027875207480974, 54.93363600084558], [-1.8027875207480974, 54.93291735515231], [-1.8009199923835695, 54.93183938661241], [-1.7996749734738842, 54.93183938661241], [-1.7984299545641989, 54.93255803230568], [-1.7971849356545135, 54.93183938661241], [-1.7959399167448282, 54.93183938661241], [-1.794694897835143, 54.93112074091914], [-1.7934498789254576, 54.93112074091914], [-1.792827369470615, 54.93076141807251], [-1.7934498789254576, 54.93040209522587], [-1.7959399167448282, 54.93040209522587], [-1.7965624261996709, 54.93004277237924], [-1.7965624261996709, 54.9286054809927], [-1.7953174072899856, 54.92788683529943], [-1.7953174072899856, 54.926449543912895], [-1.794694897835143, 54.92609022106626], [-1.7934498789254576, 54.92609022106626], [-1.792827369470615, 54.925730898219626], [-1.792827369470615, 54.92429360683309], [-1.7915823505609296, 54.92357496113982], [-1.7915823505609296, 54.92285631544655], [-1.7940723883803003, 54.921419024060015], [-1.7940723883803003, 54.920700378366746], [-1.7953174072899856, 54.91998173267348], [-1.7953174072899856, 54.91926308698021], [-1.7940723883803003, 54.91854444128694], [-1.7953174072899856, 54.91782579559367], [-1.7953174072899856, 54.916388504207134], [-1.7959399167448282, 54.9160291813605], [-1.7965624261996709, 54.916388504207134], [-1.7965624261996709, 54.9171071499004], [-1.7971849356545135, 54.91746647274704], [-1.7978074451093562, 54.9171071499004], [-1.7978074451093562, 54.916388504207134], [-1.7959399167448282, 54.91531053566723], [-1.7934498789254576, 54.91531053566723], [-1.7915823505609296, 54.91423256712733], [-1.7934498789254576, 54.913154598587425], [-1.794694897835143, 54.913154598587425], [-1.7953174072899856, 54.91279527574079], [-1.794694897835143, 54.91243595289416], [-1.7934498789254576, 54.91243595289416], [-1.792827369470615, 54.91207663004752], [-1.792827369470615, 54.911357984354254], [-1.7915823505609296, 54.910639338660985], [-1.7915823505609296, 54.90920204727445], [-1.790959841106087, 54.908842724427814], [-1.7897148221964017, 54.908842724427814], [-1.7866022749221884, 54.90704611019464], [-1.789092312741559, 54.905608818808105], [-1.7878472938318737, 54.904890173114836], [-1.7934498789254576, 54.90165626749513], [-1.7959399167448282, 54.90165626749513], [-1.7965624261996709, 54.90201559034176], [-1.7965624261996709, 54.90273423603503], [-1.7984299545641989, 54.90381220457493], [-1.7990524640190415, 54.9034528817283], [-1.7990524640190415, 54.90273423603503], [-1.7996749734738842, 54.902374913188396], [-1.8009199923835695, 54.902374913188396], [-1.8015425018384121, 54.90201559034176], [-1.8009199923835695, 54.90165626749513], [-1.7996749734738842, 54.90165626749513], [-1.7990524640190415, 54.90129694464849], [-1.7990524640190415, 54.900578298955224], [-1.7971849356545135, 54.89950033041532], [-1.794694897835143, 54.89950033041532], [-1.7940723883803003, 54.89914100756869], [-1.7940723883803003, 54.89842236187542], [-1.7953174072899856, 54.89770371618215], [-1.7940723883803003, 54.89698507048888], [-1.7953174072899856, 54.89626642479561], [-1.794694897835143, 54.89590710194898], [-1.7934498789254576, 54.89590710194898], [-1.7922048600157723, 54.89662574764225], [-1.7884698032867163, 54.89662574764225], [-1.7878472938318737, 54.89626642479561], [-1.7878472938318737, 54.894829133409075], [-1.787224784377031, 54.89446981056244], [-1.7847347465576604, 54.89446981056244], [-1.7841122371028177, 54.894829133409075], [-1.7841122371028177, 54.895547779102344], [-1.783489727647975, 54.89590710194898], [-1.7822447087382898, 54.89590710194898], [-1.7809996898286045, 54.89662574764225], [-1.7803771803737618, 54.89626642479561], [-1.7803771803737618, 54.895547779102344], [-1.7809996898286045, 54.89518845625571], [-1.7822447087382898, 54.89518845625571], [-1.7828672181931324, 54.894829133409075], [-1.7828672181931324, 54.89411048771581], [-1.7822447087382898, 54.89375116486917], [-1.7809996898286045, 54.89375116486917], [-1.7797546709189191, 54.893032519175904], [-1.7785096520092338, 54.893032519175904], [-1.7772646330995485, 54.892313873482635], [-1.7766421236447059, 54.89267319632927], [-1.7766421236447059, 54.89339184202254], [-1.7760196141898632, 54.89375116486917], [-1.7753971047350205, 54.89339184202254], [-1.7753971047350205, 54.891954550636], [-1.7766421236447059, 54.89123590494273], [-1.7753971047350205, 54.890517259249464], [-1.7753971047350205, 54.889798613556195], [-1.774774595280178, 54.88943929070956], [-1.7741520858253352, 54.889798613556195], [-1.7741520858253352, 54.890517259249464], [-1.7735295763704926, 54.8908765820961], [-1.7722845574608073, 54.89015793640283], [-1.7716620480059646, 54.890517259249464], [-1.7716620480059646, 54.891954550636], [-1.771039538551122, 54.892313873482635], [-1.7697945196414366, 54.892313873482635], [-1.769172010186594, 54.891954550636], [-1.769172010186594, 54.89123590494273], [-1.7704170290962793, 54.890517259249464], [-1.7697945196414366, 54.89015793640283], [-1.7685495007317513, 54.89015793640283], [-1.7679269912769087, 54.890517259249464], [-1.7679269912769087, 54.89123590494273], [-1.767304481822066, 54.89159522778937], [-1.7660594629123807, 54.8908765820961], [-1.7648144440026954, 54.89159522778937], [-1.7610793872736394, 54.89159522778937], [-1.7598343683639541, 54.892313873482635], [-1.7585893494542688, 54.892313873482635], [-1.7579668399994262, 54.89267319632927], [-1.7579668399994262, 54.89411048771581], [-1.7573443305445835, 54.89446981056244], [-1.7523642549058422, 54.89446981056244], [-1.751119235996157, 54.89375116486917], [-1.7498742170864716, 54.89375116486917], [-1.749251707631629, 54.89339184202254], [-1.749251707631629, 54.89267319632927], [-1.747384179267101, 54.89159522778937], [-1.7461391603574157, 54.892313873482635], [-1.7448941414477304, 54.892313873482635], [-1.7430266130832024, 54.89339184202254], [-1.7430266130832024, 54.89411048771581], [-1.7424041036283597, 54.89446981056244], [-1.741781594173517, 54.89411048771581], [-1.741781594173517, 54.89339184202254], [-1.7411590847186744, 54.893032519175904], [-1.739914065808989, 54.893032519175904], [-1.7392915563541465, 54.89267319632927], [-1.739914065808989, 54.892313873482635], [-1.7411590847186744, 54.892313873482635], [-1.7424041036283597, 54.89159522778937], [-1.7448941414477304, 54.89159522778937], [-1.745516650902573, 54.89123590494273], [-1.743649122538045, 54.89015793640283], [-1.739914065808989, 54.89015793640283], [-1.7392915563541465, 54.889798613556195], [-1.7392915563541465, 54.889079967862926], [-1.7386690468993038, 54.88872064501629], [-1.7380465374444611, 54.889079967862926], [-1.7380465374444611, 54.889798613556195], [-1.7374240279896185, 54.89015793640283], [-1.7368015185347758, 54.889798613556195], [-1.7368015185347758, 54.889079967862926], [-1.7336889712605625, 54.887283353629755], [-1.731198933441192, 54.887283353629755], [-1.7305764239863493, 54.88764267647639], [-1.7305764239863493, 54.88836132216966], [-1.7299539145315066, 54.88872064501629], [-1.727463876712136, 54.88872064501629], [-1.7268413672572933, 54.88836132216966], [-1.7280863861669786, 54.88764267647639], [-1.7280863861669786, 54.88548673939658], [-1.729331405076664, 54.884768093703315], [-1.729331405076664, 54.884049448010046], [-1.7287088956218213, 54.88369012516341], [-1.727463876712136, 54.88440877085668], [-1.7249738388927653, 54.88440877085668], [-1.7243513294379227, 54.884049448010046], [-1.7243513294379227, 54.88333080231678], [-1.725596348347608, 54.88261215662351], [-1.7231063105282374, 54.88117486523697], [-1.7231063105282374, 54.8804562195437], [-1.721861291618552, 54.879737573850434], [-1.7231063105282374, 54.879018928157166], [-1.7231063105282374, 54.87686299107736], [-1.72372881998308, 54.876503668230725], [-1.7262188578024507, 54.876503668230725], [-1.7268413672572933, 54.87614434538409], [-1.7268413672572933, 54.87255111691775], [-1.7262188578024507, 54.872191794071114], [-1.7249738388927653, 54.872191794071114], [-1.7243513294379227, 54.87255111691775], [-1.7243513294379227, 54.87326976261102], [-1.72372881998308, 54.87362908545765], [-1.7224838010733947, 54.87291043976438], [-1.7187487443443388, 54.87291043976438], [-1.7175037254346535, 54.87362908545765], [-1.7162587065249681, 54.87362908545765], [-1.7150136876152828, 54.87291043976438], [-1.7137686687055975, 54.87362908545765], [-1.7100336119765416, 54.87362908545765], [-1.709411102521699, 54.87326976261102], [-1.709411102521699, 54.87255111691775], [-1.7100336119765416, 54.872191794071114], [-1.7125236497959122, 54.872191794071114], [-1.7131461592507549, 54.87183247122448], [-1.7131461592507549, 54.86967653414467], [-1.711278630886227, 54.86859856560477], [-1.7106561214313842, 54.868957888451405], [-1.7106561214313842, 54.86967653414467], [-1.7100336119765416, 54.87003585699131], [-1.707543574157171, 54.86859856560477], [-1.7062985552474856, 54.86859856560477], [-1.7050535363378003, 54.86931721129804], [-1.7025634985184297, 54.86931721129804], [-1.701940989063587, 54.868957888451405], [-1.701940989063587, 54.868239242758136], [-1.7013184796087444, 54.8678799199115], [-1.6963384039700031, 54.8678799199115], [-1.6950933850603178, 54.86716127421823], [-1.6944708756054752, 54.86752059706487], [-1.6944708756054752, 54.868957888451405], [-1.6926033472409472, 54.87003585699131], [-1.6913583283312619, 54.87003585699131], [-1.6888682905118912, 54.871473148377845], [-1.6851332337828353, 54.871473148377845], [-1.6845107243279926, 54.87111382553121], [-1.6845107243279926, 54.87039517983794], [-1.68388821487315, 54.87003585699131], [-1.6826431959634647, 54.87003585699131], [-1.6813981770537794, 54.870754502684576], [-1.6807756675989367, 54.87039517983794], [-1.6807756675989367, 54.86967653414467], [-1.680153158144094, 54.86931721129804], [-1.6789081392344087, 54.86931721129804], [-1.6776631203247234, 54.86859856560477], [-1.6770406108698808, 54.868957888451405], [-1.678285629779566, 54.86967653414467], [-1.6776631203247234, 54.87003585699131], [-1.676418101415038, 54.87003585699131], [-1.6757955919601955, 54.87039517983794], [-1.6757955919601955, 54.87111382553121], [-1.6739280635956675, 54.872191794071114], [-1.6726830446859822, 54.871473148377845], [-1.6720605352311395, 54.87183247122448], [-1.6733055541408248, 54.87255111691775], [-1.6726830446859822, 54.87291043976438], [-1.6714380257762969, 54.87291043976438], [-1.6701930068666115, 54.872191794071114], [-1.6689479879569262, 54.872191794071114], [-1.667702969047241, 54.871473148377845], [-1.6664579501375556, 54.871473148377845], [-1.665835440682713, 54.87111382553121], [-1.665835440682713, 54.87039517983794], [-1.6652129312278703, 54.87003585699131], [-1.663967912318185, 54.87003585699131], [-1.6633454028633423, 54.87039517983794], [-1.6633454028633423, 54.87111382553121], [-1.6627228934084997, 54.871473148377845], [-1.660232855589129, 54.871473148377845], [-1.6589878366794437, 54.872191794071114], [-1.6552527799503878, 54.872191794071114], [-1.6540077610407025, 54.87291043976438], [-1.6527627421310171, 54.87291043976438], [-1.6508952137664892, 54.87183247122448], [-1.6521402326761745, 54.87111382553121], [-1.6521402326761745, 54.86967653414467], [-1.6552527799503878, 54.8678799199115], [-1.656497798860073, 54.8678799199115], [-1.6571203083149157, 54.86752059706487], [-1.6571203083149157, 54.86608330567833], [-1.6577428177697584, 54.865723982831696], [-1.6589878366794437, 54.865723982831696], [-1.6596103461342864, 54.86536465998506], [-1.6596103461342864, 54.86464601429179], [-1.658365327224601, 54.863927368598524], [-1.658365327224601, 54.863208722905256], [-1.6589878366794437, 54.86284940005862], [-1.660232855589129, 54.86356804575189], [-1.6614778744988143, 54.86284940005862], [-1.6627228934084997, 54.86356804575189], [-1.663967912318185, 54.86356804575189], [-1.6645904217730276, 54.863208722905256], [-1.663967912318185, 54.86284940005862], [-1.6627228934084997, 54.86284940005862], [-1.662100383953657, 54.86249007721199], [-1.6645904217730276, 54.86105278582545], [-1.6645904217730276, 54.86033414013218], [-1.663967912318185, 54.85997481728555], [-1.660232855589129, 54.85997481728555], [-1.6589878366794437, 54.860693462978816], [-1.6577428177697584, 54.860693462978816], [-1.656497798860073, 54.861412108672084], [-1.6515177232213318, 54.861412108672084], [-1.6502727043116465, 54.860693462978816], [-1.6465376475825906, 54.860693462978816], [-1.645915138127748, 54.86033414013218], [-1.645915138127748, 54.85961549443891], [-1.6465376475825906, 54.85925617159228], [-1.647782666492276, 54.85925617159228], [-1.6490276854019612, 54.85997481728555], [-1.6502727043116465, 54.85925617159228], [-1.6515177232213318, 54.85997481728555], [-1.6521402326761745, 54.85961549443891], [-1.6521402326761745, 54.858896848745644], [-1.6490276854019612, 54.85710023451247], [-1.6484051759471186, 54.85745955735911], [-1.6484051759471186, 54.858178203052375], [-1.647782666492276, 54.85853752589901], [-1.6471601570374332, 54.858178203052375], [-1.6471601570374332, 54.85458497458603], [-1.6465376475825906, 54.8542256517394], [-1.6452926286729053, 54.8542256517394], [-1.64404760976322, 54.85494429743267], [-1.6428025908535346, 54.85494429743267], [-1.642180081398692, 54.85458497458603], [-1.642180081398692, 54.853866328892764], [-1.6415575719438493, 54.85350700604613], [-1.6378225152147934, 54.85350700604613], [-1.6372000057599507, 54.853866328892764], [-1.6372000057599507, 54.8553036202793], [-1.6378225152147934, 54.855662943125935], [-1.6390675341244787, 54.855662943125935], [-1.6396900435793214, 54.85602226597257], [-1.6390675341244787, 54.856381588819204], [-1.636577496305108, 54.856381588819204], [-1.6359549868502654, 54.85602226597257], [-1.6359549868502654, 54.853147683199495], [-1.6353324773954228, 54.85278836035286], [-1.6340874584857374, 54.85278836035286], [-1.6334649490308948, 54.853147683199495], [-1.6334649490308948, 54.853866328892764], [-1.6322199301212095, 54.85458497458603], [-1.6334649490308948, 54.8553036202793], [-1.6328424395760521, 54.855662943125935], [-1.6315974206663668, 54.855662943125935], [-1.6303524017566815, 54.85494429743267], [-1.6291073828469962, 54.85494429743267], [-1.6284848733921535, 54.85458497458603], [-1.6309749112115242, 54.853147683199495], [-1.6297298923018388, 54.85242903750623], [-1.6309749112115242, 54.85171039181296], [-1.6303524017566815, 54.85135106896632], [-1.624127307208255, 54.85135106896632], [-1.6235047977534123, 54.85099174611969], [-1.6235047977534123, 54.85027310042642], [-1.6247498166630976, 54.84955445473315], [-1.624127307208255, 54.84919513188652], [-1.6228822882985696, 54.849913777579786], [-1.6216372693888843, 54.849913777579786], [-1.6210147599340416, 54.85027310042642], [-1.6210147599340416, 54.85099174611969], [-1.6197697410243563, 54.85171039181296], [-1.622259778843727, 54.853147683199495], [-1.622259778843727, 54.85458497458603], [-1.6216372693888843, 54.85494429743267], [-1.6179022126598284, 54.85494429743267], [-1.6172797032049857, 54.85458497458603], [-1.6172797032049857, 54.853147683199495], [-1.6160346842953004, 54.85242903750623], [-1.6160346842953004, 54.85027310042642], [-1.616657193750143, 54.849913777579786], [-1.6179022126598284, 54.849913777579786], [-1.620392250479199, 54.84847648619325], [-1.6228822882985696, 54.84847648619325], [-1.624127307208255, 54.84775784049998], [-1.6253723261179402, 54.84775784049998], [-1.625994835572783, 54.847398517653346], [-1.624127307208255, 54.84632054911344], [-1.6228822882985696, 54.84703919480671], [-1.622259778843727, 54.84667987196008], [-1.622259778843727, 54.84524258057354], [-1.6216372693888843, 54.844883257726906], [-1.6179022126598284, 54.844883257726906], [-1.616657193750143, 54.845601903420174], [-1.6141671559307724, 54.845601903420174], [-1.6135446464759298, 54.84596122626681], [-1.6135446464759298, 54.84667987196008], [-1.612922137021087, 54.84703919480671], [-1.6116771181114018, 54.84703919480671], [-1.6104320992017165, 54.84775784049998], [-1.6091870802920312, 54.84775784049998], [-1.6066970424726605, 54.84632054911344], [-1.6060745330178179, 54.84667987196008], [-1.6073195519275032, 54.847398517653346], [-1.6054520235629752, 54.84847648619325], [-1.6048295141081326, 54.848117163346615], [-1.6048295141081326, 54.847398517653346], [-1.60420700465329, 54.84703919480671], [-1.6029619857436046, 54.84703919480671], [-1.602339476288762, 54.84667987196008], [-1.602339476288762, 54.84596122626681], [-1.600471947924234, 54.844883257726906], [-1.5992269290145487, 54.844883257726906], [-1.5979819101048633, 54.84416461203364], [-1.596736891195178, 54.844883257726906], [-1.5961143817403354, 54.84452393488027], [-1.5961143817403354, 54.843805289187], [-1.5954918722854927, 54.84344596634037], [-1.5942468533758074, 54.84416461203364], [-1.593001834466122, 54.84416461203364], [-1.5923793250112794, 54.843805289187], [-1.5923793250112794, 54.842367997800466], [-1.5917568155564368, 54.84200867495383], [-1.5905117966467515, 54.84200867495383], [-1.5880217588273808, 54.84344596634037], [-1.5855317210080102, 54.84344596634037], [-1.584286702098325, 54.8427273206471], [-1.5830416831886396, 54.8427273206471], [-1.5817966642789543, 54.84344596634037], [-1.580551645369269, 54.84344596634037], [-1.5793066264595836, 54.8427273206471], [-1.5780616075498983, 54.8427273206471], [-1.5774390980950557, 54.842367997800466], [-1.578684117004741, 54.8416493521072], [-1.578684117004741, 54.84021206072066], [-1.5774390980950557, 54.83949341502739], [-1.578684117004741, 54.83877476933412], [-1.578684117004741, 54.83661883225432], [-1.5780616075498983, 54.83625950940768], [-1.576816588640213, 54.83625950940768], [-1.5761940791853704, 54.83661883225432], [-1.5761940791853704, 54.837337477947585], [-1.5718365130014718, 54.839852737874025], [-1.5705914940917864, 54.839852737874025], [-1.5699689846369438, 54.84021206072066], [-1.571214003546629, 54.84093070641393], [-1.5705914940917864, 54.84129002926056], [-1.5681014562724158, 54.84129002926056], [-1.5674789468175732, 54.8416493521072], [-1.5674789468175732, 54.842367997800466], [-1.5681014562724158, 54.8427273206471], [-1.5693464751821011, 54.8427273206471], [-1.5699689846369438, 54.843086643493734], [-1.5681014562724158, 54.84416461203364], [-1.5668564373627305, 54.84416461203364], [-1.5662339279078878, 54.843805289187], [-1.5662339279078878, 54.843086643493734], [-1.5649889089982025, 54.842367997800466], [-1.5649889089982025, 54.84021206072066], [-1.5631213806336746, 54.83913409218076], [-1.5593863239046186, 54.83913409218076], [-1.5562737766304053, 54.84093070641393], [-1.5562737766304053, 54.842367997800466], [-1.5556512671755627, 54.8427273206471], [-1.5519162104465067, 54.8427273206471], [-1.551293700991664, 54.843086643493734], [-1.551293700991664, 54.843805289187], [-1.5500486820819788, 54.84452393488027], [-1.5506711915368214, 54.844883257726906], [-1.5519162104465067, 54.84416461203364], [-1.5525387199013494, 54.84452393488027], [-1.5525387199013494, 54.84524258057354], [-1.5519162104465067, 54.845601903420174], [-1.5494261726271361, 54.845601903420174], [-1.5488036631722935, 54.84524258057354], [-1.5488036631722935, 54.843805289187], [-1.5469361348077655, 54.8427273206471], [-1.5456911158980802, 54.8427273206471], [-1.5450686064432375, 54.843086643493734], [-1.5450686064432375, 54.84452393488027], [-1.5444460969883949, 54.844883257726906], [-1.5432010780787095, 54.844883257726906], [-1.5425785686238669, 54.84524258057354], [-1.5425785686238669, 54.84667987196008], [-1.5419560591690242, 54.84703919480671], [-1.5382210024399683, 54.84703919480671], [-1.5375984929851256, 54.847398517653346], [-1.5382210024399683, 54.84775784049998], [-1.540711040259339, 54.84775784049998], [-1.5425785686238669, 54.84883580903988], [-1.5425785686238669, 54.84955445473315], [-1.5432010780787095, 54.849913777579786], [-1.5444460969883949, 54.849913777579786], [-1.5456911158980802, 54.84919513188652], [-1.5481811537174508, 54.850632423273055], [-1.5494261726271361, 54.849913777579786], [-1.5500486820819788, 54.85027310042642], [-1.5500486820819788, 54.85099174611969], [-1.5488036631722935, 54.85171039181296], [-1.5488036631722935, 54.853866328892764], [-1.5475586442626081, 54.85458497458603], [-1.5500486820819788, 54.85602226597257], [-1.5494261726271361, 54.856381588819204], [-1.5432010780787095, 54.856381588819204], [-1.5419560591690242, 54.855662943125935], [-1.540711040259339, 54.856381588819204], [-1.5394660213496536, 54.856381588819204], [-1.5382210024399683, 54.855662943125935], [-1.536975983530283, 54.855662943125935], [-1.5363534740754403, 54.85602226597257], [-1.5363534740754403, 54.85745955735911], [-1.5382210024399683, 54.85853752589901], [-1.5394660213496536, 54.85781888020574], [-1.540711040259339, 54.85781888020574], [-1.5432010780787095, 54.85925617159228], [-1.5444460969883949, 54.85925617159228], [-1.5456911158980802, 54.85997481728555], [-1.5469361348077655, 54.85997481728555], [-1.5475586442626081, 54.86033414013218], [-1.5475586442626081, 54.86177143151872], [-1.5469361348077655, 54.86213075436535], [-1.5432010780787095, 54.86213075436535], [-1.5419560591690242, 54.86284940005862], [-1.5382210024399683, 54.86284940005862], [-1.536975983530283, 54.86356804575189], [-1.5357309646205977, 54.86356804575189], [-1.535108455165755, 54.863208722905256], [-1.535108455165755, 54.86249007721199], [-1.5344859457109123, 54.86213075436535], [-1.533240926801227, 54.86213075436535], [-1.5319959078915417, 54.861412108672084], [-1.531373398436699, 54.86177143151872], [-1.531373398436699, 54.86249007721199], [-1.5307508889818564, 54.86284940005862], [-1.5282608511624858, 54.861412108672084], [-1.5270158322528005, 54.861412108672084], [-1.5257708133431152, 54.860693462978816], [-1.5245257944334298, 54.860693462978816], [-1.5239032849785872, 54.86105278582545], [-1.5239032849785872, 54.86177143151872], [-1.5232807755237445, 54.86213075436535], [-1.520790737704374, 54.86213075436535], [-1.5201682282495312, 54.86177143151872], [-1.5201682282495312, 54.86105278582545], [-1.518923209339846, 54.86033414013218], [-1.5201682282495312, 54.85961549443891], [-1.5183006998850033, 54.85853752589901], [-1.517055680975318, 54.85853752589901], [-1.5164331715204753, 54.858896848745644], [-1.5164331715204753, 54.85961549443891], [-1.5158106620656326, 54.85997481728555], [-1.5145656431559473, 54.85925617159228], [-1.5139431337011047, 54.85961549443891], [-1.5164331715204753, 54.86105278582545], [-1.5164331715204753, 54.86177143151872], [-1.51518815261079, 54.86249007721199], [-1.51518815261079, 54.863208722905256], [-1.5158106620656326, 54.86356804575189], [-1.517055680975318, 54.86356804575189], [-1.5176781904301606, 54.863927368598524], [-1.5176781904301606, 54.86464601429179], [-1.517055680975318, 54.86500533713843], [-1.5145656431559473, 54.86500533713843], [-1.5139431337011047, 54.86536465998506], [-1.5139431337011047, 54.8668019513716], [-1.513320624246262, 54.86716127421823], [-1.5126981147914194, 54.8668019513716], [-1.5126981147914194, 54.86608330567833], [-1.5102080769720487, 54.86464601429179], [-1.5102080769720487, 54.86105278582545], [-1.5108305864268914, 54.860693462978816], [-1.5120756053365767, 54.860693462978816], [-1.5126981147914194, 54.86033414013218], [-1.5126981147914194, 54.85961549443891], [-1.5120756053365767, 54.85925617159228], [-1.5083405486075208, 54.85925617159228], [-1.5070955296978354, 54.85853752589901], [-1.5058505107881501, 54.85853752589901], [-1.5039829824236222, 54.85961549443891], [-1.5039829824236222, 54.86033414013218], [-1.5027379635139368, 54.86105278582545], [-1.5027379635139368, 54.86177143151872], [-1.5039829824236222, 54.86249007721199], [-1.5039829824236222, 54.863208722905256], [-1.5033604729687795, 54.86356804575189], [-1.5021154540590942, 54.86356804575189], [-1.5008704351494089, 54.86284940005862], [-1.497135378420353, 54.86284940005862], [-1.4958903595106676, 54.86356804575189], [-1.493400321691297, 54.86356804575189], [-1.4927778122364543, 54.863927368598524], [-1.4927778122364543, 54.86464601429179], [-1.489665264962241, 54.866442628524965], [-1.4890427555073984, 54.86608330567833], [-1.4890427555073984, 54.86536465998506], [-1.4884202460525557, 54.86500533713843], [-1.4871752271428704, 54.865723982831696], [-1.4859302082331851, 54.865723982831696], [-1.4853076987783425, 54.86608330567833], [-1.4853076987783425, 54.8668019513716], [-1.4865527176880278, 54.86752059706487], [-1.4865527176880278, 54.868239242758136], [-1.4871752271428704, 54.86859856560477], [-1.4884202460525557, 54.8678799199115], [-1.4890427555073984, 54.868239242758136], [-1.4890427555073984, 54.868957888451405], [-1.487797736597713, 54.86967653414467], [-1.487797736597713, 54.87039517983794], [-1.489665264962241, 54.871473148377845], [-1.493400321691297, 54.871473148377845], [-1.4940228311461397, 54.87183247122448], [-1.4940228311461397, 54.87255111691775], [-1.493400321691297, 54.87291043976438], [-1.4921553027816117, 54.872191794071114], [-1.4909102838719264, 54.872191794071114], [-1.4902877744170837, 54.87255111691775], [-1.4902877744170837, 54.874707053997554], [-1.487797736597713, 54.87614434538409], [-1.4890427555073984, 54.87686299107736], [-1.4890427555073984, 54.879018928157166], [-1.487797736597713, 54.879737573850434], [-1.4890427555073984, 54.8804562195437], [-1.4890427555073984, 54.88117486523697], [-1.4884202460525557, 54.881534188083606], [-1.4871752271428704, 54.88081554239034], [-1.4853076987783425, 54.88189351093024], [-1.4853076987783425, 54.88333080231678], [-1.4865527176880278, 54.884049448010046], [-1.4846851893234998, 54.88512741654995], [-1.4834401704138145, 54.88512741654995], [-1.4815726420492865, 54.88620538508985], [-1.4815726420492865, 54.88692403078312], [-1.4809501325944439, 54.887283353629755], [-1.4797051136847585, 54.887283353629755], [-1.4790826042299159, 54.88764267647639], [-1.4790826042299159, 54.88836132216966], [-1.4784600947750732, 54.88872064501629], [-1.4759700569557026, 54.887283353629755], [-1.47534754750086, 54.88764267647639], [-1.47534754750086, 54.889079967862926], [-1.4747250380460173, 54.88943929070956], [-1.473480019136332, 54.88872064501629], [-1.471612490771804, 54.889798613556195], [-1.4722350002266467, 54.89015793640283], [-1.473480019136332, 54.89015793640283], [-1.4741025285911746, 54.890517259249464], [-1.4741025285911746, 54.89123590494273], [-1.473480019136332, 54.89159522778937], [-1.469744962407276, 54.89159522778937], [-1.4691224529524334, 54.891954550636], [-1.4691224529524334, 54.89267319632927], [-1.4684999434975907, 54.893032519175904], [-1.4672549245879054, 54.893032519175904], [-1.4653873962233774, 54.89411048771581], [-1.4653873962233774, 54.894829133409075], [-1.4647648867685348, 54.89518845625571], [-1.4610298300394788, 54.89518845625571], [-1.4604073205846362, 54.895547779102344], [-1.4604073205846362, 54.89626642479561], [-1.4616523394943215, 54.89698507048888], [-1.4610298300394788, 54.897344393335516], [-1.4597848111297935, 54.897344393335516], [-1.4591623016749509, 54.89698507048888], [-1.4591623016749509, 54.89626642479561], [-1.4579172827652656, 54.895547779102344], [-1.4579172827652656, 54.894829133409075], [-1.457294773310423, 54.89446981056244], [-1.455427244945895, 54.895547779102344], [-1.455427244945895, 54.89626642479561], [-1.4566722638555802, 54.89698507048888], [-1.4560497544007376, 54.897344393335516], [-1.453559716581367, 54.897344393335516], [-1.451692188216839, 54.89842236187542], [-1.451692188216839, 54.89914100756869], [-1.446089603123255, 54.902374913188396], [-1.4448445842135698, 54.902374913188396], [-1.444222074758727, 54.90273423603503], [-1.444222074758727, 54.904890173114836], [-1.4429770558490418, 54.905608818808105], [-1.4429770558490418, 54.90632746450137], [-1.4417320369393565, 54.90704611019464], [-1.4417320369393565, 54.90776475588791], [-1.4429770558490418, 54.90848340158118], [-1.4429770558490418, 54.90920204727445], [-1.444222074758727, 54.90992069296772], [-1.444222074758727, 54.910639338660985], [-1.4448445842135698, 54.91108849221928], [-1.4468677399418084, 54.90992069296772], [-1.4453114663047018, 54.91207663004752], [-1.4423545463941991, 54.9123461221825], [-1.4373744707554579, 54.91306476787577], [-1.429904357297346, 54.91593935064884], [-1.42616930056829, 54.91665799634211], [-1.4186991871101782, 54.91737664203538], [-1.4149641303811222, 54.91665799634211], [-1.4120072104706196, 54.915669858513866], [-1.409984054742381, 54.914502059262304], [-1.406248998013325, 54.914502059262304], [-1.402513941284269, 54.91459188997396], [-1.4018914318294264, 54.9149512128206], [-1.3975338656455278, 54.91737664203538], [-1.393798808916472, 54.91746647274704], [-1.3925537900067866, 54.91746647274704], [-1.391931280551944, 54.91782579559367], [-1.3925537900067866, 54.918185118440306], [-1.393798808916472, 54.918185118440306], [-1.3944213183713146, 54.91854444128694], [-1.3931762994616292, 54.91926308698021], [-1.3944213183713146, 54.91998173267348], [-1.3931762994616292, 54.920700378366746], [-1.3931762994616292, 54.92213766975328], [-1.3944213183713146, 54.92285631544655], [-1.393798808916472, 54.923215638293186], [-1.390063752187416, 54.923215638293186], [-1.3894412427325733, 54.92357496113982], [-1.3894412427325733, 54.92429360683309], [-1.3888187332777306, 54.92465292967972], [-1.38632869545836, 54.92465292967972], [-1.3850836765486747, 54.923934283986455], [-1.3838386576389894, 54.923934283986455], [-1.3819711292744614, 54.92501225252636], [-1.3819711292744614, 54.925730898219626], [-1.3832161481841467, 54.926449543912895], [-1.3832161481841467, 54.92788683529943], [-1.382593638729304, 54.92824615814607], [-1.3813486198196188, 54.9275275124528], [-1.3801036009099334, 54.9275275124528], [-1.3782360725454055, 54.9286054809927], [-1.3782360725454055, 54.92932412668597], [-1.3769910536357202, 54.93004277237924], [-1.3776135630905628, 54.93040209522587], [-1.3788585820002481, 54.93040209522587], [-1.3801036009099334, 54.93112074091914], [-1.3813486198196188, 54.93112074091914], [-1.3819711292744614, 54.931480063765775], [-1.3813486198196188, 54.93183938661241], [-1.3801036009099334, 54.93183938661241], [-1.3782360725454055, 54.93291735515231], [-1.3788585820002481, 54.93327667799895], [-1.382593638729304, 54.93327667799895], [-1.3832161481841467, 54.93363600084558], [-1.3819711292744614, 54.93435464653885], [-1.3819711292744614, 54.936510583618656], [-1.3813486198196188, 54.93686990646529], [-1.3801036009099334, 54.93686990646529], [-1.3794810914550908, 54.936510583618656], [-1.380726110364776, 54.93579193792539], [-1.3801036009099334, 54.93543261507875], [-1.3776135630905628, 54.93543261507875], [-1.3769910536357202, 54.93579193792539], [-1.3769910536357202, 54.936510583618656], [-1.3794810914550908, 54.93794787500519], [-1.3794810914550908, 54.93866652069846], [-1.3801036009099334, 54.939025843545096], [-1.3813486198196188, 54.939025843545096], [-1.3819711292744614, 54.93938516639173], [-1.3819711292744614, 54.941541103471536], [-1.382593638729304, 54.94190042631817], [-1.3832161481841467, 54.941541103471536], [-1.3832161481841467, 54.940103812085], [-1.3838386576389894, 54.939744489238365], [-1.3850836765486747, 54.94046313493163], [-1.38632869545836, 54.94046313493163], [-1.3869512049132027, 54.94082245777827], [-1.3869512049132027, 54.941541103471536], [-1.3857061860035174, 54.942259749164805], [-1.3857061860035174, 54.94369704055134], [-1.3869512049132027, 54.94441568624461], [-1.3850836765486747, 54.945493654784514], [-1.384461167093832, 54.94513433193788], [-1.384461167093832, 54.94441568624461], [-1.3838386576389894, 54.944056363397976], [-1.382593638729304, 54.944056363397976], [-1.380726110364776, 54.94513433193788], [-1.3819711292744614, 54.94585297763115], [-1.3813486198196188, 54.94621230047778], [-1.3788585820002481, 54.94621230047778], [-1.3782360725454055, 54.94657162332442], [-1.3782360725454055, 54.948008914710954], [-1.3788585820002481, 54.94836823755759], [-1.3813486198196188, 54.94836823755759], [-1.3819711292744614, 54.94872756040422], [-1.3819711292744614, 54.94944620609749], [-1.3794810914550908, 54.95088349748403], [-1.3794810914550908, 54.9516021431773], [-1.3813486198196188, 54.9526801117172], [-1.3850836765486747, 54.9526801117172], [-1.3857061860035174, 54.953039434563834], [-1.3857061860035174, 54.95447672595037], [-1.38632869545836, 54.954836048797006], [-1.3888187332777306, 54.954836048797006], [-1.3906862616422586, 54.95591401733691], [-1.3906862616422586, 54.95663266303018], [-1.3913087710971013, 54.95699198587681], [-1.3950438278261572, 54.95699198587681], [-1.3956663372809999, 54.957351308723446], [-1.3956663372809999, 54.95878860010998], [-1.3950438278261572, 54.95914792295662], [-1.3925537900067866, 54.95914792295662], [-1.3906862616422586, 54.96022589149652], [-1.3931762994616292, 54.96166318288306], [-1.3931762994616292, 54.96453776565613], [-1.3944213183713146, 54.9652564113494], [-1.3944213183713146, 54.96597505704267], [-1.3956663372809999, 54.96669370273594], [-1.3944213183713146, 54.96741234842921], [-1.3944213183713146, 54.968849639815744], [-1.393798808916472, 54.96920896266238], [-1.3913087710971013, 54.96920896266238], [-1.388196223822888, 54.97100557689555], [-1.388196223822888, 54.97172422258882], [-1.3875737143680453, 54.97208354543545], [-1.38632869545836, 54.97208354543545], [-1.3838386576389894, 54.97352083682199], [-1.382593638729304, 54.97352083682199], [-1.380726110364776, 54.97459880536189], [-1.380726110364776, 54.97747338813497], [-1.3794810914550908, 54.978192033828236], [-1.3801036009099334, 54.97855135667487], [-1.3813486198196188, 54.97855135667487], [-1.382593638729304, 54.97927000236814], [-1.3838386576389894, 54.97855135667487], [-1.384461167093832, 54.978910679521505], [-1.384461167093832, 54.97962932521477], [-1.38632869545836, 54.980707293754676], [-1.3875737143680453, 54.980707293754676], [-1.388196223822888, 54.98106661660131], [-1.388196223822888, 54.98322255368112], [-1.3913087710971013, 54.98501916791429], [-1.3925537900067866, 54.98501916791429], [-1.3931762994616292, 54.98537849076092], [-1.3931762994616292, 54.98681578214746], [-1.3925537900067866, 54.987175104994094], [-1.3888187332777306, 54.987175104994094], [-1.388196223822888, 54.98753442784073], [-1.388196223822888, 54.988253073534], [-1.3888187332777306, 54.98861239638063], [-1.390063752187416, 54.98861239638063], [-1.3908418890059693, 54.988253073534], [-1.3930206720979186, 54.988971719227266], [-1.394265691007604, 54.99112765630707], [-1.3950438278261572, 54.991486979153706], [-1.3975338656455278, 54.991576809865364], [-1.4012689223745838, 54.99373274694517], [-1.4079608990141423, 54.99687682185322], [-1.4116959557431983, 55.000470050319564], [-1.414185993562569, 55.004781924479175], [-1.4149641303811222, 55.00523107803747], [-1.4241461448400514, 55.00621921586571], [-1.4253911637497367, 55.00765650725225], [-1.42616930056829, 55.00810566081054], [-1.4311493762070313, 55.007387015117274], [-1.4361294518457726, 55.00594972373074], [-1.4406426453933818, 55.00334463309264], [-1.4406426453933818, 54.999751404626295], [-1.4448445842135698, 54.9930141012519], [-1.445622721032123, 54.99256494769361], [-1.4468677399418084, 54.9904090106138], [-1.449357777761179, 54.98753442784073], [-1.4523146976716816, 54.986546290012484], [-1.4585397922201082, 54.985827644319215], [-1.4610298300394788, 54.98510899862595], [-1.4647648867685348, 54.98510899862595], [-1.469744962407276, 54.986546290012484], [-1.5120756053365767, 54.986546290012484], [-1.520790737704374, 54.985827644319215], [-1.5245257944334298, 54.98439035293268], [-1.5277939690713538, 54.98250390798785], [-1.5302840068907244, 54.98034797090804], [-1.5315290258004097, 54.978910679521505], [-1.532774044710095, 54.9767547424417], [-1.5340190636197804, 54.96669370273594], [-1.540711040259339, 54.96067504505481], [-1.5481811537174508, 54.959956399361545], [-1.5506711915368214, 54.959237753668276], [-1.5535707473754883, 54.95977783203125], [-1.5506711915368214, 54.95977673793823], [-1.5469361348077655, 54.961214029324765], [-1.5432010780787095, 54.96193267501803], [-1.540711040259339, 54.9626513207113], [-1.5361978467117297, 54.9652564113494], [-1.5349528278020443, 54.97459880536189], [-1.533707808892359, 54.978910679521505], [-1.5324627899826737, 54.98178526229458]], [[-1.4292818478425033, 54.90920204727445], [-1.4286593383876607, 54.908842724427814], [-1.428036828932818, 54.90920204727445], [-1.428036828932818, 54.910639338660985], [-1.4274143194779754, 54.91099866150762], [-1.4236792627489194, 54.91099866150762], [-1.4230567532940768, 54.910639338660985], [-1.4230567532940768, 54.90920204727445], [-1.4224342438392341, 54.908842724427814], [-1.4218117343843915, 54.90920204727445], [-1.4218117343843915, 54.90992069296772], [-1.4211892249295488, 54.91028001581435], [-1.4205667154747061, 54.90992069296772], [-1.4205667154747061, 54.90920204727445], [-1.4186991871101782, 54.908124078734545], [-1.4174541682004929, 54.908124078734545], [-1.413719111471437, 54.90596814165474], [-1.4130966020165943, 54.90632746450137], [-1.4130966020165943, 54.90704611019464], [-1.4112290736520663, 54.908124078734545], [-1.409984054742381, 54.908124078734545], [-1.4093615452875383, 54.90848340158118], [-1.4093615452875383, 54.90992069296772], [-1.4087390358326957, 54.91028001581435], [-1.4074940169230103, 54.90956137012108], [-1.404381469648797, 54.911357984354254], [-1.4056264885584824, 54.91207663004752], [-1.4050039791036397, 54.91243595289416], [-1.4012689223745838, 54.91243595289416], [-1.4006464129197411, 54.91279527574079], [-1.4012689223745838, 54.913154598587425], [-1.402513941284269, 54.913244429299084], [-1.4037589601939544, 54.913244429299084], [-1.4050039791036397, 54.913154598587425], [-1.408116526377853, 54.91207663004752], [-1.408116526377853, 54.91279527574079], [-1.4087390358326957, 54.913244429299084], [-1.4149641303811222, 54.91611901207216], [-1.4186991871101782, 54.91683765776543], [-1.4211892249295488, 54.91683765776543], [-1.4286593383876607, 54.91540036637889], [-1.4311493762070313, 54.91468172068562], [-1.4319275130255846, 54.91423256712733], [-1.431771885661874, 54.91351392143406], [-1.431771885661874, 54.91207663004752], [-1.4305268667521887, 54.911357984354254], [-1.431771885661874, 54.910639338660985], [-1.4311493762070313, 54.91028001581435], [-1.429904357297346, 54.91028001581435], [-1.4292818478425033, 54.90992069296772], [-1.4292818478425033, 54.90920204727445]]]}}, {"type": "Feature", "properties": {"band_id": "under_60", "order": 1}, "geometry": {"type": "MultiPolygon", "coordinates": [[[[-1.533707808892359, 54.978910679521505], [-1.5349528278020443, 54.97459880536189], [-1.5361978467117297, 54.9652564113494], [-1.540711040259339, 54.9626513207113], [-1.5432010780787095, 54.96193267501803], [-1.5469361348077655, 54.961214029324765], [-1.5506711915368214, 54.95977673793823], [-1.5535707473754883, 54.95977783203125], [-1.5506711915368214, 54.959237753668276], [-1.5481811537174508, 54.959956399361545], [-1.540711040259339, 54.96067504505481], [-1.5340190636197804, 54.96669370273594], [-1.532774044710095, 54.9767547424417], [-1.5315290258004097, 54.978910679521505], [-1.5302840068907244, 54.98034797090804], [-1.5277939690713538, 54.98250390798785], [-1.5245257944334298, 54.98439035293268], [-1.520790737704374, 54.985827644319215], [-1.5120756053365767, 54.986546290012484], [-1.469744962407276, 54.986546290012484], [-1.4647648867685348, 54.98510899862595], [-1.4610298300394788, 54.98510899862595], [-1.4585397922201082, 54.985827644319215], [-1.4523146976716816, 54.986546290012484], [-1.449357777761179, 54.98753442784073], [-1.4468677399418084, 54.9904090106138], [-1.445622721032123, 54.99256494769361], [-1.4448445842135698, 54.9930141012519], [-1.4406426453933818, 54.999751404626295], [-1.4406426453933818, 55.00334463309264], [-1.4361294518457726, 55.00594972373074], [-1.4311493762070313, 55.007387015117274], [-1.42616930056829, 55.00810566081054], [-1.4253911637497367, 55.00765650725225], [-1.4241461448400514, 55.00621921586571], [-1.4149641303811222, 55.00523107803747], [-1.414185993562569, 55.004781924479175], [-1.4116959557431983, 55.000470050319564], [-1.4079608990141423, 54.99687682185322], [-1.4012689223745838, 54.99373274694517], [-1.3975338656455278, 54.991576809865364], [-1.3950438278261572, 54.991486979153706], [-1.394265691007604, 54.99112765630707], [-1.3930206720979186, 54.988971719227266], [-1.3908418890059693, 54.988253073534], [-1.390063752187416, 54.98861239638063], [-1.3888187332777306, 54.98861239638063], [-1.388196223822888, 54.988253073534], [-1.388196223822888, 54.98753442784073], [-1.3888187332777306, 54.987175104994094], [-1.3925537900067866, 54.987175104994094], [-1.3931762994616292, 54.98681578214746], [-1.3931762994616292, 54.98537849076092], [-1.3925537900067866, 54.98501916791429], [-1.3913087710971013, 54.98501916791429], [-1.388196223822888, 54.98322255368112], [-1.388196223822888, 54.98106661660131], [-1.3875737143680453, 54.980707293754676], [-1.38632869545836, 54.980707293754676], [-1.384461167093832, 54.97962932521477], [-1.384461167093832, 54.978910679521505], [-1.3838386576389894, 54.97855135667487], [-1.382593638729304, 54.97927000236814], [-1.3813486198196188, 54.97855135667487], [-1.3801036009099334, 54.97855135667487], [-1.3794810914550908, 54.978192033828236], [-1.380726110364776, 54.97747338813497], [-1.380726110364776, 54.97459880536189], [-1.382593638729304, 54.97352083682199], [-1.3838386576389894, 54.97352083682199], [-1.38632869545836, 54.97208354543545], [-1.3875737143680453, 54.97208354543545], [-1.388196223822888, 54.97172422258882], [-1.388196223822888, 54.97100557689555], [-1.3913087710971013, 54.96920896266238], [-1.393798808916472, 54.96920896266238], [-1.3944213183713146, 54.968849639815744], [-1.3944213183713146, 54.96741234842921], [-1.3956663372809999, 54.96669370273594], [-1.3944213183713146, 54.96597505704267], [-1.3944213183713146, 54.9652564113494], [-1.3931762994616292, 54.96453776565613], [-1.3931762994616292, 54.96166318288306], [-1.3906862616422586, 54.96022589149652], [-1.3925537900067866, 54.95914792295662], [-1.3950438278261572, 54.95914792295662], [-1.3956663372809999, 54.95878860010998], [-1.3956663372809999, 54.957351308723446], [-1.3950438278261572, 54.95699198587681], [-1.3913087710971013, 54.95699198587681], [-1.3906862616422586, 54.95663266303018], [-1.3906862616422586, 54.95591401733691], [-1.3888187332777306, 54.954836048797006], [-1.38632869545836, 54.954836048797006], [-1.3857061860035174, 54.95447672595037], [-1.3857061860035174, 54.953039434563834], [-1.3850836765486747, 54.9526801117172], [-1.3813486198196188, 54.9526801117172], [-1.3794810914550908, 54.9516021431773], [-1.3794810914550908, 54.95088349748403], [-1.3819711292744614, 54.94944620609749], [-1.3819711292744614, 54.94872756040422], [-1.3813486198196188, 54.94836823755759], [-1.3788585820002481, 54.94836823755759], [-1.3782360725454055, 54.948008914710954], [-1.3782360725454055, 54.94657162332442], [-1.3788585820002481, 54.94621230047778], [-1.3813486198196188, 54.94621230047778], [-1.3819711292744614, 54.94585297763115], [-1.380726110364776, 54.94513433193788], [-1.382593638729304, 54.944056363397976], [-1.3838386576389894, 54.944056363397976], [-1.384461167093832, 54.94441568624461], [-1.384461167093832, 54.94513433193788], [-1.3850836765486747, 54.945493654784514], [-1.3869512049132027, 54.94441568624461], [-1.3857061860035174, 54.94369704055134], [-1.3857061860035174, 54.942259749164805], [-1.3869512049132027, 54.941541103471536], [-1.3869512049132027, 54.94082245777827], [-1.38632869545836, 54.94046313493163], [-1.3850836765486747, 54.94046313493163], [-1.3838386576389894, 54.939744489238365], [-1.3832161481841467, 54.940103812085], [-1.3832161481841467, 54.941541103471536], [-1.382593638729304, 54.94190042631817], [-1.3819711292744614, 54.941541103471536], [-1.3819711292744614, 54.93938516639173], [-1.3813486198196188, 54.939025843545096], [-1.3801036009099334, 54.939025843545096], [-1.3794810914550908, 54.93866652069846], [-1.3794810914550908, 54.93794787500519], [-1.3769910536357202, 54.936510583618656], [-1.3769910536357202, 54.93579193792539], [-1.3776135630905628, 54.93543261507875], [-1.3801036009099334, 54.93543261507875], [-1.380726110364776, 54.93579193792539], [-1.3794810914550908, 54.936510583618656], [-1.3801036009099334, 54.93686990646529], [-1.3813486198196188, 54.93686990646529], [-1.3819711292744614, 54.936510583618656], [-1.3819711292744614, 54.93435464653885], [-1.3832161481841467, 54.93363600084558], [-1.382593638729304, 54.93327667799895], [-1.3788585820002481, 54.93327667799895], [-1.3782360725454055, 54.93291735515231], [-1.3801036009099334, 54.93183938661241], [-1.3813486198196188, 54.93183938661241], [-1.3819711292744614, 54.931480063765775], [-1.3813486198196188, 54.93112074091914], [-1.3801036009099334, 54.93112074091914], [-1.3788585820002481, 54.93040209522587], [-1.3776135630905628, 54.93040209522587], [-1.3769910536357202, 54.93004277237924], [-1.3782360725454055, 54.92932412668597], [-1.3782360725454055, 54.9286054809927], [-1.3801036009099334, 54.9275275124528], [-1.3813486198196188, 54.9275275124528], [-1.382593638729304, 54.92824615814607], [-1.3832161481841467, 54.92788683529943], [-1.3832161481841467, 54.926449543912895], [-1.3819711292744614, 54.925730898219626], [-1.3819711292744614, 54.92501225252636], [-1.3838386576389894, 54.923934283986455], [-1.3850836765486747, 54.923934283986455], [-1.38632869545836, 54.92465292967972], [-1.3888187332777306, 54.92465292967972], [-1.3894412427325733, 54.92429360683309], [-1.3894412427325733, 54.92357496113982], [-1.390063752187416, 54.923215638293186], [-1.393798808916472, 54.923215638293186], [-1.3944213183713146, 54.92285631544655], [-1.3931762994616292, 54.92213766975328], [-1.3931762994616292, 54.920700378366746], [-1.3944213183713146, 54.91998173267348], [-1.3931762994616292, 54.91926308698021], [-1.3944213183713146, 54.91854444128694], [-1.393798808916472, 54.918185118440306], [-1.3925537900067866, 54.918185118440306], [-1.391931280551944, 54.91782579559367], [-1.3925537900067866, 54.91746647274704], [-1.393798808916472, 54.91746647274704], [-1.3975338656455278, 54.91737664203538], [-1.4018914318294264, 54.9149512128206], [-1.402513941284269, 54.91459188997396], [-1.406248998013325, 54.914502059262304], [-1.409984054742381, 54.914502059262304], [-1.4120072104706196, 54.915669858513866], [-1.4149641303811222, 54.91665799634211], [-1.4186991871101782, 54.91737664203538], [-1.42616930056829, 54.91665799634211], [-1.429904357297346, 54.91593935064884], [-1.4373744707554579, 54.91306476787577], [-1.4423545463941991, 54.9123461221825], [-1.4453114663047018, 54.91207663004752], [-1.4468677399418084, 54.90992069296772], [-1.4448445842135698, 54.91108849221928], [-1.444222074758727, 54.910639338660985], [-1.444222074758727, 54.90992069296772], [-1.4429770558490418, 54.90920204727445], [-1.4429770558490418, 54.90848340158118], [-1.4417320369393565, 54.90776475588791], [-1.4417320369393565, 54.90704611019464], [-1.4429770558490418, 54.90632746450137], [-1.4429770558490418, 54.905608818808105], [-1.444222074758727, 54.904890173114836], [-1.444222074758727, 54.90273423603503], [-1.4448445842135698, 54.902374913188396], [-1.446089603123255, 54.902374913188396], [-1.451692188216839, 54.89914100756869], [-1.451692188216839, 54.89842236187542], [-1.453559716581367, 54.897344393335516], [-1.4560497544007376, 54.897344393335516], [-1.4566722638555802, 54.89698507048888], [-1.455427244945895, 54.89626642479561], [-1.455427244945895, 54.895547779102344], [-1.457294773310423, 54.89446981056244], [-1.4579172827652656, 54.894829133409075], [-1.4579172827652656, 54.895547779102344], [-1.4591623016749509, 54.89626642479561], [-1.4591623016749509, 54.89698507048888], [-1.4597848111297935, 54.897344393335516], [-1.4610298300394788, 54.897344393335516], [-1.4616523394943215, 54.89698507048888], [-1.4604073205846362, 54.89626642479561], [-1.4604073205846362, 54.895547779102344], [-1.4610298300394788, 54.89518845625571], [-1.4647648867685348, 54.89518845625571], [-1.4653873962233774, 54.894829133409075], [-1.4653873962233774, 54.89411048771581], [-1.4672549245879054, 54.893032519175904], [-1.4684999434975907, 54.893032519175904], [-1.4691224529524334, 54.89267319632927], [-1.4691224529524334, 54.891954550636], [-1.469744962407276, 54.89159522778937], [-1.473480019136332, 54.89159522778937], [-1.4741025285911746, 54.89123590494273], [-1.4741025285911746, 54.890517259249464], [-1.473480019136332, 54.89015793640283], [-1.4722350002266467, 54.89015793640283], [-1.471612490771804, 54.889798613556195], [-1.473480019136332, 54.88872064501629], [-1.4747250380460173, 54.88943929070956], [-1.47534754750086, 54.889079967862926], [-1.47534754750086, 54.88764267647639], [-1.4759700569557026, 54.887283353629755], [-1.4784600947750732, 54.88872064501629], [-1.4790826042299159, 54.88836132216966], [-1.4790826042299159, 54.88764267647639], [-1.4797051136847585, 54.887283353629755], [-1.4809501325944439, 54.887283353629755], [-1.4815726420492865, 54.88692403078312], [-1.4815726420492865, 54.88620538508985], [-1.4834401704138145, 54.88512741654995], [-1.4846851893234998, 54.88512741654995], [-1.4865527176880278, 54.884049448010046], [-1.4853076987783425, 54.88333080231678], [-1.4853076987783425, 54.88189351093024], [-1.4871752271428704, 54.88081554239034], [-1.4884202460525557, 54.881534188083606], [-1.4890427555073984, 54.88117486523697], [-1.4890427555073984, 54.8804562195437], [-1.487797736597713, 54.879737573850434], [-1.4890427555073984, 54.879018928157166], [-1.4890427555073984, 54.87686299107736], [-1.487797736597713, 54.87614434538409], [-1.4902877744170837, 54.874707053997554], [-1.4902877744170837, 54.87255111691775], [-1.4909102838719264, 54.872191794071114], [-1.4921553027816117, 54.872191794071114], [-1.493400321691297, 54.87291043976438], [-1.4940228311461397, 54.87255111691775], [-1.4940228311461397, 54.87183247122448], [-1.493400321691297, 54.871473148377845], [-1.489665264962241, 54.871473148377845], [-1.487797736597713, 54.87039517983794], [-1.487797736597713, 54.86967653414467], [-1.4890427555073984, 54.868957888451405], [-1.4890427555073984, 54.868239242758136], [-1.4884202460525557, 54.8678799199115], [-1.4871752271428704, 54.86859856560477], [-1.4865527176880278, 54.868239242758136], [-1.4865527176880278, 54.86752059706487], [-1.4853076987783425, 54.8668019513716], [-1.4853076987783425, 54.86608330567833], [-1.4859302082331851, 54.865723982831696], [-1.4871752271428704, 54.865723982831696], [-1.4884202460525557, 54.86500533713843], [-1.4890427555073984, 54.86536465998506], [-1.4890427555073984, 54.86608330567833], [-1.489665264962241, 54.866442628524965], [-1.4927778122364543, 54.86464601429179], [-1.4927778122364543, 54.863927368598524], [-1.493400321691297, 54.86356804575189], [-1.4958903595106676, 54.86356804575189], [-1.497135378420353, 54.86284940005862], [-1.5008704351494089, 54.86284940005862], [-1.5021154540590942, 54.86356804575189], [-1.5033604729687795, 54.86356804575189], [-1.5039829824236222, 54.863208722905256], [-1.5039829824236222, 54.86249007721199], [-1.5027379635139368, 54.86177143151872], [-1.5027379635139368, 54.86105278582545], [-1.5039829824236222, 54.86033414013218], [-1.5039829824236222, 54.85961549443891], [-1.5058505107881501, 54.85853752589901], [-1.5070955296978354, 54.85853752589901], [-1.5083405486075208, 54.85925617159228], [-1.5120756053365767, 54.85925617159228], [-1.5126981147914194, 54.85961549443891], [-1.5126981147914194, 54.86033414013218], [-1.5120756053365767, 54.860693462978816], [-1.5108305864268914, 54.860693462978816], [-1.5102080769720487, 54.86105278582545], [-1.5102080769720487, 54.86464601429179], [-1.5126981147914194, 54.86608330567833], [-1.5126981147914194, 54.8668019513716], [-1.513320624246262, 54.86716127421823], [-1.5139431337011047, 54.8668019513716], [-1.5139431337011047, 54.86536465998506], [-1.5145656431559473, 54.86500533713843], [-1.517055680975318, 54.86500533713843], [-1.5176781904301606, 54.86464601429179], [-1.5176781904301606, 54.863927368598524], [-1.517055680975318, 54.86356804575189], [-1.5158106620656326, 54.86356804575189], [-1.51518815261079, 54.863208722905256], [-1.51518815261079, 54.86249007721199], [-1.5164331715204753, 54.86177143151872], [-1.5164331715204753, 54.86105278582545], [-1.5139431337011047, 54.85961549443891], [-1.5145656431559473, 54.85925617159228], [-1.5158106620656326, 54.85997481728555], [-1.5164331715204753, 54.85961549443891], [-1.5164331715204753, 54.858896848745644], [-1.517055680975318, 54.85853752589901], [-1.5183006998850033, 54.85853752589901], [-1.5201682282495312, 54.85961549443891], [-1.518923209339846, 54.86033414013218], [-1.5201682282495312, 54.86105278582545], [-1.5201682282495312, 54.86177143151872], [-1.520790737704374, 54.86213075436535], [-1.5232807755237445, 54.86213075436535], [-1.5239032849785872, 54.86177143151872], [-1.5239032849785872, 54.86105278582545], [-1.5245257944334298, 54.860693462978816], [-1.5257708133431152, 54.860693462978816], [-1.5270158322528005, 54.861412108672084], [-1.5282608511624858, 54.861412108672084], [-1.5307508889818564, 54.86284940005862], [-1.531373398436699, 54.86249007721199], [-1.531373398436699, 54.86177143151872], [-1.5319959078915417, 54.861412108672084], [-1.533240926801227, 54.86213075436535], [-1.5344859457109123, 54.86213075436535], [-1.535108455165755, 54.86249007721199], [-1.535108455165755, 54.863208722905256], [-1.5357309646205977, 54.86356804575189], [-1.536975983530283, 54.86356804575189], [-1.5382210024399683, 54.86284940005862], [-1.5419560591690242, 54.86284940005862], [-1.5432010780787095, 54.86213075436535], [-1.5469361348077655, 54.86213075436535], [-1.5475586442626081, 54.86177143151872], [-1.5475586442626081, 54.86033414013218], [-1.5469361348077655, 54.85997481728555], [-1.5456911158980802, 54.85997481728555], [-1.5444460969883949, 54.85925617159228], [-1.5432010780787095, 54.85925617159228], [-1.540711040259339, 54.85781888020574], [-1.5394660213496536, 54.85781888020574], [-1.5382210024399683, 54.85853752589901], [-1.5363534740754403, 54.85745955735911], [-1.5363534740754403, 54.85602226597257], [-1.536975983530283, 54.855662943125935], [-1.5382210024399683, 54.855662943125935], [-1.5394660213496536, 54.856381588819204], [-1.540711040259339, 54.856381588819204], [-1.5419560591690242, 54.855662943125935], [-1.5432010780787095, 54.856381588819204], [-1.5494261726271361, 54.856381588819204], [-1.5500486820819788, 54.85602226597257], [-1.5475586442626081, 54.85458497458603], [-1.5488036631722935, 54.853866328892764], [-1.5488036631722935, 54.85171039181296], [-1.5500486820819788, 54.85099174611969], [-1.5500486820819788, 54.85027310042642], [-1.5494261726271361, 54.849913777579786], [-1.5481811537174508, 54.850632423273055], [-1.5456911158980802, 54.84919513188652], [-1.5444460969883949, 54.849913777579786], [-1.5432010780787095, 54.849913777579786], [-1.5425785686238669, 54.84955445473315], [-1.5425785686238669, 54.84883580903988], [-1.540711040259339, 54.84775784049998], [-1.5382210024399683, 54.84775784049998], [-1.5375984929851256, 54.847398517653346], [-1.5382210024399683, 54.84703919480671], [-1.5419560591690242, 54.84703919480671], [-1.5425785686238669, 54.84667987196008], [-1.5425785686238669, 54.84524258057354], [-1.5432010780787095, 54.844883257726906], [-1.5444460969883949, 54.844883257726906], [-1.5450686064432375, 54.84452393488027], [-1.5450686064432375, 54.843086643493734], [-1.5456911158980802, 54.8427273206471], [-1.5469361348077655, 54.8427273206471], [-1.5488036631722935, 54.843805289187], [-1.5488036631722935, 54.84524258057354], [-1.5494261726271361, 54.845601903420174], [-1.5519162104465067, 54.845601903420174], [-1.5525387199013494, 54.84524258057354], [-1.5525387199013494, 54.84452393488027], [-1.5519162104465067, 54.84416461203364], [-1.5506711915368214, 54.844883257726906], [-1.5500486820819788, 54.84452393488027], [-1.551293700991664, 54.843805289187], [-1.551293700991664, 54.843086643493734], [-1.5519162104465067, 54.8427273206471], [-1.5556512671755627, 54.8427273206471], [-1.5562737766304053, 54.842367997800466], [-1.5562737766304053, 54.84093070641393], [-1.5593863239046186, 54.83913409218076], [-1.5631213806336746, 54.83913409218076], [-1.5649889089982025, 54.84021206072066], [-1.5649889089982025, 54.842367997800466], [-1.5662339279078878, 54.843086643493734], [-1.5662339279078878, 54.843805289187], [-1.5668564373627305, 54.84416461203364], [-1.5681014562724158, 54.84416461203364], [-1.5699689846369438, 54.843086643493734], [-1.5693464751821011, 54.8427273206471], [-1.5681014562724158, 54.8427273206471], [-1.5674789468175732, 54.842367997800466], [-1.5674789468175732, 54.8416493521072], [-1.5681014562724158, 54.84129002926056], [-1.5705914940917864, 54.84129002926056], [-1.571214003546629, 54.84093070641393], [-1.5699689846369438, 54.84021206072066], [-1.5705914940917864, 54.839852737874025], [-1.5718365130014718, 54.839852737874025], [-1.5761940791853704, 54.837337477947585], [-1.5761940791853704, 54.83661883225432], [-1.576816588640213, 54.83625950940768], [-1.5780616075498983, 54.83625950940768], [-1.578684117004741, 54.83661883225432], [-1.578684117004741, 54.83877476933412], [-1.5774390980950557, 54.83949341502739], [-1.578684117004741, 54.84021206072066], [-1.578684117004741, 54.8416493521072], [-1.5774390980950557, 54.842367997800466], [-1.5780616075498983, 54.8427273206471], [-1.5793066264595836, 54.8427273206471], [-1.580551645369269, 54.84344596634037], [-1.5817966642789543, 54.84344596634037], [-1.5830416831886396, 54.8427273206471], [-1.584286702098325, 54.8427273206471], [-1.5855317210080102, 54.84344596634037], [-1.5880217588273808, 54.84344596634037], [-1.5905117966467515, 54.84200867495383], [-1.5917568155564368, 54.84200867495383], [-1.5923793250112794, 54.842367997800466], [-1.5923793250112794, 54.843805289187], [-1.593001834466122, 54.84416461203364], [-1.5942468533758074, 54.84416461203364], [-1.5954918722854927, 54.84344596634037], [-1.5961143817403354, 54.843805289187], [-1.5961143817403354, 54.84452393488027], [-1.596736891195178, 54.844883257726906], [-1.5979819101048633, 54.84416461203364], [-1.5992269290145487, 54.844883257726906], [-1.600471947924234, 54.844883257726906], [-1.602339476288762, 54.84596122626681], [-1.602339476288762, 54.84667987196008], [-1.6029619857436046, 54.84703919480671], [-1.60420700465329, 54.84703919480671], [-1.6048295141081326, 54.847398517653346], [-1.6048295141081326, 54.848117163346615], [-1.6054520235629752, 54.84847648619325], [-1.6073195519275032, 54.847398517653346], [-1.6060745330178179, 54.84667987196008], [-1.6066970424726605, 54.84632054911344], [-1.6091870802920312, 54.84775784049998], [-1.6104320992017165, 54.84775784049998], [-1.6116771181114018, 54.84703919480671], [-1.612922137021087, 54.84703919480671], [-1.6135446464759298, 54.84667987196008], [-1.6135446464759298, 54.84596122626681], [-1.6141671559307724, 54.845601903420174], [-1.616657193750143, 54.845601903420174], [-1.6179022126598284, 54.844883257726906], [-1.6216372693888843, 54.844883257726906], [-1.622259778843727, 54.84524258057354], [-1.622259778843727, 54.84667987196008], [-1.6228822882985696, 54.84703919480671], [-1.624127307208255, 54.84632054911344], [-1.625994835572783, 54.847398517653346], [-1.6253723261179402, 54.84775784049998], [-1.624127307208255, 54.84775784049998], [-1.6228822882985696, 54.84847648619325], [-1.620392250479199, 54.84847648619325], [-1.6179022126598284, 54.849913777579786], [-1.616657193750143, 54.849913777579786], [-1.6160346842953004, 54.85027310042642], [-1.6160346842953004, 54.85242903750623], [-1.6172797032049857, 54.853147683199495], [-1.6172797032049857, 54.85458497458603], [-1.6179022126598284, 54.85494429743267], [-1.6216372693888843, 54.85494429743267], [-1.622259778843727, 54.85458497458603], [-1.622259778843727, 54.853147683199495], [-1.6197697410243563, 54.85171039181296], [-1.6210147599340416, 54.85099174611969], [-1.6210147599340416, 54.85027310042642], [-1.6216372693888843, 54.849913777579786], [-1.6228822882985696, 54.849913777579786], [-1.624127307208255, 54.84919513188652], [-1.6247498166630976, 54.84955445473315], [-1.6235047977534123, 54.85027310042642], [-1.6235047977534123, 54.85099174611969], [-1.624127307208255, 54.85135106896632], [-1.6303524017566815, 54.85135106896632], [-1.6309749112115242, 54.85171039181296], [-1.6297298923018388, 54.85242903750623], [-1.6309749112115242, 54.853147683199495], [-1.6284848733921535, 54.85458497458603], [-1.6291073828469962, 54.85494429743267], [-1.6303524017566815, 54.85494429743267], [-1.6315974206663668, 54.855662943125935], [-1.6328424395760521, 54.855662943125935], [-1.6334649490308948, 54.8553036202793], [-1.6322199301212095, 54.85458497458603], [-1.6334649490308948, 54.853866328892764], [-1.6334649490308948, 54.853147683199495], [-1.6340874584857374, 54.85278836035286], [-1.6353324773954228, 54.85278836035286], [-1.6359549868502654, 54.853147683199495], [-1.6359549868502654, 54.85602226597257], [-1.636577496305108, 54.856381588819204], [-1.6390675341244787, 54.856381588819204], [-1.6396900435793214, 54.85602226597257], [-1.6390675341244787, 54.855662943125935], [-1.6378225152147934, 54.855662943125935], [-1.6372000057599507, 54.8553036202793], [-1.6372000057599507, 54.853866328892764], [-1.6378225152147934, 54.85350700604613], [-1.6415575719438493, 54.85350700604613], [-1.642180081398692, 54.853866328892764], [-1.642180081398692, 54.85458497458603], [-1.6428025908535346, 54.85494429743267], [-1.64404760976322, 54.85494429743267], [-1.6452926286729053, 54.8542256517394], [-1.6465376475825906, 54.8542256517394], [-1.6471601570374332, 54.85458497458603], [-1.6471601570374332, 54.858178203052375], [-1.647782666492276, 54.85853752589901], [-1.6484051759471186, 54.858178203052375], [-1.6484051759471186, 54.85745955735911], [-1.6490276854019612, 54.85710023451247], [-1.6521402326761745, 54.858896848745644], [-1.6521402326761745, 54.85961549443891], [-1.6515177232213318, 54.85997481728555], [-1.6502727043116465, 54.85925617159228], [-1.6490276854019612, 54.85997481728555], [-1.647782666492276, 54.85925617159228], [-1.6465376475825906, 54.85925617159228], [-1.645915138127748, 54.85961549443891], [-1.645915138127748, 54.86033414013218], [-1.6465376475825906, 54.860693462978816], [-1.6502727043116465, 54.860693462978816], [-1.6515177232213318, 54.861412108672084], [-1.656497798860073, 54.861412108672084], [-1.6577428177697584, 54.860693462978816], [-1.6589878366794437, 54.860693462978816], [-1.660232855589129, 54.85997481728555], [-1.663967912318185, 54.85997481728555], [-1.6645904217730276, 54.86033414013218], [-1.6645904217730276, 54.86105278582545], [-1.662100383953657, 54.86249007721199], [-1.6627228934084997, 54.86284940005862], [-1.663967912318185, 54.86284940005862], [-1.6645904217730276, 54.863208722905256], [-1.663967912318185, 54.86356804575189], [-1.6627228934084997, 54.86356804575189], [-1.6614778744988143, 54.86284940005862], [-1.660232855589129, 54.86356804575189], [-1.6589878366794437, 54.86284940005862], [-1.658365327224601, 54.863208722905256], [-1.658365327224601, 54.863927368598524], [-1.6596103461342864, 54.86464601429179], [-1.6596103461342864, 54.86536465998506], [-1.6589878366794437, 54.865723982831696], [-1.6577428177697584, 54.865723982831696], [-1.6571203083149157, 54.86608330567833], [-1.6571203083149157, 54.86752059706487], [-1.656497798860073, 54.8678799199115], [-1.6552527799503878, 54.8678799199115], [-1.6521402326761745, 54.86967653414467], [-1.6521402326761745, 54.87111382553121], [-1.6508952137664892, 54.87183247122448], [-1.6527627421310171, 54.87291043976438], [-1.6540077610407025, 54.87291043976438], [-1.6552527799503878, 54.872191794071114], [-1.6589878366794437, 54.872191794071114], [-1.660232855589129, 54.871473148377845], [-1.6627228934084997, 54.871473148377845], [-1.6633454028633423, 54.87111382553121], [-1.6633454028633423, 54.87039517983794], [-1.663967912318185, 54.87003585699131], [-1.6652129312278703, 54.87003585699131], [-1.665835440682713, 54.87039517983794], [-1.665835440682713, 54.87111382553121], [-1.6664579501375556, 54.871473148377845], [-1.667702969047241, 54.871473148377845], [-1.6689479879569262, 54.872191794071114], [-1.6701930068666115, 54.872191794071114], [-1.6714380257762969, 54.87291043976438], [-1.6726830446859822, 54.87291043976438], [-1.6733055541408248, 54.87255111691775], [-1.6720605352311395, 54.87183247122448], [-1.6726830446859822, 54.871473148377845], [-1.6739280635956675, 54.872191794071114], [-1.6757955919601955, 54.87111382553121], [-1.6757955919601955, 54.87039517983794], [-1.676418101415038, 54.87003585699131], [-1.6776631203247234, 54.87003585699131], [-1.678285629779566, 54.86967653414467], [-1.6770406108698808, 54.868957888451405], [-1.6776631203247234, 54.86859856560477], [-1.6789081392344087, 54.86931721129804], [-1.680153158144094, 54.86931721129804], [-1.6807756675989367, 54.86967653414467], [-1.6807756675989367, 54.87039517983794], [-1.6813981770537794, 54.870754502684576], [-1.6826431959634647, 54.87003585699131], [-1.68388821487315, 54.87003585699131], [-1.6845107243279926, 54.87039517983794], [-1.6845107243279926, 54.87111382553121], [-1.6851332337828353, 54.871473148377845], [-1.6888682905118912, 54.871473148377845], [-1.6913583283312619, 54.87003585699131], [-1.6926033472409472, 54.87003585699131], [-1.6944708756054752, 54.868957888451405], [-1.6944708756054752, 54.86752059706487], [-1.6950933850603178, 54.86716127421823], [-1.6963384039700031, 54.8678799199115], [-1.7013184796087444, 54.8678799199115], [-1.701940989063587, 54.868239242758136], [-1.701940989063587, 54.868957888451405], [-1.7025634985184297, 54.86931721129804], [-1.7050535363378003, 54.86931721129804], [-1.7062985552474856, 54.86859856560477], [-1.707543574157171, 54.86859856560477], [-1.7100336119765416, 54.87003585699131], [-1.7106561214313842, 54.86967653414467], [-1.7106561214313842, 54.868957888451405], [-1.711278630886227, 54.86859856560477], [-1.7131461592507549, 54.86967653414467], [-1.7131461592507549, 54.87183247122448], [-1.7125236497959122, 54.872191794071114], [-1.7100336119765416, 54.872191794071114], [-1.709411102521699, 54.87255111691775], [-1.709411102521699, 54.87326976261102], [-1.7100336119765416, 54.87362908545765], [-1.7137686687055975, 54.87362908545765], [-1.7150136876152828, 54.87291043976438], [-1.7162587065249681, 54.87362908545765], [-1.7175037254346535, 54.87362908545765], [-1.7187487443443388, 54.87291043976438], [-1.7224838010733947, 54.87291043976438], [-1.72372881998308, 54.87362908545765], [-1.7243513294379227, 54.87326976261102], [-1.7243513294379227, 54.87255111691775], [-1.7249738388927653, 54.872191794071114], [-1.7262188578024507, 54.872191794071114], [-1.7268413672572933, 54.87255111691775], [-1.7268413672572933, 54.87614434538409], [-1.7262188578024507, 54.876503668230725], [-1.72372881998308, 54.876503668230725], [-1.7231063105282374, 54.87686299107736], [-1.7231063105282374, 54.879018928157166], [-1.721861291618552, 54.879737573850434], [-1.7231063105282374, 54.8804562195437], [-1.7231063105282374, 54.88117486523697], [-1.725596348347608, 54.88261215662351], [-1.7243513294379227, 54.88333080231678], [-1.7243513294379227, 54.884049448010046], [-1.7249738388927653, 54.88440877085668], [-1.727463876712136, 54.88440877085668], [-1.7287088956218213, 54.88369012516341], [-1.729331405076664, 54.884049448010046], [-1.729331405076664, 54.884768093703315], [-1.7280863861669786, 54.88548673939658], [-1.7280863861669786, 54.88764267647639], [-1.7268413672572933, 54.88836132216966], [-1.727463876712136, 54.88872064501629], [-1.7299539145315066, 54.88872064501629], [-1.7305764239863493, 54.88836132216966], [-1.7305764239863493, 54.88764267647639], [-1.731198933441192, 54.887283353629755], [-1.7336889712605625, 54.887283353629755], [-1.7368015185347758, 54.889079967862926], [-1.7368015185347758, 54.889798613556195], [-1.7374240279896185, 54.89015793640283], [-1.7380465374444611, 54.889798613556195], [-1.7380465374444611, 54.889079967862926], [-1.7386690468993038, 54.88872064501629], [-1.7392915563541465, 54.889079967862926], [-1.7392915563541465, 54.889798613556195], [-1.739914065808989, 54.89015793640283], [-1.743649122538045, 54.89015793640283], [-1.745516650902573, 54.89123590494273], [-1.7448941414477304, 54.89159522778937], [-1.7424041036283597, 54.89159522778937], [-1.7411590847186744, 54.892313873482635], [-1.739914065808989, 54.892313873482635], [-1.7392915563541465, 54.89267319632927], [-1.739914065808989, 54.893032519175904], [-1.7411590847186744, 54.893032519175904], [-1.741781594173517, 54.89339184202254], [-1.741781594173517, 54.89411048771581], [-1.7424041036283597, 54.89446981056244], [-1.7430266130832024, 54.89411048771581], [-1.7430266130832024, 54.89339184202254], [-1.7448941414477304, 54.892313873482635], [-1.7461391603574157, 54.892313873482635], [-1.747384179267101, 54.89159522778937], [-1.749251707631629, 54.89267319632927], [-1.749251707631629, 54.89339184202254], [-1.7498742170864716, 54.89375116486917], [-1.751119235996157, 54.89375116486917], [-1.7523642549058422, 54.89446981056244], [-1.7573443305445835, 54.89446981056244], [-1.7579668399994262, 54.89411048771581], [-1.7579668399994262, 54.89267319632927], [-1.7585893494542688, 54.892313873482635], [-1.7598343683639541, 54.892313873482635], [-1.7610793872736394, 54.89159522778937], [-1.7648144440026954, 54.89159522778937], [-1.7660594629123807, 54.8908765820961], [-1.767304481822066, 54.89159522778937], [-1.7679269912769087, 54.89123590494273], [-1.7679269912769087, 54.890517259249464], [-1.7685495007317513, 54.89015793640283], [-1.7697945196414366, 54.89015793640283], [-1.7704170290962793, 54.890517259249464], [-1.769172010186594, 54.89123590494273], [-1.769172010186594, 54.891954550636], [-1.7697945196414366, 54.892313873482635], [-1.771039538551122, 54.892313873482635], [-1.7716620480059646, 54.891954550636], [-1.7716620480059646, 54.890517259249464], [-1.7722845574608073, 54.89015793640283], [-1.7735295763704926, 54.8908765820961], [-1.7741520858253352, 54.890517259249464], [-1.7741520858253352, 54.889798613556195], [-1.774774595280178, 54.88943929070956], [-1.7753971047350205, 54.889798613556195], [-1.7753971047350205, 54.890517259249464], [-1.7766421236447059, 54.89123590494273], [-1.7753971047350205, 54.891954550636], [-1.7753971047350205, 54.89339184202254], [-1.7760196141898632, 54.89375116486917], [-1.7766421236447059, 54.89339184202254], [-1.7766421236447059, 54.89267319632927], [-1.7772646330995485, 54.892313873482635], [-1.7785096520092338, 54.893032519175904], [-1.7797546709189191, 54.893032519175904], [-1.7809996898286045, 54.89375116486917], [-1.7822447087382898, 54.89375116486917], [-1.7828672181931324, 54.89411048771581], [-1.7828672181931324, 54.894829133409075], [-1.7822447087382898, 54.89518845625571], [-1.7809996898286045, 54.89518845625571], [-1.7803771803737618, 54.895547779102344], [-1.7803771803737618, 54.89626642479561], [-1.7809996898286045, 54.89662574764225], [-1.7822447087382898, 54.89590710194898], [-1.783489727647975, 54.89590710194898], [-1.7841122371028177, 54.895547779102344], [-1.7841122371028177, 54.894829133409075], [-1.7847347465576604, 54.89446981056244], [-1.787224784377031, 54.89446981056244], [-1.7878472938318737, 54.894829133409075], [-1.7878472938318737, 54.89626642479561], [-1.7884698032867163, 54.89662574764225], [-1.7922048600157723, 54.89662574764225], [-1.7934498789254576, 54.89590710194898], [-1.794694897835143, 54.89590710194898], [-1.7953174072899856, 54.89626642479561], [-1.7940723883803003, 54.89698507048888], [-1.7953174072899856, 54.89770371618215], [-1.7940723883803003, 54.89842236187542], [-1.7940723883803003, 54.89914100756869], [-1.794694897835143, 54.89950033041532], [-1.7971849356545135, 54.89950033041532], [-1.7990524640190415, 54.900578298955224], [-1.7990524640190415, 54.90129694464849], [-1.7996749734738842, 54.90165626749513], [-1.8009199923835695, 54.90165626749513], [-1.8015425018384121, 54.90201559034176], [-1.8009199923835695, 54.902374913188396], [-1.7996749734738842, 54.902374913188396], [-1.7990524640190415, 54.90273423603503], [-1.7990524640190415, 54.9034528817283], [-1.7984299545641989, 54.90381220457493], [-1.7965624261996709, 54.90273423603503], [-1.7965624261996709, 54.90201559034176], [-1.7959399167448282, 54.90165626749513], [-1.7934498789254576, 54.90165626749513], [-1.7878472938318737, 54.904890173114836], [-1.789092312741559, 54.905608818808105], [-1.7866022749221884, 54.90704611019464], [-1.7897148221964017, 54.908842724427814], [-1.790959841106087, 54.908842724427814], [-1.7915823505609296, 54.90920204727445], [-1.7915823505609296, 54.910639338660985], [-1.792827369470615, 54.911357984354254], [-1.792827369470615, 54.91207663004752], [-1.7934498789254576, 54.91243595289416], [-1.794694897835143, 54.91243595289416], [-1.7953174072899856, 54.91279527574079], [-1.794694897835143, 54.913154598587425], [-1.7934498789254576, 54.913154598587425], [-1.7915823505609296, 54.91423256712733], [-1.7934498789254576, 54.91531053566723], [-1.7959399167448282, 54.91531053566723], [-1.7978074451093562, 54.916388504207134], [-1.7978074451093562, 54.9171071499004], [-1.7971849356545135, 54.91746647274704], [-1.7965624261996709, 54.9171071499004], [-1.7965624261996709, 54.916388504207134], [-1.7959399167448282, 54.9160291813605], [-1.7953174072899856, 54.916388504207134], [-1.7953174072899856, 54.91782579559367], [-1.7940723883803003, 54.91854444128694], [-1.7953174072899856, 54.91926308698021], [-1.7953174072899856, 54.91998173267348], [-1.7940723883803003, 54.920700378366746], [-1.7940723883803003, 54.921419024060015], [-1.7915823505609296, 54.92285631544655], [-1.7915823505609296, 54.92357496113982], [-1.792827369470615, 54.92429360683309], [-1.792827369470615, 54.925730898219626], [-1.7934498789254576, 54.92609022106626], [-1.794694897835143, 54.92609022106626], [-1.7953174072899856, 54.926449543912895], [-1.7953174072899856, 54.92788683529943], [-1.7965624261996709, 54.9286054809927], [-1.7965624261996709, 54.93004277237924], [-1.7959399167448282, 54.93040209522587], [-1.7934498789254576, 54.93040209522587], [-1.792827369470615, 54.93076141807251], [-1.7934498789254576, 54.93112074091914], [-1.794694897835143, 54.93112074091914], [-1.7959399167448282, 54.93183938661241], [-1.7971849356545135, 54.93183938661241], [-1.7984299545641989, 54.93255803230568], [-1.7996749734738842, 54.93183938661241], [-1.8009199923835695, 54.93183938661241], [-1.8027875207480974, 54.93291735515231], [-1.8027875207480974, 54.93363600084558], [-1.80341003020294, 54.933995323692216], [-1.805277558567468, 54.93291735515231], [-1.805277558567468, 54.932198709459044], [-1.8059000680223107, 54.93183938661241], [-1.807145086931996, 54.93183938661241], [-1.8077675963868387, 54.932198709459044], [-1.8077675963868387, 54.93291735515231], [-1.807145086931996, 54.93327667799895], [-1.8059000680223107, 54.93327667799895], [-1.805277558567468, 54.93363600084558], [-1.8059000680223107, 54.933995323692216], [-1.807145086931996, 54.933995323692216], [-1.8077675963868387, 54.93435464653885], [-1.8077675963868387, 54.93507329223212], [-1.8065225774771534, 54.93579193792539], [-1.807145086931996, 54.93615126077202], [-1.8121251625707373, 54.93615126077202], [-1.8133701814804226, 54.93543261507875], [-1.814615200390108, 54.93543261507875], [-1.8171052382094786, 54.933995323692216], [-1.8183502571191639, 54.933995323692216], [-1.8202177854836918, 54.93291735515231], [-1.8189727665740065, 54.932198709459044], [-1.8208402949385345, 54.93112074091914], [-1.8220853138482198, 54.93112074091914], [-1.8227078233030625, 54.93076141807251], [-1.8227078233030625, 54.93004277237924], [-1.8233303327579051, 54.929683449532604], [-1.825197861122433, 54.93076141807251], [-1.8227078233030625, 54.932198709459044], [-1.8239528422127478, 54.93291735515231], [-1.8227078233030625, 54.93363600084558], [-1.8227078233030625, 54.93507329223212], [-1.8233303327579051, 54.93543261507875], [-1.8245753516675904, 54.934713969385484], [-1.8258203705772758, 54.934713969385484], [-1.827065389486961, 54.933995323692216], [-1.828932917851489, 54.93507329223212], [-1.8276878989418037, 54.93579193792539], [-1.8276878989418037, 54.936510583618656], [-1.8301779367611744, 54.93794787500519], [-1.8301779367611744, 54.940103812085], [-1.8295554273063317, 54.94046313493163], [-1.8283104083966464, 54.94046313493163], [-1.8276878989418037, 54.94082245777827], [-1.8276878989418037, 54.941541103471536], [-1.8283104083966464, 54.94190042631817], [-1.830800446216017, 54.94190042631817], [-1.8320454651257023, 54.94261907201144], [-1.8332904840353876, 54.94261907201144], [-1.8339129934902303, 54.94297839485807], [-1.8339129934902303, 54.94369704055134], [-1.834535502945073, 54.944056363397976], [-1.8357805218547583, 54.944056363397976], [-1.836403031309601, 54.94369704055134], [-1.836403031309601, 54.94297839485807], [-1.8370255407644436, 54.94261907201144], [-1.838270559674129, 54.94261907201144], [-1.8395155785838142, 54.94333771770471], [-1.8420056164031848, 54.94333771770471], [-1.8432506353128701, 54.94261907201144], [-1.8457406731322408, 54.94261907201144], [-1.8463631825870834, 54.94297839485807], [-1.8451181636773981, 54.94369704055134], [-1.8463631825870834, 54.94441568624461], [-1.8463631825870834, 54.94657162332442], [-1.8451181636773981, 54.947290269017685], [-1.8451181636773981, 54.94872756040422], [-1.8463631825870834, 54.94944620609749], [-1.8451181636773981, 54.95016485179076], [-1.8451181636773981, 54.952320788870566], [-1.8420056164031848, 54.95411740310374], [-1.8407605974934995, 54.95411740310374], [-1.8401380880386569, 54.95447672595037], [-1.8401380880386569, 54.95519537164364], [-1.8388930691289715, 54.95591401733691], [-1.8388930691289715, 54.95663266303018], [-1.8407605974934995, 54.95771063157008], [-1.8444956542225555, 54.95771063157008], [-1.8457406731322408, 54.95842927726335], [-1.846985692041926, 54.95771063157008], [-1.8532107865903527, 54.95771063157008], [-1.8550783149548806, 54.95878860010998], [-1.8550783149548806, 54.95950724580325], [-1.8557008244097233, 54.959866568649886], [-1.8606809000484645, 54.959866568649886], [-1.8613034095033072, 54.96022589149652], [-1.8600583905936219, 54.96094453718979], [-1.8606809000484645, 54.96130386003642], [-1.8644159567775205, 54.96130386003642], [-1.8650384662323631, 54.96166318288306], [-1.8637934473226778, 54.962381828576326], [-1.8637934473226778, 54.963100474269595], [-1.8656609756872058, 54.9641784428095], [-1.866905994596891, 54.9641784428095], [-1.8681510135065764, 54.96345979711623], [-1.8693960324162617, 54.96345979711623], [-1.8700185418711044, 54.963819119962864], [-1.8700185418711044, 54.9652564113494], [-1.870641051325947, 54.965615734196035], [-1.8768661458743736, 54.965615734196035], [-1.8774886553292163, 54.96597505704267], [-1.8768661458743736, 54.966334379889304], [-1.8756211269646883, 54.966334379889304], [-1.8749986175098456, 54.96669370273594], [-1.8749986175098456, 54.96741234842921], [-1.8737535986001603, 54.968130994122475], [-1.8737535986001603, 54.968849639815744], [-1.8712635607807897, 54.97028693120228], [-1.872508579690475, 54.97100557689555], [-1.8718860702356324, 54.971364899742184], [-1.870641051325947, 54.971364899742184], [-1.8700185418711044, 54.97172422258882], [-1.8700185418711044, 54.97244286828209], [-1.8693960324162617, 54.97280219112872], [-1.8656609756872058, 54.97280219112872], [-1.8650384662323631, 54.973161513975356], [-1.8650384662323631, 54.973880159668624], [-1.8631709378678352, 54.97495812820853], [-1.8594358811387792, 54.97495812820853], [-1.8569458433194086, 54.976395419595065], [-1.8557008244097233, 54.976395419595065], [-1.85258827713551, 54.978192033828236], [-1.85258827713551, 54.978910679521505], [-1.8519657676806673, 54.97927000236814], [-1.850720748770982, 54.97927000236814], [-1.8500982393161394, 54.97962932521477], [-1.8500982393161394, 54.98034797090804], [-1.8513432582258247, 54.98106661660131], [-1.8513432582258247, 54.98178526229458], [-1.8500982393161394, 54.98250390798785], [-1.850720748770982, 54.98286323083448], [-1.8557008244097233, 54.98286323083448], [-1.8588133716839366, 54.984659845067654], [-1.8588133716839366, 54.98537849076092], [-1.8594358811387792, 54.98573781360756], [-1.8606809000484645, 54.98573781360756], [-1.8619259189581499, 54.98501916791429], [-1.8631709378678352, 54.98501916791429], [-1.8637934473226778, 54.98537849076092], [-1.8637934473226778, 54.98609713645419], [-1.8644159567775205, 54.986456459300825], [-1.866905994596891, 54.986456459300825], [-1.8681510135065764, 54.98573781360756], [-1.8693960324162617, 54.98573781360756], [-1.8700185418711044, 54.98609713645419], [-1.8700185418711044, 54.98681578214746], [-1.8712635607807897, 54.98753442784073], [-1.870641051325947, 54.98789375068736], [-1.8693960324162617, 54.987175104994094], [-1.868773522961419, 54.98753442784073], [-1.868773522961419, 54.988253073534], [-1.8700185418711044, 54.988971719227266], [-1.8693960324162617, 54.9893310420739], [-1.866905994596891, 54.98789375068736], [-1.8644159567775205, 54.98789375068736], [-1.8637934473226778, 54.988253073534], [-1.8637934473226778, 54.988971719227266], [-1.8631709378678352, 54.9893310420739], [-1.8619259189581499, 54.9893310420739], [-1.8613034095033072, 54.988971719227266], [-1.8613034095033072, 54.988253073534], [-1.8606809000484645, 54.98789375068736], [-1.8588133716839366, 54.988971719227266], [-1.8588133716839366, 54.9904090106138], [-1.8606809000484645, 54.991486979153706], [-1.8619259189581499, 54.991486979153706], [-1.8625484284129925, 54.99184630200034], [-1.8625484284129925, 54.99256494769361], [-1.8619259189581499, 54.99292427054024], [-1.8594358811387792, 54.991486979153706], [-1.8569458433194086, 54.991486979153706], [-1.8557008244097233, 54.992205624846974], [-1.854455805500038, 54.991486979153706], [-1.8538332960451953, 54.99184630200034], [-1.8538332960451953, 54.99256494769361], [-1.856323333864566, 54.994002239080146], [-1.8550783149548806, 54.994720884773415], [-1.8550783149548806, 54.99687682185322], [-1.850720748770982, 54.99939208177966], [-1.8494757298612967, 54.99939208177966], [-1.8476082014967687, 54.99831411323976], [-1.8476082014967687, 54.99687682185322], [-1.8494757298612967, 54.99579885331332], [-1.850720748770982, 54.99579885331332], [-1.8513432582258247, 54.99543953046668], [-1.8494757298612967, 54.99436156192678], [-1.846985692041926, 54.99579885331332], [-1.8463631825870834, 54.99543953046668], [-1.8463631825870834, 54.99328359338688], [-1.8451181636773981, 54.99256494769361], [-1.8451181636773981, 54.99184630200034], [-1.8444956542225555, 54.991486979153706], [-1.8438731447677128, 54.99184630200034], [-1.8438731447677128, 54.99687682185322], [-1.8451181636773981, 54.99759546754649], [-1.8451181636773981, 54.999751404626295], [-1.846985692041926, 55.0008293731662], [-1.8482307109516114, 55.0008293731662], [-1.8494757298612967, 55.00154801885947], [-1.8519657676806673, 55.00154801885947], [-1.85258827713551, 55.0019073417061], [-1.85258827713551, 55.00262598739937], [-1.8532107865903527, 55.002985310246004], [-1.8569458433194086, 55.002985310246004], [-1.8588133716839366, 55.00406327878591], [-1.8588133716839366, 55.004781924479175], [-1.8594358811387792, 55.00514124732581], [-1.8606809000484645, 55.00442260163254], [-1.8625484284129925, 55.005500570172444], [-1.8625484284129925, 55.00693786155898], [-1.8637934473226778, 55.00765650725225], [-1.8631709378678352, 55.008015830098884], [-1.8619259189581499, 55.007297184405616], [-1.8600583905936219, 55.00837515294552], [-1.8600583905936219, 55.00909379863879], [-1.858190862229094, 55.01017176717869], [-1.8569458433194086, 55.01017176717869], [-1.8557008244097233, 55.00945312148542], [-1.8550783149548806, 55.009812444332056], [-1.8550783149548806, 55.010531090025324], [-1.8532107865903527, 55.01160905856523], [-1.8519657676806673, 55.01160905856523], [-1.8513432582258247, 55.01196838141186], [-1.8513432582258247, 55.01268702710513], [-1.8538332960451953, 55.01412431849167], [-1.85258827713551, 55.014842964184936], [-1.85258827713551, 55.015561609878205], [-1.8519657676806673, 55.01592093272484], [-1.8494757298612967, 55.01592093272484], [-1.8482307109516114, 55.01520228703157], [-1.8476082014967687, 55.015561609878205], [-1.8476082014967687, 55.01771754695801], [-1.8444956542225555, 55.01951416119118], [-1.8420056164031848, 55.01951416119118], [-1.8413831069483422, 55.01987348403782], [-1.8413831069483422, 55.020592129731085], [-1.8432506353128701, 55.02167009827099], [-1.8444956542225555, 55.02095145257772], [-1.8457406731322408, 55.02095145257772], [-1.848853220406454, 55.02274806681089], [-1.8476082014967687, 55.02346671250416], [-1.8476082014967687, 55.02418535819743], [-1.8457406731322408, 55.02526332673733], [-1.8444956542225555, 55.02526332673733], [-1.8432506353128701, 55.02454468104406], [-1.8332904840353876, 55.02454468104406], [-1.8314229556708597, 55.025622649583966], [-1.8314229556708597, 55.026341295277234], [-1.8320454651257023, 55.02670061812387], [-1.8332904840353876, 55.0259819724306], [-1.8357805218547583, 55.0259819724306], [-1.8376480502192862, 55.0270599409705], [-1.836403031309601, 55.02777858666377], [-1.836403031309601, 55.02921587805031], [-1.8357805218547583, 55.02957520089694], [-1.8332904840353876, 55.02957520089694], [-1.832667974580545, 55.02993452374358], [-1.8357805218547583, 55.03173113797675], [-1.838270559674129, 55.03173113797675], [-1.8401380880386569, 55.03280910651665], [-1.8401380880386569, 55.03496504359646], [-1.838270559674129, 55.03604301213636], [-1.834535502945073, 55.03604301213636], [-1.8339129934902303, 55.036402334982995], [-1.8339129934902303, 55.037120980676264], [-1.8332904840353876, 55.0374803035229], [-1.8295554273063317, 55.0374803035229], [-1.8283104083966464, 55.03676165782963], [-1.827065389486961, 55.03676165782963], [-1.8264428800321184, 55.037120980676264], [-1.8264428800321184, 55.03783962636953], [-1.827065389486961, 55.03819894921617], [-1.8283104083966464, 55.03819894921617], [-1.828932917851489, 55.0385582720628], [-1.828932917851489, 55.03999556344934], [-1.8295554273063317, 55.04035488629597], [-1.8320454651257023, 55.04035488629597], [-1.832667974580545, 55.04071420914261], [-1.832667974580545, 55.041432854835875], [-1.8339129934902303, 55.042151500529144], [-1.8339129934902303, 55.04287014622241], [-1.8320454651257023, 55.043948114762316], [-1.8295554273063317, 55.043948114762316], [-1.8283104083966464, 55.044666760455584], [-1.8245753516675904, 55.044666760455584], [-1.8227078233030625, 55.04574472899549], [-1.8245753516675904, 55.04682269753539], [-1.825197861122433, 55.046463374688756], [-1.825197861122433, 55.04574472899549], [-1.8258203705772758, 55.04538540614885], [-1.8264428800321184, 55.04574472899549], [-1.8264428800321184, 55.046463374688756], [-1.825197861122433, 55.047182020382024], [-1.825197861122433, 55.04861931176856], [-1.8245753516675904, 55.048978634615196], [-1.8233303327579051, 55.048978634615196], [-1.8227078233030625, 55.04933795746183], [-1.8227078233030625, 55.05077524884837], [-1.8220853138482198, 55.051134571695], [-1.8183502571191639, 55.051134571695], [-1.8171052382094786, 55.05185321738827], [-1.8158602192997932, 55.05185321738827], [-1.814615200390108, 55.05257186308154], [-1.8133701814804226, 55.05257186308154], [-1.8115026531158946, 55.051493894541636], [-1.8115026531158946, 55.05077524884837], [-1.8096351247513667, 55.049697280308465], [-1.8083901058416814, 55.049697280308465], [-1.807145086931996, 55.05041592600173], [-1.80341003020294, 55.05041592600173], [-1.8021650112932548, 55.051134571695], [-1.8009199923835695, 55.051134571695], [-1.7996749734738842, 55.05185321738827], [-1.7971849356545135, 55.05185321738827], [-1.7959399167448282, 55.05257186308154], [-1.794694897835143, 55.05257186308154], [-1.7934498789254576, 55.05329050877481], [-1.7922048600157723, 55.05329050877481], [-1.7903373316512443, 55.05436847731471], [-1.790959841106087, 55.054727800161345], [-1.7922048600157723, 55.054727800161345], [-1.7934498789254576, 55.055446445854614], [-1.794694897835143, 55.055446445854614], [-1.7965624261996709, 55.05652441439452], [-1.7953174072899856, 55.057243060087785], [-1.7959399167448282, 55.05760238293442], [-1.7984299545641989, 55.05760238293442], [-1.7990524640190415, 55.057961705781054], [-1.7990524640190415, 55.05939899716759], [-1.7996749734738842, 55.059758320014225], [-1.8002974829287268, 55.05939899716759], [-1.8002974829287268, 55.05868035147432], [-1.8021650112932548, 55.05760238293442], [-1.805277558567468, 55.05939899716759], [-1.805277558567468, 55.06011764286086], [-1.8065225774771534, 55.06083628855413], [-1.8065225774771534, 55.0615549342474], [-1.8083901058416814, 55.0626329027873], [-1.8121251625707373, 55.0626329027873], [-1.8139926909352653, 55.0637108713272], [-1.8121251625707373, 55.064788839867106], [-1.8096351247513667, 55.064788839867106], [-1.809012615296524, 55.06514816271374], [-1.8102576342062093, 55.06586680840701], [-1.8077675963868387, 55.067304099793546], [-1.8083901058416814, 55.06766342264018], [-1.8096351247513667, 55.06766342264018], [-1.8102576342062093, 55.068022745486815], [-1.8102576342062093, 55.06874139118008], [-1.809012615296524, 55.06946003687335], [-1.8096351247513667, 55.069819359719986], [-1.810880143661052, 55.069819359719986], [-1.81274767202558, 55.07089732825989], [-1.8121251625707373, 55.07125665110652], [-1.810880143661052, 55.07125665110652], [-1.8096351247513667, 55.07197529679979], [-1.8083901058416814, 55.07197529679979], [-1.8077675963868387, 55.07161597395316], [-1.8077675963868387, 55.06946003687335], [-1.8065225774771534, 55.06874139118008], [-1.8065225774771534, 55.068022745486815], [-1.8059000680223107, 55.06766342264018], [-1.8046550491126254, 55.06766342264018], [-1.8040325396577828, 55.067304099793546], [-1.805277558567468, 55.06658545410028], [-1.8046550491126254, 55.06622613125364], [-1.8021650112932548, 55.06622613125364], [-1.8015425018384121, 55.06658545410028], [-1.8015425018384121, 55.06946003687335], [-1.8021650112932548, 55.069819359719986], [-1.80341003020294, 55.06910071402672], [-1.8046550491126254, 55.06910071402672], [-1.8065225774771534, 55.07017868256662], [-1.8065225774771534, 55.073053265339695], [-1.8077675963868387, 55.07377191103296], [-1.8077675963868387, 55.07449055672623], [-1.8059000680223107, 55.075568525266135], [-1.8040325396577828, 55.07449055672623], [-1.8040325396577828, 55.073053265339695], [-1.80341003020294, 55.07269394249306], [-1.8027875207480974, 55.073053265339695], [-1.8027875207480974, 55.0752092024195], [-1.8015425018384121, 55.07592784811277], [-1.8015425018384121, 55.07664649380604], [-1.80341003020294, 55.07772446234594], [-1.8046550491126254, 55.07700581665267], [-1.8065225774771534, 55.078083785192575], [-1.805277558567468, 55.078802430885844], [-1.8065225774771534, 55.07952107657911], [-1.8065225774771534, 55.08095836796565], [-1.8059000680223107, 55.081317690812284], [-1.80341003020294, 55.07988039942575], [-1.8021650112932548, 55.07988039942575], [-1.8009199923835695, 55.07916175373248], [-1.7996749734738842, 55.07916175373248], [-1.7984299545641989, 55.07844310803921], [-1.7922048600157723, 55.07844310803921], [-1.7915823505609296, 55.078083785192575], [-1.7915823505609296, 55.07592784811277], [-1.7922048600157723, 55.075568525266135], [-1.794694897835143, 55.075568525266135], [-1.7953174072899856, 55.0752092024195], [-1.794694897835143, 55.07484987957287], [-1.790959841106087, 55.07484987957287], [-1.7884698032867163, 55.07341258818633], [-1.787224784377031, 55.07341258818633], [-1.7859797654673457, 55.07269394249306], [-1.7847347465576604, 55.07269394249306], [-1.783489727647975, 55.07197529679979], [-1.7797546709189191, 55.07197529679979], [-1.7772646330995485, 55.07341258818633], [-1.7735295763704926, 55.07341258818633], [-1.7716620480059646, 55.07449055672623], [-1.7716620480059646, 55.07664649380604], [-1.7722845574608073, 55.07700581665267], [-1.774774595280178, 55.07700581665267], [-1.7760196141898632, 55.07772446234594], [-1.7772646330995485, 55.07772446234594], [-1.7797546709189191, 55.076287170959404], [-1.7809996898286045, 55.076287170959404], [-1.7822447087382898, 55.07700581665267], [-1.7859797654673457, 55.07700581665267], [-1.7866022749221884, 55.07736513949931], [-1.7866022749221884, 55.078083785192575], [-1.7847347465576604, 55.07916175373248], [-1.783489727647975, 55.07916175373248], [-1.7822447087382898, 55.07988039942575], [-1.7809996898286045, 55.07988039942575], [-1.7797546709189191, 55.080599045119015], [-1.7772646330995485, 55.080599045119015], [-1.7766421236447059, 55.08095836796565], [-1.7766421236447059, 55.08167701365892], [-1.774774595280178, 55.08275498219882], [-1.771039538551122, 55.08275498219882], [-1.7704170290962793, 55.083114305045456], [-1.771039538551122, 55.08347362789209], [-1.7735295763704926, 55.08347362789209], [-1.7741520858253352, 55.083832950738724], [-1.7741520858253352, 55.08455159643199], [-1.774774595280178, 55.08491091927863], [-1.7760196141898632, 55.08491091927863], [-1.7791321614640765, 55.0867075335118], [-1.7791321614640765, 55.08742617920507], [-1.7772646330995485, 55.08850414774497], [-1.7760196141898632, 55.08850414774497], [-1.7753971047350205, 55.088863470591605], [-1.7778871425543912, 55.09030076197814], [-1.7778871425543912, 55.09101940767141], [-1.7772646330995485, 55.091378730518045], [-1.7760196141898632, 55.091378730518045], [-1.7753971047350205, 55.09101940767141], [-1.7753971047350205, 55.08958211628487], [-1.7722845574608073, 55.0877855020517], [-1.7704170290962793, 55.088863470591605], [-1.7704170290962793, 55.08958211628487], [-1.7679269912769087, 55.09101940767141], [-1.7679269912769087, 55.09173805336468], [-1.767304481822066, 55.09209737621131], [-1.76356942509301, 55.09209737621131], [-1.7623244061833248, 55.091378730518045], [-1.7598343683639541, 55.091378730518045], [-1.7585893494542688, 55.09209737621131], [-1.7573443305445835, 55.09209737621131], [-1.7560993116348982, 55.09281602190458], [-1.7548542927252129, 55.09281602190458], [-1.7542317832703702, 55.09245669905795], [-1.7542317832703702, 55.09173805336468], [-1.752986764360685, 55.09101940767141], [-1.7542317832703702, 55.09030076197814], [-1.7542317832703702, 55.08958211628487], [-1.7554768021800555, 55.088863470591605], [-1.7554768021800555, 55.088144824898336], [-1.7567218210897408, 55.08742617920507], [-1.7554768021800555, 55.0867075335118], [-1.7554768021800555, 55.08598888781853], [-1.7548542927252129, 55.085629564971896], [-1.751119235996157, 55.085629564971896], [-1.7504967265413143, 55.08598888781853], [-1.7517417454509996, 55.0867075335118], [-1.7517417454509996, 55.088144824898336], [-1.751119235996157, 55.08850414774497], [-1.7498742170864716, 55.08850414774497], [-1.7486291981767863, 55.08922279343824], [-1.747384179267101, 55.08850414774497], [-1.743649122538045, 55.08850414774497], [-1.7430266130832024, 55.088863470591605], [-1.7442716319928877, 55.08958211628487], [-1.7442716319928877, 55.09030076197814], [-1.7424041036283597, 55.091378730518045], [-1.7411590847186744, 55.091378730518045], [-1.7405365752638318, 55.09101940767141], [-1.7405365752638318, 55.09030076197814], [-1.739914065808989, 55.08994143913151], [-1.7386690468993038, 55.08994143913151], [-1.7380465374444611, 55.08958211628487], [-1.7380465374444611, 55.088863470591605], [-1.7374240279896185, 55.08850414774497], [-1.7361790090799332, 55.08850414774497], [-1.7349339901702479, 55.0877855020517], [-1.7336889712605625, 55.08850414774497], [-1.7324439523508772, 55.08850414774497], [-1.7287088956218213, 55.086348210665165], [-1.727463876712136, 55.086348210665165], [-1.7268413672572933, 55.0867075335118], [-1.7268413672572933, 55.08958211628487], [-1.7249738388927653, 55.090660084824776], [-1.72372881998308, 55.090660084824776], [-1.719993763254024, 55.09281602190458], [-1.7187487443443388, 55.09281602190458], [-1.7181262348894961, 55.09317534475122], [-1.7206162727088667, 55.094612636137754], [-1.7206162727088667, 55.09604992752429], [-1.7181262348894961, 55.09748721891083], [-1.7181262348894961, 55.0982058646041], [-1.719993763254024, 55.099283833144], [-1.7212387821637094, 55.099283833144], [-1.7231063105282374, 55.1003618016839], [-1.721861291618552, 55.10108044737717], [-1.721861291618552, 55.10179909307044], [-1.719993763254024, 55.10287706161034], [-1.7187487443443388, 55.10287706161034], [-1.7181262348894961, 55.10323638445698], [-1.7181262348894961, 55.103955030150246], [-1.7162587065249681, 55.10503299869015], [-1.7143911781604402, 55.103955030150246], [-1.7143911781604402, 55.10251773876371], [-1.7150136876152828, 55.102158415917074], [-1.7162587065249681, 55.102158415917074], [-1.7175037254346535, 55.10287706161034], [-1.7181262348894961, 55.10251773876371], [-1.7181262348894961, 55.10179909307044], [-1.7175037254346535, 55.101439770223806], [-1.7150136876152828, 55.101439770223806], [-1.7125236497959122, 55.10000247883727], [-1.711278630886227, 55.10000247883727], [-1.709411102521699, 55.10108044737717], [-1.709411102521699, 55.10179909307044], [-1.7100336119765416, 55.102158415917074], [-1.7125236497959122, 55.102158415917074], [-1.7131461592507549, 55.10251773876371], [-1.7131461592507549, 55.10539232153678], [-1.7125236497959122, 55.10575164438342], [-1.711278630886227, 55.10575164438342], [-1.7100336119765416, 55.10503299869015], [-1.709411102521699, 55.10539232153678], [-1.709411102521699, 55.10754825861659], [-1.7087885930668563, 55.10790758146322], [-1.7050535363378003, 55.10790758146322], [-1.7044310268829577, 55.10754825861659], [-1.7044310268829577, 55.10611096723005], [-1.705676045792643, 55.10539232153678], [-1.7031860079732724, 55.103955030150246], [-1.7031860079732724, 55.10323638445698], [-1.701940989063587, 55.10251773876371], [-1.701940989063587, 55.10179909307044], [-1.700073460699059, 55.10072112453054], [-1.6975834228796884, 55.10072112453054], [-1.6969609134248458, 55.10108044737717], [-1.698205932334531, 55.10179909307044], [-1.698205932334531, 55.10323638445698], [-1.6975834228796884, 55.10359570730361], [-1.6926033472409472, 55.10359570730361], [-1.6919808377861045, 55.10323638445698], [-1.6919808377861045, 55.10251773876371], [-1.6932258566957898, 55.10179909307044], [-1.6932258566957898, 55.10108044737717], [-1.6926033472409472, 55.10072112453054], [-1.6913583283312619, 55.101439770223806], [-1.6888682905118912, 55.101439770223806], [-1.6882457810570486, 55.10179909307044], [-1.6882457810570486, 55.10323638445698], [-1.6863782526925206, 55.10431435299688], [-1.68388821487315, 55.10431435299688], [-1.6832657054183073, 55.104673675843515], [-1.6832657054183073, 55.10611096723005], [-1.6826431959634647, 55.106470290076686], [-1.680153158144094, 55.106470290076686], [-1.6795306486892514, 55.10682961292332], [-1.680153158144094, 55.107188935769955], [-1.6813981770537794, 55.107188935769955], [-1.6826431959634647, 55.10790758146322], [-1.68388821487315, 55.10790758146322], [-1.6845107243279926, 55.10754825861659], [-1.6845107243279926, 55.10682961292332], [-1.6863782526925206, 55.10575164438342], [-1.6882457810570486, 55.10682961292332], [-1.6882457810570486, 55.10754825861659], [-1.689490799966734, 55.10826690430986], [-1.689490799966734, 55.109704195696395], [-1.6882457810570486, 55.11042284138966], [-1.6888682905118912, 55.1107821642363], [-1.6938483661506325, 55.1107821642363], [-1.6944708756054752, 55.11114148708293], [-1.6938483661506325, 55.11150080992957], [-1.6926033472409472, 55.11150080992957], [-1.6919808377861045, 55.1118601327762], [-1.6919808377861045, 55.11257877846947], [-1.6913583283312619, 55.112938101316104], [-1.6888682905118912, 55.112938101316104], [-1.687623271602206, 55.112219455622835], [-1.685755743237678, 55.11329742416274], [-1.685755743237678, 55.11401606985601], [-1.6845107243279926, 55.114734715549275], [-1.6845107243279926, 55.115453361242544], [-1.6826431959634647, 55.11653132978245], [-1.6795306486892514, 55.114734715549275], [-1.6795306486892514, 55.11329742416274], [-1.6789081392344087, 55.112938101316104], [-1.6751730825053528, 55.112938101316104], [-1.6745505730505101, 55.11329742416274], [-1.6745505730505101, 55.11617200693581], [-1.6739280635956675, 55.11653132978245], [-1.6726830446859822, 55.11653132978245], [-1.6720605352311395, 55.11689065262908], [-1.6720605352311395, 55.11904658970889], [-1.6726830446859822, 55.11940591255552], [-1.6739280635956675, 55.11940591255552], [-1.6757955919601955, 55.120483881095424], [-1.6739280635956675, 55.12156184963533], [-1.6726830446859822, 55.12156184963533], [-1.6720605352311395, 55.12192117248196], [-1.6720605352311395, 55.12263981817523], [-1.6726830446859822, 55.122999141021864], [-1.6739280635956675, 55.122999141021864], [-1.6745505730505101, 55.1233584638685], [-1.6739280635956675, 55.12371778671513], [-1.6726830446859822, 55.12371778671513], [-1.6714380257762969, 55.122999141021864], [-1.6701930068666115, 55.122999141021864], [-1.6689479879569262, 55.122280495328596], [-1.667702969047241, 55.122280495328596], [-1.6664579501375556, 55.122999141021864], [-1.663967912318185, 55.12156184963533], [-1.6614778744988143, 55.12156184963533], [-1.6608553650439717, 55.12120252678869], [-1.6608553650439717, 55.120483881095424], [-1.660232855589129, 55.12012455824879], [-1.6589878366794437, 55.12012455824879], [-1.6571203083149157, 55.11904658970889], [-1.660232855589129, 55.117249975475715], [-1.6627228934084997, 55.117249975475715], [-1.6633454028633423, 55.11689065262908], [-1.6633454028633423, 55.11617200693581], [-1.662100383953657, 55.115453361242544], [-1.662100383953657, 55.114734715549275], [-1.6596103461342864, 55.11329742416274], [-1.6596103461342864, 55.1118601327762], [-1.6577428177697584, 55.1107821642363], [-1.6527627421310171, 55.1107821642363], [-1.6515177232213318, 55.11150080992957], [-1.647782666492276, 55.11150080992957], [-1.6465376475825906, 55.112219455622835], [-1.636577496305108, 55.112219455622835], [-1.63470996794058, 55.11329742416274], [-1.63470996794058, 55.11617200693581], [-1.6334649490308948, 55.11689065262908], [-1.6334649490308948, 55.119765235402156], [-1.6322199301212095, 55.120483881095424], [-1.6322199301212095, 55.12192117248196], [-1.6303524017566815, 55.122999141021864], [-1.6291073828469962, 55.122999141021864], [-1.6247498166630976, 55.120483881095424], [-1.6247498166630976, 55.119765235402156], [-1.624127307208255, 55.11940591255552], [-1.620392250479199, 55.11940591255552], [-1.6191472315695137, 55.12012455824879], [-1.6179022126598284, 55.12012455824879], [-1.6154121748404577, 55.12156184963533], [-1.6141671559307724, 55.12156184963533], [-1.6135446464759298, 55.12120252678869], [-1.6135446464759298, 55.119765235402156], [-1.614789665385615, 55.11904658970889], [-1.6135446464759298, 55.11832794401562], [-1.6160346842953004, 55.11689065262908], [-1.6154121748404577, 55.11653132978245], [-1.6141671559307724, 55.11653132978245], [-1.6122996275662445, 55.115453361242544], [-1.612922137021087, 55.11509403839591], [-1.6141671559307724, 55.11509403839591], [-1.614789665385615, 55.114734715549275], [-1.6135446464759298, 55.11401606985601], [-1.6135446464759298, 55.11329742416274], [-1.6141671559307724, 55.112938101316104], [-1.6179022126598284, 55.112938101316104], [-1.618524722114671, 55.11257877846947], [-1.6160346842953004, 55.11114148708293], [-1.6160346842953004, 55.108985550003126], [-1.6141671559307724, 55.10790758146322], [-1.6116771181114018, 55.10790758146322], [-1.6091870802920312, 55.10934487284976], [-1.6066970424726605, 55.10934487284976], [-1.60420700465329, 55.10790758146322], [-1.600471947924234, 55.10790758146322], [-1.5992269290145487, 55.10862622715649], [-1.5954918722854927, 55.10862622715649], [-1.5942468533758074, 55.10790758146322], [-1.593001834466122, 55.10790758146322], [-1.5917568155564368, 55.107188935769955], [-1.5911343061015941, 55.10754825861659], [-1.5911343061015941, 55.10826690430986], [-1.5898892871919088, 55.108985550003126], [-1.5898892871919088, 55.1118601327762], [-1.5892667777370661, 55.112219455622835], [-1.5867767399176955, 55.112219455622835], [-1.5849092115531676, 55.11114148708293], [-1.5849092115531676, 55.11042284138966], [-1.584286702098325, 55.11006351854303], [-1.5836641926434822, 55.11042284138966], [-1.5836641926434822, 55.11114148708293], [-1.5830416831886396, 55.11150080992957], [-1.5817966642789543, 55.11150080992957], [-1.5811741548241116, 55.1118601327762], [-1.5811741548241116, 55.11257877846947], [-1.582419173733797, 55.11329742416274], [-1.582419173733797, 55.115453361242544], [-1.5793066264595836, 55.117249975475715], [-1.578684117004741, 55.11689065262908], [-1.578684117004741, 55.11617200693581], [-1.5799291359144263, 55.115453361242544], [-1.5799291359144263, 55.114734715549275], [-1.5793066264595836, 55.11437539270264], [-1.5780616075498983, 55.11509403839591], [-1.576816588640213, 55.11437539270264], [-1.5761940791853704, 55.114734715549275], [-1.5761940791853704, 55.11617200693581], [-1.5774390980950557, 55.11689065262908], [-1.5774390980950557, 55.11832794401562], [-1.5761940791853704, 55.11904658970889], [-1.5774390980950557, 55.119765235402156], [-1.5774390980950557, 55.12120252678869], [-1.578684117004741, 55.12192117248196], [-1.578684117004741, 55.12263981817523], [-1.5780616075498983, 55.122999141021864], [-1.5761940791853704, 55.12192117248196], [-1.5761940791853704, 55.12120252678869], [-1.574949060275685, 55.120483881095424], [-1.574949060275685, 55.119765235402156], [-1.5724590224563144, 55.11832794401562], [-1.5724590224563144, 55.11760929832235], [-1.5693464751821011, 55.11581268408918], [-1.5687239657272585, 55.11617200693581], [-1.5687239657272585, 55.11760929832235], [-1.5668564373627305, 55.11868726686225], [-1.5643663995433599, 55.117249975475715], [-1.5637438900885172, 55.11760929832235], [-1.5637438900885172, 55.11832794401562], [-1.5649889089982025, 55.11904658970889], [-1.5649889089982025, 55.119765235402156], [-1.5643663995433599, 55.12012455824879], [-1.5637438900885172, 55.119765235402156], [-1.5637438900885172, 55.11904658970889], [-1.5631213806336746, 55.11868726686225], [-1.5618763617239892, 55.11868726686225], [-1.560631342814304, 55.117968621168984], [-1.5593863239046186, 55.117968621168984], [-1.5581413049949333, 55.11868726686225], [-1.556896286085248, 55.11868726686225], [-1.5556512671755627, 55.117968621168984], [-1.5544062482658774, 55.11868726686225], [-1.5525387199013494, 55.11760929832235], [-1.5556512671755627, 55.11581268408918], [-1.556896286085248, 55.11581268408918], [-1.5575187955400907, 55.115453361242544], [-1.5575187955400907, 55.114734715549275], [-1.556896286085248, 55.11437539270264], [-1.5519162104465067, 55.11437539270264], [-1.5506711915368214, 55.11509403839591], [-1.5494261726271361, 55.11509403839591], [-1.5488036631722935, 55.114734715549275], [-1.5488036631722935, 55.11401606985601], [-1.553161229356192, 55.11150080992957], [-1.5556512671755627, 55.11150080992957], [-1.5562737766304053, 55.11114148708293], [-1.5556512671755627, 55.1107821642363], [-1.5506711915368214, 55.1107821642363], [-1.5494261726271361, 55.11150080992957], [-1.5469361348077655, 55.11150080992957], [-1.5456911158980802, 55.112219455622835], [-1.5444460969883949, 55.112219455622835], [-1.5425785686238669, 55.11114148708293], [-1.5425785686238669, 55.108985550003126], [-1.5394660213496536, 55.107188935769955], [-1.5344859457109123, 55.107188935769955], [-1.5338634362560697, 55.10754825861659], [-1.5338634362560697, 55.108985550003126], [-1.533240926801227, 55.10934487284976], [-1.5319959078915417, 55.10934487284976], [-1.5288833606173284, 55.10754825861659], [-1.5301283795270137, 55.10682961292332], [-1.5301283795270137, 55.10611096723005], [-1.531373398436699, 55.10539232153678], [-1.5301283795270137, 55.104673675843515], [-1.531373398436699, 55.103955030150246], [-1.531373398436699, 55.10323638445698], [-1.5326184173463844, 55.10251773876371], [-1.5326184173463844, 55.10108044737717], [-1.533240926801227, 55.10072112453054], [-1.5338634362560697, 55.10108044737717], [-1.5338634362560697, 55.10179909307044], [-1.5344859457109123, 55.102158415917074], [-1.5357309646205977, 55.102158415917074], [-1.536975983530283, 55.101439770223806], [-1.5382210024399683, 55.101439770223806], [-1.538843511894811, 55.10108044737717], [-1.538843511894811, 55.1003618016839], [-1.5363534740754403, 55.098924510297365], [-1.5363534740754403, 55.0982058646041], [-1.535108455165755, 55.09748721891083], [-1.535108455165755, 55.09676857321756], [-1.5319959078915417, 55.09497195898439], [-1.5282608511624858, 55.09497195898439], [-1.5276383417076431, 55.09533128183102], [-1.5288833606173284, 55.09604992752429], [-1.5288833606173284, 55.09676857321756], [-1.5276383417076431, 55.09748721891083], [-1.5276383417076431, 55.0982058646041], [-1.5288833606173284, 55.098924510297365], [-1.5276383417076431, 55.099643155990634], [-1.5276383417076431, 55.1003618016839], [-1.5282608511624858, 55.10072112453054], [-1.529505870072171, 55.10072112453054], [-1.5301283795270137, 55.10108044737717], [-1.5301283795270137, 55.10179909307044], [-1.529505870072171, 55.102158415917074], [-1.5282608511624858, 55.102158415917074], [-1.5270158322528005, 55.10287706161034], [-1.5263933227979578, 55.10251773876371], [-1.5263933227979578, 55.10108044737717], [-1.5257708133431152, 55.10072112453054], [-1.5245257944334298, 55.10072112453054], [-1.5239032849785872, 55.1003618016839], [-1.5239032849785872, 55.099643155990634], [-1.5232807755237445, 55.099283833144], [-1.5220357566140592, 55.099283833144], [-1.5195457187946886, 55.10072112453054], [-1.5145656431559473, 55.10072112453054], [-1.513320624246262, 55.101439770223806], [-1.5126981147914194, 55.10108044737717], [-1.5126981147914194, 55.1003618016839], [-1.5120756053365767, 55.10000247883727], [-1.509585567517206, 55.10000247883727], [-1.5089630580623634, 55.099643155990634], [-1.5089630580623634, 55.0982058646041], [-1.5083405486075208, 55.09784654175746], [-1.507718039152678, 55.0982058646041], [-1.507718039152678, 55.1003618016839], [-1.5070955296978354, 55.10072112453054], [-1.5064730202429928, 55.1003618016839], [-1.5064730202429928, 55.099643155990634], [-1.5039829824236222, 55.0982058646041], [-1.5039829824236222, 55.09748721891083], [-1.5046054918784648, 55.097127896064194], [-1.5058505107881501, 55.097127896064194], [-1.5070955296978354, 55.09784654175746], [-1.507718039152678, 55.09748721891083], [-1.507718039152678, 55.09533128183102], [-1.5083405486075208, 55.09497195898439], [-1.5108305864268914, 55.09497195898439], [-1.511453095881734, 55.094612636137754], [-1.511453095881734, 55.09317534475122], [-1.5102080769720487, 55.09245669905795], [-1.5102080769720487, 55.09173805336468], [-1.509585567517206, 55.091378730518045], [-1.5083405486075208, 55.091378730518045], [-1.5064730202429928, 55.09030076197814], [-1.5064730202429928, 55.08958211628487], [-1.5058505107881501, 55.08922279343824], [-1.5046054918784648, 55.08922279343824], [-1.5027379635139368, 55.088144824898336], [-1.5027379635139368, 55.08742617920507], [-1.5021154540590942, 55.08706685635843], [-1.5008704351494089, 55.0877855020517], [-1.4921553027816117, 55.0877855020517], [-1.491532793326769, 55.088144824898336], [-1.491532793326769, 55.08958211628487], [-1.4909102838719264, 55.08994143913151], [-1.489665264962241, 55.08994143913151], [-1.4884202460525557, 55.090660084824776], [-1.4871752271428704, 55.090660084824776], [-1.4859302082331851, 55.091378730518045], [-1.4826620335952612, 55.08958211628487], [-1.4789269768662052, 55.08742617920507], [-1.4722350002266467, 55.085719395683554], [-1.469744962407276, 55.085000749990286], [-1.4691224529524334, 55.08455159643199], [-1.469744962407276, 55.0841024428737], [-1.4689668255887227, 55.08095836796565], [-1.4647648867685348, 55.079970230137405], [-1.4627417310402961, 55.078802430885844], [-1.4627417310402961, 55.07664649380604], [-1.4590066743112402, 55.073053265339695], [-1.457761655401555, 55.07161597395316], [-1.4523146976716816, 55.069909190431645], [-1.4515365608531283, 55.06946003687335], [-1.4515365608531283, 55.06658545410028], [-1.454026598672499, 55.0615549342474], [-1.4527815797628136, 55.06011764286086], [-1.4515365608531283, 55.057243060087785], [-1.450291541943443, 55.05364983162144], [-1.4478015041240724, 55.05077524884837], [-1.4453114663047018, 55.04861931176856], [-1.4440664473950164, 55.047182020382024], [-1.433639414026402, 55.04188200839417], [-1.4316162582981633, 55.04071420914261], [-1.4291262204787927, 55.03783962636953], [-1.4291262204787927, 55.037120980676264], [-1.430371239388478, 55.035683689289726], [-1.429904357297346, 55.03397690576821], [-1.4291262204787927, 55.03352775220992], [-1.4278812015691074, 55.02849723235704], [-1.426636182659422, 55.026341295277234], [-1.4199442060198635, 55.023197220369184], [-1.4191660692013102, 55.02274806681089], [-1.4162091492908075, 55.01888534620957], [-1.4154310124722542, 55.01843619265128], [-1.4154310124722542, 55.01699890126474], [-1.4162091492908075, 55.01654974770645], [-1.4154310124722542, 55.014842964184936], [-1.4162091492908075, 55.01439381062664], [-1.4211892249295488, 55.013675164933375], [-1.42616930056829, 55.013675164933375], [-1.4316162582981633, 55.009812444332056], [-1.433639414026402, 55.008644645080494], [-1.4373744707554579, 55.007925999387226], [-1.4398645085748285, 55.00720735369396], [-1.4428214284853311, 55.005500570172444], [-1.4440664473950164, 55.00406327878591], [-1.4453114663047018, 54.999032758933026], [-1.446556485214387, 54.99759546754649], [-1.446556485214387, 54.99615817615995], [-1.4478015041240724, 54.99328359338688], [-1.4485796409426257, 54.992834439828584], [-1.4515365608531283, 54.9904090106138], [-1.4523146976716816, 54.98995985705551], [-1.4560497544007376, 54.98852256566897], [-1.477215075865388, 54.98852256566897], [-1.4821951515041292, 54.987803919975704], [-1.4871752271428704, 54.987803919975704], [-1.5008704351494089, 54.98852256566897], [-1.5016485719679622, 54.988971719227266], [-1.5025823361502262, 54.988971719227266], [-1.5033604729687795, 54.98852256566897], [-1.5070955296978354, 54.987803919975704], [-1.509585567517206, 54.987803919975704], [-1.5232807755237445, 54.98636662858917], [-1.5270158322528005, 54.9856479828959], [-1.529505870072171, 54.98421069150936], [-1.5302840068907244, 54.984659845067654], [-1.5312177710729884, 54.98322255368112], [-1.5324627899826737, 54.98178526229458], [-1.533707808892359, 54.978910679521505]]], [[[-1.4292818478425033, 54.90992069296772], [-1.429904357297346, 54.91028001581435], [-1.4311493762070313, 54.91028001581435], [-1.431771885661874, 54.910639338660985], [-1.4305268667521887, 54.911357984354254], [-1.431771885661874, 54.91207663004752], [-1.431771885661874, 54.91351392143406], [-1.4319275130255846, 54.91423256712733], [-1.4311493762070313, 54.91468172068562], [-1.4286593383876607, 54.91540036637889], [-1.4211892249295488, 54.91683765776543], [-1.4186991871101782, 54.91683765776543], [-1.4149641303811222, 54.91611901207216], [-1.4087390358326957, 54.913244429299084], [-1.408116526377853, 54.91279527574079], [-1.408116526377853, 54.91207663004752], [-1.4050039791036397, 54.913154598587425], [-1.4037589601939544, 54.913244429299084], [-1.402513941284269, 54.913244429299084], [-1.4012689223745838, 54.913154598587425], [-1.4006464129197411, 54.91279527574079], [-1.4012689223745838, 54.91243595289416], [-1.4050039791036397, 54.91243595289416], [-1.4056264885584824, 54.91207663004752], [-1.404381469648797, 54.911357984354254], [-1.4074940169230103, 54.90956137012108], [-1.4087390358326957, 54.91028001581435], [-1.4093615452875383, 54.90992069296772], [-1.4093615452875383, 54.90848340158118], [-1.409984054742381, 54.908124078734545], [-1.4112290736520663, 54.908124078734545], [-1.4130966020165943, 54.90704611019464], [-1.4130966020165943, 54.90632746450137], [-1.413719111471437, 54.90596814165474], [-1.4174541682004929, 54.908124078734545], [-1.4186991871101782, 54.908124078734545], [-1.4205667154747061, 54.90920204727445], [-1.4205667154747061, 54.90992069296772], [-1.4211892249295488, 54.91028001581435], [-1.4218117343843915, 54.90992069296772], [-1.4218117343843915, 54.90920204727445], [-1.4224342438392341, 54.908842724427814], [-1.4230567532940768, 54.90920204727445], [-1.4230567532940768, 54.910639338660985], [-1.4236792627489194, 54.91099866150762], [-1.4274143194779754, 54.91099866150762], [-1.428036828932818, 54.910639338660985], [-1.428036828932818, 54.90920204727445], [-1.4286593383876607, 54.908842724427814], [-1.4292818478425033, 54.90920204727445], [-1.4292818478425033, 54.90992069296772]]]]}}, {"type": "Feature", "properties": {"band_id": "under_45", "order": 2}, "geometry": {"type": "Polygon", "coordinates": [[[-1.5363694506522734, 54.965637920598965], [-1.5388617867429275, 54.963481996790506], [-1.539640641771257, 54.96303284599708], [-1.5433791459072381, 54.961595563458104], [-1.5458714819978923, 54.961595563458104], [-1.5508561541792005, 54.96015828091913], [-1.551853060722351, 54.96015930175781], [-1.5496099861338735, 54.95961929996702], [-1.5471176500432193, 54.9603379412365], [-1.540886809816584, 54.96105658250599], [-1.534188656572951, 54.96707520313794], [-1.532942488527624, 54.97641753964126], [-1.5304501524369698, 54.98072938725818], [-1.523440457182005, 54.98477174439904], [-1.520948121091351, 54.98549038566853], [-1.5159634489100426, 54.98620902693801], [-1.4723475673235953, 54.98620902693801], [-1.4717244833009318, 54.985759876144584], [-1.467362895142287, 54.98540055550984], [-1.4665840401139576, 54.9850412348751], [-1.4636243910063058, 54.98477174439904], [-1.4598858868703246, 54.98477174439904], [-1.4586397188249975, 54.984681914240355], [-1.458016634802334, 54.98432259360561], [-1.4586397188249975, 54.98396327297087], [-1.4598858868703246, 54.98396327297087], [-1.4605089708929881, 54.983603952336125], [-1.4605089708929881, 54.981448028527666], [-1.4561473827343434, 54.97893278408446], [-1.4549012146890163, 54.97893278408446], [-1.4536550466436893, 54.97965142535395], [-1.4511627105530351, 54.97965142535395], [-1.4505396265303716, 54.97929210471921], [-1.4505396265303716, 54.977854822180234], [-1.4492934584850445, 54.97713618091075], [-1.4492934584850445, 54.97282433329383], [-1.4480472904397175, 54.97210569202434], [-1.448670374462381, 54.9717463713896], [-1.449916542507708, 54.9717463713896], [-1.4505396265303716, 54.971387050754856], [-1.4505396265303716, 54.97066840948537], [-1.449916542507708, 54.97030908885063], [-1.448670374462381, 54.97030908885063], [-1.447424206417054, 54.97102773012011], [-1.4468011223943904, 54.97066840948537], [-1.4468011223943904, 54.96851248567691], [-1.4455549543490633, 54.967793844407424], [-1.4461780383717269, 54.96743452377268], [-1.447424206417054, 54.96815316504217], [-1.4480472904397175, 54.967793844407424], [-1.4480472904397175, 54.96707520313794], [-1.4492934584850445, 54.96635656186845], [-1.4492934584850445, 54.965637920598965], [-1.448670374462381, 54.96527859996422], [-1.447424206417054, 54.96599724123371], [-1.4461780383717269, 54.96599724123371], [-1.4449318703263998, 54.966715882503195], [-1.4436857022810727, 54.966715882503195], [-1.4430626182584092, 54.96635656186845], [-1.4461780383717269, 54.964559958694736], [-1.447424206417054, 54.964559958694736], [-1.4480472904397175, 54.96420063805999], [-1.4480472904397175, 54.963481996790506], [-1.448670374462381, 54.96312267615576], [-1.449916542507708, 54.96312267615576], [-1.4505396265303716, 54.96276335552102], [-1.4505396265303716, 54.96132607298205], [-1.4492934584850445, 54.96060743171256], [-1.4492934584850445, 54.95917014917359], [-1.449916542507708, 54.958810828538844], [-1.4524088785983622, 54.958810828538844], [-1.4530319626210257, 54.9584515079041], [-1.4530319626210257, 54.95701422536513], [-1.4524088785983622, 54.956654904730385], [-1.4511627105530351, 54.956654904730385], [-1.4505396265303716, 54.95629558409564], [-1.4505396265303716, 54.955576942826156], [-1.4511627105530351, 54.95521762219141], [-1.4524088785983622, 54.95521762219141], [-1.4530319626210257, 54.955576942826156], [-1.4530319626210257, 54.95629558409564], [-1.4536550466436893, 54.956654904730385], [-1.4549012146890163, 54.956654904730385], [-1.4555242987116799, 54.95629558409564], [-1.4542781306663528, 54.955576942826156], [-1.4542781306663528, 54.95413966028718], [-1.4530319626210257, 54.953421019017696], [-1.4530319626210257, 54.951983736478724], [-1.4511627105530351, 54.950905774574494], [-1.449916542507708, 54.95162441584398], [-1.448670374462381, 54.950905774574494], [-1.4461780383717269, 54.950905774574494], [-1.4449318703263998, 54.95018713330501], [-1.4436857022810727, 54.95018713330501], [-1.4430626182584092, 54.949827812670264], [-1.4430626182584092, 54.94910917140078], [-1.4418164502130821, 54.94839053013129], [-1.4430626182584092, 54.947671888861805], [-1.4418164502130821, 54.94695324759232], [-1.4418164502130821, 54.94623460632283], [-1.4430626182584092, 54.945515965053346], [-1.4430626182584092, 54.94407868251437], [-1.4424395342357457, 54.94371936187963], [-1.4411933661904186, 54.94371936187963], [-1.440570282167755, 54.94336004124489], [-1.4411933661904186, 54.943000720610144], [-1.4424395342357457, 54.943000720610144], [-1.4436857022810727, 54.94228207934066], [-1.4449318703263998, 54.94228207934066], [-1.448670374462381, 54.9401261555322], [-1.4524088785983622, 54.9401261555322], [-1.4555242987116799, 54.93832955235848], [-1.4555242987116799, 54.937610911088996], [-1.4586397188249975, 54.93581430791528], [-1.4598858868703246, 54.93581430791528], [-1.4605089708929881, 54.935454987280536], [-1.4605089708929881, 54.934017704741564], [-1.4630013069836423, 54.93258042220259], [-1.4630013069836423, 54.931861780933104], [-1.4642474750289693, 54.93114313966362], [-1.4642474750289693, 54.92826857458567], [-1.4630013069836423, 54.927549933316186], [-1.4636243910063058, 54.92719061268144], [-1.4648705590516329, 54.92719061268144], [-1.4654936430742964, 54.927549933316186], [-1.4654936430742964, 54.92826857458567], [-1.467362895142287, 54.9293465364899], [-1.468609063187614, 54.9293465364899], [-1.4692321472102776, 54.92898721585516], [-1.4692321472102776, 54.927549933316186], [-1.4704783152556047, 54.9268312920467], [-1.4704783152556047, 54.92611265077721], [-1.4717244833009318, 54.92539400950773], [-1.4711013992782682, 54.925034688872984], [-1.468609063187614, 54.925034688872984], [-1.4679859791649505, 54.92467536823824], [-1.4692321472102776, 54.923956726968754], [-1.4679859791649505, 54.92323808569927], [-1.4692321472102776, 54.92251944442978], [-1.4679859791649505, 54.921800803160295], [-1.468609063187614, 54.92144148252555], [-1.4723475673235953, 54.92144148252555], [-1.4735937353689224, 54.920722841256065], [-1.4748399034142494, 54.920722841256065], [-1.4773322395049036, 54.92216012379504], [-1.477955323527567, 54.921800803160295], [-1.477955323527567, 54.92108216189081], [-1.4785784075502306, 54.920722841256065], [-1.4792014915728942, 54.92108216189081], [-1.4792014915728942, 54.921800803160295], [-1.4810707436408848, 54.922878765064524], [-1.483563079731539, 54.922878765064524], [-1.484809247776866, 54.92216012379504], [-1.486055415822193, 54.92216012379504], [-1.48730158386752, 54.922878765064524], [-1.4922862560488284, 54.922878765064524], [-1.492909340071492, 54.92323808569927], [-1.492909340071492, 54.923956726968754], [-1.4922862560488284, 54.9243160476035], [-1.4910400880035013, 54.9243160476035], [-1.4904170039808378, 54.92467536823824], [-1.4904170039808378, 54.92539400950773], [-1.4916631720261648, 54.92611265077721], [-1.4910400880035013, 54.92647197141196], [-1.4897939199581742, 54.92647197141196], [-1.4885477519128472, 54.92719061268144], [-1.486055415822193, 54.92719061268144], [-1.4854323317995295, 54.927549933316186], [-1.4854323317995295, 54.92826857458567], [-1.486055415822193, 54.928627895220416], [-1.48730158386752, 54.928627895220416], [-1.4885477519128472, 54.9293465364899], [-1.4935324240941554, 54.9293465364899], [-1.496647844207473, 54.927549933316186], [-1.496647844207473, 54.9268312920467], [-1.4991401802981272, 54.92539400950773], [-1.4991401802981272, 54.92323808569927], [-1.5003863483434543, 54.92251944442978], [-1.5003863483434543, 54.921800803160295], [-1.5016325163887814, 54.92108216189081], [-1.5016325163887814, 54.919644879351836], [-1.5010094323661178, 54.91928555871709], [-1.4885477519128472, 54.91928555871709], [-1.48730158386752, 54.918566917447606], [-1.486055415822193, 54.918566917447606], [-1.4854323317995295, 54.91820759681286], [-1.486055415822193, 54.91784827617812], [-1.48730158386752, 54.91784827617812], [-1.4879246678901836, 54.91748895554338], [-1.4866784998448566, 54.91677031427389], [-1.48730158386752, 54.91641099363915], [-1.4885477519128472, 54.91641099363915], [-1.4897939199581742, 54.91712963490863], [-1.4910400880035013, 54.91712963490863], [-1.4922862560488284, 54.91784827617812], [-1.4935324240941554, 54.91712963490863], [-1.4947785921394825, 54.91712963490863], [-1.495401676162146, 54.91677031427389], [-1.495401676162146, 54.913895749195945], [-1.496647844207473, 54.91317710792646], [-1.496647844207473, 54.909583901579026], [-1.4960247601848096, 54.90922458094428], [-1.4947785921394825, 54.90994322221377], [-1.4935324240941554, 54.90994322221377], [-1.4922862560488284, 54.910661863483256], [-1.48730158386752, 54.910661863483256], [-1.4866784998448566, 54.911021184118], [-1.4866784998448566, 54.911739825387485], [-1.486055415822193, 54.91209914602223], [-1.4854323317995295, 54.911739825387485], [-1.4854323317995295, 54.90886526030954], [-1.4866784998448566, 54.90814661904005], [-1.4854323317995295, 54.90742797777057], [-1.486055415822193, 54.907068657135824], [-1.48730158386752, 54.90778729840531], [-1.4897939199581742, 54.90778729840531], [-1.4904170039808378, 54.90814661904005], [-1.492909340071492, 54.90814661904005], [-1.494155508116819, 54.90742797777057], [-1.494155508116819, 54.90670933650108], [-1.4947785921394825, 54.90635001586634], [-1.4960247601848096, 54.90635001586634], [-1.496647844207473, 54.905990695231594], [-1.496647844207473, 54.90527205396211], [-1.4978940122528002, 54.90455341269262], [-1.4978940122528002, 54.901678847614676], [-1.4997632643207908, 54.900600885710446], [-1.5010094323661178, 54.900600885710446], [-1.503501768456772, 54.90203816824942], [-1.505994104547426, 54.90203816824942], [-1.5066171885700896, 54.901678847614676], [-1.5066171885700896, 54.90096020634519], [-1.503501768456772, 54.89916360317147], [-1.502255600411445, 54.89988224444096], [-1.5016325163887814, 54.89952292380622], [-1.5028786844341084, 54.89880428253673], [-1.502255600411445, 54.89844496190199], [-1.5010094323661178, 54.89844496190199], [-1.5003863483434543, 54.898085641267244], [-1.502255600411445, 54.897007679363014], [-1.505994104547426, 54.897007679363014], [-1.5072402725927532, 54.8977263206325], [-1.5084864406380802, 54.897007679363014], [-1.5097326086834073, 54.897007679363014], [-1.511601860751398, 54.898085641267244], [-1.511601860751398, 54.89880428253673], [-1.5122249447740614, 54.89916360317147], [-1.5134711128193885, 54.89916360317147], [-1.514094196842052, 54.89952292380622], [-1.514094196842052, 54.9002415650757], [-1.5147172808647156, 54.900600885710446], [-1.5159634489100426, 54.900600885710446], [-1.5165865329327062, 54.9002415650757], [-1.5165865329327062, 54.89736699999776], [-1.5172096169553697, 54.897007679363014], [-1.5184557850006968, 54.897007679363014], [-1.5197019530460238, 54.8977263206325], [-1.520948121091351, 54.8977263206325], [-1.5215712051140144, 54.898085641267244], [-1.5215712051140144, 54.89880428253673], [-1.522194289136678, 54.89916360317147], [-1.523440457182005, 54.89916360317147], [-1.5240635412046686, 54.89880428253673], [-1.5240635412046686, 54.89736699999776], [-1.5246866252273321, 54.897007679363014], [-1.5259327932726592, 54.897007679363014], [-1.5265558772953227, 54.89664835872827], [-1.5253097092499956, 54.895929717458785], [-1.5253097092499956, 54.8952110761893], [-1.5284251293633133, 54.89341447301558], [-1.5309174654539675, 54.89341447301558], [-1.5321636334992945, 54.892695831746096], [-1.5334098015446216, 54.892695831746096], [-1.5340328855672851, 54.89233651111135], [-1.5334098015446216, 54.89197719047661], [-1.5309174654539675, 54.89197719047661], [-1.530294381431304, 54.891617869841866], [-1.5309174654539675, 54.89125854920712], [-1.5321636334992945, 54.89125854920712], [-1.5371483056806028, 54.88838398412918], [-1.5383944737259299, 54.88838398412918], [-1.539640641771257, 54.889102625398664], [-1.540886809816584, 54.88838398412918], [-1.542132977861911, 54.88838398412918], [-1.5446253139525652, 54.886946701590205], [-1.5471176500432193, 54.886946701590205], [-1.54898690211121, 54.885868739685975], [-1.54898690211121, 54.884431457147], [-1.5496099861338735, 54.88407213651226], [-1.550233070156537, 54.884431457147], [-1.550233070156537, 54.88515009841649], [-1.5508561541792005, 54.88550941905123], [-1.5521023222245276, 54.884790777781745], [-1.5545946583151817, 54.884790777781745], [-1.5558408263605088, 54.88407213651226], [-1.558333162451163, 54.88550941905123], [-1.5602024145191535, 54.884431457147], [-1.5602024145191535, 54.88155689206906], [-1.5614485825644806, 54.88083825079957], [-1.5614485825644806, 54.8794009682606], [-1.5626947506098077, 54.87868232699111], [-1.5626947506098077, 54.877963685721625], [-1.5633178346324712, 54.87760436508688], [-1.5658101707231253, 54.87760436508688], [-1.5664332547457889, 54.877963685721625], [-1.5664332547457889, 54.87868232699111], [-1.5670563387684524, 54.879041647625854], [-1.5683025068137795, 54.87832300635637], [-1.5695486748591065, 54.87832300635637], [-1.57017175888177, 54.877963685721625], [-1.57017175888177, 54.87724504445214], [-1.5707948429044336, 54.876885723817395], [-1.5720410109497607, 54.87760436508688], [-1.5726640949724242, 54.87724504445214], [-1.5726640949724242, 54.87652640318265], [-1.5751564310630783, 54.87508912064368], [-1.5751564310630783, 54.87293319683522], [-1.5757795150857419, 54.87257387620048], [-1.5776487671537325, 54.873651838104706], [-1.5776487671537325, 54.87508912064368], [-1.578271851176396, 54.87544844127842], [-1.5857488594483584, 54.87544844127842], [-1.5869950274936855, 54.874729800008936], [-1.5907335316296667, 54.876885723817395], [-1.5919796996749938, 54.876885723817395], [-1.5926027836976573, 54.87652640318265], [-1.5926027836976573, 54.875807761913165], [-1.5932258677203208, 54.87544844127842], [-1.595718203810975, 54.87544844127842], [-1.596964371856302, 54.874729800008936], [-1.598210539901629, 54.874729800008936], [-1.5994567079469562, 54.87401115873945], [-1.6019490440376103, 54.87401115873945], [-1.6025721280602738, 54.87437047937419], [-1.6025721280602738, 54.87508912064368], [-1.6056875481735915, 54.876885723817395], [-1.6069337162189186, 54.87616708254791], [-1.607556800241582, 54.87652640318265], [-1.607556800241582, 54.877963685721625], [-1.6081798842642456, 54.87832300635637], [-1.6106722203548998, 54.87832300635637], [-1.6119183884002268, 54.87760436508688], [-1.6125414724228904, 54.877963685721625], [-1.6100491363322362, 54.8794009682606], [-1.6106722203548998, 54.87976028889534], [-1.6119183884002268, 54.87976028889534], [-1.613164556445554, 54.88047893016483], [-1.614410724490881, 54.88047893016483], [-1.615656892536208, 54.88119757143431], [-1.616903060581535, 54.88119757143431], [-1.6175261446041986, 54.88083825079957], [-1.6175261446041986, 54.880119609530084], [-1.616903060581535, 54.87976028889534], [-1.615656892536208, 54.87976028889534], [-1.6150338085135445, 54.8794009682606], [-1.6150338085135445, 54.87868232699111], [-1.616903060581535, 54.87760436508688], [-1.6187723126495257, 54.87868232699111], [-1.6187723126495257, 54.8794009682606], [-1.6193953966721892, 54.87976028889534], [-1.6206415647175163, 54.87976028889534], [-1.6212646487401798, 54.880119609530084], [-1.6212646487401798, 54.88083825079957], [-1.6218877327628434, 54.88119757143431], [-1.6243800688534975, 54.88119757143431], [-1.6256262368988246, 54.88047893016483], [-1.6268724049441516, 54.88047893016483], [-1.6287416570121422, 54.88155689206906], [-1.6287416570121422, 54.88227553333854], [-1.6281185729894787, 54.882634853973286], [-1.6268724049441516, 54.882634853973286], [-1.6256262368988246, 54.8819162127038], [-1.625003152876161, 54.88227553333854], [-1.625003152876161, 54.883712815877516], [-1.6256262368988246, 54.88407213651226], [-1.6268724049441516, 54.88335349524277], [-1.6293647410348058, 54.88335349524277], [-1.6306109090801328, 54.88407213651226], [-1.63185707712546, 54.88407213651226], [-1.6324801611481234, 54.884431457147], [-1.6299878250574693, 54.885868739685975], [-1.6299878250574693, 54.88730602222495], [-1.6306109090801328, 54.88766534285969], [-1.63185707712546, 54.88766534285969], [-1.633103245170787, 54.88838398412918], [-1.6355955812614411, 54.886946701590205], [-1.6368417493067682, 54.886946701590205], [-1.6374648333294317, 54.88730602222495], [-1.6374648333294317, 54.888024663494434], [-1.6387110013747588, 54.88874330476392], [-1.6374648333294317, 54.88946194603341], [-1.6374648333294317, 54.89018058730289], [-1.6387110013747588, 54.89089922857238], [-1.6387110013747588, 54.89305515238084], [-1.6399571694200858, 54.893773793650325], [-1.6399571694200858, 54.8952110761893], [-1.6405802534427494, 54.89557039682404], [-1.6430725895334035, 54.89413311428507], [-1.6455649256240577, 54.89413311428507], [-1.6468110936693847, 54.89341447301558], [-1.6474341776920483, 54.893773793650325], [-1.6474341776920483, 54.89449243491981], [-1.6468110936693847, 54.894851755554555], [-1.6455649256240577, 54.894851755554555], [-1.6449418416013941, 54.8952110761893], [-1.6449418416013941, 54.895929717458785], [-1.6443187575787306, 54.89628903809353], [-1.6430725895334035, 54.89628903809353], [-1.64244950551074, 54.89664835872827], [-1.64244950551074, 54.898085641267244], [-1.643695673556067, 54.89880428253673], [-1.6430725895334035, 54.89916360317147], [-1.6418264214880764, 54.89916360317147], [-1.641203337465413, 54.89952292380622], [-1.641203337465413, 54.90096020634519], [-1.6418264214880764, 54.90131952697993], [-1.6443187575787306, 54.90131952697993], [-1.6449418416013941, 54.901678847614676], [-1.6449418416013941, 54.90527205396211], [-1.6455649256240577, 54.90563137459685], [-1.6480572617147118, 54.90563137459685], [-1.6486803457373753, 54.90527205396211], [-1.6480572617147118, 54.904912733327365], [-1.6468110936693847, 54.904912733327365], [-1.6461880096467212, 54.90455341269262], [-1.6461880096467212, 54.903834771423135], [-1.6468110936693847, 54.90347545078839], [-1.650549597805366, 54.90347545078839], [-1.65304193389602, 54.904912733327365], [-1.6555342699866742, 54.904912733327365], [-1.6567804380320013, 54.90419409205788], [-1.6580266060773283, 54.90419409205788], [-1.6586496900999919, 54.90455341269262], [-1.6586496900999919, 54.90670933650108], [-1.6580266060773283, 54.907068657135824], [-1.6567804380320013, 54.907068657135824], [-1.6561573540093377, 54.90742797777057], [-1.6567804380320013, 54.90778729840531], [-1.6580266060773283, 54.90778729840531], [-1.6586496900999919, 54.90814661904005], [-1.6586496900999919, 54.90886526030954], [-1.6592727741226554, 54.90922458094428], [-1.6617651102133095, 54.90922458094428], [-1.662388194235973, 54.90886526030954], [-1.6617651102133095, 54.9085059396748], [-1.6605189421679825, 54.9085059396748], [-1.659895858145319, 54.90814661904005], [-1.659895858145319, 54.90527205396211], [-1.6605189421679825, 54.904912733327365], [-1.6617651102133095, 54.904912733327365], [-1.662388194235973, 54.90455341269262], [-1.662388194235973, 54.90311613015365], [-1.6617651102133095, 54.902756809518905], [-1.661142026190646, 54.90311613015365], [-1.661142026190646, 54.903834771423135], [-1.6605189421679825, 54.90419409205788], [-1.6586496900999919, 54.90311613015365], [-1.659895858145319, 54.90239748888416], [-1.659895858145319, 54.90096020634519], [-1.6605189421679825, 54.900600885710446], [-1.6630112782586366, 54.900600885710446], [-1.6642574463039637, 54.89988224444096], [-1.6655036143492907, 54.900600885710446], [-1.6667497823946178, 54.900600885710446], [-1.6679959504399449, 54.90131952697993], [-1.6742267906665802, 54.90131952697993], [-1.6748498746892437, 54.90096020634519], [-1.6748498746892437, 54.9002415650757], [-1.6760960427345708, 54.89952292380622], [-1.6760960427345708, 54.89880428253673], [-1.6754729587119073, 54.89844496190199], [-1.6742267906665802, 54.89844496190199], [-1.6723575385985896, 54.89736699999776], [-1.6723575385985896, 54.89664835872827], [-1.6729806226212531, 54.89628903809353], [-1.6736037066439167, 54.89664835872827], [-1.6736037066439167, 54.89736699999776], [-1.6742267906665802, 54.8977263206325], [-1.6754729587119073, 54.897007679363014], [-1.6767191267572343, 54.8977263206325], [-1.6792114628478885, 54.89628903809353], [-1.6817037989385426, 54.89628903809353], [-1.6829499669838697, 54.897007679363014], [-1.6854423030745238, 54.89557039682404], [-1.6860653870971873, 54.895929717458785], [-1.6848192190518603, 54.89664835872827], [-1.6848192190518603, 54.89880428253673], [-1.6860653870971873, 54.89952292380622], [-1.6860653870971873, 54.901678847614676], [-1.6866884711198509, 54.90203816824942], [-1.687934639165178, 54.90131952697993], [-1.689180807210505, 54.90203816824942], [-1.690426975255832, 54.90131952697993], [-1.6916731433011591, 54.90131952697993], [-1.6935423953691497, 54.90239748888416], [-1.6935423953691497, 54.90527205396211], [-1.6941654793918133, 54.90563137459685], [-1.6954116474371403, 54.90563137459685], [-1.6960347314598039, 54.90527205396211], [-1.6947885634144768, 54.90455341269262], [-1.6947885634144768, 54.903834771423135], [-1.6954116474371403, 54.90347545078839], [-1.6960347314598039, 54.903834771423135], [-1.6960347314598039, 54.90455341269262], [-1.6966578154824674, 54.904912733327365], [-1.697280899505131, 54.90455341269262], [-1.697280899505131, 54.903834771423135], [-1.6991501515731215, 54.902756809518905], [-1.699773235595785, 54.90311613015365], [-1.699773235595785, 54.90670933650108], [-1.7010194036411121, 54.90742797777057], [-1.7010194036411121, 54.911021184118], [-1.699773235595785, 54.911739825387485], [-1.699773235595785, 54.91245846665697], [-1.7003963196184486, 54.912817787291715], [-1.7028886557091027, 54.912817787291715], [-1.7035117397317663, 54.91317710792646], [-1.7035117397317663, 54.913895749195945], [-1.7028886557091027, 54.91425506983069], [-1.7016424876637757, 54.91425506983069], [-1.6991501515731215, 54.91569235236966], [-1.6979039835277945, 54.914973711100174], [-1.6966578154824674, 54.914973711100174], [-1.6960347314598039, 54.91533303173492], [-1.6960347314598039, 54.91820759681286], [-1.6966578154824674, 54.918566917447606], [-1.6979039835277945, 54.918566917447606], [-1.698527067550458, 54.91892623808235], [-1.697280899505131, 54.919644879351836], [-1.6979039835277945, 54.92000419998658], [-1.7003963196184486, 54.92000419998658], [-1.7028886557091027, 54.918566917447606], [-1.7041348237544298, 54.918566917447606], [-1.7047579077770934, 54.91892623808235], [-1.7047579077770934, 54.919644879351836], [-1.7060040758224204, 54.92036352062132], [-1.7041348237544298, 54.92144148252555], [-1.7028886557091027, 54.92144148252555], [-1.7022655716864392, 54.921800803160295], [-1.7022655716864392, 54.927549933316186], [-1.7035117397317663, 54.92826857458567], [-1.7035117397317663, 54.92898721585516], [-1.7041348237544298, 54.9293465364899], [-1.709119495935738, 54.9293465364899], [-1.7103656639810652, 54.93006517775939], [-1.7128580000717193, 54.93006517775939], [-1.7165965042077005, 54.93222110156785], [-1.7203350083436817, 54.93006517775939], [-1.7215811763890088, 54.930783819028875], [-1.724073512479663, 54.930783819028875], [-1.7246965965023264, 54.93042449839413], [-1.7246965965023264, 54.92898721585516], [-1.72531968052499, 54.928627895220416], [-1.726565848570317, 54.9293465364899], [-1.727812016615644, 54.9293465364899], [-1.7296812686836347, 54.92826857458567], [-1.7296812686836347, 54.92539400950773], [-1.7309274367289618, 54.92467536823824], [-1.7309274367289618, 54.923956726968754], [-1.7315505207516253, 54.92359740633401], [-1.7327966887969524, 54.92359740633401], [-1.734665940864943, 54.92251944442978], [-1.734665940864943, 54.921800803160295], [-1.737158276955597, 54.92036352062132], [-1.737158276955597, 54.91892623808235], [-1.73591210891027, 54.91820759681286], [-1.737158276955597, 54.91748895554338], [-1.737158276955597, 54.91677031427389], [-1.7377813609782606, 54.91641099363915], [-1.7402736970689148, 54.91641099363915], [-1.7408967810915783, 54.916051673004404], [-1.7408967810915783, 54.91533303173492], [-1.7415198651142418, 54.914973711100174], [-1.742766033159569, 54.914973711100174], [-1.7433891171822324, 54.91533303173492], [-1.7433891171822324, 54.916051673004404], [-1.7421429491369054, 54.91677031427389], [-1.744012201204896, 54.91784827617812], [-1.745258369250223, 54.91712963490863], [-1.74650453729555, 54.91784827617812], [-1.7489968733862042, 54.91784827617812], [-1.7496199574088678, 54.91820759681286], [-1.7496199574088678, 54.92108216189081], [-1.7502430414315313, 54.92144148252555], [-1.7539815455675125, 54.92144148252555], [-1.754604629590176, 54.921800803160295], [-1.7527353775221854, 54.922878765064524], [-1.7514892094768584, 54.922878765064524], [-1.7508661254541948, 54.92323808569927], [-1.7508661254541948, 54.923956726968754], [-1.752112293499522, 54.92467536823824], [-1.752112293499522, 54.9268312920467], [-1.7496199574088678, 54.92826857458567], [-1.7496199574088678, 54.92898721585516], [-1.7508661254541948, 54.929705857124645], [-1.7489968733862042, 54.930783819028875], [-1.7477507053408772, 54.930783819028875], [-1.74650453729555, 54.93006517775939], [-1.7433891171822324, 54.931861780933104], [-1.745258369250223, 54.932939742837334], [-1.74650453729555, 54.932939742837334], [-1.7471276213182136, 54.93329906347208], [-1.7471276213182136, 54.934017704741564], [-1.7477507053408772, 54.93437702537631], [-1.7489968733862042, 54.93365838410682], [-1.7502430414315313, 54.93365838410682], [-1.7508661254541948, 54.934017704741564], [-1.7508661254541948, 54.935454987280536], [-1.752112293499522, 54.93617362855002], [-1.7514892094768584, 54.936532949184766], [-1.7502430414315313, 54.936532949184766], [-1.7489968733862042, 54.93725159045425], [-1.74650453729555, 54.93725159045425], [-1.745258369250223, 54.936532949184766], [-1.7446352852275595, 54.93689226981951], [-1.7446352852275595, 54.93832955235848], [-1.744012201204896, 54.938688872993225], [-1.742766033159569, 54.938688872993225], [-1.7421429491369054, 54.93904819362797], [-1.7421429491369054, 54.939766834897455], [-1.742766033159569, 54.9401261555322], [-1.744012201204896, 54.9401261555322], [-1.7446352852275595, 54.94048547616694], [-1.7446352852275595, 54.94120411743643], [-1.745258369250223, 54.94156343807117], [-1.7458814532728866, 54.94120411743643], [-1.7458814532728866, 54.94048547616694], [-1.74650453729555, 54.9401261555322], [-1.7477507053408772, 54.9401261555322], [-1.7483737893635407, 54.94048547616694], [-1.7458814532728866, 54.941922758705914], [-1.7458814532728866, 54.9426413999754], [-1.745258369250223, 54.943000720610144], [-1.744012201204896, 54.943000720610144], [-1.7433891171822324, 54.94336004124489], [-1.7433891171822324, 54.94407868251437], [-1.744012201204896, 54.944438003149116], [-1.7539815455675125, 54.944438003149116], [-1.754604629590176, 54.94407868251437], [-1.754604629590176, 54.94336004124489], [-1.7552277136128396, 54.943000720610144], [-1.7577200497034937, 54.943000720610144], [-1.7583431337261572, 54.94336004124489], [-1.7583431337261572, 54.94407868251437], [-1.7595893017714843, 54.94479732378386], [-1.7583431337261572, 54.945515965053346], [-1.7583431337261572, 54.94695324759232], [-1.7577200497034937, 54.94731256822706], [-1.7564738816581666, 54.94731256822706], [-1.7552277136128396, 54.94803120949655], [-1.7539815455675125, 54.94731256822706], [-1.753358461544849, 54.947671888861805], [-1.753358461544849, 54.94910917140078], [-1.7539815455675125, 54.94946849203552], [-1.7552277136128396, 54.94946849203552], [-1.7564738816581666, 54.948749850766035], [-1.7577200497034937, 54.948749850766035], [-1.7595893017714843, 54.947671888861805], [-1.7595893017714843, 54.94695324759232], [-1.7602123857941478, 54.946593926957576], [-1.762704721884802, 54.946593926957576], [-1.7633278059074655, 54.94623460632283], [-1.7633278059074655, 54.94479732378386], [-1.763950889930129, 54.944438003149116], [-1.7651970579754561, 54.944438003149116], [-1.7695586461341009, 54.94695324759232], [-1.7683124780887738, 54.947671888861805], [-1.772050982224755, 54.949827812670264], [-1.772050982224755, 54.95054645393975], [-1.773297150270082, 54.95126509520924], [-1.773297150270082, 54.951983736478724], [-1.7739202342927456, 54.95234305711347], [-1.7764125703833997, 54.95234305711347], [-1.7776587384287268, 54.95306169838295], [-1.780151074519381, 54.95306169838295], [-1.781397242564708, 54.95378033965244], [-1.7820203265873715, 54.953421019017696], [-1.7820203265873715, 54.95270237774821], [-1.782643410610035, 54.95234305711347], [-1.7845126626780257, 54.953421019017696], [-1.7832664946326986, 54.95413966028718], [-1.7832664946326986, 54.955576942826156], [-1.7845126626780257, 54.95629558409564], [-1.7845126626780257, 54.95701422536513], [-1.7832664946326986, 54.957732866634615], [-1.7838895786553621, 54.95809218726936], [-1.7851357467006892, 54.95809218726936], [-1.7857588307233527, 54.9584515079041], [-1.7857588307233527, 54.95917014917359], [-1.7863819147460163, 54.95952946980833], [-1.7901204188819975, 54.95952946980833], [-1.7913665869273245, 54.96024811107782], [-1.7963512591086328, 54.96024811107782], [-1.7969743431312963, 54.96060743171256], [-1.7963512591086328, 54.960966752347304], [-1.7951050910633057, 54.960966752347304], [-1.7944820070406422, 54.96132607298205], [-1.7957281750859693, 54.96204471425153], [-1.7957281750859693, 54.96420063805999], [-1.7944820070406422, 54.96491927932948], [-1.7944820070406422, 54.96635656186845], [-1.7932358389953151, 54.96707520313794], [-1.7932358389953151, 54.967793844407424], [-1.7944820070406422, 54.96851248567691], [-1.7944820070406422, 54.9692311269464], [-1.7938589230179787, 54.96959044758114], [-1.7926127549726516, 54.96959044758114], [-1.791989670949988, 54.96994976821588], [-1.7932358389953151, 54.97066840948537], [-1.7926127549726516, 54.97102773012011], [-1.7913665869273245, 54.97030908885063], [-1.7888742508366704, 54.97030908885063], [-1.7882511668140069, 54.97066840948537], [-1.7882511668140069, 54.971387050754856], [-1.7876280827913433, 54.9717463713896], [-1.7863819147460163, 54.9717463713896], [-1.7857588307233527, 54.97210569202434], [-1.7863819147460163, 54.972465012659086], [-1.7876280827913433, 54.972465012659086], [-1.7882511668140069, 54.97282433329383], [-1.7882511668140069, 54.973542974563316], [-1.790743502904661, 54.97498025710229], [-1.789497334859334, 54.975698898371775], [-1.789497334859334, 54.97713618091075], [-1.7901204188819975, 54.97749550154549], [-1.7913665869273245, 54.976776860276004], [-1.7938589230179787, 54.976776860276004], [-1.7975974271539599, 54.974620936467545], [-1.7982205111766234, 54.97498025710229], [-1.7982205111766234, 54.97641753964126], [-1.800089763244614, 54.97749550154549], [-1.801335931289941, 54.97749550154549], [-1.8019590153126046, 54.977854822180234], [-1.8050744354259223, 54.97884295392578], [-1.8063206034712493, 54.97893278408446], [-1.8088129395619035, 54.97893278408446], [-1.8113052756525576, 54.97749550154549], [-1.8119283596752211, 54.977854822180234], [-1.8119283596752211, 54.97857346344972], [-1.80818985553924, 54.98072938725818], [-1.809436023584567, 54.981448028527666], [-1.8088129395619035, 54.98180734916241], [-1.8050744354259223, 54.98180734916241], [-1.8044513514032587, 54.98216666979715], [-1.8044513514032587, 54.98288531106664], [-1.8050744354259223, 54.98324463170138], [-1.8063206034712493, 54.98324463170138], [-1.8069436874939129, 54.983603952336125], [-1.8063206034712493, 54.98396327297087], [-1.8050744354259223, 54.98396327297087], [-1.8038282673805952, 54.98324463170138], [-1.8025820993352681, 54.98324463170138], [-1.8019590153126046, 54.983603952336125], [-1.8019590153126046, 54.985759876144584], [-1.798843595199287, 54.9875564793183], [-1.7975974271539599, 54.9875564793183], [-1.7963512591086328, 54.986837838048814], [-1.7901204188819975, 54.986837838048814], [-1.7888742508366704, 54.98611919677933], [-1.7876280827913433, 54.98611919677933], [-1.7870049987686798, 54.98647851741407], [-1.7870049987686798, 54.98719715868356], [-1.7857588307233527, 54.98791579995304], [-1.7857588307233527, 54.989353082492016], [-1.7845126626780257, 54.9900717237615], [-1.7845126626780257, 54.99079036503099], [-1.7832664946326986, 54.991509006300475], [-1.7832664946326986, 54.99222764756996], [-1.7851357467006892, 54.99330560947419], [-1.7863819147460163, 54.99330560947419], [-1.7876280827913433, 54.992586968204705], [-1.7888742508366704, 54.992586968204705], [-1.7901204188819975, 54.99330560947419], [-1.7926127549726516, 54.99330560947419], [-1.7932358389953151, 54.99294628883945], [-1.7932358389953151, 54.99222764756996], [-1.7938589230179787, 54.99186832693522], [-1.7951050910633057, 54.99186832693522], [-1.7969743431312963, 54.99294628883945], [-1.7969743431312963, 54.995820853917394], [-1.7957281750859693, 54.99653949518688], [-1.7963512591086328, 54.99689881582162], [-1.7975974271539599, 54.99689881582162], [-1.7982205111766234, 54.99725813645637], [-1.7982205111766234, 54.99869541899534], [-1.7969743431312963, 54.999414060264826], [-1.7969743431312963, 55.0008513428038], [-1.7963512591086328, 55.00121066343854], [-1.7951050910633057, 55.00121066343854], [-1.7926127549726516, 54.99977338089957], [-1.791989670949988, 55.00013270153431], [-1.791989670949988, 55.001569984073285], [-1.7932358389953151, 55.00228862534277], [-1.7932358389953151, 55.00660047295969], [-1.791989670949988, 55.007319114229176], [-1.7932358389953151, 55.00803775549866], [-1.7932358389953151, 55.00875639676815], [-1.7926127549726516, 55.00911571740289], [-1.7901204188819975, 55.00911571740289], [-1.789497334859334, 55.00875639676815], [-1.7901204188819975, 55.008397076133406], [-1.7913665869273245, 55.008397076133406], [-1.791989670949988, 55.00803775549866], [-1.7913665869273245, 55.00767843486392], [-1.7888742508366704, 55.00767843486392], [-1.7876280827913433, 55.00695979359443], [-1.7863819147460163, 55.00767843486392], [-1.7851357467006892, 55.00767843486392], [-1.7845126626780257, 55.007319114229176], [-1.7845126626780257, 55.00660047295969], [-1.782643410610035, 55.00552251105546], [-1.781397242564708, 55.00552251105546], [-1.780151074519381, 55.004803869785974], [-1.7764125703833997, 55.004803869785974], [-1.7757894863607362, 55.00516319042072], [-1.7757894863607362, 55.0058818316902], [-1.7764125703833997, 55.00624115232495], [-1.7776587384287268, 55.00624115232495], [-1.7789049064740539, 55.00552251105546], [-1.7807741585420445, 55.00660047295969], [-1.7807741585420445, 55.007319114229176], [-1.7820203265873715, 55.00803775549866], [-1.780151074519381, 55.00911571740289], [-1.7776587384287268, 55.00911571740289], [-1.7764125703833997, 55.008397076133406], [-1.7751664023380727, 55.008397076133406], [-1.7745433183154091, 55.00875639676815], [-1.7745433183154091, 55.009475038037635], [-1.7751664023380727, 55.00983435867238], [-1.7764125703833997, 55.00983435867238], [-1.7770356544060633, 55.01019367930712], [-1.7770356544060633, 55.011630961846095], [-1.7751664023380727, 55.012708923750324], [-1.7739202342927456, 55.012708923750324], [-1.770804814179428, 55.01450552692404], [-1.770804814179428, 55.01522416819353], [-1.7701817301567644, 55.01558348882827], [-1.7664432260207832, 55.01558348882827], [-1.7658201419981197, 55.01594280946301], [-1.7658201419981197, 55.0166614507325], [-1.7676893940661103, 55.01773941263673], [-1.7689355621114373, 55.01773941263673], [-1.7695586461341009, 55.01809873327147], [-1.7695586461341009, 55.01881737454096], [-1.7701817301567644, 55.0191766951757], [-1.7714278982020915, 55.018458053906215], [-1.7751664023380727, 55.018458053906215], [-1.7764125703833997, 55.01773941263673], [-1.7789049064740539, 55.01773941263673], [-1.7795279904967174, 55.01809873327147], [-1.7795279904967174, 55.01881737454096], [-1.7776587384287268, 55.01989533644519], [-1.7764125703833997, 55.0191766951757], [-1.7757894863607362, 55.019536015810445], [-1.7757894863607362, 55.02097329834942], [-1.7764125703833997, 55.02133261898416], [-1.7776587384287268, 55.020613977714675], [-1.781397242564708, 55.020613977714675], [-1.7820203265873715, 55.02097329834942], [-1.7820203265873715, 55.021691939618904], [-1.782643410610035, 55.02205126025365], [-1.7838895786553621, 55.02205126025365], [-1.7845126626780257, 55.02241058088839], [-1.7838895786553621, 55.022769901523134], [-1.782643410610035, 55.022769901523134], [-1.781397242564708, 55.02205126025365], [-1.780151074519381, 55.02205126025365], [-1.7789049064740539, 55.022769901523134], [-1.7776587384287268, 55.022769901523134], [-1.7770356544060633, 55.02312922215788], [-1.7770356544060633, 55.02384786342736], [-1.7795279904967174, 55.025285145966336], [-1.7782818224513903, 55.02600378723582], [-1.7782818224513903, 55.02672242850531], [-1.7776587384287268, 55.02708174914005], [-1.7764125703833997, 55.026363107870566], [-1.7726740662474185, 55.026363107870566], [-1.772050982224755, 55.02600378723582], [-1.773297150270082, 55.025285145966336], [-1.773297150270082, 55.02312922215788], [-1.7726740662474185, 55.022769901523134], [-1.7701817301567644, 55.022769901523134], [-1.7695586461341009, 55.02312922215788], [-1.7695586461341009, 55.02384786342736], [-1.7676893940661103, 55.02492582533159], [-1.7664432260207832, 55.02492582533159], [-1.763950889930129, 55.02348854279262], [-1.7589662177488208, 55.02348854279262], [-1.7583431337261572, 55.02384786342736], [-1.7583431337261572, 55.025285145966336], [-1.7577200497034937, 55.02564446660108], [-1.7539815455675125, 55.02564446660108], [-1.753358461544849, 55.02600378723582], [-1.753358461544849, 55.02672242850531], [-1.752112293499522, 55.027441069774795], [-1.7527353775221854, 55.02780039040954], [-1.7552277136128396, 55.02780039040954], [-1.7564738816581666, 55.028519031679025], [-1.7577200497034937, 55.02780039040954], [-1.7583431337261572, 55.02815971104428], [-1.7570969656808302, 55.02887835231377], [-1.7595893017714843, 55.03031563485274], [-1.7583431337261572, 55.03103427612223], [-1.7583431337261572, 55.031752917391714], [-1.7595893017714843, 55.0324715586612], [-1.7589662177488208, 55.03283087929594], [-1.7577200497034937, 55.03211223802646], [-1.7564738816581666, 55.03211223802646], [-1.7558507976355031, 55.0324715586612], [-1.7558507976355031, 55.03390884120017], [-1.7552277136128396, 55.034268161834916], [-1.7539815455675125, 55.034268161834916], [-1.753358461544849, 55.03462748246966], [-1.753358461544849, 55.03678340627812], [-1.7539815455675125, 55.03714272691286], [-1.7577200497034937, 55.03714272691286], [-1.7583431337261572, 55.037502047547605], [-1.7570969656808302, 55.03822068881709], [-1.7570969656808302, 55.04037661262555], [-1.7558507976355031, 55.04109525389504], [-1.7564738816581666, 55.04145457452978], [-1.7577200497034937, 55.04145457452978], [-1.7583431337261572, 55.04181389516452], [-1.7570969656808302, 55.04253253643401], [-1.7570969656808302, 55.043251177703496], [-1.7558507976355031, 55.04396981897298], [-1.7558507976355031, 55.04684438405093], [-1.754604629590176, 55.047563025320414], [-1.7558507976355031, 55.0482816665899], [-1.7558507976355031, 55.04900030785939], [-1.7583431337261572, 55.05043759039836], [-1.7564738816581666, 55.05151555230259], [-1.7552277136128396, 55.05151555230259], [-1.754604629590176, 55.05187487293733], [-1.7558507976355031, 55.05259351420682], [-1.7539815455675125, 55.05367147611105], [-1.7527353775221854, 55.05367147611105], [-1.7508661254541948, 55.05474943801528], [-1.7508661254541948, 55.055468079284765], [-1.7477507053408772, 55.05726468245848], [-1.74650453729555, 55.05726468245848], [-1.7458814532728866, 55.05690536182374], [-1.7458814532728866, 55.05618672055425], [-1.745258369250223, 55.05582739991951], [-1.7433891171822324, 55.05690536182374], [-1.7433891171822324, 55.057624003093224], [-1.742766033159569, 55.05798332372797], [-1.7421429491369054, 55.057624003093224], [-1.7421429491369054, 55.05690536182374], [-1.7415198651142418, 55.056546041188994], [-1.7402736970689148, 55.056546041188994], [-1.7390275290235877, 55.05582739991951], [-1.7377813609782606, 55.05582739991951], [-1.7365351929329336, 55.05510875865002], [-1.7352890248876065, 55.05582739991951], [-1.7340428568422794, 55.05582739991951], [-1.733419772819616, 55.05618672055425], [-1.733419772819616, 55.05690536182374], [-1.7327966887969524, 55.05726468245848], [-1.7309274367289618, 55.05618672055425], [-1.7321736047742888, 55.055468079284765], [-1.7321736047742888, 55.05403079674579], [-1.733419772819616, 55.053312155476306], [-1.733419772819616, 55.05259351420682], [-1.7327966887969524, 55.052234193572076], [-1.7303043527062982, 55.052234193572076], [-1.7290581846609712, 55.05151555230259], [-1.727812016615644, 55.05151555230259], [-1.726565848570317, 55.0507969110331], [-1.7215811763890088, 55.0507969110331], [-1.7203350083436817, 55.05151555230259], [-1.7153503361623734, 55.05151555230259], [-1.71472725213971, 55.05187487293733], [-1.715973420185037, 55.05259351420682], [-1.71472725213971, 55.053312155476306], [-1.71472725213971, 55.0590612856322], [-1.7134810840943828, 55.05977992690168], [-1.7134810840943828, 55.06049856817117], [-1.71472725213971, 55.061217209440656], [-1.71472725213971, 55.06193585071014], [-1.7141041681170464, 55.062295171344886], [-1.7116118320263922, 55.062295171344886], [-1.7109887480037287, 55.06193585071014], [-1.7109887480037287, 55.06049856817117], [-1.7097425799584016, 55.05977992690168], [-1.7097425799584016, 55.0590612856322], [-1.707873327890411, 55.05798332372797], [-1.7028886557091027, 55.05798332372797], [-1.7016424876637757, 55.058701964997454], [-1.6979039835277945, 55.058701964997454], [-1.6966578154824674, 55.05942060626694], [-1.6916731433011591, 55.05942060626694], [-1.6910500592784956, 55.05977992690168], [-1.6910500592784956, 55.06049856817117], [-1.6916731433011591, 55.06085788880591], [-1.6954116474371403, 55.06085788880591], [-1.6960347314598039, 55.061217209440656], [-1.6947885634144768, 55.06193585071014], [-1.6954116474371403, 55.062295171344886], [-1.6979039835277945, 55.062295171344886], [-1.698527067550458, 55.06265449197963], [-1.698527067550458, 55.0640917745186], [-1.6979039835277945, 55.064451095153345], [-1.6929193113464862, 55.064451095153345], [-1.690426975255832, 55.06301381261437], [-1.687934639165178, 55.06301381261437], [-1.6873115551425144, 55.063373133249115], [-1.6898038912331685, 55.06481041578809], [-1.6873115551425144, 55.06624769832706], [-1.687934639165178, 55.066607018961804], [-1.690426975255832, 55.066607018961804], [-1.6910500592784956, 55.06696633959655], [-1.6910500592784956, 55.067684980866034], [-1.6898038912331685, 55.06840362213552], [-1.6898038912331685, 55.069122263405006], [-1.690426975255832, 55.06948158403975], [-1.6916731433011591, 55.06948158403975], [-1.6922962273238227, 55.06984090467449], [-1.6922962273238227, 55.071278187213466], [-1.6916731433011591, 55.07163750784821], [-1.690426975255832, 55.07163750784821], [-1.6885577231878415, 55.07055954594398], [-1.6898038912331685, 55.06984090467449], [-1.689180807210505, 55.06948158403975], [-1.6866884711198509, 55.06948158403975], [-1.6860653870971873, 55.069122263405006], [-1.6860653870971873, 55.06840362213552], [-1.6854423030745238, 55.06804430150078], [-1.6817037989385426, 55.06804430150078], [-1.6804576308932155, 55.06732566023129], [-1.6792114628478885, 55.06804430150078], [-1.6767191267572343, 55.06804430150078], [-1.6754729587119073, 55.06732566023129], [-1.6736037066439167, 55.06840362213552], [-1.6736037066439167, 55.069122263405006], [-1.6723575385985896, 55.06984090467449], [-1.6723575385985896, 55.07199682848295], [-1.6711113705532625, 55.07271546975244], [-1.6711113705532625, 55.0748713935609], [-1.670488286530599, 55.07523071419564], [-1.6698652025079355, 55.0748713935609], [-1.6698652025079355, 55.07271546975244], [-1.669242118485272, 55.072356149117695], [-1.6679959504399449, 55.072356149117695], [-1.6667497823946178, 55.07163750784821], [-1.6655036143492907, 55.07163750784821], [-1.6648805303266272, 55.071278187213466], [-1.6648805303266272, 55.07055954594398], [-1.6655036143492907, 55.070200225309236], [-1.6667497823946178, 55.070200225309236], [-1.6679959504399449, 55.07091886657872], [-1.6686190344626084, 55.07055954594398], [-1.6686190344626084, 55.067684980866034], [-1.6698652025079355, 55.06696633959655], [-1.6679959504399449, 55.06588837769232], [-1.6667497823946178, 55.06588837769232], [-1.6655036143492907, 55.066607018961804], [-1.6605189421679825, 55.066607018961804], [-1.6592727741226554, 55.06732566023129], [-1.6567804380320013, 55.06732566023129], [-1.6555342699866742, 55.066607018961804], [-1.6542881019413471, 55.066607018961804], [-1.65304193389602, 55.06732566023129], [-1.651795765850693, 55.06732566023129], [-1.650549597805366, 55.066607018961804], [-1.6468110936693847, 55.066607018961804], [-1.6461880096467212, 55.06696633959655], [-1.6468110936693847, 55.06732566023129], [-1.6480572617147118, 55.06732566023129], [-1.6493034297600389, 55.06804430150078], [-1.650549597805366, 55.06804430150078], [-1.651795765850693, 55.06876294277026], [-1.6580266060773283, 55.06876294277026], [-1.6586496900999919, 55.069122263405006], [-1.6586496900999919, 55.071278187213466], [-1.6592727741226554, 55.07163750784821], [-1.659895858145319, 55.071278187213466], [-1.659895858145319, 55.07055954594398], [-1.6617651102133095, 55.06948158403975], [-1.662388194235973, 55.06984090467449], [-1.662388194235973, 55.071278187213466], [-1.6592727741226554, 55.07307479038718], [-1.6555342699866742, 55.07307479038718], [-1.65304193389602, 55.074512072926154], [-1.650549597805366, 55.074512072926154], [-1.6493034297600389, 55.07379343165667], [-1.6480572617147118, 55.07379343165667], [-1.6474341776920483, 55.07415275229141], [-1.6474341776920483, 55.0748713935609], [-1.6486803457373753, 55.075590034830384], [-1.6486803457373753, 55.07630867609987], [-1.6474341776920483, 55.07702731736936], [-1.6474341776920483, 55.07774595863884], [-1.6486803457373753, 55.07846459990833], [-1.6486803457373753, 55.079183241177816], [-1.6499265137827024, 55.0799018824473], [-1.6499265137827024, 55.08062052371679], [-1.650549597805366, 55.08097984435153], [-1.6511726818280295, 55.08062052371679], [-1.6511726818280295, 55.079183241177816], [-1.651795765850693, 55.07882392054307], [-1.65304193389602, 55.07882392054307], [-1.6536650179186836, 55.079183241177816], [-1.6536650179186836, 55.08062052371679], [-1.651795765850693, 55.08169848562102], [-1.6493034297600389, 55.08169848562102], [-1.6486803457373753, 55.08205780625576], [-1.6486803457373753, 55.08277644752525], [-1.6499265137827024, 55.083495088794734], [-1.6493034297600389, 55.08385440942948], [-1.6480572617147118, 55.08385440942948], [-1.6461880096467212, 55.08277644752525], [-1.6461880096467212, 55.08062052371679], [-1.6455649256240577, 55.080261203082046], [-1.6443187575787306, 55.08097984435153], [-1.6430725895334035, 55.080261203082046], [-1.6418264214880764, 55.080261203082046], [-1.641203337465413, 55.0799018824473], [-1.641203337465413, 55.079183241177816], [-1.6387110013747588, 55.07774595863884], [-1.6387110013747588, 55.07702731736936], [-1.6362186652841046, 55.075590034830384], [-1.6362186652841046, 55.0748713935609], [-1.6368417493067682, 55.074512072926154], [-1.6380879173520952, 55.074512072926154], [-1.641203337465413, 55.07271546975244], [-1.641203337465413, 55.07199682848295], [-1.6405802534427494, 55.07163750784821], [-1.6393340853974223, 55.07163750784821], [-1.6374648333294317, 55.07271546975244], [-1.6374648333294317, 55.073434111021925], [-1.6368417493067682, 55.07379343165667], [-1.63185707712546, 55.07379343165667], [-1.6312339931027964, 55.07415275229141], [-1.6337263291934505, 55.075590034830384], [-1.6337263291934505, 55.07630867609987], [-1.6324801611481234, 55.07702731736936], [-1.6324801611481234, 55.07774595863884], [-1.6312339931027964, 55.07846459990833], [-1.6312339931027964, 55.079183241177816], [-1.6299878250574693, 55.0799018824473], [-1.6299878250574693, 55.08062052371679], [-1.6312339931027964, 55.081339164986275], [-1.6299878250574693, 55.08205780625576], [-1.6299878250574693, 55.08277644752525], [-1.6281185729894787, 55.08385440942948], [-1.6274954889668152, 55.083495088794734], [-1.6274954889668152, 55.08277644752525], [-1.6268724049441516, 55.082417126890505], [-1.626249320921488, 55.08277644752525], [-1.626249320921488, 55.083495088794734], [-1.6256262368988246, 55.08385440942948], [-1.6243800688534975, 55.08385440942948], [-1.623756984830834, 55.08421373006422], [-1.623756984830834, 55.08493237133371], [-1.6231339008081704, 55.08529169196845], [-1.6212646487401798, 55.08421373006422], [-1.6218877327628434, 55.08385440942948], [-1.6231339008081704, 55.08385440942948], [-1.623756984830834, 55.083495088794734], [-1.6231339008081704, 55.08313576815999], [-1.6218877327628434, 55.08313576815999], [-1.6206415647175163, 55.082417126890505], [-1.6193953966721892, 55.082417126890505], [-1.6187723126495257, 55.08205780625576], [-1.6193953966721892, 55.08169848562102], [-1.6206415647175163, 55.08169848562102], [-1.6218877327628434, 55.08097984435153], [-1.6243800688534975, 55.08097984435153], [-1.625003152876161, 55.08062052371679], [-1.625003152876161, 55.0799018824473], [-1.626249320921488, 55.079183241177816], [-1.626249320921488, 55.07846459990833], [-1.6256262368988246, 55.078105279273586], [-1.6218877327628434, 55.078105279273586], [-1.6200184806948528, 55.07702731736936], [-1.6200184806948528, 55.07630867609987], [-1.6187723126495257, 55.075590034830384], [-1.6187723126495257, 55.0748713935609], [-1.6206415647175163, 55.07379343165667], [-1.6231339008081704, 55.07379343165667], [-1.623756984830834, 55.073434111021925], [-1.623756984830834, 55.07271546975244], [-1.6231339008081704, 55.072356149117695], [-1.6218877327628434, 55.072356149117695], [-1.6206415647175163, 55.07307479038718], [-1.614410724490881, 55.07307479038718], [-1.613164556445554, 55.072356149117695], [-1.6119183884002268, 55.072356149117695], [-1.6069337162189186, 55.07100869673741], [-1.6056875481735915, 55.07091886657872], [-1.6044413801282644, 55.07091886657872], [-1.603818296105601, 55.071278187213466], [-1.606310632196255, 55.07271546975244], [-1.6044413801282644, 55.07379343165667], [-1.6031952120829374, 55.07379343165667], [-1.6025721280602738, 55.073434111021925], [-1.6025721280602738, 55.07199682848295], [-1.6019490440376103, 55.07163750784821], [-1.5994567079469562, 55.07163750784821], [-1.5988336239242926, 55.07199682848295], [-1.5988336239242926, 55.07415275229141], [-1.598210539901629, 55.074512072926154], [-1.596964371856302, 55.074512072926154], [-1.5963412878336385, 55.0748713935609], [-1.5963412878336385, 55.075590034830384], [-1.5932258677203208, 55.0773866380041], [-1.5919796996749938, 55.0773866380041], [-1.5907335316296667, 55.078105279273586], [-1.5894873635843396, 55.078105279273586], [-1.588864279561676, 55.07846459990833], [-1.588864279561676, 55.079183241177816], [-1.5882411955390126, 55.07954256181256], [-1.5857488594483584, 55.078105279273586], [-1.5832565233577043, 55.078105279273586], [-1.5820103553123772, 55.0773866380041], [-1.5807641872670501, 55.0773866380041], [-1.578271851176396, 55.07882392054307], [-1.5745333470404148, 55.07882392054307], [-1.5732871789950877, 55.07954256181256], [-1.5707948429044336, 55.07954256181256], [-1.5695486748591065, 55.080261203082046], [-1.5683025068137795, 55.080261203082046], [-1.567679422791116, 55.0799018824473], [-1.568925590836443, 55.079183241177816], [-1.568925590836443, 55.07846459990833], [-1.57017175888177, 55.07774595863884], [-1.57017175888177, 55.07702731736936], [-1.5714179269270971, 55.07630867609987], [-1.5714179269270971, 55.07415275229141], [-1.5726640949724242, 55.073434111021925], [-1.5726640949724242, 55.07199682848295], [-1.5720410109497607, 55.07163750784821], [-1.5695486748591065, 55.07163750784821], [-1.5670563387684524, 55.070200225309236], [-1.5658101707231253, 55.070200225309236], [-1.5645640026777983, 55.07091886657872], [-1.5633178346324712, 55.07091886657872], [-1.5620716665871441, 55.07163750784821], [-1.560825498541817, 55.07163750784821], [-1.5602024145191535, 55.071278187213466], [-1.5602024145191535, 55.07055954594398], [-1.55957933049649, 55.070200225309236], [-1.5570869944058359, 55.070200225309236], [-1.5545946583151817, 55.07163750784821], [-1.5496099861338735, 55.07163750784821], [-1.5483638180885464, 55.072356149117695], [-1.5477407340658829, 55.07199682848295], [-1.54898690211121, 55.071278187213466], [-1.54898690211121, 55.069122263405006], [-1.5483638180885464, 55.06876294277026], [-1.5477407340658829, 55.069122263405006], [-1.5477407340658829, 55.06984090467449], [-1.5471176500432193, 55.070200225309236], [-1.5433791459072381, 55.070200225309236], [-1.542132977861911, 55.06948158403975], [-1.540886809816584, 55.06948158403975], [-1.5402637257939205, 55.069122263405006], [-1.5402637257939205, 55.06840362213552], [-1.5415098938392475, 55.067684980866034], [-1.540886809816584, 55.06732566023129], [-1.539640641771257, 55.06732566023129], [-1.5383944737259299, 55.066607018961804], [-1.5359021376352757, 55.066607018961804], [-1.5340328855672851, 55.065529057057574], [-1.5340328855672851, 55.06481041578809], [-1.5352790536126122, 55.0640917745186], [-1.5352790536126122, 55.063373133249115], [-1.5359021376352757, 55.06301381261437], [-1.5383944737259299, 55.06301381261437], [-1.5390175577485934, 55.06265449197963], [-1.5390175577485934, 55.061217209440656], [-1.539640641771257, 55.06085788880591], [-1.5433791459072381, 55.06085788880591], [-1.5440022299299017, 55.06049856817117], [-1.5440022299299017, 55.05834264436271], [-1.5452483979752287, 55.057624003093224], [-1.5452483979752287, 55.05690536182374], [-1.5446253139525652, 55.056546041188994], [-1.5433791459072381, 55.056546041188994], [-1.5427560618845746, 55.05618672055425], [-1.5427560618845746, 55.055468079284765], [-1.542132977861911, 55.05510875865002], [-1.540886809816584, 55.05582739991951], [-1.539640641771257, 55.05582739991951], [-1.5383944737259299, 55.05510875865002], [-1.5371483056806028, 55.05510875865002], [-1.5365252216579393, 55.055468079284765], [-1.5365252216579393, 55.05618672055425], [-1.5377713897032663, 55.05690536182374], [-1.5359021376352757, 55.05798332372797], [-1.5334098015446216, 55.05798332372797], [-1.531540549476631, 55.05690536182374], [-1.532786717521958, 55.05618672055425], [-1.532786717521958, 55.055468079284765], [-1.5309174654539675, 55.054390117380535], [-1.5284251293633133, 55.05582739991951], [-1.5246866252273321, 55.05582739991951], [-1.5240635412046686, 55.055468079284765], [-1.5240635412046686, 55.053312155476306], [-1.523440457182005, 55.05295283484156], [-1.5228173731593415, 55.053312155476306], [-1.5228173731593415, 55.055468079284765], [-1.522194289136678, 55.05582739991951], [-1.520948121091351, 55.05582739991951], [-1.5203250370686874, 55.055468079284765], [-1.5203250370686874, 55.05474943801528], [-1.5190788690233603, 55.05403079674579], [-1.5190788690233603, 55.053312155476306], [-1.5178327009780332, 55.05259351420682], [-1.5190788690233603, 55.05187487293733], [-1.5184557850006968, 55.05151555230259], [-1.5172096169553697, 55.05151555230259], [-1.5165865329327062, 55.05187487293733], [-1.5165865329327062, 55.05259351420682], [-1.515340364887379, 55.053312155476306], [-1.5165865329327062, 55.05403079674579], [-1.5165865329327062, 55.055468079284765], [-1.5159634489100426, 55.05582739991951], [-1.5147172808647156, 55.05510875865002], [-1.5134711128193885, 55.05510875865002], [-1.512848028796725, 55.05474943801528], [-1.512848028796725, 55.053312155476306], [-1.511601860751398, 55.05259351420682], [-1.511601860751398, 55.05187487293733], [-1.512848028796725, 55.051156231667846], [-1.5097326086834073, 55.04935962849413], [-1.5084864406380802, 55.05007826976362], [-1.504747936502099, 55.05007826976362], [-1.5041248524794355, 55.049718949128874], [-1.5041248524794355, 55.04900030785939], [-1.503501768456772, 55.048640987224644], [-1.502255600411445, 55.04935962849413], [-1.4997632643207908, 55.04935962849413], [-1.4978940122528002, 55.05043759039836], [-1.4985170962754637, 55.0507969110331], [-1.4997632643207908, 55.0507969110331], [-1.5003863483434543, 55.051156231667846], [-1.4997632643207908, 55.05151555230259], [-1.4985170962754637, 55.05151555230259], [-1.4935324240941554, 55.048640987224644], [-1.492909340071492, 55.04900030785939], [-1.492909340071492, 55.049718949128874], [-1.4922862560488284, 55.05007826976362], [-1.4910400880035013, 55.05007826976362], [-1.4904170039808378, 55.049718949128874], [-1.492909340071492, 55.0482816665899], [-1.4922862560488284, 55.04792234595516], [-1.4910400880035013, 55.04792234595516], [-1.4885477519128472, 55.046485063416185], [-1.486055415822193, 55.046485063416185], [-1.4854323317995295, 55.04612574278144], [-1.4854323317995295, 55.04396981897298], [-1.484809247776866, 55.04361049833824], [-1.483563079731539, 55.04361049833824], [-1.4829399957088754, 55.043251177703496], [-1.4829399957088754, 55.04181389516452], [-1.483563079731539, 55.04145457452978], [-1.484809247776866, 55.04145457452978], [-1.4854323317995295, 55.04109525389504], [-1.4854323317995295, 55.04037661262555], [-1.4841861637542024, 55.039657971356064], [-1.4841861637542024, 55.03893933008658], [-1.4854323317995295, 55.03822068881709], [-1.484809247776866, 55.03786136818235], [-1.4823169116862118, 55.03786136818235], [-1.4810707436408848, 55.038580009451834], [-1.4798245755955577, 55.038580009451834], [-1.4773322395049036, 55.04001729199081], [-1.4760860714595765, 55.03929865072132], [-1.4735937353689224, 55.03929865072132], [-1.4723475673235953, 55.038580009451834], [-1.4698552312329412, 55.038580009451834], [-1.468609063187614, 55.03929865072132], [-1.4679859791649505, 55.03893933008658], [-1.4692321472102776, 55.03822068881709], [-1.4692321472102776, 55.03678340627812], [-1.468609063187614, 55.036424085643375], [-1.467362895142287, 55.036424085643375], [-1.4667398111196235, 55.03606476500863], [-1.467362895142287, 55.03570544437389], [-1.4698552312329412, 55.03570544437389], [-1.4704783152556047, 55.035346123739146], [-1.4692321472102776, 55.03462748246966], [-1.4692321472102776, 55.03390884120017], [-1.4679859791649505, 55.03319019993069], [-1.468609063187614, 55.03283087929594], [-1.4723475673235953, 55.03283087929594], [-1.4735937353689224, 55.03354952056543], [-1.4748399034142494, 55.03354952056543], [-1.475462987436913, 55.03319019993069], [-1.475462987436913, 55.03103427612223], [-1.4748399034142494, 55.030674955487484], [-1.4735937353689224, 55.03139359675697], [-1.4711013992782682, 55.03139359675697], [-1.468609063187614, 55.029956314218], [-1.46611672709696, 55.029956314218], [-1.4648705590516329, 55.02923767294851], [-1.4617551389383152, 55.03103427612223], [-1.4623782229609787, 55.03139359675697], [-1.4648705590516329, 55.03139359675697], [-1.4654936430742964, 55.031752917391714], [-1.4654936430742964, 55.03319019993069], [-1.4648705590516329, 55.03354952056543], [-1.4598858868703246, 55.03354952056543], [-1.4586397188249975, 55.034268161834916], [-1.458016634802334, 55.03390884120017], [-1.459262802847661, 55.03319019993069], [-1.459262802847661, 55.0324715586612], [-1.4586397188249975, 55.03211223802646], [-1.4573935507796705, 55.03211223802646], [-1.456770466757007, 55.031752917391714], [-1.456770466757007, 55.03031563485274], [-1.458016634802334, 55.029596993583255], [-1.4561473827343434, 55.028519031679025], [-1.4555242987116799, 55.02887835231377], [-1.4555242987116799, 55.03103427612223], [-1.4549012146890163, 55.03139359675697], [-1.4542781306663528, 55.03103427612223], [-1.4542781306663528, 55.03031563485274], [-1.4536550466436893, 55.029956314218], [-1.4530319626210257, 55.03031563485274], [-1.4530319626210257, 55.031752917391714], [-1.4524088785983622, 55.03211223802646], [-1.4511627105530351, 55.03139359675697], [-1.449916542507708, 55.03139359675697], [-1.4492934584850445, 55.03103427612223], [-1.4492934584850445, 55.029596993583255], [-1.447424206417054, 55.028519031679025], [-1.4461780383717269, 55.028519031679025], [-1.4449318703263998, 55.02923767294851], [-1.4436857022810727, 55.028519031679025], [-1.4424395342357457, 55.028519031679025], [-1.4418164502130821, 55.02815971104428], [-1.4430626182584092, 55.027441069774795], [-1.4430626182584092, 55.02600378723582], [-1.4424395342357457, 55.02564446660108], [-1.4374548620544374, 55.02564446660108], [-1.4368317780317739, 55.025285145966336], [-1.4368317780317739, 55.02384786342736], [-1.4374548620544374, 55.02348854279262], [-1.4387010300997645, 55.02348854279262], [-1.4399471981450915, 55.02420718406211], [-1.4411933661904186, 55.02348854279262], [-1.4424395342357457, 55.02348854279262], [-1.4430626182584092, 55.02312922215788], [-1.4430626182584092, 55.02241058088839], [-1.4436857022810727, 55.02205126025365], [-1.4449318703263998, 55.02205126025365], [-1.4455549543490633, 55.021691939618904], [-1.4455549543490633, 55.02025465707993], [-1.4449318703263998, 55.01989533644519], [-1.4436857022810727, 55.01989533644519], [-1.4424395342357457, 55.0191766951757], [-1.4411933661904186, 55.0191766951757], [-1.4387010300997645, 55.01773941263673], [-1.4349625259637833, 55.01773941263673], [-1.4337163579184562, 55.018458053906215], [-1.4330932738957927, 55.01809873327147], [-1.4343394419411197, 55.017380092001986], [-1.4330932738957927, 55.0166614507325], [-1.4343394419411197, 55.01594280946301], [-1.4343394419411197, 55.013786885654554], [-1.438077946077101, 55.011630961846095], [-1.438077946077101, 55.01091232057661], [-1.4374548620544374, 55.010552999941865], [-1.4362086940091103, 55.01127164121135], [-1.4355856099864468, 55.01091232057661], [-1.438077946077101, 55.009475038037635], [-1.438077946077101, 55.00875639676815], [-1.4399471981450915, 55.00767843486392], [-1.4430626182584092, 55.00516319042072], [-1.4436857022810727, 55.00471403962729], [-1.4441530152980704, 55.003725907881744], [-1.4453991833433975, 55.001569984073285], [-1.4455549543490633, 54.999414060264826], [-1.4461780383717269, 54.9989649094714], [-1.4466453513887245, 54.99797677772585], [-1.4468011223943904, 54.99725813645637], [-1.447424206417054, 54.99680898566294], [-1.447424206417054, 54.99627000471082], [-1.4468011223943904, 54.995820853917394], [-1.447424206417054, 54.995371703123965], [-1.4478915194340516, 54.993664930108935], [-1.4503838555247057, 54.991509006300475], [-1.4561473827343434, 54.9881852904291], [-1.4636243910063058, 54.9881852904291], [-1.467362895142287, 54.98890393169859], [-1.4773322395049036, 54.9881852904291], [-1.5010094323661178, 54.9881852904291], [-1.5017882873944473, 54.98863444122253], [-1.5027229134284426, 54.98863444122253], [-1.503501768456772, 54.9881852904291], [-1.5197019530460238, 54.987466649159614], [-1.5246866252273321, 54.98602936662064], [-1.5309174654539675, 54.983154801542696], [-1.5326309465162922, 54.981448028527666], [-1.5338771145616192, 54.97929210471921], [-1.5351232826069463, 54.971387050754856], [-1.5363694506522734, 54.965637920598965]]]}}, {"type": "Feature", "properties": {"band_id": "under_30", "order": 3}, "geometry": {"type": "Polygon", "coordinates": [[[-1.7431334764696658, 54.98107333633379], [-1.7440688848146237, 54.981140708579915], [-1.7446535150302225, 54.9814101975644], [-1.7459397015045397, 54.981612314302765], [-1.7468751098494977, 54.98215129227174], [-1.7478105181944557, 54.98221866451786], [-1.7482782223669346, 54.982488153502345], [-1.7468751098494977, 54.9832966204558], [-1.7450042931595817, 54.9832966204558], [-1.7440688848146237, 54.98275764248683], [-1.7421980681247078, 54.98275764248683], [-1.7412626597797498, 54.98221866451786], [-1.737521026399918, 54.98221866451786], [-1.737053322227439, 54.982488153502345], [-1.737053322227439, 54.985183043347206], [-1.737521026399918, 54.98545253233169], [-1.7384564347448759, 54.98545253233169], [-1.7389241389173549, 54.98572202131618], [-1.7389241389173549, 54.98626099928515], [-1.737521026399918, 54.98706946623861], [-1.735650209710002, 54.98706946623861], [-1.734714801365044, 54.98760844420758], [-1.733779393020086, 54.98760844420758], [-1.732843984675128, 54.98706946623861], [-1.732376280502649, 54.987338955223095], [-1.732376280502649, 54.98787793319207], [-1.73190857633017, 54.98814742217655], [-1.730973167985212, 54.98814742217655], [-1.730505463812733, 54.98841691116104], [-1.730505463812733, 54.98895588913001], [-1.730973167985212, 54.9892253781145], [-1.732843984675128, 54.9892253781145], [-1.733311688847607, 54.98949486709898], [-1.733311688847607, 54.990033845067956], [-1.733779393020086, 54.99030333405244], [-1.734714801365044, 54.98976435608347], [-1.735650209710002, 54.98976435608347], [-1.73658561805496, 54.99030333405244], [-1.737521026399918, 54.99030333405244], [-1.737988730572397, 54.99057282303693], [-1.737521026399918, 54.990842312021414], [-1.73658561805496, 54.990842312021414], [-1.736117913882481, 54.9911118010059], [-1.736117913882481, 54.99165077897487], [-1.73658561805496, 54.99192026795936], [-1.737521026399918, 54.99192026795936], [-1.737988730572397, 54.992189756943844], [-1.737053322227439, 54.992728734912816], [-1.737053322227439, 54.99434566881973], [-1.73658561805496, 54.99461515780422], [-1.735650209710002, 54.99461515780422], [-1.734714801365044, 54.99407617983525], [-1.732843984675128, 54.99407617983525], [-1.731440872157691, 54.994884646788705], [-1.731440872157691, 54.99542362475768], [-1.730973167985212, 54.99569311374216], [-1.730505463812733, 54.99542362475768], [-1.730505463812733, 54.994884646788705], [-1.729570055467775, 54.99434566881973], [-1.729570055467775, 54.99380669085076], [-1.730505463812733, 54.99326771288179], [-1.729102351295296, 54.99245924592833], [-1.7286346471228171, 54.992728734912816], [-1.7286346471228171, 54.99326771288179], [-1.7272315346053801, 54.99407617983525], [-1.7262961262604222, 54.99407617983525], [-1.7258284220879432, 54.99434566881973], [-1.7262961262604222, 54.99461515780422], [-1.7272315346053801, 54.99461515780422], [-1.7276992387778591, 54.994884646788705], [-1.7267638304329012, 54.99542362475768], [-1.7267638304329012, 54.99596260272665], [-1.7272315346053801, 54.996232091711136], [-1.729102351295296, 54.99515413577319], [-1.729570055467775, 54.99542362475768], [-1.7286346471228171, 54.99596260272665], [-1.7286346471228171, 54.99811851460254], [-1.7281669429503381, 54.998388003587024], [-1.7272315346053801, 54.998388003587024], [-1.7258284220879432, 54.997579536633566], [-1.7258284220879432, 54.997040558664594], [-1.7253607179154642, 54.99677106968011], [-1.7248930137429852, 54.997040558664594], [-1.7248930137429852, 54.997579536633566], [-1.7244253095705062, 54.99784902561805], [-1.7234899012255482, 54.99784902561805], [-1.7230221970530692, 54.99811851460254], [-1.7230221970530692, 54.999735448509455], [-1.7225544928805903, 55.00000493749394], [-1.7216190845356323, 55.00000493749394], [-1.7211513803631533, 55.00027442647843], [-1.7220867887081113, 55.0008134044474], [-1.7211513803631533, 55.00135238241637], [-1.7216190845356323, 55.00162187140086], [-1.7225544928805903, 55.00162187140086], [-1.7230221970530692, 55.00189136038534], [-1.7230221970530692, 55.002430338354316], [-1.7248930137429852, 55.00350829429226], [-1.7248930137429852, 55.004586250230204], [-1.7244253095705062, 55.00485573921469], [-1.7225544928805903, 55.00485573921469], [-1.7220867887081113, 55.00512522819918], [-1.7220867887081113, 55.00620318413712], [-1.7216190845356323, 55.00647267312161], [-1.7197482678457163, 55.00647267312161], [-1.7192805636732373, 55.00674216210609], [-1.7202159720181953, 55.007281140075065], [-1.7202159720181953, 55.00782011804404], [-1.7216190845356323, 55.008628584997496], [-1.7225544928805903, 55.008628584997496], [-1.7230221970530692, 55.00889807398198], [-1.7230221970530692, 55.009976029919926], [-1.7234899012255482, 55.01024551890441], [-1.7244253095705062, 55.00970654093544], [-1.7248930137429852, 55.009976029919926], [-1.7248930137429852, 55.0105150078889], [-1.7244253095705062, 55.010784496873384], [-1.7234899012255482, 55.010784496873384], [-1.7225544928805903, 55.01024551890441], [-1.7216190845356323, 55.010784496873384], [-1.7206836761906743, 55.010784496873384], [-1.7202159720181953, 55.01105398585787], [-1.7202159720181953, 55.012131941795815], [-1.7188128595007583, 55.01294040874927], [-1.7183451553282794, 55.01267091976479], [-1.7183451553282794, 55.012131941795815], [-1.7178774511558004, 55.01186245281133], [-1.7169420428108424, 55.01186245281133], [-1.7150712261209264, 55.01294040874927], [-1.7146035219484475, 55.01267091976479], [-1.7146035219484475, 55.01159296382684], [-1.7155389302934054, 55.01105398585787], [-1.7155389302934054, 55.0105150078889], [-1.7150712261209264, 55.01024551890441], [-1.7132004094310105, 55.01132347484236], [-1.7122650010860525, 55.01132347484236], [-1.7113295927410945, 55.010784496873384], [-1.7103941843961366, 55.010784496873384], [-1.7099264802236576, 55.01105398585787], [-1.7099264802236576, 55.01159296382684], [-1.7094587760511786, 55.01186245281133], [-1.7085233677062206, 55.01186245281133], [-1.7075879593612626, 55.01132347484236], [-1.7057171426713467, 55.01132347484236], [-1.7052494384988677, 55.01159296382684], [-1.7052494384988677, 55.012131941795815], [-1.7029109176364727, 55.013479386718245], [-1.7019755092915148, 55.013479386718245], [-1.7015078051190358, 55.01374887570273], [-1.7029109176364727, 55.01455734265619], [-1.7038463259814307, 55.01401836468722], [-1.7057171426713467, 55.01401836468722], [-1.7080556635337416, 55.01536580960965], [-1.7066525510163046, 55.016174276563106], [-1.7047817343263887, 55.016174276563106], [-1.7038463259814307, 55.015635298594134], [-1.7033786218089517, 55.01590478757862], [-1.7033786218089517, 55.01644376554759], [-1.7019755092915148, 55.01725223250105], [-1.7001046926015988, 55.01725223250105], [-1.6991692842566408, 55.01671325453208], [-1.6972984675667249, 55.01671325453208], [-1.6968307633942459, 55.016982743516564], [-1.6968307633942459, 55.01806069945451], [-1.6972984675667249, 55.018330188438995], [-1.6982338759116828, 55.018330188438995], [-1.7005723967740778, 55.019677633361425], [-1.6996369884291198, 55.0202166113304], [-1.6996369884291198, 55.02075558929937], [-1.7001046926015988, 55.021025078283856], [-1.7010401009465568, 55.021025078283856], [-1.7024432134639937, 55.021833545237314], [-1.7019755092915148, 55.0221030342218], [-1.7001046926015988, 55.0221030342218], [-1.6991692842566408, 55.02156405625283], [-1.6987015800841618, 55.021833545237314], [-1.6987015800841618, 55.0239894571132], [-1.6977661717392039, 55.024528435082175], [-1.6977661717392039, 55.02614536898909], [-1.6996369884291198, 55.027223324927036], [-1.6991692842566408, 55.02749281391152], [-1.6982338759116828, 55.02749281391152], [-1.6972984675667249, 55.02695383594255], [-1.694492242531851, 55.02695383594255], [-1.694024538359372, 55.02668434695806], [-1.694024538359372, 55.02560639102012], [-1.692621425841935, 55.02479792406666], [-1.689815200807061, 55.02479792406666], [-1.689347496634582, 55.02506741305115], [-1.69028290497954, 55.02560639102012], [-1.69028290497954, 55.02668434695806], [-1.689815200807061, 55.02695383594255], [-1.6860735674272291, 55.02695383594255], [-1.6856058632547501, 55.02668434695806], [-1.6856058632547501, 55.02506741305115], [-1.6865412715997081, 55.024528435082175], [-1.6865412715997081, 55.0239894571132], [-1.6860735674272291, 55.02371996812872], [-1.6851381590822712, 55.02371996812872], [-1.6846704549097922, 55.02345047914423], [-1.6846704549097922, 55.02291150117526], [-1.6832673423923552, 55.0221030342218], [-1.6776548923226073, 55.0221030342218], [-1.6771871881501283, 55.022372523206286], [-1.6771871881501283, 55.0239894571132], [-1.6748486672877334, 55.02533690203563], [-1.6701716255629435, 55.02533690203563], [-1.6697039213904645, 55.02560639102012], [-1.6697039213904645, 55.02614536898909], [-1.6678331047005486, 55.027223324927036], [-1.6678331047005486, 55.02830128086498], [-1.6659622880106326, 55.029379236802924], [-1.6659622880106326, 55.0299182147719], [-1.6664299921831116, 55.03018770375638], [-1.6683008088730276, 55.03018770375638], [-1.6687685130455066, 55.03045719274087], [-1.6687685130455066, 55.032074126647785], [-1.6683008088730276, 55.03234361563227], [-1.6673654005280696, 55.03234361563227], [-1.6668976963555906, 55.03261310461676], [-1.6668976963555906, 55.0336910605547], [-1.6654945838381536, 55.03449952750816], [-1.6645591754931957, 55.03449952750816], [-1.6636237671482377, 55.03503850547713], [-1.6626883588032797, 55.03503850547713], [-1.6617529504583217, 55.03449952750816], [-1.6589467254234478, 55.03611646141508], [-1.6552050920436159, 55.03611646141508], [-1.6547373878711369, 55.03638595039956], [-1.6556727962160949, 55.036924928368535], [-1.654269683698658, 55.03773339532199], [-1.6533342753537, 55.03773339532199], [-1.652398867008742, 55.038272373290965], [-1.651463458663784, 55.03773339532199], [-1.649592641973868, 55.03773339532199], [-1.64865723362891, 55.03719441735302], [-1.646786416938994, 55.03719441735302], [-1.645851008594036, 55.03773339532199], [-1.6449156002490781, 55.03773339532199], [-1.6444478960765991, 55.03800288430648], [-1.6444478960765991, 55.03854186227545], [-1.6439801919041201, 55.03881135125994], [-1.6421093752142042, 55.03881135125994], [-1.6407062626967672, 55.03800288430648], [-1.6407062626967672, 55.03746390633751], [-1.6402385585242882, 55.03719441735302], [-1.6346261084545404, 55.03719441735302], [-1.6336907001095824, 55.03665543938405], [-1.6327552917646244, 55.03665543938405], [-1.6322875875921454, 55.036924928368535], [-1.6322875875921454, 55.03800288430648], [-1.6299490667297505, 55.03935032922891], [-1.6290136583847925, 55.03935032922891], [-1.6285459542123135, 55.039619818213396], [-1.6285459542123135, 55.04015879618237], [-1.6290136583847925, 55.040428285166854], [-1.6299490667297505, 55.040428285166854], [-1.6308844750747085, 55.040967263135826], [-1.6318198834196664, 55.040967263135826], [-1.6322875875921454, 55.04123675212031], [-1.6322875875921454, 55.041775730089284], [-1.6318198834196664, 55.04204521907377], [-1.6308844750747085, 55.04204521907377], [-1.6299490667297505, 55.04258419704274], [-1.6271428416948766, 55.04258419704274], [-1.6266751375223976, 55.04285368602723], [-1.6285459542123135, 55.04393164196517], [-1.6280782500398345, 55.04420113094966], [-1.6271428416948766, 55.04366215298069], [-1.6262074333499186, 55.04420113094966], [-1.6252720250049606, 55.04420113094966], [-1.6248043208324816, 55.044470619934145], [-1.6248043208324816, 55.04500959790312], [-1.6257397291774396, 55.04554857587209], [-1.6252720250049606, 55.045818064856576], [-1.6243366166600026, 55.045818064856576], [-1.6229335041425657, 55.046626531810034], [-1.6229335041425657, 55.047165509779006], [-1.6224657999700867, 55.04743499876349], [-1.6219980957976077, 55.047165509779006], [-1.6219980957976077, 55.04608755384106], [-1.6215303916251287, 55.045818064856576], [-1.6205949832801707, 55.04635704282555], [-1.6196595749352127, 55.04635704282555], [-1.6177887582452968, 55.045279086887604], [-1.6168533499003388, 55.045279086887604], [-1.6163856457278598, 55.04500959790312], [-1.6163856457278598, 55.0433926639962], [-1.6149825332104228, 55.04258419704274], [-1.6131117165205069, 55.04258419704274], [-1.611240899830591, 55.0415062411048], [-1.610305491485633, 55.0415062411048], [-1.608902378968196, 55.04069777415134], [-1.609837787313154, 55.04015879618237], [-1.609370083140675, 55.03988930719788], [-1.608434674795717, 55.03988930719788], [-1.607966970623238, 55.039619818213396], [-1.609370083140675, 55.03881135125994], [-1.610305491485633, 55.03881135125994], [-1.610773195658112, 55.03854186227545], [-1.610305491485633, 55.038272373290965], [-1.608434674795717, 55.038272373290965], [-1.607966970623238, 55.03800288430648], [-1.607966970623238, 55.03746390633751], [-1.60703156227828, 55.036924928368535], [-1.60703156227828, 55.03638595039956], [-1.606563858105801, 55.03611646141508], [-1.604693041415885, 55.03719441735302], [-1.6037576330709271, 55.03719441735302], [-1.6023545205534901, 55.03638595039956], [-1.6023545205534901, 55.03584697243059], [-1.6018868163810112, 55.035577483446104], [-1.6009514080360532, 55.035577483446104], [-1.6004837038635742, 55.03584697243059], [-1.6004837038635742, 55.036924928368535], [-1.5986128871736582, 55.03800288430648], [-1.5986128871736582, 55.03854186227545], [-1.5990805913461372, 55.03881135125994], [-1.6000159996910952, 55.03881135125994], [-1.6014191122085322, 55.039619818213396], [-1.6014191122085322, 55.04069777415134], [-1.6009514080360532, 55.040967263135826], [-1.6004837038635742, 55.04069777415134], [-1.6004837038635742, 55.04015879618237], [-1.6000159996910952, 55.03988930719788], [-1.5995482955186162, 55.04015879618237], [-1.5995482955186162, 55.04069777415134], [-1.5990805913461372, 55.040967263135826], [-1.5981451830011792, 55.040967263135826], [-1.5972097746562213, 55.0415062411048], [-1.5962743663112633, 55.0415062411048], [-1.5958066621387843, 55.04123675212031], [-1.5958066621387843, 55.04069777415134], [-1.5953389579663053, 55.040428285166854], [-1.5948712537938263, 55.04069777415134], [-1.5948712537938263, 55.04123675212031], [-1.5944035496213473, 55.0415062411048], [-1.5934681412763894, 55.0415062411048], [-1.5925327329314314, 55.04204521907377], [-1.5920650287589524, 55.041775730089284], [-1.5920650287589524, 55.04123675212031], [-1.5930004371039104, 55.04069777415134], [-1.5930004371039104, 55.04015879618237], [-1.5925327329314314, 55.03988930719788], [-1.5906619162415154, 55.03988930719788], [-1.5901942120690364, 55.04015879618237], [-1.5901942120690364, 55.041775730089284], [-1.5897265078965575, 55.04204521907377], [-1.5864525786892045, 55.04015879618237], [-1.5864525786892045, 55.039619818213396], [-1.5859848745167255, 55.03935032922891], [-1.5822432411368936, 55.03935032922891], [-1.5813078327919357, 55.03988930719788], [-1.5794370161020197, 55.03988930719788], [-1.5775661994121037, 55.03881135125994], [-1.5756953827221878, 55.03881135125994], [-1.5747599743772298, 55.038272373290965], [-1.5738245660322718, 55.03881135125994], [-1.5733568618597928, 55.03854186227545], [-1.5733568618597928, 55.03800288430648], [-1.57008293265244, 55.03611646141508], [-1.569147524307482, 55.03611646141508], [-1.568679820135003, 55.03584697243059], [-1.568679820135003, 55.034230038523674], [-1.567744411790045, 55.0336910605547], [-1.567744411790045, 55.03261310461676], [-1.568212115962524, 55.03234361563227], [-1.57008293265244, 55.03227624338615], [-1.5738245660322718, 55.033354199324094], [-1.5756953827221878, 55.032949965847365], [-1.5728891576873139, 55.03241098787839], [-1.571018340997398, 55.03187200990942], [-1.57008293265244, 55.03133303194045], [-1.569615228479961, 55.03099617070984], [-1.568679820135003, 55.03045719274087], [-1.568679820135003, 55.0299182147719], [-1.569615228479961, 55.029379236802924], [-1.569615228479961, 55.02884025883395], [-1.568679820135003, 55.02830128086498], [-1.568679820135003, 55.027223324927036], [-1.568212115962524, 55.02695383594255], [-1.567744411790045, 55.027223324927036], [-1.567744411790045, 55.02776230289601], [-1.567276707617566, 55.028031791880494], [-1.566341299272608, 55.028031791880494], [-1.565873595100129, 55.02830128086498], [-1.565873595100129, 55.02884025883395], [-1.566809003445087, 55.029379236802924], [-1.56540589092765, 55.03018770375638], [-1.564938186755171, 55.0299182147719], [-1.564938186755171, 55.029379236802924], [-1.564470482582692, 55.02910974781844], [-1.562599665892776, 55.02910974781844], [-1.5616642575478181, 55.02964872578741], [-1.5607288492028601, 55.02964872578741], [-1.5602611450303812, 55.029379236802924], [-1.5602611450303812, 55.02884025883395], [-1.5597934408579022, 55.028570769849466], [-1.5588580325129442, 55.028570769849466], [-1.5583903283404652, 55.02830128086498], [-1.5583903283404652, 55.027223324927036], [-1.5569872158230282, 55.02641485797358], [-1.5560518074780703, 55.02641485797358], [-1.5546486949606333, 55.02560639102012], [-1.5551163991331123, 55.02533690203563], [-1.5560518074780703, 55.025875880004605], [-1.5579226241679862, 55.025875880004605], [-1.5583903283404652, 55.02560639102012], [-1.5579226241679862, 55.02533690203563], [-1.5569872158230282, 55.02533690203563], [-1.5560518074780703, 55.02479792406666], [-1.5551163991331123, 55.02479792406666], [-1.5546486949606333, 55.024528435082175], [-1.5546486949606333, 55.0239894571132], [-1.5541809907881543, 55.02371996812872], [-1.5513747657532804, 55.02371996812872], [-1.5499716532358434, 55.02291150117526], [-1.5509070615808014, 55.022372523206286], [-1.5495039490633644, 55.02156405625283], [-1.5485685407184064, 55.02156405625283], [-1.5481008365459275, 55.02129456726834], [-1.5490362448908854, 55.02075558929937], [-1.5490362448908854, 55.0202166113304], [-1.5485685407184064, 55.01994712234591], [-1.5466977240284905, 55.021025078283856], [-1.5457623156835325, 55.021025078283856], [-1.5448269073385745, 55.02156405625283], [-1.5420206823037006, 55.02156405625283], [-1.5410852739587426, 55.0221030342218], [-1.5401498656137846, 55.0221030342218], [-1.5392144572688267, 55.02156405625283], [-1.5382790489238687, 55.02156405625283], [-1.5373436405789107, 55.0221030342218], [-1.5368759364064317, 55.021833545237314], [-1.5368759364064317, 55.01913865539245], [-1.5359405280614737, 55.01859967742348], [-1.5368759364064317, 55.01806069945451], [-1.5368759364064317, 55.01752172148554], [-1.5364082322339527, 55.01725223250105], [-1.5354728238889948, 55.01725223250105], [-1.5345374155440368, 55.01779121047002], [-1.5336020071990788, 55.01779121047002], [-1.5326665988541208, 55.01725223250105], [-1.5317311905091628, 55.01779121047002], [-1.5312634863366839, 55.01752172148554], [-1.5307957821642049, 55.01624164880923], [-1.5303280779917259, 55.01590478757862], [-1.5307957821642049, 55.015635298594134], [-1.5317311905091628, 55.015635298594134], [-1.5336020071990788, 55.01671325453208], [-1.5345374155440368, 55.01671325453208], [-1.5350051197165158, 55.01644376554759], [-1.5307957821642049, 55.01401836468722], [-1.527989557129331, 55.015635298594134], [-1.527054148784373, 55.015635298594134], [-1.526118740439415, 55.016174276563106], [-1.525183332094457, 55.016174276563106], [-1.524247923749499, 55.01671325453208], [-1.52378021957702, 55.01644376554759], [-1.52378021957702, 55.01590478757862], [-1.524247923749499, 55.015635298594134], [-1.525183332094457, 55.015635298594134], [-1.525651036266936, 55.01536580960965], [-1.524715627921978, 55.014826831640676], [-1.525651036266936, 55.0142878536717], [-1.525651036266936, 55.01320989773376], [-1.526586444611894, 55.01267091976479], [-1.524247923749499, 55.01132347484236], [-1.523312515404541, 55.01132347484236], [-1.522844811232062, 55.01159296382684], [-1.522844811232062, 55.012131941795815], [-1.521441698714625, 55.01294040874927], [-1.5205062903696671, 55.0124014307803], [-1.5195708820247091, 55.0124014307803], [-1.5191031778522301, 55.01267091976479], [-1.5191031778522301, 55.01320989773376], [-1.5186354736797512, 55.013479386718245], [-1.5177000653347932, 55.013479386718245], [-1.5172323611623142, 55.01320989773376], [-1.5172323611623142, 55.01159296382684], [-1.5158292486448772, 55.010784496873384], [-1.5153615444723982, 55.01105398585787], [-1.5153615444723982, 55.01159296382684], [-1.5148938402999192, 55.01186245281133], [-1.5139584319549613, 55.01132347484236], [-1.5130230236100033, 55.01132347484236], [-1.5120876152650453, 55.010784496873384], [-1.5111522069200873, 55.010784496873384], [-1.5106845027476083, 55.0105150078889], [-1.5106845027476083, 55.009976029919926], [-1.5102167985751294, 55.00970654093544], [-1.5092813902301714, 55.00970654093544], [-1.5083459818852134, 55.00916756296647], [-1.5055397568503395, 55.00916756296647], [-1.5050720526778605, 55.00889807398198], [-1.5050720526778605, 55.00835909601301], [-1.5041366443329025, 55.00782011804404], [-1.5050720526778605, 55.007281140075065], [-1.5050720526778605, 55.00674216210609], [-1.5060074610228185, 55.00620318413712], [-1.5060074610228185, 55.00566420616815], [-1.5064751651952974, 55.00539471718366], [-1.5074105735402554, 55.005933695152635], [-1.5083459818852134, 55.005933695152635], [-1.5092813902301714, 55.00539471718366], [-1.5097490944026504, 55.00566420616815], [-1.5078782777127344, 55.00674216210609], [-1.5083459818852134, 55.00701165109058], [-1.5092813902301714, 55.00701165109058], [-1.5102167985751294, 55.00647267312161], [-1.5120876152650453, 55.00647267312161], [-1.5130230236100033, 55.005933695152635], [-1.5139584319549613, 55.005933695152635], [-1.5144261361274403, 55.00566420616815], [-1.5144261361274403, 55.00512522819918], [-1.5139584319549613, 55.00485573921469], [-1.5111522069200873, 55.00485573921469], [-1.5106845027476083, 55.004586250230204], [-1.5106845027476083, 55.00404727226123], [-1.5102167985751294, 55.003777783276746], [-1.5083459818852134, 55.003777783276746], [-1.5069428693677764, 55.00296931632329], [-1.5074105735402554, 55.0026998273388], [-1.5102167985751294, 55.0026998273388], [-1.5106845027476083, 55.002430338354316], [-1.5106845027476083, 55.00135238241637], [-1.5116199110925663, 55.0008134044474], [-1.5116199110925663, 55.00027442647843], [-1.5120876152650453, 55.00000493749394], [-1.5130230236100033, 55.00000493749394], [-1.5134907277824823, 54.999735448509455], [-1.5134907277824823, 54.99919647054048], [-1.5130230236100033, 54.998926981556], [-1.5120876152650453, 54.998926981556], [-1.5111522069200873, 54.99946595952497], [-1.5106845027476083, 54.99919647054048], [-1.5116199110925663, 54.99865749257151], [-1.5106845027476083, 54.99811851460254], [-1.5106845027476083, 54.997579536633566], [-1.5116199110925663, 54.997040558664594], [-1.5116199110925663, 54.99596260272665], [-1.5111522069200873, 54.99569311374216], [-1.5102167985751294, 54.99569311374216], [-1.5092813902301714, 54.99515413577319], [-1.5083459818852134, 54.99515413577319], [-1.5064751651952974, 54.99407617983525], [-1.5055397568503395, 54.99407617983525], [-1.5046043485053815, 54.993537201866275], [-1.5036689401604235, 54.993537201866275], [-1.5032012359879445, 54.99326771288179], [-1.5041366443329025, 54.992728734912816], [-1.5041366443329025, 54.9911118010059], [-1.5050720526778605, 54.99057282303693], [-1.5050720526778605, 54.990033845067956], [-1.5064751651952974, 54.9892253781145], [-1.5074105735402554, 54.9892253781145], [-1.5083459818852134, 54.988686400145525], [-1.5092813902301714, 54.988686400145525], [-1.5102167985751294, 54.9892253781145], [-1.5111522069200873, 54.9892253781145], [-1.5106845027476083, 54.98841691116104], [-1.5111522069200873, 54.98808004993043], [-1.5177000653347932, 54.98754107196146], [-1.5195708820247091, 54.98754107196146], [-1.523312515404541, 54.986463116023515], [-1.5307957821642049, 54.983768226178654], [-1.532081968638522, 54.982488153502345], [-1.5321988946816418, 54.98194917553337], [-1.5326665988541208, 54.981612314302765], [-1.53301737698348, 54.98087121959543], [-1.533952785328438, 54.97871530771954], [-1.534888193673396, 54.974942461936735], [-1.535823602018354, 54.967935748340096], [-1.536759010363312, 54.96470188052626], [-1.5373436405789107, 54.964365019295656], [-1.5420206823037006, 54.96220910741977], [-1.5438914989936166, 54.961670129450795], [-1.5476331323734485, 54.96113115148182], [-1.5504393574083224, 54.96005319554388], [-1.5541809907881543, 54.959514217574906], [-1.556636437693669, 54.96092903474346], [-1.5588580325129442, 54.961670129450795], [-1.563535074237734, 54.96382604132668], [-1.569147524307482, 54.96490399726463], [-1.5785016077570617, 54.96490399726463], [-1.5846986880424083, 54.96847472630907], [-1.5887910995515995, 54.97029377695435], [-1.5911296204139944, 54.97029377695435], [-1.5878556912066415, 54.96935056550865], [-1.5863356526460848, 54.96847472630907], [-1.5835294276112108, 54.96631881443318], [-1.5785016077570617, 54.96396078581893], [-1.5747599743772298, 54.96396078581893], [-1.5719537493423559, 54.9644997637879], [-1.57008293265244, 54.9644997637879], [-1.567276707617566, 54.96396078581893], [-1.5616642575478181, 54.96180487394304], [-1.5592088106423034, 54.960390056774486], [-1.5551163991331123, 54.958571006129205], [-1.5532455824431963, 54.958571006129205], [-1.5504393574083224, 54.95910998409818], [-1.5466977240284905, 54.96018794003612], [-1.5410852739587426, 54.96072691800509], [-1.5373436405789107, 54.961265895974066], [-1.5341866374146775, 54.965240858495235], [-1.5332512290697196, 54.96847472630907], [-1.5332512290697196, 54.97063063818496], [-1.5323158207247616, 54.972247572091874], [-1.5317311905091628, 54.97251706107636], [-1.5298603738192469, 54.97251706107636], [-1.529392669646768, 54.972247572091874], [-1.5303280779917259, 54.9717085941229], [-1.5298603738192469, 54.971439105138415], [-1.528924965474289, 54.971439105138415], [-1.527989557129331, 54.97197808310739], [-1.527521852956852, 54.9717085941229], [-1.52845726130181, 54.97116961615393], [-1.52845726130181, 54.97063063818496], [-1.527054148784373, 54.9698221712315], [-1.526118740439415, 54.9698221712315], [-1.525651036266936, 54.96955268224701], [-1.525651036266936, 54.96847472630907], [-1.525183332094457, 54.96820523732458], [-1.524247923749499, 54.96820523732458], [-1.52378021957702, 54.96847472630907], [-1.524715627921978, 54.96901370427804], [-1.524715627921978, 54.96955268224701], [-1.524247923749499, 54.9698221712315], [-1.52378021957702, 54.96955268224701], [-1.52378021957702, 54.96901370427804], [-1.523312515404541, 54.968744215293555], [-1.522844811232062, 54.96901370427804], [-1.522844811232062, 54.96955268224701], [-1.521441698714625, 54.97036114920047], [-1.520973994542146, 54.970091660215985], [-1.521909402887104, 54.96955268224701], [-1.521909402887104, 54.96901370427804], [-1.520973994542146, 54.96847472630907], [-1.521909402887104, 54.967935748340096], [-1.520973994542146, 54.967396770371124], [-1.520973994542146, 54.96685779240215], [-1.5205062903696671, 54.966588303417666], [-1.5177000653347932, 54.966588303417666], [-1.5167646569898352, 54.966049325448694], [-1.5158292486448772, 54.966588303417666], [-1.5153615444723982, 54.96631881443318], [-1.5153615444723982, 54.965240858495235], [-1.5148938402999192, 54.96497136951075], [-1.5139584319549613, 54.96497136951075], [-1.5134907277824823, 54.96470188052626], [-1.5134907277824823, 54.96416290255729], [-1.5125553194375243, 54.96362392458832], [-1.5125553194375243, 54.962545968650375], [-1.5116199110925663, 54.9620069906814], [-1.5134907277824823, 54.96092903474346], [-1.5130230236100033, 54.96065954575897], [-1.5120876152650453, 54.96065954575897], [-1.5111522069200873, 54.961198523727944], [-1.5106845027476083, 54.96092903474346], [-1.5125553194375243, 54.959851078805514], [-1.5125553194375243, 54.95931210083654], [-1.5134907277824823, 54.95877312286757], [-1.5130230236100033, 54.95850363388308], [-1.5120876152650453, 54.95850363388308], [-1.5116199110925663, 54.9582341448986], [-1.5116199110925663, 54.95661721099168], [-1.5106845027476083, 54.95607823302271], [-1.5111522069200873, 54.95580874403822], [-1.5130230236100033, 54.95688669997617], [-1.5134907277824823, 54.95661721099168], [-1.5134907277824823, 54.955000277084764], [-1.5162969528173562, 54.95338334317785], [-1.5162969528173562, 54.952844365208875], [-1.5167646569898352, 54.95257487622439], [-1.5177000653347932, 54.95257487622439], [-1.5181677695072722, 54.9523053872399], [-1.5181677695072722, 54.947454585519154], [-1.5167646569898352, 54.946646118565695], [-1.5153615444723982, 54.947454585519154], [-1.5153615444723982, 54.9485325414571], [-1.5148938402999192, 54.948802030441584], [-1.5130230236100033, 54.948802030441584], [-1.5125553194375243, 54.9485325414571], [-1.5125553194375243, 54.947993563488126], [-1.5130230236100033, 54.94772407450364], [-1.5139584319549613, 54.94772407450364], [-1.5144261361274403, 54.947454585519154], [-1.5120876152650453, 54.94610714059672], [-1.5111522069200873, 54.94610714059672], [-1.5106845027476083, 54.94583765161224], [-1.5106845027476083, 54.945298673643265], [-1.5116199110925663, 54.94475969567429], [-1.5116199110925663, 54.94422071770532], [-1.5120876152650453, 54.943951228720834], [-1.5130230236100033, 54.943951228720834], [-1.5139584319549613, 54.94449020668981], [-1.5148938402999192, 54.943951228720834], [-1.5158292486448772, 54.943951228720834], [-1.5167646569898352, 54.94449020668981], [-1.5177000653347932, 54.94449020668981], [-1.5186354736797512, 54.94502918465878], [-1.5195708820247091, 54.94449020668981], [-1.5205062903696671, 54.94449020668981], [-1.522844811232062, 54.943142761767376], [-1.522844811232062, 54.942603783798404], [-1.524247923749499, 54.941795316844946], [-1.525183332094457, 54.941795316844946], [-1.526118740439415, 54.941256338875974], [-1.527054148784373, 54.941256338875974], [-1.527521852956852, 54.94098684989149], [-1.527521852956852, 54.93990889395354], [-1.527989557129331, 54.93963940496906], [-1.528924965474289, 54.93963940496906], [-1.5298603738192469, 54.939100427000085], [-1.5307957821642049, 54.939100427000085], [-1.5312634863366839, 54.9388309380156], [-1.5312634863366839, 54.93829196004663], [-1.5307957821642049, 54.93802247106214], [-1.5298603738192469, 54.93802247106214], [-1.529392669646768, 54.937752982077654], [-1.529392669646768, 54.93721400410868], [-1.5307957821642049, 54.936405537155224], [-1.5317311905091628, 54.936405537155224], [-1.5326665988541208, 54.936944515124196], [-1.5336020071990788, 54.936405537155224], [-1.5354728238889948, 54.936405537155224], [-1.5359405280614737, 54.93613604817074], [-1.5359405280614737, 54.935058092232794], [-1.5373436405789107, 54.934249625279335], [-1.5382790489238687, 54.934249625279335], [-1.5392144572688267, 54.93478860324831], [-1.5429560906486586, 54.93478860324831], [-1.5434237948211376, 54.93451911426382], [-1.5434237948211376, 54.93398013629485], [-1.5415529781312216, 54.932902180356905], [-1.5420206823037006, 54.93263269137242], [-1.5429560906486586, 54.93263269137242], [-1.5434237948211376, 54.932902180356905], [-1.5434237948211376, 54.93344115832588], [-1.5438914989936166, 54.93371064731036], [-1.5485685407184064, 54.93371064731036], [-1.5495039490633644, 54.93317166934139], [-1.5504393574083224, 54.93317166934139], [-1.5523101740982383, 54.93209371340345], [-1.5532455824431963, 54.93209371340345], [-1.5551163991331123, 54.9310157574655], [-1.5560518074780703, 54.9310157574655], [-1.5565195116505492, 54.930746268481016], [-1.5555841033055913, 54.930207290512044], [-1.5555841033055913, 54.92966831254307], [-1.5560518074780703, 54.929398823558586], [-1.5579226241679862, 54.929398823558586], [-1.5588580325129442, 54.92885984558961], [-1.5597934408579022, 54.929398823558586], [-1.5616642575478181, 54.929398823558586], [-1.5621319617202971, 54.9291293345741], [-1.5621319617202971, 54.92751240066718], [-1.563535074237734, 54.926703933713725], [-1.567276707617566, 54.926703933713725], [-1.568212115962524, 54.92616495574475], [-1.57008293265244, 54.92616495574475], [-1.5724214535148349, 54.92481751082232], [-1.5724214535148349, 54.92427853285335], [-1.5738245660322718, 54.92347006589989], [-1.5747599743772298, 54.924009043868864], [-1.5756953827221878, 54.924009043868864], [-1.5766307910671458, 54.924548021837836], [-1.5775661994121037, 54.924009043868864], [-1.5780339035845827, 54.92427853285335], [-1.5761630868946668, 54.925356488791294], [-1.5766307910671458, 54.92562597777578], [-1.5794370161020197, 54.92562597777578], [-1.5799047202744987, 54.92589546676027], [-1.5799047202744987, 54.92643444472924], [-1.5803724244469777, 54.926703933713725], [-1.5850494661717676, 54.926703933713725], [-1.5855171703442466, 54.92643444472924], [-1.5855171703442466, 54.92427853285335], [-1.5845817619992886, 54.92373955488438], [-1.5850494661717676, 54.92347006589989], [-1.5859848745167255, 54.92347006589989], [-1.5864525786892045, 54.923200576915406], [-1.5864525786892045, 54.92104466503952], [-1.5855171703442466, 54.920505687070545], [-1.5855171703442466, 54.9194277311326], [-1.5845817619992886, 54.91888875316363], [-1.5845817619992886, 54.918349775194656], [-1.5836463536543306, 54.917810797225684], [-1.5845817619992886, 54.91727181925671], [-1.5845817619992886, 54.91673284128774], [-1.5836463536543306, 54.91619386331877], [-1.5836463536543306, 54.91511590738082], [-1.5845817619992886, 54.91457692941185], [-1.5845817619992886, 54.91188203956699], [-1.5850494661717676, 54.911612550582504], [-1.5869202828616835, 54.911612550582504], [-1.5873879870341625, 54.91188203956699], [-1.5873879870341625, 54.91242101753596], [-1.5887910995515995, 54.91322948448942], [-1.5906619162415154, 54.91322948448942], [-1.5911296204139944, 54.91349897347391], [-1.5911296204139944, 54.91403795144288], [-1.5915973245864734, 54.914307440427365], [-1.5934681412763894, 54.914307440427365], [-1.5939358454488683, 54.91457692941185], [-1.5939358454488683, 54.91511590738082], [-1.5948712537938263, 54.915654885349795], [-1.5948712537938263, 54.91619386331877], [-1.5962743663112633, 54.917002330272226], [-1.5972097746562213, 54.917002330272226], [-1.5981451830011792, 54.91646335230325], [-1.5990805913461372, 54.91646335230325], [-1.5995482955186162, 54.91619386331877], [-1.5995482955186162, 54.91511590738082], [-1.6000159996910952, 54.91484641839634], [-1.6004837038635742, 54.91511590738082], [-1.6004837038635742, 54.91619386331877], [-1.6014191122085322, 54.91673284128774], [-1.6014191122085322, 54.9194277311326], [-1.6018868163810112, 54.91969722011709], [-1.6028222247259691, 54.91969722011709], [-1.6032899288984481, 54.9194277311326], [-1.6032899288984481, 54.91888875316363], [-1.604225337243406, 54.918349775194656], [-1.604225337243406, 54.917810797225684], [-1.6023545205534901, 54.91673284128774], [-1.6023545205534901, 54.91511590738082], [-1.5995482955186162, 54.91349897347391], [-1.6004837038635742, 54.912959995504934], [-1.6004837038635742, 54.91242101753596], [-1.6009514080360532, 54.912151528551476], [-1.6018868163810112, 54.912151528551476], [-1.6023545205534901, 54.91188203956699], [-1.6018868163810112, 54.911612550582504], [-1.6009514080360532, 54.911612550582504], [-1.6004837038635742, 54.91134306159802], [-1.6004837038635742, 54.910804083629046], [-1.5995482955186162, 54.91026510566007], [-1.5995482955186162, 54.90918714972213], [-1.6009514080360532, 54.90837868276867], [-1.6018868163810112, 54.90837868276867], [-1.6028222247259691, 54.9078397047997], [-1.6037576330709271, 54.9078397047997], [-1.604225337243406, 54.908109193784185], [-1.604225337243406, 54.90864817175316], [-1.6032899288984481, 54.90918714972213], [-1.6032899288984481, 54.9097261276911], [-1.6023545205534901, 54.91026510566007], [-1.6037576330709271, 54.91107357261353], [-1.604225337243406, 54.910804083629046], [-1.604225337243406, 54.91026510566007], [-1.606563858105801, 54.90891766073764], [-1.607499266450759, 54.909456638706615], [-1.608434674795717, 54.909456638706615], [-1.609370083140675, 54.90999561667559], [-1.6159179415553808, 54.90999561667559], [-1.6173210540728178, 54.910804083629046], [-1.6173210540728178, 54.91457692941185], [-1.6168533499003388, 54.91484641839634], [-1.6159179415553808, 54.91484641839634], [-1.6154502373829018, 54.91511590738082], [-1.6154502373829018, 54.91619386331877], [-1.6149825332104228, 54.91646335230325], [-1.612176308175549, 54.91646335230325], [-1.61170860400307, 54.91673284128774], [-1.6131117165205069, 54.9175413082412], [-1.6140471248654649, 54.9175413082412], [-1.6149825332104228, 54.917002330272226], [-1.6159179415553808, 54.917002330272226], [-1.6168533499003388, 54.91646335230325], [-1.6177887582452968, 54.91646335230325], [-1.6187241665902548, 54.91592437433428], [-1.6196595749352127, 54.91592437433428], [-1.6215303916251287, 54.91484641839634], [-1.6224657999700867, 54.91484641839634], [-1.6234012083150446, 54.91538539636531], [-1.6252720250049606, 54.91538539636531], [-1.6262074333499186, 54.91592437433428], [-1.6271428416948766, 54.91592437433428], [-1.6276105458673555, 54.91619386331877], [-1.6276105458673555, 54.920505687070545], [-1.6285459542123135, 54.92104466503952], [-1.6285459542123135, 54.92266159894643], [-1.6290136583847925, 54.92293108793092], [-1.6318198834196664, 54.92293108793092], [-1.6327552917646244, 54.92347006589989], [-1.6355615167994983, 54.92347006589989], [-1.6374323334894143, 54.924548021837836], [-1.6383677418343723, 54.924548021837836], [-1.6393031501793303, 54.924009043868864], [-1.6411739668692462, 54.924009043868864], [-1.6416416710417252, 54.92427853285335], [-1.6416416710417252, 54.92481751082232], [-1.6425770793866832, 54.925356488791294], [-1.6425770793866832, 54.92643444472924], [-1.6453833044215571, 54.928051378636155], [-1.6453833044215571, 54.92859035660513], [-1.645851008594036, 54.92885984558961], [-1.646786416938994, 54.92885984558961], [-1.648189529456431, 54.92966831254307], [-1.648189529456431, 54.930207290512044], [-1.649124937801389, 54.930746268481016], [-1.649124937801389, 54.93182422441896], [-1.649592641973868, 54.93209371340345], [-1.652398867008742, 54.93209371340345], [-1.652866571181221, 54.93182422441896], [-1.652866571181221, 54.93128524644999], [-1.653801979526179, 54.930746268481016], [-1.6533342753537, 54.93047677949653], [-1.651463458663784, 54.93047677949653], [-1.650060346146347, 54.92966831254307], [-1.650995754491305, 54.9291293345741], [-1.650060346146347, 54.92859035660513], [-1.650528050318826, 54.92832086762064], [-1.651463458663784, 54.92885984558961], [-1.652398867008742, 54.92832086762064], [-1.654269683698658, 54.92832086762064], [-1.6552050920436159, 54.92885984558961], [-1.6561405003885739, 54.92885984558961], [-1.6570759087335318, 54.929398823558586], [-1.6580113170784898, 54.929398823558586], [-1.6589467254234478, 54.92993780152756], [-1.6598821337684058, 54.929398823558586], [-1.6636237671482377, 54.929398823558586], [-1.6640914713207167, 54.92966831254307], [-1.6640914713207167, 54.932902180356905], [-1.6636237671482377, 54.93317166934139], [-1.6626883588032797, 54.93263269137242], [-1.6617529504583217, 54.93317166934139], [-1.6598821337684058, 54.93317166934139], [-1.6594144295959268, 54.93344115832588], [-1.6608175421133637, 54.934249625279335], [-1.6617529504583217, 54.934249625279335], [-1.6626883588032797, 54.93478860324831], [-1.6636237671482377, 54.93478860324831], [-1.6640914713207167, 54.935058092232794], [-1.6640914713207167, 54.93613604817074], [-1.6654945838381536, 54.936944515124196], [-1.6664299921831116, 54.936405537155224], [-1.6683008088730276, 54.936405537155224], [-1.6687685130455066, 54.93667502613971], [-1.6687685130455066, 54.937752982077654], [-1.6683008088730276, 54.93802247106214], [-1.6664299921831116, 54.93802247106214], [-1.6659622880106326, 54.93829196004663], [-1.6659622880106326, 54.9388309380156], [-1.6664299921831116, 54.939100427000085], [-1.6683008088730276, 54.939100427000085], [-1.6692362172179855, 54.93963940496906], [-1.6701716255629435, 54.93963940496906], [-1.6715747380803805, 54.940447871922515], [-1.6715747380803805, 54.94152582786046], [-1.6706393297354225, 54.94206480582943], [-1.6706393297354225, 54.942603783798404], [-1.6701716255629435, 54.94287327278289], [-1.6692362172179855, 54.94287327278289], [-1.6687685130455066, 54.943142761767376], [-1.6701716255629435, 54.943951228720834], [-1.6720424422528595, 54.943951228720834], [-1.6729778505978175, 54.94449020668981], [-1.6739132589427754, 54.94449020668981], [-1.6753163714602124, 54.945298673643265], [-1.6753163714602124, 54.94637662958121], [-1.6757840756326914, 54.946646118565695], [-1.6785903006675653, 54.946646118565695], [-1.6795257090125233, 54.94610714059672], [-1.6804611173574813, 54.94610714059672], [-1.6809288215299603, 54.94637662958121], [-1.6799934131850023, 54.94691560755018], [-1.6799934131850023, 54.947454585519154], [-1.6790580048400443, 54.947993563488126], [-1.6795257090125233, 54.94826305247261], [-1.6813965257024392, 54.94826305247261], [-1.6827996382198762, 54.94907151942607], [-1.6818642298749182, 54.94961049739504], [-1.6818642298749182, 54.950149475364015], [-1.6823319340473972, 54.9504189643485], [-1.6832673423923552, 54.9504189643485], [-1.6837350465648342, 54.950149475364015], [-1.6837350465648342, 54.94961049739504], [-1.6851381590822712, 54.948802030441584], [-1.689815200807061, 54.948802030441584], [-1.69028290497954, 54.9485325414571], [-1.69028290497954, 54.947993563488126], [-1.692621425841935, 54.946646118565695], [-1.694492242531851, 54.946646118565695], [-1.695427650876809, 54.94718509653467], [-1.696363059221767, 54.94718509653467], [-1.6991692842566408, 54.94556816262775], [-1.7001046926015988, 54.94556816262775], [-1.7019755092915148, 54.94449020668981], [-1.7038463259814307, 54.94449020668981], [-1.7043140301539097, 54.94422071770532], [-1.7043140301539097, 54.94368173973635], [-1.7047817343263887, 54.94341225075186], [-1.7057171426713467, 54.94341225075186], [-1.7066525510163046, 54.94287327278289], [-1.7075879593612626, 54.94287327278289], [-1.7103941843961366, 54.941256338875974], [-1.7113295927410945, 54.941795316844946], [-1.7122650010860525, 54.941256338875974], [-1.7127327052585315, 54.94152582786046], [-1.7117972969135735, 54.94206480582943], [-1.7117972969135735, 54.94368173973635], [-1.7113295927410945, 54.943951228720834], [-1.7103941843961366, 54.943951228720834], [-1.7094587760511786, 54.94341225075186], [-1.7089910718786996, 54.94368173973635], [-1.7089910718786996, 54.94422071770532], [-1.7099264802236576, 54.94475969567429], [-1.7099264802236576, 54.945298673643265], [-1.7108618885686155, 54.94583765161224], [-1.7103941843961366, 54.94610714059672], [-1.7066525510163046, 54.94610714059672], [-1.7061848468438257, 54.94637662958121], [-1.7061848468438257, 54.94961049739504], [-1.7043140301539097, 54.95068845333299], [-1.7043140301539097, 54.95176640927093], [-1.7047817343263887, 54.95203589825542], [-1.7057171426713467, 54.95203589825542], [-1.7061848468438257, 54.9523053872399], [-1.7043140301539097, 54.95338334317785], [-1.7043140301539097, 54.955000277084764], [-1.7052494384988677, 54.955539255053736], [-1.7052494384988677, 54.9582341448986], [-1.7057171426713467, 54.95850363388308], [-1.7085233677062206, 54.95850363388308], [-1.7099264802236576, 54.95931210083654], [-1.7099264802236576, 54.959851078805514], [-1.7108618885686155, 54.960390056774486], [-1.7108618885686155, 54.96092903474346], [-1.7113295927410945, 54.961198523727944], [-1.7122650010860525, 54.96065954575897], [-1.7132004094310105, 54.961198523727944], [-1.7160066344658844, 54.961198523727944], [-1.7169420428108424, 54.961737501696916], [-1.7178774511558004, 54.961737501696916], [-1.7183451553282794, 54.9620069906814], [-1.7174097469833214, 54.962545968650375], [-1.7178774511558004, 54.96281545763486], [-1.7188128595007583, 54.96281545763486], [-1.7197482678457163, 54.96227647966589], [-1.7206836761906743, 54.96281545763486], [-1.7234899012255482, 54.96281545763486], [-1.7244253095705062, 54.96227647966589], [-1.7253607179154642, 54.96227647966589], [-1.7262961262604222, 54.96281545763486], [-1.7272315346053801, 54.96281545763486], [-1.7281669429503381, 54.96227647966589], [-1.730037759640254, 54.96227647966589], [-1.730973167985212, 54.961737501696916], [-1.73190857633017, 54.961737501696916], [-1.732843984675128, 54.961198523727944], [-1.733311688847607, 54.96146801271243], [-1.732376280502649, 54.9620069906814], [-1.732376280502649, 54.962545968650375], [-1.731440872157691, 54.96308494661935], [-1.732843984675128, 54.963893413572805], [-1.733311688847607, 54.96362392458832], [-1.733311688847607, 54.96308494661935], [-1.733779393020086, 54.96281545763486], [-1.734247097192565, 54.96308494661935], [-1.734247097192565, 54.96470188052626], [-1.732376280502649, 54.96577983646421], [-1.732376280502649, 54.96631881443318], [-1.73190857633017, 54.966588303417666], [-1.730973167985212, 54.966588303417666], [-1.730037759640254, 54.966049325448694], [-1.729102351295296, 54.966588303417666], [-1.7281669429503381, 54.966049325448694], [-1.7267638304329012, 54.96685779240215], [-1.7281669429503381, 54.96766625935561], [-1.729102351295296, 54.96712728138664], [-1.729570055467775, 54.967396770371124], [-1.729570055467775, 54.967935748340096], [-1.730037759640254, 54.96820523732458], [-1.730973167985212, 54.96820523732458], [-1.731440872157691, 54.96847472630907], [-1.731440872157691, 54.96901370427804], [-1.73190857633017, 54.96928319326253], [-1.733779393020086, 54.96928319326253], [-1.734247097192565, 54.96955268224701], [-1.734247097192565, 54.970091660215985], [-1.736117913882481, 54.97116961615393], [-1.736117913882481, 54.972786550060846], [-1.737053322227439, 54.97332552802982], [-1.737053322227439, 54.97386450599879], [-1.737988730572397, 54.97440348396776], [-1.737988730572397, 54.974942461936735], [-1.737521026399918, 54.97521195092122], [-1.734714801365044, 54.97521195092122], [-1.732843984675128, 54.976289906859165], [-1.730037759640254, 54.97575092889019], [-1.7294531294246553, 54.97548143990571], [-1.7275823127347394, 54.97440348396776], [-1.7266469043897814, 54.970091660215985], [-1.7206836761906743, 54.96773363160173], [-1.7178774511558004, 54.96719465363276], [-1.7122650010860525, 54.96665567566379], [-1.7072371812319034, 54.96901370427804], [-1.7047817343263887, 54.97042852144659], [-1.7001046926015988, 54.97042852144659], [-1.6972984675667249, 54.96988954347762], [-1.6948430206612102, 54.96847472630907], [-1.692621425841935, 54.96773363160173], [-1.688879792462103, 54.966116697694815], [-1.6860735674272291, 54.96503874175687], [-1.6804611173574813, 54.96396078581893], [-1.6785903006675653, 54.96396078581893], [-1.6757840756326914, 54.9644997637879], [-1.6711070339079015, 54.96396078581893], [-1.6683008088730276, 54.963421807849954], [-1.6645591754931957, 54.96288282988098], [-1.6617529504583217, 54.96234385191201], [-1.6580113170784898, 54.96180487394304], [-1.652398867008742, 54.96018794003612], [-1.6439801919041201, 54.95910998409818], [-1.6411739668692462, 54.958571006129205], [-1.6374323334894143, 54.95803202816023], [-1.6346261084545404, 54.95695407222229], [-1.6327552917646244, 54.95695407222229], [-1.6308844750747085, 54.95749305019126], [-1.6280782500398345, 54.958571006129205], [-1.6252720250049606, 54.95910998409818], [-1.6215303916251287, 54.96018794003612], [-1.6187241665902548, 54.961265895974066], [-1.6168533499003388, 54.96180487394304], [-1.608434674795717, 54.96665567566379], [-1.605628449760843, 54.96773363160173], [-1.5981451830011792, 54.96988954347762], [-1.5953389579663053, 54.97029377695435], [-1.5981451830011792, 54.97029377695435], [-1.6028222247259691, 54.969215821016405], [-1.606563858105801, 54.96813786507846], [-1.608434674795717, 54.96705990914052], [-1.612176308175549, 54.96598195320257], [-1.6140471248654649, 54.96490399726463], [-1.6159179415553808, 54.964365019295656], [-1.6215303916251287, 54.961670129450795], [-1.6271428416948766, 54.96005319554388], [-1.6393031501793303, 54.96005319554388], [-1.6430447835591622, 54.96059217351285], [-1.645851008594036, 54.96113115148182], [-1.650528050318826, 54.961670129450795], [-1.6580113170784898, 54.96382604132668], [-1.6683008088730276, 54.964365019295656], [-1.6739132589427754, 54.96490399726463], [-1.6832673423923552, 54.9654429752336], [-1.6860735674272291, 54.966520931171544], [-1.687944384117145, 54.96705990914052], [-1.690750609152019, 54.96759888710949], [-1.696363059221767, 54.97029377695435], [-1.7019755092915148, 54.97244968883024], [-1.702326287420874, 54.97116961615393], [-1.7029109176364727, 54.97083275492332], [-1.7066525510163046, 54.97029377695435], [-1.7079387374906219, 54.96901370427804], [-1.7103941843961366, 54.96759888710949], [-1.7188128595007583, 54.96759888710949], [-1.7225544928805903, 54.96867684304743], [-1.725945348131063, 54.97063063818496], [-1.725945348131063, 54.974942461936735], [-1.7281669429503381, 54.97568355664407], [-1.730037759640254, 54.976289906859165], [-1.7306223898558528, 54.97655939584365], [-1.733779393020086, 54.97783946851996], [-1.734247097192565, 54.97817632975057], [-1.73658561805496, 54.978445818735054], [-1.7371702482705587, 54.97871530771954], [-1.7384564347448759, 54.97945640242688], [-1.7393918430898339, 54.979523774673], [-1.7409118816503906, 54.980332241626456], [-1.7431334764696658, 54.98107333633379]]]}}, {"type": "Feature", "properties": {"band_id": "under_10", "order": 4}, "geometry": {"type": "MultiPolygon", "coordinates": [[[[-1.6225074488174869, 54.95778556843652], [-1.6224294023777475, 54.95783048289741], [-1.6226635416969657, 54.957965226280066], [-1.623287913214881, 54.957965226280066], [-1.6234440060943598, 54.95805505520184], [-1.6236000989738386, 54.95805505520184], [-1.623678145413578, 54.958099969662726], [-1.623678145413578, 54.958369456428045], [-1.6235220525340992, 54.95845928534982], [-1.623287913214881, 54.95859402873248], [-1.6229757274559233, 54.95859402873248], [-1.622897681016184, 54.958638943193364], [-1.6232098667751416, 54.95881860103691], [-1.6232098667751416, 54.95908808780223], [-1.6230537738956627, 54.95971689025464], [-1.6229757274559233, 54.95977303333075], [-1.6216684495902882, 54.95998637701996], [-1.6216489379803534, 54.96007620594173], [-1.6216489379803534, 54.960166034863505], [-1.621570891540614, 54.96021094932439], [-1.6211026129021775, 54.96022217793961], [-1.620634334263741, 54.96022217793961], [-1.6204197065544577, 54.96061517947237], [-1.6203221485047834, 54.96067132254848], [-1.619853869866347, 54.96067132254848], [-1.6196977769868681, 54.96066009393326], [-1.6195416841073893, 54.96066009393326], [-1.6190734054689528, 54.96039060716794], [-1.6187612197099952, 54.96039060716794], [-1.6186051268305164, 54.960300778246165], [-1.6184490339510376, 54.960300778246165], [-1.6182929410715587, 54.96021094932439], [-1.6180588017523405, 54.96034569270705], [-1.6180588017523405, 54.96070500839414], [-1.6179027088728617, 54.960794837315916], [-1.6180588017523405, 54.96088466623769], [-1.6182148946318193, 54.961064324081235], [-1.61813684819208, 54.96112046715734], [-1.617610034723839, 54.9615134686901], [-1.6175124766741646, 54.96156961176621], [-1.6167320122767705, 54.96156961176621], [-1.6165759193972917, 54.96155838315099], [-1.616419826517813, 54.961468554229214], [-1.6163417800780735, 54.961962613298965], [-1.616263733638334, 54.96201875637507], [-1.6154247344111354, 54.96241175790783], [-1.6153271763614612, 54.96246790098394], [-1.6144881771342625, 54.962860902516695], [-1.6143906190845883, 54.9629170455928], [-1.614019898495826, 54.96331004712556], [-1.6139223404461518, 54.96336619020167], [-1.6135516198573896, 54.963759191734425], [-1.6126735974103212, 54.9642644794194], [-1.6118345981831226, 54.964657480952155], [-1.6117370401334483, 54.96471362402826], [-1.6113663195446861, 54.96510662556102], [-1.6112687614950119, 54.96516276863713], [-1.6104297622678132, 54.965555770169885], [-1.610332204218139, 54.96561191324599], [-1.6094932049909403, 54.96600491477875], [-1.608615182543872, 54.96651020246372], [-1.6073079046782368, 54.96780149321421], [-1.6072103466285625, 54.96785763629032], [-1.606898160869605, 54.96785763629032], [-1.6068006028199306, 54.96780149321421], [-1.606371347401364, 54.967352348605345], [-1.6062737893516896, 54.967408491681454], [-1.6051226043655333, 54.96780149321421], [-1.605025046315859, 54.96785763629032], [-1.6041860470886604, 54.968250637823076], [-1.6040884890389862, 54.968306780899184], [-1.6023129325349146, 54.96869978243194], [-1.6022153744852403, 54.96875592550805], [-1.600127632222211, 54.969148927040806], [-1.6000300741725368, 54.969205070116914], [-1.5982545176684653, 54.96959807164967], [-1.598156959618791, 54.96965421472578], [-1.5951326600788889, 54.970047216258536], [-1.5950351020292146, 54.970103359334644], [-1.5922254301985959, 54.970103359334644], [-1.592069337319117, 54.97009213071942], [-1.5916010586806806, 54.97009213071942], [-1.5911327800422441, 54.97000230179765], [-1.5910352219925699, 54.96995738733676], [-1.59035231564485, 54.96965421472578], [-1.5902742692051106, 54.96959807164967], [-1.5902742692051106, 54.96932858488435], [-1.59035231564485, 54.969283670423465], [-1.5905084085243288, 54.969283670423465], [-1.5905864549640683, 54.96923875596258], [-1.5905864549640683, 54.969148927040806], [-1.5908205942832865, 54.969014183658146], [-1.5909766871627653, 54.969014183658146], [-1.5910547336025047, 54.96896926919726], [-1.5910547336025047, 54.968789611353714], [-1.5909766871627653, 54.96874469689283], [-1.5908205942832865, 54.96874469689283], [-1.5906645014038077, 54.968654867971054], [-1.5905084085243288, 54.968654867971054], [-1.5904303620845894, 54.96860995351017], [-1.5904303620845894, 54.96843029566662], [-1.59035231564485, 54.968385381205735], [-1.5900401298858924, 54.968385381205735], [-1.589962083446153, 54.96834046674485], [-1.589962083446153, 54.968250637823076], [-1.5901181763256318, 54.9681608089013], [-1.5901181763256318, 54.96798115105776], [-1.59035231564485, 54.9678464076751], [-1.5906645014038077, 54.9678464076751], [-1.5908205942832865, 54.96793623659687], [-1.5911327800422441, 54.96793623659687], [-1.5914449658012018, 54.967756578753324], [-1.5916010586806806, 54.967756578753324], [-1.5917571515601594, 54.9678464076751], [-1.5919132444396382, 54.9678464076751], [-1.592069337319117, 54.96793623659687], [-1.5922254301985959, 54.96793623659687], [-1.5923815230780747, 54.9678464076751], [-1.5925376159575535, 54.9678464076751], [-1.5926937088370323, 54.967756578753324], [-1.5931619874754688, 54.967756578753324], [-1.5932400339152082, 54.96771166429244], [-1.5932400339152082, 54.967621835370664], [-1.593396126794687, 54.96753200644889], [-1.593396126794687, 54.96744217752712], [-1.5936302661139052, 54.96730743414446], [-1.5939424518728629, 54.96730743414446], [-1.5940985447523417, 54.967217605222686], [-1.5942546376318205, 54.967217605222686], [-1.59433268407156, 54.9671726907618], [-1.59433268407156, 54.96708286184003], [-1.5942546376318205, 54.96703794737914], [-1.5940985447523417, 54.96703794737914], [-1.5939424518728629, 54.96712777630091], [-1.593786358993384, 54.96712777630091], [-1.5937083125536446, 54.96708286184003], [-1.5937083125536446, 54.96699303291825], [-1.5935522196741658, 54.96690320399648], [-1.5935522196741658, 54.96663371723116], [-1.5940985447523417, 54.966319316004956], [-1.5944107305112993, 54.966319316004956], [-1.5945668233907782, 54.96640914492673], [-1.5948009627099964, 54.96627440154407], [-1.5946448698305176, 54.966184572622296], [-1.5946448698305176, 54.96609474370052], [-1.5948790091497358, 54.965960000317864], [-1.5951911949086934, 54.965960000317864], [-1.595503380667651, 54.96578034247432], [-1.59565947354713, 54.96578034247432], [-1.5958155664266087, 54.965690513552545], [-1.5959716593060875, 54.965690513552545], [-1.596049705745827, 54.96564559909166], [-1.596049705745827, 54.965555770169885], [-1.5959716593060875, 54.965510855709], [-1.5958155664266087, 54.96560068463077], [-1.59565947354713, 54.96560068463077], [-1.595503380667651, 54.965510855709], [-1.5953472877881723, 54.965510855709], [-1.5951911949086934, 54.96560068463077], [-1.5950351020292146, 54.965510855709], [-1.594722916270257, 54.965510855709], [-1.5945668233907782, 54.965421026787226], [-1.5944107305112993, 54.965421026787226], [-1.594176591192081, 54.965286283404566], [-1.594176591192081, 54.96519645448279], [-1.5940985447523417, 54.96515154002191], [-1.5940204983126023, 54.96519645448279], [-1.5940204983126023, 54.96537611232634], [-1.5938644054331235, 54.96546594124811], [-1.5938644054331235, 54.965825256935204], [-1.593786358993384, 54.96587017139609], [-1.5934741732344264, 54.96587017139609], [-1.593396126794687, 54.965825256935204], [-1.593396126794687, 54.96510662556102], [-1.5934741732344264, 54.965061711100134], [-1.5939424518728629, 54.965061711100134], [-1.5940204983126023, 54.96501679663925], [-1.5940204983126023, 54.964926967717474], [-1.594176591192081, 54.9648371387957], [-1.594176591192081, 54.96474730987393], [-1.5940204983126023, 54.964657480952155], [-1.5940204983126023, 54.96456765203038], [-1.594176591192081, 54.96447782310861], [-1.594176591192081, 54.964387994186836], [-1.5942546376318205, 54.96434307972595], [-1.5944107305112993, 54.96434307972595], [-1.5944887769510387, 54.96429816526506], [-1.5944887769510387, 54.96411850742152], [-1.5945668233907782, 54.96407359296063], [-1.5953472877881723, 54.96407359296063], [-1.595503380667651, 54.964163421882404], [-1.59565947354713, 54.964163421882404], [-1.5958155664266087, 54.96425325080418], [-1.5959716593060875, 54.964163421882404], [-1.596439937944524, 54.964163421882404], [-1.5966740772637422, 54.96429816526506], [-1.5966740772637422, 54.964387994186836], [-1.5969862630226999, 54.96456765203038], [-1.596830170143221, 54.964657480952155], [-1.596830170143221, 54.96474730987393], [-1.5967521237034816, 54.964792224334815], [-1.5965960308240028, 54.964792224334815], [-1.5965179843842634, 54.9648371387957], [-1.5965179843842634, 54.964926967717474], [-1.5966740772637422, 54.96501679663925], [-1.5966740772637422, 54.965286283404566], [-1.5965179843842634, 54.96537611232634], [-1.5965179843842634, 54.96591508585698], [-1.5965960308240028, 54.965960000317864], [-1.5967521237034816, 54.965960000317864], [-1.596830170143221, 54.96591508585698], [-1.596830170143221, 54.96573542801343], [-1.5970643094624393, 54.96560068463077], [-1.597220402341918, 54.96560068463077], [-1.5976106345406151, 54.96537611232634], [-1.5976106345406151, 54.96501679663925], [-1.5974545416611363, 54.964926967717474], [-1.5974545416611363, 54.9648371387957], [-1.5972984487816575, 54.96474730987393], [-1.5972984487816575, 54.964657480952155], [-1.5971423559021787, 54.96456765203038], [-1.5971423559021787, 54.96447782310861], [-1.5972984487816575, 54.964387994186836], [-1.5972984487816575, 54.96429816526506], [-1.5974545416611363, 54.96420833634329], [-1.5974545416611363, 54.964028678499744], [-1.5976106345406151, 54.96393884957797], [-1.5976106345406151, 54.9638490206562], [-1.5978447738598334, 54.96371427727354], [-1.5980008667393122, 54.96371427727354], [-1.5982350060585304, 54.96357953389088], [-1.5982350060585304, 54.963130389282014], [-1.5983910989380092, 54.96304056036024], [-1.5983910989380092, 54.962232100064284], [-1.5987813311367063, 54.96200752775985], [-1.598937424016185, 54.96200752775985], [-1.5990154704559245, 54.961962613298965], [-1.5990154704559245, 54.96187278437719], [-1.5993276562148822, 54.961693126533646], [-1.5992496097751427, 54.96164821207276], [-1.5986252382572275, 54.96164821207276], [-1.598547191817488, 54.961693126533646], [-1.598547191817488, 54.96178295545542], [-1.5984691453777486, 54.961827869916306], [-1.5983130524982698, 54.96173804099453], [-1.598156959618791, 54.96173804099453], [-1.5980008667393122, 54.961827869916306], [-1.5978447738598334, 54.961827869916306], [-1.5974545416611363, 54.96160329761187], [-1.5974545416611363, 54.961333810846554], [-1.5976106345406151, 54.96124398192478], [-1.5976106345406151, 54.961064324081235], [-1.5978447738598334, 54.960929580698576], [-1.598156959618791, 54.960929580698576], [-1.5983130524982698, 54.96101940962035], [-1.5984691453777486, 54.96101940962035], [-1.598547191817488, 54.96097449515946], [-1.598547191817488, 54.960794837315916], [-1.5987813311367063, 54.96066009393326], [-1.5994057026546216, 54.96066009393326], [-1.5995617955341004, 54.960570265011484], [-1.5997178884135792, 54.960570265011484], [-1.6000300741725368, 54.96039060716794], [-1.6003422599314945, 54.960570265011484], [-1.6004983528109733, 54.96048043608971], [-1.600810538569931, 54.96048043608971], [-1.6009666314494098, 54.960570265011484], [-1.6010446778891492, 54.9605253505506], [-1.6010446778891492, 54.960435521628824], [-1.6011227243288886, 54.96039060716794], [-1.6012788172083674, 54.96039060716794], [-1.601591002967325, 54.960570265011484], [-1.6019031887262827, 54.960570265011484], [-1.601981235166022, 54.96061517947237], [-1.601981235166022, 54.96070500839414], [-1.6019031887262827, 54.96074992285503], [-1.6017470958468039, 54.96074992285503], [-1.6016690494070644, 54.960794837315916], [-1.6017470958468039, 54.9608397517768], [-1.6022153744852403, 54.9608397517768], [-1.6022934209249797, 54.96088466623769], [-1.6022934209249797, 54.96097449515946], [-1.6029958388826344, 54.96137872530744], [-1.6031519317621132, 54.96128889638567], [-1.6034641175210709, 54.961468554229214], [-1.6036202104005497, 54.961468554229214], [-1.603698256840289, 54.9615134686901], [-1.603698256840289, 54.96160329761187], [-1.6036202104005497, 54.96164821207276], [-1.6034641175210709, 54.96155838315099], [-1.6031519317621132, 54.96155838315099], [-1.6030738853223738, 54.96160329761187], [-1.6030738853223738, 54.961962613298965], [-1.6032299782018526, 54.96205244222074], [-1.6032299782018526, 54.962232100064284], [-1.603308024641592, 54.96227701452517], [-1.6037763032800285, 54.96227701452517], [-1.603854349719768, 54.96232192898606], [-1.603854349719768, 54.9625015868296], [-1.6040104425992467, 54.962591415751376], [-1.6040104425992467, 54.962860902516695], [-1.6040884890389862, 54.96290581697758], [-1.6044006747979438, 54.96290581697758], [-1.6044787212376832, 54.962860902516695], [-1.6041665354787256, 54.96268124467315], [-1.6041665354787256, 54.96241175790783], [-1.6043226283582044, 54.96232192898606], [-1.6043226283582044, 54.962232100064284], [-1.6045567676774226, 54.962097356681625], [-1.6047128605569014, 54.9621871856034], [-1.6047909069966408, 54.96214227114251], [-1.6047909069966408, 54.96187278437719], [-1.6047128605569014, 54.961827869916306], [-1.6045567676774226, 54.961827869916306], [-1.6044787212376832, 54.96178295545542], [-1.6044787212376832, 54.961693126533646], [-1.6045567676774226, 54.96164821207276], [-1.605181139195338, 54.96164821207276], [-1.6052591856350773, 54.96160329761187], [-1.6052591856350773, 54.9615134686901], [-1.6054933249542955, 54.96137872530744], [-1.605571371394035, 54.96142363976833], [-1.605571371394035, 54.96160329761187], [-1.6056494178337744, 54.96164821207276], [-1.6058055107132532, 54.96164821207276], [-1.6058835571529926, 54.96160329761187], [-1.6058835571529926, 54.9615134686901], [-1.605961603592732, 54.961468554229214], [-1.6060396500324714, 54.9615134686901], [-1.6060396500324714, 54.96160329761187], [-1.6058835571529926, 54.961693126533646], [-1.6058835571529926, 54.96187278437719], [-1.6061957429119502, 54.96205244222074], [-1.6061957429119502, 54.962232100064284], [-1.6061176964722108, 54.96227701452517], [-1.605961603592732, 54.96227701452517], [-1.6057274642735138, 54.96241175790783], [-1.6058055107132532, 54.96245667236872], [-1.6062737893516896, 54.96245667236872], [-1.6064298822311684, 54.96254650129049], [-1.6065859751106473, 54.96254650129049], [-1.6066640215503867, 54.9625015868296], [-1.6065079286709079, 54.96241175790783], [-1.6065079286709079, 54.96232192898606], [-1.6066640215503867, 54.962232100064284], [-1.6066640215503867, 54.96214227114251], [-1.606898160869605, 54.96200752775985], [-1.6072103466285625, 54.96200752775985], [-1.6073664395080414, 54.962097356681625], [-1.6075225323875202, 54.962097356681625], [-1.6076005788272596, 54.96214227114251], [-1.6076005788272596, 54.96241175790783], [-1.607678625266999, 54.96245667236872], [-1.6079908110259566, 54.96245667236872], [-1.608068857465696, 54.9625015868296], [-1.608068857465696, 54.962591415751376], [-1.6079127645862172, 54.96268124467315], [-1.6079127645862172, 54.962860902516695], [-1.6077566717067384, 54.96295073143847], [-1.6077566717067384, 54.96304056036024], [-1.6079127645862172, 54.963130389282014], [-1.6079127645862172, 54.96331004712556], [-1.6079908110259566, 54.96335496158645], [-1.6083029967849143, 54.96335496158645], [-1.6083810432246537, 54.96331004712556], [-1.6083810432246537, 54.96268124467315], [-1.6082249503451749, 54.962591415751376], [-1.6082249503451749, 54.96214227114251], [-1.6087712754233507, 54.961827869916306], [-1.6089273683028296, 54.961827869916306], [-1.6091615076220478, 54.961962613298965], [-1.6091615076220478, 54.962232100064284], [-1.6093176005015266, 54.96232192898606], [-1.6093176005015266, 54.962591415751376], [-1.6094736933810054, 54.96268124467315], [-1.6094736933810054, 54.96277107359492], [-1.6095517398207448, 54.96281598805581], [-1.6098639255797025, 54.96281598805581], [-1.6100980648989207, 54.96268124467315], [-1.6100980648989207, 54.962591415751376], [-1.6101761113386601, 54.96254650129049], [-1.6104882970976178, 54.96254650129049], [-1.6106443899770966, 54.96263633021226], [-1.6108004828565754, 54.96263633021226], [-1.6110346221757936, 54.9625015868296], [-1.6108004828565754, 54.962366843446944], [-1.6106443899770966, 54.962366843446944], [-1.6105663435373572, 54.96232192898606], [-1.6105663435373572, 54.962232100064284], [-1.6102541577783995, 54.96205244222074], [-1.6102541577783995, 54.961962613298965], [-1.6104102506578784, 54.96187278437719], [-1.6104102506578784, 54.96178295545542], [-1.6106443899770966, 54.96164821207276], [-1.6108004828565754, 54.96164821207276], [-1.6108785292963148, 54.96160329761187], [-1.6108785292963148, 54.9615134686901], [-1.610722436416836, 54.96142363976833], [-1.610722436416836, 54.96115415300301], [-1.6108785292963148, 54.961064324081235], [-1.6108785292963148, 54.96088466623769], [-1.611112668615533, 54.96074992285503], [-1.6112687614950119, 54.96074992285503], [-1.6117370401334483, 54.96048043608971], [-1.6118931330129271, 54.96048043608971], [-1.6122833652116242, 54.96025586378528], [-1.6122833652116242, 54.95998637701996], [-1.6123614116513636, 54.95994146255907], [-1.6126735974103212, 54.95994146255907], [-1.6127516438500606, 54.959896548098186], [-1.6125955509705818, 54.95980671917641], [-1.6126735974103212, 54.95976180471553], [-1.6128296902898, 54.9598516336373], [-1.6130638296090183, 54.95971689025464], [-1.6130638296090183, 54.95935757456755], [-1.6131418760487577, 54.95931266010666], [-1.6134540618077153, 54.95931266010666], [-1.6136101546871942, 54.95922283118489], [-1.613766247566673, 54.95922283118489], [-1.61415647976537, 54.958998258880456], [-1.61415647976537, 54.95872877211514], [-1.6143125726448488, 54.958638943193364], [-1.6143125726448488, 54.95854911427159], [-1.6146247584038065, 54.958369456428045], [-1.6146247584038065, 54.95827962750627], [-1.6147808512832853, 54.9581897985845], [-1.6147808512832853, 54.958099969662726], [-1.6149369441627641, 54.95801014074095], [-1.6149369441627641, 54.95792031181918], [-1.615093037042243, 54.95783048289741], [-1.615093037042243, 54.957740653975634], [-1.6153271763614612, 54.957605910592974], [-1.6154052228012006, 54.95765082505386], [-1.6154052228012006, 54.95881860103691], [-1.61548326924094, 54.9588635154978], [-1.6155613156806794, 54.95881860103691], [-1.6155613156806794, 54.95854911427159], [-1.6157174085601582, 54.95845928534982], [-1.6157174085601582, 54.958369456428045], [-1.6160295943191159, 54.9581897985845], [-1.6160295943191159, 54.957740653975634], [-1.6157954549998976, 54.957605910592974], [-1.6156393621204188, 54.957605910592974], [-1.6154052228012006, 54.957471167210315], [-1.6154052228012006, 54.95729150936677], [-1.6152491299217218, 54.957201680444996], [-1.6152491299217218, 54.95693219367968], [-1.6154052228012006, 54.956842364757904], [-1.6154052228012006, 54.95666270691436], [-1.6155613156806794, 54.956572877992585], [-1.6155613156806794, 54.95639322014904], [-1.6156393621204188, 54.95634830568815], [-1.6159515478793764, 54.95634830568815], [-1.6160295943191159, 54.95639322014904], [-1.6160295943191159, 54.956572877992585], [-1.6161076407588553, 54.95661779245347], [-1.616419826517813, 54.95661779245347], [-1.6165759193972917, 54.9565279635317], [-1.6168881051562494, 54.956707621375244], [-1.6170441980357282, 54.956707621375244], [-1.6171222444754676, 54.95675253583613], [-1.6171222444754676, 54.956842364757904], [-1.6169661515959888, 54.95693219367968], [-1.6169661515959888, 54.957201680444996], [-1.6170441980357282, 54.95724659490588], [-1.6173563837946858, 54.957066937062336], [-1.6176685695536435, 54.95724659490588], [-1.61813684819208, 54.95724659490588], [-1.6186051268305164, 54.95697710814056], [-1.6187612197099952, 54.95697710814056], [-1.618917312589474, 54.95688727921879], [-1.6190734054689528, 54.95688727921879], [-1.6191514519086923, 54.956842364757904], [-1.6191514519086923, 54.95666270691436], [-1.6190734054689528, 54.95661779245347], [-1.6186051268305164, 54.95661779245347], [-1.618527080390777, 54.956572877992585], [-1.618527080390777, 54.95639322014904], [-1.6186051268305164, 54.95634830568815], [-1.6187612197099952, 54.95634830568815], [-1.618917312589474, 54.95625847676638], [-1.6192294983484317, 54.95625847676638], [-1.6193855912279105, 54.956168647844606], [-1.6195416841073893, 54.956168647844606], [-1.6196197305471287, 54.95621356230549], [-1.6196197305471287, 54.95639322014904], [-1.619307544788171, 54.956572877992585], [-1.619307544788171, 54.95666270691436], [-1.6195416841073893, 54.95679745029702], [-1.6196977769868681, 54.95679745029702], [-1.6197758234266075, 54.956842364757904], [-1.6197758234266075, 54.95711185152322], [-1.6195416841073893, 54.95724659490588], [-1.6193855912279105, 54.95724659490588], [-1.619307544788171, 54.95729150936677], [-1.619307544788171, 54.95738133828854], [-1.6189953590292134, 54.95756099613209], [-1.6189953590292134, 54.95765082505386], [-1.618917312589474, 54.95769573951475], [-1.6187612197099952, 54.95769573951475], [-1.6186831732702558, 54.957740653975634], [-1.6186831732702558, 54.95783048289741], [-1.6191514519086923, 54.958099969662726], [-1.6191514519086923, 54.95908808780223], [-1.619307544788171, 54.959177916724], [-1.619307544788171, 54.95935757456755], [-1.61946363766765, 54.95944740348932], [-1.61946363766765, 54.959537232411094], [-1.6195416841073893, 54.95958214687198], [-1.6196977769868681, 54.95949231795021], [-1.6200099627458258, 54.95949231795021], [-1.6200880091855652, 54.95944740348932], [-1.6199319163060864, 54.95935757456755], [-1.6199319163060864, 54.959267745645775], [-1.6200880091855652, 54.959177916724], [-1.6200880091855652, 54.95908808780223], [-1.6203221485047834, 54.95895334441957], [-1.6207904271432199, 54.95895334441957], [-1.6208684735829593, 54.95890842995868], [-1.6208684735829593, 54.95881860103691], [-1.6207123807034804, 54.95872877211514], [-1.6207123807034804, 54.958638943193364], [-1.6208684735829593, 54.95854911427159], [-1.6208684735829593, 54.95827962750627], [-1.621024566462438, 54.9581897985845], [-1.6209465200226987, 54.95814488412361], [-1.6207904271432199, 54.95814488412361], [-1.6205562878240016, 54.95801014074095], [-1.6205562878240016, 54.95783048289741], [-1.620634334263741, 54.95778556843652], [-1.6212587057816563, 54.95778556843652], [-1.6213367522213957, 54.957740653975634], [-1.6213367522213957, 54.95765082505386], [-1.6214147986611351, 54.957605910592974], [-1.6217269844200928, 54.957605910592974], [-1.6218830772995716, 54.95769573951475], [-1.622351355938008, 54.95742625274943], [-1.6226635416969657, 54.95742625274943], [-1.6228196345764445, 54.957336423827655], [-1.6230537738956627, 54.957471167210315], [-1.622741588136705, 54.95765082505386], [-1.622741588136705, 54.957740653975634], [-1.6226635416969657, 54.95778556843652], [-1.6225074488174869, 54.95778556843652]]], [[[-1.6551308606285602, 54.96973281503233], [-1.655286953508039, 54.96973281503233], [-1.6554430463875178, 54.9698226439541], [-1.6555991392669966, 54.9698226439541], [-1.655677185706736, 54.96977772949322], [-1.655677185706736, 54.969687900571444], [-1.6557552321464755, 54.96964298611056], [-1.656223510784912, 54.96964298611056], [-1.6563015572246513, 54.969687900571444], [-1.6563015572246513, 54.96977772949322], [-1.6564576501041302, 54.96986755841499], [-1.6564576501041302, 54.96995738733676], [-1.6563796036643907, 54.97000230179765], [-1.656223510784912, 54.97000230179765], [-1.656067417905433, 54.97009213071942], [-1.6557552321464755, 54.97009213071942], [-1.6555991392669966, 54.97000230179765], [-1.6554430463875178, 54.97000230179765], [-1.6553649999477784, 54.970047216258536], [-1.6553649999477784, 54.97013704518031], [-1.655286953508039, 54.970181959641195], [-1.6551308606285602, 54.970181959641195], [-1.6548186748696025, 54.97036161748474], [-1.654506489110645, 54.97036161748474], [-1.6542723497914267, 54.97022687410208], [-1.6542723497914267, 54.97013704518031], [-1.6541943033516873, 54.97009213071942], [-1.6540382104722084, 54.970181959641195], [-1.653960164032469, 54.97013704518031], [-1.653960164032469, 54.96977772949322], [-1.6537260247132508, 54.96964298611056], [-1.653569931833772, 54.96964298611056], [-1.6534918853940326, 54.969687900571444], [-1.6534918853940326, 54.97022687410208], [-1.6534138389542932, 54.97027178856297], [-1.6532577460748143, 54.97027178856297], [-1.6530236067555961, 54.97013704518031], [-1.6530236067555961, 54.969687900571444], [-1.6529455603158567, 54.96964298611056], [-1.652789467436378, 54.96964298611056], [-1.6525553281171597, 54.96977772949322], [-1.6525553281171597, 54.97013704518031], [-1.6524772816774203, 54.970181959641195], [-1.6520090030389838, 54.970181959641195], [-1.6519309565992444, 54.97013704518031], [-1.6519309565992444, 54.96986755841499], [-1.6520870494787232, 54.96977772949322], [-1.6520090030389838, 54.96973281503233], [-1.6516968172800262, 54.96973281503233], [-1.6516187708402867, 54.96977772949322], [-1.6516187708402867, 54.96986755841499], [-1.6513846315210685, 54.97000230179765], [-1.651306585081329, 54.96995738733676], [-1.651306585081329, 54.96986755841499], [-1.6512285386415897, 54.9698226439541], [-1.6507602600031532, 54.9698226439541], [-1.6506041671236744, 54.96973281503233], [-1.6498237027262803, 54.96973281503233], [-1.6496676098468015, 54.96964298611056], [-1.649589563407062, 54.969687900571444], [-1.649589563407062, 54.96977772949322], [-1.6496676098468015, 54.9698226439541], [-1.6498237027262803, 54.9698226439541], [-1.6499797956057591, 54.969912472875876], [-1.650135888485238, 54.969912472875876], [-1.6502919813647168, 54.97000230179765], [-1.6507602600031532, 54.97000230179765], [-1.6509943993223715, 54.97013704518031], [-1.6509943993223715, 54.97022687410208], [-1.6510724457621109, 54.97027178856297], [-1.6516968172800262, 54.97027178856297], [-1.6519309565992444, 54.97040653194563], [-1.6519309565992444, 54.9704963608674], [-1.6520090030389838, 54.97054127532829], [-1.6524772816774203, 54.97054127532829], [-1.652633374556899, 54.97063110425006], [-1.6529455603158567, 54.97063110425006], [-1.6530236067555961, 54.97067601871095], [-1.6530236067555961, 54.97076584763272], [-1.6531016531953355, 54.970810762093606], [-1.6532577460748143, 54.97072093317183], [-1.6534918853940326, 54.97085567655449], [-1.6534918853940326, 54.970945505476266], [-1.6534138389542932, 54.97099041993715], [-1.6532577460748143, 54.97099041993715], [-1.6531016531953355, 54.97090059101538], [-1.6529455603158567, 54.97099041993715], [-1.6521650959184626, 54.97099041993715], [-1.6520090030389838, 54.97090059101538], [-1.651852910159505, 54.97090059101538], [-1.6516968172800262, 54.97099041993715], [-1.6513846315210685, 54.97099041993715], [-1.6512285386415897, 54.971080248858925], [-1.6510724457621109, 54.97099041993715], [-1.650916352882632, 54.971080248858925], [-1.650135888485238, 54.971080248858925], [-1.6499797956057591, 54.9711700777807], [-1.6498237027262803, 54.9711700777807], [-1.649589563407062, 54.97130482116336], [-1.649589563407062, 54.97139465008513], [-1.6493554240878439, 54.97152939346779], [-1.649199331208365, 54.97152939346779], [-1.6491212847686256, 54.97157430792868], [-1.6491212847686256, 54.971843794693996], [-1.6490432383288862, 54.97188870915488], [-1.6488871454494074, 54.97188870915488], [-1.6486530061301892, 54.97175396577222], [-1.6486530061301892, 54.97166413685045], [-1.648809099009668, 54.97157430792868], [-1.648809099009668, 54.97139465008513], [-1.6486530061301892, 54.97130482116336], [-1.6486530061301892, 54.971214992241585], [-1.6485749596904498, 54.9711700777807], [-1.6484969132507103, 54.971214992241585], [-1.6484969132507103, 54.97139465008513], [-1.6483408203712315, 54.971484479006904], [-1.6483408203712315, 54.97175396577222], [-1.648028634612274, 54.97193362361577], [-1.648028634612274, 54.97220311038109], [-1.6481066810520133, 54.972248024841974], [-1.648418866810971, 54.97206836699843], [-1.6487310525699286, 54.97206836699843], [-1.6491212847686256, 54.97229293930286], [-1.6491212847686256, 54.97247259714641], [-1.6487310525699286, 54.97269716945084], [-1.648418866810971, 54.97269716945084], [-1.6483408203712315, 54.972742083911726], [-1.648418866810971, 54.97278699837261], [-1.6490432383288862, 54.97278699837261], [-1.6491212847686256, 54.9728319128335], [-1.6491212847686256, 54.97292174175527], [-1.649199331208365, 54.97296665621616], [-1.6496676098468015, 54.97296665621616], [-1.6499017491660197, 54.97310139959882], [-1.6499017491660197, 54.97319122852059], [-1.649745656286541, 54.973281057442364], [-1.649745656286541, 54.97337088636414], [-1.649589563407062, 54.97346071528591], [-1.649589563407062, 54.97355054420768], [-1.6496676098468015, 54.97359545866857], [-1.6499797956057591, 54.97359545866857], [-1.6500578420454985, 54.973640373129456], [-1.6498237027262803, 54.973775116512115], [-1.6496676098468015, 54.973775116512115], [-1.649589563407062, 54.97373020205123], [-1.649589563407062, 54.973640373129456], [-1.6495115169673227, 54.97359545866857], [-1.649199331208365, 54.97359545866857], [-1.6489651918891468, 54.97373020205123], [-1.6489651918891468, 54.973820030973], [-1.6490432383288862, 54.97386494543389], [-1.649199331208365, 54.97386494543389], [-1.6494334705275833, 54.97399968881655], [-1.6494334705275833, 54.97408951773832], [-1.6492773776481044, 54.974179346660094], [-1.6493554240878439, 54.97422426112098], [-1.6496676098468015, 54.97422426112098], [-1.649745656286541, 54.97426917558187], [-1.649745656286541, 54.97435900450364], [-1.6500578420454985, 54.974538662347186], [-1.6500578420454985, 54.97462849126896], [-1.6499017491660197, 54.97471832019073], [-1.6499797956057591, 54.97476323465162], [-1.650135888485238, 54.97476323465162], [-1.6502919813647168, 54.97485306357339], [-1.6506041671236744, 54.97485306357339], [-1.6507602600031532, 54.974942892495164], [-1.650916352882632, 54.974942892495164], [-1.6509943993223715, 54.97498780695605], [-1.6508383064428926, 54.975077635877824], [-1.650916352882632, 54.97512255033871], [-1.6510724457621109, 54.97512255033871], [-1.6512285386415897, 54.97521237926048], [-1.6513846315210685, 54.97521237926048], [-1.651462677960808, 54.97525729372137], [-1.6513846315210685, 54.975302208182256], [-1.6506041671236744, 54.975302208182256], [-1.650526120683935, 54.97534712264314], [-1.650526120683935, 54.97552678048669], [-1.6504480742441956, 54.975571694947575], [-1.6502919813647168, 54.975571694947575], [-1.6502139349249774, 54.97552678048669], [-1.6502139349249774, 54.975436951564916], [-1.6503700278044562, 54.97534712264314], [-1.6503700278044562, 54.97525729372137], [-1.6502919813647168, 54.97521237926048], [-1.650135888485238, 54.975302208182256], [-1.6498237027262803, 54.975302208182256], [-1.6495115169673227, 54.97512255033871], [-1.6493554240878439, 54.97521237926048], [-1.649199331208365, 54.97512255033871], [-1.6488871454494074, 54.97512255033871], [-1.648809099009668, 54.9751674647996], [-1.648809099009668, 54.97561660940846], [-1.6487310525699286, 54.97566152386935], [-1.6470140308956616, 54.97566152386935], [-1.6469359844559222, 54.97561660940846], [-1.6469359844559222, 54.97525729372137], [-1.6468579380161827, 54.97521237926048], [-1.6459213807393098, 54.97521237926048], [-1.6458433342995704, 54.97525729372137], [-1.6458433342995704, 54.975436951564916], [-1.646155520058528, 54.97561660940846], [-1.645765287859831, 54.975841181712894], [-1.6456091949803522, 54.975841181712894], [-1.6454531021008734, 54.97593101063467], [-1.6452970092213945, 54.97593101063467], [-1.644984823462437, 54.97611066847821], [-1.644828730582958, 54.97602083955644], [-1.6445165448240004, 54.97602083955644], [-1.6443604519445216, 54.97593101063467], [-1.6442824055047822, 54.975975925095554], [-1.6442824055047822, 54.976335240782646], [-1.644438498384261, 54.97642506970442], [-1.6442043590650428, 54.97655981308708], [-1.644048266185564, 54.97655981308708], [-1.6435799875471275, 54.9768292998524], [-1.6434238946676487, 54.9768292998524], [-1.64326780178817, 54.97691912877417], [-1.6426434302702546, 54.97691912877417], [-1.6425653838305152, 54.97696404323506], [-1.6426434302702546, 54.97700895769594], [-1.64326780178817, 54.97700895769594], [-1.6433458482279093, 54.97705387215683], [-1.6433458482279093, 54.9771437010786], [-1.6434238946676487, 54.97718861553949], [-1.6437360804266063, 54.97718861553949], [-1.6438921733060852, 54.97727844446126], [-1.6443604519445216, 54.97727844446126], [-1.6445945912637399, 54.97741318784392], [-1.6445945912637399, 54.97759284568747], [-1.6446726377034793, 54.977637760148355], [-1.644828730582958, 54.97754793122658], [-1.6452970092213945, 54.97754793122658], [-1.6454531021008734, 54.97745810230481], [-1.6462335664982675, 54.97745810230481], [-1.6463896593777463, 54.97754793122658], [-1.646701845136704, 54.97754793122658], [-1.6468579380161827, 54.977637760148355], [-1.6471701237751404, 54.977637760148355], [-1.6472481702148798, 54.97768267460924], [-1.6472481702148798, 54.977772503531014], [-1.6470140308956616, 54.977907246913674], [-1.6468579380161827, 54.977907246913674], [-1.646701845136704, 54.97799707583545], [-1.6463896593777463, 54.97799707583545], [-1.6463116129380069, 54.97804199029633], [-1.6463116129380069, 54.97822164813988], [-1.6463896593777463, 54.978266562600766], [-1.646701845136704, 54.978266562600766], [-1.6469359844559222, 54.978401305983425], [-1.6469359844559222, 54.97858096382697], [-1.646701845136704, 54.97871570720963], [-1.6463896593777463, 54.97871570720963], [-1.646155520058528, 54.97885045059229], [-1.6462335664982675, 54.97889536505318], [-1.646545752257225, 54.97889536505318], [-1.646701845136704, 54.978805536131404], [-1.6471701237751404, 54.978805536131404], [-1.6472481702148798, 54.97885045059229], [-1.6472481702148798, 54.97894027951406], [-1.6473262166546192, 54.97898519397495], [-1.647482309534098, 54.97889536505318], [-1.6476384024135768, 54.97889536505318], [-1.6479505881725345, 54.97907502289672], [-1.6482627739314921, 54.97907502289672], [-1.6483408203712315, 54.97911993735761], [-1.6483408203712315, 54.979299595201155], [-1.6482627739314921, 54.97934450966204], [-1.6479505881725345, 54.97934450966204], [-1.6477944952930557, 54.979434338583815], [-1.6476384024135768, 54.979434338583815], [-1.647482309534098, 54.97952416750559], [-1.6473262166546192, 54.979434338583815], [-1.6472481702148798, 54.9794792530447], [-1.6472481702148798, 54.979569081966474], [-1.6471701237751404, 54.97961399642736], [-1.646701845136704, 54.97961399642736], [-1.646545752257225, 54.979703825349134], [-1.6462335664982675, 54.979703825349134], [-1.646155520058528, 54.97974873981002], [-1.6462335664982675, 54.97979365427091], [-1.6477944952930557, 54.97979365427091], [-1.6479505881725345, 54.97988348319268], [-1.648028634612274, 54.97983856873179], [-1.648028634612274, 54.97974873981002], [-1.6482627739314921, 54.97961399642736], [-1.6487310525699286, 54.97961399642736], [-1.6488871454494074, 54.979703825349134], [-1.649199331208365, 54.979703825349134], [-1.6492773776481044, 54.97974873981002], [-1.6492773776481044, 54.979928397653566], [-1.6494334705275833, 54.98001822657534], [-1.649199331208365, 54.980152969958], [-1.6488871454494074, 54.980152969958], [-1.648809099009668, 54.980197884418885], [-1.6489651918891468, 54.98028771334066], [-1.6489651918891468, 54.98037754226243], [-1.6492773776481044, 54.98055720010598], [-1.6492773776481044, 54.98064702902775], [-1.649589563407062, 54.980826686871296], [-1.649589563407062, 54.98118600255839], [-1.649199331208365, 54.98141057486282], [-1.6487310525699286, 54.98141057486282], [-1.6485749596904498, 54.981500403784594], [-1.648418866810971, 54.981500403784594], [-1.6483408203712315, 54.98154531824548], [-1.6483408203712315, 54.981724976089026], [-1.6481847274917527, 54.9818148050108], [-1.6481847274917527, 54.981994462854345], [-1.6482627739314921, 54.98203937731523], [-1.648418866810971, 54.98203937731523], [-1.6485749596904498, 54.982129206237005], [-1.6488871454494074, 54.982129206237005], [-1.6489651918891468, 54.98217412069789], [-1.6489651918891468, 54.98235377854144], [-1.6488871454494074, 54.982398693002324], [-1.6487310525699286, 54.982398693002324], [-1.6486530061301892, 54.98244360746321], [-1.6486530061301892, 54.982623265306756], [-1.6485749596904498, 54.98266817976764], [-1.648418866810971, 54.98266817976764], [-1.6483408203712315, 54.982623265306756], [-1.6483408203712315, 54.98253343638498], [-1.6482627739314921, 54.9824885219241], [-1.6481066810520133, 54.98257835084587], [-1.6476384024135768, 54.98257835084587], [-1.6474042630943586, 54.98244360746321], [-1.6474042630943586, 54.982263949619664], [-1.647092077335401, 54.98208429177612], [-1.647092077335401, 54.981994462854345], [-1.6470140308956616, 54.98194954839346], [-1.646701845136704, 54.982129206237005], [-1.6463896593777463, 54.982129206237005], [-1.6459994271790492, 54.98190463393257], [-1.6459994271790492, 54.98154531824548], [-1.6459213807393098, 54.981500403784594], [-1.6458433342995704, 54.98154531824548], [-1.6458433342995704, 54.98163514716725], [-1.6456872414200916, 54.981724976089026], [-1.6456872414200916, 54.9818148050108], [-1.6456091949803522, 54.981859719471686], [-1.6452970092213945, 54.981859719471686], [-1.6451409163419157, 54.98176989054991], [-1.644828730582958, 54.98176989054991], [-1.6446726377034793, 54.981859719471686], [-1.6443604519445216, 54.981859719471686], [-1.6442043590650428, 54.98194954839346], [-1.6438921733060852, 54.98194954839346], [-1.6437360804266063, 54.98203937731523], [-1.6434238946676487, 54.98203937731523], [-1.6433458482279093, 54.98208429177612], [-1.6438141268663458, 54.98235377854144], [-1.6438141268663458, 54.98244360746321], [-1.6434238946676487, 54.98266817976764], [-1.64326780178817, 54.98266817976764], [-1.6428775695894728, 54.982892752072075], [-1.6429556160292123, 54.98293766653296], [-1.64326780178817, 54.98293766653296], [-1.6434238946676487, 54.983027495454735], [-1.6435799875471275, 54.983027495454735], [-1.643658033986867, 54.98307240991562], [-1.643658033986867, 54.98334189668094], [-1.6437360804266063, 54.98338681114183], [-1.6442043590650428, 54.98338681114183], [-1.6443604519445216, 54.9834766400636], [-1.6445165448240004, 54.9834766400636], [-1.6449067770226975, 54.98370121236803], [-1.6449067770226975, 54.984060528055124], [-1.6450628699021763, 54.9841503569769], [-1.6450628699021763, 54.98486898835108], [-1.6445945912637399, 54.9851384751164], [-1.6445945912637399, 54.98540796188172], [-1.6438921733060852, 54.9858121920297], [-1.6437360804266063, 54.9858121920297], [-1.643658033986867, 54.985857106490585], [-1.6441263126253034, 54.986126593255904], [-1.6439702197458246, 54.98621642217768], [-1.6439702197458246, 54.98630625109945], [-1.6434238946676487, 54.986620652325655], [-1.6428775695894728, 54.98630625109945], [-1.6428775695894728, 54.98621642217768], [-1.6427995231497334, 54.98617150771679], [-1.6426434302702546, 54.98617150771679], [-1.642331244511297, 54.985991849873244], [-1.6421751516318182, 54.985991849873244], [-1.6420971051920787, 54.98603676433413], [-1.6420971051920787, 54.98621642217768], [-1.6419410123126, 54.98630625109945], [-1.6419410123126, 54.98666556678654], [-1.6418629658728605, 54.98671048124743], [-1.6417068729933817, 54.98671048124743], [-1.6415507801139029, 54.9868003101692], [-1.641394687234424, 54.98671048124743], [-1.6410825014754664, 54.98671048124743], [-1.6409264085959876, 54.986620652325655], [-1.64061422283703, 54.986620652325655], [-1.640223990638333, 54.98639608002122], [-1.640223990638333, 54.98630625109945], [-1.6395996191204176, 54.98594693541236], [-1.6397557119998964, 54.985857106490585], [-1.6397557119998964, 54.98567744864704], [-1.639677665560157, 54.98563253418615], [-1.6395215726806782, 54.985722363107925], [-1.6393654798011994, 54.985722363107925], [-1.638897201162763, 54.985452876342606], [-1.6385850154038053, 54.985452876342606], [-1.6384289225243265, 54.98536304742083], [-1.6382728296448477, 54.98536304742083], [-1.6381167367653688, 54.98527321849906], [-1.63796064388589, 54.98527321849906], [-1.6373362723679747, 54.98491390281197], [-1.637180179488496, 54.98491390281197], [-1.6367899472897989, 54.9851384751164], [-1.6367899472897989, 54.98522830403817], [-1.6356972971334471, 54.985857106490585], [-1.6356972971334471, 54.98594693541236], [-1.635463157814229, 54.98608167879502], [-1.6351509720552713, 54.98608167879502], [-1.634526600537356, 54.98644099448211], [-1.6340583218989195, 54.98617150771679], [-1.6339022290194407, 54.98617150771679], [-1.633590043260483, 54.985991849873244], [-1.6334339503810043, 54.985991849873244], [-1.633199811061786, 54.986126593255904], [-1.6332778575015254, 54.98617150771679], [-1.6334339503810043, 54.98617150771679], [-1.633590043260483, 54.98626133663856], [-1.633746136139962, 54.98626133663856], [-1.6342924612181378, 54.98657573786477], [-1.6342924612181378, 54.98711471139541], [-1.6342144147783983, 54.98715962585629], [-1.6340583218989195, 54.98715962585629], [-1.6339022290194407, 54.98706979693452], [-1.6334339503810043, 54.98706979693452], [-1.6332778575015254, 54.98697996801275], [-1.6326534859836102, 54.98697996801275], [-1.6324973931041313, 54.986890139090974], [-1.6321852073451737, 54.986890139090974], [-1.6321071609054343, 54.98693505355186], [-1.6321071609054343, 54.987024882473634], [-1.631873021586216, 54.98715962585629], [-1.6317169287067372, 54.98715962585629], [-1.6315608358272584, 54.987249454778066], [-1.6314047429477796, 54.987249454778066], [-1.631092557188822, 54.98742911262161], [-1.6299999070324702, 54.98742911262161], [-1.6299218605927308, 54.9874740270825], [-1.6299218605927308, 54.98774351384782], [-1.6298438141529914, 54.987788428308704], [-1.6296877212735126, 54.987788428308704], [-1.6295316283940338, 54.98787825723048], [-1.629375535514555, 54.98787825723048], [-1.6292194426350761, 54.98796808615225], [-1.6290633497555973, 54.98796808615225], [-1.6289072568761185, 54.98805791507402], [-1.6281267924787244, 54.98805791507402], [-1.6279706995992456, 54.988147743995796], [-1.6278146067197667, 54.988147743995796], [-1.6277365602800273, 54.98819265845668], [-1.6277365602800273, 54.98837231630023], [-1.627502420960809, 54.98850705968289], [-1.6265658636839362, 54.98850705968289], [-1.6264878172441968, 54.988551974143775], [-1.6269560958826332, 54.988821460909094], [-1.6269560958826332, 54.98891128983087], [-1.6272682816415909, 54.98909094767441], [-1.6272682816415909, 54.989719750126824], [-1.6268000030031544, 54.98998923689214], [-1.6268000030031544, 54.990079065813916], [-1.6256293064070633, 54.99075278272721], [-1.6246927491301904, 54.99075278272721], [-1.6245366562507115, 54.99066295380544], [-1.624224470491754, 54.99066295380544], [-1.624068377612275, 54.99057312488367], [-1.6239122847327963, 54.99057312488367], [-1.6230537738956627, 54.990079065813916], [-1.6230537738956627, 54.98998923689214], [-1.622897681016184, 54.98989940797037], [-1.622897681016184, 54.98962992120505], [-1.622741588136705, 54.98954009228328], [-1.622741588136705, 54.98936043443973], [-1.622897681016184, 54.98927060551796], [-1.622351355938008, 54.98895620429175], [-1.6221952630585292, 54.98895620429175], [-1.621961123739311, 54.988821460909094], [-1.621961123739311, 54.98864180306555], [-1.6221172166187898, 54.988551974143775], [-1.6221172166187898, 54.988462145222], [-1.6220391701790504, 54.988417230761115], [-1.6217269844200928, 54.988417230761115], [-1.6216489379803534, 54.988462145222], [-1.6216489379803534, 54.98891128983087], [-1.621570891540614, 54.98895620429175], [-1.6214147986611351, 54.98895620429175], [-1.6212587057816563, 54.989046033213526], [-1.6211026129021775, 54.98895620429175], [-1.6207904271432199, 54.98895620429175], [-1.620634334263741, 54.98886637536998], [-1.6203221485047834, 54.98886637536998], [-1.620244102065044, 54.98891128983087], [-1.6204782413842622, 54.989046033213526], [-1.620634334263741, 54.989046033213526], [-1.6207123807034804, 54.98909094767441], [-1.6207123807034804, 54.989180776596186], [-1.621024566462438, 54.98936043443973], [-1.621024566462438, 54.989719750126824], [-1.621180659341917, 54.9898095790486], [-1.621180659341917, 54.99070786826633], [-1.6209465200226987, 54.990842611648986], [-1.6207904271432199, 54.990842611648986], [-1.6204782413842622, 54.99102226949253], [-1.6203221485047834, 54.99102226949253], [-1.6201660556253046, 54.991112098414305], [-1.6200099627458258, 54.991112098414305], [-1.6196977769868681, 54.99129175625785], [-1.6195416841073893, 54.99129175625785], [-1.6191514519086923, 54.991516328562284], [-1.6191514519086923, 54.991875644249376], [-1.6192294983484317, 54.99192055871026], [-1.6193855912279105, 54.99183072978849], [-1.6200099627458258, 54.99183072978849], [-1.6201660556253046, 54.99192055871026], [-1.6203221485047834, 54.99192055871026], [-1.6207123807034804, 54.992145131014695], [-1.6207123807034804, 54.99223495993647], [-1.6208684735829593, 54.99232478885824], [-1.6208684735829593, 54.99286376238888], [-1.6207123807034804, 54.99295359131065], [-1.6207123807034804, 54.993043420232425], [-1.6204782413842622, 54.993178163615084], [-1.6203221485047834, 54.993178163615084], [-1.6201660556253046, 54.99326799253686], [-1.6200099627458258, 54.99326799253686], [-1.619853869866347, 54.99335782145863], [-1.6195416841073893, 54.99335782145863], [-1.6193855912279105, 54.99326799253686], [-1.6190734054689528, 54.99326799253686], [-1.6187612197099952, 54.99308833469331], [-1.6186051268305164, 54.99308833469331], [-1.6184490339510376, 54.993178163615084], [-1.617980755312601, 54.993178163615084], [-1.6178246624331223, 54.99308833469331], [-1.6176685695536435, 54.99308833469331], [-1.6170441980357282, 54.99272901900622], [-1.61681005871651, 54.99286376238888], [-1.61681005871651, 54.99295359131065], [-1.6166539658370311, 54.993043420232425], [-1.6166539658370311, 54.9931332491542], [-1.616419826517813, 54.99326799253686], [-1.616263733638334, 54.99326799253686], [-1.6161076407588553, 54.99335782145863], [-1.6159515478793764, 54.99335782145863], [-1.6157954549998976, 54.9934476503804], [-1.6156393621204188, 54.9934476503804], [-1.61548326924094, 54.99353747930218], [-1.6151710834819824, 54.99353747930218], [-1.6150149906025035, 54.9934476503804], [-1.6148588977230247, 54.9934476503804], [-1.614702804843546, 54.99335782145863], [-1.614546711964067, 54.99335782145863], [-1.6144686655243277, 54.993312906997744], [-1.6144686655243277, 54.99322307807597], [-1.6146247584038065, 54.9931332491542], [-1.6146247584038065, 54.993043420232425], [-1.614546711964067, 54.99299850577154], [-1.6142345262051094, 54.99299850577154], [-1.6140784333256306, 54.992908676849765], [-1.613766247566673, 54.992908676849765], [-1.6136882011269336, 54.99286376238888], [-1.6136882011269336, 54.992773933467106], [-1.6134540618077153, 54.99263919008445], [-1.613376015367976, 54.99268410454533], [-1.613376015367976, 54.992773933467106], [-1.613219922488497, 54.99286376238888], [-1.613219922488497, 54.99295359131065], [-1.613376015367976, 54.993043420232425], [-1.613376015367976, 54.9931332491542], [-1.6135321082474547, 54.99322307807597], [-1.6135321082474547, 54.99358239376306], [-1.6134540618077153, 54.99362730822395], [-1.6131418760487577, 54.99362730822395], [-1.6130638296090183, 54.993672222684836], [-1.6130638296090183, 54.99376205160661], [-1.6131418760487577, 54.993806966067496], [-1.6132979689282365, 54.993806966067496], [-1.613376015367976, 54.99385188052838], [-1.613376015367976, 54.994211196215474], [-1.6129857831692789, 54.99443576851991], [-1.6128296902898, 54.99443576851991], [-1.6127516438500606, 54.99448068298079], [-1.6127516438500606, 54.994570511902566], [-1.6125175045308424, 54.994705255285226], [-1.6123614116513636, 54.994705255285226], [-1.6121272723321454, 54.994570511902566], [-1.6121272723321454, 54.99430102513725], [-1.612049225892406, 54.99425611067636], [-1.6117370401334483, 54.99425611067636], [-1.611658993693709, 54.994211196215474], [-1.611658993693709, 54.993941709450155], [-1.61150290081423, 54.99385188052838], [-1.611658993693709, 54.99376205160661], [-1.611658993693709, 54.993672222684836], [-1.6115809472539695, 54.99362730822395], [-1.6114248543744907, 54.99362730822395], [-1.6112687614950119, 54.99371713714572], [-1.611112668615533, 54.99371713714572], [-1.6108785292963148, 54.99358239376306], [-1.6108785292963148, 54.99340273591952], [-1.6109565757360542, 54.99335782145863], [-1.6114248543744907, 54.99335782145863], [-1.61150290081423, 54.993312906997744], [-1.61150290081423, 54.99322307807597], [-1.6113468079347513, 54.9931332491542], [-1.6113468079347513, 54.993043420232425], [-1.6110346221757936, 54.99286376238888], [-1.6110346221757936, 54.9917858153276], [-1.6108785292963148, 54.99169598640583], [-1.6108785292963148, 54.99160615748406], [-1.6108004828565754, 54.99156124302317], [-1.6106443899770966, 54.99156124302317], [-1.6104882970976178, 54.9914714141014], [-1.610332204218139, 54.9914714141014], [-1.6102541577783995, 54.991516328562284], [-1.6102541577783995, 54.99160615748406], [-1.6100980648989207, 54.99169598640583], [-1.6100980648989207, 54.991875644249376], [-1.609941972019442, 54.99196547317115], [-1.609941972019442, 54.99205530209292], [-1.6096297862604843, 54.99223495993647], [-1.6096297862604843, 54.992414617780014], [-1.6094736933810054, 54.99250444670179], [-1.6094736933810054, 54.99259427562356], [-1.6092395540617872, 54.99272901900622], [-1.609005414742569, 54.99259427562356], [-1.609005414742569, 54.992414617780014], [-1.6091615076220478, 54.99232478885824], [-1.609005414742569, 54.99223495993647], [-1.609005414742569, 54.992145131014695], [-1.6091615076220478, 54.99205530209292], [-1.6091615076220478, 54.99160615748406], [-1.6093176005015266, 54.991516328562284], [-1.6093176005015266, 54.99142649964051], [-1.6091615076220478, 54.99133667071874], [-1.6091615076220478, 54.99106718395342], [-1.6090834611823084, 54.99102226949253], [-1.6089273683028296, 54.99102226949253], [-1.6087712754233507, 54.991112098414305], [-1.608459089664393, 54.991112098414305], [-1.6083810432246537, 54.99115701287519], [-1.6083810432246537, 54.991246841796965], [-1.6083029967849143, 54.99129175625785], [-1.607678625266999, 54.99129175625785], [-1.6074444859477808, 54.99115701287519], [-1.6074444859477808, 54.990977355031646], [-1.6073664395080414, 54.99093244057076], [-1.6072103466285625, 54.99102226949253], [-1.606742067990126, 54.99102226949253], [-1.6065859751106473, 54.99093244057076], [-1.6062737893516896, 54.99093244057076], [-1.6061176964722108, 54.99102226949253], [-1.605961603592732, 54.99093244057076], [-1.6058055107132532, 54.99093244057076], [-1.6056494178337744, 54.99102226949253], [-1.6054933249542955, 54.99093244057076], [-1.6053372320748167, 54.99093244057076], [-1.605181139195338, 54.99102226949253], [-1.605025046315859, 54.99093244057076], [-1.6048689534363803, 54.99093244057076], [-1.6047128605569014, 54.990842611648986], [-1.6044006747979438, 54.99102226949253], [-1.604244581918465, 54.99093244057076], [-1.6040884890389862, 54.99093244057076], [-1.6040104425992467, 54.99088752610987], [-1.6040104425992467, 54.9907976971881], [-1.6039323961595073, 54.99075278272721], [-1.6034641175210709, 54.99075278272721], [-1.6033860710813315, 54.99070786826633], [-1.6033860710813315, 54.990618039344554], [-1.603308024641592, 54.99057312488367], [-1.6028397460031556, 54.99057312488367], [-1.6026056066839374, 54.99043838150101], [-1.6026056066839374, 54.990348552579235], [-1.602527560244198, 54.99030363811835], [-1.6023714673647191, 54.99039346704012], [-1.6022153744852403, 54.99039346704012], [-1.602137328045501, 54.990348552579235], [-1.602137328045501, 54.99016889473569], [-1.6022153744852403, 54.9901239802748], [-1.6023714673647191, 54.9901239802748], [-1.602527560244198, 54.990213809196575], [-1.6026836531236768, 54.990213809196575], [-1.6028397460031556, 54.9901239802748], [-1.6029958388826344, 54.9901239802748], [-1.6030738853223738, 54.990079065813916], [-1.6029958388826344, 54.99003415135303], [-1.6028397460031556, 54.99003415135303], [-1.6026056066839374, 54.98989940797037], [-1.6026056066839374, 54.989450263361505], [-1.6027616995634162, 54.98936043443973], [-1.6026836531236768, 54.989315519978845], [-1.602527560244198, 54.989315519978845], [-1.6024495138044585, 54.98927060551796], [-1.6024495138044585, 54.989180776596186], [-1.6029958388826344, 54.98886637536998], [-1.6036202104005497, 54.98886637536998], [-1.603854349719768, 54.98900111875264], [-1.603854349719768, 54.98927060551796], [-1.6039323961595073, 54.989315519978845], [-1.6044006747979438, 54.989315519978845], [-1.6044787212376832, 54.98927060551796], [-1.6040104425992467, 54.98900111875264], [-1.6040104425992467, 54.98891128983087], [-1.603854349719768, 54.988821460909094], [-1.603854349719768, 54.98864180306555], [-1.603698256840289, 54.988551974143775], [-1.603698256840289, 54.98837231630023], [-1.6035421639608103, 54.988282487378456], [-1.6035421639608103, 54.98819265845668], [-1.603308024641592, 54.98805791507402], [-1.6029958388826344, 54.98805791507402], [-1.6028397460031556, 54.98796808615225], [-1.6027616995634162, 54.98801300061314], [-1.6027616995634162, 54.98810282953491], [-1.6026056066839374, 54.98819265845668], [-1.6026056066839374, 54.988282487378456], [-1.602527560244198, 54.98832740183934], [-1.6023714673647191, 54.98832740183934], [-1.6020592816057615, 54.98850705968289], [-1.6019031887262827, 54.98850705968289], [-1.6018251422865433, 54.988551974143775], [-1.6018251422865433, 54.98900111875264], [-1.6016690494070644, 54.98909094767441], [-1.6016690494070644, 54.989180776596186], [-1.6013568636481068, 54.98936043443973], [-1.6013568636481068, 54.98954009228328], [-1.601200770768628, 54.98962992120505], [-1.601200770768628, 54.989719750126824], [-1.6010446778891492, 54.9898095790486], [-1.6010446778891492, 54.98989940797037], [-1.6008885850096704, 54.98998923689214], [-1.6008885850096704, 54.990079065813916], [-1.6004983528109733, 54.99030363811835], [-1.6000300741725368, 54.99030363811835], [-1.5997959348533186, 54.99016889473569], [-1.5997959348533186, 54.989719750126824], [-1.5995617955341004, 54.989585006744164], [-1.5994057026546216, 54.989585006744164], [-1.5992496097751427, 54.98949517782239], [-1.5991715633354033, 54.98954009228328], [-1.5991715633354033, 54.98962992120505], [-1.5992496097751427, 54.98967483566594], [-1.5994057026546216, 54.98967483566594], [-1.5996398419738398, 54.9898095790486], [-1.5996398419738398, 54.98989940797037], [-1.5993276562148822, 54.990079065813916], [-1.5993276562148822, 54.99025872365746], [-1.5992496097751427, 54.99030363811835], [-1.599093516895664, 54.99030363811835], [-1.5990154704559245, 54.99025872365746], [-1.5990154704559245, 54.990079065813916], [-1.598937424016185, 54.99003415135303], [-1.5986252382572275, 54.99003415135303], [-1.5983910989380092, 54.98989940797037], [-1.5983910989380092, 54.989719750126824], [-1.5983130524982698, 54.98967483566594], [-1.598156959618791, 54.98967483566594], [-1.5980789131790516, 54.98962992120505], [-1.5980789131790516, 54.989450263361505], [-1.5983130524982698, 54.989315519978845], [-1.5984691453777486, 54.989315519978845], [-1.598547191817488, 54.98927060551796], [-1.5980008667393122, 54.98895620429175], [-1.5979228202995728, 54.98900111875264], [-1.5979228202995728, 54.98927060551796], [-1.5976886809803545, 54.98940534890062], [-1.5975325881008757, 54.98940534890062], [-1.5974545416611363, 54.98936043443973], [-1.5974545416611363, 54.989180776596186], [-1.5971423559021787, 54.98900111875264], [-1.5971423559021787, 54.98891128983087], [-1.5970643094624393, 54.98886637536998], [-1.5969082165829604, 54.98886637536998], [-1.5966740772637422, 54.98900111875264], [-1.5966740772637422, 54.98909094767441], [-1.5965960308240028, 54.9891358621353], [-1.5962838450650452, 54.9891358621353], [-1.5962057986253058, 54.98909094767441], [-1.5962057986253058, 54.98900111875264], [-1.5962838450650452, 54.98895620429175], [-1.5965960308240028, 54.98895620429175], [-1.5966740772637422, 54.98891128983087], [-1.5963618915047846, 54.98873163198732], [-1.5963618915047846, 54.988551974143775], [-1.5965179843842634, 54.988462145222], [-1.5965179843842634, 54.98837231630023], [-1.5963618915047846, 54.988282487378456], [-1.5963618915047846, 54.98819265845668], [-1.5962838450650452, 54.988147743995796], [-1.5959716593060875, 54.98832740183934], [-1.5958155664266087, 54.98823757291757], [-1.5957375199868693, 54.988282487378456], [-1.5957375199868693, 54.988462145222], [-1.59565947354713, 54.98850705968289], [-1.5953472877881723, 54.98850705968289], [-1.5951911949086934, 54.98859688860466], [-1.5949570555894752, 54.988462145222], [-1.5949570555894752, 54.98837231630023], [-1.5948790091497358, 54.98832740183934], [-1.5945668233907782, 54.98832740183934], [-1.5942546376318205, 54.988147743995796], [-1.5939424518728629, 54.988147743995796], [-1.5935522196741658, 54.98837231630023], [-1.5935522196741658, 54.988462145222], [-1.593396126794687, 54.988551974143775], [-1.593396126794687, 54.98873163198732], [-1.5936302661139052, 54.98886637536998], [-1.593786358993384, 54.98886637536998], [-1.5939424518728629, 54.98877654644821], [-1.5940985447523417, 54.98877654644821], [-1.594176591192081, 54.988821460909094], [-1.594176591192081, 54.98900111875264], [-1.5940985447523417, 54.989046033213526], [-1.5939424518728629, 54.989046033213526], [-1.5938644054331235, 54.98909094767441], [-1.5938644054331235, 54.98927060551796], [-1.5936302661139052, 54.98940534890062], [-1.5934741732344264, 54.98940534890062], [-1.59300589459599, 54.9891358621353], [-1.5926937088370323, 54.9891358621353], [-1.592615662397293, 54.98909094767441], [-1.592615662397293, 54.988821460909094], [-1.5922254301985959, 54.98859688860466], [-1.5919132444396382, 54.98859688860466], [-1.5918351979998988, 54.98864180306555], [-1.5918351979998988, 54.98900111875264], [-1.5917571515601594, 54.989046033213526], [-1.591288872921723, 54.989046033213526], [-1.5912108264819835, 54.98900111875264], [-1.5912108264819835, 54.98891128983087], [-1.5910547336025047, 54.988821460909094], [-1.5910547336025047, 54.98873163198732], [-1.590898640723026, 54.98864180306555], [-1.5911327800422441, 54.98850705968289], [-1.591288872921723, 54.98850705968289], [-1.5915230122409412, 54.98837231630023], [-1.5915230122409412, 54.988282487378456], [-1.59167910512042, 54.98819265845668], [-1.5916010586806806, 54.988147743995796], [-1.5914449658012018, 54.988147743995796], [-1.591288872921723, 54.98823757291757], [-1.5912108264819835, 54.98819265845668], [-1.5912108264819835, 54.98810282953491], [-1.5913669193614624, 54.98801300061314], [-1.5910547336025047, 54.98783334276959], [-1.5910547336025047, 54.987653684926045], [-1.590898640723026, 54.98756385600427], [-1.590898640723026, 54.9874740270825], [-1.5906645014038077, 54.98733928369984], [-1.5900401298858924, 54.98733928369984], [-1.5898840370064136, 54.98742911262161], [-1.5897279441269347, 54.98733928369984], [-1.589571851247456, 54.98733928369984], [-1.5894938048077165, 54.98729436923895], [-1.5894938048077165, 54.987024882473634], [-1.589571851247456, 54.98697996801275], [-1.5897279441269347, 54.98697996801275], [-1.5898059905666742, 54.98693505355186], [-1.5897279441269347, 54.986890139090974], [-1.5887913868500618, 54.986890139090974], [-1.5887133404103224, 54.98684522463009], [-1.5887133404103224, 54.986755395708315], [-1.5889474797295406, 54.986620652325655], [-1.5891035726090195, 54.986620652325655], [-1.5891816190487589, 54.98657573786477], [-1.5891816190487589, 54.986485908942996], [-1.58902552616928, 54.98639608002122], [-1.5891816190487589, 54.98630625109945], [-1.5891816190487589, 54.98621642217768], [-1.58902552616928, 54.986126593255904], [-1.5891816190487589, 54.98603676433413], [-1.5891816190487589, 54.985857106490585], [-1.5893377119282377, 54.98576727756881], [-1.5893377119282377, 54.985587619725266], [-1.589415758367977, 54.98554270526438], [-1.589571851247456, 54.98554270526438], [-1.5896498976871953, 54.985587619725266], [-1.5894938048077165, 54.98567744864704], [-1.5894938048077165, 54.98576727756881], [-1.5896498976871953, 54.985857106490585], [-1.5896498976871953, 54.98621642217768], [-1.5898840370064136, 54.986351165560336], [-1.5901962227653712, 54.986351165560336], [-1.5904303620845894, 54.986485908942996], [-1.5904303620845894, 54.986755395708315], [-1.5905864549640683, 54.98684522463009], [-1.5905864549640683, 54.98693505355186], [-1.5906645014038077, 54.98697996801275], [-1.590742547843547, 54.98693505355186], [-1.590742547843547, 54.98684522463009], [-1.5909766871627653, 54.98671048124743], [-1.5914449658012018, 54.98671048124743], [-1.5915230122409412, 54.98666556678654], [-1.590898640723026, 54.98630625109945], [-1.590898640723026, 54.98603676433413], [-1.590742547843547, 54.98594693541236], [-1.590742547843547, 54.98540796188172], [-1.590898640723026, 54.98531813295995], [-1.590898640723026, 54.98522830403817], [-1.5905864549640683, 54.98504864619463], [-1.5905864549640683, 54.984958817272855], [-1.5911327800422441, 54.98464441604665], [-1.5916010586806806, 54.98464441604665], [-1.5917571515601594, 54.98473424496842], [-1.5919132444396382, 54.98473424496842], [-1.592069337319117, 54.98464441604665], [-1.5923815230780747, 54.98464441604665], [-1.592459569517814, 54.98459950158576], [-1.592459569517814, 54.98450967266399], [-1.5923815230780747, 54.9844647582031], [-1.5919132444396382, 54.9844647582031], [-1.5918351979998988, 54.98441984374222], [-1.5918351979998988, 54.98433001482044], [-1.5916010586806806, 54.984195271437784], [-1.5914449658012018, 54.984195271437784], [-1.591288872921723, 54.98428510035956], [-1.5909766871627653, 54.98428510035956], [-1.590898640723026, 54.98433001482044], [-1.590898640723026, 54.98450967266399], [-1.5908205942832865, 54.984554587124876], [-1.5906645014038077, 54.9844647582031], [-1.5905084085243288, 54.9844647582031], [-1.5898059905666742, 54.984060528055124], [-1.5898059905666742, 54.98388087021158], [-1.5896498976871953, 54.983791041289805], [-1.5896498976871953, 54.98370121236803], [-1.5898059905666742, 54.98361138344626], [-1.5898059905666742, 54.983521554524486], [-1.5897279441269347, 54.9834766400636], [-1.5891035726090195, 54.9834766400636], [-1.5888694332898012, 54.98334189668094], [-1.5888694332898012, 54.98325206775917], [-1.58902552616928, 54.983162238837394], [-1.58902552616928, 54.98307240991562], [-1.5891816190487589, 54.98298258099385], [-1.5891816190487589, 54.98271309422853], [-1.5892596654884983, 54.98266817976764], [-1.589415758367977, 54.98266817976764], [-1.5894938048077165, 54.982623265306756], [-1.5894938048077165, 54.98235377854144], [-1.589571851247456, 54.98230886408055], [-1.5898840370064136, 54.98230886408055], [-1.5901181763256318, 54.98217412069789], [-1.5901181763256318, 54.98190463393257], [-1.5901962227653712, 54.981859719471686], [-1.59035231564485, 54.98194954839346], [-1.5904303620845894, 54.98190463393257], [-1.5904303620845894, 54.9818148050108], [-1.59035231564485, 54.98176989054991], [-1.5898840370064136, 54.98176989054991], [-1.5898059905666742, 54.981724976089026], [-1.589962083446153, 54.98163514716725], [-1.5898840370064136, 54.98159023270637], [-1.589571851247456, 54.98159023270637], [-1.5893377119282377, 54.98145548932371], [-1.5894938048077165, 54.981365660401934], [-1.5894938048077165, 54.98118600255839], [-1.589415758367977, 54.9811410880975], [-1.5892596654884983, 54.9811410880975], [-1.5891816190487589, 54.981096173636615], [-1.5891816190487589, 54.98100634471484], [-1.5887913868500618, 54.98078177241041], [-1.5884792010911042, 54.98078177241041], [-1.5884011546513648, 54.98073685794952], [-1.5884011546513648, 54.98064702902775], [-1.5883231082116254, 54.980602114566864], [-1.5881670153321465, 54.980602114566864], [-1.5880889688924071, 54.98055720010598], [-1.5880889688924071, 54.98037754226243], [-1.5879328760129283, 54.98028771334066], [-1.5879328760129283, 54.980197884418885], [-1.5881670153321465, 54.980063141036226], [-1.5884792010911042, 54.98024279887977], [-1.588635293970583, 54.98024279887977], [-1.5887133404103224, 54.98028771334066], [-1.5887133404103224, 54.98055720010598], [-1.5887913868500618, 54.980602114566864], [-1.5892596654884983, 54.980602114566864], [-1.5894938048077165, 54.98073685794952], [-1.5893377119282377, 54.980826686871296], [-1.589415758367977, 54.98087160133218], [-1.589571851247456, 54.98087160133218], [-1.5896498976871953, 54.98091651579307], [-1.5896498976871953, 54.98100634471484], [-1.5898840370064136, 54.9811410880975], [-1.5900401298858924, 54.9811410880975], [-1.5901181763256318, 54.98118600255839], [-1.5901181763256318, 54.98145548932371], [-1.5901962227653712, 54.981500403784594], [-1.5902742692051106, 54.98145548932371], [-1.5902742692051106, 54.98118600255839], [-1.59035231564485, 54.9811410880975], [-1.5906645014038077, 54.9811410880975], [-1.590742547843547, 54.981096173636615], [-1.590742547843547, 54.98091651579307], [-1.5905084085243288, 54.98078177241041], [-1.5898840370064136, 54.98078177241041], [-1.5898059905666742, 54.98073685794952], [-1.5898059905666742, 54.98064702902775], [-1.5896498976871953, 54.98055720010598], [-1.5896498976871953, 54.980197884418885], [-1.5898059905666742, 54.98010805549711], [-1.5898059905666742, 54.98001822657534], [-1.5897279441269347, 54.97997331211445], [-1.589571851247456, 54.97997331211445], [-1.5894938048077165, 54.979928397653566], [-1.5898059905666742, 54.97974873981002], [-1.5897279441269347, 54.979703825349134], [-1.589571851247456, 54.979703825349134], [-1.5894938048077165, 54.97965891088825], [-1.5894938048077165, 54.9794792530447], [-1.5891816190487589, 54.979299595201155], [-1.5891816190487589, 54.97911993735761], [-1.58902552616928, 54.979030108435836], [-1.5891816190487589, 54.97894027951406], [-1.5891816190487589, 54.97885045059229], [-1.5891035726090195, 54.978805536131404], [-1.5889474797295406, 54.978805536131404], [-1.5888694332898012, 54.97876062167052], [-1.5888694332898012, 54.978670792748744], [-1.58902552616928, 54.97858096382697], [-1.5889474797295406, 54.978536049366085], [-1.5887913868500618, 54.978536049366085], [-1.5887133404103224, 54.9784911349052], [-1.5887133404103224, 54.978401305983425], [-1.5888694332898012, 54.97831147706165], [-1.5887913868500618, 54.978266562600766], [-1.588635293970583, 54.978266562600766], [-1.5885572475308436, 54.97822164813988], [-1.5885572475308436, 54.978131819218106], [-1.5887133404103224, 54.97804199029633], [-1.588635293970583, 54.97799707583545], [-1.5884792010911042, 54.97799707583545], [-1.588245061771886, 54.97786233245279], [-1.5884792010911042, 54.97772758907013], [-1.588635293970583, 54.97772758907013], [-1.5887133404103224, 54.977772503531014], [-1.5887133404103224, 54.97795216137456], [-1.5889474797295406, 54.97808690475722], [-1.58902552616928, 54.97804199029633], [-1.58902552616928, 54.97795216137456], [-1.5888694332898012, 54.97786233245279], [-1.5888694332898012, 54.97759284568747], [-1.5887133404103224, 54.977503016765695], [-1.5889474797295406, 54.977368273383036], [-1.5892596654884983, 54.977368273383036], [-1.5893377119282377, 54.97732335892215], [-1.5893377119282377, 54.9771437010786], [-1.58902552616928, 54.97696404323506], [-1.58902552616928, 54.97678438539151], [-1.5888694332898012, 54.97669455646974], [-1.5888694332898012, 54.976604727547965], [-1.58902552616928, 54.97651489862619], [-1.58902552616928, 54.976335240782646], [-1.5889474797295406, 54.97629032632176], [-1.5887913868500618, 54.97629032632176], [-1.5885572475308436, 54.9761555829391], [-1.5885572475308436, 54.975975925095554], [-1.5887133404103224, 54.97588609617378], [-1.5885572475308436, 54.97579626725201], [-1.5885572475308436, 54.97561660940846], [-1.5884792010911042, 54.975571694947575], [-1.5883231082116254, 54.97566152386935], [-1.5880109224526677, 54.9754818660258], [-1.587854829573189, 54.9754818660258], [-1.5877767831334495, 54.975436951564916], [-1.5877767831334495, 54.97534712264314], [-1.5876206902539707, 54.97525729372137], [-1.5876206902539707, 54.9751674647996], [-1.58769873669371, 54.97512255033871], [-1.587854829573189, 54.97512255033871], [-1.5880109224526677, 54.97521237926048], [-1.5881670153321465, 54.97521237926048], [-1.5883231082116254, 54.975302208182256], [-1.5884792010911042, 54.975302208182256], [-1.5885572475308436, 54.97534712264314], [-1.5885572475308436, 54.97552678048669], [-1.588635293970583, 54.975571694947575], [-1.5887913868500618, 54.9754818660258], [-1.5891035726090195, 54.9754818660258], [-1.5891816190487589, 54.975436951564916], [-1.5891035726090195, 54.97539203710403], [-1.5889474797295406, 54.97539203710403], [-1.5885572475308436, 54.9751674647996], [-1.5885572475308436, 54.97498780695605], [-1.5887133404103224, 54.97489797803428], [-1.5887133404103224, 54.974808149112505], [-1.588635293970583, 54.97476323465162], [-1.5884792010911042, 54.97476323465162], [-1.588245061771886, 54.97462849126896], [-1.588245061771886, 54.97444883342541], [-1.5881670153321465, 54.974403918964526], [-1.587854829573189, 54.974403918964526], [-1.5876206902539707, 54.97426917558187], [-1.5876206902539707, 54.974179346660094], [-1.5874645973744919, 54.97408951773832], [-1.5874645973744919, 54.973640373129456], [-1.587308504495013, 54.97355054420768], [-1.5874645973744919, 54.97346071528591], [-1.5874645973744919, 54.97337088636414], [-1.5871524116155342, 54.97319122852059], [-1.5871524116155342, 54.97310139959882], [-1.587308504495013, 54.973011570677045], [-1.587308504495013, 54.97292174175527], [-1.5873865509347524, 54.972876827294385], [-1.5875426438142313, 54.972876827294385], [-1.5876206902539707, 54.9728319128335], [-1.5876206902539707, 54.972742083911726], [-1.587308504495013, 54.97256242606818], [-1.587308504495013, 54.972382768224634], [-1.5874645973744919, 54.97229293930286], [-1.5873865509347524, 54.972248024841974], [-1.5872304580552736, 54.972248024841974], [-1.5871524116155342, 54.97220311038109], [-1.5871524116155342, 54.972113281459315], [-1.5869963187360554, 54.97202345253754], [-1.5871524116155342, 54.97193362361577], [-1.5871524116155342, 54.97175396577222], [-1.5870743651757948, 54.971709051311336], [-1.586918272296316, 54.971709051311336], [-1.5868402258565766, 54.97166413685045], [-1.5868402258565766, 54.97157430792868], [-1.5867621794168372, 54.97152939346779], [-1.586528040097619, 54.97166413685045], [-1.586528040097619, 54.97193362361577], [-1.5864499936578795, 54.971978538076655], [-1.5863719472181401, 54.97193362361577], [-1.5863719472181401, 54.97175396577222], [-1.5862158543386613, 54.97166413685045], [-1.5862158543386613, 54.971484479006904], [-1.586137807898922, 54.97143956454602], [-1.585981715019443, 54.97143956454602], [-1.5859036685797037, 54.97139465008513], [-1.5859036685797037, 54.97112516331981], [-1.585981715019443, 54.971080248858925], [-1.586137807898922, 54.971080248858925], [-1.5862158543386613, 54.97112516331981], [-1.5862158543386613, 54.971214992241585], [-1.5862939007784007, 54.97125990670247], [-1.5864499936578795, 54.97125990670247], [-1.5866060865373584, 54.9711700777807], [-1.5867621794168372, 54.97125990670247], [-1.5868402258565766, 54.971214992241585], [-1.5868402258565766, 54.97103533439804], [-1.5867621794168372, 54.97099041993715], [-1.5866060865373584, 54.97099041993715], [-1.586528040097619, 54.970945505476266], [-1.586528040097619, 54.97085567655449], [-1.5866841329770978, 54.97076584763272], [-1.5866841329770978, 54.97067601871095], [-1.586528040097619, 54.970586189789174], [-1.586918272296316, 54.97036161748474], [-1.5870158303459903, 54.97040653194563], [-1.5869963187360554, 54.9704963608674], [-1.5875426438142313, 54.970530046713066], [-1.5879523876228632, 54.97076584763272], [-1.58838164304143, 54.970586189789174], [-1.5884792010911042, 54.970530046713066], [-1.5892596654884983, 54.970530046713066], [-1.5893572235381725, 54.970586189789174], [-1.597903308689638, 54.970586189789174], [-1.5980008667393122, 54.970530046713066], [-1.599620330363905, 54.97013704518031], [-1.5997178884135792, 54.9700809021042], [-1.6014934449176508, 54.969687900571444], [-1.601591002967325, 54.969631757495335], [-1.6027421879534813, 54.96923875596258], [-1.6028397460031556, 54.96918261288647], [-1.6046153025072272, 54.968789611353714], [-1.6047128605569014, 54.968733468277605], [-1.6058640455430577, 54.96834046674485], [-1.605961603592732, 54.96828432366874], [-1.6077371600968036, 54.96789132213598], [-1.6078347181464778, 54.967835179059875], [-1.609141996012113, 54.96744217752712], [-1.6100200184591813, 54.966936889842145], [-1.61085901768638, 54.96654388830939], [-1.6109565757360542, 54.96648774523328], [-1.6117955749632529, 54.96609474370052], [-1.6118931330129271, 54.966038600624415], [-1.6130443179990834, 54.96564559909166], [-1.6131418760487577, 54.96558945601555], [-1.6139808752759564, 54.96519645448279], [-1.6140784333256306, 54.965140311406685], [-1.6153857111912657, 54.96474730987393], [-1.61548326924094, 54.96469116679782], [-1.6163222684681386, 54.96429816526506], [-1.617200290915207, 54.96379287758009], [-1.6180392901424057, 54.96339987604733], [-1.61813684819208, 54.963343732971225], [-1.6189758474192786, 54.96295073143847], [-1.6190734054689528, 54.96289458836236], [-1.6199124046961515, 54.9625015868296], [-1.6207904271432199, 54.96199629914463], [-1.622097705008855, 54.96160329761187], [-1.6221952630585292, 54.961547154535765], [-1.623034262285728, 54.96115415300301], [-1.6231318203354022, 54.9610980099269], [-1.624751283959995, 54.96070500839414], [-1.6248488420096692, 54.960648865318035], [-1.6266243985137407, 54.96025586378528], [-1.626721956563415, 54.96019972070917], [-1.6395215726806782, 54.96019972070917], [-1.6396191307303525, 54.96025586378528], [-1.6434238946676487, 54.960648865318035], [-1.6435019411073881, 54.96070500839414], [-1.6435019411073881, 54.96097449515946], [-1.6434238946676487, 54.96101940962035], [-1.64326780178817, 54.96101940962035], [-1.6431897553484305, 54.961064324081235], [-1.6431897553484305, 54.96115415300301], [-1.6433458482279093, 54.96124398192478], [-1.6433458482279093, 54.961333810846554], [-1.643111708908691, 54.961468554229214], [-1.6424873373907758, 54.961468554229214], [-1.6424092909510364, 54.96142363976833], [-1.6424092909510364, 54.961333810846554], [-1.642331244511297, 54.96128889638567], [-1.6422531980715576, 54.961333810846554], [-1.6422531980715576, 54.9615134686901], [-1.642331244511297, 54.96155838315099], [-1.6424873373907758, 54.96155838315099], [-1.6426434302702546, 54.96164821207276], [-1.643111708908691, 54.96164821207276], [-1.643658033986867, 54.961333810846554], [-1.643658033986867, 54.96124398192478], [-1.6438921733060852, 54.9610980099269], [-1.6443604519445216, 54.9610980099269], [-1.644438498384261, 54.96115415300301], [-1.644438498384261, 54.96124398192478], [-1.6442824055047822, 54.961333810846554], [-1.6442824055047822, 54.96142363976833], [-1.6442043590650428, 54.961468554229214], [-1.6438921733060852, 54.961468554229214], [-1.6438141268663458, 54.9615134686901], [-1.6438921733060852, 54.96155838315099], [-1.6443604519445216, 54.96155838315099], [-1.644438498384261, 54.96160329761187], [-1.6442824055047822, 54.961693126533646], [-1.6442824055047822, 54.96178295545542], [-1.644048266185564, 54.96191769883808], [-1.6438921733060852, 54.96191769883808], [-1.6437360804266063, 54.96200752775985], [-1.6435799875471275, 54.96191769883808], [-1.6434238946676487, 54.96191769883808], [-1.6433458482279093, 54.961962613298965], [-1.6433458482279093, 54.96205244222074], [-1.643111708908691, 54.9621871856034], [-1.6429556160292123, 54.962097356681625], [-1.6427995231497334, 54.962097356681625], [-1.642721476709994, 54.96214227114251], [-1.642721476709994, 54.962232100064284], [-1.6428775695894728, 54.96232192898606], [-1.6428775695894728, 54.9625015868296], [-1.6433458482279093, 54.96277107359492], [-1.6433458482279093, 54.962860902516695], [-1.6434238946676487, 54.96290581697758], [-1.6438921733060852, 54.96263633021226], [-1.6439702197458246, 54.96268124467315], [-1.6439702197458246, 54.96277107359492], [-1.6441263126253034, 54.962860902516695], [-1.6441263126253034, 54.96331004712556], [-1.644438498384261, 54.963489704969106], [-1.644438498384261, 54.96357953389088], [-1.6445945912637399, 54.96366936281265], [-1.6445945912637399, 54.963759191734425], [-1.6450628699021763, 54.964028678499744], [-1.6450628699021763, 54.96474730987393], [-1.6449067770226975, 54.9648371387957], [-1.6449067770226975, 54.96519645448279], [-1.644984823462437, 54.96524136894368], [-1.6451409163419157, 54.96524136894368], [-1.6452189627816551, 54.96519645448279], [-1.6452189627816551, 54.9648371387957], [-1.6452970092213945, 54.964792224334815], [-1.6454531021008734, 54.964792224334815], [-1.6455311485406128, 54.96474730987393], [-1.6455311485406128, 54.96447782310861], [-1.6458433342995704, 54.96429816526506], [-1.6458433342995704, 54.96420833634329], [-1.6456872414200916, 54.96411850742152], [-1.6456872414200916, 54.964028678499744], [-1.6459994271790492, 54.9638490206562], [-1.6459994271790492, 54.963759191734425], [-1.646155520058528, 54.96366936281265], [-1.6460774736187886, 54.963624448351766], [-1.6452970092213945, 54.963624448351766], [-1.6450628699021763, 54.963489704969106], [-1.6450628699021763, 54.96331004712556], [-1.6452189627816551, 54.96322021820379], [-1.6452189627816551, 54.96295073143847], [-1.645375055661134, 54.962860902516695], [-1.645375055661134, 54.962591415751376], [-1.6454531021008734, 54.96254650129049], [-1.6460774736187886, 54.96254650129049], [-1.6463116129380069, 54.96268124467315], [-1.6463116129380069, 54.963130389282014], [-1.6463896593777463, 54.9631753037429], [-1.646545752257225, 54.9631753037429], [-1.6471701237751404, 54.96281598805581], [-1.6473262166546192, 54.96281598805581], [-1.6475603559738374, 54.96295073143847], [-1.6475603559738374, 54.96322021820379], [-1.6476384024135768, 54.963265132664674], [-1.6482627739314921, 54.963265132664674], [-1.648418866810971, 54.9631753037429], [-1.6484969132507103, 54.96322021820379], [-1.6484969132507103, 54.963759191734425], [-1.6486530061301892, 54.9638490206562], [-1.6486530061301892, 54.964028678499744], [-1.6490432383288862, 54.96425325080418], [-1.649199331208365, 54.96425325080418], [-1.6495115169673227, 54.96443290864772], [-1.6498237027262803, 54.96443290864772], [-1.6499017491660197, 54.964387994186836], [-1.6499017491660197, 54.96429816526506], [-1.6502919813647168, 54.96407359296063], [-1.6504480742441956, 54.96407359296063], [-1.6507602600031532, 54.96425325080418], [-1.650916352882632, 54.96425325080418], [-1.6510724457621109, 54.96434307972595], [-1.6515407244005473, 54.96434307972595], [-1.6517748637197656, 54.96447782310861], [-1.6517748637197656, 54.96456765203038], [-1.6516187708402867, 54.964657480952155], [-1.6516187708402867, 54.96474730987393], [-1.6516968172800262, 54.964792224334815], [-1.6520090030389838, 54.96461256649127], [-1.6524772816774203, 54.96461256649127], [-1.6525553281171597, 54.964657480952155], [-1.6525553281171597, 54.96474730987393], [-1.6528675138761173, 54.964926967717474], [-1.6528675138761173, 54.96501679663925], [-1.6530236067555961, 54.96510662556102], [-1.6530236067555961, 54.96519645448279], [-1.653179699635075, 54.965286283404566], [-1.653179699635075, 54.96537611232634], [-1.6529455603158567, 54.965510855709], [-1.652789467436378, 54.965510855709], [-1.6527114209966385, 54.965555770169885], [-1.6527114209966385, 54.965825256935204], [-1.6530236067555961, 54.96600491477875], [-1.6530236067555961, 54.966184572622296], [-1.6531016531953355, 54.96622948708318], [-1.6532577460748143, 54.96622948708318], [-1.6533357925145538, 54.966184572622296], [-1.6533357925145538, 54.96609474370052], [-1.6534138389542932, 54.96604982923964], [-1.6537260247132508, 54.96604982923964], [-1.6538040711529902, 54.96609474370052], [-1.6538040711529902, 54.966184572622296], [-1.6538821175927296, 54.96622948708318], [-1.6540382104722084, 54.96622948708318], [-1.6541943033516873, 54.96613965816141], [-1.654350396231166, 54.96613965816141], [-1.6547406284298631, 54.96636423046584], [-1.6544284426709055, 54.96654388830939], [-1.6544284426709055, 54.96663371723116], [-1.6548186748696025, 54.966858289535594], [-1.6549747677490814, 54.966858289535594], [-1.6551308606285602, 54.96694811845737], [-1.655286953508039, 54.96694811845737], [-1.6555210928272572, 54.96708286184003], [-1.6554430463875178, 54.96712777630091], [-1.6551308606285602, 54.96712777630091], [-1.6549747677490814, 54.967217605222686], [-1.6548186748696025, 54.967217605222686], [-1.6547406284298631, 54.96726251968357], [-1.6547406284298631, 54.967621835370664], [-1.6548186748696025, 54.96766674983155], [-1.6549747677490814, 54.96766674983155], [-1.6550528141888208, 54.96771166429244], [-1.6550528141888208, 54.96780149321421], [-1.6549747677490814, 54.9678464076751], [-1.6546625819901237, 54.9678464076751], [-1.654506489110645, 54.967756578753324], [-1.654350396231166, 54.9678464076751], [-1.6541943033516873, 54.967756578753324], [-1.6540382104722084, 54.9678464076751], [-1.653569931833772, 54.9678464076751], [-1.6534918853940326, 54.96789132213598], [-1.6534918853940326, 54.96798115105776], [-1.653569931833772, 54.96802606551864], [-1.6538821175927296, 54.96802606551864], [-1.6540382104722084, 54.96793623659687], [-1.654350396231166, 54.96793623659687], [-1.6544284426709055, 54.96798115105776], [-1.6544284426709055, 54.96834046674485], [-1.654506489110645, 54.968385381205735], [-1.6545845355503843, 54.96834046674485], [-1.6545845355503843, 54.9681608089013], [-1.6546625819901237, 54.968115894440416], [-1.6551308606285602, 54.968115894440416], [-1.6553649999477784, 54.968250637823076], [-1.6553649999477784, 54.968520124588395], [-1.654896721309342, 54.968789611353714], [-1.654896721309342, 54.96887944027549], [-1.6548186748696025, 54.96892435473637], [-1.6546625819901237, 54.96892435473637], [-1.654506489110645, 54.9688345258146], [-1.6538821175927296, 54.9688345258146], [-1.6537260247132508, 54.96874469689283], [-1.6534918853940326, 54.96887944027549], [-1.653569931833772, 54.96892435473637], [-1.6537260247132508, 54.96892435473637], [-1.6538821175927296, 54.969014183658146], [-1.654506489110645, 54.969014183658146], [-1.6546625819901237, 54.96910401257992], [-1.6548186748696025, 54.96910401257992], [-1.6550528141888208, 54.96923875596258], [-1.6550528141888208, 54.969687900571444], [-1.6551308606285602, 54.96973281503233]]]]}}]}