{"type": "FeatureCollection", "features": [{"type": "Feature", "properties": {"band_id": "over_60", "order": 0}, "geometry": {"type": "MultiPolygon", "coordinates": [[[[-1.965291554891808, 54.94980279573842], [-1.965102445683988, 54.95003007108622], [-1.959144047677785, 54.95630672774041], [-1.95909008697066, 54.95785030877818], [-1.959088434104275, 54.95786551051511], [-1.957874141470778, 54.96433835663971], [-1.955652341305184, 54.97072208281634], [-1.952440589741353, 54.97696488513139], [-1.952428143446584, 54.976985597252], [-1.948621512618619, 54.98256010869368], [-1.944024659971256, 54.98793415824276], [-1.938668885204633, 54.993070792734876], [-1.938642219587574, 54.99309411562883], [-1.938041866714362, 54.993562625308186], [-1.937312068261724, 54.99467874192255], [-1.937183668679327, 54.994850363360044], [-1.931841751697192, 55.00113334313732], [-1.929176452758036, 55.00362415552661], [-1.928709719615535, 55.00436625918139], [-1.923185279044071, 55.01096811917082], [-1.916524935858073, 55.01721449670693], [-1.908796731826823, 55.023041099954895], [-1.900079802061568, 55.028387930874864], [-1.890463570631138, 55.03319990900059], [-1.888265741986245, 55.0340920260593], [-1.884002430339719, 55.03908718041298], [-1.877672712275104, 55.044992238552325], [-1.870385138184011, 55.050521569933046], [-1.864612279658536, 55.0541234336442], [-1.863829324697496, 55.055201974517935], [-1.857808616106178, 55.061596760561905], [-1.850697732854412, 55.06761187044578], [-1.842568279706775, 55.073186334977365], [-1.838485960179797, 55.07547282893504], [-1.838353655123285, 55.076230969765824], [-1.835953450892227, 55.08312659200845], [-1.832395999998103, 55.08985576113678], [-1.827714425763689, 55.0963547394274], [-1.821952559210344, 55.10256193928863], [-1.815164541426648, 55.1084185104419], [-1.807414324912833, 55.11386890206159], [-1.799238496647234, 55.11859363895369], [-1.796822681136139, 55.120235051744174], [-1.787967903119299, 55.12517543853256], [-1.778310090547728, 55.129594956117714], [-1.767942037584924, 55.1334510280518], [-1.756963471364132, 55.136706494646084], [-1.745480085280567, 55.1393299758823], [-1.733602510808415, 55.141296178196704], [-1.728135190825124, 55.14187645595655], [-1.725526744071715, 55.142382235439534], [-1.724758716776858, 55.14250714936994], [-1.724398723160248, 55.142563142616645], [-1.721299363704323, 55.14318210207461], [-1.721324043652126, 55.14322043977435], [-1.719842371482522, 55.14353336343599], [-1.716089159629171, 55.14428767263035], [-1.71358583224136, 55.14476547147522], [-1.711198531634091, 55.14522363856607], [-1.709727519008462, 55.145500189975394], [-1.707703996228685, 55.14587272184421], [-1.707467871223995, 55.14591604349105], [-1.70686177053653, 55.146026865470034], [-1.705110060853437, 55.146347008799644], [-1.704316125822015, 55.146490330291], [-1.703648968874736, 55.14662471915858], [-1.693671821571138, 55.148372211003895], [-1.692897359714591, 55.14848801022868], [-1.687849551409021, 55.149179488800975], [-1.687213481675561, 55.1492587262039], [-1.685323731973442, 55.14948546492881], [-1.683800343866148, 55.14966127047835], [-1.680059182175907, 55.15005943073523], [-1.678677293087317, 55.15019416567449], [-1.676931563296182, 55.150357154287384], [-1.674946807661956, 55.1505342633822], [-1.672371686481475, 55.15074846198822], [-1.671380945656608, 55.15082489543709], [-1.664412370564329, 55.15124988964758], [-1.663261712518285, 55.15130157921927], [-1.659624654048027, 55.151315039427146], [-1.657484007466116, 55.15147010430263], [-1.645412105799181, 55.1516777988485], [-1.633360956870624, 55.151222851268926], [-1.621441412738444, 55.15010944721766], [-1.60976309518444, 55.14834782850343], [-1.598433371930641, 55.1459541973592], [-1.587556355222586, 55.14295056508285], [-1.577231932647767, 55.13936454655099], [-1.567554839670163, 55.13522910263817], [-1.567318136371121, 55.13510610494154], [-1.567082282409889, 55.13508782953188], [-1.566952663095267, 55.135072702606266], [-1.566960084540924, 55.135051830450124], [-1.565999290470164, 55.13502315086823], [-1.565177691834436, 55.134953347674895], [-1.565531064955072, 55.13483079398665], [-1.565623426142311, 55.1347935120053], [-1.565711620445488, 55.134747227019304], [-1.565794772929926, 55.134692398200485], [-1.565872058678491, 55.13462956948006], [-1.565942710975204, 55.13455936415255], [-1.566006028911482, 55.13448247869237], [-1.566061384339517, 55.13439967584442], [-1.566108228103848, 55.134311777057256], [-1.566146095489267, 55.134219654333876], [-1.566174610831052, 55.13412422158098], [-1.566193491241755, 55.13402642554255], [-1.566202549417599, 55.1339272364076], [-1.566201695496634, 55.13382763818542], [-1.566190937950213, 55.13372861894367], [-1.566170383498952, 55.13363116100621], [-1.566140236054005, 55.13353623120791], [-1.566100794694156, 55.133444771303175], [-1.566052450698797, 55.133357688623185], [-1.565995683666229, 55.13327584707472], [-1.565931056755788, 55.13320005856973], [-1.565859211101002, 55.133131074970734], [-1.565780859449208, 55.133069580631954], [-1.565696779090713, 55.13301618561012], [-1.56560780414766, 55.13297141961241], [-1.565514817299089, 55.13293572674149], [-1.56541874102429, 55.13290946108973], [-1.565320528451314, 55.132892883226454], [-1.565221153901432, 55.13288615761292], [-1.564314453901432, 55.13287005761293], [-1.564227409610043, 55.1328723034674], [-1.563383850722986, 55.13293089481403], [-1.563051327813415, 55.132941398525745], [-1.56295379797411, 55.13294926868398], [-1.562433651722153, 55.133016987334855], [-1.561804267417629, 55.13301007004928], [-1.5611223916828, 55.13298896218669], [-1.560703713740518, 55.13293285898565], [-1.560604178697864, 55.13292455388926], [-1.560327878697864, 55.13291535388926], [-1.56026022623977, 55.132915390952306], [-1.55997580353028, 55.132925173411294], [-1.559439191780834, 55.132914980360134], [-1.559408072566406, 55.132914873540024], [-1.558923431231239, 55.132920751427896], [-1.558865338707927, 55.132918369403455], [-1.558785471586846, 55.13285675827003], [-1.558698669043558, 55.13280295229056], [-1.558623569043559, 55.13276155229056], [-1.558539260489684, 55.132720114501765], [-1.558451435512984, 55.132686770895724], [-1.558360869170863, 55.1326618157305], [-1.558268360713337, 55.132645469235996], [-1.558161060713337, 55.132631669236], [-1.558062898087006, 55.132623932217165], [-1.5579644504238, 55.13262588677032], [-1.557866672248898, 55.13263751394459], [-1.557721872248898, 55.13266201394459], [-1.557694200343968, 55.1326670974137], [-1.557454252071422, 55.13271467589614], [-1.557218967039838, 55.1327587663714], [-1.557021494887248, 55.13277601713474], [-1.556803554408253, 55.13277960369024], [-1.556518628625985, 55.13276587427329], [-1.556226221129836, 55.13273079448538], [-1.555603205119289, 55.13258182403816], [-1.555310265431144, 55.132499658028074], [-1.555251231056677, 55.132485020643124], [-1.555109031056677, 55.13245432064312], [-1.555006106582685, 55.13243766069046], [-1.554804778722615, 55.132415767514374], [-1.55451749735488, 55.13237042673921], [-1.554419897626055, 55.13235990075289], [-1.554321736111955, 55.132358994880704], [-1.554111639407528, 55.13236737681485], [-1.553321919770606, 55.13230700895773], [-1.553275042226343, 55.132304530575816], [-1.552086142226343, 55.13226963057582], [-1.551998601968428, 55.132270894941854], [-1.551911507792336, 55.13227981121171], [-1.551405413108244, 55.13235413145347], [-1.551123987667519, 55.13238608368691], [-1.55105095072713, 55.13239712173453], [-1.550978927823704, 55.13241352095826], [-1.550765102790566, 55.132470590636096], [-1.550303484522806, 55.13252140389671], [-1.550205116881488, 55.13253722507921], [-1.550108811799851, 55.13256275611768], [-1.550015525250547, 55.13259774357819], [-1.549926183242755, 55.132641840157625], [-1.549841672630155, 55.13269460813117], [-1.549074638889402, 55.13322842271066], [-1.548904493935745, 55.133265715207784], [-1.548501232453059, 55.13322901558981], [-1.548408018396344, 55.13322490333234], [-1.547240783624821, 55.13322791673548], [-1.54662911461045, 55.13310324589128], [-1.546613645500999, 55.13310021974515], [-1.546087984483721, 55.133001682128786], [-1.545499230894473, 55.13285880589156], [-1.545414008811029, 55.13284200656181], [-1.545327650380945, 55.1328326661903], [-1.544428350380944, 55.1327747661903], [-1.544351428581863, 55.13277278028564], [-1.54427458180907, 55.132776714812614], [-1.54388515515441, 55.13281171610587], [-1.543885840635437, 55.13275509167636], [-1.543877647402158, 55.13265863393809], [-1.543860165904217, 55.13256342038037], [-1.543833559964651, 55.13247034327082], [-1.54379807891369, 55.1323802748559], [-1.543754055252222, 55.13229405918693], [-1.543701901535854, 55.13221250421031], [-1.543642106508764, 55.132136374195994], [-1.543575230523565, 55.132066382575445], [-1.543501900290117, 55.13200318525583], [-1.543422803002489, 55.13194737447342], [-1.543338679899109, 55.13189947324357], [-1.54325031931645, 55.13185993045945], [-1.543158549301357, 55.13182911668537], [-1.543064229851228, 55.1318073206841], [-1.54296824485479, 55.13179474671088], [-1.54287149380898, 55.13179151259923], [-1.542774883389552, 55.13179764865672], [-1.542679318954421, 55.131813097381], [-1.542056018954421, 55.131945097381], [-1.542054594371974, 55.13194540015749], [-1.541598894371974, 55.13204260015749], [-1.541494454928271, 55.132070861729176], [-1.541393680088423, 55.132110241235125], [-1.54129774955433, 55.13216027768648], [-1.54097994955433, 55.13234857768648], [-1.540899592903366, 55.13240157502547], [-1.540824704131232, 55.13246205296444], [-1.540755977150499, 55.132529451120305], [-1.540694048779137, 55.132603144987854], [-1.540639492839818, 55.1326824517264], [-1.540562092839818, 55.1328074517264], [-1.540516461114086, 55.1328895210058], [-1.540478728556141, 55.13297550865075], [-1.540449227877378, 55.133064656454806], [-1.540428219203601, 55.1331561783464], [-1.540416153087926, 55.133247264540785], [-1.538526691597168, 55.13351703437611], [-1.537962341775856, 55.133597570159715], [-1.537936527427057, 55.13359137929684], [-1.537896589906494, 55.13355513969485], [-1.53782015326643, 55.13349238417989], [-1.537737891630282, 55.13343748574803], [-1.537664491630282, 55.13339358574803], [-1.537583683511846, 55.13335015815759], [-1.53749923565213, 55.1333143187016], [-1.537411858756518, 55.13328636900161], [-1.537322288180892, 55.133266544279714], [-1.537231277742941, 55.133255011378935], [-1.537147877742941, 55.133248311378935], [-1.537040655562971, 55.13324546847812], [-1.536933745671007, 55.13325412601605], [-1.536828378030927, 55.13327418439052], [-1.536754978030927, 55.13329228439052], [-1.53665940590843, 55.1333209797717], [-1.536567169474693, 55.133359057268876], [-1.536479187169899, 55.13340613772706], [-1.536396335073933, 55.13346175234469], [-1.536319438182855, 55.133525347341674], [-1.536249262194035, 55.13359628947367], [-1.536186505881759, 55.13367387233757], [-1.536153054651428, 55.133724895038775], [-1.535496360353629, 55.133883720729905], [-1.528902231179546, 55.13546650779156], [-1.528821297357476, 55.13548596676075], [-1.528519667012166, 55.13555674036132], [-1.528430518055378, 55.13558206916921], [-1.528344096836909, 55.13561554241232], [-1.52826114563595, 55.13565687258611], [-1.528182376927419, 55.1357057047022], [-1.528108467262447, 55.1357616193374], [-1.528040051457429, 55.13582413623615], [-1.52790212402409, 55.13596243180321], [-1.527771103926879, 55.13581884131148], [-1.527753203926879, 55.13579924131149], [-1.527687896285055, 55.13573404513994], [-1.527616856805079, 55.1356751467431], [-1.527540690432794, 55.13562304767786], [-1.52746004577276, 55.13557819160054], [-1.527375609564972, 55.13554096048882], [-1.527288100836836, 55.13551167138904], [-1.527198264780206, 55.13549057371631], [-1.527106866405598, 55.13547784713058], [-1.52536157036196, 55.13531647864411], [-1.521512073121422, 55.13494102274762], [-1.521444133357246, 55.134936724466336], [-1.521272361953727, 55.134931718063626], [-1.520354120024892, 55.13485476969829], [-1.520298718051242, 55.134817525505824], [-1.52021339343494, 55.134771479613185], [-1.520124010678298, 55.13473391317617], [-1.520031410025203, 55.134705179338596], [-1.519936461969428, 55.13468554821331], [-1.519302561969428, 55.13458624821331], [-1.519203395421808, 55.13457574662148], [-1.519103676017326, 55.1345751739372], [-1.519004395394417, 55.1345845358554], [-1.518906540828149, 55.13460373927849], [-1.518811085412471, 55.13463259324209], [-1.518724759702768, 55.13466841199624], [-1.518709944633989, 55.13464208225404], [-1.518654026609202, 55.13456210140877], [-1.518590578845465, 55.134487951949005], [-1.518520205604122, 55.134420340056494], [-1.518443577103112, 55.13435990965075], [-1.518361423133973, 55.134307236256504], [-1.518274526111481, 55.1342628215226], [-1.518183713622119, 55.13422708844434], [-1.518089850542341, 55.13420037733503], [-1.517814159405148, 55.134136281898876], [-1.517805730961042, 55.13412301535205], [-1.517747153630967, 55.134047755326336], [-1.517681673332959, 55.13397841770564], [-1.517385573332959, 55.13369341770564], [-1.517310508747234, 55.13362804338372], [-1.517229316662152, 55.13357045571737], [-1.517142801568998, 55.13352122531362], [-1.517051820702053, 55.13348083997165], [-1.516957275544691, 55.13344969984936], [-1.516283772403669, 55.133264472163845], [-1.515860926052272, 55.13311749596495], [-1.515378354443717, 55.13294757377885], [-1.515361818286696, 55.132940239709804], [-1.515351085756104, 55.13292794608677], [-1.515281317905125, 55.13286202340377], [-1.515205551074936, 55.132803093440195], [-1.5151244833321, 55.13275169913861], [-1.515038861582362, 55.132708314012866], [-1.514949474689142, 55.132673337785455], [-1.514857146205454, 55.1326470927047], [-1.514762726786227, 55.13262982057581], [-1.514566026786227, 55.13260352057581], [-1.514462031631955, 55.132595107109886], [-1.51439587505015, 55.132596672379044], [-1.514375883068903, 55.13258716291894], [-1.514311513125104, 55.132556467992075], [-1.513778213125104, 55.13230216799207], [-1.513691235516273, 55.13226562374063], [-1.513601201129835, 55.13223743870896], [-1.513508911324658, 55.13221786376039], [-1.51341518753416, 55.132207073123425], [-1.513322313192486, 55.13220519219168], [-1.513150613509026, 55.13212830143199], [-1.513147612205873, 55.13212319399461], [-1.513089716506571, 55.132043727866844], [-1.513024296994806, 55.13197033123926], [-1.51295198606644, 55.13190371362072], [-1.51283918606644, 55.13180961362072], [-1.512755132407776, 55.1317466740982], [-1.512664942199599, 55.131692895595265], [-1.512569609915311, 55.131648871095244], [-1.512470186726911, 55.13161508602994], [-1.512367768914346, 55.13159191292702], [-1.512351173638147, 55.1315899546503], [-1.512307455658561, 55.13153633743259], [-1.51223752844, 55.13146610145288], [-1.512160992089073, 55.13140313244678], [-1.512078598415371, 55.13134804895309], [-1.511991156764433, 55.13130139205196], [-1.511899526067614, 55.13126362004986], [-1.51180460640489, 55.131235103977716], [-1.51173752909823, 55.1312220162045], [-1.511678323186118, 55.13115493945695], [-1.511607107226837, 55.13108856133147], [-1.511529774247337, 55.13102942269198], [-1.511447057191688, 55.13097808404082], [-1.511359740032985, 55.130935031953825], [-1.510865840032986, 55.13072073195383], [-1.510802222446746, 55.13069567672614], [-1.510159422446746, 55.13046757672614], [-1.510033103636927, 55.13043189321836], [-1.509832558529365, 55.130389224905414], [-1.509790140898708, 55.130362347720514], [-1.509704004204516, 55.13031878594271], [-1.509614068865602, 55.13028373179338], [-1.509263468865602, 55.130166231793375], [-1.50917172520623, 55.13014027854651], [-1.509077926871489, 55.13012318052155], [-1.508982926532332, 55.13011509314758], [-1.5089465301786, 55.130115473682324], [-1.507570082079723, 55.12954411016628], [-1.507556203355767, 55.12953847060417], [-1.507114603355767, 55.12936287060417], [-1.507101692554044, 55.1293578399985], [-1.506964066397999, 55.12930531022904], [-1.506188019180331, 55.12898608583097], [-1.506148268935427, 55.12897071667935], [-1.506112718205442, 55.128957835117774], [-1.506088866456883, 55.12893380316778], [-1.506013295379394, 55.12887129795005], [-1.505931965153816, 55.12881649572013], [-1.505845658005311, 55.12876992355985], [-1.50575520402654, 55.12873202939511], [-1.50555900402654, 55.12866092939511], [-1.505465148657219, 55.12863204595588], [-1.505368912905707, 55.12861250718563], [-1.505271224781382, 55.12860250149834], [-1.505173026298976, 55.12860212537971], [-1.505158041889392, 55.12860354425379], [-1.5051439378627, 55.12859657305271], [-1.505087227612635, 55.12853150184729], [-1.505016943545993, 55.1284650738577], [-1.504940571511725, 55.128405745616476], [-1.504881171511725, 55.12836404561647], [-1.504800606224414, 55.12831304163398], [-1.504715549347666, 55.12826994291628], [-1.504626774233212, 55.12823514132432], [-1.50453508803964, 55.128208953280144], [-1.504449423379394, 55.128193114348555], [-1.504397765118266, 55.12817362881869], [-1.504300675524724, 55.12814247140318], [-1.504250915603306, 55.12810811675994], [-1.504166221979904, 55.12806103984043], [-1.504077369652988, 55.128022380945], [-1.50398519287893, 55.12799250305152], [-1.503890557128155, 55.12797168669089], [-1.503794350959026, 55.127960127313045], [-1.503699211709474, 55.12795335045087], [-1.503597381290309, 55.127935849403386], [-1.503503318639313, 55.12792424048289], [-1.503408579434922, 55.12792158859696], [-1.503314014676715, 55.1279279175663], [-1.503296617504392, 55.12793075438614], [-1.502403455442075, 55.12760988157866], [-1.501446944689867, 55.12726566082706], [-1.501442398678531, 55.12725743217051], [-1.501387921951808, 55.12717799039018], [-1.501326054528712, 55.12710415860722], [-1.501257370459137, 55.12703662188534], [-1.500897554028663, 55.12671539649186], [-1.500861019084761, 55.12668276529862], [-1.500414173890213, 55.126283792805516], [-1.500365408095947, 55.12624019161675], [-1.499999687645888, 55.12591306277241], [-1.499981824760338, 55.12589746213764], [-1.499959215071198, 55.12587818365662], [-1.499506009213584, 55.125472229631875], [-1.499486520454569, 55.125455221917406], [-1.499465330936399, 55.1254372073759], [-1.498942936625754, 55.12497012771579], [-1.498862230164843, 55.124905166154484], [-1.498775235674016, 55.12484890341507], [-1.498682886911886, 55.12480194339576], [-1.498586175107332, 55.12476479014368], [-1.498486138320115, 55.12473784244463], [-1.49838385029882, 55.12472138954276], [-1.498371385367784, 55.124720042382755], [-1.498315783098562, 55.124682747836715], [-1.498314917429783, 55.124680850827446], [-1.498266466200734, 55.12459717098995], [-1.498210159554823, 55.12451856184019], [-1.498054659554823, 55.124322261840184], [-1.498041429276576, 55.12430623509795], [-1.498033746533589, 55.12426972450801], [-1.49800471747687, 55.12417729654256], [-1.497966880795069, 55.12408811133952], [-1.497920591608712, 55.12400300595686], [-1.497866284370276, 55.123922779160935], [-1.497813841199979, 55.1238594939796], [-1.498496927030727, 55.12220490128442], [-1.498530180169181, 55.122111466999485], [-1.49855401480111, 55.122015198379785], [-1.498568196495345, 55.12191704229812], [-1.498571053571994, 55.12185255007052], [-1.499298240480133, 55.121068161559585], [-1.499359640718106, 55.120995249084345], [-1.499413819768447, 55.12091682173725], [-1.499460285348479, 55.12083359212628], [-1.4994986152618, 55.12074631649387], [-1.499528461234452, 55.12065578784545], [-1.499549552079413, 55.12056282874408], [-1.499561696160661, 55.120468283836445], [-1.499564783134424, 55.12037301217821], [-1.499558784951784, 55.12027787942847], [-1.499543756113539, 55.12018374998414], [-1.499519833174992, 55.120091479125904], [-1.499487233505186, 55.120001905246916], [-1.498930805586486, 55.11867369851393], [-1.498917269377593, 55.11861516459028], [-1.498887429119678, 55.11852562214529], [-1.498812176932701, 55.11833096265408], [-1.4988338347704, 55.11827277540033], [-1.498858632700877, 55.11817945415325], [-1.498874314454518, 55.1180841762696], [-1.498880733817908, 55.117987830100574], [-1.498877830938234, 55.11789131395788], [-1.498865632881343, 55.11779552773799], [-1.498844253379388, 55.11770136453176], [-1.498813891770407, 55.11760970229738], [-1.498774831139745, 55.11752139567451], [-1.498727435680614, 55.11743726801576], [-1.498598335680615, 55.11723196801576], [-1.498539468332627, 55.11714820049685], [-1.498472344360133, 55.1170708911559], [-1.498397667380903, 55.11700085037737], [-1.498316220186058, 55.11693881235408], [-1.498228856534568, 55.11688542739101], [-1.498173956534568, 55.11685562739101], [-1.498144452837435, 55.11684148259354], [-1.498167031399496, 55.11682364074574], [-1.498238865266408, 55.11675416369977], [-1.498303405854083, 55.11667786378563], [-1.498360008585063, 55.116595503023134], [-1.498408108158572, 55.11650790396274], [-1.498478995369187, 55.11636195970559], [-1.498614828588184, 55.11608936406026], [-1.49874840948967, 55.11587819325704], [-1.498796512469242, 55.11579323483494], [-1.498836101499287, 55.115703990569976], [-1.498866799223897, 55.115611311123324], [-1.498888313037576, 55.11551607989971], [-1.498900437874306, 55.115419204627], [-1.498903058162204, 55.11532160870383], [-1.498901429062967, 55.11529864640642], [-1.499061379233317, 55.11496687729945], [-1.499094060796896, 55.114891279439966], [-1.499120410582979, 55.11481324861446], [-1.499266610582979, 55.114313248614465], [-1.499287568962845, 55.114227772338005], [-1.499300930848174, 55.11414078436444], [-1.499438330848174, 55.11287818436443], [-1.499441246758287, 55.11284679688658], [-1.499511446758287, 55.11193539688658], [-1.499514361869728, 55.1118498673549], [-1.499508461869728, 55.1111742673549], [-1.49950453784928, 55.11109406967446], [-1.499494192307195, 55.11101444533368], [-1.499467892307195, 55.11086064533368], [-1.499439651109832, 55.11074060448326], [-1.499293251109832, 55.11025490448326], [-1.49928769189098, 55.11023706594855], [-1.49908459189098, 55.109606165948556], [-1.499077606797065, 55.1095852605052], [-1.498895906797066, 55.109060760505194], [-1.498882098479141, 55.10902651912585], [-1.498807126112062, 55.10867767971273], [-1.498779608855216, 55.10811440583291], [-1.498769713101687, 55.108014704621915], [-1.498749890383886, 55.10791649404575], [-1.498720339687357, 55.10782075996747], [-1.498681357649599, 55.10772846339037], [-1.49863333558234, 55.107640530811274], [-1.498576135582341, 55.10754723081127], [-1.49853022601002, 55.107478837837476], [-1.498365308204781, 55.10725377353857], [-1.498357526553871, 55.10722383339375], [-1.498231626553871, 55.106834333393756], [-1.498197692995224, 55.10674437881174], [-1.498155277837105, 55.10665809864258], [-1.49778179974363, 55.1059824912987], [-1.497663207517634, 55.10567666876205], [-1.497479084182652, 55.10512487504297], [-1.497441385120573, 55.105028739973925], [-1.497393973134889, 55.10493700516921], [-1.497016217192731, 55.10429032505338], [-1.496841076698727, 55.103956935309135], [-1.496786716049783, 55.103865602194276], [-1.496743676721678, 55.10380818191296], [-1.496609398038645, 55.103556297964005], [-1.496592254391081, 55.10349184830433], [-1.496561694275192, 55.10340794714728], [-1.496547394275192, 55.10337354714728], [-1.49650363081506, 55.10328174295002], [-1.496450769112551, 55.10319485859305], [-1.496389355929529, 55.1031137927431], [-1.496320026477963, 55.1030393838846], [-1.49624349784978, 55.10297240164706], [-1.496160561599794, 55.10291353884458], [-1.496138299528035, 55.10290092557144], [-1.49613387776199, 55.10288956064752], [-1.49609120040504, 55.10280471770394], [-1.496040666901528, 55.10272430597038], [-1.495721466901528, 55.10226620597038], [-1.495714155926596, 55.10225585409198], [-1.494991855926596, 55.10124675409198], [-1.494919713318049, 55.101157309670604], [-1.494653563661657, 55.100863604115446], [-1.493799627439713, 55.09985655573609], [-1.493605646303033, 55.09961896437134], [-1.493354016914277, 55.099271008107195], [-1.49334677368741, 55.09926112027003], [-1.493082289588663, 55.09890467213165], [-1.493073193995518, 55.09887456574455], [-1.493040926038962, 55.09879385763801], [-1.492906526038962, 55.09849595763801], [-1.492856192911798, 55.09839892176058], [-1.492795569058803, 55.09830795949562], [-1.492725378897745, 55.09822415778628], [-1.492490178897746, 55.09797265778628], [-1.492415965754443, 55.09790108320805], [-1.492334777233943, 55.097837530591846], [-1.492247476411697, 55.09778267553444], [-1.492101263364493, 55.09770100009805], [-1.492084414099159, 55.097686818192905], [-1.491493955272406, 55.09708093589405], [-1.491068612430245, 55.09661712081134], [-1.490990368604064, 55.096540654383745], [-1.490829368400139, 55.096399679441774], [-1.490612579373693, 55.096137051762256], [-1.490172077461388, 55.09546143475881], [-1.490156299128617, 55.09543796694059], [-1.490093299128617, 55.09534706694058], [-1.49009016081576, 55.09534256523657], [-1.48971206081576, 55.09480336523657], [-1.489649641416592, 55.0947233229127], [-1.489579429465841, 55.09465002054592], [-1.489475112374487, 55.0945516331931], [-1.489424587241835, 55.09450404770453], [-1.48923739859312, 55.094293849730235], [-1.489202642266087, 55.094256763395556], [-1.489089570884113, 55.094142096815666], [-1.488770838449676, 55.09380488572168], [-1.488707616009512, 55.09374363791521], [-1.488269216009512, 55.09335483791521], [-1.48824727824598, 55.09333594240484], [-1.48781997824598, 55.09297854240484], [-1.487788669506527, 55.0929534061289], [-1.487521007485195, 55.09274721169136], [-1.487143003265647, 55.092290880757275], [-1.487061570387966, 55.09220372545436], [-1.486820570387966, 55.09197482545436], [-1.486795348612715, 55.091951678149016], [-1.486241948612715, 55.091460978149016], [-1.486231042597993, 55.091451447957574], [-1.485672142597993, 55.09097014795758], [-1.485660230918245, 55.09096005103921], [-1.484679430918245, 55.09014175103921], [-1.484675436712057, 55.09013843614137], [-1.483802276805363, 55.08941759627592], [-1.483148785276669, 55.08878383785407], [-1.483082326593386, 55.088724883150554], [-1.483010897847344, 55.08867205940694], [-1.482746895850334, 55.08849440206006], [-1.482275749440473, 55.08817453941184], [-1.480920079584365, 55.0871952526793], [-1.480497714399291, 55.086879537411555], [-1.480450007000163, 55.086845999379406], [-1.480074640958553, 55.086598151371334], [-1.479879655619218, 55.08645065349448], [-1.479747124418614, 55.086315963351566], [-1.479648279464402, 55.08621169530184], [-1.479628272796319, 55.08618630381626], [-1.479571910785747, 55.08612080430882], [-1.479510104605766, 55.08606041508936], [-1.479443315754576, 55.086005587075825], [-1.479344115754576, 55.08593108707582], [-1.479261474126452, 55.08587524316932], [-1.479147993567293, 55.08580654461746], [-1.478830890257613, 55.08561272950335], [-1.478623958720174, 55.0854607051732], [-1.478579280450265, 55.0854297161116], [-1.478476080450265, 55.0853622161116], [-1.478391401618639, 55.08531258592109], [-1.478068297539951, 55.08514394699729], [-1.477853137239796, 55.085024130866024], [-1.477589511181827, 55.08486249016405], [-1.477501557919888, 55.084814452638064], [-1.477409238218869, 55.08477545965161], [-1.477313479280626, 55.08474590282608], [-1.477228236318555, 55.08472420461755], [-1.477094532627159, 55.08466732804726], [-1.476939304986932, 55.084591097101445], [-1.476907012795764, 55.08457594740718], [-1.476593312795764, 55.08443554740718], [-1.476555544914458, 55.08441956526478], [-1.476377991648693, 55.084348687146594], [-1.476346890560788, 55.08433041324313], [-1.476253922096865, 55.08428215134083], [-1.476156415227977, 55.084243879196684], [-1.476055439833273, 55.08421601674593], [-1.475887939833273, 55.08417911674593], [-1.475812754499369, 55.08416554206406], [-1.475444154499369, 55.08411344206406], [-1.475376610115109, 55.084106225057845], [-1.475175510115109, 55.08409162505785], [-1.475133631578351, 55.08408946619731], [-1.474933931578351, 55.08408336619731], [-1.474865183424281, 55.08408363052016], [-1.47470568342428, 55.08408973052016], [-1.474635027233698, 55.08409494430702], [-1.474572027233698, 55.084101844307014], [-1.474472594371963, 55.08411783621612], [-1.474375274278212, 55.08414374826935], [-1.474281054034649, 55.08417931765018], [-1.47419088928283, 55.08422418359138], [-1.474105694530934, 55.08427789103406], [-1.474026333878247, 55.08433989524323], [-1.473953612250915, 55.08440956733283], [-1.473913596713589, 55.084456495522], [-1.473848536112221, 55.084440587539234], [-1.473634736112221, 55.08439718753924], [-1.473548537135429, 55.08438357515214], [-1.47346147960214, 55.08437752977536], [-1.47329797960214, 55.08437332977535], [-1.473260679989461, 55.0843730675146], [-1.473097179989461, 55.0843749675146], [-1.472974036920347, 55.08438402215063], [-1.472759336920346, 55.08441322215063], [-1.472672880901569, 55.084428875866536], [-1.472526080901569, 55.08446217586654], [-1.472443166732311, 55.084484770504616], [-1.472410929258215, 55.084496611605466], [-1.47233121311768, 55.08447175874498], [-1.472239808384757, 55.08445239594944], [-1.472190723052521, 55.084446712057634], [-1.472164780702102, 55.08443968069124], [-1.472083885521519, 55.08442475988115], [-1.472040285521519, 55.08441855988115], [-1.47192336787387, 55.08440888487828], [-1.471806121724509, 55.084412969296544], [-1.471681868101539, 55.08442462280321], [-1.471604924946257, 55.08437098624413], [-1.471554724946257, 55.084340286244135], [-1.471459536864696, 55.08428892982191], [-1.471359359046987, 55.08424815412064], [-1.471255363398585, 55.08421843614479], [-1.471148766486895, 55.08420012354276], [-1.471105866486895, 55.084195123542756], [-1.471041343456374, 55.08419109563966], [-1.471030416517264, 55.08418632309654], [-1.471027455746097, 55.084185339616646], [-1.471083583124285, 55.08415141433111], [-1.471104082438523, 55.08413868365469], [-1.471290482438523, 55.084019783654696], [-1.47136533711548, 55.08396706432406], [-1.471435056330886, 55.083907719724564], [-1.471499055659899, 55.083842247315324], [-1.471556798624913, 55.08377119592212], [-1.471636498624912, 55.083663395922116], [-1.47169859890542, 55.08356859936587], [-1.471749574738978, 55.08346738525466], [-1.471773774738978, 55.08341168525466], [-1.471805902131967, 55.0833275651734], [-1.471830332243939, 55.083240896106936], [-1.471846866986815, 55.08315238079905], [-1.471855372290989, 55.0830627369635], [-1.471862772290989, 55.082913536963495], [-1.471862424800216, 55.0828078936874], [-1.47185093426712, 55.082702876592684], [-1.471828428933202, 55.0825996577355], [-1.471793115930145, 55.082470821425765], [-1.471789051473348, 55.08243806415635], [-1.471768207050763, 55.082344542905744], [-1.471738507764535, 55.082253445887865], [-1.471700226275326, 55.08216560943842], [-1.47165371403455, 55.08208183995874], [-1.471599398057799, 55.082002906512486], [-1.471537777004536, 55.08192953376508], [-1.471469416600044, 55.08186239533074], [-1.47143102397219, 55.08183131519406], [-1.471435622098672, 55.081778535992775], [-1.471434862344053, 55.08168366582724], [-1.471425115504224, 55.08158929462057], [-1.471406615504224, 55.08146719462057], [-1.471388947153549, 55.08137811210666], [-1.471363269737138, 55.08129099990782], [-1.471329795038855, 55.081206576513694], [-1.471288799153486, 55.08112553823704], [-1.471247999153486, 55.08105323823704], [-1.471189005547521, 55.080960911183816], [-1.471120265396807, 55.08087559224113], [-1.471042603894567, 55.0807983056228], [-1.470956953330661, 55.080729979118395], [-1.470851153330661, 55.080654679118396], [-1.470802466747445, 55.080624252000085], [-1.470696102326703, 55.08050249659865], [-1.470686782718843, 55.080491978525814], [-1.470685643889624, 55.080490711299184], [-1.47067152783505, 55.080459327941426], [-1.470625149584863, 55.08037768648522], [-1.470571318504945, 55.0803007547993], [-1.470516306018961, 55.08023603125275], [-1.470431113907354, 55.080075659868626], [-1.470362046783203, 55.079934984385794], [-1.470325626523891, 55.07986747871498], [-1.470284139280629, 55.07980296313913], [-1.470209939280629, 55.07969676313913], [-1.470173102297694, 55.07964735532851], [-1.469976502297694, 55.07939995532851], [-1.469913260908108, 55.079327774300246], [-1.46984339174799, 55.07926198771603], [-1.46964289174799, 55.07909058771603], [-1.469582786263182, 55.079043067589176], [-1.469519218829531, 55.07900028893633], [-1.469308118829531, 55.07886968893633], [-1.469231430445885, 55.07882678467252], [-1.469151271612454, 55.07879077848608], [-1.469022671612454, 55.07873967848608], [-1.46888256097871, 55.07869561146204], [-1.46874876097871, 55.07866411146203], [-1.468673126430805, 55.078649355458424], [-1.468596580193138, 55.07864046737773], [-1.468489080193138, 55.078632167377734], [-1.468374003244962, 55.07862992594487], [-1.468372093597158, 55.078630109233416], [-1.468314422971198, 55.07861855120031], [-1.468218324142591, 55.07860879616967], [-1.468121732457048, 55.07860835825804], [-1.468069232457048, 55.078610658258036], [-1.467950105870913, 55.07862305644597], [-1.467894719557806, 55.07863220068575], [-1.46784528083098, 55.078636261275506], [-1.467790388037375, 55.078637683229594], [-1.467713646042843, 55.078624111040845], [-1.467575946042843, 55.07860691104084], [-1.467492104273514, 55.07860000449998], [-1.467407978680523, 55.078600169408155], [-1.466777078680523, 55.07862796940816], [-1.466753225509135, 55.07862930613238], [-1.465937425509135, 55.07868480613237], [-1.465891068945947, 55.07868904579054], [-1.465584068945947, 55.07872434579054], [-1.465523094091062, 55.078733268187676], [-1.464991898605243, 55.078827798995874], [-1.464988505721051, 55.07882816295246], [-1.464970333048991, 55.078820512421046], [-1.464877133048991, 55.07878671242105], [-1.464827308050239, 55.07877071127956], [-1.46481801171595, 55.07875295362243], [-1.464761940796687, 55.07866811628119], [-1.464697543656823, 55.078589412209936], [-1.464653903527109, 55.078545954079175], [-1.464654926263583, 55.078510160186426], [-1.464648716313089, 55.0784159876675], [-1.464646116313089, 55.0783930876675], [-1.464631383452258, 55.078301480854876], [-1.464624119331542, 55.078273300319076], [-1.464637016403223, 55.07823539732698], [-1.464659611075133, 55.078137998755885], [-1.464688511075133, 55.07797729875588], [-1.464702343608696, 55.07786282163739], [-1.464702905805477, 55.077747513209346], [-1.464687528632842, 55.0774566121397], [-1.464674723269742, 55.07710871681699], [-1.464671895413065, 55.077061852574815], [-1.464653495413065, 55.07684265257481], [-1.464643198938198, 55.07676073534708], [-1.46462618008798, 55.076679946682454], [-1.464602554870545, 55.07660083727281], [-1.464526554870545, 55.07638003727281], [-1.464491393806447, 55.07629175718474], [-1.464448012182721, 55.07620721305956], [-1.464396801721302, 55.07612716830321], [-1.464338224835984, 55.07605234569375], [-1.464235924835984, 55.07593374569375], [-1.46419737865054, 55.075891557640254], [-1.464037356303976, 55.07572616480538], [-1.463941384164504, 55.075617515495004], [-1.463853979080888, 55.075517469990096], [-1.463802448075998, 55.075462777872175], [-1.463746955659071, 55.07541210969783], [-1.463565955659071, 55.07525890969783], [-1.46355633440569, 55.07525086917133], [-1.46337793440569, 55.075103669171334], [-1.463362860967548, 55.075092719503786], [-1.463256905735818, 55.074776443137075], [-1.463223821799418, 55.074690922505305], [-1.463153021799418, 55.0745302225053], [-1.463147152420628, 55.07451715483717], [-1.463031652420628, 55.07426485483717], [-1.462987593394525, 55.0741796616787], [-1.462935575392064, 55.074099081287464], [-1.462876076930596, 55.07402385492829], [-1.462754076930596, 55.07388395492829], [-1.46272594585407, 55.07385302617484], [-1.46254364585407, 55.07366082617484], [-1.462509547305489, 55.07362657310146], [-1.462341647305489, 55.07346587310146], [-1.462256455727959, 55.07339303023928], [-1.462163647342947, 55.07333017889781], [-1.462064388165995, 55.073278108721674], [-1.461815188165995, 55.07316470872167], [-1.461782256713692, 55.07315043079107], [-1.461103556713692, 55.072870530791064], [-1.460973632178475, 55.072827099108345], [-1.460528832178475, 55.072711599108345], [-1.460485804627419, 55.072701436003015], [-1.460056081153621, 55.07260991501014], [-1.460049152566513, 55.07256515644354], [-1.460023743968524, 55.07246749734648], [-1.459988622476518, 55.07237289620014], [-1.459916022476518, 55.072203996200145], [-1.459866719166778, 55.072104824790706], [-1.459802219166778, 55.0719913247907], [-1.459746200657045, 55.07190369614827], [-1.459681383712457, 55.07182235971054], [-1.459608469448338, 55.071748195281764], [-1.459487469448338, 55.07163729528177], [-1.459404045817733, 55.07156874265974], [-1.459313717214386, 55.07150958433365], [-1.459262870111451, 55.07148007736868], [-1.459262696204413, 55.07147979853449], [-1.459203197788355, 55.071394603963256], [-1.459135179634936, 55.07131604374885], [-1.459059376216179, 55.07124496619834], [-1.458976606070779, 55.071182138819665], [-1.458952010497944, 55.07116721732965], [-1.458949646605207, 55.07116369515231], [-1.458932791600997, 55.07112196283026], [-1.458881882668211, 55.07102691388253], [-1.458856295999113, 55.070989482037334], [-1.458851588682721, 55.07097300093618], [-1.458817994743638, 55.07088662482101], [-1.45877654843301, 55.070803729770795], [-1.458727605749197, 55.07072502780312], [-1.458671587079801, 55.07065119491957], [-1.458647387079801, 55.07062219491957], [-1.45858460280832, 55.0705536954877], [-1.458515731516568, 55.07049131935378], [-1.458441367841822, 55.07043560507562], [-1.458362153842793, 55.07038703369239], [-1.458278773456073, 55.07034602457119], [-1.458158873456073, 55.07029382457119], [-1.458100929300046, 55.07027071991256], [-1.457995201067113, 55.07023233870491], [-1.457875881050816, 55.07016744808841], [-1.457824853700674, 55.0701324828806], [-1.45774892737305, 55.07008529982113], [-1.457669090806739, 55.070045085756334], [-1.457612943805677, 55.07001988426362], [-1.457571480570557, 55.06998640696211], [-1.457488580570557, 55.06992310696211], [-1.457418346938781, 55.069874093112674], [-1.457344176937059, 55.06983126868841], [-1.45726661461129, 55.06979494781163], [-1.457185815751102, 55.06976125087451], [-1.457066706577786, 55.06969545927249], [-1.456967383266618, 55.06964754314644], [-1.456863387873824, 55.06961085481648], [-1.456569087873824, 55.06952495481648], [-1.456464683125621, 55.06950047108293], [-1.456358256905811, 55.069487308089634], [-1.456251033095133, 55.069485617208436], [-1.456238383072204, 55.069486778185016], [-1.456186020469316, 55.069475524497406], [-1.456165325164413, 55.069471304839055], [-1.455781627612463, 55.06939728270843], [-1.454784824949925, 55.06909463258312], [-1.454695681117544, 55.06907198703659], [-1.454604833712951, 55.06905762762474], [-1.454513051254645, 55.069051675820226], [-1.45413866364296, 55.06904465434827], [-1.454129274894259, 55.06903960209075], [-1.454039117036007, 55.06900191688562], [-1.453946217036007, 55.068968316885616], [-1.4538301200454, 55.06893411546326], [-1.453710741553494, 55.06891418999739], [-1.453471241553494, 55.0688889899974], [-1.453357043092435, 55.068883545668285], [-1.453158243092434, 55.06888544566828], [-1.453085837731858, 55.06888876456685], [-1.453072057364233, 55.06888989785004], [-1.453113741722044, 55.06869654197888], [-1.453128729507855, 55.06860780481972], [-1.453135678879425, 55.06851807955364], [-1.453134533554368, 55.06842809285813], [-1.453121598985369, 55.06820432481444], [-1.453110261849281, 55.06800015691631], [-1.453098836848987, 55.067895106203416], [-1.453054836848987, 55.067624506203416], [-1.453051896365033, 55.06760736457468], [-1.452999502812862, 55.06731710544338], [-1.453249063760653, 55.06723452621956], [-1.45397397148419, 55.06700104763754], [-1.454027829321551, 55.06698198652658], [-1.454273429321551, 55.06688708652658], [-1.454354042022825, 55.06685178645344], [-1.454657042022825, 55.06670288645344], [-1.454680006994717, 55.06669123153526], [-1.454759806994717, 55.066649431535254], [-1.454837173277925, 55.06660438235825], [-1.454910200470483, 55.06655259433576], [-1.454978303261625, 55.06649448254724], [-1.455040935809514, 55.066430512756945], [-1.455097596116149, 55.06636119768082], [-1.455201196116149, 55.06622219768082], [-1.455255239504913, 55.066141841473424], [-1.455443439504913, 55.06583044147342], [-1.455496124611293, 55.06573103134238], [-1.455537309527207, 55.06562633226268], [-1.455570709527207, 55.065525032262684], [-1.455598552787022, 55.06542259064665], [-1.455615141324517, 55.06531925818027], [-1.45571485627827, 55.06514802353555], [-1.455758505688885, 55.06506419102426], [-1.455794045525129, 55.06497661202543], [-1.455821158303921, 55.064886068896364], [-1.45582540925066, 55.06486470333869], [-1.455883105652597, 55.06478576349088], [-1.45593446721019, 55.064697985530664], [-1.455976647643672, 55.06460544477786], [-1.456009210681667, 55.06450909837962], [-1.456031819525328, 55.0644099428448], [-1.45604424033184, 55.064309003737094], [-1.45604634463305, 55.06420732506768], [-1.45604474463305, 55.06415432506768], [-1.456038104065474, 55.06406558189051], [-1.456023600245153, 55.06397778047919], [-1.456004500245153, 55.06388738047919], [-1.455981563694269, 55.063798991326905], [-1.455950659791901, 55.063713063005466], [-1.455933723314234, 55.06367196781919], [-1.455928103704306, 55.063614029848196], [-1.455937065343798, 55.06344074814707], [-1.455937182464434, 55.06343843141736], [-1.455957882464434, 55.06301933141736], [-1.455957432486529, 55.06291227438748], [-1.455945540210553, 55.06280587897452], [-1.455919750519952, 55.06265087148689], [-1.455916846330622, 55.06242236739874], [-1.455921931725729, 55.06237920160405], [-1.455928753597127, 55.06227183346212], [-1.455924001549783, 55.06216435381811], [-1.455907730586057, 55.06205800669041], [-1.455880129033502, 55.06195402298915], [-1.455859429033501, 55.06189012298915], [-1.455822666177695, 55.06179386371748], [-1.455813837300109, 55.061776392336725], [-1.455798359012476, 55.0617169193885], [-1.455765969948523, 55.06162799224955], [-1.455725319136227, 55.06154252530291], [-1.455676770688471, 55.06146128408353], [-1.455620759457951, 55.0613849962761], [-1.455584371282596, 55.06134417097349], [-1.455565265330963, 55.06131222645902], [-1.455406065330963, 55.061074526459024], [-1.455342654051555, 55.06098989604684], [-1.455294288410529, 55.06093785779449], [-1.455262442398832, 55.060895500836644], [-1.455202118740678, 55.06082872807149], [-1.45513603676588, 55.060767648463546], [-1.455131389972045, 55.060763726004815], [-1.455129199010157, 55.06075987012093], [-1.455072690684106, 55.06067982907375], [-1.455058690684106, 55.06066192907375], [-1.454990315609822, 55.0605833165804], [-1.454914132310718, 55.0605122449276], [-1.454830967762215, 55.060449485603456], [-1.454806559719138, 55.06043478063095], [-1.454794815556617, 55.06041265423146], [-1.454740766940874, 55.06033118756638], [-1.454679021527033, 55.06025538800008], [-1.454677034982082, 55.06025338541537], [-1.454624014431536, 55.060159209055456], [-1.454559657204697, 55.06006965043424], [-1.454548732856695, 55.06005752759943], [-1.454512343115665, 55.059989100538175], [-1.45445931159664, 55.05990900899489], [-1.454452367362296, 55.05990043840797], [-1.454445921461265, 55.05987529476713], [-1.454416405255999, 55.05979174638134], [-1.45440315434624, 55.05976271828242], [-1.454401965703682, 55.05975027885202], [-1.454388591569711, 55.05965699578374], [-1.454366495875028, 55.059565385857624], [-1.454335874842621, 55.05947626262462], [-1.454297000405579, 55.05939041755236], [-1.454288799094964, 55.05937436578933], [-1.454275802255704, 55.05933367529765], [-1.45426663175267, 55.059234172028816], [-1.45425023175267, 55.05912117202882], [-1.454231338890811, 55.05902466252715], [-1.454203057989703, 55.05893047540078], [-1.454165662554624, 55.05883952153568], [-1.454160390843833, 55.05882830246762], [-1.454149526608596, 55.05877540117577], [-1.454120210156948, 55.05868108377059], [-1.4540817324723, 55.058590118419815], [-1.454070350220616, 55.058569232643556], [-1.454063054273132, 55.05853179362635], [-1.454037094926476, 55.058443144457], [-1.453999594926476, 55.058334044457], [-1.453966663383141, 55.058250611314236], [-1.453926388132766, 55.058170464698186], [-1.453879093212933, 55.05809424943452], [-1.453859256906327, 55.05806527047582], [-1.453851772719759, 55.05802530097855], [-1.453823925654379, 55.05793003808096], [-1.453786772589057, 55.05783800478022], [-1.453740679499271, 55.05775010764841], [-1.45368610042402, 55.05766721251434], [-1.453623572993324, 55.057590135934774], [-1.453599589454379, 55.057565933047684], [-1.453587692583977, 55.0575419941291], [-1.453536998913565, 55.05746117634234], [-1.453520422164761, 55.05740347650516], [-1.453491010152677, 55.05731639731361], [-1.453453727191063, 55.05723238640463], [-1.453451978418125, 55.05722888885875], [-1.453447828204438, 55.05717477370101], [-1.453430809289266, 55.057078275229195], [-1.453404427766169, 55.05698390566962], [-1.453368936939942, 55.0568925711209], [-1.453358532130526, 55.056872019190834], [-1.453345226699673, 55.05682002745308], [-1.453325980382594, 55.05676596988155], [-1.453325745552123, 55.05676241581673], [-1.453308606400937, 55.056661558168166], [-1.453281252351361, 55.05656297940905], [-1.453243969691309, 55.05646771126623], [-1.453197515560056, 55.05637746367782], [-1.453177079908721, 55.05628764605794], [-1.453146865621855, 55.0561820416719], [-1.453119852524003, 55.05611605524399], [-1.453114022085763, 55.056090102183994], [-1.453113750743733, 55.05608309662612], [-1.453106025695635, 55.05599188928106], [-1.453089993192965, 55.055901770387266], [-1.453065787563343, 55.05581349500194], [-1.453033611612575, 55.05572780273652], [-1.452993734925457, 55.0556454115599], [-1.452935434925457, 55.0555378115599], [-1.452903291108062, 55.055485199628464], [-1.452889535175734, 55.055433922707536], [-1.452855412859945, 55.05534304938662], [-1.45284607616146, 55.05532402831978], [-1.452839750942005, 55.055293132762735], [-1.452809141663182, 55.05519562699185], [-1.452768740414867, 55.05510175451217], [-1.452733140414867, 55.05502945451217], [-1.452679112799487, 55.05493346325461], [-1.452614855439572, 55.05484399652086], [-1.452588348260507, 55.05481455865889], [-1.45254490113054, 55.0547309764412], [-1.45241430113054, 55.0545107764412], [-1.452367351335551, 55.05443884767805], [-1.452314402085439, 55.05437121331452], [-1.452149924750594, 55.054178757449634], [-1.452029605834454, 55.05400360966593], [-1.451515646635489, 55.0532555690497], [-1.451313887430442, 55.052961828442946], [-1.451287821243958, 55.0529256356205], [-1.451100524034902, 55.052677439318906], [-1.45099842661556, 55.05254214273872], [-1.450969432013061, 55.05250553043102], [-1.450296570716707, 55.051695497411245], [-1.450228482253087, 55.05161345576863], [-1.449971314097463, 55.05125832725784], [-1.449894604004189, 55.05114205272457], [-1.449571612524986, 55.05065211733628], [-1.449413429139786, 55.05041214254204], [-1.44936267561226, 55.05034196103334], [-1.44920757561226, 55.050145961033344], [-1.449137988758673, 55.05006695521517], [-1.449082445444498, 55.050010217421125], [-1.449017501937615, 55.04994377981515], [-1.448961936283249, 55.049891127271295], [-1.448902505856856, 55.049842879403585], [-1.448587335587712, 55.04960643653004], [-1.448461808444, 55.04948657114474], [-1.448439725955553, 55.049466111189574], [-1.448298994082129, 55.04933960281638], [-1.448240963831094, 55.049287470244565], [-1.447895503968445, 55.048938706803995], [-1.447691813088999, 55.04873302091104], [-1.447115781262993, 55.04814979493213], [-1.447097095235524, 55.048131365642455], [-1.446834995235524, 55.047879565642454], [-1.446811897076865, 55.047858065618065], [-1.446801208344942, 55.04784842667231], [-1.446272018977184, 55.047369888429614], [-1.446226212142487, 55.047330904916], [-1.445903188966929, 55.047072339044576], [-1.445798315391708, 55.04697539102962], [-1.445762398606069, 55.046943748707605], [-1.445098040280553, 55.04638612181194], [-1.444681335270287, 55.045955609478604], [-1.444623018167551, 55.045900026121316], [-1.443965818167551, 55.045322326121315], [-1.443920473090337, 55.04528477392715], [-1.442814373090338, 55.044422373927155], [-1.442793856474994, 55.04440679829605], [-1.442466956474994, 55.04416519829605], [-1.442378092034052, 55.044106568728246], [-1.442344998534688, 55.04408947864912], [-1.442334092750637, 55.044077479188545], [-1.442263471917565, 55.04401330012437], [-1.442187055209331, 55.043956144713036], [-1.442105538495914, 55.04390653342625], [-1.442019664089242, 55.04386491803702], [-1.441930213983501, 55.043831677505665], [-1.441549313983501, 55.04371047750566], [-1.441459144014323, 55.04368635739706], [-1.44136711791984, 55.04367074967734], [-1.441274037468471, 55.043663790327244], [-1.441180713614618, 55.04366553997945], [-1.441087959433305, 55.04367598339027], [-1.440996583036336, 55.043695029572504], [-1.440964154169641, 55.04370502080598], [-1.440808464603853, 55.04365381423781], [-1.440803195502707, 55.04364981266802], [-1.440716096647497, 55.04359671534554], [-1.440624041670263, 55.04355276745138], [-1.440527988452407, 55.043518426286965], [-1.440459622150505, 55.0434978509741], [-1.440385309608632, 55.04346183669866], [-1.440297392413103, 55.04342900548965], [-1.440234954647408, 55.04340897359123], [-1.440228355991531, 55.043402115557626], [-1.440151994696382, 55.043337218749095], [-1.440069521501872, 55.043280290589614], [-1.439981764656862, 55.04323190278838], [-1.439889605472031, 55.04319254128681], [-1.439585558841296, 55.04308034000803], [-1.439500048528985, 55.043041329591375], [-1.439459730950932, 55.043021647369464], [-1.439441037497802, 55.04301078162877], [-1.43939810266018, 55.04298333047541], [-1.439362682708942, 55.042959624208834], [-1.439307351987367, 55.04290031477899], [-1.439231416257465, 55.042833832023256], [-1.439149165941609, 55.0427753420461], [-1.439066365941609, 55.0427225420461], [-1.438960191004321, 55.042663582760845], [-1.438870291004321, 55.04262058276084], [-1.438800995658642, 55.0425905979107], [-1.438729195658642, 55.042562697910704], [-1.438695105619853, 55.04255015895588], [-1.438511091382374, 55.042486244619504], [-1.4384821414699, 55.04247423209957], [-1.438311726909886, 55.04233369801093], [-1.438306060480006, 55.0423290598831], [-1.438124260480006, 55.0421813598831], [-1.438099423526374, 55.042161824808986], [-1.437941923526374, 55.042041924808984], [-1.437885228597395, 55.04200179643502], [-1.437684128597395, 55.041869696435015], [-1.437641411899765, 55.041843149572294], [-1.437428511899765, 55.0417181495723], [-1.437357598919918, 55.041680262375515], [-1.437183298919918, 55.04159596237552], [-1.437142952787272, 55.04157754157857], [-1.436957152787272, 55.041497641578566], [-1.436881448326877, 55.04146866259776], [-1.436708448326877, 55.04141036259776], [-1.436667158076531, 55.04139743573558], [-1.436420158076531, 55.041325935735586], [-1.436371771161653, 55.0413132317135], [-1.436139971161653, 55.0412585317135], [-1.436087705767212, 55.041247662207944], [-1.435695505767212, 55.04117696220794], [-1.435680029289952, 55.041174297636275], [-1.435355968965148, 55.0411211209717], [-1.435130617873138, 55.041078045635665], [-1.434950206702912, 55.041037015379175], [-1.434758136804418, 55.04098927795264], [-1.434492268765895, 55.04091076366135], [-1.434124053680891, 55.040786527028665], [-1.433658740619628, 55.04060364097995], [-1.433501256787141, 55.040532475382946], [-1.433468829547291, 55.040507445193974], [-1.433382739454855, 55.04045395382628], [-1.433325467221762, 55.04042596494906], [-1.433255523082923, 55.04037894595963], [-1.433160909620814, 55.040329103420866], [-1.433061514662984, 55.04028964929256], [-1.432958474888768, 55.04026103477156], [-1.432852968659568, 55.04024358709313], [-1.432769968659568, 55.04023438709313], [-1.432708331701993, 55.04023066324036], [-1.432673304041493, 55.04020075990484], [-1.432635004041493, 55.04017145990484], [-1.432600342667074, 55.04014711617662], [-1.432607851123509, 55.04013274203312], [-1.432772689017177, 55.039884329151285], [-1.433004579939612, 55.03964102596199], [-1.43305794487069, 55.039580298228685], [-1.43311574487069, 55.03950889822869], [-1.433183294643095, 55.03941479065681], [-1.433216294643095, 55.0393626906568], [-1.433256159388358, 55.03929383788626], [-1.433290424326455, 55.03922203387563], [-1.433308924326455, 55.03917893387563], [-1.433350676351665, 55.03906217057344], [-1.433359376351665, 55.03903207057344], [-1.433385204322349, 55.03891813521914], [-1.433397568137724, 55.03880196514942], [-1.433398668137724, 55.03877886514942], [-1.433398398880207, 55.03867838236164], [-1.433388046906463, 55.038578433876005], [-1.433367716738957, 55.03848002885871], [-1.433337613648606, 55.03838416089174], [-1.433298041582195, 55.03829179794083], [-1.433268341582195, 55.03823109794083], [-1.433223130658557, 55.03814873919906], [-1.433170390041857, 55.03807098691734], [-1.433145590041857, 55.03803788691734], [-1.433060420607173, 55.03793849891474], [-1.433012720607173, 55.03788969891474], [-1.432951297356616, 55.037831943919116], [-1.432885227327667, 55.03777956829021], [-1.432841027327667, 55.03774746829021], [-1.43276196131333, 55.03769557422188], [-1.43267834650846, 55.037651381537444], [-1.43260144650846, 55.03761528153744], [-1.432598052199159, 55.03761369586272], [-1.432326152199159, 55.03748729586272], [-1.432218025563639, 55.03744448722836], [-1.432146825563639, 55.037420987228366], [-1.432035844293334, 55.03739130621972], [-1.431955544293334, 55.037374706219715], [-1.431856542089695, 55.037359364522004], [-1.431834024832112, 55.037357022727214], [-1.431839665858919, 55.03734628532447], [-1.431881783397117, 55.03725531232906], [-1.431927829984645, 55.03714116789315], [-1.431967690783593, 55.03708030395368], [-1.432029563028372, 55.03703145744464], [-1.432084661208161, 55.03699112376683], [-1.432348223476811, 55.0368246064771], [-1.432441308165644, 55.036758051665565], [-1.432526180001192, 55.036681298334926], [-1.432601727645991, 55.03659535151649], [-1.432622927645991, 55.03656825151649], [-1.432675909077985, 55.036493742297104], [-1.432721864147942, 55.03641470567613], [-1.432760408733244, 55.03633180229348], [-1.432791220652966, 55.03624572511002], [-1.432814042360872, 55.036157193615296], [-1.432828683098159, 55.036066947813616], [-1.432835020487943, 55.03597574203857], [-1.432835720487943, 55.03594614203857], [-1.432833544117254, 55.035852459053885], [-1.432822608074049, 55.03575939111544], [-1.432803008390327, 55.03566775547496], [-1.432800220291561, 55.035658882511704], [-1.432829578127808, 55.03563458570271], [-1.432907583692903, 55.035562727006244], [-1.432977539985888, 55.0354830109005], [-1.433090739985888, 55.0353393109005], [-1.433141548025351, 55.03526869885123], [-1.433186026985765, 55.035193938297084], [-1.433223840271779, 55.035115594989925], [-1.433254701730655, 55.03503426179417], [-1.433315801730655, 55.03484936179417], [-1.433341075153889, 55.03475527605307], [-1.433372558132129, 55.03466942156217], [-1.433380158132129, 55.03464522156217], [-1.433404837690418, 55.03455071590225], [-1.433420179699298, 55.034454253354504], [-1.433426037789862, 55.03435675421025], [-1.433422356073581, 55.03425914865037], [-1.433409169675502, 55.03416236787098], [-1.433386604399143, 55.034067335199445], [-1.433354875526273, 55.03397495728552], [-1.433314285763043, 55.03388611545148], [-1.433265222352045, 55.033801657283995], [-1.433208153377861, 55.03372238854778], [-1.433161248268731, 55.033669092072365], [-1.433142201991663, 55.033643009874446], [-1.433111880540546, 55.03360891896561], [-1.433067255212458, 55.03352807267312], [-1.433013450404005, 55.03344937991827], [-1.432952396941858, 55.03337616802143], [-1.432884649649788, 55.03330910229623], [-1.43281082418179, 55.033248792202926], [-1.432731591427328, 55.033195785809916], [-1.432716479263174, 55.03318764249459], [-1.432703196308848, 55.03315870368525], [-1.432607596308848, 55.03297340368525], [-1.432560249353309, 55.03289140831117], [-1.432505359721372, 55.032814258431884], [-1.432443419497248, 55.032742645694164], [-1.432374983973532, 55.03267721210446], [-1.432300666673023, 55.03261854427329], [-1.432221133848503, 55.03256716815635], [-1.432137098509803, 55.032523544339256], [-1.432049314031679, 55.03248806390847], [-1.431958567399833, 55.03246104494518], [-1.431865672155603, 55.03244272967375], [-1.431834522797604, 55.03243810776153], [-1.43169117989933, 55.03240205572474], [-1.431534918028005, 55.03236022033376], [-1.431415825434922, 55.03233598151249], [-1.431247625434922, 55.03231228151249], [-1.431179897292096, 55.03230508075573], [-1.430754797292096, 55.03227448075573], [-1.4306363468239, 55.03227298885222], [-1.430564389115761, 55.03227634956717], [-1.430665089762912, 55.03209866978454], [-1.430718204431495, 55.03199014935776], [-1.430757843759086, 55.031876015336735], [-1.430874043759086, 55.03146231533674], [-1.430897082387847, 55.03135992703298], [-1.430909263468263, 55.03125568805542], [-1.430910452836167, 55.03115074650709], [-1.430886052836167, 55.030558346507085], [-1.430877211967352, 55.03046063961213], [-1.430858839545613, 55.03036426922039], [-1.430773139545613, 55.03001016922039], [-1.430738394727053, 55.029896593400885], [-1.430690429212508, 55.02978793808069], [-1.430409129212508, 55.02924113808069], [-1.430333726111672, 55.029117491524794], [-1.429740426111672, 55.02828659152479], [-1.429680180812809, 55.02821034472424], [-1.429063479672452, 55.02750336911493], [-1.428151979886529, 55.02622993386475], [-1.428133251725381, 55.026157705914265], [-1.428101592013837, 55.02607012317235], [-1.428061921920396, 55.02598586548604], [-1.428014585506715, 55.025905663628485], [-1.427959993325014, 55.02583021319633], [-1.427898618857325, 55.02576016857675], [-1.427718218857325, 55.02557266857675], [-1.427654021241451, 55.02551160543893], [-1.427375916512406, 55.02526961820716], [-1.427357971276874, 55.02523287240244], [-1.427303953383056, 55.025136228634594], [-1.427239582995492, 55.02504614864835], [-1.427165649163219, 55.02496373663975], [-1.427083049163219, 55.02488133663975], [-1.42700400690778, 55.024810447321485], [-1.42687560690778, 55.024707047321485], [-1.426795006345239, 55.02464851030378], [-1.426708981789825, 55.02459828273176], [-1.426671508259696, 55.02457883783564], [-1.42650895506499, 55.024404417639644], [-1.426456148978428, 55.02435182964093], [-1.426399573133355, 55.024303320320776], [-1.426035673133355, 55.02401412032078], [-1.426032098821815, 55.024011292995034], [-1.425005698821815, 55.023203192995034], [-1.424941145626323, 55.023156413697436], [-1.424873071239433, 55.02311492519805], [-1.424801254785936, 55.02307499186034], [-1.424799137510593, 55.023071885954465], [-1.424739246696531, 55.02299964580062], [-1.424672848170247, 55.02293333754213], [-1.424600526607246, 55.02287354505964], [-1.424522918838625, 55.022820794858816], [-1.423811457782596, 55.02238455807974], [-1.423750239669201, 55.02232922632341], [-1.42367361016044, 55.02226656863248], [-1.423591161479632, 55.022211793794476], [-1.423503701464546, 55.02216543849698], [-1.423246101464547, 55.022044838496974], [-1.423163090663174, 55.022010433317455], [-1.422831990663174, 55.02189033331745], [-1.422710089473464, 55.02185469522773], [-1.422561789473464, 55.02182139522773], [-1.422452605229705, 55.02180315792901], [-1.422342074229446, 55.02179710019579], [-1.422231550897253, 55.02180329625833], [-1.422185950897253, 55.02180839625833], [-1.422089560253329, 55.021823973414], [-1.421995148252674, 55.02184887679023], [-1.421903615000801, 55.021882868963104], [-1.421815833157793, 55.021925625857904], [-1.421750051861615, 55.02196604178377], [-1.421713842983551, 55.02193610765896], [-1.421694342983551, 55.02192150765896], [-1.421607073166169, 55.02186305816699], [-1.421514153971154, 55.021814084834105], [-1.421416610516898, 55.021775127951926], [-1.421315518938311, 55.02174661730698], [-1.421229530090995, 55.02173187401622], [-1.421235139999029, 55.021675783805556], [-1.421241239999029, 55.02155438380556], [-1.421241698827535, 55.021464178717494], [-1.42123402700688, 55.021374299289356], [-1.421218286963962, 55.02128547688517], [-1.421194606778161, 55.021198434267816], [-1.421163179139136, 55.021113879717724], [-1.421121920525993, 55.02101655978291], [-1.421121441996207, 55.02101045490291], [-1.4211156243031, 55.02095566160899], [-1.4210875243031, 55.02074616160899], [-1.421084282088777, 55.0207238937544], [-1.421059813104511, 55.02056814956257], [-1.421061041747257, 55.020546863937255], [-1.421079275359621, 55.020513909970454], [-1.421160431923734, 55.02047996130771], [-1.421245381814919, 55.020434361171795], [-1.421325545438686, 55.02038079205912], [-1.421400177605498, 55.02031975194048], [-1.421468584545451, 55.020251808236026], [-1.421530130357452, 55.020177592540705], [-1.421584242920471, 55.02009779475294], [-1.421630419211893, 55.020013156661534], [-1.421668229983542, 55.01992446505], [-1.421697323751915, 55.01983254438286], [-1.421717430065519, 55.0197382491414], [-1.421728362018949, 55.01964245588067], [-1.421730017990337, 55.01954605508105], [-1.42172238258601, 55.019449942870544], [-1.42170552678359, 55.019355012694454], [-1.421679607272196, 55.01926214701007], [-1.421644864995884, 55.01917220908345], [-1.421601622913866, 55.01908603496466], [-1.421550282998328, 55.01900442571591], [-1.421491322497752, 55.018928139965084], [-1.421425289500485, 55.01885788685356], [-1.421352797839788, 55.01879431944416], [-1.421274521387729, 55.01873802865042], [-1.421191187790968, 55.01868953774345], [-1.421180902341576, 55.01868481384924], [-1.421140074095914, 55.01864468499507], [-1.421050645164233, 55.018574817269396], [-1.420934445164233, 55.0184942172694], [-1.420884419683815, 55.01846168485007], [-1.420773796833507, 55.01839435404077], [-1.420665651352681, 55.01829310393938], [-1.42058235398465, 55.01822321551165], [-1.420491961089772, 55.01816278399332], [-1.420383054993017, 55.01809825411112], [-1.420348024817547, 55.01806629129873], [-1.420240676359359, 55.017981059526576], [-1.420122176359359, 55.017899559526576], [-1.420024187538826, 55.0178401359805], [-1.419920043460418, 55.01779231362474], [-1.419725143460418, 55.017716013624735], [-1.419663347374015, 55.017694129159224], [-1.419352947374015, 55.01759552915923], [-1.41934664056295, 55.01759354869633], [-1.41920134056295, 55.01754844869633], [-1.419127970360083, 55.01752869765365], [-1.419053312307258, 55.01751457442795], [-1.418918712307258, 55.01749437442795], [-1.418772182349595, 55.01748330177162], [-1.418559682349595, 55.01748290177162], [-1.418447834322689, 55.01748896461487], [-1.418190234322689, 55.01751746461487], [-1.418114721388041, 55.01752875169847], [-1.418040289719798, 55.01754576723013], [-1.417711489719798, 55.01763426723013], [-1.41760454366295, 55.017669622391985], [-1.41750894366295, 55.017707322391985], [-1.417429386692299, 55.01774277311243], [-1.417353216242088, 55.01778501204796], [-1.417281010146316, 55.017833718771236], [-1.417244563959817, 55.01786322558848], [-1.417242135178165, 55.017864102488254], [-1.417210916586965, 55.017856110803564], [-1.417174037729422, 55.01784903549055], [-1.417156109041052, 55.017838275055844], [-1.41706979068792, 55.01779205898354], [-1.416979366404718, 55.01775450592195], [-1.416885703069467, 55.017725975884154], [-1.416789698612277, 55.017706742381435], [-1.416692273407087, 55.01769698980123], [-1.416661545474059, 55.017696933888296], [-1.416669321248794, 55.01767676550698], [-1.416672464727404, 55.01767582313173], [-1.417026520917924, 55.01766859147131], [-1.417108095254545, 55.01766358488531], [-1.417408495254545, 55.017632784885315], [-1.41750597658151, 55.01761790259385], [-1.417601518179903, 55.017593491639694], [-1.41769419099446, 55.01755978939721], [-1.417783093866233, 55.0175171235901], [-1.417867362295544, 55.01746590910457], [-1.417946176848458, 55.01740664395499], [-1.418065376848458, 55.01730744395499], [-1.418140569023476, 55.01723805837805], [-1.418208277791232, 55.017161352809545], [-1.418267794361351, 55.01707813022035], [-1.418318495701197, 55.016989261802955], [-1.418359851057913, 55.01689567785165], [-1.418391427514467, 55.016798358023955], [-1.41841289452152, 55.01669832108538], [-1.418424027357685, 55.016596614244754], [-1.41842470948197, 55.01649430219181], [-1.418414933753746, 55.01639245595178], [-1.4183948025075, 55.01629214167365], [-1.4182541025075, 55.01573934167365], [-1.418224429943974, 55.015643259018546], [-1.418127929943974, 55.015378759018546], [-1.418087810950485, 55.01528419025355], [-1.418038201721931, 55.01519423632426], [-1.417979625773834, 55.015109846495164], [-1.417969191147352, 55.01509769512814], [-1.417982454281797, 55.01509855832938], [-1.418001309039924, 55.01510423368911], [-1.41810667586204, 55.015123965956874], [-1.418213549501069, 55.01513230591341], [-1.418452649501069, 55.01513810591341], [-1.41857771932582, 55.01513330475099], [-1.41892211932582, 55.01509840475099], [-1.418940939198962, 55.015096317436424], [-1.420353464903855, 55.01492610140511], [-1.421603438407173, 55.01481105872803], [-1.422285894120841, 55.01476274995914], [-1.422804738803113, 55.01475761112861], [-1.423034025633372, 55.01477202875891], [-1.423494625106249, 55.01482912636431], [-1.424019744061286, 55.01491143706188], [-1.4240355620792, 55.014913787057665], [-1.4246231620792, 55.01499628705767], [-1.424736413819858, 55.01500566748118], [-1.425453613819858, 55.01502416748117], [-1.425532410010455, 55.01502309398095], [-1.425880910010455, 55.015004593980954], [-1.426015236332256, 55.0149882958305], [-1.426778781629709, 55.01484267801243], [-1.426802803444416, 55.014844338048874], [-1.426904700035361, 55.014840974176316], [-1.427005724549967, 55.01482725272109], [-1.428294906111232, 55.014584667465485], [-1.429689566907051, 55.01434426701309], [-1.429757582821851, 55.0143300938603], [-1.430022982821851, 55.0142650938603], [-1.430116229515592, 55.01423738531353], [-1.430206342826934, 55.01420074789308], [-1.430408942826935, 55.01410664789308], [-1.4305202120472, 55.01404612242385], [-1.4307289120472, 55.01391482242385], [-1.430802437094626, 55.01386383638334], [-1.430871110506683, 55.01380648246977], [-1.430934382517755, 55.01374321983039], [-1.431535882517755, 55.01308541983039], [-1.43156853305648, 55.013047879132145], [-1.432028180721759, 55.0124920478373], [-1.432232470915662, 55.012291482785756], [-1.432299636860603, 55.012218665255666], [-1.432359268499444, 55.01213955947524], [-1.432410780627744, 55.012054941761455], [-1.432727321393954, 55.01147176106369], [-1.432738788606697, 55.0114542454017], [-1.432787327721148, 55.01143135123927], [-1.432873507188666, 55.01137953776524], [-1.432954047379471, 55.011319331333866], [-1.433028133908466, 55.011251340724705], [-1.433095017646994, 55.01117625342729], [-1.433154022297677, 55.01109482868958], [-1.433204551232824, 55.01100788984081], [-1.433246093527251, 55.010916315966334], [-1.433278229124524, 55.01082103301875], [-1.433300633084371, 55.01072300445507], [-1.433313078868329, 55.01062322149473], [-1.433315440630397, 55.01052269309679], [-1.433309816296386, 55.01044989804038], [-1.433340355817309, 55.010425464658894], [-1.433508555817309, 55.010280264658896], [-1.433573663178942, 55.01021876168684], [-1.433633006525594, 55.010151680010374], [-1.433686109829622, 55.0100795577308], [-1.433732547118405, 55.010002973383045], [-1.433771945891327, 55.009922541294905], [-1.433787648173425, 55.0098864814659], [-1.4338793559194, 55.0098466707623], [-1.433997103510705, 55.00982576621456], [-1.434003511197468, 55.00983739724168], [-1.434056747384466, 55.00991552680627], [-1.434117123972149, 55.00998827973149], [-1.434184101295227, 55.01005500572838], [-1.434257080688923, 55.010115108378606], [-1.434335409840027, 55.01016805046542], [-1.434418388617484, 55.01021335877547], [-1.434580688617484, 55.010292258775465], [-1.434672673150531, 55.010331419271196], [-1.434768108121935, 55.01036119954955], [-1.434866039687911, 55.01038130196561], [-1.434965489051957, 55.010391525601776], [-1.43506546224764, 55.0103917682759], [-1.435164960072985, 55.01038202756252], [-1.435262988077204, 55.01036240081713], [-1.435358566499925, 55.01033308420314], [-1.435450740063607, 55.01029437073127], [-1.435538587521246, 55.010246647331016], [-1.43686885741459, 55.00943533594158], [-1.437176517637139, 55.00926244222143], [-1.437861475818403, 55.00903605493086], [-1.438187536434228, 55.008965513385306], [-1.438590019956147, 55.00887853855568], [-1.438668327617356, 55.008858269660394], [-1.439067027617356, 55.0087376696604], [-1.439153745550198, 55.00870701998681], [-1.439447141679977, 55.00858787632035], [-1.439659684885019, 55.00850634073229], [-1.439992163832928, 55.008393041432406], [-1.440327960831798, 55.00828849631224], [-1.440418051309066, 55.00825563219022], [-1.441235851309066, 55.00791203219023], [-1.441329136151909, 55.007867020115796], [-1.441417264658622, 55.00781260031192], [-1.441451717098234, 55.00778603701375], [-1.44185310270241, 55.00761703441868], [-1.4461202337406576, 55.0100843104301], [-1.4473631390137598, 55.00936565652955], [-1.4498489495599642, 55.00936565652955], [-1.4504704021965154, 55.00972498347983], [-1.4504704021965154, 55.01044363738038], [-1.4510918548330665, 55.01080296433065], [-1.4523347601061687, 55.01080296433065], [-1.4529562127427198, 55.01044363738038], [-1.4529562127427198, 55.00972498347983], [-1.453577665379271, 55.00936565652955], [-1.4554420232889242, 55.01044363738038], [-1.4554420232889242, 55.011162291280925], [-1.454199118015822, 55.011880945181474], [-1.4548205706523731, 55.01224027213175], [-1.4560634759254754, 55.01224027213175], [-1.4573063811985776, 55.0129589260323], [-1.4585492864716798, 55.01224027213175], [-1.459792191744782, 55.01224027213175], [-1.4610350970178843, 55.0129589260323], [-1.4622780022909865, 55.0129589260323], [-1.4628994549275376, 55.01331825298257], [-1.4628994549275376, 55.01403690688312], [-1.4635209075640887, 55.014396233833395], [-1.4641423602006398, 55.01403690688312], [-1.4641423602006398, 55.01331825298257], [-1.464763812837191, 55.0129589260323], [-1.4672496233833954, 55.0129589260323], [-1.4678710760199465, 55.01331825298257], [-1.4672496233833954, 55.013677579932846], [-1.4660067181102931, 55.013677579932846], [-1.465385265473742, 55.01403690688312], [-1.4660067181102931, 55.014396233833395], [-1.4684925286564976, 55.014396233833395], [-1.4697354339295998, 55.015114887733944], [-1.470978339202702, 55.015114887733944], [-1.4722212444758043, 55.014396233833395], [-1.4796786761144176, 55.014396233833395], [-1.4803001287509687, 55.01475556078367], [-1.4790572234778665, 55.01547421468422], [-1.4796786761144176, 55.01583354163449], [-1.4809215813875198, 55.015114887733944], [-1.4834073919337243, 55.01655219553504], [-1.4846502972068265, 55.01655219553504], [-1.4852717498433776, 55.01619286858477], [-1.4852717498433776, 55.01403690688312], [-1.4858932024799287, 55.013677579932846], [-1.487136107753031, 55.013677579932846], [-1.487757560389582, 55.01331825298257], [-1.487757560389582, 55.01259959908202], [-1.4883790130261332, 55.01224027213175], [-1.4896219182992354, 55.01224027213175], [-1.4902433709357865, 55.01259959908202], [-1.4902433709357865, 55.01475556078367], [-1.4890004656626843, 55.01547421468422], [-1.4890004656626843, 55.01619286858477], [-1.4896219182992354, 55.01655219553504], [-1.4902433709357865, 55.01619286858477], [-1.4902433709357865, 55.01547421468422], [-1.4908648235723376, 55.015114887733944], [-1.4921077288454399, 55.015114887733944], [-1.493350634118542, 55.01583354163449], [-1.4945935393916443, 55.01583354163449], [-1.4958364446647465, 55.015114887733944], [-1.4970793499378487, 55.01583354163449], [-1.4995651604840532, 55.01583354163449], [-1.5001866131206043, 55.01547421468422], [-1.5001866131206043, 55.01259959908202], [-1.5008080657571554, 55.01224027213175], [-1.5014295183937065, 55.01259959908202], [-1.5014295183937065, 55.01331825298257], [-1.5020509710302576, 55.013677579932846], [-1.5032938763033599, 55.0129589260323], [-1.504536781576462, 55.0129589260323], [-1.5051582342130132, 55.01331825298257], [-1.5051582342130132, 55.01475556078367], [-1.5057796868495643, 55.015114887733944], [-1.5064011394861154, 55.01475556078367], [-1.5064011394861154, 55.01403690688312], [-1.5070225921226665, 55.013677579932846], [-1.5082654973957688, 55.013677579932846], [-1.509508402668871, 55.014396233833395], [-1.5107513079419732, 55.014396233833395], [-1.5119942132150754, 55.013677579932846], [-1.5144800237612799, 55.013677579932846], [-1.515101476397831, 55.01331825298257], [-1.515101476397831, 55.01259959908202], [-1.515722929034382, 55.01224027213175], [-1.5169658343074843, 55.01224027213175], [-1.5175872869440354, 55.011880945181474], [-1.5175872869440354, 55.011162291280925], [-1.5188301922171377, 55.01044363738038], [-1.5175872869440354, 55.00972498347983], [-1.5182087395805866, 55.00936565652955], [-1.520694550126791, 55.00936565652955], [-1.5213160027633421, 55.00900632957928], [-1.5213160027633421, 55.00756902177818], [-1.5200730974902399, 55.00685036787763], [-1.5213160027633421, 55.006131713977084], [-1.5213160027633421, 55.005413060076535], [-1.5219374553998932, 55.00505373312626], [-1.5231803606729954, 55.00505373312626], [-1.5244232659460977, 55.00577238702681], [-1.5250447185826488, 55.005413060076535], [-1.5250447185826488, 55.004694406175986], [-1.5269090764923021, 55.00361642532516], [-1.531880697584711, 55.00361642532516], [-1.5325021502212621, 55.00325709837489], [-1.531880697584711, 55.002897771424614], [-1.5306377923116088, 55.002897771424614], [-1.5300163396750577, 55.00253844447434], [-1.531880697584711, 55.001460463623516], [-1.5343665081309155, 55.001460463623516], [-1.53685231867712, 55.00002315582242], [-1.5380952239502221, 55.00002315582242], [-1.5399595818598755, 54.998945174971595], [-1.5399595818598755, 54.99822652107105], [-1.5405810344964266, 54.99786719412077], [-1.5418239397695288, 54.99786719412077], [-1.54244539240608, 54.9975078671705], [-1.54244539240608, 54.9960705593694], [-1.5418239397695288, 54.995711232419126], [-1.5405810344964266, 54.995711232419126], [-1.5399595818598755, 54.99535190546885], [-1.5399595818598755, 54.993914597667754], [-1.5405810344964266, 54.99355527071748], [-1.5418239397695288, 54.99427392461803], [-1.54244539240608, 54.993914597667754], [-1.5412024871329777, 54.993195943767205], [-1.5436882976791821, 54.99175863596611], [-1.5436882976791821, 54.99032132816501], [-1.5449312029522844, 54.98960267426446], [-1.5436882976791821, 54.98888402036391], [-1.5436882976791821, 54.98816536646336], [-1.543066845042631, 54.98780603951309], [-1.5418239397695288, 54.98780603951309], [-1.5412024871329777, 54.987446712562814], [-1.5412024871329777, 54.986728058662266], [-1.54244539240608, 54.98600940476172], [-1.54244539240608, 54.98457209696062], [-1.5418239397695288, 54.984212770010345], [-1.5405810344964266, 54.984212770010345], [-1.5399595818598755, 54.98385344306007], [-1.5399595818598755, 54.98241613525897], [-1.5393381292233244, 54.9820568083087], [-1.5356094134040177, 54.9820568083087], [-1.5349879607674666, 54.98241613525897], [-1.5349879607674666, 54.98313478915952], [-1.5343665081309155, 54.983494116109796], [-1.5331236028578132, 54.983494116109796], [-1.531880697584711, 54.98340428437223], [-1.5311038817890221, 54.98385344306007], [-1.5301717028341955, 54.98529075086117], [-1.5293948870385066, 54.984841592173325], [-1.5219374553998932, 54.98699755387497], [-1.509508402668871, 54.98771620777552], [-1.482164486660622, 54.98771620777552], [-1.4771928655682132, 54.98843486167607], [-1.474492129233691, 54.98843486167607], [-1.474352148904972, 54.987608652830666], [-1.474108748904972, 54.98617205283067], [-1.474157291773299, 54.98645856344956], [-1.5132371184881777, 54.98645856344956], [-1.520694550126791, 54.98573990954901], [-1.5244232659460977, 54.98430260174791], [-1.5289287975610932, 54.981697481358424], [-1.5314146081072977, 54.97882286575623], [-1.5326575133804, 54.97666690405458], [-1.5339004186535021, 54.96732440334745], [-1.5351433239266044, 54.9637311338447], [-1.5443097503157333, 54.9605870230298], [-1.5467955608619377, 54.960497191292234], [-1.5475723766576266, 54.96013786434196], [-1.5505242766812444, 54.959149715228705], [-1.5559619872510666, 54.95870055654086], [-1.55922461359296, 54.9605870230298], [-1.5623318767757155, 54.962293826043606], [-1.5629533294122666, 54.96265315299388], [-1.5641962346853688, 54.96274298473145], [-1.5671481347089866, 54.9637311338447], [-1.5679249505046755, 54.96409046079498], [-1.5691678557777777, 54.964180292532546], [-1.5791110979625955, 54.964180292532546], [-1.5847041716915555, 54.96732440334745], [-1.5865685296012089, 54.96849221593584], [-1.5882775243517244, 54.969480365049094], [-1.5890543401474133, 54.96983969199937], [-1.5915401506936178, 54.96992952373694], [-1.59278305596672, 54.96992952373694], [-1.5965117717860267, 54.96983969199937], [-1.5971332244225778, 54.969480365049094], [-1.5971332244225778, 54.968761711148545], [-1.59837612969568, 54.968043057247996], [-1.59837612969568, 54.96732440334745], [-1.6002404876053333, 54.966246422496624], [-1.6014833928784356, 54.966246422496624], [-1.6021048455149867, 54.96588709554635], [-1.6008619402418844, 54.9651684416458], [-1.6008619402418844, 54.96444978774525], [-1.6021048455149867, 54.9637311338447], [-1.6021048455149867, 54.96085651824251], [-1.6008619402418844, 54.96013786434196], [-1.6008619402418844, 54.95870055654086], [-1.6002404876053333, 54.95834122959059], [-1.598997582332231, 54.95834122959059], [-1.59837612969568, 54.95798190264031], [-1.59837612969568, 54.957263248739764], [-1.5996190349687822, 54.956544594839215], [-1.59837612969568, 54.95582594093867], [-1.59837612969568, 54.95366997923702], [-1.5971332244225778, 54.95295132533647], [-1.5971332244225778, 54.95223267143592], [-1.5977546770591289, 54.95187334448565], [-1.598997582332231, 54.95187334448565], [-1.5996190349687822, 54.951514017535374], [-1.5996190349687822, 54.94863940193318], [-1.5977546770591289, 54.947561421082355], [-1.5965117717860267, 54.947561421082355], [-1.5958903191494755, 54.94720209413208], [-1.5958903191494755, 54.94648344023153], [-1.5971332244225778, 54.94576478633098], [-1.5971332244225778, 54.945046132430434], [-1.59837612969568, 54.944327478529885], [-1.5977546770591289, 54.94396815157961], [-1.5965117717860267, 54.94468680548016], [-1.5958903191494755, 54.944327478529885], [-1.5958903191494755, 54.94360882462934], [-1.5977546770591289, 54.94253084377851], [-1.598997582332231, 54.94253084377851], [-1.5996190349687822, 54.94217151682824], [-1.598997582332231, 54.941812189877965], [-1.5965117717860267, 54.941812189877965], [-1.5958903191494755, 54.94145286292769], [-1.59837612969568, 54.94001555512659], [-1.5958903191494755, 54.938578247325495], [-1.5958903191494755, 54.937859593424946], [-1.5952688665129244, 54.93750026647467], [-1.59278305596672, 54.93893757427577], [-1.5915401506936178, 54.93893757427577], [-1.5909186980570666, 54.938578247325495], [-1.5909186980570666, 54.937859593424946], [-1.5896757927839644, 54.9371409395244], [-1.5896757927839644, 54.93642228562385], [-1.5890543401474133, 54.936062958673574], [-1.587811434874311, 54.93678161257412], [-1.58718998223776, 54.93642228562385], [-1.58718998223776, 54.9357036317233], [-1.587811434874311, 54.935344304773025], [-1.5902972454205155, 54.935344304773025], [-1.5915401506936178, 54.936062958673574], [-1.5921616033301689, 54.9357036317233], [-1.5921616033301689, 54.93354767002165], [-1.5940259612398222, 54.93246968917083], [-1.5952688665129244, 54.93318834307138], [-1.59837612969568, 54.93139170832001], [-1.59837612969568, 54.93067305441946], [-1.5971332244225778, 54.92995440051891], [-1.5971332244225778, 54.92923574661836], [-1.5977546770591289, 54.928876419668086], [-1.598997582332231, 54.928876419668086], [-1.5996190349687822, 54.92851709271781], [-1.5996190349687822, 54.926361131016165], [-1.6002404876053333, 54.92600180406589], [-1.6008619402418844, 54.926361131016165], [-1.6008619402418844, 54.927079784916714], [-1.6014833928784356, 54.92743911186699], [-1.6027262981515378, 54.92743911186699], [-1.60396920342464, 54.92672045796644], [-1.6045906560611911, 54.927079784916714], [-1.6045906560611911, 54.92851709271781], [-1.6052121086977422, 54.928876419668086], [-1.6058335613342933, 54.92851709271781], [-1.6058335613342933, 54.92779843881726], [-1.6070764666073956, 54.927079784916714], [-1.6070764666073956, 54.925642477115616], [-1.6058335613342933, 54.92492382321507], [-1.6058335613342933, 54.92204920761287], [-1.6064550139708444, 54.9216898806626], [-1.6076979192439467, 54.9216898806626], [-1.6101837297901511, 54.923127188463695], [-1.6126695403363556, 54.923127188463695], [-1.6132909929729067, 54.92276786151342], [-1.6132909929729067, 54.919893245911226], [-1.6120480876998045, 54.91917459201068], [-1.6120480876998045, 54.91558132250793], [-1.6126695403363556, 54.91522199555766], [-1.6139124456094578, 54.91522199555766], [-1.614533898246009, 54.914862668607384], [-1.614533898246009, 54.914144014706835], [-1.61515535088256, 54.91378468775656], [-1.6163982561556622, 54.91378468775656], [-1.6170197087922134, 54.913425360806286], [-1.6170197087922134, 54.91055074520409], [-1.6163982561556622, 54.91019141825382], [-1.6101837297901511, 54.91019141825382], [-1.6095622771536, 54.90983209130354], [-1.6095622771536, 54.907676129601896], [-1.6101837297901511, 54.90731680265162], [-1.61515535088256, 54.90731680265162], [-1.6157768035191111, 54.90695747570135], [-1.6157768035191111, 54.9062388218008], [-1.6163982561556622, 54.905879494850524], [-1.6176411614287645, 54.905879494850524], [-1.6195055193384178, 54.9048015139997], [-1.6188840667018667, 54.904442187049426], [-1.6170197087922134, 54.9033642061986], [-1.6170197087922134, 54.902645552298054], [-1.6182626140653156, 54.901926898397505], [-1.6163982561556622, 54.90084891754668], [-1.6157768035191111, 54.90120824449696], [-1.6157768035191111, 54.901926898397505], [-1.6139124456094578, 54.90300487924833], [-1.6132909929729067, 54.902645552298054], [-1.6132909929729067, 54.90120824449696], [-1.614533898246009, 54.90048959059641], [-1.614533898246009, 54.89905228279531], [-1.6139124456094578, 54.898692955845036], [-1.6126695403363556, 54.898692955845036], [-1.6101837297901511, 54.89725564804394], [-1.60396920342464, 54.89725564804394], [-1.6033477507880889, 54.896896321093664], [-1.6058335613342933, 54.895459013292566], [-1.6045906560611911, 54.89474035939202], [-1.6045906560611911, 54.89330305159092], [-1.6052121086977422, 54.892943724640645], [-1.6064550139708444, 54.892943724640645], [-1.6076979192439467, 54.893662378541194], [-1.6083193718804978, 54.89330305159092], [-1.6070764666073956, 54.89258439769037], [-1.6070764666073956, 54.89186574378982], [-1.6076979192439467, 54.89150641683955], [-1.608940824517049, 54.89150641683955], [-1.6095622771536, 54.89114708988927], [-1.6095622771536, 54.889709782088175], [-1.6108051824267022, 54.88899112818763], [-1.6101837297901511, 54.88863180123735], [-1.6076979192439467, 54.88863180123735], [-1.6070764666073956, 54.88899112818763], [-1.6070764666073956, 54.889709782088175], [-1.6064550139708444, 54.89006910903845], [-1.6052121086977422, 54.89006910903845], [-1.6045906560611911, 54.889709782088175], [-1.6045906560611911, 54.88611651258543], [-1.6052121086977422, 54.88575718563516], [-1.6064550139708444, 54.886475839535706], [-1.608940824517049, 54.88503853173461], [-1.6101837297901511, 54.88575718563516], [-1.6120480876998045, 54.884679204784334], [-1.6120480876998045, 54.883241896983236], [-1.6132909929729067, 54.88252324308269], [-1.6083193718804978, 54.87964862748049], [-1.6083193718804978, 54.878211319679394], [-1.608940824517049, 54.87785199272912], [-1.6095622771536, 54.878211319679394], [-1.6095622771536, 54.87892997357994], [-1.6101837297901511, 54.87928930053022], [-1.6108051824267022, 54.87892997357994], [-1.6108051824267022, 54.878211319679394], [-1.6095622771536, 54.877492665778846], [-1.6095622771536, 54.87605535797775], [-1.6101837297901511, 54.87569603102747], [-1.6126695403363556, 54.87569603102747], [-1.6132909929729067, 54.8753367040772], [-1.6132909929729067, 54.87461805017665], [-1.614533898246009, 54.8738993962761], [-1.614533898246009, 54.87318074237555], [-1.6157768035191111, 54.872462088475004], [-1.6157768035191111, 54.871743434574455], [-1.61515535088256, 54.87138410762418], [-1.6126695403363556, 54.87138410762418], [-1.6120480876998045, 54.871024780673906], [-1.6120480876998045, 54.87030612677336], [-1.6101837297901511, 54.869228145922534], [-1.6076979192439467, 54.869228145922534], [-1.6070764666073956, 54.86886881897226], [-1.608940824517049, 54.86779083812144], [-1.6101837297901511, 54.86779083812144], [-1.6114266350632533, 54.868509492021985], [-1.6120480876998045, 54.86815016507171], [-1.6120480876998045, 54.86743151117116], [-1.6108051824267022, 54.86671285727061], [-1.6108051824267022, 54.86240093386732], [-1.6095622771536, 54.86168227996677], [-1.6108051824267022, 54.86096362606622], [-1.6108051824267022, 54.860244972165674], [-1.6101837297901511, 54.8598856452154], [-1.6095622771536, 54.860244972165674], [-1.6095622771536, 54.86096362606622], [-1.608940824517049, 54.8613229530165], [-1.6083193718804978, 54.86096362606622], [-1.6083193718804978, 54.859526318265125], [-1.6095622771536, 54.858807664364576], [-1.6095622771536, 54.85808901046403], [-1.6076979192439467, 54.857011029613204], [-1.6070764666073956, 54.85737035656348], [-1.6070764666073956, 54.85808901046403], [-1.6064550139708444, 54.8584483374143], [-1.6052121086977422, 54.8584483374143], [-1.60396920342464, 54.85772968351375], [-1.6027262981515378, 54.85772968351375], [-1.6021048455149867, 54.85737035656348], [-1.6033477507880889, 54.85665170266293], [-1.6014833928784356, 54.85557372181211], [-1.6002404876053333, 54.85557372181211], [-1.5996190349687822, 54.85593304876238], [-1.5996190349687822, 54.85665170266293], [-1.598997582332231, 54.857011029613204], [-1.5977546770591289, 54.857011029613204], [-1.5958903191494755, 54.85593304876238], [-1.5958903191494755, 54.85521439486183], [-1.5946474138763733, 54.85449574096128], [-1.5958903191494755, 54.853777087060735], [-1.5940259612398222, 54.85269910620991], [-1.59278305596672, 54.85269910620991], [-1.5915401506936178, 54.85198045230936], [-1.5890543401474133, 54.85198045230936], [-1.5884328875108622, 54.85162112535909], [-1.5884328875108622, 54.85090247145854], [-1.5902972454205155, 54.849824490607716], [-1.5915401506936178, 54.849824490607716], [-1.59278305596672, 54.850543144508265], [-1.593404508603271, 54.85018381755799], [-1.5909186980570666, 54.84874650975689], [-1.5909186980570666, 54.848027855856344], [-1.5896757927839644, 54.847309201955795], [-1.5896757927839644, 54.84659054805525], [-1.5890543401474133, 54.84623122110497], [-1.587811434874311, 54.84623122110497], [-1.5865685296012089, 54.84551256720442], [-1.5853256243281066, 54.84551256720442], [-1.5847041716915555, 54.84515324025415], [-1.5847041716915555, 54.8444345863536], [-1.5859470769646578, 54.84371593245305], [-1.5859470769646578, 54.8429972785525], [-1.5840827190550044, 54.84191929770168], [-1.5828398137819022, 54.84191929770168], [-1.582218361145351, 54.841559970751405], [-1.582218361145351, 54.84012266295031], [-1.5828398137819022, 54.83976333600003], [-1.5840827190550044, 54.83976333600003], [-1.58718998223776, 54.83796670124866], [-1.58718998223776, 54.83724804734811], [-1.5884328875108622, 54.83652939344756], [-1.587811434874311, 54.83617006649729], [-1.5853256243281066, 54.837607374298386], [-1.5803540032356977, 54.837607374298386], [-1.5797325505991466, 54.83724804734811], [-1.5797325505991466, 54.83652939344756], [-1.5784896453260444, 54.835810739547014], [-1.5784896453260444, 54.835092085646465], [-1.576625287416391, 54.83401410479564], [-1.5753823821432889, 54.83401410479564], [-1.5735180242336355, 54.835092085646465], [-1.5735180242336355, 54.835810739547014], [-1.57600383477984, 54.83724804734811], [-1.5753823821432889, 54.837607374298386], [-1.5741394768701866, 54.837607374298386], [-1.5735180242336355, 54.83796670124866], [-1.5735180242336355, 54.83868535514921], [-1.5728965715970844, 54.839044682099484], [-1.57041076105088, 54.839044682099484], [-1.565439139958471, 54.84191929770168], [-1.56481768732192, 54.841559970751405], [-1.56481768732192, 54.84012266295031], [-1.5660605925950222, 54.83940400904976], [-1.5660605925950222, 54.83868535514921], [-1.5673034978681244, 54.83796670124866], [-1.5673034978681244, 54.83437343174592], [-1.5641962346853688, 54.832576796994545], [-1.5629533294122666, 54.832576796994545], [-1.5617104241391644, 54.83329545089509], [-1.5579817083198577, 54.83329545089509], [-1.5573602556833066, 54.83293612394482], [-1.5573602556833066, 54.83149881614372], [-1.5561173504102044, 54.83078016224317], [-1.5561173504102044, 54.829342854442075], [-1.5573602556833066, 54.828624200541526], [-1.5573602556833066, 54.82790554664098], [-1.5586031609564088, 54.82718689274043], [-1.5586031609564088, 54.82574958493933], [-1.559846066229511, 54.82503093103878], [-1.559846066229511, 54.82431227713823], [-1.5573602556833066, 54.822874969337136], [-1.5573602556833066, 54.82215631543659], [-1.5554958977736533, 54.82107833458576], [-1.554252992500551, 54.82179698848631], [-1.5517671819543466, 54.82179698848631], [-1.5492813714081421, 54.820359680685215], [-1.54803846613504, 54.820359680685215], [-1.5474170134984888, 54.82071900763549], [-1.5474170134984888, 54.82215631543659], [-1.5467955608619377, 54.82251564238686], [-1.5461741082253866, 54.82215631543659], [-1.5461741082253866, 54.82000035373494], [-1.5449312029522844, 54.81928169983439], [-1.5449312029522844, 54.81856304593384], [-1.5443097503157333, 54.81820371898357], [-1.543066845042631, 54.81820371898357], [-1.54244539240608, 54.817844392033294], [-1.54244539240608, 54.817125738132745], [-1.5412024871329777, 54.816407084232196], [-1.5405810344964266, 54.81595792554435], [-1.5405810344964266, 54.813981627317844], [-1.5412024871329777, 54.81353246863], [-1.5405810344964266, 54.81317314167973], [-1.5398042187007377, 54.81353246863], [-1.5393381292233244, 54.812544319516746], [-1.5399595818598755, 54.8120951608289], [-1.537473771313671, 54.80993919912726], [-1.5356094134040177, 54.808861218276434], [-1.5331236028578132, 54.808861218276434], [-1.5325021502212621, 54.80850189132616], [-1.5325021502212621, 54.80778323742561], [-1.531880697584711, 54.807423910475336], [-1.5293948870385066, 54.807423910475336], [-1.5281519817654043, 54.80670525657479], [-1.526287623855751, 54.80634592962451], [-1.526287623855751, 54.805627275723964], [-1.5250447185826488, 54.804908621823415], [-1.5250447185826488, 54.804189967922866], [-1.5256661712192, 54.80383064097259], [-1.5293948870385066, 54.80598660267424], [-1.5300163396750577, 54.805627275723964], [-1.5300163396750577, 54.804189967922866], [-1.5269090764923021, 54.802393333171494], [-1.5256661712192, 54.802393333171494], [-1.5244232659460977, 54.80311198707204], [-1.5231803606729954, 54.80311198707204], [-1.5219374553998932, 54.80383064097259], [-1.5213160027633421, 54.80347131402232], [-1.5213160027633421, 54.79987804451957], [-1.5225589080364443, 54.799159390619025], [-1.5225589080364443, 54.798440736718476], [-1.5281519817654043, 54.795206794166006], [-1.5287734344019555, 54.79556612111628], [-1.5287734344019555, 54.79628477501683], [-1.5293948870385066, 54.796644101967104], [-1.5331236028578132, 54.796644101967104], [-1.5337450554943644, 54.79628477501683], [-1.5337450554943644, 54.79556612111628], [-1.5362308660405688, 54.79412881331518], [-1.5362308660405688, 54.793410159414634], [-1.5356094134040177, 54.79305083246436], [-1.5343665081309155, 54.79376948636491], [-1.5331236028578132, 54.79376948636491], [-1.531880697584711, 54.79305083246436], [-1.5306377923116088, 54.79305083246436], [-1.5300163396750577, 54.792691505514085], [-1.5300163396750577, 54.79053554381244], [-1.53125924494816, 54.78981688991189], [-1.53125924494816, 54.787660928210244], [-1.5293948870385066, 54.78658294735942], [-1.5256661712192, 54.78658294735942], [-1.5244232659460977, 54.78730160125997], [-1.5219374553998932, 54.78730160125997], [-1.520694550126791, 54.78658294735942], [-1.5200730974902399, 54.786942274309695], [-1.5200730974902399, 54.787660928210244], [-1.5182087395805866, 54.78873890906107], [-1.5169658343074843, 54.78873890906107], [-1.515101476397831, 54.78981688991189], [-1.515101476397831, 54.79053554381244], [-1.5144800237612799, 54.79089487076271], [-1.5132371184881777, 54.79089487076271], [-1.5126156658516265, 54.79125419771299], [-1.5126156658516265, 54.79197285161354], [-1.5119942132150754, 54.79233217856381], [-1.5107513079419732, 54.79161352466326], [-1.5088869500323199, 54.792691505514085], [-1.510129855305422, 54.793410159414634], [-1.5082654973957688, 54.79448814026546], [-1.5076440447592176, 54.79412881331518], [-1.5076440447592176, 54.792691505514085], [-1.5064011394861154, 54.79197285161354], [-1.5064011394861154, 54.78981688991189], [-1.5070225921226665, 54.789457562961616], [-1.5082654973957688, 54.789457562961616], [-1.5088869500323199, 54.78909823601134], [-1.5088869500323199, 54.787660928210244], [-1.509508402668871, 54.78730160125997], [-1.5107513079419732, 54.78730160125997], [-1.5113727605785243, 54.786942274309695], [-1.5107513079419732, 54.78658294735942], [-1.509508402668871, 54.78658294735942], [-1.5070225921226665, 54.78802025516052], [-1.5057796868495643, 54.78730160125997], [-1.5032938763033599, 54.78873890906107], [-1.5020509710302576, 54.78802025516052], [-1.4995651604840532, 54.78802025516052], [-1.498943707847502, 54.787660928210244], [-1.5001866131206043, 54.786942274309695], [-1.5001866131206043, 54.7855049665086], [-1.4995651604840532, 54.78514563955832], [-1.498322255210951, 54.78514563955832], [-1.4952149920281954, 54.786942274309695], [-1.4952149920281954, 54.78837958211079], [-1.4945935393916443, 54.78873890906107], [-1.493350634118542, 54.78873890906107], [-1.492729181481991, 54.78837958211079], [-1.4939720867550932, 54.787660928210244], [-1.492729181481991, 54.786942274309695], [-1.492729181481991, 54.786223620409146], [-1.4921077288454399, 54.78586429345887], [-1.4908648235723376, 54.78658294735942], [-1.4896219182992354, 54.78658294735942], [-1.4890004656626843, 54.786942274309695], [-1.4890004656626843, 54.787660928210244], [-1.4883790130261332, 54.78802025516052], [-1.4858932024799287, 54.78802025516052], [-1.4846502972068265, 54.78730160125997], [-1.4834073919337243, 54.78802025516052], [-1.482164486660622, 54.78802025516052], [-1.481543034024071, 54.78837958211079], [-1.481543034024071, 54.78981688991189], [-1.4852717498433776, 54.79197285161354], [-1.4834073919337243, 54.79305083246436], [-1.4827859392971732, 54.792691505514085], [-1.4827859392971732, 54.79197285161354], [-1.4796786761144176, 54.790176216862164], [-1.4790572234778665, 54.79053554381244], [-1.4790572234778665, 54.79125419771299], [-1.4778143182047643, 54.79197285161354], [-1.4778143182047643, 54.793410159414634], [-1.4771928655682132, 54.79376948636491], [-1.4734641497489065, 54.79376948636491], [-1.4722212444758043, 54.79448814026546], [-1.470978339202702, 54.79448814026546], [-1.4697354339295998, 54.795206794166006], [-1.4684925286564976, 54.795206794166006], [-1.465385265473742, 54.793410159414634], [-1.465385265473742, 54.792691505514085], [-1.464763812837191, 54.79233217856381], [-1.4635209075640887, 54.79233217856381], [-1.4616565496544354, 54.79125419771299], [-1.4616565496544354, 54.78981688991189], [-1.4604136443813331, 54.78909823601134], [-1.4604136443813331, 54.78837958211079], [-1.459792191744782, 54.78802025516052], [-1.4585492864716798, 54.78802025516052], [-1.4579278338351287, 54.787660928210244], [-1.4579278338351287, 54.786942274309695], [-1.4573063811985776, 54.78658294735942], [-1.4548205706523731, 54.78658294735942], [-1.454199118015822, 54.786223620409146], [-1.454199118015822, 54.78478631260805], [-1.453577665379271, 54.784426985657774], [-1.4523347601061687, 54.784426985657774], [-1.4517133074696176, 54.78478631260805], [-1.4517133074696176, 54.7855049665086], [-1.4510918548330665, 54.78586429345887], [-1.4504704021965154, 54.7855049665086], [-1.4504704021965154, 54.78478631260805], [-1.4498489495599642, 54.784426985657774], [-1.448606044286862, 54.784426985657774], [-1.4473631390137598, 54.783708331757225], [-1.4448773284675553, 54.783708331757225], [-1.4442558758310042, 54.7840676587075], [-1.4454987811041065, 54.78478631260805], [-1.4448773284675553, 54.78514563955832], [-1.4436344231944531, 54.78514563955832], [-1.442391517921351, 54.784426985657774], [-1.4411486126482487, 54.784426985657774], [-1.4405271600116976, 54.78478631260805], [-1.4405271600116976, 54.7855049665086], [-1.4411486126482487, 54.78586429345887], [-1.4436344231944531, 54.78586429345887], [-1.4442558758310042, 54.786223620409146], [-1.4442558758310042, 54.786942274309695], [-1.442391517921351, 54.78802025516052], [-1.4411486126482487, 54.78802025516052], [-1.4405271600116976, 54.78837958211079], [-1.4411486126482487, 54.78873890906107], [-1.442391517921351, 54.78873890906107], [-1.4436344231944531, 54.78802025516052], [-1.4454987811041065, 54.78909823601134], [-1.4436344231944531, 54.790176216862164], [-1.442391517921351, 54.790176216862164], [-1.4411486126482487, 54.789457562961616], [-1.4399057073751464, 54.789457562961616], [-1.4386628021020442, 54.790176216862164], [-1.4380413494654931, 54.78981688991189], [-1.4380413494654931, 54.78837958211079], [-1.4367984441923909, 54.787660928210244], [-1.4367984441923909, 54.786942274309695], [-1.437419896828942, 54.78658294735942], [-1.4386628021020442, 54.78658294735942], [-1.4392842547385953, 54.786223620409146], [-1.4392842547385953, 54.78478631260805], [-1.437419896828942, 54.783708331757225], [-1.4361769915558398, 54.784426985657774], [-1.4312053704634309, 54.784426985657774], [-1.4305839178268798, 54.7840676587075], [-1.4305839178268798, 54.7826303509064], [-1.4280981072806753, 54.781193043105304], [-1.4280981072806753, 54.77903708140366], [-1.426855202007573, 54.77831842750311], [-1.426855202007573, 54.77759977360256], [-1.4280981072806753, 54.77688111970201], [-1.4280981072806753, 54.774725158000365], [-1.4287195599172264, 54.77436583105009], [-1.4312053704634309, 54.77436583105009], [-1.431826823099982, 54.774006504099816], [-1.4293410125537775, 54.77256919629872], [-1.4293410125537775, 54.77185054239817], [-1.4287195599172264, 54.771491215447895], [-1.4274766546441242, 54.772209869348444], [-1.4225050335517153, 54.772209869348444], [-1.421262128278613, 54.771491215447895], [-1.4200192230055109, 54.771491215447895], [-1.4193977703689598, 54.77185054239817], [-1.4193977703689598, 54.77256919629872], [-1.420640675642062, 54.77328785019927], [-1.4193977703689598, 54.774006504099816], [-1.420640675642062, 54.774725158000365], [-1.4175334124593064, 54.77652179275174], [-1.4169119598227553, 54.77616246580146], [-1.4169119598227553, 54.774006504099816], [-1.4162905071862042, 54.77364717714954], [-1.4138046966399997, 54.77364717714954], [-1.4113188860937953, 54.772209869348444], [-1.4088330755475909, 54.772209869348444], [-1.4075901702744886, 54.77292852324899], [-1.403861454455182, 54.77292852324899], [-1.4032400018186308, 54.77256919629872], [-1.4032400018186308, 54.77113188849762], [-1.4013756439089775, 54.7700539076468], [-1.4001327386358753, 54.7700539076468], [-1.398268380726222, 54.77113188849762], [-1.3995112859993242, 54.77185054239817], [-1.3995112859993242, 54.77256919629872], [-1.4007541912724264, 54.77328785019927], [-1.4001327386358753, 54.77364717714954], [-1.3976469280896708, 54.77364717714954], [-1.3970254754531197, 54.77328785019927], [-1.3970254754531197, 54.77256919629872], [-1.3964040228165686, 54.772209869348444], [-1.3939182122703642, 54.772209869348444], [-1.393296759633813, 54.77256919629872], [-1.393296759633813, 54.77328785019927], [-1.3951611175434664, 54.77436583105009], [-1.3964040228165686, 54.77364717714954], [-1.3970254754531197, 54.774006504099816], [-1.3970254754531197, 54.774725158000365], [-1.3957825701800175, 54.775443811900914], [-1.3957825701800175, 54.77616246580146], [-1.3945396649069153, 54.77688111970201], [-1.3945396649069153, 54.77831842750311], [-1.3970254754531197, 54.77975573530421], [-1.3970254754531197, 54.780474389204755], [-1.3976469280896708, 54.78083371615503], [-1.4001327386358753, 54.78083371615503], [-1.4007541912724264, 54.781193043105304], [-1.4007541912724264, 54.78191169700585], [-1.4001327386358753, 54.78227102395613], [-1.398889833362773, 54.78227102395613], [-1.3976469280896708, 54.78155237005558], [-1.3964040228165686, 54.78155237005558], [-1.3951611175434664, 54.78227102395613], [-1.3901894964510575, 54.78227102395613], [-1.3895680438145064, 54.78191169700585], [-1.3895680438145064, 54.781193043105304], [-1.3889465911779553, 54.78083371615503], [-1.3852178753586486, 54.78083371615503], [-1.3839749700855464, 54.78155237005558], [-1.381489159539342, 54.78155237005558], [-1.3802462542662397, 54.78227102395613], [-1.3790033489931375, 54.78155237005558], [-1.376517538446933, 54.78155237005558], [-1.375896085810382, 54.781193043105304], [-1.3771389910834841, 54.780474389204755], [-1.3771389910834841, 54.77759977360256], [-1.3777604437200353, 54.777240446652286], [-1.3790033489931375, 54.777240446652286], [-1.382110612175893, 54.775443811900914], [-1.382110612175893, 54.774725158000365], [-1.381489159539342, 54.77436583105009], [-1.3802462542662397, 54.77436583105009], [-1.3790033489931375, 54.77508448495064], [-1.3777604437200353, 54.77508448495064], [-1.376517538446933, 54.77580313885119], [-1.3740317279007286, 54.77580313885119], [-1.3727888226276264, 54.77652179275174], [-1.370303012081422, 54.77652179275174], [-1.3690601068083197, 54.77580313885119], [-1.365331390989013, 54.77580313885119], [-1.3634670330793597, 54.77688111970201], [-1.364709938352462, 54.77759977360256], [-1.364709938352462, 54.77831842750311], [-1.3659528436255641, 54.77903708140366], [-1.365331390989013, 54.77939640835393], [-1.3640884857159108, 54.77939640835393], [-1.3634670330793597, 54.77975573530421], [-1.3634670330793597, 54.78191169700585], [-1.3628455804428086, 54.78227102395613], [-1.3622241278062575, 54.78191169700585], [-1.3622241278062575, 54.780474389204755], [-1.3616026751697063, 54.78011506225448], [-1.3603597698966041, 54.78011506225448], [-1.359738317260053, 54.77975573530421], [-1.359738317260053, 54.77759977360256], [-1.3584954119869508, 54.77688111970201], [-1.3584954119869508, 54.775443811900914], [-1.3572525067138486, 54.774725158000365], [-1.3584954119869508, 54.774006504099816], [-1.3584954119869508, 54.77328785019927], [-1.3578739593503997, 54.77292852324899], [-1.3566310540772974, 54.77364717714954], [-1.3553881488041952, 54.77364717714954], [-1.3547666961676441, 54.774006504099816], [-1.3560096014407463, 54.774725158000365], [-1.3560096014407463, 54.775443811900914], [-1.3553881488041952, 54.77580313885119], [-1.354145243531093, 54.77580313885119], [-1.3529023382579908, 54.77652179275174], [-1.3522808856214397, 54.77616246580146], [-1.3522808856214397, 54.775443811900914], [-1.3516594329848886, 54.77508448495064], [-1.3504165277117863, 54.77508448495064], [-1.349173622438684, 54.77580313885119], [-1.3479307171655819, 54.77508448495064], [-1.3466878118924797, 54.77580313885119], [-1.3448234539828263, 54.774725158000365], [-1.3454449066193774, 54.77436583105009], [-1.3466878118924797, 54.77436583105009], [-1.3473092645290308, 54.774006504099816], [-1.3473092645290308, 54.77328785019927], [-1.3460663592559285, 54.77256919629872], [-1.3460663592559285, 54.77041323459707], [-1.3454449066193774, 54.7700539076468], [-1.3404732855269685, 54.7700539076468], [-1.3392303802538663, 54.770772561547346], [-1.337987474980764, 54.770772561547346], [-1.3367445697076619, 54.7700539076468], [-1.3361231170711108, 54.77041323459707], [-1.3361231170711108, 54.77113188849762], [-1.3348802117980085, 54.77185054239817], [-1.3348802117980085, 54.77256919629872], [-1.3330158538883552, 54.77364717714954], [-1.331772948615253, 54.77364717714954], [-1.3311514959787019, 54.774006504099816], [-1.331772948615253, 54.77436583105009], [-1.3330158538883552, 54.77436583105009], [-1.3342587591614574, 54.77508448495064], [-1.3355016644345596, 54.77508448495064], [-1.3361231170711108, 54.775443811900914], [-1.3361231170711108, 54.77616246580146], [-1.3367445697076619, 54.77652179275174], [-1.3392303802538663, 54.77652179275174], [-1.3398518328904174, 54.77688111970201], [-1.3392303802538663, 54.777240446652286], [-1.3355016644345596, 54.777240446652286], [-1.3348802117980085, 54.77759977360256], [-1.3348802117980085, 54.77831842750311], [-1.3336373065249063, 54.77903708140366], [-1.3348802117980085, 54.77975573530421], [-1.3348802117980085, 54.780474389204755], [-1.3330158538883552, 54.78155237005558], [-1.331772948615253, 54.78155237005558], [-1.3280442327959463, 54.77939640835393], [-1.326801327522844, 54.78011506225448], [-1.326179874886293, 54.77975573530421], [-1.326179874886293, 54.77831842750311], [-1.3236940643400885, 54.77688111970201], [-1.3249369696131907, 54.77616246580146], [-1.3249369696131907, 54.774725158000365], [-1.326179874886293, 54.774006504099816], [-1.3255584222497419, 54.77364717714954], [-1.3243155169766396, 54.77436583105009], [-1.3230726117035374, 54.77436583105009], [-1.3224511590669863, 54.774006504099816], [-1.3224511590669863, 54.77328785019927], [-1.3230726117035374, 54.77292852324899], [-1.3243155169766396, 54.77292852324899], [-1.3249369696131907, 54.77256919629872], [-1.3236940643400885, 54.77185054239817], [-1.3236940643400885, 54.77041323459707], [-1.3230726117035374, 54.7700539076468], [-1.3218297064304352, 54.7700539076468], [-1.3199653485207818, 54.77113188849762], [-1.3199653485207818, 54.77256919629872], [-1.321208253793884, 54.77328785019927], [-1.320586801157333, 54.77364717714954], [-1.3193438958842307, 54.77364717714954], [-1.3187224432476796, 54.77328785019927], [-1.3187224432476796, 54.77113188849762], [-1.3168580853380263, 54.7700539076468], [-1.3162366327014752, 54.77041323459707], [-1.3174795379745774, 54.77113188849762], [-1.3168580853380263, 54.771491215447895], [-1.315615180064924, 54.771491215447895], [-1.314993727428373, 54.77185054239817], [-1.314993727428373, 54.77256919629872], [-1.3143722747918218, 54.77292852324899], [-1.3137508221552707, 54.77256919629872], [-1.3137508221552707, 54.77113188849762], [-1.3125079168821685, 54.77041323459707], [-1.3125079168821685, 54.76969458069652], [-1.3119252371628516, 54.7693576724364], [-1.311979204448726, 54.76929890512026], [-1.318434545670684, 54.76304944100148], [-1.32594171604873, 54.75720646723559], [-1.334424446528308, 54.75182900916682], [-1.343796715620634, 54.7469713676206], [-1.353963623327188, 54.74268257643431], [-1.36482234958242, 54.73900591331988], [-1.365427616360978, 54.73884578766505], [-1.366466001221494, 54.738496957110094], [-1.377408585281261, 54.73522616568087], [-1.388852897936534, 54.732593463056745], [-1.40068824258066, 54.73062429710824], [-1.409032357449442, 54.729738078419835], [-1.415082498108573, 54.72883676901337], [-1.426778662390889, 54.72776345037213], [-1.43859753438481, 54.727334678853765], [-1.450433499531602, 54.72755428740775], [-1.45358540719132, 54.727786765899474], [-1.460903046425312, 54.72781557345918], [-1.466281347514923, 54.72730377697732], [-1.466400240101539, 54.72729519162635], [-1.47447636818013, 54.72686525804178], [-1.47465644842763, 54.72685906830462], [-1.492431212429634, 54.7269799799361], [-1.492641042128535, 54.726990061346775], [-1.493975884864696, 54.72708387228892], [-1.496762432870682, 54.72706795317026], [-1.497198059021766, 54.727081028411554], [-1.510195163533885, 54.72786645933397], [-1.522980307468381, 54.729431924797225], [-1.535414321640169, 54.731760389140604], [-1.537498566512326, 54.7322215198925], [-1.546704657911333, 54.73450650768987], [-1.547105661735176, 54.73461722962134], [-1.557159467598634, 54.737725876528245], [-1.566683575720808, 54.741350926917946], [-1.566974179357197, 54.741472851649306], [-1.576790537294198, 54.74604446620443], [-1.585763573878532, 54.75116399164899], [-1.593802087257864, 54.75677958402906], [-1.600824238537652, 54.76283435335628], [-1.601610433429861, 54.76359206555549], [-1.606905362717111, 54.76925050586232], [-1.611310839598539, 54.775158490816224], [-1.614791668369396, 54.781269351202035], [-1.617319917315989, 54.78753479392192], [-1.618875151676362, 54.793905281748565], [-1.61892476283026, 54.79420403328072], [-1.619476171203013, 54.7997916875698], [-1.619368051226844, 54.802844042700706], [-1.622517159473638, 54.807584643910225], [-1.626863904424482, 54.80713973581584], [-1.637064204030912, 54.806586503386534], [-1.637453275679501, 54.8065746356764], [-1.638090839173015, 54.806555268384486], [-1.654038679492899, 54.80665738471475], [-1.654705895959546, 54.806686231882274], [-1.666951697575097, 54.807642762350554], [-1.66758258406308, 54.807672345815995], [-1.668151966879174, 54.80773644755616], [-1.669533334253053, 54.80784425287393], [-1.669606311200678, 54.80785253825048], [-1.670843335714114, 54.808039405914], [-1.68127655425663, 54.80921323154923], [-1.681338653590043, 54.80922231575843], [-1.691095489514499, 54.81089563455421], [-1.70058570897683, 54.813020419972545], [-1.700640136805321, 54.81303409758521], [-1.716900973694111, 54.81796732237196], [-1.716953724957677, 54.81798629368974], [-1.726140689584707, 54.821626824167645], [-1.734732605166967, 54.8257238575018], [-1.734777594560882, 54.82574732654711], [-1.742914752591794, 54.83039864256136], [-1.749970715199066, 54.83524401269013], [-1.750577237115005, 54.83517043800942], [-1.750764112813714, 54.83515466546095], [-1.756262961636041, 54.83485167170043], [-1.762392411978171, 54.833704284959666], [-1.762518609064052, 54.83368481823516], [-1.774107260746841, 54.83223196303229], [-1.774216273554203, 54.83222138143299], [-1.785438121165305, 54.831430189483605], [-1.785593844629635, 54.83142330146576], [-1.793330514698738, 54.8312194529545], [-1.793506399749911, 54.831217955354056], [-1.808397769398701, 54.83160228726114], [-1.80876352514655, 54.83162434770375], [-1.819454386877547, 54.83253926853489], [-1.824306703518627, 54.833205080811155], [-1.824594839773808, 54.83322742740325], [-1.83391900130055, 54.83375402643821], [-1.834887931727647, 54.83378903382874], [-1.835430277638135, 54.83383930980706], [-1.835452844178034, 54.8338405831222], [-1.835796850528458, 54.833871628126246], [-1.83590952023811, 54.83388373392884], [-1.84684840266532, 54.83489718943565], [-1.858568469782658, 54.83666583851147], [-1.869939070897225, 54.83907852823602], [-1.880854345081806, 54.842112811005784], [-1.8818561353954, 54.842426519805116], [-1.892638327758094, 54.84621985595758], [-1.89530572753373, 54.847385623291395], [-1.897098753816246, 54.84775961302665], [-1.897620147886056, 54.84788670430549], [-1.900999386770374, 54.84874439074103], [-1.901242174550915, 54.84880848685381], [-1.913207389383905, 54.85242849790666], [-1.924430058211995, 54.856769585593796], [-1.925220768381413, 54.857112397737396], [-1.936703240108749, 54.86274302037726], [-1.937252686062715, 54.86304703003358], [-1.94721808600513, 54.869244090289754], [-1.955864629383556, 54.87606884568829], [-1.957732993758172, 54.877740136444665], [-1.958583654444247, 54.87851168178782], [-1.958993159328456, 54.878888326263386], [-1.964849660043422, 54.88489142753135], [-1.969690532908397, 54.89118832855751], [-1.973471470059987, 54.89772202329977], [-1.973547801680562, 54.89787834827833], [-1.97595153512018, 54.903720592250764], [-1.977506428495336, 54.90965758582822], [-1.978201393599088, 54.91564842770414], [-1.978207529557164, 54.91578862178471], [-1.977912099163569, 54.92289253739695], [-1.976407161834673, 54.9299454291074], [-1.973706631404922, 54.93687914167855], [-1.969836009425048, 54.94362663699106], [-1.969604791986068, 54.94392685488501], [-1.969352804384158, 54.94435928930179], [-1.965291554891808, 54.94980279573842]], [[-1.5517671819543466, 54.81676641118247], [-1.5511457293177955, 54.817125738132745], [-1.5511457293177955, 54.81928169983439], [-1.5530100872274488, 54.820359680685215], [-1.554252992500551, 54.820359680685215], [-1.5548744451371022, 54.82000035373494], [-1.5548744451371022, 54.81928169983439], [-1.5554958977736533, 54.81892237288412], [-1.5617104241391644, 54.81892237288412], [-1.5629533294122666, 54.819641026784666], [-1.5635747820488177, 54.81928169983439], [-1.5635747820488177, 54.81856304593384], [-1.5623318767757155, 54.817844392033294], [-1.5623318767757155, 54.817125738132745], [-1.5617104241391644, 54.81676641118247], [-1.55922461359296, 54.81676641118247], [-1.5579817083198577, 54.81604775728192], [-1.5554958977736533, 54.81604775728192], [-1.554252992500551, 54.81676641118247], [-1.5517671819543466, 54.81676641118247]]], [[[-1.363487598222665, 54.9179861853696], [-1.363412044518872, 54.91791809073146], [-1.36332996457593, 54.9178580230624], [-1.363242207530703, 54.91780660377698], [-1.363088407530703, 54.91772670377698], [-1.363065097683968, 54.91771497779615], [-1.362921097683968, 54.91764487779615], [-1.362839928266797, 54.917609715463584], [-1.362755969064457, 54.91758186378038], [-1.362578769064457, 54.91753166378038], [-1.362556343363169, 54.91752656015548], [-1.362438813538623, 54.91728570614004], [-1.362449482053301, 54.9172432031796], [-1.362464023543753, 54.91714416133393], [-1.362468590151554, 54.91704416189277], [-1.362463136115904, 54.91694420692474], [-1.3624645145531533, 54.91696946925524], [-1.3648653015115997, 54.91558132250793], [-1.365331390989013, 54.91387451949413], [-1.3665742962621152, 54.91387451949413], [-1.3673511120578041, 54.913425360806286], [-1.370303012081422, 54.910999903891934], [-1.3740317279007286, 54.910281249991385], [-1.3802462542662397, 54.910281249991385], [-1.3727888226276264, 54.9108202404168], [-1.3707691015588352, 54.91198805300519], [-1.3682832910126308, 54.914144014706835], [-1.3682832910126308, 54.91629997640848], [-1.3670403857395286, 54.91773728420958], [-1.365331390989013, 54.918006779422285], [-1.3635062340165225, 54.918006779422285], [-1.363555844065966, 54.918061602521306], [-1.363487598222665, 54.9179861853696]]], [[[-1.307343574367386, 54.77766159130525], [-1.307322119247641, 54.77763862574507], [-1.307302172984432, 54.77761500936943], [-1.3071193583829175, 54.77735869835717], [-1.3075362957897596, 54.77759977360256], [-1.3075362957897596, 54.77784085637863], [-1.307695982212913, 54.777989393048884], [-1.307343574367386, 54.77766159130525]]]]}}, {"type": "Feature", "properties": {"band_id": "under_60", "order": 1}, "geometry": {"type": "MultiPolygon", "coordinates": [[[[-1.4771928655682132, 54.98843486167607], [-1.482164486660622, 54.98771620777552], [-1.509508402668871, 54.98771620777552], [-1.5219374553998932, 54.98699755387497], [-1.5293948870385066, 54.984841592173325], [-1.5301717028341955, 54.98529075086117], [-1.5311038817890221, 54.98385344306007], [-1.531880697584711, 54.98340428437223], [-1.5331236028578132, 54.983494116109796], [-1.5343665081309155, 54.983494116109796], [-1.5349879607674666, 54.98313478915952], [-1.5349879607674666, 54.98241613525897], [-1.5356094134040177, 54.9820568083087], [-1.5393381292233244, 54.9820568083087], [-1.5399595818598755, 54.98241613525897], [-1.5399595818598755, 54.98385344306007], [-1.5405810344964266, 54.984212770010345], [-1.5418239397695288, 54.984212770010345], [-1.54244539240608, 54.98457209696062], [-1.54244539240608, 54.98600940476172], [-1.5412024871329777, 54.986728058662266], [-1.5412024871329777, 54.987446712562814], [-1.5418239397695288, 54.98780603951309], [-1.543066845042631, 54.98780603951309], [-1.5436882976791821, 54.98816536646336], [-1.5436882976791821, 54.98888402036391], [-1.5449312029522844, 54.98960267426446], [-1.5436882976791821, 54.99032132816501], [-1.5436882976791821, 54.99175863596611], [-1.5412024871329777, 54.993195943767205], [-1.54244539240608, 54.993914597667754], [-1.5418239397695288, 54.99427392461803], [-1.5405810344964266, 54.99355527071748], [-1.5399595818598755, 54.993914597667754], [-1.5399595818598755, 54.99535190546885], [-1.5405810344964266, 54.995711232419126], [-1.5418239397695288, 54.995711232419126], [-1.54244539240608, 54.9960705593694], [-1.54244539240608, 54.9975078671705], [-1.5418239397695288, 54.99786719412077], [-1.5405810344964266, 54.99786719412077], [-1.5399595818598755, 54.99822652107105], [-1.5399595818598755, 54.998945174971595], [-1.5380952239502221, 55.00002315582242], [-1.53685231867712, 55.00002315582242], [-1.5343665081309155, 55.001460463623516], [-1.531880697584711, 55.001460463623516], [-1.5300163396750577, 55.00253844447434], [-1.5306377923116088, 55.002897771424614], [-1.531880697584711, 55.002897771424614], [-1.5325021502212621, 55.00325709837489], [-1.531880697584711, 55.00361642532516], [-1.5269090764923021, 55.00361642532516], [-1.5250447185826488, 55.004694406175986], [-1.5250447185826488, 55.005413060076535], [-1.5244232659460977, 55.00577238702681], [-1.5231803606729954, 55.00505373312626], [-1.5219374553998932, 55.00505373312626], [-1.5213160027633421, 55.005413060076535], [-1.5213160027633421, 55.006131713977084], [-1.5200730974902399, 55.00685036787763], [-1.5213160027633421, 55.00756902177818], [-1.5213160027633421, 55.00900632957928], [-1.520694550126791, 55.00936565652955], [-1.5182087395805866, 55.00936565652955], [-1.5175872869440354, 55.00972498347983], [-1.5188301922171377, 55.01044363738038], [-1.5175872869440354, 55.011162291280925], [-1.5175872869440354, 55.011880945181474], [-1.5169658343074843, 55.01224027213175], [-1.515722929034382, 55.01224027213175], [-1.515101476397831, 55.01259959908202], [-1.515101476397831, 55.01331825298257], [-1.5144800237612799, 55.013677579932846], [-1.5119942132150754, 55.013677579932846], [-1.5107513079419732, 55.014396233833395], [-1.509508402668871, 55.014396233833395], [-1.5082654973957688, 55.013677579932846], [-1.5070225921226665, 55.013677579932846], [-1.5064011394861154, 55.01403690688312], [-1.5064011394861154, 55.01475556078367], [-1.5057796868495643, 55.015114887733944], [-1.5051582342130132, 55.01475556078367], [-1.5051582342130132, 55.01331825298257], [-1.504536781576462, 55.0129589260323], [-1.5032938763033599, 55.0129589260323], [-1.5020509710302576, 55.013677579932846], [-1.5014295183937065, 55.01331825298257], [-1.5014295183937065, 55.01259959908202], [-1.5008080657571554, 55.01224027213175], [-1.5001866131206043, 55.01259959908202], [-1.5001866131206043, 55.01547421468422], [-1.4995651604840532, 55.01583354163449], [-1.4970793499378487, 55.01583354163449], [-1.4958364446647465, 55.015114887733944], [-1.4945935393916443, 55.01583354163449], [-1.493350634118542, 55.01583354163449], [-1.4921077288454399, 55.015114887733944], [-1.4908648235723376, 55.015114887733944], [-1.4902433709357865, 55.01547421468422], [-1.4902433709357865, 55.01619286858477], [-1.4896219182992354, 55.01655219553504], [-1.4890004656626843, 55.01619286858477], [-1.4890004656626843, 55.01547421468422], [-1.4902433709357865, 55.01475556078367], [-1.4902433709357865, 55.01259959908202], [-1.4896219182992354, 55.01224027213175], [-1.4883790130261332, 55.01224027213175], [-1.487757560389582, 55.01259959908202], [-1.487757560389582, 55.01331825298257], [-1.487136107753031, 55.013677579932846], [-1.4858932024799287, 55.013677579932846], [-1.4852717498433776, 55.01403690688312], [-1.4852717498433776, 55.01619286858477], [-1.4846502972068265, 55.01655219553504], [-1.4834073919337243, 55.01655219553504], [-1.4809215813875198, 55.015114887733944], [-1.4796786761144176, 55.01583354163449], [-1.4790572234778665, 55.01547421468422], [-1.4803001287509687, 55.01475556078367], [-1.4796786761144176, 55.014396233833395], [-1.4722212444758043, 55.014396233833395], [-1.470978339202702, 55.015114887733944], [-1.4697354339295998, 55.015114887733944], [-1.4684925286564976, 55.014396233833395], [-1.4660067181102931, 55.014396233833395], [-1.465385265473742, 55.01403690688312], [-1.4660067181102931, 55.013677579932846], [-1.4672496233833954, 55.013677579932846], [-1.4678710760199465, 55.01331825298257], [-1.4672496233833954, 55.0129589260323], [-1.464763812837191, 55.0129589260323], [-1.4641423602006398, 55.01331825298257], [-1.4641423602006398, 55.01403690688312], [-1.4635209075640887, 55.014396233833395], [-1.4628994549275376, 55.01403690688312], [-1.4628994549275376, 55.01331825298257], [-1.4622780022909865, 55.0129589260323], [-1.4610350970178843, 55.0129589260323], [-1.459792191744782, 55.01224027213175], [-1.4585492864716798, 55.01224027213175], [-1.4573063811985776, 55.0129589260323], [-1.4560634759254754, 55.01224027213175], [-1.4548205706523731, 55.01224027213175], [-1.454199118015822, 55.011880945181474], [-1.4554420232889242, 55.011162291280925], [-1.4554420232889242, 55.01044363738038], [-1.453577665379271, 55.00936565652955], [-1.4529562127427198, 55.00972498347983], [-1.4529562127427198, 55.01044363738038], [-1.4523347601061687, 55.01080296433065], [-1.4510918548330665, 55.01080296433065], [-1.4504704021965154, 55.01044363738038], [-1.4504704021965154, 55.00972498347983], [-1.4498489495599642, 55.00936565652955], [-1.4473631390137598, 55.00936565652955], [-1.4461202337406576, 55.0100843104301], [-1.4418531027024066, 55.00761703441868], [-1.441912209398983, 55.00759214766389], [-1.441956291142268, 55.00762521834513], [-1.442038892858954, 55.00768097888777], [-1.442126634602353, 55.00772824058664], [-1.442218644896753, 55.00776653402522], [-1.442314009869988, 55.00779547886231], [-1.442470909869988, 55.00783467886231], [-1.442563831748548, 55.00785326652543], [-1.442658095848528, 55.00786297508815], [-1.442699695848528, 55.00786527508815], [-1.442799272304286, 55.00786581506426], [-1.44289840877483, 55.00785644904463], [-1.4429961222465, 55.007837269900506], [-1.443091443815758, 55.007808467807706], [-1.443183428296597, 55.007770328360934], [-1.443271163592788, 55.00772322974187], [-1.443353779742004, 55.00766763896922], [-1.443430457542161, 55.00760410726785], [-1.443500436674437, 55.00753326460301], [-1.443529936674437, 55.00750026460302], [-1.44359446308975, 55.00742014272455], [-1.44365041646669, 55.007333815479186], [-1.443697204640951, 55.00724219648316], [-1.443734332445159, 55.007146255356226], [-1.443761406949313, 55.00704700745999], [-1.443778141619233, 55.006945503152174], [-1.443784359349001, 55.0068428166705], [-1.443779994335302, 55.00674003476383], [-1.443765092773836, 55.00663824519094], [-1.443744992773836, 55.006537445190936], [-1.443739308443108, 55.00651479223709], [-1.443848423952955, 55.00635176785633], [-1.443913585230562, 55.00629481386087], [-1.443981528501935, 55.00622233673986], [-1.444022760422936, 55.00617372379597], [-1.444077203230228, 55.006140162461236], [-1.444152986109802, 55.006082853142935], [-1.444222987966014, 55.00601861029954], [-1.444244387966014, 55.00599701029954], [-1.444310255888055, 55.00592361795363], [-1.444368574706374, 55.00584409478077], [-1.444418777269324, 55.00575921414537], [-1.444436524937774, 55.00572106657954], [-1.444504525017896, 55.005634403609434], [-1.444560708178286, 55.00555515743465], [-1.444608937232507, 55.00547083387888], [-1.444648757066912, 55.00538222866167], [-1.444679791921482, 55.005290177906474], [-1.444701748935698, 55.005195550250605], [-1.444713413276138, 55.005106897046], [-1.444733408588232, 55.0050823587649], [-1.444789426170332, 55.00499718287281], [-1.444791485407309, 55.00499367437825], [-1.444825587059225, 55.00496018078114], [-1.444897527645471, 55.00487120133437], [-1.445190837873412, 55.004462656304], [-1.445299586987888, 55.00436861933626], [-1.445367934915303, 55.00430363892944], [-1.445429857584276, 55.00423250893915], [-1.445438485238184, 55.004221599591645], [-1.445447263955441, 55.00421075109552], [-1.445505864510656, 55.00413048350642], [-1.445556208318857, 55.00404479563151], [-1.445562250603372, 55.004031682142326], [-1.445568205435449, 55.00402361687696], [-1.44560235081388, 55.00396644294651], [-1.445641174680608, 55.00393401431354], [-1.445708458534391, 55.0038658801826], [-1.445768917084314, 55.003791622923565], [-1.445793917084314, 55.00375772292357], [-1.445847475184361, 55.00367722245845], [-1.445893008510808, 55.00359192585156], [-1.44593009138192, 55.00350263052338], [-1.445958377117539, 55.00341017127762], [-1.445977601280122, 55.003315412496825], [-1.445987584146915, 55.003219240061405], [-1.44598785793325, 55.003178404189164], [-1.446055097197011, 55.00310949428328], [-1.446117180513046, 55.00303170165618], [-1.446171223296788, 55.00294812289998], [-1.446216690198747, 55.002859585948435], [-1.446310690198747, 55.00265168594843], [-1.446346443385892, 55.00256110041057], [-1.446373215733498, 55.00246746670155], [-1.446390753331818, 55.002371672846294], [-1.446398889853741, 55.00227462735659], [-1.446397737463095, 55.00219099148494], [-1.446444130801749, 55.002050991798676], [-1.446444675813518, 55.00204954423196], [-1.446591810840092, 55.00190368922622], [-1.446657098700017, 55.001832389278476], [-1.446715196550279, 55.001755118151934], [-1.446765561397493, 55.00167259803702], [-1.446807722522366, 55.00158560018215], [-1.446841285879135, 55.001494937685585], [-1.446865937778384, 55.00140145789597], [-1.446881447818846, 55.00130603449294], [-1.446887671040782, 55.001209559321474], [-1.446884549280792, 55.00111293405657], [-1.446872111715432, 55.00101706177607], [-1.446850474588514, 55.00092283852023], [-1.446819840124677, 55.00083114491726], [-1.446780494639356, 55.000742837952714], [-1.446732805862822, 55.00065874296003], [-1.446677219503307, 55.000579645906754], [-1.446614255081334, 55.00050628604874], [-1.446585917929728, 55.000479093278294], [-1.446641201574842, 55.00024730580401], [-1.446957336332985, 54.99929736829038], [-1.44696025927999, 54.99928844568264], [-1.447104872984884, 54.99883988980118], [-1.447155213461579, 54.99882784177328], [-1.447246655474587, 54.9987963506533], [-1.447334627817742, 54.998756173555094], [-1.447418307656479, 54.99870768626842], [-1.447496912305453, 54.99865134231098], [-1.447569706549255, 54.99858766868653], [-1.447636009519128, 54.998517260955666], [-1.447695201061355, 54.99844077766527], [-1.447715201061355, 54.99841217766527], [-1.44776571525329, 54.99833212480571], [-1.447808433983349, 54.99824765437293], [-1.447842974485565, 54.99815952323417], [-1.447845715020071, 54.99814995056883], [-1.447900021815259, 54.9980923413334], [-1.448044876903982, 54.99799979776582], [-1.448303515748801, 54.99787076599386], [-1.448525375250339, 54.99776542046183], [-1.448939067627617, 54.99763596786537], [-1.44930763932844, 54.99755396549077], [-1.4498378582056, 54.99744739179087], [-1.449935698623839, 54.997422528545705], [-1.450030533751315, 54.99738792757755], [-1.450121397130037, 54.997343941502386], [-1.450207362777816, 54.997291018579155], [-1.450287554624893, 54.99722969814159], [-1.450361155441894, 54.99716060510187], [-1.450427415168163, 54.99708444358222], [-1.450485658555574, 54.997001989739225], [-1.450535292049937, 54.99691408385411], [-1.450575809839863, 54.99682162176944], [-1.450606799011457, 54.996725545759716], [-1.450627943756289, 54.99662683492866], [-1.45063902858978, 54.99652649523129], [-1.450639940547184, 54.99642554922229], [-1.450618840547184, 54.995916949222284], [-1.450610151347507, 54.99582053728488], [-1.450592180862133, 54.99572541722642], [-1.450565097488235, 54.99563248039452], [-1.450529155017716, 54.99554259767827], [-1.45048469025898, 54.99545661134741], [-1.45043211988078, 54.995375327159515], [-1.450371936507718, 54.99529950680952], [-1.450304704103971, 54.99522986079204], [-1.450231052688519, 54.99516704174343], [-1.450151672431384, 54.99511163832618], [-1.450067307186211, 54.99506416971263], [-1.449978747519792, 54.99502508071994], [-1.449886823303848, 54.99499473764183], [-1.449792395938501, 54.99497342481614], [-1.449696350280293, 54.9949613419603], [-1.449599586350409, 54.99495860229991], [-1.448902350962088, 54.99497262908581], [-1.449376726846227, 54.993941029271554], [-1.449826467852937, 54.99374382927421], [-1.449906094244975, 54.99370461399636], [-1.449981929692356, 54.993658492577836], [-1.450053376748234, 54.99360582837242], [-1.450119872538388, 54.99354703627926], [-1.450180893195665, 54.993482579474254], [-1.450194244626306, 54.99346715951211], [-1.45036683172654, 54.99332943849272], [-1.450419272315512, 54.993284543510136], [-1.450479547457643, 54.99322922330426], [-1.450586122761631, 54.99313122990678], [-1.450932497941714, 54.992813136370074], [-1.451000265546852, 54.99274459523866], [-1.451061119604763, 54.992669848207704], [-1.451114494760864, 54.992589589702156], [-1.451159895142072, 54.99250456535042], [-1.451196898963638, 54.99241556505722], [-1.451224473737278, 54.99232566111519], [-1.451495773848632, 54.992100423468784], [-1.45156328517891, 54.99210619231221], [-1.451658482906369, 54.99210524072785], [-1.451753158730417, 54.992095240669514], [-1.451846454555509, 54.992076282772835], [-1.451937524793737, 54.99204853886296], [-1.45202554402883, 54.992012260397175], [-1.452109714497321, 54.991967776185824], [-1.45218927331909, 54.991915489412115], [-1.452263499411735, 54.9918558739779], [-1.452310642016742, 54.99181416803982], [-1.452572804494496, 54.99166652605785], [-1.452656710385823, 54.991613627091745], [-1.452734962973321, 54.99155267603135], [-1.45284988534491, 54.99145362529164], [-1.453459233412402, 54.990935063931175], [-1.453486887893376, 54.990938745548405], [-1.453590100863333, 54.99094174456786], [-1.45369307286489, 54.990934084399434], [-1.453794706019703, 54.99091584671515], [-1.453893916724089, 54.99088722596358], [-1.453989647202322, 54.99084852729665], [-1.454080876784535, 54.9908001633161], [-1.455488175897628, 54.98995827846738], [-1.455775295311383, 54.98980899493598], [-1.456415266393933, 54.98957554535101], [-1.456931612375004, 54.98949613835742], [-1.45754755227016, 54.989598830888], [-1.458260766200772, 54.98984767867585], [-1.458359930821317, 54.98987662697288], [-1.458461552788386, 54.989895190422935], [-1.458564547630365, 54.98990317092382], [-1.458667816224836, 54.98990048331061], [-1.458770256527994, 54.989887156264516], [-1.45887077533525, 54.989863332006784], [-1.458968299947502, 54.98982926478098], [-1.459214565374874, 54.9897286852957], [-1.459824720956811, 54.98957438791896], [-1.4641080876231, 54.98971823196601], [-1.46543869079577, 54.989939458808536], [-1.465515531398826, 54.98994919357305], [-1.465592894947581, 54.98995295192932], [-1.466146659205192, 54.98995838187791], [-1.466295192040744, 54.98997718937535], [-1.466330985452726, 54.98999879737982], [-1.466424669507278, 54.99004876875353], [-1.466523123867415, 54.99008852525285], [-1.466625238574411, 54.99011761866935], [-1.466729862403369, 54.99013572100849], [-1.466835815841953, 54.9901426281874], [-1.468170082063285, 54.99015861939304], [-1.468615348302383, 54.99016460952183], [-1.46861644139335, 54.99016462362951], [-1.469506455261717, 54.99017562380081], [-1.470397455261718, 54.99018662380081], [-1.470429926944354, 54.99018649743254], [-1.471895326944354, 54.99015699743254], [-1.471966474989978, 54.99015302572582], [-1.473436074989978, 54.99001832572581], [-1.473458862262942, 54.99001597360316], [-1.473687062262942, 54.989989773603156], [-1.473781322068789, 54.98997436028222], [-1.473873681460425, 54.989950024624484], [-1.473963297891014, 54.98991698863155], [-1.474049353836327, 54.98987555367364], [-1.4741310642526, 54.9898260977404], [-1.474207683738074, 54.98976907199265], [-1.474278513332915, 54.98970499664672], [-1.474342906895455, 54.98963445622878], [-1.474400276996616, 54.98955809424246], [-1.474450100278712, 54.98947660729859], [-1.474491922229777, 54.98939073876029], [-1.474525361329836, 54.989301271961715], [-1.47455011253132, 54.98920902306207], [-1.474565950041853, 54.98911483360023], [-1.474572729384037, 54.98901956281782], [-1.474570388713449, 54.9889240798208], [-1.474558949382815, 54.98882925565101], [-1.474492129233691, 54.98843486167607], [-1.4771928655682132, 54.98843486167607]]], [[[-1.554252992500551, 54.81676641118247], [-1.5554958977736533, 54.81604775728192], [-1.5579817083198577, 54.81604775728192], [-1.55922461359296, 54.81676641118247], [-1.5617104241391644, 54.81676641118247], [-1.5623318767757155, 54.817125738132745], [-1.5623318767757155, 54.817844392033294], [-1.5635747820488177, 54.81856304593384], [-1.5635747820488177, 54.81928169983439], [-1.5629533294122666, 54.819641026784666], [-1.5617104241391644, 54.81892237288412], [-1.5554958977736533, 54.81892237288412], [-1.5548744451371022, 54.81928169983439], [-1.5548744451371022, 54.82000035373494], [-1.554252992500551, 54.820359680685215], [-1.5530100872274488, 54.820359680685215], [-1.5511457293177955, 54.81928169983439], [-1.5511457293177955, 54.817125738132745], [-1.5517671819543466, 54.81676641118247], [-1.554252992500551, 54.81676641118247]]], [[[-1.3125079168821685, 54.77041323459707], [-1.3137508221552707, 54.77113188849762], [-1.3137508221552707, 54.77256919629872], [-1.3143722747918218, 54.77292852324899], [-1.314993727428373, 54.77256919629872], [-1.314993727428373, 54.77185054239817], [-1.315615180064924, 54.771491215447895], [-1.3168580853380263, 54.771491215447895], [-1.3174795379745774, 54.77113188849762], [-1.3162366327014752, 54.77041323459707], [-1.3168580853380263, 54.7700539076468], [-1.3187224432476796, 54.77113188849762], [-1.3187224432476796, 54.77328785019927], [-1.3193438958842307, 54.77364717714954], [-1.320586801157333, 54.77364717714954], [-1.321208253793884, 54.77328785019927], [-1.3199653485207818, 54.77256919629872], [-1.3199653485207818, 54.77113188849762], [-1.3218297064304352, 54.7700539076468], [-1.3230726117035374, 54.7700539076468], [-1.3236940643400885, 54.77041323459707], [-1.3236940643400885, 54.77185054239817], [-1.3249369696131907, 54.77256919629872], [-1.3243155169766396, 54.77292852324899], [-1.3230726117035374, 54.77292852324899], [-1.3224511590669863, 54.77328785019927], [-1.3224511590669863, 54.774006504099816], [-1.3230726117035374, 54.77436583105009], [-1.3243155169766396, 54.77436583105009], [-1.3255584222497419, 54.77364717714954], [-1.326179874886293, 54.774006504099816], [-1.3249369696131907, 54.774725158000365], [-1.3249369696131907, 54.77616246580146], [-1.3236940643400885, 54.77688111970201], [-1.326179874886293, 54.77831842750311], [-1.326179874886293, 54.77975573530421], [-1.326801327522844, 54.78011506225448], [-1.3280442327959463, 54.77939640835393], [-1.331772948615253, 54.78155237005558], [-1.3330158538883552, 54.78155237005558], [-1.3348802117980085, 54.780474389204755], [-1.3348802117980085, 54.77975573530421], [-1.3336373065249063, 54.77903708140366], [-1.3348802117980085, 54.77831842750311], [-1.3348802117980085, 54.77759977360256], [-1.3355016644345596, 54.777240446652286], [-1.3392303802538663, 54.777240446652286], [-1.3398518328904174, 54.77688111970201], [-1.3392303802538663, 54.77652179275174], [-1.3367445697076619, 54.77652179275174], [-1.3361231170711108, 54.77616246580146], [-1.3361231170711108, 54.775443811900914], [-1.3355016644345596, 54.77508448495064], [-1.3342587591614574, 54.77508448495064], [-1.3330158538883552, 54.77436583105009], [-1.331772948615253, 54.77436583105009], [-1.3311514959787019, 54.774006504099816], [-1.331772948615253, 54.77364717714954], [-1.3330158538883552, 54.77364717714954], [-1.3348802117980085, 54.77256919629872], [-1.3348802117980085, 54.77185054239817], [-1.3361231170711108, 54.77113188849762], [-1.3361231170711108, 54.77041323459707], [-1.3367445697076619, 54.7700539076468], [-1.337987474980764, 54.770772561547346], [-1.3392303802538663, 54.770772561547346], [-1.3404732855269685, 54.7700539076468], [-1.3454449066193774, 54.7700539076468], [-1.3460663592559285, 54.77041323459707], [-1.3460663592559285, 54.77256919629872], [-1.3473092645290308, 54.77328785019927], [-1.3473092645290308, 54.774006504099816], [-1.3466878118924797, 54.77436583105009], [-1.3454449066193774, 54.77436583105009], [-1.3448234539828263, 54.774725158000365], [-1.3466878118924797, 54.77580313885119], [-1.3479307171655819, 54.77508448495064], [-1.349173622438684, 54.77580313885119], [-1.3504165277117863, 54.77508448495064], [-1.3516594329848886, 54.77508448495064], [-1.3522808856214397, 54.775443811900914], [-1.3522808856214397, 54.77616246580146], [-1.3529023382579908, 54.77652179275174], [-1.354145243531093, 54.77580313885119], [-1.3553881488041952, 54.77580313885119], [-1.3560096014407463, 54.775443811900914], [-1.3560096014407463, 54.774725158000365], [-1.3547666961676441, 54.774006504099816], [-1.3553881488041952, 54.77364717714954], [-1.3566310540772974, 54.77364717714954], [-1.3578739593503997, 54.77292852324899], [-1.3584954119869508, 54.77328785019927], [-1.3584954119869508, 54.774006504099816], [-1.3572525067138486, 54.774725158000365], [-1.3584954119869508, 54.775443811900914], [-1.3584954119869508, 54.77688111970201], [-1.359738317260053, 54.77759977360256], [-1.359738317260053, 54.77975573530421], [-1.3603597698966041, 54.78011506225448], [-1.3616026751697063, 54.78011506225448], [-1.3622241278062575, 54.780474389204755], [-1.3622241278062575, 54.78191169700585], [-1.3628455804428086, 54.78227102395613], [-1.3634670330793597, 54.78191169700585], [-1.3634670330793597, 54.77975573530421], [-1.3640884857159108, 54.77939640835393], [-1.365331390989013, 54.77939640835393], [-1.3659528436255641, 54.77903708140366], [-1.364709938352462, 54.77831842750311], [-1.364709938352462, 54.77759977360256], [-1.3634670330793597, 54.77688111970201], [-1.365331390989013, 54.77580313885119], [-1.3690601068083197, 54.77580313885119], [-1.370303012081422, 54.77652179275174], [-1.3727888226276264, 54.77652179275174], [-1.3740317279007286, 54.77580313885119], [-1.376517538446933, 54.77580313885119], [-1.3777604437200353, 54.77508448495064], [-1.3790033489931375, 54.77508448495064], [-1.3802462542662397, 54.77436583105009], [-1.381489159539342, 54.77436583105009], [-1.382110612175893, 54.774725158000365], [-1.382110612175893, 54.775443811900914], [-1.3790033489931375, 54.777240446652286], [-1.3777604437200353, 54.777240446652286], [-1.3771389910834841, 54.77759977360256], [-1.3771389910834841, 54.780474389204755], [-1.375896085810382, 54.781193043105304], [-1.376517538446933, 54.78155237005558], [-1.3790033489931375, 54.78155237005558], [-1.3802462542662397, 54.78227102395613], [-1.381489159539342, 54.78155237005558], [-1.3839749700855464, 54.78155237005558], [-1.3852178753586486, 54.78083371615503], [-1.3889465911779553, 54.78083371615503], [-1.3895680438145064, 54.781193043105304], [-1.3895680438145064, 54.78191169700585], [-1.3901894964510575, 54.78227102395613], [-1.3951611175434664, 54.78227102395613], [-1.3964040228165686, 54.78155237005558], [-1.3976469280896708, 54.78155237005558], [-1.398889833362773, 54.78227102395613], [-1.4001327386358753, 54.78227102395613], [-1.4007541912724264, 54.78191169700585], [-1.4007541912724264, 54.781193043105304], [-1.4001327386358753, 54.78083371615503], [-1.3976469280896708, 54.78083371615503], [-1.3970254754531197, 54.780474389204755], [-1.3970254754531197, 54.77975573530421], [-1.3945396649069153, 54.77831842750311], [-1.3945396649069153, 54.77688111970201], [-1.3957825701800175, 54.77616246580146], [-1.3957825701800175, 54.775443811900914], [-1.3970254754531197, 54.774725158000365], [-1.3970254754531197, 54.774006504099816], [-1.3964040228165686, 54.77364717714954], [-1.3951611175434664, 54.77436583105009], [-1.393296759633813, 54.77328785019927], [-1.393296759633813, 54.77256919629872], [-1.3939182122703642, 54.772209869348444], [-1.3964040228165686, 54.772209869348444], [-1.3970254754531197, 54.77256919629872], [-1.3970254754531197, 54.77328785019927], [-1.3976469280896708, 54.77364717714954], [-1.4001327386358753, 54.77364717714954], [-1.4007541912724264, 54.77328785019927], [-1.3995112859993242, 54.77256919629872], [-1.3995112859993242, 54.77185054239817], [-1.398268380726222, 54.77113188849762], [-1.4001327386358753, 54.7700539076468], [-1.4013756439089775, 54.7700539076468], [-1.4032400018186308, 54.77113188849762], [-1.4032400018186308, 54.77256919629872], [-1.403861454455182, 54.77292852324899], [-1.4075901702744886, 54.77292852324899], [-1.4088330755475909, 54.772209869348444], [-1.4113188860937953, 54.772209869348444], [-1.4138046966399997, 54.77364717714954], [-1.4162905071862042, 54.77364717714954], [-1.4169119598227553, 54.774006504099816], [-1.4169119598227553, 54.77616246580146], [-1.4175334124593064, 54.77652179275174], [-1.420640675642062, 54.774725158000365], [-1.4193977703689598, 54.774006504099816], [-1.420640675642062, 54.77328785019927], [-1.4193977703689598, 54.77256919629872], [-1.4193977703689598, 54.77185054239817], [-1.4200192230055109, 54.771491215447895], [-1.421262128278613, 54.771491215447895], [-1.4225050335517153, 54.772209869348444], [-1.4274766546441242, 54.772209869348444], [-1.4287195599172264, 54.771491215447895], [-1.4293410125537775, 54.77185054239817], [-1.4293410125537775, 54.77256919629872], [-1.431826823099982, 54.774006504099816], [-1.4312053704634309, 54.77436583105009], [-1.4287195599172264, 54.77436583105009], [-1.4280981072806753, 54.774725158000365], [-1.4280981072806753, 54.77688111970201], [-1.426855202007573, 54.77759977360256], [-1.426855202007573, 54.77831842750311], [-1.4280981072806753, 54.77903708140366], [-1.4280981072806753, 54.781193043105304], [-1.4305839178268798, 54.7826303509064], [-1.4305839178268798, 54.7840676587075], [-1.4312053704634309, 54.784426985657774], [-1.4361769915558398, 54.784426985657774], [-1.437419896828942, 54.783708331757225], [-1.4392842547385953, 54.78478631260805], [-1.4392842547385953, 54.786223620409146], [-1.4386628021020442, 54.78658294735942], [-1.437419896828942, 54.78658294735942], [-1.4367984441923909, 54.786942274309695], [-1.4367984441923909, 54.787660928210244], [-1.4380413494654931, 54.78837958211079], [-1.4380413494654931, 54.78981688991189], [-1.4386628021020442, 54.790176216862164], [-1.4399057073751464, 54.789457562961616], [-1.4411486126482487, 54.789457562961616], [-1.442391517921351, 54.790176216862164], [-1.4436344231944531, 54.790176216862164], [-1.4454987811041065, 54.78909823601134], [-1.4436344231944531, 54.78802025516052], [-1.442391517921351, 54.78873890906107], [-1.4411486126482487, 54.78873890906107], [-1.4405271600116976, 54.78837958211079], [-1.4411486126482487, 54.78802025516052], [-1.442391517921351, 54.78802025516052], [-1.4442558758310042, 54.786942274309695], [-1.4442558758310042, 54.786223620409146], [-1.4436344231944531, 54.78586429345887], [-1.4411486126482487, 54.78586429345887], [-1.4405271600116976, 54.7855049665086], [-1.4405271600116976, 54.78478631260805], [-1.4411486126482487, 54.784426985657774], [-1.442391517921351, 54.784426985657774], [-1.4436344231944531, 54.78514563955832], [-1.4448773284675553, 54.78514563955832], [-1.4454987811041065, 54.78478631260805], [-1.4442558758310042, 54.7840676587075], [-1.4448773284675553, 54.783708331757225], [-1.4473631390137598, 54.783708331757225], [-1.448606044286862, 54.784426985657774], [-1.4498489495599642, 54.784426985657774], [-1.4504704021965154, 54.78478631260805], [-1.4504704021965154, 54.7855049665086], [-1.4510918548330665, 54.78586429345887], [-1.4517133074696176, 54.7855049665086], [-1.4517133074696176, 54.78478631260805], [-1.4523347601061687, 54.784426985657774], [-1.453577665379271, 54.784426985657774], [-1.454199118015822, 54.78478631260805], [-1.454199118015822, 54.786223620409146], [-1.4548205706523731, 54.78658294735942], [-1.4573063811985776, 54.78658294735942], [-1.4579278338351287, 54.786942274309695], [-1.4579278338351287, 54.787660928210244], [-1.4585492864716798, 54.78802025516052], [-1.459792191744782, 54.78802025516052], [-1.4604136443813331, 54.78837958211079], [-1.4604136443813331, 54.78909823601134], [-1.4616565496544354, 54.78981688991189], [-1.4616565496544354, 54.79125419771299], [-1.4635209075640887, 54.79233217856381], [-1.464763812837191, 54.79233217856381], [-1.465385265473742, 54.792691505514085], [-1.465385265473742, 54.793410159414634], [-1.4684925286564976, 54.795206794166006], [-1.4697354339295998, 54.795206794166006], [-1.470978339202702, 54.79448814026546], [-1.4722212444758043, 54.79448814026546], [-1.4734641497489065, 54.79376948636491], [-1.4771928655682132, 54.79376948636491], [-1.4778143182047643, 54.793410159414634], [-1.4778143182047643, 54.79197285161354], [-1.4790572234778665, 54.79125419771299], [-1.4790572234778665, 54.79053554381244], [-1.4796786761144176, 54.790176216862164], [-1.4827859392971732, 54.79197285161354], [-1.4827859392971732, 54.792691505514085], [-1.4834073919337243, 54.79305083246436], [-1.4852717498433776, 54.79197285161354], [-1.481543034024071, 54.78981688991189], [-1.481543034024071, 54.78837958211079], [-1.482164486660622, 54.78802025516052], [-1.4834073919337243, 54.78802025516052], [-1.4846502972068265, 54.78730160125997], [-1.4858932024799287, 54.78802025516052], [-1.4883790130261332, 54.78802025516052], [-1.4890004656626843, 54.787660928210244], [-1.4890004656626843, 54.786942274309695], [-1.4896219182992354, 54.78658294735942], [-1.4908648235723376, 54.78658294735942], [-1.4921077288454399, 54.78586429345887], [-1.492729181481991, 54.786223620409146], [-1.492729181481991, 54.786942274309695], [-1.4939720867550932, 54.787660928210244], [-1.492729181481991, 54.78837958211079], [-1.493350634118542, 54.78873890906107], [-1.4945935393916443, 54.78873890906107], [-1.4952149920281954, 54.78837958211079], [-1.4952149920281954, 54.786942274309695], [-1.498322255210951, 54.78514563955832], [-1.4995651604840532, 54.78514563955832], [-1.5001866131206043, 54.7855049665086], [-1.5001866131206043, 54.786942274309695], [-1.498943707847502, 54.787660928210244], [-1.4995651604840532, 54.78802025516052], [-1.5020509710302576, 54.78802025516052], [-1.5032938763033599, 54.78873890906107], [-1.5057796868495643, 54.78730160125997], [-1.5070225921226665, 54.78802025516052], [-1.509508402668871, 54.78658294735942], [-1.5107513079419732, 54.78658294735942], [-1.5113727605785243, 54.786942274309695], [-1.5107513079419732, 54.78730160125997], [-1.509508402668871, 54.78730160125997], [-1.5088869500323199, 54.787660928210244], [-1.5088869500323199, 54.78909823601134], [-1.5082654973957688, 54.789457562961616], [-1.5070225921226665, 54.789457562961616], [-1.5064011394861154, 54.78981688991189], [-1.5064011394861154, 54.79197285161354], [-1.5076440447592176, 54.792691505514085], [-1.5076440447592176, 54.79412881331518], [-1.5082654973957688, 54.79448814026546], [-1.510129855305422, 54.793410159414634], [-1.5088869500323199, 54.792691505514085], [-1.5107513079419732, 54.79161352466326], [-1.5119942132150754, 54.79233217856381], [-1.5126156658516265, 54.79197285161354], [-1.5126156658516265, 54.79125419771299], [-1.5132371184881777, 54.79089487076271], [-1.5144800237612799, 54.79089487076271], [-1.515101476397831, 54.79053554381244], [-1.515101476397831, 54.78981688991189], [-1.5169658343074843, 54.78873890906107], [-1.5182087395805866, 54.78873890906107], [-1.5200730974902399, 54.787660928210244], [-1.5200730974902399, 54.786942274309695], [-1.520694550126791, 54.78658294735942], [-1.5219374553998932, 54.78730160125997], [-1.5244232659460977, 54.78730160125997], [-1.5256661712192, 54.78658294735942], [-1.5293948870385066, 54.78658294735942], [-1.53125924494816, 54.787660928210244], [-1.53125924494816, 54.78981688991189], [-1.5300163396750577, 54.79053554381244], [-1.5300163396750577, 54.792691505514085], [-1.5306377923116088, 54.79305083246436], [-1.531880697584711, 54.79305083246436], [-1.5331236028578132, 54.79376948636491], [-1.5343665081309155, 54.79376948636491], [-1.5356094134040177, 54.79305083246436], [-1.5362308660405688, 54.793410159414634], [-1.5362308660405688, 54.79412881331518], [-1.5337450554943644, 54.79556612111628], [-1.5337450554943644, 54.79628477501683], [-1.5331236028578132, 54.796644101967104], [-1.5293948870385066, 54.796644101967104], [-1.5287734344019555, 54.79628477501683], [-1.5287734344019555, 54.79556612111628], [-1.5281519817654043, 54.795206794166006], [-1.5225589080364443, 54.798440736718476], [-1.5225589080364443, 54.799159390619025], [-1.5213160027633421, 54.79987804451957], [-1.5213160027633421, 54.80347131402232], [-1.5219374553998932, 54.80383064097259], [-1.5231803606729954, 54.80311198707204], [-1.5244232659460977, 54.80311198707204], [-1.5256661712192, 54.802393333171494], [-1.5269090764923021, 54.802393333171494], [-1.5300163396750577, 54.804189967922866], [-1.5300163396750577, 54.805627275723964], [-1.5293948870385066, 54.80598660267424], [-1.5256661712192, 54.80383064097259], [-1.5250447185826488, 54.804189967922866], [-1.5250447185826488, 54.804908621823415], [-1.526287623855751, 54.805627275723964], [-1.526287623855751, 54.80634592962451], [-1.5281519817654043, 54.80670525657479], [-1.5293948870385066, 54.807423910475336], [-1.531880697584711, 54.807423910475336], [-1.5325021502212621, 54.80778323742561], [-1.5325021502212621, 54.80850189132616], [-1.5331236028578132, 54.808861218276434], [-1.5356094134040177, 54.808861218276434], [-1.537473771313671, 54.80993919912726], [-1.5399595818598755, 54.8120951608289], [-1.5393381292233244, 54.812544319516746], [-1.5398042187007377, 54.81353246863], [-1.5405810344964266, 54.81317314167973], [-1.5412024871329777, 54.81353246863], [-1.5405810344964266, 54.813981627317844], [-1.5405810344964266, 54.81595792554435], [-1.5412024871329777, 54.816407084232196], [-1.54244539240608, 54.817125738132745], [-1.54244539240608, 54.817844392033294], [-1.543066845042631, 54.81820371898357], [-1.5443097503157333, 54.81820371898357], [-1.5449312029522844, 54.81856304593384], [-1.5449312029522844, 54.81928169983439], [-1.5461741082253866, 54.82000035373494], [-1.5461741082253866, 54.82215631543659], [-1.5467955608619377, 54.82251564238686], [-1.5474170134984888, 54.82215631543659], [-1.5474170134984888, 54.82071900763549], [-1.54803846613504, 54.820359680685215], [-1.5492813714081421, 54.820359680685215], [-1.5517671819543466, 54.82179698848631], [-1.554252992500551, 54.82179698848631], [-1.5554958977736533, 54.82107833458576], [-1.5573602556833066, 54.82215631543659], [-1.5573602556833066, 54.822874969337136], [-1.559846066229511, 54.82431227713823], [-1.559846066229511, 54.82503093103878], [-1.5586031609564088, 54.82574958493933], [-1.5586031609564088, 54.82718689274043], [-1.5573602556833066, 54.82790554664098], [-1.5573602556833066, 54.828624200541526], [-1.5561173504102044, 54.829342854442075], [-1.5561173504102044, 54.83078016224317], [-1.5573602556833066, 54.83149881614372], [-1.5573602556833066, 54.83293612394482], [-1.5579817083198577, 54.83329545089509], [-1.5617104241391644, 54.83329545089509], [-1.5629533294122666, 54.832576796994545], [-1.5641962346853688, 54.832576796994545], [-1.5673034978681244, 54.83437343174592], [-1.5673034978681244, 54.83796670124866], [-1.5660605925950222, 54.83868535514921], [-1.5660605925950222, 54.83940400904976], [-1.56481768732192, 54.84012266295031], [-1.56481768732192, 54.841559970751405], [-1.565439139958471, 54.84191929770168], [-1.57041076105088, 54.839044682099484], [-1.5728965715970844, 54.839044682099484], [-1.5735180242336355, 54.83868535514921], [-1.5735180242336355, 54.83796670124866], [-1.5741394768701866, 54.837607374298386], [-1.5753823821432889, 54.837607374298386], [-1.57600383477984, 54.83724804734811], [-1.5735180242336355, 54.835810739547014], [-1.5735180242336355, 54.835092085646465], [-1.5753823821432889, 54.83401410479564], [-1.576625287416391, 54.83401410479564], [-1.5784896453260444, 54.835092085646465], [-1.5784896453260444, 54.835810739547014], [-1.5797325505991466, 54.83652939344756], [-1.5797325505991466, 54.83724804734811], [-1.5803540032356977, 54.837607374298386], [-1.5853256243281066, 54.837607374298386], [-1.587811434874311, 54.83617006649729], [-1.5884328875108622, 54.83652939344756], [-1.58718998223776, 54.83724804734811], [-1.58718998223776, 54.83796670124866], [-1.5840827190550044, 54.83976333600003], [-1.5828398137819022, 54.83976333600003], [-1.582218361145351, 54.84012266295031], [-1.582218361145351, 54.841559970751405], [-1.5828398137819022, 54.84191929770168], [-1.5840827190550044, 54.84191929770168], [-1.5859470769646578, 54.8429972785525], [-1.5859470769646578, 54.84371593245305], [-1.5847041716915555, 54.8444345863536], [-1.5847041716915555, 54.84515324025415], [-1.5853256243281066, 54.84551256720442], [-1.5865685296012089, 54.84551256720442], [-1.587811434874311, 54.84623122110497], [-1.5890543401474133, 54.84623122110497], [-1.5896757927839644, 54.84659054805525], [-1.5896757927839644, 54.847309201955795], [-1.5909186980570666, 54.848027855856344], [-1.5909186980570666, 54.84874650975689], [-1.593404508603271, 54.85018381755799], [-1.59278305596672, 54.850543144508265], [-1.5915401506936178, 54.849824490607716], [-1.5902972454205155, 54.849824490607716], [-1.5884328875108622, 54.85090247145854], [-1.5884328875108622, 54.85162112535909], [-1.5890543401474133, 54.85198045230936], [-1.5915401506936178, 54.85198045230936], [-1.59278305596672, 54.85269910620991], [-1.5940259612398222, 54.85269910620991], [-1.5958903191494755, 54.853777087060735], [-1.5946474138763733, 54.85449574096128], [-1.5958903191494755, 54.85521439486183], [-1.5958903191494755, 54.85593304876238], [-1.5977546770591289, 54.857011029613204], [-1.598997582332231, 54.857011029613204], [-1.5996190349687822, 54.85665170266293], [-1.5996190349687822, 54.85593304876238], [-1.6002404876053333, 54.85557372181211], [-1.6014833928784356, 54.85557372181211], [-1.6033477507880889, 54.85665170266293], [-1.6021048455149867, 54.85737035656348], [-1.6027262981515378, 54.85772968351375], [-1.60396920342464, 54.85772968351375], [-1.6052121086977422, 54.8584483374143], [-1.6064550139708444, 54.8584483374143], [-1.6070764666073956, 54.85808901046403], [-1.6070764666073956, 54.85737035656348], [-1.6076979192439467, 54.857011029613204], [-1.6095622771536, 54.85808901046403], [-1.6095622771536, 54.858807664364576], [-1.6083193718804978, 54.859526318265125], [-1.6083193718804978, 54.86096362606622], [-1.608940824517049, 54.8613229530165], [-1.6095622771536, 54.86096362606622], [-1.6095622771536, 54.860244972165674], [-1.6101837297901511, 54.8598856452154], [-1.6108051824267022, 54.860244972165674], [-1.6108051824267022, 54.86096362606622], [-1.6095622771536, 54.86168227996677], [-1.6108051824267022, 54.86240093386732], [-1.6108051824267022, 54.86671285727061], [-1.6120480876998045, 54.86743151117116], [-1.6120480876998045, 54.86815016507171], [-1.6114266350632533, 54.868509492021985], [-1.6101837297901511, 54.86779083812144], [-1.608940824517049, 54.86779083812144], [-1.6070764666073956, 54.86886881897226], [-1.6076979192439467, 54.869228145922534], [-1.6101837297901511, 54.869228145922534], [-1.6120480876998045, 54.87030612677336], [-1.6120480876998045, 54.871024780673906], [-1.6126695403363556, 54.87138410762418], [-1.61515535088256, 54.87138410762418], [-1.6157768035191111, 54.871743434574455], [-1.6157768035191111, 54.872462088475004], [-1.614533898246009, 54.87318074237555], [-1.614533898246009, 54.8738993962761], [-1.6132909929729067, 54.87461805017665], [-1.6132909929729067, 54.8753367040772], [-1.6126695403363556, 54.87569603102747], [-1.6101837297901511, 54.87569603102747], [-1.6095622771536, 54.87605535797775], [-1.6095622771536, 54.877492665778846], [-1.6108051824267022, 54.878211319679394], [-1.6108051824267022, 54.87892997357994], [-1.6101837297901511, 54.87928930053022], [-1.6095622771536, 54.87892997357994], [-1.6095622771536, 54.878211319679394], [-1.608940824517049, 54.87785199272912], [-1.6083193718804978, 54.878211319679394], [-1.6083193718804978, 54.87964862748049], [-1.6132909929729067, 54.88252324308269], [-1.6120480876998045, 54.883241896983236], [-1.6120480876998045, 54.884679204784334], [-1.6101837297901511, 54.88575718563516], [-1.608940824517049, 54.88503853173461], [-1.6064550139708444, 54.886475839535706], [-1.6052121086977422, 54.88575718563516], [-1.6045906560611911, 54.88611651258543], [-1.6045906560611911, 54.889709782088175], [-1.6052121086977422, 54.89006910903845], [-1.6064550139708444, 54.89006910903845], [-1.6070764666073956, 54.889709782088175], [-1.6070764666073956, 54.88899112818763], [-1.6076979192439467, 54.88863180123735], [-1.6101837297901511, 54.88863180123735], [-1.6108051824267022, 54.88899112818763], [-1.6095622771536, 54.889709782088175], [-1.6095622771536, 54.89114708988927], [-1.608940824517049, 54.89150641683955], [-1.6076979192439467, 54.89150641683955], [-1.6070764666073956, 54.89186574378982], [-1.6070764666073956, 54.89258439769037], [-1.6083193718804978, 54.89330305159092], [-1.6076979192439467, 54.893662378541194], [-1.6064550139708444, 54.892943724640645], [-1.6052121086977422, 54.892943724640645], [-1.6045906560611911, 54.89330305159092], [-1.6045906560611911, 54.89474035939202], [-1.6058335613342933, 54.895459013292566], [-1.6033477507880889, 54.896896321093664], [-1.60396920342464, 54.89725564804394], [-1.6101837297901511, 54.89725564804394], [-1.6126695403363556, 54.898692955845036], [-1.6139124456094578, 54.898692955845036], [-1.614533898246009, 54.89905228279531], [-1.614533898246009, 54.90048959059641], [-1.6132909929729067, 54.90120824449696], [-1.6132909929729067, 54.902645552298054], [-1.6139124456094578, 54.90300487924833], [-1.6157768035191111, 54.901926898397505], [-1.6157768035191111, 54.90120824449696], [-1.6163982561556622, 54.90084891754668], [-1.6182626140653156, 54.901926898397505], [-1.6170197087922134, 54.902645552298054], [-1.6170197087922134, 54.9033642061986], [-1.6188840667018667, 54.904442187049426], [-1.6195055193384178, 54.9048015139997], [-1.6176411614287645, 54.905879494850524], [-1.6163982561556622, 54.905879494850524], [-1.6157768035191111, 54.9062388218008], [-1.6157768035191111, 54.90695747570135], [-1.61515535088256, 54.90731680265162], [-1.6101837297901511, 54.90731680265162], [-1.6095622771536, 54.907676129601896], [-1.6095622771536, 54.90983209130354], [-1.6101837297901511, 54.91019141825382], [-1.6163982561556622, 54.91019141825382], [-1.6170197087922134, 54.91055074520409], [-1.6170197087922134, 54.913425360806286], [-1.6163982561556622, 54.91378468775656], [-1.61515535088256, 54.91378468775656], [-1.614533898246009, 54.914144014706835], [-1.614533898246009, 54.914862668607384], [-1.6139124456094578, 54.91522199555766], [-1.6126695403363556, 54.91522199555766], [-1.6120480876998045, 54.91558132250793], [-1.6120480876998045, 54.91917459201068], [-1.6132909929729067, 54.919893245911226], [-1.6132909929729067, 54.92276786151342], [-1.6126695403363556, 54.923127188463695], [-1.6101837297901511, 54.923127188463695], [-1.6076979192439467, 54.9216898806626], [-1.6064550139708444, 54.9216898806626], [-1.6058335613342933, 54.92204920761287], [-1.6058335613342933, 54.92492382321507], [-1.6070764666073956, 54.925642477115616], [-1.6070764666073956, 54.927079784916714], [-1.6058335613342933, 54.92779843881726], [-1.6058335613342933, 54.92851709271781], [-1.6052121086977422, 54.928876419668086], [-1.6045906560611911, 54.92851709271781], [-1.6045906560611911, 54.927079784916714], [-1.60396920342464, 54.92672045796644], [-1.6027262981515378, 54.92743911186699], [-1.6014833928784356, 54.92743911186699], [-1.6008619402418844, 54.927079784916714], [-1.6008619402418844, 54.926361131016165], [-1.6002404876053333, 54.92600180406589], [-1.5996190349687822, 54.926361131016165], [-1.5996190349687822, 54.92851709271781], [-1.598997582332231, 54.928876419668086], [-1.5977546770591289, 54.928876419668086], [-1.5971332244225778, 54.92923574661836], [-1.5971332244225778, 54.92995440051891], [-1.59837612969568, 54.93067305441946], [-1.59837612969568, 54.93139170832001], [-1.5952688665129244, 54.93318834307138], [-1.5940259612398222, 54.93246968917083], [-1.5921616033301689, 54.93354767002165], [-1.5921616033301689, 54.9357036317233], [-1.5915401506936178, 54.936062958673574], [-1.5902972454205155, 54.935344304773025], [-1.587811434874311, 54.935344304773025], [-1.58718998223776, 54.9357036317233], [-1.58718998223776, 54.93642228562385], [-1.587811434874311, 54.93678161257412], [-1.5890543401474133, 54.936062958673574], [-1.5896757927839644, 54.93642228562385], [-1.5896757927839644, 54.9371409395244], [-1.5909186980570666, 54.937859593424946], [-1.5909186980570666, 54.938578247325495], [-1.5915401506936178, 54.93893757427577], [-1.59278305596672, 54.93893757427577], [-1.5952688665129244, 54.93750026647467], [-1.5958903191494755, 54.937859593424946], [-1.5958903191494755, 54.938578247325495], [-1.59837612969568, 54.94001555512659], [-1.5958903191494755, 54.94145286292769], [-1.5965117717860267, 54.941812189877965], [-1.598997582332231, 54.941812189877965], [-1.5996190349687822, 54.94217151682824], [-1.598997582332231, 54.94253084377851], [-1.5977546770591289, 54.94253084377851], [-1.5958903191494755, 54.94360882462934], [-1.5958903191494755, 54.944327478529885], [-1.5965117717860267, 54.94468680548016], [-1.5977546770591289, 54.94396815157961], [-1.59837612969568, 54.944327478529885], [-1.5971332244225778, 54.945046132430434], [-1.5971332244225778, 54.94576478633098], [-1.5958903191494755, 54.94648344023153], [-1.5958903191494755, 54.94720209413208], [-1.5965117717860267, 54.947561421082355], [-1.5977546770591289, 54.947561421082355], [-1.5996190349687822, 54.94863940193318], [-1.5996190349687822, 54.951514017535374], [-1.598997582332231, 54.95187334448565], [-1.5977546770591289, 54.95187334448565], [-1.5971332244225778, 54.95223267143592], [-1.5971332244225778, 54.95295132533647], [-1.59837612969568, 54.95366997923702], [-1.59837612969568, 54.95582594093867], [-1.5996190349687822, 54.956544594839215], [-1.59837612969568, 54.957263248739764], [-1.59837612969568, 54.95798190264031], [-1.598997582332231, 54.95834122959059], [-1.6002404876053333, 54.95834122959059], [-1.6008619402418844, 54.95870055654086], [-1.6008619402418844, 54.96013786434196], [-1.6021048455149867, 54.96085651824251], [-1.6021048455149867, 54.9637311338447], [-1.6008619402418844, 54.96444978774525], [-1.6008619402418844, 54.9651684416458], [-1.6021048455149867, 54.96588709554635], [-1.6014833928784356, 54.966246422496624], [-1.6002404876053333, 54.966246422496624], [-1.59837612969568, 54.96732440334745], [-1.59837612969568, 54.968043057247996], [-1.5971332244225778, 54.968761711148545], [-1.5971332244225778, 54.969480365049094], [-1.5965117717860267, 54.96983969199937], [-1.59278305596672, 54.96992952373694], [-1.5915401506936178, 54.96992952373694], [-1.5890543401474133, 54.96983969199937], [-1.5882775243517244, 54.969480365049094], [-1.5865685296012089, 54.96849221593584], [-1.5847041716915555, 54.96732440334745], [-1.5791110979625955, 54.964180292532546], [-1.5691678557777777, 54.964180292532546], [-1.5679249505046755, 54.96409046079498], [-1.5671481347089866, 54.9637311338447], [-1.5641962346853688, 54.96274298473145], [-1.5629533294122666, 54.96265315299388], [-1.5623318767757155, 54.962293826043606], [-1.55922461359296, 54.9605870230298], [-1.5559619872510666, 54.95870055654086], [-1.5505242766812444, 54.959149715228705], [-1.5475723766576266, 54.96013786434196], [-1.5467955608619377, 54.960497191292234], [-1.5443097503157333, 54.9605870230298], [-1.5351433239266044, 54.9637311338447], [-1.5339004186535021, 54.96732440334745], [-1.5326575133804, 54.97666690405458], [-1.5314146081072977, 54.97882286575623], [-1.5289287975610932, 54.981697481358424], [-1.5244232659460977, 54.98430260174791], [-1.520694550126791, 54.98573990954901], [-1.5132371184881777, 54.98645856344956], [-1.474157291773299, 54.98645856344956], [-1.474108748904972, 54.98617205283067], [-1.474086649057036, 54.98607265113952], [-1.474054554962341, 54.98597601228312], [-1.474012799407749, 54.985883138319366], [-1.47396181536076, 54.98579499226765], [-1.473902131480028, 54.98571248812313], [-1.473834366633652, 54.9856364813795], [-1.473759223482062, 54.98556776015825], [-1.473677481192076, 54.98550703703654], [-1.473589987357627, 54.98545494165849], [-1.473497649210992, 54.985412014206226], [-1.473401424215596, 54.985378699798794], [-1.473302310137992, 54.985355343876584], [-1.472720310137992, 54.98524914387658], [-1.47261497370541, 54.98523565466337], [-1.472508800762333, 54.98523341210673], [-1.472402988697791, 54.9852424414976], [-1.471991632522298, 54.98529967717534], [-1.471795203725526, 54.98532705985256], [-1.470856849351693, 54.98529678205604], [-1.469274468443751, 54.985021410940334], [-1.468034842682821, 54.9845797636444], [-1.467127611991043, 54.984209676865056], [-1.467034234262697, 54.98417687479064], [-1.46693807137327, 54.98415346379036], [-1.466840065274446, 54.98413967318377], [-1.465616284208619, 54.984028879344436], [-1.463818660944269, 54.983549117960514], [-1.463729800633607, 54.983529684057636], [-1.463639542040198, 54.98351840497488], [-1.462584942040198, 54.98343510497488], [-1.462488040680435, 54.98343216489404], [-1.462391309991356, 54.98343862178103], [-1.462295659098047, 54.98345441495071], [-1.459665219052774, 54.98402092854465], [-1.45822974551761, 54.984263818467866], [-1.451288838630394, 54.98543840580874], [-1.450065343032156, 54.98563171123077], [-1.450041400323302, 54.98561256150978], [-1.449960364627241, 54.98555971847296], [-1.44987460194518, 54.985514953163374], [-1.449784914944691, 54.98547868454719], [-1.44969214302171, 54.98545125206857], [-1.449597154444489, 54.98543291247276], [-1.449500838227326, 54.985423837403175], [-1.449404095810124, 54.985424111794934], [-1.44930783262167, 54.98543373307995], [-1.44903083262167, 54.98547503307995], [-1.44891995699158, 54.985498046745775], [-1.44875205699158, 54.985542946745774], [-1.448623411203392, 54.98558691558342], [-1.448488311203392, 54.98564361558342], [-1.448417237013394, 54.985676780262175], [-1.448348980568724, 54.98571541307415], [-1.448182580568724, 54.985818413074156], [-1.448106635257169, 54.98587040357665], [-1.448035791551194, 54.9859291562108], [-1.447892191551194, 54.9860598562108], [-1.447828128973114, 54.986123693793786], [-1.447770095901827, 54.98619305814737], [-1.447718567004385, 54.98626738192311], [-1.447668867004384, 54.986346481923114], [-1.447619594167806, 54.98643445771747], [-1.447579431517851, 54.98652694833519], [-1.447548787410384, 54.986623013373034], [-1.447527973420987, 54.98672167608465], [-1.447517201176997, 54.9868219333117], [-1.447516580205771, 54.98692276568355], [-1.44752611682107, 54.98702314798172], [-1.447545714058853, 54.9871220595639], [-1.447575172663169, 54.98721849474135], [-1.447614193112103, 54.987311473004304], [-1.44766237866318, 54.98740004899137], [-1.447719239387265, 54.98748332210152], [-1.447784197149941, 54.987560445651006], [-1.447801634065621, 54.98757735158826], [-1.447745493889037, 54.987640460342305], [-1.447382198302724, 54.9879777606381], [-1.447301447080846, 54.9880620275417], [-1.447085369211931, 54.98831561262473], [-1.446828070121982, 54.98840563649531], [-1.44673262850932, 54.9884223104476], [-1.446635879244451, 54.98844944979833], [-1.446542342033594, 54.9884861615784], [-1.446452961318655, 54.98853207511026], [-1.446368639573549, 54.988586726806595], [-1.446277639573549, 54.988652426806595], [-1.44619910704435, 54.98871537238388], [-1.446127299421395, 54.98878589308387], [-1.446062944080277, 54.988863274566874], [-1.446006692908672, 54.98894673299685], [-1.445959115703038, 54.98903542298133], [-1.445920694396863, 54.98912844613476], [-1.445891818178916, 54.98922486017875], [-1.445872779550956, 54.98932368848688], [-1.445863771364839, 54.98942392997741], [-1.445864119746802, 54.98945541697961], [-1.44584156669345, 54.989477228301816], [-1.44528656669345, 54.99006852830181], [-1.445222856437363, 54.99014347479115], [-1.445166817714177, 54.99022431806234], [-1.445124703096618, 54.99030001243725], [-1.445051196371692, 54.99034126779773], [-1.444706096371692, 54.99055746779773], [-1.444698350411219, 54.99056282427458], [-1.444479467065981, 54.990457958522526], [-1.444400870053881, 54.99042435415923], [-1.444319690326744, 54.9903975848588], [-1.444110490326744, 54.9903383848588], [-1.44400564229331, 54.990314718121475], [-1.443937186985685, 54.9903068479206], [-1.443916877549964, 54.990299035089365], [-1.443825741775243, 54.990273559803114], [-1.44373260603754, 54.99025681304205], [-1.44354680603754, 54.99023241304205], [-1.443452463109908, 54.990224543288235], [-1.443357798758399, 54.99022563028996], [-1.443263661414255, 54.99023566430494], [-1.443170894785399, 54.99025455540311], [-1.443080330294694, 54.990282134272604], [-1.442992779628291, 54.99031815373723], [-1.442909027460878, 54.99036229097177], [-1.442829824423016, 54.99041415039534], [-1.442755880373596, 54.99047326721676], [-1.442687858037715, 54.99053911160027], [-1.442626367066989, 54.990611093414216], [-1.442571958575535, 54.99068856752006], [-1.442525120200602, 54.990770839554514], [-1.442469420200603, 54.990880439554516], [-1.442429815355903, 54.9909686967852], [-1.442408750514227, 54.99103120630046], [-1.442390299502535, 54.991062300054374], [-1.442347164566565, 54.991155706747215], [-1.442313855404554, 54.991253051149705], [-1.442290724608406, 54.99135330282918], [-1.442278017027611, 54.991455400578225], [-1.442275867177415, 54.991558263647946], [-1.442284297814913, 54.991660803188225], [-1.442303219698157, 54.991761933773624], [-1.442367019698157, 54.99202673377363], [-1.442394237976426, 54.992119680033014], [-1.442430319848989, 54.99220955739545], [-1.442474926873589, 54.99229552282549], [-1.442527640643392, 54.99237676998101], [-1.4425615504259, 54.9924238711537], [-1.440814824535752, 54.9931099182963], [-1.440744095110459, 54.99314090110949], [-1.440675967190729, 54.99317724905123], [-1.440570867190729, 54.99323864905123], [-1.44049304606052, 54.99328909301973], [-1.440420232734732, 54.99334652943548], [-1.440353053460557, 54.99341046430379], [-1.440292086028276, 54.99348034773865], [-1.440237854801842, 54.99355557869202], [-1.440210378895066, 54.993597680556775], [-1.440184513391614, 54.993625773997174], [-1.440125175893639, 54.99370456981433], [-1.44007388997307, 54.99378882818968], [-1.440031154627527, 54.993877729312885], [-1.439997385659934, 54.99397040820096], [-1.439972911632871, 54.99406596311431], [-1.439957970671757, 54.994163464330434], [-1.439952708147951, 54.99426196318987], [-1.439957175264334, 54.99436050132633], [-1.439971328557117, 54.9944581199914], [-1.439995030318731, 54.99455386938284], [-1.440028049937684, 54.99464681788595], [-1.440070066142348, 54.994736061137864], [-1.440120670126839, 54.994820730826774], [-1.440179369528583, 54.99490000314036], [-1.440214669796943, 54.99493897073836], [-1.440187124386376, 54.994972595991804], [-1.440129124413404, 54.99505088840147], [-1.440079019168147, 54.99513445372128], [-1.440037284334684, 54.99522249860728], [-1.440004316130931, 54.995314187187915], [-1.439980427547067, 54.995408648999444], [-1.4399658453741, 54.99550498724994], [-1.43996070805078, 54.99560228733311], [-1.439965064349305, 54.99569962551133], [-1.439968112413237, 54.99572091609696], [-1.439779094527889, 54.99604903242613], [-1.439771072628073, 54.99606322384002], [-1.439710776320772, 54.99617195242404], [-1.439706938349845, 54.99617392166269], [-1.439624535075026, 54.996226986112944], [-1.43954772223418, 54.99628786240606], [-1.439477237701871, 54.9963559657561], [-1.439413758562072, 54.99643064195306], [-1.439357894604008, 54.996511173647264], [-1.439310182464433, 54.996596787240335], [-1.439244782464433, 54.99672898724033], [-1.439210567548384, 54.996806190556526], [-1.439182988270889, 54.99688600531684], [-1.439162241300123, 54.996967862361224], [-1.439118841300123, 54.99717556236123], [-1.439106805352484, 54.99724546049048], [-1.439018484799242, 54.99789546555798], [-1.438972546055359, 54.997958989375356], [-1.438922097261959, 54.99804598662242], [-1.43888064151093, 54.99813761097759], [-1.43882324151093, 54.99828361097759], [-1.438791876993656, 54.99837653162223], [-1.438769765193593, 54.998472077671025], [-1.438757118781572, 54.99856933016409], [-1.438754059390521, 54.99866735372896], [-1.438760616445599, 54.99876520557704], [-1.438776726881188, 54.99886194457129], [-1.438802235747452, 54.99895664027808], [-1.438836897700649, 54.99904838191609], [-1.438880379362836, 54.99913628711615], [-1.438904898426021, 54.999175616966795], [-1.438866523133996, 54.999195849155676], [-1.438782516524317, 54.99925161825199], [-1.438704553191279, 54.999315563707455], [-1.43863342581168, 54.99938703536928], [-1.438569857559108, 54.99946530656346], [-1.438514494751222, 54.99954958148307], [-1.438467900278441, 54.99963900327951], [-1.438430547880869, 54.99973266277433], [-1.438324047880869, 55.00004456277433], [-1.438297513965007, 55.000136414974726], [-1.438279873079179, 55.00023038132272], [-1.438271286476523, 55.00032560288364], [-1.438271832646105, 55.000421209249055], [-1.438281506595456, 55.00051632649309], [-1.438300219896211, 55.00061008516087], [-1.438327801492419, 55.00070162821609], [-1.438363999264145, 55.0007901188751], [-1.438408482332069, 55.0008747482558], [-1.438460844082007, 55.00095474277156], [-1.438520605881729, 55.00102937120249], [-1.438587221456068, 55.00109795137939], [-1.43866008188036, 55.00115985641943], [-1.438738521146542, 55.00121452045632], [-1.438821822251058, 55.00126144381293], [-1.439275436594137, 55.00148911677464], [-1.43932336902494, 55.00165689653074], [-1.43933366213497, 55.00168617556653], [-1.439364168179122, 55.00195435637967], [-1.439356133859359, 55.00200306549155], [-1.439281658210664, 55.002192777555116], [-1.439263048045551, 55.00224428761383], [-1.439166016037449, 55.00253776832307], [-1.439066868513512, 55.00274161008557], [-1.438946746118189, 55.0029876130736], [-1.438736935199404, 55.0033012472324], [-1.438457738763042, 55.003583663058485], [-1.438419221675807, 55.00358358965036], [-1.438326840165998, 55.003592009577154], [-1.438235636367704, 55.00360895377081], [-1.438146395111364, 55.003634276422495], [-1.437116495111364, 55.003978876422494], [-1.437024555184017, 55.00401477538361], [-1.436936601991021, 55.00405956289852], [-1.436853492344734, 55.004112802661325], [-1.436776035873204, 55.004173976027], [-1.43670498713303, 55.00424248706384], [-1.436660679941157, 55.00429457667604], [-1.436071598207915, 55.00447101450276], [-1.43541521427972, 55.00462385532134], [-1.435368770919865, 55.004635851004586], [-1.433784903715905, 55.005085727849675], [-1.432879565454978, 55.00530796575201], [-1.432813606374069, 55.005313217279465], [-1.432723627627118, 55.00532873586743], [-1.432635439437758, 55.005352396905714], [-1.431685663914727, 55.005654331420075], [-1.430570725866042, 55.00591480758282], [-1.429402898422311, 55.006173452595675], [-1.429085206066242, 55.00624256261707], [-1.429040214113019, 55.00624062553527], [-1.428990984414673, 55.00624101274465], [-1.428982338663898, 55.00622736368553], [-1.4289239461552, 55.00615211396846], [-1.428858659259199, 55.00608276105791], [-1.428787070272, 55.0060199341377], [-1.42870982866357, 55.00596420318653], [-1.428627635185613, 55.005916073807015], [-1.428541235514212, 55.00587598263875], [-1.428451413484895, 55.005844293397026], [-1.428358983981526, 55.005821293573156], [-1.428264785543507, 55.005807191826236], [-1.427914019929856, 55.0057716587952], [-1.427771569948026, 55.00574520713282], [-1.427670410680761, 55.00573171935854], [-1.427568403511698, 55.00572861213016], [-1.427451903511697, 55.00573101213016], [-1.427357229076163, 55.00573746591012], [-1.427263592643772, 55.00575286456424], [-1.427171837401238, 55.005777069429186], [-1.427082789595345, 55.00580986254256], [-1.426997251092683, 55.005850948605676], [-1.426915992158915, 55.005899957642626], [-1.42686053561586, 55.00594104453391], [-1.426803103966538, 55.00597447082723], [-1.426727368751356, 55.00602856109113], [-1.426656990127578, 55.00608945796118], [-1.426592577685246, 55.00615663397431], [-1.426517126261885, 55.00624303505544], [-1.426164774334683, 55.00663066511021], [-1.426144136148046, 55.00657315081257], [-1.42611022657299, 55.00649047344287], [-1.426069071626202, 55.00641115335022], [-1.425949871626202, 55.00620455335022], [-1.425909028952282, 55.006139647788], [-1.425863332637627, 55.00607806286413], [-1.425700032637627, 55.005874762864124], [-1.425661613709402, 55.00582973087588], [-1.425256613709402, 55.00538253087588], [-1.425176545677969, 55.00530354244921], [-1.424827145677969, 55.00499564244922], [-1.424745670978001, 55.00493104936506], [-1.424337170978001, 55.00464044936506], [-1.424266473880505, 55.00459451803634], [-1.423827773880505, 55.00433511803634], [-1.423818432339511, 55.00432966243136], [-1.423402332339511, 55.00408966243136], [-1.423369614102551, 55.004071597325094], [-1.423060714102551, 55.00390849732509], [-1.423033183364616, 55.00389450035127], [-1.422614683364616, 55.003689800351275], [-1.422563429426811, 55.00366649512369], [-1.422215340109033, 55.00351989899463], [-1.421964167156339, 55.00338031174941], [-1.421908854184164, 55.003351787571916], [-1.421168654184164, 55.00299878757191], [-1.42108337885072, 55.00296286307424], [-1.420957693578263, 55.002916638043864], [-1.4207984474119, 55.002820799120805], [-1.420708972943729, 55.0027729582908], [-1.420615111269949, 55.00273443022745], [-1.420095654692013, 55.00255140774293], [-1.419857849001434, 55.00245968944477], [-1.419752402701923, 55.002425601625866], [-1.419279502701924, 55.00230120162587], [-1.419195877626333, 55.0022829904028], [-1.418915477626333, 55.0022343904028], [-1.418832813776422, 55.00222358958323], [-1.418749537538427, 55.00221971170096], [-1.418604837538427, 55.00221901170096], [-1.41849270065818, 55.002224773239526], [-1.418381916594647, 55.002243069865045], [-1.41827388209948, 55.00227367089595], [-1.41822808209948, 55.00228947089595], [-1.418134784488375, 55.002327005624274], [-1.418045728552192, 55.00237372114951], [-1.417601073435103, 55.00263629226136], [-1.417170085731815, 55.00286881397538], [-1.417121044149174, 55.00289709306908], [-1.417043832081864, 55.00294457799993], [-1.416630593508154, 55.00319673164322], [-1.41627866445178, 55.00339045840508], [-1.416266381627643, 55.00339733282425], [-1.415696743688551, 55.00372143207044], [-1.415419332951487, 55.00387235959319], [-1.415288064428014, 55.00353353819675], [-1.415245355213847, 55.00343836198731], [-1.415192963160428, 55.003348153004616], [-1.415131458428877, 55.003263892955864], [-1.415059175340766, 55.00317500277197], [-1.414943131300437, 55.00296523365821], [-1.414917678653804, 55.00292183804782], [-1.414801113258942, 55.002734087119364], [-1.414764775378046, 55.00264694099787], [-1.414711469188497, 55.00253816501078], [-1.414645401677465, 55.00243663250763], [-1.414575383084995, 55.00234209263594], [-1.414562120577096, 55.00228811076147], [-1.414529152516402, 55.00218047773617], [-1.414484296411088, 55.00207723195671], [-1.414428120667006, 55.00197968172894], [-1.414281420667006, 55.001755181728946], [-1.414212287214253, 55.001661734826286], [-1.414010387214252, 55.001419634826284], [-1.413936955239787, 55.001340660621814], [-1.413858462052732, 55.001272665443956], [-1.413632382028691, 55.000970800489384], [-1.413559621036976, 55.00083175496116], [-1.413514502872852, 55.00075421393363], [-1.413429868025497, 55.000622707062504], [-1.413315612040074, 55.00030287997447], [-1.413283382566284, 55.0002235579386], [-1.413244485926495, 55.00014728359317], [-1.41319920726125, 55.00007461608441], [-1.41288720726125, 54.99961861608441], [-1.412829946858146, 54.99954290635255], [-1.412765765801959, 54.99947296702679], [-1.412262081328126, 54.99897386830904], [-1.411803818357823, 54.998421854831214], [-1.411783060235928, 54.998397646116885], [-1.411587360235928, 54.99817664611688], [-1.411488564166168, 54.99807954962961], [-1.411293644539205, 54.99791288793746], [-1.411293508002988, 54.997912652986706], [-1.41123624422714, 54.99782501924375], [-1.411170132916938, 54.99774385208541], [-1.411095898573863, 54.997670041007396], [-1.411014354718191, 54.9976043948915], [-1.410930055279036, 54.99754351763308], [-1.410838815405568, 54.997444875279314], [-1.41077152691746, 54.99737868737118], [-1.410698297948534, 54.99731913824924], [-1.410502652390215, 54.997174828704274], [-1.41048798884894, 54.99715159753901], [-1.410425713854075, 54.99707203675581], [-1.410355728544986, 54.99699916598169], [-1.41027874733823, 54.99693372908831], [-1.409769870073461, 54.9965436755725], [-1.409738606071441, 54.99650489516474], [-1.409670571109416, 54.9964355275047], [-1.409596125289446, 54.99637308995025], [-1.409515971426848, 54.99631817195112], [-1.409476418713644, 54.99629380786309], [-1.409431505873038, 54.9962432055383], [-1.409206352818879, 54.99594084689141], [-1.409144937546419, 54.99586619522637], [-1.409076601233254, 54.99579782231442], [-1.408709601233254, 54.99546452231442], [-1.408644810244136, 54.99541048815742], [-1.408575695262951, 54.99536210756451], [-1.408502748219889, 54.995319724887594], [-1.408434021346306, 54.99528358241729], [-1.408404167593796, 54.99525138566262], [-1.408276207929845, 54.99510782348202], [-1.408216959114247, 54.99504678764473], [-1.408152737432185, 54.99499100797876], [-1.408084007578624, 54.994940888094355], [-1.407741507578624, 54.994712788094354], [-1.40771178473806, 54.99469374176013], [-1.40713678473806, 54.99433944176013], [-1.407104298639236, 54.994320260552726], [-1.406688398639236, 54.99408516055272], [-1.406673155431976, 54.99407671826128], [-1.406378583336277, 54.99391691027238], [-1.405772371987998, 54.993509105194754], [-1.405480128767628, 54.99328346880707], [-1.405381211350828, 54.993216140563256], [-1.404916411350828, 54.992938940563256], [-1.404856676311221, 54.99290602357747], [-1.404538576311221, 54.992744623577465], [-1.404534774329765, 54.99274270466835], [-1.404143374329765, 54.99254620466835], [-1.404012981047851, 54.99249190359991], [-1.403500681047851, 54.99231990359991], [-1.403389685624321, 54.992289619534105], [-1.403207985624321, 54.9922511195341], [-1.403114507213381, 54.99223589714737], [-1.403020007959206, 54.992229586416016], [-1.402925335513905, 54.992232243946894], [-1.402831339083098, 54.99224384590213], [-1.402535139083098, 54.992294745902136], [-1.4024167169444, 54.992322604373555], [-1.4022350169444, 54.992377204373554], [-1.402223884014544, 54.99238115755315], [-1.402198710218062, 54.99231750101529], [-1.402174107633605, 54.99226300987996], [-1.402148733787876, 54.99219569292858], [-1.402109860303205, 54.992106086088235], [-1.402062430292633, 54.99202069915865], [-1.402006896263774, 54.991940346776694], [-1.401943788040897, 54.99186579554698], [-1.401873707710127, 54.99179775672801], [-1.401767707710127, 54.991704456728016], [-1.401701619674804, 54.991651092884155], [-1.401385219674804, 54.991417092884156], [-1.401304802368369, 54.9913634311103], [-1.401219579054509, 54.99131778556372], [-1.401130346275412, 54.99128058287185], [-1.401129443563429, 54.99128025678206], [-1.401129407303767, 54.99128023747422], [-1.401094339105897, 54.99126244013184], [-1.401067839105897, 54.99124964013185], [-1.400971876592975, 54.99120930519272], [-1.400872241027587, 54.99117916443442], [-1.400830751671733, 54.9911712017193], [-1.400814945481561, 54.991161005428225], [-1.400728850667313, 54.99111661932763], [-1.400638865416828, 54.991080771068795], [-1.400516148657732, 54.991038647290985], [-1.400414905226862, 54.99098649898582], [-1.400395489894982, 54.99097759134458], [-1.400358981044405, 54.990949469160896], [-1.400267730835052, 54.990893609087934], [-1.40017103495935, 54.99084781764681], [-1.40008143495935, 54.990811117646814], [-1.400008378932794, 54.9907844617168], [-1.39993347243083, 54.99076356344929], [-1.39983747243083, 54.99074076344929], [-1.39971178134348, 54.99071926811573], [-1.39959288134348, 54.990706668115735], [-1.399483161535634, 54.990701109411184], [-1.399431461055907, 54.99070417866173], [-1.399357235746142, 54.990693906793545], [-1.399305535746142, 54.99068920679354], [-1.399296459151834, 54.99068842331893], [-1.399213259151833, 54.99068162331893], [-1.399106167399188, 54.990678628569086], [-1.399055467399188, 54.99067992856909], [-1.398955403673851, 54.99068753123545], [-1.398892935103823, 54.99069865526859], [-1.398868745499982, 54.99069910097523], [-1.398828494834564, 54.99070396239816], [-1.398818988416092, 54.99070401574506], [-1.398764332391945, 54.990705817744384], [-1.398737832391945, 54.99070741774439], [-1.398630781209426, 54.990719697153715], [-1.398576809067278, 54.99073188045564], [-1.398555627200373, 54.990729613131386], [-1.398466133934878, 54.99072808277884], [-1.398376862312924, 54.99073456074625], [-1.398330294437816, 54.99074217019291], [-1.398290922287208, 54.9907389763678], [-1.398270335648794, 54.990726544851334], [-1.398186549195771, 54.99068605437846], [-1.398099361672921, 54.99065352771305], [-1.398009528093509, 54.99062924652458], [-1.397966528093509, 54.99061974652457], [-1.39787747798354, 54.990604256106174], [-1.397787392930262, 54.99059686974555], [-1.397697008917312, 54.99059764778833], [-1.397679661591003, 54.99059937126429], [-1.397630245310732, 54.9905829906825], [-1.397538487204665, 54.99055735575911], [-1.397444706018458, 54.99054056920379], [-1.39734975297574, 54.990532783383046], [-1.39725448993673, 54.99053406896643], [-1.397188869253844, 54.99053808655926], [-1.397109953549668, 54.9904915543053], [-1.397100217468521, 54.990486420110834], [-1.397056097270018, 54.99045236729727], [-1.396958142060889, 54.99038563653168], [-1.396852979525009, 54.99033096424326], [-1.396745979525009, 54.99028316424326], [-1.396626456088836, 54.99023867675431], [-1.396330256088836, 54.99014947675431], [-1.396244600391194, 54.99012775919641], [-1.396157361897238, 54.99011368809013], [-1.396129779252758, 54.9901104819024], [-1.39612649068515, 54.99010867705745], [-1.396036157965121, 54.990070093331624], [-1.395942475620573, 54.99004055822494], [-1.395846347564739, 54.99002035671291], [-1.395780447564739, 54.99000985671291], [-1.395695700474148, 54.990000038896305], [-1.395610424963992, 54.989997480331496], [-1.395572593545833, 54.9899995762618], [-1.395567941189615, 54.98999819808448], [-1.395473210772513, 54.9899798355657], [-1.395377151570552, 54.989970688777234], [-1.39533127333253, 54.98997076204843], [-1.395321472906458, 54.989874002136084], [-1.395300899147106, 54.989774061103226], [-1.395270248115828, 54.989676736882686], [-1.395229838935517, 54.989583042764565], [-1.395180092325937, 54.98949395424422], [-1.395163592325937, 54.989467654244216], [-1.395109612264904, 54.98939002452417], [-1.395048541605403, 54.98931784007313], [-1.39498092633259, 54.989251746236], [-1.394945278373663, 54.989222952584434], [-1.39489454468751, 54.989155965151795], [-1.394869900556563, 54.989129192112344], [-1.394846837060236, 54.98908967017369], [-1.394824037060236, 54.98905497017369], [-1.394766503682893, 54.9889760880352], [-1.394729155930534, 54.988934172389705], [-1.394738677391404, 54.98888849842844], [-1.394749208798063, 54.98878849102665], [-1.394749642893401, 54.98868793157906], [-1.394739975287675, 54.988587836982106], [-1.394720303743494, 54.9884892194315], [-1.394704203743494, 54.9884254194315], [-1.394673587722979, 54.98832614934061], [-1.394632838248689, 54.98823059112797], [-1.394598538248689, 54.98816049112797], [-1.39455157077802, 54.988075273344975], [-1.394502695855119, 54.988003996085894], [-1.394502157148288, 54.98800248748022], [-1.394460348741572, 54.98791390389054], [-1.394410074202886, 54.98782983566827], [-1.394351815916188, 54.987751089447634], [-1.394286132869463, 54.987678420798225], [-1.39421365529123, 54.98761252697539], [-1.394135078603508, 54.987554040230044], [-1.394054578603508, 54.98750004023004], [-1.393978204386551, 54.987453617286775], [-1.393897990249752, 54.98741419897967], [-1.393814576952513, 54.98738210018653], [-1.393737966832197, 54.987356487250786], [-1.393630764240092, 54.98731453510004], [-1.393564015384589, 54.98728672307691], [-1.393471435302632, 54.98725339246029], [-1.393376027734414, 54.987229321782976], [-1.393278716416161, 54.98721474409731], [-1.393173516416161, 54.987204244097306], [-1.393074947900104, 54.98719930027968], [-1.393000673789771, 54.98720291421291], [-1.392932924240048, 54.987190215759924], [-1.392851664984733, 54.98717841501875], [-1.392769711506124, 54.98717332076606], [-1.392687616361132, 54.98717496734896], [-1.392672243871968, 54.98717590811327], [-1.392610121316166, 54.98715486364144], [-1.392512328803905, 54.98713235446929], [-1.392412772737884, 54.98711975970832], [-1.392365272737884, 54.98711615970832], [-1.392268687194594, 54.98711352079337], [-1.392172297821204, 54.987120215548195], [-1.39207700448298, 54.98713618147237], [-1.391983696812896, 54.98716126951231], [-1.391912081383705, 54.987188170310255], [-1.391809426721636, 54.98719562964556], [-1.391727708792463, 54.98720495897276], [-1.391605234756038, 54.98722407196407], [-1.391436133383702, 54.98722553755582], [-1.391404831961185, 54.987226299041296], [-1.391402083306684, 54.987226408987475], [-1.391215535036196, 54.987233029079704], [-1.39110288035428, 54.98724343055125], [-1.390992121495401, 54.9872664901078], [-1.390937115730899, 54.98728123248716], [-1.39091899485029, 54.987280637895765], [-1.390827908563989, 54.98728180039142], [-1.390737305983694, 54.987291246840066], [-1.390647938935319, 54.98730889885448], [-1.390560548992257, 54.98733460995713], [-1.390556787166122, 54.98733610055182], [-1.390491487314752, 54.987339124566326], [-1.390373531515371, 54.98735888063759], [-1.390244231515371, 54.98738858063759], [-1.390106839203831, 54.98743073518182], [-1.389989139203831, 54.98747633518182], [-1.389959317391852, 54.987489833388054], [-1.389935602039283, 54.987495667515645], [-1.38985190999647, 54.987524306228764], [-1.38977107617768, 54.98756022875177], [-1.389729873627879, 54.987583096076904], [-1.389683578115773, 54.98758443730553], [-1.389535118757387, 54.98758584494799], [-1.389441822823885, 54.98759109559563], [-1.389349424309903, 54.98760503170423], [-1.389258730011594, 54.98762753158785], [-1.389211130011593, 54.98764173158784], [-1.389123625102262, 54.98767231945922], [-1.389039328501507, 54.98771087863626], [-1.388985928850975, 54.987741576711095], [-1.388974906632999, 54.98773580851191], [-1.388968748578995, 54.98771720906893], [-1.388929999312482, 54.98762943065181], [-1.388883015708463, 54.98754577004506], [-1.388828230324125, 54.98746699747477], [-1.388766147544189, 54.98739383816501], [-1.388714577837025, 54.98734371950112], [-1.388688574603223, 54.98730756625942], [-1.388623929521536, 54.98723407493596], [-1.388552409576869, 54.9871672553376], [-1.38847469992752, 54.9871077475935], [-1.38841129992752, 54.9870639475935], [-1.388323926952481, 54.98700999419359], [-1.388231481545282, 54.98696528566178], [-1.388134938543306, 54.98693029344982], [-1.388013438543306, 54.986893193449816], [-1.387929803834257, 54.98687155713699], [-1.387844613829361, 54.98685721985496], [-1.387758504292644, 54.986850288601346], [-1.387672117850503, 54.98685081510337], [-1.387611317850503, 54.986853815103366], [-1.387523940553044, 54.986861981912355], [-1.387482867004599, 54.98686949770646], [-1.387405819422762, 54.986837892155144], [-1.387311718770469, 54.986809708266286], [-1.387306668943729, 54.986808722754425], [-1.387280614347984, 54.98679367450639], [-1.387222477126518, 54.9867669791363], [-1.387180231641882, 54.98672214337727], [-1.387115531641882, 54.986659143377274], [-1.387030921581656, 54.986585533837946], [-1.386938601410106, 54.98652186113974], [-1.386874001410106, 54.986482461139744], [-1.386788238253941, 54.986435739720335], [-1.386698326565379, 54.98639760708016], [-1.386625783682824, 54.986374895147314], [-1.386608900784495, 54.986339095376316], [-1.386572700784495, 54.98627239537632], [-1.386516944200463, 54.98618156760814], [-1.386451837949382, 54.98609718955291], [-1.38641800672343, 54.986061865161936], [-1.38639688654907, 54.986007106336714], [-1.386352660989456, 54.98591927945001], [-1.386300023374981, 54.98583622077379], [-1.386239482683064, 54.985758733440804], [-1.386166582683064, 54.985674333440805], [-1.386094297195486, 54.98559898450677], [-1.386014548872112, 54.98553158377611], [-1.385928207181285, 54.985472866095634], [-1.38583621347655, 54.985423471643884], [-1.38565251347655, 54.98533687164388], [-1.385577111616327, 54.985305028895574], [-1.385301811616327, 54.985201828895576], [-1.385230275349023, 54.98517804713233], [-1.385157150820569, 54.98515972192725], [-1.385026750820569, 54.98513222192725], [-1.384930421576199, 54.98511677080092], [-1.384833045139797, 54.985110779952976], [-1.384735548346187, 54.985114306404654], [-1.384638859175762, 54.985127316590976], [-1.384609639835097, 54.98513419981157], [-1.384544416293805, 54.9851196187167], [-1.384472118107608, 54.985110548926556], [-1.384469405901985, 54.98510869318843], [-1.384385524581881, 54.98506240852859], [-1.384297599057085, 54.985024363191314], [-1.384206436338451, 54.984994906369856], [-1.384159936338451, 54.98498230636986], [-1.384068954664143, 54.984962151784124], [-1.383976491914897, 54.98495055383655], [-1.383883351025427, 54.984947613242234], [-1.383790340819333, 54.98495335553692], [-1.383748940819333, 54.98495785553692], [-1.383644010058543, 54.984974945608045], [-1.383617795266492, 54.98498213915978], [-1.383529874357143, 54.98497724544879], [-1.383452134834911, 54.98497594567745], [-1.383374529303822, 54.984980689543676], [-1.383367162252702, 54.98498142824528], [-1.383343725976122, 54.98497106683795], [-1.383254364140642, 54.98494125144535], [-1.383162593197927, 54.984919977297906], [-1.383069227568777, 54.98490743319293], [-1.383026527568777, 54.98490373319293], [-1.382929140385881, 54.9849000611594], [-1.382831858244404, 54.984905886292225], [-1.382735605105536, 54.984921153265745], [-1.382669127512991, 54.98493846790901], [-1.382613034224141, 54.98492551329686], [-1.382516098923781, 54.9849129211215], [-1.382418397321475, 54.98490985318361], [-1.38232086295753, 54.98491633879738], [-1.38222442777429, 54.98493231599269], [-1.38217441060671, 54.984945727486654], [-1.382167123082931, 54.98494375710249], [-1.382151683639298, 54.98493160289993], [-1.382068845944555, 54.98487867517987], [-1.381979980315401, 54.984827866709], [-1.381951824800048, 54.984742015233046], [-1.381913499739608, 54.98465444370396], [-1.381866988320969, 54.984570931603635], [-1.381812715546079, 54.98449224203082], [-1.38175117733692, 54.98441909401801], [-1.381750447925097, 54.984418378536525], [-1.381697210781127, 54.984348421944674], [-1.381641110781128, 54.98428302194467], [-1.381575726690835, 54.98421376534599], [-1.381527306895064, 54.984171394495235], [-1.381525969741968, 54.98414183159363], [-1.381560979869611, 54.98411298278779], [-1.381602076666121, 54.98410132203447], [-1.381703054522611, 54.984060344574274], [-1.381798973879603, 54.98400862265726], [-1.381888695629533, 54.98394677051635], [-1.381919095629533, 54.98392327051634], [-1.381928855995424, 54.98391493688954], [-1.381934662335267, 54.98391221103264], [-1.382025099815569, 54.98386394984107], [-1.382110121433145, 54.98380668375163], [-1.382188833773994, 54.98374101452099], [-1.382260409722506, 54.9836676322067], [-1.382324097152856, 54.98358730791604], [-1.382379226832401, 54.98350088570311], [-1.382425219454033, 54.98340927369947], [-1.382454219454033, 54.98334327369947], [-1.382487035650459, 54.983258268804114], [-1.382511978067306, 54.98317062970997], [-1.382528839614297, 54.98308108406119], [-1.382542039614297, 54.982987784061194], [-1.382542642698556, 54.982983135373395], [-1.382547653570262, 54.982966516985115], [-1.3825862461798, 54.982930287008536], [-1.382653639974188, 54.98285251170295], [-1.382712683462559, 54.98276822179749], [-1.382762751319952, 54.98267830999995], [-1.382774588932369, 54.982650707330045], [-1.382806494531755, 54.982597130026], [-1.382832594531755, 54.982547930026], [-1.382874082272723, 54.982459553575396], [-1.382906754378379, 54.98236755268854], [-1.38293029943031, 54.982272804283795], [-1.3829444930058, 54.98217621146788], [-1.382949199816944, 54.982078694927736], [-1.38294437500016, 54.981981184154925], [-1.38294087500016, 54.98194568415492], [-1.38292516192904, 54.98184217081173], [-1.382898712081641, 54.98174086771013], [-1.382861815398884, 54.981642885325876], [-1.38283960796363, 54.98159860790731], [-1.38281960131474, 54.981532686718886], [-1.382784577488288, 54.981435618520976], [-1.382739736677455, 54.98134267657593], [-1.382685556387708, 54.981254850613546], [-1.382656202670028, 54.981216714527775], [-1.382620640475951, 54.98114328667325], [-1.382575934658741, 54.98106841021573], [-1.382524875282434, 54.98099771344017], [-1.382479038473803, 54.980944678686804], [-1.382473038316603, 54.98092344040728], [-1.38243838433192, 54.98083435068121], [-1.382395382125118, 54.98074897686698], [-1.382344424645114, 54.980668099100086], [-1.382254158883654, 54.98053895976253], [-1.382233814208104, 54.98049876054699], [-1.382179639644025, 54.980414071101414], [-1.382117235408753, 54.98033524916915], [-1.382047232233474, 54.9802630914181], [-1.381972132233474, 54.9801930914181], [-1.381922600885434, 54.98014987708807], [-1.381909430578619, 54.980139127958886], [-1.381873898606342, 54.98006599822092], [-1.381818697312666, 54.97997731926418], [-1.381761971130842, 54.979904423108415], [-1.381755450739797, 54.97989275417385], [-1.381703515042284, 54.9798170654145], [-1.381652715042284, 54.9797498654145], [-1.381651573165332, 54.979748357865596], [-1.381592073165333, 54.979669957865596], [-1.381535711791572, 54.97960212621733], [-1.381473593245202, 54.97953952411549], [-1.381406200667937, 54.97948263846275], [-1.381339743634574, 54.97943138536766], [-1.38125371275191, 54.97935392249952], [-1.38125368193222, 54.979353884669614], [-1.381161010340406, 54.97925471745835], [-1.38109060900616, 54.979188956885274], [-1.380988728591933, 54.97909332201368], [-1.380808844780882, 54.97892295271826], [-1.380698149656361, 54.97883222029039], [-1.380625949656361, 54.978781220290394], [-1.380532891715652, 54.978722872119334], [-1.38043399596525, 54.978675081744285], [-1.380155763636967, 54.97855901694317], [-1.379968035030693, 54.97847370265577], [-1.37992316780425, 54.97845461813197], [-1.379783795352441, 54.978399307735884], [-1.379646216026055, 54.9783111965479], [-1.379576293511614, 54.97827031091102], [-1.379503291403352, 54.97823521838307], [-1.37940413362014, 54.97819240596627], [-1.379315350513003, 54.978129003906844], [-1.37927489950761, 54.97810158418793], [-1.379065970042074, 54.977967292776], [-1.379055518355141, 54.977957157806856], [-1.3789936, 54.9778746], [-1.378954486415893, 54.97782571490839], [-1.378946033644695, 54.97781580313994], [-1.378930125800464, 54.97778540764207], [-1.378869674702436, 54.977695268247736], [-1.378749212439784, 54.97753516634639], [-1.378716912293663, 54.97748277847689], [-1.378658812748931, 54.97739852515445], [-1.378592405998949, 54.97732065139123], [-1.378518387599933, 54.977249972851006], [-1.378393487599933, 54.977142372851006], [-1.378335487926603, 54.97709604336563], [-1.378274211294837, 54.97705414398948], [-1.377940411294837, 54.976843643989476], [-1.377894899978576, 54.976816600457724], [-1.377627924445555, 54.97666737669195], [-1.377379086890215, 54.97650359504051], [-1.377313769879044, 54.976464092057476], [-1.377245629959935, 54.97642968640328], [-1.376917829959935, 54.97627958640328], [-1.376822204887478, 54.9762416208326], [-1.376723184980915, 54.976213681663985], [-1.376426440136171, 54.97614621921065], [-1.37628489149815, 54.976103745138424], [-1.376245471079003, 54.97607957595395], [-1.376190040056599, 54.97602923423735], [-1.376137092538695, 54.97597962982211], [-1.376135506702842, 54.9759781670771], [-1.375998056602374, 54.97581780862655], [-1.375949925762735, 54.975765535173984], [-1.375670825762735, 54.97548323517399], [-1.375579759447701, 54.975401745169975], [-1.375479433354313, 54.9753319714681], [-1.375352533354313, 54.9752547714681], [-1.37526623817049, 54.97520791669325], [-1.375175763676711, 54.97516975133393], [-1.375081982248733, 54.975140643389246], [-1.374985798148531, 54.97512087352467], [-1.374804298148531, 54.97509277352467], [-1.374748439297962, 54.97508572920429], [-1.374736274306418, 54.9750845418905], [-1.37469908650691, 54.97505614283043], [-1.374602183974732, 54.974998161191095], [-1.374377783974732, 54.97488056119109], [-1.374294584794978, 54.97484171869692], [-1.374208173592282, 54.974810671202434], [-1.374119278885918, 54.974787680464175], [-1.374028650133186, 54.97477294031345], [-1.373966049616506, 54.97476568997173], [-1.37385980007192, 54.974643655308014], [-1.373795140914947, 54.974576053269516], [-1.373724447694243, 54.97451478899987], [-1.373648339035028, 54.97446039861302], [-1.373567480952169, 54.974413358070656], [-1.373186880952169, 54.974215158070656], [-1.373146476922987, 54.97419526087238], [-1.372818576922987, 54.97404286087238], [-1.37272790626526, 54.9740060013114], [-1.372634066551192, 54.97397818219079], [-1.372208648402967, 54.97387441685531], [-1.372172394573864, 54.973865107553806], [-1.372084254687913, 54.97381631728452], [-1.371624341811617, 54.97353836069948], [-1.371551718386614, 54.97349847990405], [-1.371476042816581, 54.97346474790436], [-1.371292642816581, 54.97339194790436], [-1.371186137671997, 54.97335645105404], [-1.371076324927752, 54.97333311581444], [-1.370945524927752, 54.97331291581444], [-1.370926327091792, 54.97331108659365], [-1.370898081810793, 54.97329847594427], [-1.370817094670697, 54.973266470066], [-1.370733630109157, 54.973241631385044], [-1.370569330109157, 54.973200431385045], [-1.370494492884432, 54.973184680041555], [-1.370058392884432, 54.97311018004156], [-1.370055365250297, 54.9731096676065], [-1.369922965250297, 54.9730874676065], [-1.369834493500936, 54.97307666068808], [-1.369745410906533, 54.97307377428976], [-1.369656425142776, 54.9730788313412], [-1.369568243116123, 54.97309179166898], [-1.3695139682151, 54.973104791335146], [-1.369461908074044, 54.973095165965084], [-1.36932701501609, 54.97307960111559], [-1.36922481501609, 54.973074801115594], [-1.369130383317754, 54.97307482955549], [-1.369058256989239, 54.97308168535915], [-1.369041616316366, 54.973079651811894], [-1.36896473485387, 54.97307621881839], [-1.368829758424976, 54.97307539074214], [-1.368810654165519, 54.97306825848528], [-1.368788458748868, 54.973060269186554], [-1.36876951812491, 54.97305370275477], [-1.368735133681891, 54.972988737561174], [-1.368682465867615, 54.97290879656226], [-1.368561465867615, 54.97274299656225], [-1.368484137270339, 54.97264952020959], [-1.368396058432981, 54.972566095639635], [-1.368150158432981, 54.972359995639636], [-1.368062018604229, 54.97229402884557], [-1.36796716150892, 54.972238150595764], [-1.36773106150892, 54.972116050595766], [-1.367642044742659, 54.97207540561871], [-1.367549481555573, 54.972043655733174], [-1.367313281555573, 54.97197535573317], [-1.367207409071604, 54.97195088717849], [-1.367099506738089, 54.9719380505336], [-1.366990848632659, 54.971936997369674], [-1.366882717756867, 54.97194774012214], [-1.366759817756867, 54.97196674012214], [-1.366651429127515, 54.97198970741463], [-1.366345029127515, 54.97207260741463], [-1.366223826599534, 54.97211389210901], [-1.366034805520532, 54.972192112905006], [-1.365983201980441, 54.97218512708465], [-1.365877801980441, 54.97217732708465], [-1.365777982906864, 54.97217493850186], [-1.365733326104297, 54.97217833737905], [-1.365679449501092, 54.97215765158596], [-1.365626045681158, 54.97214330621355], [-1.365532238254834, 54.97210223869301], [-1.365515191816073, 54.97209602718047], [-1.365491821578782, 54.97205611652712], [-1.365436636948962, 54.9719794989359], [-1.365293136948962, 54.9717988989359], [-1.365236157110012, 54.971733260024116], [-1.365173692542565, 54.971672817103936], [-1.365106215176969, 54.97161802683181], [-1.365034234816113, 54.97156930315751], [-1.364882434816113, 54.97147590315751], [-1.364759631053895, 54.9714116231218], [-1.364626927445904, 54.97135349413432], [-1.364504094248898, 54.9712728769015], [-1.364428936833763, 54.97122812598411], [-1.364037036833763, 54.97101742598411], [-1.363933829636283, 54.97096929959603], [-1.363825820050429, 54.97093321907214], [-1.363714408730993, 54.97090965230013], [-1.363507408730993, 54.97087805230013], [-1.363490856957876, 54.97087566700132], [-1.363279748467073, 54.970847043578104], [-1.363223747717879, 54.970835437789034], [-1.363100525672817, 54.9708074454603], [-1.362996173677673, 54.97078948856151], [-1.362890507955967, 54.97078266621872], [-1.362784713209486, 54.970787054922596], [-1.362679975586616, 54.97080260546793], [-1.362586611120535, 54.97082677678257], [-1.36254499335424, 54.970825862388956], [-1.362447942384638, 54.97082881474855], [-1.362444454174768, 54.97082433759208], [-1.362436470166201, 54.97081607486885], [-1.362452020518219, 54.97078346964246], [-1.362485486718211, 54.97069075751044], [-1.362509663061314, 54.970595201085224], [-1.362524314661638, 54.97049772874774], [-1.36252557909359, 54.97047275692919], [-1.362551612877879, 54.97039520083393], [-1.362563812877879, 54.970350700833926], [-1.362584739730733, 54.97025690367827], [-1.362596566143903, 54.970161530854405], [-1.362599182890532, 54.97006546321044], [-1.36259256580277, 54.969969588011715], [-1.362576775994977, 54.969874790746196], [-1.362551959299284, 54.96978194694621], [-1.362518344918713, 54.969691914102214], [-1.362487744918713, 54.96962061410221], [-1.362438608303351, 54.969521610179044], [-1.362378845949908, 54.96942863359659], [-1.362309187926277, 54.96934282017389], [-1.362186987926277, 54.9692082201739], [-1.362121674042706, 54.969142650017375], [-1.362050577914483, 54.96908339894679], [-1.362027781647964, 54.96906772972385], [-1.362001463021684, 54.96903363322396], [-1.361929710618708, 54.968958352623496], [-1.361850527800077, 54.96889093113305], [-1.361764770973595, 54.9688320979549], [-1.361642570973595, 54.9687572979549], [-1.361530148869545, 54.968697956719026], [-1.361428482957837, 54.96865230297], [-1.361279924265295, 54.96856171006856], [-1.361202758324644, 54.968498687271946], [-1.361155694487626, 54.96846367203355], [-1.361162123734628, 54.96844348627106], [-1.361182975437948, 54.96834404857197], [-1.361193629649341, 54.96824300829629], [-1.361193976389119, 54.96814140844736], [-1.361184012078006, 54.96804029780482], [-1.361163839574095, 54.96794072009839], [-1.361133667111074, 54.96784370323385], [-1.361093806148705, 54.96775024868227], [-1.361079838298306, 54.96772162491003], [-1.36106329316429, 54.96768507854733], [-1.36101880536448, 54.96759833223929], [-1.360966082222916, 54.967516330064726], [-1.360905624824883, 54.96743985137937], [-1.360900811888989, 54.9674348525748], [-1.360878201418324, 54.96740327530752], [-1.360819353100029, 54.96733502467698], [-1.360754599372796, 54.967272349100035], [-1.360683038427426, 54.96720907489809], [-1.360673434097914, 54.9671816601379], [-1.360631072805776, 54.96709099491316], [-1.360579861829126, 54.96700501760266], [-1.360520314028587, 54.966924589240115], [-1.360455214028587, 54.96684528924011], [-1.360383558336016, 54.966766892750655], [-1.360303992065237, 54.96669653824553], [-1.360259392065237, 54.96666113824553], [-1.360182235477573, 54.966605662190155], [-1.360100161336087, 54.96655776055094], [-1.360007580934314, 54.96650947163672], [-1.359918634801893, 54.966456981452744], [-1.35981604245843, 54.966404168164715], [-1.35966214245843, 54.96633586816471], [-1.359565014183312, 54.96629868025741], [-1.359464548758932, 54.96627178154403], [-1.359365963765288, 54.96625611925738], [-1.359354125495967, 54.966241299375774], [-1.359307325495967, 54.96618809937577], [-1.35923609785893, 54.96611501513774], [-1.359157792426218, 54.96604957095286], [-1.359073224724022, 54.965992448401515], [-1.358994438402437, 54.96595022487218], [-1.358994423573033, 54.96593579035075], [-1.358984539902627, 54.96583731796426], [-1.358964971041928, 54.965740304781995], [-1.358935908658102, 54.96564570099937], [-1.358897637402604, 54.965554433212915], [-1.358850532123163, 54.965467395344774], [-1.358795054192336, 54.965385439887164], [-1.358731746988598, 54.96530936955263], [-1.35866123057422, 54.9652399294119], [-1.358630493507557, 54.96521513951808], [-1.35861181184407, 54.965191190101756], [-1.35855558273243, 54.96513027065097], [-1.35846288988104, 54.96503784569799], [-1.358418544222566, 54.964990763646796], [-1.358356222084573, 54.96493011102076], [-1.358288865986584, 54.96487510242151], [-1.358216985328617, 54.964826153867506], [-1.358121685328618, 54.964767153867506], [-1.358044779077138, 54.964724109140754], [-1.357988197154078, 54.9646986984635], [-1.357975939375124, 54.96469004240206], [-1.357852557243694, 54.96461562196922], [-1.357795557243694, 54.964586621969225], [-1.357777914713441, 54.96457881803851], [-1.35776502652969, 54.96452299673358], [-1.357733598059519, 54.96442981164315], [-1.357693168613142, 54.964340164168675], [-1.357651168613142, 54.964258064168675], [-1.357605503841565, 54.9641781082268], [-1.357552678329426, 54.964102691456304], [-1.357547492648864, 54.96409657384235], [-1.357546809881627, 54.96408868108242], [-1.357527807376119, 54.963988800958006], [-1.357498761234514, 54.963891366589706], [-1.357459971710683, 54.963797385169684], [-1.357411839777149, 54.96370782819651], [-1.357354862980183, 54.963623621432674], [-1.357289630296595, 54.96354563533481], [-1.357236430296595, 54.963488235334815], [-1.357169058840632, 54.963422100797146], [-1.357139163228172, 54.96339784162361], [-1.357140146860061, 54.963359000760036], [-1.357133429356317, 54.96326363271237], [-1.357117635376206, 54.96316934199404], [-1.357092909279695, 54.96307699044006], [-1.357059477067989, 54.96298742216111], [-1.357017644317835, 54.96290145582825], [-1.35696779338849, 54.96281987719002], [-1.356936990655952, 54.962778863740475], [-1.356924847157098, 54.96275359657886], [-1.356911893845221, 54.962732311927624], [-1.356889399669258, 54.96265425984718], [-1.356865813045651, 54.96253684756941], [-1.356864114431369, 54.96252857314545], [-1.356837714431369, 54.96240267314545], [-1.356810379965977, 54.96229988025983], [-1.356772282015456, 54.96220057217104], [-1.356723851602884, 54.96210587240615], [-1.356665636648174, 54.96201685235571], [-1.356598295769144, 54.96193451915254], [-1.356508395769144, 54.96183581915254], [-1.356424238941124, 54.96175369158322], [-1.356300038941124, 54.96164599158322], [-1.356293530412833, 54.96164081007448], [-1.356320975267512, 54.96161469955528], [-1.356386029594605, 54.96154669589694], [-1.356444403154105, 54.961472877941326], [-1.356495578956903, 54.961393899461804], [-1.356539103761278, 54.96131045993625], [-1.356574592087057, 54.96122329835209], [-1.356601729629646, 54.961133186661385], [-1.356620276043688, 54.961040922943994], [-1.356630067071699, 54.96094732433936], [-1.356631015998823, 54.9608532198094], [-1.35662530861323, 54.960785483773556], [-1.356635095264936, 54.96075017659036], [-1.356651902416568, 54.960653634318746], [-1.356659179636408, 54.960555910562036], [-1.35665685704211, 54.96045794375077], [-1.356644956937294, 54.96036067464951], [-1.356623593597363, 54.96026503732279], [-1.356592972172133, 54.9601719501654], [-1.356582562114399, 54.96014485549459], [-1.356582417835011, 54.96013272155315], [-1.356572833248706, 54.96004101178101], [-1.356554841911877, 54.95995057473992], [-1.356528596796705, 54.95986217937505], [-1.356502196796705, 54.95978627937505], [-1.356467922389982, 54.95970068020963], [-1.35642590931612, 54.959618601870815], [-1.35637651476826, 54.95954074218472], [-1.35627708125948, 54.95939891391711], [-1.356247329542412, 54.95928236310053], [-1.356233919193554, 54.95923477107508], [-1.356142164455502, 54.95893750144195], [-1.356083950145986, 54.95874114983277], [-1.356054826990312, 54.95865689808836], [-1.356018316540156, 54.958575574649785], [-1.355887516540156, 54.958315874649784], [-1.355841502562845, 54.958234270561576], [-1.355788053978606, 54.95815733057092], [-1.355623553978606, 54.95794273057092], [-1.355554894321733, 54.95786234515722], [-1.355218494321733, 54.957508245157214], [-1.355146091221521, 54.95743928983272], [-1.354988665181243, 54.95730370388395], [-1.355068783542734, 54.957263592063015], [-1.355169890430423, 54.957205359965236], [-1.355263526315711, 54.95713574745963], [-1.355526487527048, 54.95691530802312], [-1.355681446067911, 54.95680226562945], [-1.355881965666494, 54.95668588754741], [-1.355963862540774, 54.956632852531854], [-1.356040201154079, 54.95657208883373], [-1.356110254777247, 54.95650417491194], [-1.356173356513033, 54.95642975729419], [-1.356228905644845, 54.95634954442212], [-1.356276373355455, 54.9562642999071], [-1.356339873355455, 54.956135899907096], [-1.356363917308637, 54.956083537306945], [-1.356449417308637, 54.955882237306945], [-1.356481038334209, 54.95579727877409], [-1.35650483565959, 54.95570980575615], [-1.356520613722129, 54.95562053709253], [-1.356528242860208, 54.95553020637895], [-1.356527660378779, 54.95543955593892], [-1.356516660378779, 54.95522725593892], [-1.35651501322915, 54.95520176904183], [-1.356500230179894, 54.95501092723401], [-1.356749233015492, 54.954887806433476], [-1.356832267970146, 54.95484171877764], [-1.356910556579384, 54.95478796220242], [-1.35698339276797, 54.9547270215317], [-1.357050119635371, 54.95465944638181], [-1.357110135380263, 54.95458584620464], [-1.357122604224584, 54.95456718632777], [-1.357177235620113, 54.95451656262389], [-1.357199954434277, 54.95450145536171], [-1.357210490108144, 54.95449281998266], [-1.357272919295819, 54.95447034563999], [-1.357366832311773, 54.95442499309951], [-1.357455511200881, 54.95437010628762], [-1.357528611200881, 54.95431940628762], [-1.357610825629108, 54.954255810917914], [-1.357685994763806, 54.95418402523379], [-1.357753306508972, 54.954104824777865], [-1.357812033656562, 54.95401906519886], [-1.357886633656562, 54.95389696519886], [-1.357930355512751, 54.95381751787364], [-1.357953755512751, 54.95377001787364], [-1.357993539704329, 54.95367785901474], [-1.35802388426422, 54.953582175971015], [-1.358044483439512, 54.95348393284836], [-1.358055129672149, 54.953384119548126], [-1.358055715690296, 54.953283741792845], [-1.358046235589212, 54.953183810992506], [-1.358026784890748, 54.953085334053576], [-1.358001984890748, 54.952986234053576], [-1.357964089185621, 54.952867028561606], [-1.357932648051199, 54.9527860578485], [-1.357930575764023, 54.95276204584196], [-1.357913822705148, 54.95266987707796], [-1.357888518360076, 54.952579680425245], [-1.357769364227922, 54.9522205685009], [-1.357683269850889, 54.95193948199425], [-1.357571581658315, 54.95154608594129], [-1.357568474316374, 54.95153536898444], [-1.357421935656355, 54.95104031330081], [-1.357392900251244, 54.950882950431655], [-1.357364898726395, 54.95076908106461], [-1.357326198726395, 54.95064388106461], [-1.357307802416306, 54.95059377072969], [-1.357353764631364, 54.950540098111006], [-1.357404118495944, 54.95046981540709], [-1.357478618495944, 54.95035571540709], [-1.357487119432158, 54.95034246929451], [-1.357536058598324, 54.950264875891925], [-1.357563072542176, 54.950247504567294], [-1.35765213895025, 54.95018304465424], [-1.357733590715862, 54.95010919673405], [-1.357812704088426, 54.95002911594253], [-1.35785990954574, 54.950007464522066], [-1.357936948898941, 54.94996347989161], [-1.358047348898942, 54.94989377989161], [-1.358126543450891, 54.94983824919297], [-1.358200002714345, 54.94977532724003], [-1.358267039445901, 54.94970560269506], [-1.358327026487737, 54.94962972786154], [-1.358379402634949, 54.9495484125816], [-1.358423677885868, 54.949462417595086], [-1.358459438026238, 54.949372547422556], [-1.358461571156749, 54.949366326287056], [-1.358506633642435, 54.949325919377415], [-1.358568149584634, 54.949259818671976], [-1.358684049584634, 54.949123418671974], [-1.358750671524612, 54.94903548061809], [-1.358870172514898, 54.94898648742097], [-1.358957603425361, 54.94897463006811], [-1.359063394286358, 54.94894830717699], [-1.359117137874424, 54.94892851007964], [-1.359171226039018, 54.94893381846715], [-1.359257011329417, 54.94893852932726], [-1.359342884373759, 54.94893585940078], [-1.359428211316632, 54.948925828395254], [-1.359585611316632, 54.948900428395255], [-1.35970505790454, 54.94887356140627], [-1.35997825790454, 54.94879426140627], [-1.360066748384168, 54.94876402290818], [-1.36015202730174, 54.94872565054874], [-1.360233348898942, 54.94867947989161], [-1.360343748898942, 54.94860977989161], [-1.360436406145641, 54.948543616480116], [-1.360520942016738, 54.948467349522105], [-1.360716942016738, 54.948269149522105], [-1.360780590247842, 54.94819834090482], [-1.360837215944692, 54.94812180014403], [-1.360942115944692, 54.94796490014403], [-1.360988934656884, 54.94788751354954], [-1.361028569633245, 54.94780621320841], [-1.361060696632843, 54.947721664212466], [-1.36106396198636, 54.947709986208466], [-1.361072204075438, 54.9476942872249], [-1.361111545232068, 54.94759474016267], [-1.361140020870951, 54.947491558370714], [-1.361140078916515, 54.94749120361187], [-1.361174749541014, 54.947438472617144], [-1.361221886167425, 54.94734779637224], [-1.361259521992443, 54.9472527827542], [-1.361261794265164, 54.947246061899286], [-1.361407035737428, 54.94717269709823], [-1.361693565476898, 54.94704190027135], [-1.361766734397137, 54.947004800618664], [-1.361836616117193, 54.946961828298264], [-1.361902740327841, 54.9469132725171], [-1.362127140327841, 54.9467338725171], [-1.362145898345488, 54.94671849960713], [-1.362263962607914, 54.94661932398062], [-1.362347709559119, 54.946583655186046], [-1.362581450723479, 54.946501038244506], [-1.362694190895942, 54.94645323749683], [-1.362773539779512, 54.94640743088164], [-1.36285130282273, 54.9463799896892], [-1.362958228377258, 54.946327205818264], [-1.363236505808, 54.94616853448753], [-1.36324938354317, 54.9461632671239], [-1.363316480470339, 54.946132892112544], [-1.363381159741871, 54.94609766100719], [-1.363736359741871, 54.94588686100719], [-1.36381929898832, 54.945831882180215], [-1.36389636363143, 54.94576893274972], [-1.36408376363143, 54.94559963274972], [-1.364147359098307, 54.94553679367047], [-1.364280059098307, 54.94539339367047], [-1.364340845998079, 54.94532114217067], [-1.364487245998079, 54.94512944217067], [-1.364508402277189, 54.945100689825296], [-1.364666502277189, 54.944877589825296], [-1.364741225568383, 54.94475413739338], [-1.364837725568383, 54.94456513739338], [-1.364846402269949, 54.94454772759719], [-1.364915602269949, 54.94440542759719], [-1.364960385915388, 54.9442977995365], [-1.365183785915388, 54.9436580995365], [-1.365205766112726, 54.94358669492028], [-1.365222353972189, 54.94351384856683], [-1.365246042735929, 54.943388326659694], [-1.365335093882022, 54.943164089436394], [-1.365364340900162, 54.94307961838405], [-1.365504650368489, 54.94260703332785], [-1.365523739149972, 54.94258356429933], [-1.365644150051749, 54.94245451668246], [-1.365717461234149, 54.942366305153804], [-1.366154661234149, 54.941774205153806], [-1.366160612390989, 54.94176605984376], [-1.366629104660264, 54.94111800050987], [-1.367126295187172, 54.940433239912736], [-1.367181810804424, 54.940347970071485], [-1.367228374131607, 54.940257500263556], [-1.367336874131607, 54.94001740026356], [-1.36735542243352, 54.93997360848105], [-1.367554370230882, 54.939470940377966], [-1.367649151314507, 54.93923166175274], [-1.368053705534615, 54.93825653155128], [-1.368458239467845, 54.93729225759892], [-1.36848466560212, 54.93722198063503], [-1.368505744489756, 54.93714991904524], [-1.368569544489756, 54.93689691904524], [-1.368591908984665, 54.936778567247515], [-1.368633408984664, 54.93645226724752], [-1.368635001711076, 54.936439040868365], [-1.368724437172196, 54.93565222846013], [-1.368853837172196, 54.93451062846013], [-1.368860021215006, 54.93441690867588], [-1.368857385194648, 54.93432302208609], [-1.368845952365145, 54.93422979692449], [-1.368825823582806, 54.934138055589926], [-1.36879717641651, 54.93404860739146], [-1.36849441287928, 54.93323667752452], [-1.368501148321325, 54.9331666503143], [-1.368500732768701, 54.93306664919364], [-1.368490331492155, 54.93296718960253], [-1.36847004850858, 54.93286926617635], [-1.368470026456839, 54.93286919595665], [-1.368465485453788, 54.93283198313555], [-1.368458685453788, 54.932792783135554], [-1.368437286958119, 54.93269738828046], [-1.368406675559581, 54.93260453885248], [-1.368367143844186, 54.932515122313326], [-1.368319069658992, 54.9324299933129], [-1.368269969658992, 54.9323521933129], [-1.368209546983544, 54.93226671733323], [-1.367870246983544, 54.93183641733322], [-1.367846004682076, 54.9318068536136], [-1.367492904682075, 54.93139265361361], [-1.367477023763644, 54.93137447378455], [-1.367402823763644, 54.93129157378455], [-1.367346746263427, 54.93123378264347], [-1.367286200641325, 54.93118069093355], [-1.366843400641325, 54.93082289093355], [-1.36676635510037, 54.9307664954254], [-1.36667725510037, 54.9307075954254], [-1.366615334756718, 54.93066981621462], [-1.366569734756719, 54.93064421621462], [-1.366514921782683, 54.93061680893247], [-1.366432792849156, 54.930566356151544], [-1.366394442105979, 54.93054533873639], [-1.36639500804904, 54.930501435703455], [-1.366396778215309, 54.93044201799006], [-1.366484106031475, 54.930404454995525], [-1.36657254443724, 54.93035528219891], [-1.366613628972379, 54.9303266481035], [-1.366658318240583, 54.93030935081739], [-1.366711718240583, 54.93028605081739], [-1.366809494881372, 54.93023685218052], [-1.366892004664954, 54.93018330064478], [-1.366954784988066, 54.93015099238479], [-1.367109584988066, 54.93006119238479], [-1.367189230621416, 54.93000979598848], [-1.367263652091059, 54.92995108941882], [-1.367332180718865, 54.92988560015531], [-1.367394200773984, 54.92981391662004], [-1.367524200773984, 54.92964841662004], [-1.367572870683473, 54.92958084266659], [-1.367615749378378, 54.92950945347415], [-1.367638924032706, 54.92946239291925], [-1.367707816091439, 54.929412271569056], [-1.367777683100686, 54.92935073270412], [-1.367841523963278, 54.92928296268759], [-1.367898785279109, 54.929209548979145], [-1.367948970682422, 54.92913112796046], [-1.367991645144516, 54.9290483794187], [-1.368026438744767, 54.92896202065389], [-1.368032838744767, 54.92894372065389], [-1.368043403662683, 54.92891179919169], [-1.368065803662683, 54.92884009919169], [-1.368089347555206, 54.92875028181244], [-1.368104459233725, 54.928658667874295], [-1.368111008413259, 54.92856604722466], [-1.368108938630211, 54.92847321839031], [-1.368098267729167, 54.92838098169283], [-1.36807908770905, 54.92829013234876], [-1.36806498770905, 54.928235932348755], [-1.368038275675159, 54.92814950394203], [-1.368003862440477, 54.92806584312969], [-1.367962029622346, 54.927985634541805], [-1.367913119555544, 54.927909534557514], [-1.367650877597885, 54.92753945304483], [-1.36761042875662, 54.92747341111854], [-1.367473220025007, 54.92719334541747], [-1.367423456114213, 54.92710371377973], [-1.367364776796434, 54.92701964824001], [-1.367297798807573, 54.92694203235046], [-1.367223226104866, 54.926871681875596], [-1.367200560557146, 54.92685431845312], [-1.367101273888497, 54.926609533661555], [-1.367068749736009, 54.926539897671496], [-1.367095789810199, 54.926465760351526], [-1.367119950590704, 54.9263724171428], [-1.367135009433609, 54.926277180967006], [-1.367140826341401, 54.9261809372061], [-1.367137347236045, 54.92608458060925], [-1.367124604461732, 54.92598900697464], [-1.367102716484187, 54.92589510482148], [-1.367071886789323, 54.92580374712971], [-1.367036086789323, 54.92571244712971], [-1.36700159514991, 54.925634446452236], [-1.366960582603012, 54.925559668448294], [-1.366913347464827, 54.92548865703655], [-1.366876847464827, 54.92543855703656], [-1.366811101626787, 54.925357555738834], [-1.366737274604891, 54.92528384484215], [-1.36665616991218, 54.92521822659565], [-1.366568670269859, 54.925161415170344], [-1.366542365689682, 54.92514622536787], [-1.366121730499786, 54.92455819805937], [-1.366088689451584, 54.92451458144275], [-1.365308889451584, 54.92354168144275], [-1.365252505682871, 54.9234772010492], [-1.364460641269017, 54.92264630378723], [-1.364456680704858, 54.92261137615004], [-1.364436774651808, 54.92251748744049], [-1.364407959623497, 54.92242593944831], [-1.364341578823979, 54.922245736466685], [-1.364195639234336, 54.921810204621096], [-1.364187632142345, 54.92176793735555], [-1.36418930554084, 54.92171036779899], [-1.364238364452032, 54.92145798946783], [-1.364387191353311, 54.92071166193275], [-1.364401499478767, 54.9206159801144], [-1.364430399478767, 54.920328080114395], [-1.364432065296281, 54.92030979832835], [-1.364448865296281, 54.92010459832835], [-1.364452161890135, 54.920014269692], [-1.364447288665275, 54.91992401238339], [-1.364434285436581, 54.919834563816494], [-1.364413258442124, 54.91974665479772], [-1.364384379475183, 54.9196610035552], [-1.364347884480675, 54.91957830987072], [-1.364072784480675, 54.91902420987072], [-1.364064057505567, 54.91900704895981], [-1.363910004349109, 54.91871119901797], [-1.363723017297988, 54.91831361254271], [-1.363664223034825, 54.918206212373555], [-1.363592744065966, 54.9181068025213], [-1.363555844065966, 54.918061602521306], [-1.3635062340165225, 54.918006779422285], [-1.365331390989013, 54.918006779422285], [-1.3670403857395286, 54.91773728420958], [-1.3682832910126308, 54.91629997640848], [-1.3682832910126308, 54.914144014706835], [-1.3707691015588352, 54.91198805300519], [-1.3727888226276264, 54.9108202404168], [-1.3802462542662397, 54.910281249991385], [-1.3740317279007286, 54.910281249991385], [-1.370303012081422, 54.910999903891934], [-1.3673511120578041, 54.913425360806286], [-1.3665742962621152, 54.91387451949413], [-1.365331390989013, 54.91387451949413], [-1.3648653015115997, 54.91558132250793], [-1.3624645145531533, 54.91696946925524], [-1.362463136115904, 54.91694420692474], [-1.362447716090288, 54.91684529805279], [-1.362422484594807, 54.916748426417236], [-1.362387694467771, 54.91665456274375], [-1.362343694332071, 54.916564647616006], [-1.361779494332071, 54.91554444761601], [-1.361729177219904, 54.91546294218767], [-1.361671292820766, 54.91538662480458], [-1.36160637222093, 54.915316195674656], [-1.361535011063435, 54.9152523009814], [-1.361457864083091, 54.915195526955216], [-1.361457021375079, 54.9151950234061], [-1.361444511511988, 54.9151476769515], [-1.361359911511988, 54.9148793769515], [-1.3613345264709, 54.91480833399372], [-1.361303857857696, 54.91473940694297], [-1.361238857857696, 54.91460700694297], [-1.361173011688007, 54.91449264206096], [-1.361101411688007, 54.91438534206095], [-1.361013990281932, 54.914272655207306], [-1.360953128953005, 54.914204808056276], [-1.360879637983346, 54.914089994092585], [-1.360819049244815, 54.914005381747835], [-1.360733349244815, 54.91389798174784], [-1.360712483224528, 54.913872693925086], [-1.360525339356473, 54.91365331860505], [-1.360519832457358, 54.91364118271139], [-1.360477093395152, 54.913557649504625], [-1.360426713031446, 54.91347848989988], [-1.36036913493633, 54.91340440085189], [-1.360304866051769, 54.913336034672035], [-1.360197266051769, 54.91323183467204], [-1.360133929289625, 54.91317550027141], [-1.360066049171896, 54.91312473217365], [-1.359994113424701, 54.91307989515313], [-1.359818113424701, 54.91298029515313], [-1.359703338398425, 54.91292468763787], [-1.359599127447735, 54.91288217337926], [-1.359596164045859, 54.91284958653348], [-1.359575749073456, 54.91274661244682], [-1.359531749073456, 54.91257301244682], [-1.359501164960965, 54.91247414180744], [-1.359460525932926, 54.91237896165894], [-1.359410267265487, 54.91228849145602], [-1.359350927268742, 54.91220370020614], [-1.358900890905868, 54.91162668221753], [-1.358539588709845, 54.91115091489533], [-1.358497068469113, 54.91109867463422], [-1.358383768469113, 54.91096867463422], [-1.358381904529422, 54.910966649999786], [-1.358374570607277, 54.91091490824965], [-1.358351851870746, 54.910821027497406], [-1.358320181700949, 54.910729776541366], [-1.35827985557223, 54.910642006728935], [-1.35822615557223, 54.910538606728934], [-1.358176360321758, 54.910453308471915], [-1.358118393393608, 54.91037333850968], [-1.35805282027601, 54.91029947697796], [-1.357980280658307, 54.91023244442256], [-1.357901482190558, 54.91017289477017], [-1.357817193580152, 54.91012140894905], [-1.357728237092797, 54.910078489221924], [-1.357611437092797, 54.91002908922192], [-1.357507713903608, 54.90999181485846], [-1.357023329009407, 54.90984734435437], [-1.356774094766916, 54.909747921100006], [-1.356678683488008, 54.90969492360982], [-1.356599896622665, 54.90962677548043], [-1.356520065786006, 54.90956450123145], [-1.356118865786006, 54.90928300123145], [-1.356096573127413, 54.909267804304406], [-1.355598388484359, 54.908937946096486], [-1.35559679063942, 54.90893252776982], [-1.355559549304191, 54.90884082986903], [-1.355546249304191, 54.90881222986903], [-1.355501125533463, 54.9087263554797], [-1.35544789337928, 54.90864525737128], [-1.35538705378631, 54.90856969872284], [-1.355319179289523, 54.908500390583974], [-1.355239429757831, 54.908426493638885], [-1.355133372804372, 54.908301332909005], [-1.354746167650666, 54.907696828076645], [-1.354745453440245, 54.9076957146731], [-1.354394253440244, 54.9071490146731], [-1.35434255117424, 54.907075943952826], [-1.354284521864152, 54.90700778932244], [-1.354220630467188, 54.90694509686782], [-1.354220102222497, 54.90694466408953], [-1.354242598254758, 54.90693405191667], [-1.354393198254758, 54.90685205191667], [-1.354456976924239, 54.90681419336836], [-1.354493531434085, 54.90679061905001], [-1.35485279757839, 54.90669547742285], [-1.354915627539019, 54.90667661274541], [-1.355244571824426, 54.90656596167272], [-1.355426246518566, 54.90650906858876], [-1.355583728337188, 54.90646916408019], [-1.355675857558572, 54.90644103314414], [-1.355764852679271, 54.906404168371154], [-1.355849887900836, 54.90635891183472], [-1.355930174169285, 54.90630568347673], [-1.356004966496853, 54.90624497721072], [-1.356073570874837, 54.906177356338816], [-1.356135350713405, 54.90610344832475], [-1.356189732748599, 54.906023938971565], [-1.356236212361739, 54.90593956605791], [-1.356274358261848, 54.90585111249212], [-1.356303816487664, 54.90575939904748], [-1.356324313692097, 54.90566527674616], [-1.356335659678657, 54.905569618962446], [-1.356337749166312, 54.905473313318595], [-1.356330562766407, 54.90537725344845], [-1.356314167162574, 54.90528233070528], [-1.356288714491965, 54.905189425890796], [-1.356254440933552, 54.90509940108205], [-1.356211664516583, 54.90501309163212], [-1.35616078216955, 54.90493129841873], [-1.355802139074864, 54.90441230376867], [-1.356572387416462, 54.904044310168054], [-1.356639410492882, 54.90400911356631], [-1.356703578951091, 54.90396894762903], [-1.35678199922678, 54.903915626150365], [-1.357205627392123, 54.90371876214673], [-1.357212574046001, 54.90371550150327], [-1.357685074046001, 54.90349150150327], [-1.357755886753341, 54.903454394423115], [-1.357844586753342, 54.903403294423114], [-1.35792065453451, 54.903354774462024], [-1.357992039459618, 54.90329959578477], [-1.358058160420112, 54.90323820757304], [-1.358118479158715, 54.903171109557206], [-1.3581725046511, 54.90309884794825], [-1.358225304651099, 54.90302114794825], [-1.358273154033887, 54.90294330598776], [-1.358313698482978, 54.902861421423324], [-1.358346599495433, 54.902776177903775], [-1.358403271476934, 54.90260666852447], [-1.358467530802805, 54.90249673792515], [-1.358734464148938, 54.90228472889614], [-1.358844873362856, 54.902219884698766], [-1.359101105149071, 54.902129337522105], [-1.359423729454977, 54.902075422082675], [-1.359453507952074, 54.90206998110645], [-1.359728707952074, 54.90201538110645], [-1.359828317438399, 54.90199023850971], [-1.359924821695055, 54.901955008857655], [-1.360017202196822, 54.901910063971066], [-1.360104483941413, 54.90185587820727], [-1.360730606297911, 54.90142108442489], [-1.360814008062578, 54.90138640058775], [-1.360897309669948, 54.901342131374484], [-1.360976069181971, 54.90129020969983], [-1.361049585723968, 54.901231097610655], [-1.361117205078037, 54.90116532114079], [-1.361411105078037, 54.90085112114079], [-1.361435464868199, 54.90082411046075], [-1.361625864868199, 54.90060511046075], [-1.36168482251146, 54.900530393506024], [-1.361736409851854, 54.90045040992437], [-1.361780159578903, 54.900365884257226], [-1.361815675380147, 54.90027758219108], [-1.361877775380147, 54.90009908219108], [-1.361906959691241, 54.89999850615266], [-1.361925465619925, 54.899895429510686], [-1.361933090206801, 54.89979098273384], [-1.361929749831016, 54.89968631131746], [-1.361915481127352, 54.89958256322054], [-1.361843813902277, 54.89920802133407], [-1.361888620074027, 54.899196560172854], [-1.361980978062595, 54.89916297892427], [-1.362069593904933, 54.89912049444715], [-1.362153611775971, 54.89906951704378], [-1.362232220256457, 54.899010539038514], [-1.362304660169403, 54.89894413002315], [-1.362370231911983, 54.89887093135592], [-1.36242830221209, 54.89879164996748], [-1.362478310244286, 54.89870705153354], [-1.362519773046081, 54.89861795308026], [-1.362552290182246, 54.89852521509363], [-1.362575547612089, 54.89842973320914], [-1.362589320722369, 54.898332429562025], [-1.362593476496543, 54.898234243881554], [-1.362587974799398, 54.8981361244154], [-1.362572868764664, 54.898039018771776], [-1.362548304281868, 54.89794386476769], [-1.362141304281869, 54.89663646476769], [-1.362137179707141, 54.89662352570314], [-1.361363207674929, 54.894251312684915], [-1.361590260169066, 54.893930018851066], [-1.361645140492552, 54.89384322353588], [-1.361690830180437, 54.893751257623364], [-1.361726847422324, 54.8936550909195], [-1.361752812406431, 54.8935557375288], [-1.361768451324819, 54.89345424516024], [-1.361773599260768, 54.89335168407893], [-1.361768201927867, 54.89324913581984], [-1.361752316242487, 54.89314768178274], [-1.361470316242487, 54.891802781782744], [-1.361446233018889, 54.89171021517962], [-1.361413416260969, 54.891620372884056], [-1.361029519577718, 54.89070742796715], [-1.360954252196915, 54.88967517727104], [-1.3609401744587, 54.8895657699946], [-1.360914132104275, 54.88945857890062], [-1.360876442020522, 54.8893549083048], [-1.360755045411504, 54.88907085832486], [-1.360763083979346, 54.88902527618375], [-1.360770590802463, 54.8889283046785], [-1.360768641671293, 54.88883106257799], [-1.360757255024276, 54.8887344697755], [-1.360736538577104, 54.88863944002205], [-1.360706688303745, 54.888546872282504], [-1.360667986582569, 54.8884576422315], [-1.360279886582568, 54.8876701422315], [-1.360251014830801, 54.8876158365842], [-1.359822168041807, 54.88686580521137], [-1.358971299629155, 54.88537939367883], [-1.358970242708608, 54.88535845717647], [-1.358956161459697, 54.88526320329818], [-1.35893298421813, 54.88516974529491], [-1.358900925873625, 54.885078949670294], [-1.358860283657781, 54.88499165824349], [-1.358632283657781, 54.88455785824349], [-1.358623765284517, 54.88454199920087], [-1.358476965284517, 54.88427449920087], [-1.358440042766853, 54.88421261557525], [-1.357927671057206, 54.88342021635069], [-1.35741556838265, 54.88261313696061], [-1.357338253480734, 54.88250731683494], [-1.356454653480734, 54.881450916834936], [-1.35643576521122, 54.881428987515775], [-1.355745783151616, 54.88065097566877], [-1.355473116648383, 54.88033953899856], [-1.355751397065591, 54.880110191474984], [-1.355830348705574, 54.880037676907804], [-1.355901084352423, 54.879957127592625], [-1.355962791131613, 54.87986946917996], [-1.35602686969493, 54.8797672040988], [-1.356068152995975, 54.879722341320786], [-1.356138152650723, 54.879637316124864], [-1.356198377928806, 54.87954510901296], [-1.356248098343638, 54.87944683838685], [-1.356286710824592, 54.87934369619412], [-1.356296419323008, 54.87931265427077], [-1.356323300714201, 54.87927910377181], [-1.356381914068342, 54.87918688081128], [-1.356430115051532, 54.879088813156315], [-1.356467328115124, 54.87898607179351], [-1.356497328115124, 54.878886571793515], [-1.356521820914867, 54.8787871916188], [-1.356526455233898, 54.87875412436283], [-1.356526917425067, 54.878753013813075], [-1.356555375124625, 54.87866007913079], [-1.3565746763769, 54.87856482075848], [-1.356584638848833, 54.878468138573], [-1.356587013950137, 54.87842425083151], [-1.356603247077455, 54.87835204625653], [-1.35661877385942, 54.87826526839896], [-1.356626597756015, 54.878177460289066], [-1.356633497756015, 54.878023460289064], [-1.356633023703742, 54.8779243822951], [-1.356622747470173, 54.87782583752031], [-1.356568547470173, 54.87747543752031], [-1.356563745816181, 54.87744709755345], [-1.356522010066855, 54.8772205837903], [-1.356501628955316, 54.877069452666596], [-1.356483335282453, 54.876971181759515], [-1.356455322204358, 54.87687522813998], [-1.356438511690777, 54.876833630000306], [-1.35644824993934, 54.876779811529424], [-1.356448704607707, 54.876773880396065], [-1.356510992112381, 54.876616789886725], [-1.35653260723039, 54.87655675275862], [-1.35657970723039, 54.87641155275862], [-1.356602875184734, 54.87632792887626], [-1.356618706378638, 54.876242611345184], [-1.356627081607841, 54.87615624258147], [-1.356636481607841, 54.87597994258147], [-1.35663723162237, 54.87589014444596], [-1.356629922759213, 54.87580064110423], [-1.356614613958998, 54.87571215433517], [-1.356591428675987, 54.87562539771977], [-1.356431128675987, 54.87511809771977], [-1.356405145273013, 54.87504568919401], [-1.356373672534833, 54.87497549233807], [-1.356239272534833, 54.87470419233807], [-1.356190002926823, 54.87461619323831], [-1.356132120201858, 54.87453360434086], [-1.356119623980923, 54.874517561068636], [-1.356116757828609, 54.874473853925615], [-1.356101733777503, 54.874380688887626], [-1.356077994555731, 54.874289354908385], [-1.356045751571662, 54.87420066535774], [-1.35600529196346, 54.87411541005574], [-1.355940491963461, 54.87399401005574], [-1.35587223727695, 54.87388394724014], [-1.355736562449603, 54.87369386156166], [-1.355663734993217, 54.873557504840356], [-1.355635567953678, 54.87347093565716], [-1.35558369577702, 54.873252277085406], [-1.355554317802107, 54.87315206307827], [-1.355514648813882, 54.873055459330885], [-1.355465121438867, 54.87296351939528], [-1.355415621438867, 54.87288211939528], [-1.355364389341554, 54.872805976170014], [-1.355306392367113, 54.87273485043976], [-1.355242118996138, 54.872669341262295], [-1.355172110572288, 54.872610000389884], [-1.355096956742813, 54.87255732762212], [-1.355062756742813, 54.87253562762211], [-1.354986158090934, 54.872491645426905], [-1.354947310286289, 54.87247369393116], [-1.35493469641438, 54.87243986102502], [-1.354906077907797, 54.872371049815705], [-1.354872414269, 54.87230456101312], [-1.354692014269, 54.87197896101312], [-1.354671608029922, 54.8719438329464], [-1.354589108029922, 54.8718082329464], [-1.354543407760296, 54.87173965189727], [-1.354222573196291, 54.87129870661841], [-1.354157378697391, 54.871197825853905], [-1.354121240666653, 54.871145620218186], [-1.353592840666653, 54.87043182021819], [-1.353515305905887, 54.870339322740556], [-1.353427192196872, 54.87025684003462], [-1.353171936908548, 54.87004530123389], [-1.353156668459287, 54.87001494349579], [-1.353074125140532, 54.86984579468708], [-1.353042885191722, 54.86976738310825], [-1.353002460608079, 54.86967874075402], [-1.352953602150193, 54.86959445276544], [-1.352896773563686, 54.869515319171555], [-1.352832514243559, 54.869442091077886], [-1.352827165908624, 54.86943707777237], [-1.352791381443891, 54.86934369482159], [-1.352744991762707, 54.86925207198048], [-1.35268944970089, 54.869165690113746], [-1.352684688394353, 54.86915973149728], [-1.352674152584837, 54.86913144674293], [-1.35262155503528, 54.869028477859366], [-1.35252825503528, 54.86886927785936], [-1.352462308595381, 54.868770668204796], [-1.352393908595381, 54.8686804682048], [-1.352316595090447, 54.868590202473136], [-1.35220440630611, 54.86847397559484], [-1.35209484277922, 54.868291087783625], [-1.35201975415776, 54.86818266895585], [-1.35192975415776, 54.86806946895585], [-1.35187441828984, 54.86800560568962], [-1.351813888237029, 54.86794664224535], [-1.351720588237029, 54.86786314224535], [-1.351698871529005, 54.867844262240354], [-1.351666521622328, 54.86781694521513], [-1.351563502701727, 54.86765307461031], [-1.351561106025021, 54.86764928116888], [-1.351504406025021, 54.86755998116888], [-1.351433545674461, 54.867462015404136], [-1.351183752855814, 54.867157313685716], [-1.35102163533825, 54.86694128051374], [-1.350993980060905, 54.86690609622795], [-1.350920580060905, 54.866816896227945], [-1.350882575892141, 54.866773340679124], [-1.350495990021366, 54.86635531559597], [-1.350315983712761, 54.86614654539269], [-1.350134542609072, 54.865904923774195], [-1.350063203387122, 54.86582014517418], [-1.349888103387122, 54.86563404517418], [-1.34986762042921, 54.86561290758782], [-1.34971922042921, 54.86546420758781], [-1.349620399978015, 54.86537742976179], [-1.349415399978015, 54.865220029761794], [-1.349338021037837, 54.865166217667166], [-1.349246204851128, 54.865108587874225], [-1.349200638942773, 54.865067444953006], [-1.349124814541411, 54.865011005270034], [-1.349043999936804, 54.86496197693805], [-1.348929358282115, 54.864899640143975], [-1.34872250545357, 54.86474225884393], [-1.348699152982282, 54.86472502072636], [-1.348635597189631, 54.86467951569944], [-1.348583964794693, 54.864601971844316], [-1.348534240482049, 54.86453372600387], [-1.348478935941199, 54.86446991840427], [-1.348411136731544, 54.864398063349036], [-1.348397651446719, 54.864379479438796], [-1.348336687002651, 54.86418914767757], [-1.348455475656424, 54.864008475392964], [-1.348502172635921, 54.86392983877672], [-1.348541490000081, 54.86384726474821], [-1.348573098885679, 54.86376144398347], [-1.348596734905714, 54.863673094315295], [-1.348612200360823, 54.86358295472906], [-1.348619365892911, 54.86349177918158], [-1.34861823468476, 54.86340516317768], [-1.348646361395096, 54.86337933447941], [-1.348670163346683, 54.86335392967461], [-1.348779103795149, 54.863291199799455], [-1.348860045126387, 54.86323925554093], [-1.348935622136232, 54.863179775958905], [-1.349005135759634, 54.86311331122196], [-1.349067943016075, 54.86304047610931], [-1.349123462956955, 54.862961944324276], [-1.349171182039195, 54.86287844226271], [-1.349210658875356, 54.86279074229405], [-1.349268458875356, 54.862643842294055], [-1.34929960098717, 54.862551800731985], [-1.349321663218083, 54.86245717125326], [-1.349334437267975, 54.86236084730024], [-1.349337802530907, 54.86226373831362], [-1.349331727233815, 54.86216676114599], [-1.349312527233815, 54.86199476114599], [-1.349293429877483, 54.861882313192105], [-1.349261652015175, 54.86177277133335], [-1.34921760705309, 54.8616675606273], [-1.34877420705309, 54.8607578606273], [-1.348762375321654, 54.8607343752891], [-1.348591375321654, 54.860405775289095], [-1.34853103839049, 54.86030481344338], [-1.34845926449308, 54.860211634329815], [-1.34838456449308, 54.86012563432982], [-1.348326242298643, 54.8600639813581], [-1.34828709707791, 54.86002907209809], [-1.348260147851136, 54.85988245503259], [-1.348289923998158, 54.859684815265], [-1.3483420595927, 54.859488618721436], [-1.348366144038133, 54.859368995147584], [-1.34837547942158, 54.8592473287572], [-1.34837727942158, 54.859131428757195], [-1.348375720620032, 54.85905796952772], [-1.348362420620032, 54.85882876952772], [-1.348355371831361, 54.858754866179034], [-1.348310871831361, 54.85842026617903], [-1.348284317951339, 54.85828881446229], [-1.348257817951339, 54.85819171446229], [-1.348233212182581, 54.8581141348006], [-1.348198912182581, 54.858019534800604], [-1.34816158240241, 54.85793030241352], [-1.348115806252018, 54.857845093989944], [-1.34803029563144, 54.85770288113968], [-1.347928656593684, 54.857485788049324], [-1.347858274616422, 54.857359967011575], [-1.347792974616422, 54.857260767011574], [-1.347769711231588, 54.857226958192236], [-1.347590338127382, 54.85697739934754], [-1.347325601770083, 54.856517646641564], [-1.347077147628418, 54.85594464485331], [-1.346985808712338, 54.85570195735328], [-1.346926143596436, 54.855572331595035], [-1.346674281142831, 54.85511433754546], [-1.346504102384779, 54.85478795934547], [-1.346463115263121, 54.854716665580455], [-1.346283915263121, 54.854432665580454], [-1.346224176641303, 54.8543480438077], [-1.346060876641303, 54.854140443807694], [-1.345988785857335, 54.85405843791856], [-1.345779861031244, 54.853845448407135], [-1.34564951944771, 54.85369438113011], [-1.34531604984614, 54.85326024325372], [-1.3453068186555, 54.85324841021322], [-1.344733154666586, 54.85252432658726], [-1.344598675878645, 54.8523378590465], [-1.344543744914218, 54.85226839579104], [-1.344165024101898, 54.85183079497457], [-1.343896270012744, 54.85149140130548], [-1.343877724427862, 54.851468674207794], [-1.343773724427862, 54.85134497420779], [-1.343690836430932, 54.85125764842789], [-1.343513666184928, 54.85109219055383], [-1.342876387760137, 54.85036071153339], [-1.342857341867016, 54.85033946988556], [-1.342621510560742, 54.850083881323954], [-1.342483667120658, 54.84988671681113], [-1.342435500149696, 54.84982334961771], [-1.341447400149696, 54.84862554961771], [-1.341434496071858, 54.84861022238877], [-1.340974496071858, 54.84807482238877], [-1.340934011670303, 54.848030468936535], [-1.339861432894098, 54.84692401820602], [-1.339378798009869, 54.8464050156942], [-1.339352186976188, 54.846377476258944], [-1.338927586976188, 54.84595457625895], [-1.338907564872729, 54.84593518264047], [-1.338467774848479, 54.84552092054456], [-1.33810015309336, 54.84516221138885], [-1.337781730628836, 54.84480247818759], [-1.337620903484746, 54.84459155734288], [-1.337595173562376, 54.84455922133525], [-1.337406252020599, 54.84433161058233], [-1.337233484755751, 54.84410134637174], [-1.337191999214228, 54.84404970967186], [-1.336993299214228, 54.843818509671856], [-1.336950756254294, 54.84377205231959], [-1.336641456254294, 54.8434549523196], [-1.336631521357395, 54.843444909778995], [-1.336576766636178, 54.84339033818394], [-1.336220439770011, 54.843024937951675], [-1.336189031130227, 54.842994116370726], [-1.335408431130227, 54.84226111637073], [-1.33535276999512, 54.84221258953111], [-1.335293679621787, 54.842168302468615], [-1.335121179621787, 54.84204870246861], [-1.335070533657479, 54.84201580692896], [-1.334927133657479, 54.84192870692897], [-1.334904224713758, 54.84191520587801], [-1.334250224713758, 54.84154140587801], [-1.334209068474838, 54.84151914355345], [-1.333951168474838, 54.84138734355344], [-1.333877513902886, 54.84135339563248], [-1.333758513902886, 54.84130429563248], [-1.333685644697351, 54.84127749015473], [-1.333045944697351, 54.84106999015473], [-1.33298476745913, 54.841052278259006], [-1.33286216745913, 54.84102097825901], [-1.332809037310807, 54.84100966603224], [-1.332771285492662, 54.84093087014579], [-1.332722018855574, 54.840849106384425], [-1.332665180458612, 54.840772412767784], [-1.332642280458612, 54.84074441276778], [-1.332559539011522, 54.84065496946698], [-1.332466533771853, 54.84057625303591], [-1.332435605571499, 54.84055315730188], [-1.332418247775256, 54.840509319028584], [-1.332401647775256, 54.84047321902858], [-1.332357313879639, 54.84038787539293], [-1.332304986843536, 54.84030718517209], [-1.332245150641298, 54.84023189467236], [-1.33217835869978, 54.84016270025788], [-1.33211405869978, 54.84010220025788], [-1.332061027507891, 54.840058054492765], [-1.331824248313256, 54.83973406533074], [-1.331789134147622, 54.839620315339054], [-1.331751834147622, 54.83952211533905], [-1.331716958431083, 54.839441224287], [-1.331670258431083, 54.839344824287004], [-1.331630891031159, 54.8392715033506], [-1.331567391031159, 54.839164203350606], [-1.331533465109959, 54.839110805770446], [-1.331457365109959, 54.83899900577044], [-1.331394648662979, 54.83891642297396], [-1.331307648662979, 54.83881342297396], [-1.331277577879212, 54.83877941857202], [-1.331224077879212, 54.838721618572016], [-1.331152463183998, 54.83865162870393], [-1.331032763183998, 54.83854582870393], [-1.330934434922639, 54.83846928076856], [-1.330523234922639, 54.83818848076856], [-1.330454875730568, 54.838145735267084], [-1.330429278713963, 54.83813113041413], [-1.330409262299498, 54.83789035325462], [-1.330396961774754, 54.83779648339422], [-1.330375839455819, 54.83770419741889], [-1.330346084658945, 54.83761432247431], [-1.330307964072019, 54.83752766409645], [-1.330261819364283, 54.83744499899167], [-1.330208064123994, 54.8373670680752], [-1.330147180151504, 54.83729456983043], [-1.330079713140943, 54.837228154048525], [-1.330006267789251, 54.83716841600441], [-1.329927502376361, 54.83711589112142], [-1.329844122865139, 54.837071050172405], [-1.329756876573937, 54.837034295060214], [-1.32966654547849, 54.837005955215545], [-1.329573939203182, 54.83698628464428], [-1.329506406137544, 54.836975251299194], [-1.329472554382094, 54.83695183830119], [-1.329388191176544, 54.83690481840034], [-1.32929968547894, 54.83686615623515], [-1.329207862872335, 54.83683621244711], [-1.329113579879978, 54.83681526635253], [-1.327359179879978, 54.83651356635254], [-1.327296439991203, 54.836505790283496], [-1.327292474103366, 54.83650018871033], [-1.327280189375308, 54.836475514031704], [-1.327236315819864, 54.83639654642396], [-1.327185494870164, 54.8363218603944], [-1.32712814126439, 54.83625206543867], [-1.327064723052239, 54.8361877311375], [-1.326995757775275, 54.83612938250844], [-1.326933657775275, 54.83608148250844], [-1.326856758871192, 54.83602772640436], [-1.326775160321956, 54.835981414020075], [-1.326689580452663, 54.83594295305094], [-1.326673321182458, 54.83593741092639], [-1.326671937640743, 54.83593617606846], [-1.326630413535497, 54.83585234098381], [-1.326572795028749, 54.83576188827826], [-1.326444995028749, 54.835583188278264], [-1.326443890886359, 54.835581647468125], [-1.326148999198176, 54.8351709542989], [-1.326110871158486, 54.83509840784611], [-1.32605561196975, 54.83501482049766], [-1.3258344805312, 54.83471422957283], [-1.325977512284781, 54.8345765448007], [-1.326037842426713, 54.83451315524553], [-1.326169542426713, 54.834362055245535], [-1.326243878990925, 54.83426546369998], [-1.326405078990925, 54.83402726369997], [-1.326451201688048, 54.83395218289862], [-1.326578001688048, 54.83372378289862], [-1.326636810780048, 54.833597989032306], [-1.326692110780048, 54.833454489032306], [-1.32672310021136, 54.833360438664705], [-1.326744635852913, 54.83326378447369], [-1.326756506530157, 54.83316547423251], [-1.326764706530157, 54.83304957423251], [-1.326765196797876, 54.832915735543715], [-1.326761196797876, 54.832852635543716], [-1.32675788042648, 54.832812891023806], [-1.32675148042648, 54.8327510910238], [-1.326733481212971, 54.83263940531393], [-1.326702982756114, 54.832530467195674], [-1.326660375365078, 54.83242567082309], [-1.326650360786195, 54.83240454965008], [-1.326639037427894, 54.83236061863851], [-1.326610256323546, 54.83227896214612], [-1.32656455480209, 54.83216525836082], [-1.32652725480209, 54.83207245836081], [-1.326515379989907, 54.83204417604995], [-1.326411479989906, 54.83180697604995], [-1.326368668383077, 54.83172078131468], [-1.326317769171047, 54.831639101229705], [-1.32625925380095, 54.83156269234587], [-1.32619265380095, 54.83148389234587], [-1.326145340290712, 54.8314317515858], [-1.326085940290712, 54.831370751585794], [-1.326042885607763, 54.83132910856676], [-1.325917016496215, 54.83121446034501], [-1.325854380672468, 54.831156430096534], [-1.32582307107885, 54.83112360635044], [-1.325794633919343, 54.831059992589005], [-1.325755058471411, 54.83098102199761], [-1.325708668582533, 54.83090585186661], [-1.325658968582533, 54.83083275186661], [-1.325599132447532, 54.830753511256574], [-1.325531732818239, 54.830680595364605], [-1.325468432818239, 54.830618595364605], [-1.325361123811662, 54.8305273735187], [-1.325268923811662, 54.830459573518695], [-1.325260318532681, 54.83045331582051], [-1.325040318532681, 54.83029511582052], [-1.325034089911757, 54.83029067292472], [-1.324955290355528, 54.830234918521725], [-1.324886899567034, 54.83018222928704], [-1.324885843305909, 54.83018141664948], [-1.324787443305909, 54.83010581664948], [-1.324769995011492, 54.83009271150338], [-1.324652287160042, 54.83000629553343], [-1.324576852947419, 54.82994981511918], [-1.324563561523752, 54.829940033444856], [-1.324485861523752, 54.82988383344486], [-1.324463619351985, 54.8298682018596], [-1.324376346634015, 54.82980862302671], [-1.324322462121955, 54.82976809769423], [-1.324319943983565, 54.82976621005515], [-1.324238281799186, 54.82970519517229], [-1.324201899571976, 54.82967579108822], [-1.32415710199652, 54.829636202533166], [-1.324124383657692, 54.82960678651114], [-1.324073136414699, 54.82955307012862], [-1.324030010369712, 54.82950107017923], [-1.323925935751162, 54.829366410024626], [-1.323913710855816, 54.82934952175325], [-1.323884954281404, 54.829301707567396], [-1.323873295011696, 54.82928280013737], [-1.323820895011696, 54.82919990013737], [-1.323782224618923, 54.82914481900729], [-1.323759518282291, 54.8290857517496], [-1.323712940971343, 54.828994037216994], [-1.323657188440573, 54.828907592687386], [-1.323581188440573, 54.82880209268738], [-1.32356989846289, 54.8287867313063], [-1.323514908636685, 54.828713386462866], [-1.32341612865614, 54.828563590131886], [-1.323398425385002, 54.82853764002291], [-1.323246325385002, 54.82832204002291], [-1.323238459542966, 54.82831104873213], [-1.323179655289837, 54.82823004132673], [-1.323127757399243, 54.82814798248812], [-1.323084157083491, 54.82808458174313], [-1.322992381988602, 54.82796154991302], [-1.322936820688179, 54.82788450170277], [-1.322896872862707, 54.82782534232764], [-1.322839964739946, 54.827738531882886], [-1.322797101102429, 54.82766983438888], [-1.322708382381912, 54.82750359678632], [-1.322681695967507, 54.82745022395751], [-1.322650111071063, 54.82738672169203], [-1.322602069997532, 54.827270576714916], [-1.32259987879488, 54.827265321629575], [-1.322563615001513, 54.827179043724335], [-1.32252818258246, 54.82707297072299], [-1.32250763259756, 54.82701705196931], [-1.322485792018457, 54.82696268123189], [-1.322470125444303, 54.82691932924908], [-1.322455464421218, 54.82686777333733], [-1.322416179877141, 54.82675549386955], [-1.322383979877141, 54.82667849386955], [-1.322357166135771, 54.82661977437644], [-1.322324066135771, 54.826553074376434], [-1.322294541405149, 54.826497974312105], [-1.322262417365138, 54.82644227826958], [-1.322233980450252, 54.82638668730815], [-1.322165811650026, 54.82627277370086], [-1.322140000388752, 54.82623550203674], [-1.322117905085123, 54.82619669684517], [-1.322078536905194, 54.826133196672465], [-1.322031759217051, 54.826063685182014], [-1.32196538366452, 54.82595357317127], [-1.321873292341488, 54.82579732943611], [-1.321855941054511, 54.82576897885689], [-1.321791541054511, 54.825667578856894], [-1.321779753616285, 54.82564945505644], [-1.321723553616285, 54.825565055056444], [-1.321667689784483, 54.82548917016053], [-1.321647025966285, 54.825463706767536], [-1.321643564600508, 54.82545651510782], [-1.321613875426019, 54.82539958317709], [-1.321574575426019, 54.82532978317708], [-1.321524373829023, 54.82524972185732], [-1.321493550076077, 54.82520536894324], [-1.321438750076077, 54.825126668943234], [-1.32143351864854, 54.82511922831507], [-1.32133391864854, 54.82497892831507], [-1.321318570022554, 54.82495789337476], [-1.321217342557571, 54.82482289059802], [-1.321132204075842, 54.82470809603615], [-1.321083730494891, 54.82464776503136], [-1.320970730494891, 54.82451776503136], [-1.320963240331194, 54.82450924609893], [-1.320855679018912, 54.824388301581884], [-1.320852774150521, 54.82438501663726], [-1.320848006073538, 54.82437764969634], [-1.320798743183718, 54.82430820663305], [-1.320746943183719, 54.82424140663304], [-1.320729528513158, 54.82422019496989], [-1.320707854421405, 54.82417651758972], [-1.320672061186209, 54.824109678232745], [-1.320662380238908, 54.824091243996484], [-1.320668913399166, 54.8240168038164], [-1.320671013399167, 54.823941303816405], [-1.320670538203787, 54.823871992774926], [-1.320670521271317, 54.823871585186204], [-1.320681403602625, 54.823799784935304], [-1.320686667501898, 54.82370506195683], [-1.320683782283992, 54.82363185297805], [-1.320684277568043, 54.823628448392554], [-1.320703926393868, 54.82358763654829], [-1.320737253754222, 54.8234968979474], [-1.320761664370309, 54.82340336544791], [-1.320784464370309, 54.82329476544791], [-1.320797478247556, 54.823218041032014], [-1.320804486524314, 54.823140536960814], [-1.320810386524314, 54.82302553696081], [-1.320811557201789, 54.822991198994956], [-1.320812189836254, 54.822953768122424], [-1.320818072191813, 54.82288392360183], [-1.320821470915063, 54.82281606714697], [-1.320822770915063, 54.822735167146966], [-1.320821768272371, 54.82267918200675], [-1.320830984292575, 54.82258930103551], [-1.320832560925778, 54.822572534415485], [-1.320838360925778, 54.82250473441549], [-1.320841212591433, 54.822379823846944], [-1.320837412591433, 54.82228412384694], [-1.320835963983694, 54.82225696413506], [-1.320832012422963, 54.82219797297843], [-1.32083144826506, 54.8221658629911], [-1.320831784905546, 54.82210459442256], [-1.320826541666683, 54.82199668410004], [-1.320822270190835, 54.82195519625484], [-1.320822196803498, 54.82192617156308], [-1.320815776482625, 54.82181553740382], [-1.32079742134004, 54.82170786180518], [-1.320786347055127, 54.821618487217215], [-1.320770747055127, 54.821528987217214], [-1.32075479336762, 54.82145439893187], [-1.320733200978563, 54.82138124360951], [-1.320716059357274, 54.8213303965531], [-1.320703972962909, 54.82128591862183], [-1.320700953790812, 54.82127478542473], [-1.320685056878883, 54.8212096837854], [-1.320682014455434, 54.821197553970336], [-1.320657914455434, 54.821103953970336], [-1.320653657605512, 54.821087969806214], [-1.320632357605512, 54.82101056980622], [-1.320608382873068, 54.820935229829324], [-1.320588119173587, 54.82087930599202], [-1.320524493004384, 54.820703270573674], [-1.32050523045082, 54.82064279689954], [-1.320466556201318, 54.82054093789078], [-1.32041670990889, 54.820428526552135], [-1.320390830405039, 54.82036737293002], [-1.320370119430888, 54.820321663464725], [-1.320315219430888, 54.82020816346472], [-1.320307851830979, 54.82019324946106], [-1.320270757076035, 54.82011970648285], [-1.320242873213668, 54.82005859435117], [-1.320229271807312, 54.820029992785976], [-1.320183671807312, 54.81993789278597], [-1.320174582798951, 54.81991998965804], [-1.320106882798951, 54.81978988965804], [-1.3200937296501, 54.819765447567974], [-1.319923954611288, 54.81946018947134], [-1.319842662337614, 54.81931184088979], [-1.319836237019941, 54.81930029706675], [-1.319729737019941, 54.81911189706675], [-1.319707077961541, 54.819073808560674], [-1.319486139652123, 54.818720485761546], [-1.319395580389072, 54.81857337596302], [-1.319390875578262, 54.81856580891795], [-1.319236275578262, 54.81831960891795], [-1.319207357234495, 54.81827612096984], [-1.319055464368608, 54.818060152957784], [-1.318936102093461, 54.817889169218155], [-1.318750316193312, 54.81762236913469], [-1.318654336692772, 54.81748373207836], [-1.318605204618018, 54.817406944372564], [-1.318528747890955, 54.81728109196608], [-1.318526289580541, 54.81727706685998], [-1.318414789580541, 54.817095466859975], [-1.318405166489823, 54.81708010765858], [-1.318310133328714, 54.8169314390816], [-1.318249088824168, 54.81683244041343], [-1.318234200404107, 54.8168090285033], [-1.318153300404107, 54.8166856285033], [-1.318147130887243, 54.81667633143018], [-1.318013315408441, 54.81647710147326], [-1.317912461031845, 54.81632086298249], [-1.3178920843632, 54.816290527669736], [-1.317807682039186, 54.81616970516481], [-1.317738528397789, 54.816068318083374], [-1.317720657026554, 54.816042970161234], [-1.317678084642434, 54.815984533196364], [-1.317432707059218, 54.81560632530282], [-1.317400551454212, 54.81555970907002], [-1.317237507886245, 54.81533710393697], [-1.317121307886245, 54.81517870393697], [-1.317100924625329, 54.81515187768656], [-1.316953724625329, 54.814964777686555], [-1.316934908794038, 54.8149415829713], [-1.316845008794038, 54.8148340829713], [-1.31683477121649, 54.81482203595444], [-1.31649947121649, 54.814433735954445], [-1.31649078979862, 54.81442381524114], [-1.31620018979862, 54.81409611524114], [-1.316174705188748, 54.81406844357042], [-1.315914005188748, 54.81379584357042], [-1.315907612717341, 54.813789220600064], [-1.315681719608341, 54.81355732767409], [-1.315459926346195, 54.81332963459118], [-1.315414288405661, 54.813285660785375], [-1.315319288405661, 54.81319976078537], [-1.315295700032544, 54.81317909489254], [-1.315225564324712, 54.81311956641041], [-1.315161723816058, 54.81306346156924], [-1.314950368931719, 54.812872882957414], [-1.314765069777551, 54.81270433905046], [-1.314721005723305, 54.81266653755084], [-1.314601305723305, 54.81256973755084], [-1.314596159722666, 54.81256560405507], [-1.314532973598686, 54.81251519233064], [-1.314360658065904, 54.81236996034546], [-1.314318597657662, 54.812336403869935], [-1.314119142508574, 54.812185875309225], [-1.314000470247255, 54.81209250046138], [-1.313951207430576, 54.81204935087468], [-1.313853320708414, 54.81194251514067], [-1.313786274047916, 54.8118479851017], [-1.313660541035806, 54.81166847625956], [-1.313624467554911, 54.811608535730095], [-1.31360716721339, 54.81157439409426], [-1.313588606215594, 54.81152380725639], [-1.313594316143431, 54.81150149909988], [-1.313625945372409, 54.811464942094005], [-1.313674871290257, 54.81139786828197], [-1.313718064795892, 54.81132696720462], [-1.313743864795892, 54.811280367204624], [-1.313804971436754, 54.811148075942924], [-1.313829271436754, 54.81108347594292], [-1.313863395818888, 54.810974122273755], [-1.313884789926157, 54.81086158343339], [-1.313917089926157, 54.81061558343339], [-1.313924160398713, 54.81053903888628], [-1.313955960398713, 54.809947038886285], [-1.313956971228907, 54.80986411931794], [-1.31395110833103, 54.809781401103386], [-1.31393620833103, 54.80964920110338], [-1.31392083725215, 54.80955418255857], [-1.31386903725215, 54.809309382558574], [-1.313858055666927, 54.80926297740104], [-1.313701641336626, 54.808665918222324], [-1.313592727978503, 54.808182523011325], [-1.313608442054746, 54.8080127832979], [-1.313611846084275, 54.807961917094254], [-1.313627746084275, 54.80757741709425], [-1.313624751726431, 54.80744845447571], [-1.313580451726431, 54.80694495447571], [-1.313570151901645, 54.80686498130169], [-1.31355344226994, 54.80678609795008], [-1.31351544226994, 54.80663669795008], [-1.313487445354549, 54.80654519789703], [-1.313450831230432, 54.80645679262064], [-1.313366731230432, 54.806278392620634], [-1.313348082829694, 54.806240890944196], [-1.31328159976192, 54.80611393457749], [-1.313169463968275, 54.80588974401317], [-1.313088301732287, 54.80567738376196], [-1.31303536645016, 54.805524957490476], [-1.313014948163654, 54.80544908626192], [-1.312992199875451, 54.80534223249706], [-1.312971413222471, 54.80518993990547], [-1.312960914075043, 54.80506936905113], [-1.312954051291306, 54.804732914393895], [-1.312952577544955, 54.804424381260795], [-1.312983941117817, 54.80400303040439], [-1.312986178884926, 54.80389652061668], [-1.312977073223869, 54.80379037717875], [-1.312958973223869, 54.80366087717875], [-1.312944010351823, 54.8035789034357], [-1.312809410351823, 54.8029832034357], [-1.312786642625491, 54.80289950786249], [-1.312718842625492, 54.80268710786249], [-1.312691426429383, 54.80261178458865], [-1.312658065428273, 54.80253889915117], [-1.312519565428273, 54.80226579915117], [-1.312504807688717, 54.80223812700948], [-1.312511904948654, 54.80222120147747], [-1.312556580044642, 54.80208973122707], [-1.312629780044642, 54.80181243122707], [-1.312654764937715, 54.801684494718394], [-1.312674464937715, 54.8015309947184], [-1.312682454844698, 54.801420737885245], [-1.312684354844698, 54.80130923788524], [-1.312676715446002, 54.80116766683688], [-1.312664415446002, 54.80106966683688], [-1.312648293226591, 54.80097684772142], [-1.312599193226591, 54.800756347721425], [-1.312593149190358, 54.800730791440486], [-1.312531849190358, 54.80048599144049], [-1.312511992642581, 54.80041723681324], [-1.312475092642581, 54.80030473681324], [-1.312431686875034, 54.800194810669886], [-1.312403186875034, 54.80013351066988], [-1.312338432375678, 54.800015673009284], [-1.312297432375678, 54.79995167300929], [-1.31224824166784, 54.79988167232609], [-1.312074112269887, 54.799655136761324], [-1.312055162673189, 54.79962608845153], [-1.311912513012638, 54.79935590547692], [-1.311859861781005, 54.7992675174755], [-1.311771861781005, 54.7991357174755], [-1.311736542942351, 54.799086154632846], [-1.311626942942351, 54.798941854632844], [-1.3115743062011, 54.79887819339088], [-1.3114614062011, 54.79875259339088], [-1.311408204929277, 54.7986977723131], [-1.311264723772938, 54.79856080196411], [-1.311260036501443, 54.798547019443], [-1.3112596440546, 54.798545318239945], [-1.31125947954975, 54.798513427799826], [-1.311279413814382, 54.798227396659115], [-1.311289340613493, 54.798220552217394], [-1.311352340613493, 54.7981715522174], [-1.311410307784898, 54.7981228348146], [-1.311501907784898, 54.798039734814594], [-1.311552722550679, 54.797990238274686], [-1.311627122550679, 54.797912438274686], [-1.311678259851836, 54.797854656873895], [-1.311724789812875, 54.79779310464752], [-1.311822089812875, 54.79765350464752], [-1.311892664560934, 54.79753577284786], [-1.312003664560934, 54.79731797284786], [-1.312042930266923, 54.79723087636231], [-1.312324130266923, 54.79651807636232], [-1.31235558004413, 54.79642527420142], [-1.312377796414306, 54.79632983960366], [-1.312432844717148, 54.796026818747215], [-1.312436817823257, 54.79601921357177], [-1.312472874159802, 54.795930361297486], [-1.312500254533826, 54.79583846406592], [-1.312612154533827, 54.795384364065924], [-1.312630679052528, 54.79528977620608], [-1.312640011290032, 54.79519384430125], [-1.312640062763907, 54.7951006912544], [-1.312643537793342, 54.79505963103818], [-1.312647066170261, 54.79498352546854], [-1.312644790236373, 54.794907372154114], [-1.312633590236373, 54.79474287215412], [-1.312619504791178, 54.7946304624976], [-1.31259279543687, 54.79452036735222], [-1.312263654709457, 54.79343593947348], [-1.312199902964512, 54.79322241170541], [-1.312142667153817, 54.792994565634714], [-1.31211181872495, 54.79289433398802], [-1.31209101872495, 54.79283753398803], [-1.312056224549881, 54.79275434266967], [-1.312014077736117, 54.792674623938126], [-1.311941477736117, 54.792551123938125], [-1.311860988889866, 54.79243410611799], [-1.311769514005211, 54.79231949173075], [-1.311700044778581, 54.792231629120266], [-1.311727850047664, 54.79213926707446], [-1.311739390270302, 54.79209770640042], [-1.311832590270302, 54.79173160640042], [-1.311838131414522, 54.79170871600887], [-1.311908631414522, 54.79140171600887], [-1.311928784292576, 54.79127990103551], [-1.311947384292576, 54.791098501035506], [-1.311952581562341, 54.79100257247715], [-1.311948549702351, 54.790906587874076], [-1.311945949702351, 54.79087778787408], [-1.311922997768548, 54.79073688548053], [-1.311840397768548, 54.79038868548052], [-1.311837721077139, 54.79037767980386], [-1.311734321077139, 54.789962779803865], [-1.311712096428672, 54.78988661704143], [-1.311679496428672, 54.789789417041426], [-1.311644824409641, 54.789700391587466], [-1.311601424409641, 54.78960299158747], [-1.311558241931229, 54.78951737541563], [-1.311478141931229, 54.78937587541562], [-1.31145334101003, 54.78933443118556], [-1.31134734101003, 54.78916663118556], [-1.311317346888193, 54.78912186809647], [-1.311056921253485, 54.7887549856352], [-1.311020255462811, 54.78869610265153], [-1.31083866326754, 54.78834362149727], [-1.310798000177181, 54.788272084363406], [-1.310699500177181, 54.78811428436341], [-1.310657541142781, 54.788052349273855], [-1.310421941142781, 54.78773114927385], [-1.31039921956116, 54.78770135899735], [-1.309845871274371, 54.78700337779551], [-1.30974421177088, 54.7868650517453], [-1.309362212953753, 54.78625133849276], [-1.309359034311727, 54.78624490117096], [-1.309357430186739, 54.786240064710036], [-1.309362405195319, 54.78622970150005], [-1.309679708492827, 54.78557182399905], [-1.309712643942494, 54.785495602440875], [-1.309739142412218, 54.78541691126679], [-1.309798442412218, 54.78521321126679], [-1.309808690185692, 54.78517009574932], [-1.309861873335759, 54.785103289539194], [-1.309921334220935, 54.78500853727853], [-1.310309634220935, 54.78430523727853], [-1.31031821522401, 54.78428935810905], [-1.310362378549757, 54.784205840353025], [-1.310517336217217, 54.78391531959137], [-1.310564129107753, 54.78381445546125], [-1.310622629107753, 54.78366745546125], [-1.310654242216354, 54.783575142595346], [-1.310676708046581, 54.78348018818356], [-1.310793008046581, 54.78285358818356], [-1.310805500849963, 54.78276372730366], [-1.310809797991982, 54.78267310400399], [-1.310809997991982, 54.78257330400399], [-1.310806539045199, 54.78248817400291], [-1.310795846140372, 54.7824036474202], [-1.310777996898167, 54.78232033784122], [-1.310744396898167, 54.78219073784122], [-1.310712637755059, 54.78209033286152], [-1.310586237755059, 54.78175353286152], [-1.310556510204488, 54.781682716095574], [-1.310490610204488, 54.781541216095576], [-1.3104287060208, 54.78142801166465], [-1.3103681060208, 54.78133241166465], [-1.310309059438999, 54.781249013794756], [-1.310180560828926, 54.78108588265967], [-1.309974247459488, 54.78075750494377], [-1.309956392251215, 54.780730091709145], [-1.309740474049355, 54.78041015915301], [-1.309738896127318, 54.78040736716767], [-1.309627509577323, 54.78015937608437], [-1.309581695311836, 54.78006974124757], [-1.309549995311836, 54.78001474124757], [-1.30952340500271, 54.77997121183709], [-1.30945520500271, 54.7798657118371], [-1.309409599963561, 54.77980094350338], [-1.309289399963561, 54.77964384350338], [-1.309260840859662, 54.779608231724694], [-1.309082640859662, 54.779396131724695], [-1.309048011545206, 54.77935703490654], [-1.308947044752471, 54.77924887009583], [-1.308882652658116, 54.77917872870733], [-1.308834906883118, 54.779130150149065], [-1.308701806883118, 54.779003650149065], [-1.308654912983017, 54.77896180623477], [-1.308347158253084, 54.77870409899732], [-1.308172870972923, 54.778540396619206], [-1.308029670334139, 54.778389753119775], [-1.307796259772295, 54.778097519150876], [-1.307748116852988, 54.77804160511289], [-1.307695982212913, 54.777989393048884], [-1.3075362957897596, 54.77784085637863], [-1.3075362957897596, 54.77759977360256], [-1.307119358382915, 54.77735869835717], [-1.307089130935084, 54.77731631865835], [-1.307046703073717, 54.77726101700808], [-1.306755703073717, 54.776907917008074], [-1.306739586397529, 54.77688885099735], [-1.306342226637792, 54.776430504174186], [-1.30749838892497, 54.77468755137636], [-1.311899835943749, 54.769385332924585], [-1.3119252371628514, 54.7693576724364], [-1.3125079168821685, 54.76969458069652], [-1.3125079168821685, 54.77041323459707]]]]}}, {"type": "Feature", "properties": {"band_id": "under_45", "order": 2}, "geometry": {"type": "Polygon", "coordinates": [[[-1.5537949844147079, 54.88146712607704], [-1.5537949844147079, 54.882185775612015], [-1.5544170000357553, 54.8825451003795], [-1.5550390156568028, 54.882185775612015], [-1.5550390156568028, 54.88074847654207], [-1.5569050625199452, 54.879670502239605], [-1.5587711093830876, 54.88074847654207], [-1.5575270781409927, 54.88146712607704], [-1.5575270781409927, 54.88290442514699], [-1.5569050625199452, 54.88326374991448], [-1.5544170000357553, 54.88326374991448], [-1.5531729687936604, 54.88398239944945], [-1.5519289375515655, 54.88398239944945], [-1.551306921930518, 54.88434172421694], [-1.551306921930518, 54.88506037375191], [-1.5519289375515655, 54.8854196985194], [-1.5531729687936604, 54.8854196985194], [-1.5550390156568028, 54.88649767282186], [-1.5544170000357553, 54.88685699758935], [-1.5531729687936604, 54.88685699758935], [-1.552550953172613, 54.887216322356835], [-1.5537949844147079, 54.88793497189181], [-1.552550953172613, 54.88865362142678], [-1.552550953172613, 54.89009092049673], [-1.551306921930518, 54.890809570031706], [-1.552550953172613, 54.89152821956668], [-1.552550953172613, 54.892246869101655], [-1.551306921930518, 54.89296551863663], [-1.551306921930518, 54.8936841681716], [-1.5519289375515655, 54.89404349293909], [-1.5531729687936604, 54.89404349293909], [-1.5544170000357553, 54.893324843404116], [-1.5550390156568028, 54.8936841681716], [-1.5537949844147079, 54.89440281770658], [-1.5537949844147079, 54.8965587663115], [-1.5544170000357553, 54.89691809107899], [-1.5569050625199452, 54.89691809107899], [-1.5575270781409927, 54.897277415846474], [-1.5575270781409927, 54.89799606538145], [-1.5587711093830876, 54.89871471491642], [-1.5587711093830876, 54.900870663521346], [-1.5575270781409927, 54.90158931305632], [-1.5575270781409927, 54.90374526166124], [-1.5569050625199452, 54.90410458642873], [-1.5556610312778503, 54.90410458642873], [-1.5550390156568028, 54.90446391119622], [-1.5562830468988977, 54.90518256073119], [-1.5550390156568028, 54.905901210266165], [-1.5550390156568028, 54.907338509336114], [-1.5537949844147079, 54.90805715887109], [-1.5537949844147079, 54.90877580840606], [-1.5519289375515655, 54.909853782708524], [-1.5506849063094705, 54.909853782708524], [-1.5488188594463281, 54.910931757010985], [-1.5488188594463281, 54.912369056080934], [-1.5494408750673756, 54.91272838084842], [-1.5506849063094705, 54.91200973131345], [-1.551306921930518, 54.912369056080934], [-1.550062890688423, 54.91308770561591], [-1.550062890688423, 54.91380635515088], [-1.5494408750673756, 54.91416567991837], [-1.5481968438252807, 54.91416567991837], [-1.5469528125831857, 54.91488432945334], [-1.5444647500989959, 54.91488432945334], [-1.5438427344779484, 54.91524365422083], [-1.5450867657200433, 54.915962303755805], [-1.5450867657200433, 54.91668095329078], [-1.5438427344779484, 54.91739960282575], [-1.5438427344779484, 54.91811825236073], [-1.5413546719937585, 54.919555551430676], [-1.5413546719937585, 54.92027420096565], [-1.5376225782674737, 54.92243014957057], [-1.5376225782674737, 54.92314879910555], [-1.5357565314043313, 54.92422677340801], [-1.5332684689201415, 54.92422677340801], [-1.532646453299094, 54.924586098175496], [-1.532646453299094, 54.92530474771047], [-1.5320244376780465, 54.92566407247796], [-1.5307804064359516, 54.92566407247796], [-1.5301583908149041, 54.926023397245444], [-1.5301583908149041, 54.92746069631539], [-1.5276703283307143, 54.92889799538534], [-1.5282923439517617, 54.92925732015283], [-1.5307804064359516, 54.92925732015283], [-1.5332684689201415, 54.92782002108288], [-1.5345125001622364, 54.92782002108288], [-1.5363785470253788, 54.92674204678042], [-1.5363785470253788, 54.926023397245444], [-1.5370005626464263, 54.92566407247796], [-1.5382445938885212, 54.92566407247796], [-1.5388666095095687, 54.926023397245444], [-1.5388666095095687, 54.92674204678042], [-1.5376225782674737, 54.92746069631539], [-1.5376225782674737, 54.92817934585037], [-1.5388666095095687, 54.92889799538534], [-1.5388666095095687, 54.929616644920316], [-1.5370005626464263, 54.93069461922278], [-1.5345125001622364, 54.93069461922278], [-1.5332684689201415, 54.9299759696878], [-1.532646453299094, 54.93033529445529], [-1.532646453299094, 54.93320989259519], [-1.533890484541189, 54.93392854213016], [-1.533890484541189, 54.934647191665135], [-1.5351345157832839, 54.93536584120011], [-1.5351345157832839, 54.93752178980503], [-1.5357565314043313, 54.93788111457252], [-1.5363785470253788, 54.93752178980503], [-1.5363785470253788, 54.93680314027006], [-1.5370005626464263, 54.93644381550257], [-1.5394886251306161, 54.93644381550257], [-1.540732656372711, 54.9357251659676], [-1.541976687614806, 54.9357251659676], [-1.5438427344779484, 54.93680314027006], [-1.543220718856901, 54.937162465037545], [-1.541976687614806, 54.937162465037545], [-1.5413546719937585, 54.93752178980503], [-1.5413546719937585, 54.93824043934001], [-1.5425987032358535, 54.93895908887498], [-1.5401106407516636, 54.94039638794493], [-1.5413546719937585, 54.9411150374799], [-1.5401106407516636, 54.94183368701488], [-1.540732656372711, 54.942193011782365], [-1.541976687614806, 54.942193011782365], [-1.5425987032358535, 54.94255233654985], [-1.5413546719937585, 54.943270986084826], [-1.5413546719937585, 54.9439896356198], [-1.5401106407516636, 54.944708285154775], [-1.5401106407516636, 54.94542693468975], [-1.5394886251306161, 54.945786259457236], [-1.5382445938885212, 54.945786259457236], [-1.5376225782674737, 54.94614558422472], [-1.5388666095095687, 54.9468642337597], [-1.5382445938885212, 54.947223558527185], [-1.5370005626464263, 54.947223558527185], [-1.5363785470253788, 54.94758288329467], [-1.5363785470253788, 54.948301532829646], [-1.5357565314043313, 54.94866085759713], [-1.5332684689201415, 54.947223558527185], [-1.532646453299094, 54.94758288329467], [-1.532646453299094, 54.94902018236462], [-1.5332684689201415, 54.94937950713211], [-1.5345125001622364, 54.94937950713211], [-1.5351345157832839, 54.949738831899595], [-1.5351345157832839, 54.95045748143457], [-1.5345125001622364, 54.950816806202056], [-1.5332684689201415, 54.950816806202056], [-1.5320244376780465, 54.95153545573703], [-1.5307804064359516, 54.95153545573703], [-1.5276703283307143, 54.953332079574466], [-1.5276703283307143, 54.95405072910944], [-1.5270483127096668, 54.95441005387693], [-1.5264262970886193, 54.95405072910944], [-1.5264262970886193, 54.953332079574466], [-1.524560250225477, 54.952254105272004], [-1.523316218983382, 54.95297275480698], [-1.522072187741287, 54.95297275480698], [-1.5208281564991921, 54.952254105272004], [-1.5195841252570972, 54.952254105272004], [-1.5189621096360497, 54.95189478050452], [-1.5189621096360497, 54.95045748143457], [-1.5183400940150023, 54.95009815666708], [-1.5158520315308124, 54.95009815666708], [-1.5146080002887174, 54.94937950713211], [-1.51398598466767, 54.949738831899595], [-1.51398598466767, 54.95045748143457], [-1.5133639690466225, 54.950816806202056], [-1.5121199378045276, 54.950816806202056], [-1.5114979221834801, 54.95117613096954], [-1.5133639690466225, 54.952254105272004], [-1.5146080002887174, 54.952254105272004], [-1.515230015909765, 54.95261343003949], [-1.515230015909765, 54.953332079574466], [-1.5158520315308124, 54.95369140434195], [-1.5170960627729073, 54.95369140434195], [-1.5177180783939548, 54.95405072910944], [-1.5158520315308124, 54.9551287034119], [-1.5146080002887174, 54.95441005387693], [-1.5133639690466225, 54.95441005387693], [-1.5121199378045276, 54.95369140434195], [-1.5114979221834801, 54.95405072910944], [-1.5114979221834801, 54.954769378644414], [-1.512741953425575, 54.95548802817939], [-1.512741953425575, 54.95620667771436], [-1.51398598466767, 54.95692532724934], [-1.51398598466767, 54.95764397678431], [-1.5170960627729073, 54.95944060062175], [-1.5183400940150023, 54.95944060062175], [-1.5189621096360497, 54.959799925389234], [-1.5170960627729073, 54.960877899691695], [-1.5146080002887174, 54.960877899691695], [-1.51398598466767, 54.96123722445918], [-1.515230015909765, 54.96195587399416], [-1.515230015909765, 54.963393173064105], [-1.5146080002887174, 54.96375249783159], [-1.5133639690466225, 54.96375249783159], [-1.512741953425575, 54.96411182259908], [-1.512741953425575, 54.96554912166903], [-1.51398598466767, 54.966267771204], [-1.51398598466767, 54.96698642073898], [-1.5133639690466225, 54.967345745506464], [-1.5121199378045276, 54.96662709597149], [-1.5114979221834801, 54.96698642073898], [-1.5114979221834801, 54.96770507027395], [-1.5108759065624326, 54.96806439504144], [-1.5096318753203377, 54.96806439504144], [-1.5090098596992902, 54.968423719808925], [-1.5090098596992902, 54.9691423693439], [-1.5102538909413852, 54.96986101887887], [-1.5102538909413852, 54.97057966841385], [-1.5096318753203377, 54.970938993181335], [-1.5083878440782428, 54.970938993181335], [-1.5071438128361478, 54.97165764271631], [-1.504655750351958, 54.97165764271631], [-1.5040337347309105, 54.972016967483796], [-1.5040337347309105, 54.97273561701877], [-1.5009236566256732, 54.974532240856206], [-1.4996796253835782, 54.974532240856206], [-1.4990576097625308, 54.97489156562369], [-1.4990576097625308, 54.97561021515867], [-1.5003016410046257, 54.97632886469364], [-1.5003016410046257, 54.977047514228616], [-1.4984355941414833, 54.97812548853108], [-1.4971915628993884, 54.97812548853108], [-1.495325516036246, 54.97920346283354], [-1.496569547278341, 54.97992211236851], [-1.4959475316572934, 54.980281437136], [-1.4947035004151985, 54.980281437136], [-1.494081484794151, 54.98064076190349], [-1.494081484794151, 54.98135941143846], [-1.4878613285836764, 54.98495265911333], [-1.4878613285836764, 54.98567130864831], [-1.487239312962629, 54.986030633415794], [-1.4822631879942492, 54.986120464607666], [-1.4740972793628495, 54.986120464607666], [-1.474086649057036, 54.98607265113952], [-1.474054554962341, 54.98597601228312], [-1.474012799407749, 54.985883138319366], [-1.47396181536076, 54.98579499226765], [-1.473902131480028, 54.98571248812313], [-1.473834366633652, 54.9856364813795], [-1.473759223482062, 54.98556776015825], [-1.473677481192076, 54.98550703703654], [-1.473589987357627, 54.98545494165849], [-1.473497649210992, 54.985412014206226], [-1.473401424215596, 54.985378699798794], [-1.473302310137992, 54.985355343876584], [-1.472720310137992, 54.98524914387658], [-1.47261497370541, 54.98523565466337], [-1.472508800762333, 54.98523341210673], [-1.472402988697791, 54.9852424414976], [-1.471991632522298, 54.98529967717534], [-1.471795203725526, 54.98532705985256], [-1.470856849351693, 54.98529678205604], [-1.469274468443751, 54.985021410940334], [-1.468034842682821, 54.9845797636444], [-1.467127611991043, 54.984209676865056], [-1.467034234262697, 54.98417687479064], [-1.46693807137327, 54.98415346379036], [-1.466840065274446, 54.98413967318377], [-1.465616284208619, 54.984028879344436], [-1.463818660944269, 54.983549117960514], [-1.463729800633607, 54.983529684057636], [-1.463639542040198, 54.98351840497488], [-1.462584942040198, 54.98343510497488], [-1.462488040680435, 54.98343216489404], [-1.462391309991356, 54.98343862178103], [-1.462295659098047, 54.98345441495071], [-1.459665219052774, 54.98402092854465], [-1.45822974551761, 54.984263818467866], [-1.451288838630394, 54.98543840580874], [-1.450065343032156, 54.98563171123077], [-1.450041400323302, 54.98561256150978], [-1.449960364627241, 54.98555971847296], [-1.44987460194518, 54.985514953163374], [-1.449784914944691, 54.98547868454719], [-1.44969214302171, 54.98545125206857], [-1.449597154444489, 54.98543291247276], [-1.449500838227326, 54.985423837403175], [-1.449404095810124, 54.985424111794934], [-1.44930783262167, 54.98543373307995], [-1.44903083262167, 54.98547503307995], [-1.44891995699158, 54.985498046745775], [-1.44875205699158, 54.985542946745774], [-1.448623411203392, 54.98558691558342], [-1.448488311203392, 54.98564361558342], [-1.448417237013394, 54.985676780262175], [-1.448348980568724, 54.98571541307415], [-1.448182580568724, 54.985818413074156], [-1.448106635257169, 54.98587040357665], [-1.448035791551194, 54.9859291562108], [-1.447892191551194, 54.9860598562108], [-1.447828128973114, 54.986123693793786], [-1.447770095901827, 54.98619305814737], [-1.447718567004385, 54.98626738192311], [-1.447668867004384, 54.986346481923114], [-1.447619594167806, 54.98643445771747], [-1.447579431517851, 54.98652694833519], [-1.447548787410384, 54.986623013373034], [-1.447527973420987, 54.98672167608465], [-1.447517201176997, 54.9868219333117], [-1.447516580205771, 54.98692276568355], [-1.44752611682107, 54.98702314798172], [-1.447545714058853, 54.9871220595639], [-1.447575172663169, 54.98721849474135], [-1.447614193112103, 54.987311473004304], [-1.44766237866318, 54.98740004899137], [-1.447719239387265, 54.98748332210152], [-1.447784197149941, 54.987560445651006], [-1.447801634065621, 54.98757735158826], [-1.447745493889037, 54.987640460342305], [-1.447382198302724, 54.9879777606381], [-1.447301447080846, 54.9880620275417], [-1.447085369211931, 54.98831561262473], [-1.446828070121982, 54.98840563649531], [-1.44673262850932, 54.9884223104476], [-1.446635879244451, 54.98844944979833], [-1.446542342033594, 54.9884861615784], [-1.446452961318655, 54.98853207511026], [-1.446368639573549, 54.988586726806595], [-1.446277639573549, 54.988652426806595], [-1.44619910704435, 54.98871537238388], [-1.446127299421395, 54.98878589308387], [-1.446062944080277, 54.988863274566874], [-1.446006692908672, 54.98894673299685], [-1.445959115703038, 54.98903542298133], [-1.445920694396863, 54.98912844613476], [-1.445891818178916, 54.98922486017875], [-1.445872779550956, 54.98932368848688], [-1.445863771364839, 54.98942392997741], [-1.445864119746802, 54.98945541697961], [-1.44584156669345, 54.989477228301816], [-1.44528656669345, 54.99006852830181], [-1.445222856437363, 54.99014347479115], [-1.445166817714177, 54.99022431806234], [-1.445124703096618, 54.99030001243725], [-1.445051196371692, 54.99034126779773], [-1.444706096371692, 54.99055746779773], [-1.444698350411219, 54.99056282427458], [-1.444479467065981, 54.990457958522526], [-1.444400870053881, 54.99042435415923], [-1.444319690326744, 54.9903975848588], [-1.444110490326744, 54.9903383848588], [-1.44400564229331, 54.990314718121475], [-1.443937186985685, 54.9903068479206], [-1.443916877549964, 54.990299035089365], [-1.443825741775243, 54.990273559803114], [-1.44373260603754, 54.99025681304205], [-1.44354680603754, 54.99023241304205], [-1.443452463109908, 54.990224543288235], [-1.443357798758399, 54.99022563028996], [-1.443263661414255, 54.99023566430494], [-1.443170894785399, 54.99025455540311], [-1.443080330294694, 54.990282134272604], [-1.442992779628291, 54.99031815373723], [-1.442909027460878, 54.99036229097177], [-1.442829824423016, 54.99041415039534], [-1.442755880373596, 54.99047326721676], [-1.442687858037715, 54.99053911160027], [-1.442626367066989, 54.990611093414216], [-1.442571958575535, 54.99068856752006], [-1.442525120200602, 54.990770839554514], [-1.442469420200603, 54.990880439554516], [-1.442429815355903, 54.9909686967852], [-1.442408750514227, 54.99103120630046], [-1.442390299502535, 54.991062300054374], [-1.442347164566565, 54.991155706747215], [-1.442313855404554, 54.991253051149705], [-1.442290724608406, 54.99135330282918], [-1.442278017027611, 54.991455400578225], [-1.442275867177415, 54.991558263647946], [-1.442284297814913, 54.991660803188225], [-1.442303219698157, 54.991761933773624], [-1.442367019698157, 54.99202673377363], [-1.442394237976426, 54.992119680033014], [-1.442430319848989, 54.99220955739545], [-1.442474926873589, 54.99229552282549], [-1.442527640643392, 54.99237676998101], [-1.4425615504259, 54.9924238711537], [-1.440814824535752, 54.9931099182963], [-1.440744095110459, 54.99314090110949], [-1.440675967190729, 54.99317724905123], [-1.440570867190729, 54.99323864905123], [-1.44049304606052, 54.99328909301973], [-1.440420232734732, 54.99334652943548], [-1.440353053460557, 54.99341046430379], [-1.440292086028276, 54.99348034773865], [-1.440237854801842, 54.99355557869202], [-1.440210378895066, 54.993597680556775], [-1.440184513391614, 54.993625773997174], [-1.440125175893639, 54.99370456981433], [-1.44007388997307, 54.99378882818968], [-1.440031154627527, 54.993877729312885], [-1.439997385659934, 54.99397040820096], [-1.439972911632871, 54.99406596311431], [-1.439957970671757, 54.994163464330434], [-1.439952708147951, 54.99426196318987], [-1.439957175264334, 54.99436050132633], [-1.439971328557117, 54.9944581199914], [-1.439995030318731, 54.99455386938284], [-1.440028049937684, 54.99464681788595], [-1.440070066142348, 54.994736061137864], [-1.440120670126839, 54.994820730826774], [-1.440179369528583, 54.99490000314036], [-1.440214669796943, 54.99493897073836], [-1.440187124386376, 54.994972595991804], [-1.440129124413404, 54.99505088840147], [-1.440079019168147, 54.99513445372128], [-1.440037284334684, 54.99522249860728], [-1.440004316130931, 54.995314187187915], [-1.439980427547067, 54.995408648999444], [-1.4399658453741, 54.99550498724994], [-1.43996070805078, 54.99560228733311], [-1.439965064349305, 54.99569962551133], [-1.439968112413237, 54.99572091609696], [-1.439779094527889, 54.99604903242613], [-1.439771072628073, 54.99606322384002], [-1.439710776320772, 54.99617195242404], [-1.439706938349845, 54.99617392166269], [-1.439624535075026, 54.996226986112944], [-1.43954772223418, 54.99628786240606], [-1.439477237701871, 54.9963559657561], [-1.439413758562072, 54.99643064195306], [-1.439357894604008, 54.996511173647264], [-1.439310182464433, 54.996596787240335], [-1.439244782464433, 54.99672898724033], [-1.439210567548384, 54.996806190556526], [-1.439182988270889, 54.99688600531684], [-1.439162241300123, 54.996967862361224], [-1.439118841300123, 54.99717556236123], [-1.439106805352484, 54.99724546049048], [-1.439018484799242, 54.99789546555798], [-1.438972546055359, 54.997958989375356], [-1.438922097261959, 54.99804598662242], [-1.43888064151093, 54.99813761097759], [-1.43882324151093, 54.99828361097759], [-1.438791876993656, 54.99837653162223], [-1.438769765193593, 54.998472077671025], [-1.438757118781572, 54.99856933016409], [-1.438754059390521, 54.99866735372896], [-1.438760616445599, 54.99876520557704], [-1.438776726881188, 54.99886194457129], [-1.438802235747452, 54.99895664027808], [-1.438836897700649, 54.99904838191609], [-1.438880379362836, 54.99913628711615], [-1.438904898426021, 54.999175616966795], [-1.438866523133996, 54.999195849155676], [-1.438782516524317, 54.99925161825199], [-1.438704553191279, 54.999315563707455], [-1.43863342581168, 54.99938703536928], [-1.438569857559108, 54.99946530656346], [-1.438514494751222, 54.99954958148307], [-1.438467900278441, 54.99963900327951], [-1.438430547880869, 54.99973266277433], [-1.438324047880869, 55.00004456277433], [-1.438297513965007, 55.000136414974726], [-1.438279873079179, 55.00023038132272], [-1.438271286476523, 55.00032560288364], [-1.438271832646105, 55.000421209249055], [-1.438281506595456, 55.00051632649309], [-1.438300219896211, 55.00061008516087], [-1.438327801492419, 55.00070162821609], [-1.438363999264145, 55.0007901188751], [-1.438408482332069, 55.0008747482558], [-1.438460844082007, 55.00095474277156], [-1.438520605881729, 55.00102937120249], [-1.438587221456068, 55.00109795137939], [-1.43866008188036, 55.00115985641943], [-1.438738521146542, 55.00121452045632], [-1.438821822251058, 55.00126144381293], [-1.439275436594137, 55.00148911677464], [-1.43932336902494, 55.00165689653074], [-1.43933366213497, 55.00168617556653], [-1.439364168179122, 55.00195435637967], [-1.439356133859359, 55.00200306549155], [-1.439281658210664, 55.002192777555116], [-1.439263048045551, 55.00224428761383], [-1.439166016037449, 55.00253776832307], [-1.439066868513512, 55.00274161008557], [-1.438946746118189, 55.0029876130736], [-1.438736935199404, 55.0033012472324], [-1.438457738763042, 55.003583663058485], [-1.438419221675807, 55.00358358965036], [-1.438326840165998, 55.003592009577154], [-1.438235636367704, 55.00360895377081], [-1.438146395111364, 55.003634276422495], [-1.437116495111364, 55.003978876422494], [-1.437024555184017, 55.00401477538361], [-1.436936601991021, 55.00405956289852], [-1.436853492344734, 55.004112802661325], [-1.436776035873204, 55.004173976027], [-1.43670498713303, 55.00424248706384], [-1.436660679941157, 55.00429457667604], [-1.436071598207915, 55.00447101450276], [-1.43541521427972, 55.00462385532134], [-1.435368770919865, 55.004635851004586], [-1.433784903715905, 55.005085727849675], [-1.432879565454978, 55.00530796575201], [-1.432813606374069, 55.005313217279465], [-1.432723627627118, 55.00532873586743], [-1.432635439437758, 55.005352396905714], [-1.431685663914727, 55.005654331420075], [-1.430570725866042, 55.00591480758282], [-1.429402898422311, 55.006173452595675], [-1.429085206066242, 55.00624256261707], [-1.429040214113019, 55.00624062553527], [-1.428990984414673, 55.00624101274465], [-1.428982338663898, 55.00622736368553], [-1.4289239461552, 55.00615211396846], [-1.428858659259199, 55.00608276105791], [-1.428787070272, 55.0060199341377], [-1.42870982866357, 55.00596420318653], [-1.428627635185613, 55.005916073807015], [-1.428541235514212, 55.00587598263875], [-1.428451413484895, 55.005844293397026], [-1.428358983981526, 55.005821293573156], [-1.428264785543507, 55.005807191826236], [-1.427914019929856, 55.0057716587952], [-1.427771569948026, 55.00574520713282], [-1.427670410680761, 55.00573171935854], [-1.427568403511698, 55.00572861213016], [-1.427451903511697, 55.00573101213016], [-1.427357229076163, 55.00573746591012], [-1.427263592643772, 55.00575286456424], [-1.427171837401238, 55.005777069429186], [-1.427082789595345, 55.00580986254256], [-1.426997251092683, 55.005850948605676], [-1.426915992158915, 55.005899957642626], [-1.42686053561586, 55.00594104453391], [-1.426803103966538, 55.00597447082723], [-1.426727368751356, 55.00602856109113], [-1.426656990127578, 55.00608945796118], [-1.426592577685246, 55.00615663397431], [-1.426517126261885, 55.00624303505544], [-1.426164774334683, 55.00663066511021], [-1.426144136148046, 55.00657315081257], [-1.42611022657299, 55.00649047344287], [-1.426069071626202, 55.00641115335022], [-1.425949871626202, 55.00620455335022], [-1.425909028952282, 55.006139647788], [-1.425863332637627, 55.00607806286413], [-1.425700032637627, 55.005874762864124], [-1.425661613709402, 55.00582973087588], [-1.425256613709402, 55.00538253087588], [-1.425176545677969, 55.00530354244921], [-1.424827145677969, 55.00499564244922], [-1.424745670978001, 55.00493104936506], [-1.424337170978001, 55.00464044936506], [-1.424266473880505, 55.00459451803634], [-1.423827773880505, 55.00433511803634], [-1.423818432339511, 55.00432966243136], [-1.423402332339511, 55.00408966243136], [-1.423369614102551, 55.004071597325094], [-1.423060714102551, 55.00390849732509], [-1.423033183364616, 55.00389450035127], [-1.422614683364616, 55.003689800351275], [-1.422563429426811, 55.00366649512369], [-1.422215340109033, 55.00351989899463], [-1.421964167156339, 55.00338031174941], [-1.421908854184164, 55.003351787571916], [-1.421168654184164, 55.00299878757191], [-1.42108337885072, 55.00296286307424], [-1.420957693578263, 55.002916638043864], [-1.4207984474119, 55.002820799120805], [-1.420708972943729, 55.0027729582908], [-1.420615111269949, 55.00273443022745], [-1.420095654692013, 55.00255140774293], [-1.419857849001434, 55.00245968944477], [-1.419752402701923, 55.002425601625866], [-1.419279502701924, 55.00230120162587], [-1.419195877626333, 55.0022829904028], [-1.418915477626333, 55.0022343904028], [-1.418832813776422, 55.00222358958323], [-1.418749537538427, 55.00221971170096], [-1.418604837538427, 55.00221901170096], [-1.41849270065818, 55.002224773239526], [-1.418381916594647, 55.002243069865045], [-1.41827388209948, 55.00227367089595], [-1.41822808209948, 55.00228947089595], [-1.418134784488375, 55.002327005624274], [-1.418045728552192, 55.00237372114951], [-1.417601073435103, 55.00263629226136], [-1.417170085731815, 55.00286881397538], [-1.417121044149174, 55.00289709306908], [-1.417043832081864, 55.00294457799993], [-1.416630593508154, 55.00319673164322], [-1.41627866445178, 55.00339045840508], [-1.416266381627643, 55.00339733282425], [-1.415696743688551, 55.00372143207044], [-1.415419332951487, 55.00387235959319], [-1.415288064428014, 55.00353353819675], [-1.415245355213847, 55.00343836198731], [-1.415192963160428, 55.003348153004616], [-1.415131458428877, 55.003263892955864], [-1.415059175340766, 55.00317500277197], [-1.414943131300437, 55.00296523365821], [-1.414917678653804, 55.00292183804782], [-1.414801113258942, 55.002734087119364], [-1.414764775378046, 55.00264694099787], [-1.414711469188497, 55.00253816501078], [-1.414645401677465, 55.00243663250763], [-1.414575383084995, 55.00234209263594], [-1.414562120577096, 55.00228811076147], [-1.414529152516402, 55.00218047773617], [-1.414484296411088, 55.00207723195671], [-1.414428120667006, 55.00197968172894], [-1.414281420667006, 55.001755181728946], [-1.414212287214253, 55.001661734826286], [-1.414010387214252, 55.001419634826284], [-1.413936955239787, 55.001340660621814], [-1.413858462052732, 55.001272665443956], [-1.413632382028691, 55.000970800489384], [-1.413559621036976, 55.00083175496116], [-1.413514502872852, 55.00075421393363], [-1.413429868025497, 55.000622707062504], [-1.413315612040074, 55.00030287997447], [-1.413283382566284, 55.0002235579386], [-1.413244485926495, 55.00014728359317], [-1.41319920726125, 55.00007461608441], [-1.41288720726125, 54.99961861608441], [-1.412829946858146, 54.99954290635255], [-1.412765765801959, 54.99947296702679], [-1.412262081328126, 54.99897386830904], [-1.411803818357823, 54.998421854831214], [-1.411783060235928, 54.998397646116885], [-1.411587360235928, 54.99817664611688], [-1.411488564166168, 54.99807954962961], [-1.411293644539205, 54.99791288793746], [-1.411293508002988, 54.997912652986706], [-1.41123624422714, 54.99782501924375], [-1.411170132916938, 54.99774385208541], [-1.411095898573863, 54.997670041007396], [-1.411014354718191, 54.9976043948915], [-1.410930055279036, 54.99754351763308], [-1.410838815405568, 54.997444875279314], [-1.41077152691746, 54.99737868737118], [-1.410698297948534, 54.99731913824924], [-1.410502652390215, 54.997174828704274], [-1.41048798884894, 54.99715159753901], [-1.410425713854075, 54.99707203675581], [-1.410355728544986, 54.99699916598169], [-1.41027874733823, 54.99693372908831], [-1.409769870073461, 54.9965436755725], [-1.409738606071441, 54.99650489516474], [-1.409670571109416, 54.9964355275047], [-1.409596125289446, 54.99637308995025], [-1.409515971426848, 54.99631817195112], [-1.409476418713644, 54.99629380786309], [-1.409431505873038, 54.9962432055383], [-1.409206352818879, 54.99594084689141], [-1.409144937546419, 54.99586619522637], [-1.409076601233254, 54.99579782231442], [-1.408709601233254, 54.99546452231442], [-1.408644810244136, 54.99541048815742], [-1.408575695262951, 54.99536210756451], [-1.408502748219889, 54.995319724887594], [-1.408434021346306, 54.99528358241729], [-1.408404167593796, 54.99525138566262], [-1.408276207929845, 54.99510782348202], [-1.408216959114247, 54.99504678764473], [-1.408152737432185, 54.99499100797876], [-1.408084007578624, 54.994940888094355], [-1.407741507578624, 54.994712788094354], [-1.40771178473806, 54.99469374176013], [-1.40713678473806, 54.99433944176013], [-1.407104298639236, 54.994320260552726], [-1.406688398639236, 54.99408516055272], [-1.406673155431976, 54.99407671826128], [-1.406378583336277, 54.99391691027238], [-1.405772371987998, 54.993509105194754], [-1.405480128767628, 54.99328346880707], [-1.405381211350828, 54.993216140563256], [-1.404916411350828, 54.992938940563256], [-1.404856676311221, 54.99290602357747], [-1.404538576311221, 54.992744623577465], [-1.404534774329765, 54.99274270466835], [-1.404143374329765, 54.99254620466835], [-1.404012981047851, 54.99249190359991], [-1.403500681047851, 54.99231990359991], [-1.403389685624321, 54.992289619534105], [-1.403207985624321, 54.9922511195341], [-1.403114507213381, 54.99223589714737], [-1.403020007959206, 54.992229586416016], [-1.402925335513905, 54.992232243946894], [-1.402831339083098, 54.99224384590213], [-1.402535139083098, 54.992294745902136], [-1.4024167169444, 54.992322604373555], [-1.4022350169444, 54.992377204373554], [-1.402223884014544, 54.99238115755315], [-1.402198710218062, 54.99231750101529], [-1.402174107633605, 54.99226300987996], [-1.402148733787876, 54.99219569292858], [-1.402109860303205, 54.992106086088235], [-1.402062430292633, 54.99202069915865], [-1.402006896263774, 54.991940346776694], [-1.401943788040897, 54.99186579554698], [-1.401873707710127, 54.99179775672801], [-1.401767707710127, 54.991704456728016], [-1.401701619674804, 54.991651092884155], [-1.401385219674804, 54.991417092884156], [-1.401304802368369, 54.9913634311103], [-1.401219579054509, 54.99131778556372], [-1.401130346275412, 54.99128058287185], [-1.401129443563429, 54.99128025678206], [-1.401129407303767, 54.99128023747422], [-1.401094339105897, 54.99126244013184], [-1.401067839105897, 54.99124964013185], [-1.400971876592975, 54.99120930519272], [-1.400872241027587, 54.99117916443442], [-1.400830751671733, 54.9911712017193], [-1.400814945481561, 54.991161005428225], [-1.400728850667313, 54.99111661932763], [-1.400638865416828, 54.991080771068795], [-1.400516148657732, 54.991038647290985], [-1.400414905226862, 54.99098649898582], [-1.400395489894982, 54.99097759134458], [-1.400358981044405, 54.990949469160896], [-1.400267730835052, 54.990893609087934], [-1.40017103495935, 54.99084781764681], [-1.40008143495935, 54.990811117646814], [-1.400008378932794, 54.9907844617168], [-1.39993347243083, 54.99076356344929], [-1.39983747243083, 54.99074076344929], [-1.39971178134348, 54.99071926811573], [-1.39959288134348, 54.990706668115735], [-1.399483161535634, 54.990701109411184], [-1.399431461055907, 54.99070417866173], [-1.399357235746142, 54.990693906793545], [-1.399305535746142, 54.99068920679354], [-1.399296459151834, 54.99068842331893], [-1.399213259151833, 54.99068162331893], [-1.399106167399188, 54.990678628569086], [-1.399055467399188, 54.99067992856909], [-1.398955403673851, 54.99068753123545], [-1.398892935103823, 54.99069865526859], [-1.398868745499982, 54.99069910097523], [-1.398828494834564, 54.99070396239816], [-1.398818988416092, 54.99070401574506], [-1.398764332391945, 54.990705817744384], [-1.398737832391945, 54.99070741774439], [-1.398630781209426, 54.990719697153715], [-1.398576809067278, 54.99073188045564], [-1.398555627200373, 54.990729613131386], [-1.398466133934878, 54.99072808277884], [-1.398376862312924, 54.99073456074625], [-1.398330294437816, 54.99074217019291], [-1.398290922287208, 54.9907389763678], [-1.398270335648794, 54.990726544851334], [-1.398186549195771, 54.99068605437846], [-1.398099361672921, 54.99065352771305], [-1.398009528093509, 54.99062924652458], [-1.397966528093509, 54.99061974652457], [-1.39787747798354, 54.990604256106174], [-1.397787392930262, 54.99059686974555], [-1.397697008917312, 54.99059764778833], [-1.397679661591003, 54.99059937126429], [-1.397630245310732, 54.9905829906825], [-1.397538487204665, 54.99055735575911], [-1.397444706018458, 54.99054056920379], [-1.39734975297574, 54.990532783383046], [-1.39725448993673, 54.99053406896643], [-1.397188869253844, 54.99053808655926], [-1.397109953549668, 54.9904915543053], [-1.397100217468521, 54.990486420110834], [-1.397056097270018, 54.99045236729727], [-1.396958142060889, 54.99038563653168], [-1.396852979525009, 54.99033096424326], [-1.396745979525009, 54.99028316424326], [-1.396626456088836, 54.99023867675431], [-1.396330256088836, 54.99014947675431], [-1.396244600391194, 54.99012775919641], [-1.396157361897238, 54.99011368809013], [-1.396129779252758, 54.9901104819024], [-1.39612649068515, 54.99010867705745], [-1.396036157965121, 54.990070093331624], [-1.395942475620573, 54.99004055822494], [-1.395846347564739, 54.99002035671291], [-1.395780447564739, 54.99000985671291], [-1.395695700474148, 54.990000038896305], [-1.395610424963992, 54.989997480331496], [-1.395572593545833, 54.9899995762618], [-1.395567941189615, 54.98999819808448], [-1.395473210772513, 54.9899798355657], [-1.395377151570552, 54.989970688777234], [-1.39533127333253, 54.98997076204843], [-1.395321472906458, 54.989874002136084], [-1.395300899147106, 54.989774061103226], [-1.395270248115828, 54.989676736882686], [-1.395229838935517, 54.989583042764565], [-1.395180092325937, 54.98949395424422], [-1.395163592325937, 54.989467654244216], [-1.395109612264904, 54.98939002452417], [-1.395048541605403, 54.98931784007313], [-1.39498092633259, 54.989251746236], [-1.394945278373663, 54.989222952584434], [-1.39489454468751, 54.989155965151795], [-1.394869900556563, 54.989129192112344], [-1.394846837060236, 54.98908967017369], [-1.394824037060236, 54.98905497017369], [-1.394766503682893, 54.9889760880352], [-1.394729155930534, 54.988934172389705], [-1.394738677391404, 54.98888849842844], [-1.394749208798063, 54.98878849102665], [-1.394749642893401, 54.98868793157906], [-1.394739975287675, 54.988587836982106], [-1.394720303743494, 54.9884892194315], [-1.394704203743494, 54.9884254194315], [-1.394673587722979, 54.98832614934061], [-1.394632838248689, 54.98823059112797], [-1.394598538248689, 54.98816049112797], [-1.39455157077802, 54.988075273344975], [-1.394502695855119, 54.988003996085894], [-1.394502157148288, 54.98800248748022], [-1.394460348741572, 54.98791390389054], [-1.394410074202886, 54.98782983566827], [-1.394351815916188, 54.987751089447634], [-1.394286132869463, 54.987678420798225], [-1.39421365529123, 54.98761252697539], [-1.394135078603508, 54.987554040230044], [-1.394054578603508, 54.98750004023004], [-1.393978204386551, 54.987453617286775], [-1.393897990249752, 54.98741419897967], [-1.393814576952513, 54.98738210018653], [-1.393737966832197, 54.987356487250786], [-1.393630764240092, 54.98731453510004], [-1.393564015384589, 54.98728672307691], [-1.393471435302632, 54.98725339246029], [-1.393376027734414, 54.987229321782976], [-1.393278716416161, 54.98721474409731], [-1.393173516416161, 54.987204244097306], [-1.393074947900104, 54.98719930027968], [-1.393000673789771, 54.98720291421291], [-1.392932924240048, 54.987190215759924], [-1.392851664984733, 54.98717841501875], [-1.392769711506124, 54.98717332076606], [-1.392687616361132, 54.98717496734896], [-1.392672243871968, 54.98717590811327], [-1.392610121316166, 54.98715486364144], [-1.392512328803905, 54.98713235446929], [-1.392412772737884, 54.98711975970832], [-1.392365272737884, 54.98711615970832], [-1.392268687194594, 54.98711352079337], [-1.392172297821204, 54.987120215548195], [-1.39207700448298, 54.98713618147237], [-1.391983696812896, 54.98716126951231], [-1.391912081383705, 54.987188170310255], [-1.391809426721636, 54.98719562964556], [-1.391727708792463, 54.98720495897276], [-1.391605234756038, 54.98722407196407], [-1.391436133383702, 54.98722553755582], [-1.391404831961185, 54.987226299041296], [-1.391402083306684, 54.987226408987475], [-1.391215535036196, 54.987233029079704], [-1.39110288035428, 54.98724343055125], [-1.390992121495401, 54.9872664901078], [-1.390937115730899, 54.98728123248716], [-1.39091899485029, 54.987280637895765], [-1.390827908563989, 54.98728180039142], [-1.390737305983694, 54.987291246840066], [-1.390647938935319, 54.98730889885448], [-1.390560548992257, 54.98733460995713], [-1.390556787166122, 54.98733610055182], [-1.390491487314752, 54.987339124566326], [-1.390373531515371, 54.98735888063759], [-1.390244231515371, 54.98738858063759], [-1.390106839203831, 54.98743073518182], [-1.389989139203831, 54.98747633518182], [-1.389959317391852, 54.987489833388054], [-1.389935602039283, 54.987495667515645], [-1.38985190999647, 54.987524306228764], [-1.38977107617768, 54.98756022875177], [-1.389729873627879, 54.987583096076904], [-1.389683578115773, 54.98758443730553], [-1.389535118757387, 54.98758584494799], [-1.389441822823885, 54.98759109559563], [-1.389349424309903, 54.98760503170423], [-1.389258730011594, 54.98762753158785], [-1.389211130011593, 54.98764173158784], [-1.389123625102262, 54.98767231945922], [-1.389039328501507, 54.98771087863626], [-1.388985928850975, 54.987741576711095], [-1.388974906632999, 54.98773580851191], [-1.388968748578995, 54.98771720906893], [-1.388929999312482, 54.98762943065181], [-1.388883015708463, 54.98754577004506], [-1.388828230324125, 54.98746699747477], [-1.388766147544189, 54.98739383816501], [-1.388714577837025, 54.98734371950112], [-1.388688574603223, 54.98730756625942], [-1.388623929521536, 54.98723407493596], [-1.388552409576869, 54.9871672553376], [-1.38847469992752, 54.9871077475935], [-1.38841129992752, 54.9870639475935], [-1.388323926952481, 54.98700999419359], [-1.388231481545282, 54.98696528566178], [-1.388134938543306, 54.98693029344982], [-1.388013438543306, 54.986893193449816], [-1.387929803834257, 54.98687155713699], [-1.387844613829361, 54.98685721985496], [-1.387758504292644, 54.986850288601346], [-1.387672117850503, 54.98685081510337], [-1.387611317850503, 54.986853815103366], [-1.387523940553044, 54.986861981912355], [-1.387482867004599, 54.98686949770646], [-1.387405819422762, 54.986837892155144], [-1.387311718770469, 54.986809708266286], [-1.387306668943729, 54.986808722754425], [-1.387280614347984, 54.98679367450639], [-1.387222477126518, 54.9867669791363], [-1.387180231641882, 54.98672214337727], [-1.387115531641882, 54.986659143377274], [-1.387030921581656, 54.986585533837946], [-1.386938601410106, 54.98652186113974], [-1.386874001410106, 54.986482461139744], [-1.386788238253941, 54.986435739720335], [-1.386698326565379, 54.98639760708016], [-1.386625783682824, 54.986374895147314], [-1.386608900784495, 54.986339095376316], [-1.386572700784495, 54.98627239537632], [-1.386516944200463, 54.98618156760814], [-1.386451837949382, 54.98609718955291], [-1.38641800672343, 54.986061865161936], [-1.38639688654907, 54.986007106336714], [-1.386352660989456, 54.98591927945001], [-1.386300023374981, 54.98583622077379], [-1.386239482683064, 54.985758733440804], [-1.386166582683064, 54.985674333440805], [-1.386094297195486, 54.98559898450677], [-1.386014548872112, 54.98553158377611], [-1.385928207181285, 54.985472866095634], [-1.38583621347655, 54.985423471643884], [-1.38565251347655, 54.98533687164388], [-1.385577111616327, 54.985305028895574], [-1.385301811616327, 54.985201828895576], [-1.385230275349023, 54.98517804713233], [-1.385157150820569, 54.98515972192725], [-1.385026750820569, 54.98513222192725], [-1.384930421576199, 54.98511677080092], [-1.384833045139797, 54.985110779952976], [-1.384735548346187, 54.985114306404654], [-1.384638859175762, 54.985127316590976], [-1.384609639835097, 54.98513419981157], [-1.384544416293805, 54.9851196187167], [-1.384472118107608, 54.985110548926556], [-1.384469405901985, 54.98510869318843], [-1.384385524581881, 54.98506240852859], [-1.384297599057085, 54.985024363191314], [-1.384206436338451, 54.984994906369856], [-1.384159936338451, 54.98498230636986], [-1.384068954664143, 54.984962151784124], [-1.383976491914897, 54.98495055383655], [-1.383883351025427, 54.984947613242234], [-1.383790340819333, 54.98495335553692], [-1.383748940819333, 54.98495785553692], [-1.383644010058543, 54.984974945608045], [-1.383617795266492, 54.98498213915978], [-1.383529874357143, 54.98497724544879], [-1.383452134834911, 54.98497594567745], [-1.383374529303822, 54.984980689543676], [-1.383367162252702, 54.98498142824528], [-1.383343725976122, 54.98497106683795], [-1.383254364140642, 54.98494125144535], [-1.383162593197927, 54.984919977297906], [-1.383069227568777, 54.98490743319293], [-1.383026527568777, 54.98490373319293], [-1.382929140385881, 54.9849000611594], [-1.382831858244404, 54.984905886292225], [-1.382735605105536, 54.984921153265745], [-1.382669127512991, 54.98493846790901], [-1.382613034224141, 54.98492551329686], [-1.382516098923781, 54.9849129211215], [-1.382418397321475, 54.98490985318361], [-1.38232086295753, 54.98491633879738], [-1.38222442777429, 54.98493231599269], [-1.38217441060671, 54.984945727486654], [-1.382167123082931, 54.98494375710249], [-1.382151683639298, 54.98493160289993], [-1.382068845944555, 54.98487867517987], [-1.381979980315401, 54.984827866709], [-1.381951824800048, 54.984742015233046], [-1.381913499739608, 54.98465444370396], [-1.381866988320969, 54.984570931603635], [-1.381812715546079, 54.98449224203082], [-1.38175117733692, 54.98441909401801], [-1.381750447925097, 54.984418378536525], [-1.381697210781127, 54.984348421944674], [-1.381641110781128, 54.98428302194467], [-1.381575726690835, 54.98421376534599], [-1.381527306895064, 54.984171394495235], [-1.381525969741968, 54.98414183159363], [-1.381560979869611, 54.98411298278779], [-1.381602076666121, 54.98410132203447], [-1.381703054522611, 54.984060344574274], [-1.381798973879603, 54.98400862265726], [-1.381888695629533, 54.98394677051635], [-1.381919095629533, 54.98392327051634], [-1.381928855995424, 54.98391493688954], [-1.381934662335267, 54.98391221103264], [-1.382025099815569, 54.98386394984107], [-1.382110121433145, 54.98380668375163], [-1.382188833773994, 54.98374101452099], [-1.382260409722506, 54.9836676322067], [-1.382324097152856, 54.98358730791604], [-1.382379226832401, 54.98350088570311], [-1.382425219454033, 54.98340927369947], [-1.382454219454033, 54.98334327369947], [-1.382487035650459, 54.983258268804114], [-1.382511978067306, 54.98317062970997], [-1.382528839614297, 54.98308108406119], [-1.382542039614297, 54.982987784061194], [-1.382542642698556, 54.982983135373395], [-1.382547653570262, 54.982966516985115], [-1.3825862461798, 54.982930287008536], [-1.382653639974188, 54.98285251170295], [-1.382712683462559, 54.98276822179749], [-1.382762751319952, 54.98267830999995], [-1.382774588932369, 54.982650707330045], [-1.382806494531755, 54.982597130026], [-1.382832594531755, 54.982547930026], [-1.382874082272723, 54.982459553575396], [-1.382906754378379, 54.98236755268854], [-1.38293029943031, 54.982272804283795], [-1.3829444930058, 54.98217621146788], [-1.382949199816944, 54.982078694927736], [-1.38294437500016, 54.981981184154925], [-1.38294087500016, 54.98194568415492], [-1.38292516192904, 54.98184217081173], [-1.382898712081641, 54.98174086771013], [-1.382861815398884, 54.981642885325876], [-1.38283960796363, 54.98159860790731], [-1.38281960131474, 54.981532686718886], [-1.382784577488288, 54.981435618520976], [-1.382739736677455, 54.98134267657593], [-1.382685556387708, 54.981254850613546], [-1.382656202670028, 54.981216714527775], [-1.382620640475951, 54.98114328667325], [-1.382575934658741, 54.98106841021573], [-1.382524875282434, 54.98099771344017], [-1.382479038473803, 54.980944678686804], [-1.382473038316603, 54.98092344040728], [-1.38243838433192, 54.98083435068121], [-1.382395382125118, 54.98074897686698], [-1.382344424645114, 54.980668099100086], [-1.382254158883654, 54.98053895976253], [-1.382233814208104, 54.98049876054699], [-1.382179639644025, 54.980414071101414], [-1.382117235408753, 54.98033524916915], [-1.382047232233474, 54.9802630914181], [-1.381972132233474, 54.9801930914181], [-1.381922600885434, 54.98014987708807], [-1.381909430578619, 54.980139127958886], [-1.381873898606342, 54.98006599822092], [-1.381818697312666, 54.97997731926418], [-1.381761971130842, 54.979904423108415], [-1.381755450739797, 54.97989275417385], [-1.381703515042284, 54.9798170654145], [-1.381652715042284, 54.9797498654145], [-1.381651573165332, 54.979748357865596], [-1.381592073165333, 54.979669957865596], [-1.381535711791572, 54.97960212621733], [-1.381473593245202, 54.97953952411549], [-1.381406200667937, 54.97948263846275], [-1.381339743634574, 54.97943138536766], [-1.38125371275191, 54.97935392249952], [-1.38125368193222, 54.979353884669614], [-1.381161010340406, 54.97925471745835], [-1.38109060900616, 54.979188956885274], [-1.380988728591933, 54.97909332201368], [-1.380808844780882, 54.97892295271826], [-1.380698149656361, 54.97883222029039], [-1.380625949656361, 54.978781220290394], [-1.380532891715652, 54.978722872119334], [-1.38043399596525, 54.978675081744285], [-1.380155763636967, 54.97855901694317], [-1.379968035030693, 54.97847370265577], [-1.37992316780425, 54.97845461813197], [-1.379783795352441, 54.978399307735884], [-1.379646216026055, 54.9783111965479], [-1.379576293511614, 54.97827031091102], [-1.379503291403352, 54.97823521838307], [-1.37940413362014, 54.97819240596627], [-1.379315350513003, 54.978129003906844], [-1.37927489950761, 54.97810158418793], [-1.379065970042074, 54.977967292776], [-1.379055518355141, 54.977957157806856], [-1.3789936, 54.9778746], [-1.378954486415893, 54.97782571490839], [-1.378946033644695, 54.97781580313994], [-1.378930125800464, 54.97778540764207], [-1.378869674702436, 54.977695268247736], [-1.378749212439784, 54.97753516634639], [-1.378716912293663, 54.97748277847689], [-1.378658812748931, 54.97739852515445], [-1.378592405998949, 54.97732065139123], [-1.378518387599933, 54.977249972851006], [-1.378393487599933, 54.977142372851006], [-1.378335487926603, 54.97709604336563], [-1.378274211294837, 54.97705414398948], [-1.377940411294837, 54.976843643989476], [-1.377894899978576, 54.976816600457724], [-1.377627924445555, 54.97666737669195], [-1.377379086890215, 54.97650359504051], [-1.377313769879044, 54.976464092057476], [-1.377245629959935, 54.97642968640328], [-1.376917829959935, 54.97627958640328], [-1.376822204887478, 54.9762416208326], [-1.376723184980915, 54.976213681663985], [-1.376426440136171, 54.97614621921065], [-1.37628489149815, 54.976103745138424], [-1.376245471079003, 54.97607957595395], [-1.376190040056599, 54.97602923423735], [-1.376137092538695, 54.97597962982211], [-1.376135506702842, 54.9759781670771], [-1.375998056602374, 54.97581780862655], [-1.375949925762735, 54.975765535173984], [-1.375670825762735, 54.97548323517399], [-1.375579759447701, 54.975401745169975], [-1.375479433354313, 54.9753319714681], [-1.375352533354313, 54.9752547714681], [-1.37526623817049, 54.97520791669325], [-1.375175763676711, 54.97516975133393], [-1.375081982248733, 54.975140643389246], [-1.374985798148531, 54.97512087352467], [-1.374804298148531, 54.97509277352467], [-1.374748439297962, 54.97508572920429], [-1.374736274306418, 54.9750845418905], [-1.37469908650691, 54.97505614283043], [-1.374602183974732, 54.974998161191095], [-1.374377783974732, 54.97488056119109], [-1.374294584794978, 54.97484171869692], [-1.374208173592282, 54.974810671202434], [-1.374119278885918, 54.974787680464175], [-1.374028650133186, 54.97477294031345], [-1.373966049616506, 54.97476568997173], [-1.37385980007192, 54.974643655308014], [-1.373795140914947, 54.974576053269516], [-1.373724447694243, 54.97451478899987], [-1.373648339035028, 54.97446039861302], [-1.373567480952169, 54.974413358070656], [-1.373186880952169, 54.974215158070656], [-1.373146476922987, 54.97419526087238], [-1.372818576922987, 54.97404286087238], [-1.37272790626526, 54.9740060013114], [-1.372634066551192, 54.97397818219079], [-1.372208648402967, 54.97387441685531], [-1.372172394573864, 54.973865107553806], [-1.372084254687913, 54.97381631728452], [-1.371624341811617, 54.97353836069948], [-1.371551718386614, 54.97349847990405], [-1.371476042816581, 54.97346474790436], [-1.371292642816581, 54.97339194790436], [-1.371186137671997, 54.97335645105404], [-1.371076324927752, 54.97333311581444], [-1.370945524927752, 54.97331291581444], [-1.370926327091792, 54.97331108659365], [-1.370898081810793, 54.97329847594427], [-1.370817094670697, 54.973266470066], [-1.370733630109157, 54.973241631385044], [-1.370569330109157, 54.973200431385045], [-1.370494492884432, 54.973184680041555], [-1.370058392884432, 54.97311018004156], [-1.370055365250297, 54.9731096676065], [-1.369922965250297, 54.9730874676065], [-1.369834493500936, 54.97307666068808], [-1.369745410906533, 54.97307377428976], [-1.369656425142776, 54.9730788313412], [-1.369568243116123, 54.97309179166898], [-1.3695139682151, 54.973104791335146], [-1.369461908074044, 54.973095165965084], [-1.36932701501609, 54.97307960111559], [-1.36922481501609, 54.973074801115594], [-1.369130383317754, 54.97307482955549], [-1.369058256989239, 54.97308168535915], [-1.369041616316366, 54.973079651811894], [-1.36896473485387, 54.97307621881839], [-1.368829758424976, 54.97307539074214], [-1.368810654165519, 54.97306825848528], [-1.368788458748868, 54.973060269186554], [-1.36876951812491, 54.97305370275477], [-1.368735133681891, 54.972988737561174], [-1.368682465867615, 54.97290879656226], [-1.368561465867615, 54.97274299656225], [-1.368484137270339, 54.97264952020959], [-1.368396058432981, 54.972566095639635], [-1.368150158432981, 54.972359995639636], [-1.368062018604229, 54.97229402884557], [-1.36796716150892, 54.972238150595764], [-1.36773106150892, 54.972116050595766], [-1.367642044742659, 54.97207540561871], [-1.367549481555573, 54.972043655733174], [-1.367313281555573, 54.97197535573317], [-1.367207409071604, 54.97195088717849], [-1.367099506738089, 54.9719380505336], [-1.366990848632659, 54.971936997369674], [-1.366882717756867, 54.97194774012214], [-1.366759817756867, 54.97196674012214], [-1.366651429127515, 54.97198970741463], [-1.366345029127515, 54.97207260741463], [-1.366223826599534, 54.97211389210901], [-1.366034805520532, 54.972192112905006], [-1.365983201980441, 54.97218512708465], [-1.365877801980441, 54.97217732708465], [-1.365777982906864, 54.97217493850186], [-1.365733326104297, 54.97217833737905], [-1.365679449501092, 54.97215765158596], [-1.365626045681158, 54.97214330621355], [-1.365532238254834, 54.97210223869301], [-1.365515191816073, 54.97209602718047], [-1.365491821578782, 54.97205611652712], [-1.365436636948962, 54.9719794989359], [-1.365293136948962, 54.9717988989359], [-1.365236157110012, 54.971733260024116], [-1.365173692542565, 54.971672817103936], [-1.365106215176969, 54.97161802683181], [-1.365034234816113, 54.97156930315751], [-1.364882434816113, 54.97147590315751], [-1.364759631053895, 54.9714116231218], [-1.364626927445904, 54.97135349413432], [-1.364504094248898, 54.9712728769015], [-1.364428936833763, 54.97122812598411], [-1.364037036833763, 54.97101742598411], [-1.363933829636283, 54.97096929959603], [-1.363825820050429, 54.97093321907214], [-1.363714408730993, 54.97090965230013], [-1.363507408730993, 54.97087805230013], [-1.363490856957876, 54.97087566700132], [-1.363279748467073, 54.970847043578104], [-1.363223747717879, 54.970835437789034], [-1.363100525672817, 54.9708074454603], [-1.362996173677673, 54.97078948856151], [-1.362890507955967, 54.97078266621872], [-1.362784713209486, 54.970787054922596], [-1.362679975586616, 54.97080260546793], [-1.362586611120535, 54.97082677678257], [-1.36254499335424, 54.970825862388956], [-1.362447942384638, 54.97082881474855], [-1.362444454174768, 54.97082433759208], [-1.362436470166201, 54.97081607486885], [-1.362452020518219, 54.97078346964246], [-1.362485486718211, 54.97069075751044], [-1.362509663061314, 54.970595201085224], [-1.362524314661638, 54.97049772874774], [-1.36252557909359, 54.97047275692919], [-1.362551612877879, 54.97039520083393], [-1.362563812877879, 54.970350700833926], [-1.362584739730733, 54.97025690367827], [-1.362596566143903, 54.970161530854405], [-1.362599182890532, 54.97006546321044], [-1.36259256580277, 54.969969588011715], [-1.362576775994977, 54.969874790746196], [-1.362551959299284, 54.96978194694621], [-1.362518344918713, 54.969691914102214], [-1.362487744918713, 54.96962061410221], [-1.362438608303351, 54.969521610179044], [-1.362378845949908, 54.96942863359659], [-1.362309187926277, 54.96934282017389], [-1.362186987926277, 54.9692082201739], [-1.362121674042706, 54.969142650017375], [-1.362050577914483, 54.96908339894679], [-1.362027781647964, 54.96906772972385], [-1.362001463021684, 54.96903363322396], [-1.361929710618708, 54.968958352623496], [-1.361850527800077, 54.96889093113305], [-1.361764770973595, 54.9688320979549], [-1.361642570973595, 54.9687572979549], [-1.361530148869545, 54.968697956719026], [-1.361428482957837, 54.96865230297], [-1.361279924265295, 54.96856171006856], [-1.361202758324644, 54.968498687271946], [-1.361155694487626, 54.96846367203355], [-1.361162123734628, 54.96844348627106], [-1.361182975437948, 54.96834404857197], [-1.361193629649341, 54.96824300829629], [-1.361193976389119, 54.96814140844736], [-1.361184012078006, 54.96804029780482], [-1.361163839574095, 54.96794072009839], [-1.361133667111074, 54.96784370323385], [-1.361093806148705, 54.96775024868227], [-1.361079838298306, 54.96772162491003], [-1.36106329316429, 54.96768507854733], [-1.36101880536448, 54.96759833223929], [-1.360966082222916, 54.967516330064726], [-1.360905624824883, 54.96743985137937], [-1.360900811888989, 54.9674348525748], [-1.360878201418324, 54.96740327530752], [-1.360819353100029, 54.96733502467698], [-1.360754599372796, 54.967272349100035], [-1.360683038427426, 54.96720907489809], [-1.360673434097914, 54.9671816601379], [-1.360631072805776, 54.96709099491316], [-1.360579861829126, 54.96700501760266], [-1.360520314028587, 54.966924589240115], [-1.360455214028587, 54.96684528924011], [-1.360383558336016, 54.966766892750655], [-1.360303992065237, 54.96669653824553], [-1.360259392065237, 54.96666113824553], [-1.360182235477573, 54.966605662190155], [-1.360100161336087, 54.96655776055094], [-1.360007580934314, 54.96650947163672], [-1.359918634801893, 54.966456981452744], [-1.35981604245843, 54.966404168164715], [-1.35966214245843, 54.96633586816471], [-1.359565014183312, 54.96629868025741], [-1.359464548758932, 54.96627178154403], [-1.359365963765288, 54.96625611925738], [-1.359354125495967, 54.966241299375774], [-1.359307325495967, 54.96618809937577], [-1.35923609785893, 54.96611501513774], [-1.359157792426218, 54.96604957095286], [-1.359073224724022, 54.965992448401515], [-1.358994438402437, 54.96595022487218], [-1.358994423573033, 54.96593579035075], [-1.358984539902627, 54.96583731796426], [-1.358964971041928, 54.965740304781995], [-1.358935908658102, 54.96564570099937], [-1.358897637402604, 54.965554433212915], [-1.358850532123163, 54.965467395344774], [-1.358795054192336, 54.965385439887164], [-1.358731746988598, 54.96530936955263], [-1.35866123057422, 54.9652399294119], [-1.358630493507557, 54.96521513951808], [-1.35861181184407, 54.965191190101756], [-1.35855558273243, 54.96513027065097], [-1.35846288988104, 54.96503784569799], [-1.358418544222566, 54.964990763646796], [-1.358356222084573, 54.96493011102076], [-1.358288865986584, 54.96487510242151], [-1.358216985328617, 54.964826153867506], [-1.358121685328618, 54.964767153867506], [-1.358044779077138, 54.964724109140754], [-1.357988197154078, 54.9646986984635], [-1.357975939375124, 54.96469004240206], [-1.357852557243694, 54.96461562196922], [-1.357795557243694, 54.964586621969225], [-1.357777914713441, 54.96457881803851], [-1.35776502652969, 54.96452299673358], [-1.357733598059519, 54.96442981164315], [-1.357693168613142, 54.964340164168675], [-1.357651168613142, 54.964258064168675], [-1.357605503841565, 54.9641781082268], [-1.357552678329426, 54.964102691456304], [-1.357547492648864, 54.96409657384235], [-1.357546809881627, 54.96408868108242], [-1.357527807376119, 54.963988800958006], [-1.357498761234514, 54.963891366589706], [-1.357459971710683, 54.963797385169684], [-1.357411839777149, 54.96370782819651], [-1.357354862980183, 54.963623621432674], [-1.357289630296595, 54.96354563533481], [-1.357236430296595, 54.963488235334815], [-1.357169058840632, 54.963422100797146], [-1.357139163228172, 54.96339784162361], [-1.357140146860061, 54.963359000760036], [-1.357133429356317, 54.96326363271237], [-1.357117635376206, 54.96316934199404], [-1.357092909279695, 54.96307699044006], [-1.357059477067989, 54.96298742216111], [-1.357017644317835, 54.96290145582825], [-1.35696779338849, 54.96281987719002], [-1.356936990655952, 54.962778863740475], [-1.356924847157098, 54.96275359657886], [-1.356911893845221, 54.962732311927624], [-1.356889399669258, 54.96265425984718], [-1.356865813045651, 54.96253684756941], [-1.356864114431369, 54.96252857314545], [-1.356837714431369, 54.96240267314545], [-1.356810379965977, 54.96229988025983], [-1.356772282015456, 54.96220057217104], [-1.356723851602884, 54.96210587240615], [-1.356665636648174, 54.96201685235571], [-1.356598295769144, 54.96193451915254], [-1.356508395769144, 54.96183581915254], [-1.356424238941124, 54.96175369158322], [-1.356300038941124, 54.96164599158322], [-1.356293530412833, 54.96164081007448], [-1.356320975267512, 54.96161469955528], [-1.356386029594605, 54.96154669589694], [-1.356444403154105, 54.961472877941326], [-1.356495578956903, 54.961393899461804], [-1.356539103761278, 54.96131045993625], [-1.356574592087057, 54.96122329835209], [-1.356601729629646, 54.961133186661385], [-1.356620276043688, 54.961040922943994], [-1.356630067071699, 54.96094732433936], [-1.356631015998823, 54.9608532198094], [-1.35662530861323, 54.960785483773556], [-1.356635095264936, 54.96075017659036], [-1.356651902416568, 54.960653634318746], [-1.356659179636408, 54.960555910562036], [-1.35665685704211, 54.96045794375077], [-1.356644956937294, 54.96036067464951], [-1.356623593597363, 54.96026503732279], [-1.356592972172133, 54.9601719501654], [-1.356582562114399, 54.96014485549459], [-1.356582417835011, 54.96013272155315], [-1.356572833248706, 54.96004101178101], [-1.356554841911877, 54.95995057473992], [-1.356528596796705, 54.95986217937505], [-1.356502196796705, 54.95978627937505], [-1.356467922389982, 54.95970068020963], [-1.35642590931612, 54.959618601870815], [-1.35637651476826, 54.95954074218472], [-1.35627708125948, 54.95939891391711], [-1.356247329542412, 54.95928236310053], [-1.356233919193554, 54.95923477107508], [-1.356142164455502, 54.95893750144195], [-1.356083950145986, 54.95874114983277], [-1.356054826990312, 54.95865689808836], [-1.356018316540156, 54.958575574649785], [-1.355887516540156, 54.958315874649784], [-1.355841502562845, 54.958234270561576], [-1.355788053978606, 54.95815733057092], [-1.355623553978606, 54.95794273057092], [-1.355554894321733, 54.95786234515722], [-1.355218494321733, 54.957508245157214], [-1.355146091221521, 54.95743928983272], [-1.354988665181243, 54.95730370388395], [-1.355068783542734, 54.957263592063015], [-1.355169890430423, 54.957205359965236], [-1.355263526315711, 54.95713574745963], [-1.355526487527048, 54.95691530802312], [-1.355681446067911, 54.95680226562945], [-1.355881965666494, 54.95668588754741], [-1.355963862540774, 54.956632852531854], [-1.356040201154079, 54.95657208883373], [-1.356110254777247, 54.95650417491194], [-1.356173356513033, 54.95642975729419], [-1.356228905644845, 54.95634954442212], [-1.356276373355455, 54.9562642999071], [-1.356339873355455, 54.956135899907096], [-1.356363917308637, 54.956083537306945], [-1.356449417308637, 54.955882237306945], [-1.356481038334209, 54.95579727877409], [-1.35650483565959, 54.95570980575615], [-1.356520613722129, 54.95562053709253], [-1.356528242860208, 54.95553020637895], [-1.356527660378779, 54.95543955593892], [-1.356516660378779, 54.95522725593892], [-1.35651501322915, 54.95520176904183], [-1.356500230179894, 54.95501092723401], [-1.356749233015492, 54.954887806433476], [-1.356832267970146, 54.95484171877764], [-1.356910556579384, 54.95478796220242], [-1.35698339276797, 54.9547270215317], [-1.357050119635371, 54.95465944638181], [-1.357110135380263, 54.95458584620464], [-1.357122604224584, 54.95456718632777], [-1.357177235620113, 54.95451656262389], [-1.357199954434277, 54.95450145536171], [-1.357210490108144, 54.95449281998266], [-1.357272919295819, 54.95447034563999], [-1.357366832311773, 54.95442499309951], [-1.357455511200881, 54.95437010628762], [-1.357528611200881, 54.95431940628762], [-1.357610825629108, 54.954255810917914], [-1.357685994763806, 54.95418402523379], [-1.357753306508972, 54.954104824777865], [-1.357812033656562, 54.95401906519886], [-1.357886633656562, 54.95389696519886], [-1.357930355512751, 54.95381751787364], [-1.357953755512751, 54.95377001787364], [-1.357993539704329, 54.95367785901474], [-1.35802388426422, 54.953582175971015], [-1.358044483439512, 54.95348393284836], [-1.358055129672149, 54.953384119548126], [-1.358055715690296, 54.953283741792845], [-1.358046235589212, 54.953183810992506], [-1.358026784890748, 54.953085334053576], [-1.358001984890748, 54.952986234053576], [-1.357964089185621, 54.952867028561606], [-1.357932648051199, 54.9527860578485], [-1.357930575764023, 54.95276204584196], [-1.357913822705148, 54.95266987707796], [-1.357888518360076, 54.952579680425245], [-1.357769364227922, 54.9522205685009], [-1.357683269850889, 54.95193948199425], [-1.357571581658315, 54.95154608594129], [-1.357568474316374, 54.95153536898444], [-1.357421935656355, 54.95104031330081], [-1.357392900251244, 54.950882950431655], [-1.357364898726395, 54.95076908106461], [-1.357326198726395, 54.95064388106461], [-1.357307802416306, 54.95059377072969], [-1.357353764631364, 54.950540098111006], [-1.357404118495944, 54.95046981540709], [-1.357478618495944, 54.95035571540709], [-1.357487119432158, 54.95034246929451], [-1.357536058598324, 54.950264875891925], [-1.357563072542176, 54.950247504567294], [-1.35765213895025, 54.95018304465424], [-1.357733590715862, 54.95010919673405], [-1.357812704088426, 54.95002911594253], [-1.35785990954574, 54.950007464522066], [-1.357936948898941, 54.94996347989161], [-1.358047348898942, 54.94989377989161], [-1.358126543450891, 54.94983824919297], [-1.358200002714345, 54.94977532724003], [-1.358267039445901, 54.94970560269506], [-1.358327026487737, 54.94962972786154], [-1.358379402634949, 54.9495484125816], [-1.358423677885868, 54.949462417595086], [-1.358459438026238, 54.949372547422556], [-1.358461571156749, 54.949366326287056], [-1.358506633642435, 54.949325919377415], [-1.358568149584634, 54.949259818671976], [-1.358684049584634, 54.949123418671974], [-1.358750671524612, 54.94903548061809], [-1.358870172514898, 54.94898648742097], [-1.358957603425361, 54.94897463006811], [-1.359063394286358, 54.94894830717699], [-1.359117137874424, 54.94892851007964], [-1.359171226039018, 54.94893381846715], [-1.359257011329417, 54.94893852932726], [-1.359342884373759, 54.94893585940078], [-1.359428211316632, 54.948925828395254], [-1.359585611316632, 54.948900428395255], [-1.35970505790454, 54.94887356140627], [-1.35997825790454, 54.94879426140627], [-1.360066748384168, 54.94876402290818], [-1.36015202730174, 54.94872565054874], [-1.360233348898942, 54.94867947989161], [-1.360343748898942, 54.94860977989161], [-1.360436406145641, 54.948543616480116], [-1.360520942016738, 54.948467349522105], [-1.360716942016738, 54.948269149522105], [-1.360780590247842, 54.94819834090482], [-1.360837215944692, 54.94812180014403], [-1.360942115944692, 54.94796490014403], [-1.360988934656884, 54.94788751354954], [-1.361028569633245, 54.94780621320841], [-1.361060696632843, 54.947721664212466], [-1.36106396198636, 54.947709986208466], [-1.361072204075438, 54.9476942872249], [-1.361111545232068, 54.94759474016267], [-1.361140020870951, 54.947491558370714], [-1.361140078916515, 54.94749120361187], [-1.361174749541014, 54.947438472617144], [-1.361221886167425, 54.94734779637224], [-1.361259521992443, 54.9472527827542], [-1.361261794265164, 54.947246061899286], [-1.361407035737428, 54.94717269709823], [-1.361693565476898, 54.94704190027135], [-1.361766734397137, 54.947004800618664], [-1.361836616117193, 54.946961828298264], [-1.361902740327841, 54.9469132725171], [-1.362127140327841, 54.9467338725171], [-1.362145898345488, 54.94671849960713], [-1.362263962607914, 54.94661932398062], [-1.362347709559119, 54.946583655186046], [-1.362581450723479, 54.946501038244506], [-1.362694190895942, 54.94645323749683], [-1.362773539779512, 54.94640743088164], [-1.36285130282273, 54.9463799896892], [-1.362958228377258, 54.946327205818264], [-1.363236505808, 54.94616853448753], [-1.36324938354317, 54.9461632671239], [-1.363316480470339, 54.946132892112544], [-1.363381159741871, 54.94609766100719], [-1.363736359741871, 54.94588686100719], [-1.36381929898832, 54.945831882180215], [-1.36389636363143, 54.94576893274972], [-1.36408376363143, 54.94559963274972], [-1.364147359098307, 54.94553679367047], [-1.364280059098307, 54.94539339367047], [-1.364340845998079, 54.94532114217067], [-1.364487245998079, 54.94512944217067], [-1.364508402277189, 54.945100689825296], [-1.364666502277189, 54.944877589825296], [-1.364741225568383, 54.94475413739338], [-1.364837725568383, 54.94456513739338], [-1.364846402269949, 54.94454772759719], [-1.364915602269949, 54.94440542759719], [-1.364960385915388, 54.9442977995365], [-1.365183785915388, 54.9436580995365], [-1.365205766112726, 54.94358669492028], [-1.365222353972189, 54.94351384856683], [-1.365246042735929, 54.943388326659694], [-1.365335093882022, 54.943164089436394], [-1.365364340900162, 54.94307961838405], [-1.365504650368489, 54.94260703332785], [-1.365523739149972, 54.94258356429933], [-1.365644150051749, 54.94245451668246], [-1.365717461234149, 54.942366305153804], [-1.366154661234149, 54.941774205153806], [-1.366160612390989, 54.94176605984376], [-1.366629104660264, 54.94111800050987], [-1.367126295187172, 54.940433239912736], [-1.367181810804424, 54.940347970071485], [-1.367228374131607, 54.940257500263556], [-1.367336874131607, 54.94001740026356], [-1.36735542243352, 54.93997360848105], [-1.367554370230882, 54.939470940377966], [-1.367649151314507, 54.93923166175274], [-1.368053705534615, 54.93825653155128], [-1.368458239467845, 54.93729225759892], [-1.36848466560212, 54.93722198063503], [-1.368505744489756, 54.93714991904524], [-1.368569544489756, 54.93689691904524], [-1.368591908984665, 54.936778567247515], [-1.368633408984664, 54.93645226724752], [-1.368635001711076, 54.936439040868365], [-1.368724437172196, 54.93565222846013], [-1.368853837172196, 54.93451062846013], [-1.368860021215006, 54.93441690867588], [-1.368857385194648, 54.93432302208609], [-1.368845952365145, 54.93422979692449], [-1.368825823582806, 54.934138055589926], [-1.36879717641651, 54.93404860739146], [-1.36849441287928, 54.93323667752452], [-1.368501148321325, 54.9331666503143], [-1.368500732768701, 54.93306664919364], [-1.368490331492155, 54.93296718960253], [-1.36847004850858, 54.93286926617635], [-1.368470026456839, 54.93286919595665], [-1.368465485453788, 54.93283198313555], [-1.368458685453788, 54.932792783135554], [-1.368437286958119, 54.93269738828046], [-1.368406675559581, 54.93260453885248], [-1.368367143844186, 54.932515122313326], [-1.368319069658992, 54.9324299933129], [-1.368269969658992, 54.9323521933129], [-1.368209546983544, 54.93226671733323], [-1.367870246983544, 54.93183641733322], [-1.367846004682076, 54.9318068536136], [-1.367492904682075, 54.93139265361361], [-1.367477023763644, 54.93137447378455], [-1.367402823763644, 54.93129157378455], [-1.367346746263427, 54.93123378264347], [-1.367286200641325, 54.93118069093355], [-1.366843400641325, 54.93082289093355], [-1.36676635510037, 54.9307664954254], [-1.36667725510037, 54.9307075954254], [-1.366615334756718, 54.93066981621462], [-1.366569734756719, 54.93064421621462], [-1.366514921782683, 54.93061680893247], [-1.366432792849156, 54.930566356151544], [-1.366394442105979, 54.93054533873639], [-1.36639500804904, 54.930501435703455], [-1.366396778215309, 54.93044201799006], [-1.366484106031475, 54.930404454995525], [-1.36657254443724, 54.93035528219891], [-1.366613628972379, 54.9303266481035], [-1.366658318240583, 54.93030935081739], [-1.366711718240583, 54.93028605081739], [-1.366809494881372, 54.93023685218052], [-1.366892004664954, 54.93018330064478], [-1.366954784988066, 54.93015099238479], [-1.367109584988066, 54.93006119238479], [-1.367189230621416, 54.93000979598848], [-1.367263652091059, 54.92995108941882], [-1.367332180718865, 54.92988560015531], [-1.367394200773984, 54.92981391662004], [-1.367524200773984, 54.92964841662004], [-1.367572870683473, 54.92958084266659], [-1.367615749378378, 54.92950945347415], [-1.367638924032706, 54.92946239291925], [-1.367707816091439, 54.929412271569056], [-1.367777683100686, 54.92935073270412], [-1.367841523963278, 54.92928296268759], [-1.367898785279109, 54.929209548979145], [-1.367948970682422, 54.92913112796046], [-1.367991645144516, 54.9290483794187], [-1.368026438744767, 54.92896202065389], [-1.368032838744767, 54.92894372065389], [-1.368043403662683, 54.92891179919169], [-1.368065803662683, 54.92884009919169], [-1.368089347555206, 54.92875028181244], [-1.368104459233725, 54.928658667874295], [-1.368111008413259, 54.92856604722466], [-1.368108938630211, 54.92847321839031], [-1.368098267729167, 54.92838098169283], [-1.36807908770905, 54.92829013234876], [-1.36806498770905, 54.928235932348755], [-1.368038275675159, 54.92814950394203], [-1.368003862440477, 54.92806584312969], [-1.367962029622346, 54.927985634541805], [-1.367913119555544, 54.927909534557514], [-1.367650877597885, 54.92753945304483], [-1.36761042875662, 54.92747341111854], [-1.367473220025007, 54.92719334541747], [-1.367423456114213, 54.92710371377973], [-1.367364776796434, 54.92701964824001], [-1.367297798807573, 54.92694203235046], [-1.367223226104866, 54.926871681875596], [-1.367200560557146, 54.92685431845312], [-1.367101273888497, 54.926609533661555], [-1.367068749736009, 54.926539897671496], [-1.367095789810199, 54.926465760351526], [-1.367119950590704, 54.9263724171428], [-1.367135009433609, 54.926277180967006], [-1.367140826341401, 54.9261809372061], [-1.367137347236045, 54.92608458060925], [-1.367124604461732, 54.92598900697464], [-1.367102716484187, 54.92589510482148], [-1.367071886789323, 54.92580374712971], [-1.367036086789323, 54.92571244712971], [-1.36700159514991, 54.925634446452236], [-1.366960582603012, 54.925559668448294], [-1.366913347464827, 54.92548865703655], [-1.366876847464827, 54.92543855703656], [-1.366811101626787, 54.925357555738834], [-1.366737274604891, 54.92528384484215], [-1.36665616991218, 54.92521822659565], [-1.366568670269859, 54.925161415170344], [-1.366542365689682, 54.92514622536787], [-1.366121730499786, 54.92455819805937], [-1.366088689451584, 54.92451458144275], [-1.365308889451584, 54.92354168144275], [-1.365252505682871, 54.9234772010492], [-1.364460641269017, 54.92264630378723], [-1.364456680704858, 54.92261137615004], [-1.364436774651808, 54.92251748744049], [-1.364407959623497, 54.92242593944831], [-1.364341578823979, 54.922245736466685], [-1.364195639234336, 54.921810204621096], [-1.364187632142345, 54.92176793735555], [-1.36418930554084, 54.92171036779899], [-1.364238364452032, 54.92145798946783], [-1.364387191353311, 54.92071166193275], [-1.364401499478767, 54.9206159801144], [-1.364430399478767, 54.920328080114395], [-1.364432065296281, 54.92030979832835], [-1.364448865296281, 54.92010459832835], [-1.364452161890135, 54.920014269692], [-1.364447288665275, 54.91992401238339], [-1.364434285436581, 54.919834563816494], [-1.364413258442124, 54.91974665479772], [-1.364384379475183, 54.9196610035552], [-1.364347884480675, 54.91957830987072], [-1.364072784480675, 54.91902420987072], [-1.364064057505567, 54.91900704895981], [-1.363910004349109, 54.91871119901797], [-1.363723017297988, 54.91831361254271], [-1.363664223034825, 54.918206212373555], [-1.363592744065966, 54.9181068025213], [-1.363555844065966, 54.918061602521306], [-1.363487598222665, 54.9179861853696], [-1.363412044518872, 54.91791809073146], [-1.36332996457593, 54.9178580230624], [-1.363242207530703, 54.91780660377698], [-1.363088407530703, 54.91772670377698], [-1.363065097683968, 54.91771497779615], [-1.3629708477431897, 54.91766909640137], [-1.3653242512373254, 54.91766909640137], [-1.3682788254373008, 54.914525004685856], [-1.3705412149429321, 54.91191101074219], [-1.3665682824794203, 54.91353686157527], [-1.3653242512373254, 54.91353686157527], [-1.3648577395215398, 54.91524365422083], [-1.3623925735448235, 54.91666772648112], [-1.362387694467771, 54.91665456274375], [-1.362343694332071, 54.916564647616006], [-1.361779494332071, 54.91554444761601], [-1.361729177219904, 54.91546294218767], [-1.361671292820766, 54.91538662480458], [-1.36160637222093, 54.915316195674656], [-1.361535011063435, 54.9152523009814], [-1.361457864083091, 54.915195526955216], [-1.361457021375079, 54.9151950234061], [-1.361444511511988, 54.9151476769515], [-1.361359911511988, 54.9148793769515], [-1.3613345264709, 54.91480833399372], [-1.361303857857696, 54.91473940694297], [-1.361238857857696, 54.91460700694297], [-1.361173011688007, 54.91449264206096], [-1.361101411688007, 54.91438534206095], [-1.361013990281932, 54.914272655207306], [-1.360953128953005, 54.914204808056276], [-1.360879637983346, 54.914089994092585], [-1.360819049244815, 54.914005381747835], [-1.360733349244815, 54.91389798174784], [-1.360712483224528, 54.913872693925086], [-1.360525339356473, 54.91365331860505], [-1.360519832457358, 54.91364118271139], [-1.360477093395152, 54.913557649504625], [-1.360426713031446, 54.91347848989988], [-1.36036913493633, 54.91340440085189], [-1.360304866051769, 54.913336034672035], [-1.360197266051769, 54.91323183467204], [-1.360133929289625, 54.91317550027141], [-1.360066049171896, 54.91312473217365], [-1.359994113424701, 54.91307989515313], [-1.359818113424701, 54.91298029515313], [-1.359703338398425, 54.91292468763787], [-1.359599127447735, 54.91288217337926], [-1.359596164045859, 54.91284958653348], [-1.359575749073456, 54.91274661244682], [-1.359531749073456, 54.91257301244682], [-1.359501164960965, 54.91247414180744], [-1.359460525932926, 54.91237896165894], [-1.359410267265487, 54.91228849145602], [-1.359350927268742, 54.91220370020614], [-1.358900890905868, 54.91162668221753], [-1.358539588709845, 54.91115091489533], [-1.358497068469113, 54.91109867463422], [-1.358383768469113, 54.91096867463422], [-1.358381904529422, 54.910966649999786], [-1.358374570607277, 54.91091490824965], [-1.358351851870746, 54.910821027497406], [-1.358320181700949, 54.910729776541366], [-1.35827985557223, 54.910642006728935], [-1.35822615557223, 54.910538606728934], [-1.358176360321758, 54.910453308471915], [-1.358118393393608, 54.91037333850968], [-1.35805282027601, 54.91029947697796], [-1.357980280658307, 54.91023244442256], [-1.357901482190558, 54.91017289477017], [-1.357817193580152, 54.91012140894905], [-1.357728237092797, 54.910078489221924], [-1.357611437092797, 54.91002908922192], [-1.357507713903608, 54.90999181485846], [-1.357023329009407, 54.90984734435437], [-1.356774094766916, 54.909747921100006], [-1.356678683488008, 54.90969492360982], [-1.356599896622665, 54.90962677548043], [-1.356520065786006, 54.90956450123145], [-1.356118865786006, 54.90928300123145], [-1.356096573127413, 54.909267804304406], [-1.355598388484359, 54.908937946096486], [-1.35559679063942, 54.90893252776982], [-1.355559549304191, 54.90884082986903], [-1.355546249304191, 54.90881222986903], [-1.355501125533463, 54.9087263554797], [-1.35544789337928, 54.90864525737128], [-1.35538705378631, 54.90856969872284], [-1.355319179289523, 54.908500390583974], [-1.355239429757831, 54.908426493638885], [-1.355133372804372, 54.908301332909005], [-1.354746167650666, 54.907696828076645], [-1.354745453440245, 54.9076957146731], [-1.354394253440244, 54.9071490146731], [-1.35434255117424, 54.907075943952826], [-1.354284521864152, 54.90700778932244], [-1.354220630467188, 54.90694509686782], [-1.354220102222497, 54.90694466408953], [-1.354242598254758, 54.90693405191667], [-1.354393198254758, 54.90685205191667], [-1.354456976924239, 54.90681419336836], [-1.354493531434085, 54.90679061905001], [-1.35485279757839, 54.90669547742285], [-1.354915627539019, 54.90667661274541], [-1.355244571824426, 54.90656596167272], [-1.355426246518566, 54.90650906858876], [-1.355583728337188, 54.90646916408019], [-1.355675857558572, 54.90644103314414], [-1.355764852679271, 54.906404168371154], [-1.355849887900836, 54.90635891183472], [-1.355930174169285, 54.90630568347673], [-1.356004966496853, 54.90624497721072], [-1.356073570874837, 54.906177356338816], [-1.356135350713405, 54.90610344832475], [-1.356189732748599, 54.906023938971565], [-1.356236212361739, 54.90593956605791], [-1.356274358261848, 54.90585111249212], [-1.356303816487664, 54.90575939904748], [-1.356324313692097, 54.90566527674616], [-1.356335659678657, 54.905569618962446], [-1.356337749166312, 54.905473313318595], [-1.356330562766407, 54.90537725344845], [-1.356314167162574, 54.90528233070528], [-1.356288714491965, 54.905189425890796], [-1.356254440933552, 54.90509940108205], [-1.356211664516583, 54.90501309163212], [-1.35616078216955, 54.90493129841873], [-1.355802139074864, 54.90441230376867], [-1.356572387416462, 54.904044310168054], [-1.356639410492882, 54.90400911356631], [-1.356703578951091, 54.90396894762903], [-1.35678199922678, 54.903915626150365], [-1.357205627392123, 54.90371876214673], [-1.357212574046001, 54.90371550150327], [-1.357685074046001, 54.90349150150327], [-1.357755886753341, 54.903454394423115], [-1.357844586753342, 54.903403294423114], [-1.35792065453451, 54.903354774462024], [-1.357992039459618, 54.90329959578477], [-1.358058160420112, 54.90323820757304], [-1.358118479158715, 54.903171109557206], [-1.3581725046511, 54.90309884794825], [-1.358225304651099, 54.90302114794825], [-1.358273154033887, 54.90294330598776], [-1.358313698482978, 54.902861421423324], [-1.358346599495433, 54.902776177903775], [-1.358403271476934, 54.90260666852447], [-1.358467530802805, 54.90249673792515], [-1.358734464148938, 54.90228472889614], [-1.358844873362856, 54.902219884698766], [-1.359101105149071, 54.902129337522105], [-1.359423729454977, 54.902075422082675], [-1.359453507952074, 54.90206998110645], [-1.359728707952074, 54.90201538110645], [-1.359828317438399, 54.90199023850971], [-1.359924821695055, 54.901955008857655], [-1.360017202196822, 54.901910063971066], [-1.360104483941413, 54.90185587820727], [-1.360730606297911, 54.90142108442489], [-1.360814008062578, 54.90138640058775], [-1.360897309669948, 54.901342131374484], [-1.360976069181971, 54.90129020969983], [-1.361049585723968, 54.901231097610655], [-1.361117205078037, 54.90116532114079], [-1.361411105078037, 54.90085112114079], [-1.361435464868199, 54.90082411046075], [-1.361625864868199, 54.90060511046075], [-1.36168482251146, 54.900530393506024], [-1.361736409851854, 54.90045040992437], [-1.361780159578903, 54.900365884257226], [-1.361815675380147, 54.90027758219108], [-1.361877775380147, 54.90009908219108], [-1.361906959691241, 54.89999850615266], [-1.361925465619925, 54.899895429510686], [-1.361933090206801, 54.89979098273384], [-1.361929749831016, 54.89968631131746], [-1.361915481127352, 54.89958256322054], [-1.361843813902277, 54.89920802133407], [-1.361888620074027, 54.899196560172854], [-1.361980978062595, 54.89916297892427], [-1.362069593904933, 54.89912049444715], [-1.362153611775971, 54.89906951704378], [-1.362232220256457, 54.899010539038514], [-1.362304660169403, 54.89894413002315], [-1.362370231911983, 54.89887093135592], [-1.36242830221209, 54.89879164996748], [-1.362478310244286, 54.89870705153354], [-1.362519773046081, 54.89861795308026], [-1.362552290182246, 54.89852521509363], [-1.362575547612089, 54.89842973320914], [-1.362589320722369, 54.898332429562025], [-1.362593476496543, 54.898234243881554], [-1.362587974799398, 54.8981361244154], [-1.362572868764664, 54.898039018771776], [-1.362548304281868, 54.89794386476769], [-1.362141304281869, 54.89663646476769], [-1.362137179707141, 54.89662352570314], [-1.361363207674929, 54.894251312684915], [-1.361590260169066, 54.893930018851066], [-1.361645140492552, 54.89384322353588], [-1.361690830180437, 54.893751257623364], [-1.361726847422324, 54.8936550909195], [-1.361752812406431, 54.8935557375288], [-1.361768451324819, 54.89345424516024], [-1.361773599260768, 54.89335168407893], [-1.361768201927867, 54.89324913581984], [-1.361752316242487, 54.89314768178274], [-1.361470316242487, 54.891802781782744], [-1.361446233018889, 54.89171021517962], [-1.361413416260969, 54.891620372884056], [-1.361029519577718, 54.89070742796715], [-1.360954252196915, 54.88967517727104], [-1.3609401744587, 54.8895657699946], [-1.360914132104275, 54.88945857890062], [-1.360876442020522, 54.8893549083048], [-1.360755045411504, 54.88907085832486], [-1.360763083979346, 54.88902527618375], [-1.360770590802463, 54.8889283046785], [-1.360768641671293, 54.88883106257799], [-1.360757255024276, 54.8887344697755], [-1.360736538577104, 54.88863944002205], [-1.360706688303745, 54.888546872282504], [-1.360667986582569, 54.8884576422315], [-1.360279886582568, 54.8876701422315], [-1.360251014830801, 54.8876158365842], [-1.359822168041807, 54.88686580521137], [-1.358971299629155, 54.88537939367883], [-1.358970242708608, 54.88535845717647], [-1.358956161459697, 54.88526320329818], [-1.35893298421813, 54.88516974529491], [-1.358900925873625, 54.885078949670294], [-1.358860283657781, 54.88499165824349], [-1.358632283657781, 54.88455785824349], [-1.358623765284517, 54.88454199920087], [-1.358476965284517, 54.88427449920087], [-1.358440042766853, 54.88421261557525], [-1.357927671057206, 54.88342021635069], [-1.35741556838265, 54.88261313696061], [-1.357338253480734, 54.88250731683494], [-1.356454653480734, 54.881450916834936], [-1.35643576521122, 54.881428987515775], [-1.355745783151616, 54.88065097566877], [-1.355473116648383, 54.88033953899856], [-1.355751397065591, 54.880110191474984], [-1.355830348705574, 54.880037676907804], [-1.355901084352423, 54.879957127592625], [-1.355962791131613, 54.87986946917996], [-1.35602686969493, 54.8797672040988], [-1.356068152995975, 54.879722341320786], [-1.356138152650723, 54.879637316124864], [-1.356198377928806, 54.87954510901296], [-1.356248098343638, 54.87944683838685], [-1.356286710824592, 54.87934369619412], [-1.356296419323008, 54.87931265427077], [-1.356323300714201, 54.87927910377181], [-1.356381914068342, 54.87918688081128], [-1.356430115051532, 54.879088813156315], [-1.356467328115124, 54.87898607179351], [-1.356497328115124, 54.878886571793515], [-1.356521820914867, 54.8787871916188], [-1.356526455233898, 54.87875412436283], [-1.356526917425067, 54.878753013813075], [-1.356555375124625, 54.87866007913079], [-1.3565746763769, 54.87856482075848], [-1.356584638848833, 54.878468138573], [-1.356587013950137, 54.87842425083151], [-1.356603247077455, 54.87835204625653], [-1.35661877385942, 54.87826526839896], [-1.356626597756015, 54.878177460289066], [-1.356633497756015, 54.878023460289064], [-1.356633023703742, 54.8779243822951], [-1.356622747470173, 54.87782583752031], [-1.356568547470173, 54.87747543752031], [-1.356563745816181, 54.87744709755345], [-1.356522010066855, 54.8772205837903], [-1.356501628955316, 54.877069452666596], [-1.356483335282453, 54.876971181759515], [-1.356455322204358, 54.87687522813998], [-1.356438511690777, 54.876833630000306], [-1.35644824993934, 54.876779811529424], [-1.356448704607707, 54.876773880396065], [-1.356510992112381, 54.876616789886725], [-1.35653260723039, 54.87655675275862], [-1.35657970723039, 54.87641155275862], [-1.356602875184734, 54.87632792887626], [-1.356618706378638, 54.876242611345184], [-1.356627081607841, 54.87615624258147], [-1.356636481607841, 54.87597994258147], [-1.35663723162237, 54.87589014444596], [-1.356629922759213, 54.87580064110423], [-1.356614613958998, 54.87571215433517], [-1.356591428675987, 54.87562539771977], [-1.356431128675987, 54.87511809771977], [-1.356405145273013, 54.87504568919401], [-1.356373672534833, 54.87497549233807], [-1.356239272534833, 54.87470419233807], [-1.356190002926823, 54.87461619323831], [-1.356132120201858, 54.87453360434086], [-1.356119623980923, 54.874517561068636], [-1.356116757828609, 54.874473853925615], [-1.356101733777503, 54.874380688887626], [-1.356077994555731, 54.874289354908385], [-1.356045751571662, 54.87420066535774], [-1.35600529196346, 54.87411541005574], [-1.355940491963461, 54.87399401005574], [-1.35587223727695, 54.87388394724014], [-1.355736562449603, 54.87369386156166], [-1.355663734993217, 54.873557504840356], [-1.355635567953678, 54.87347093565716], [-1.35558369577702, 54.873252277085406], [-1.355554317802107, 54.87315206307827], [-1.355514648813882, 54.873055459330885], [-1.355465121438867, 54.87296351939528], [-1.355415621438867, 54.87288211939528], [-1.355364389341554, 54.872805976170014], [-1.355306392367113, 54.87273485043976], [-1.355242118996138, 54.872669341262295], [-1.355172110572288, 54.872610000389884], [-1.355096956742813, 54.87255732762212], [-1.355062756742813, 54.87253562762211], [-1.354986158090934, 54.872491645426905], [-1.354947310286289, 54.87247369393116], [-1.35493469641438, 54.87243986102502], [-1.354906077907797, 54.872371049815705], [-1.354872414269, 54.87230456101312], [-1.354692014269, 54.87197896101312], [-1.354671608029922, 54.8719438329464], [-1.354589108029922, 54.8718082329464], [-1.354543407760296, 54.87173965189727], [-1.354222573196291, 54.87129870661841], [-1.354157378697391, 54.871197825853905], [-1.354121240666653, 54.871145620218186], [-1.353592840666653, 54.87043182021819], [-1.353515305905887, 54.870339322740556], [-1.353427192196872, 54.87025684003462], [-1.353171936908548, 54.87004530123389], [-1.353156668459287, 54.87001494349579], [-1.353074125140532, 54.86984579468708], [-1.353042885191722, 54.86976738310825], [-1.353002460608079, 54.86967874075402], [-1.352953602150193, 54.86959445276544], [-1.352896773563686, 54.869515319171555], [-1.352832514243559, 54.869442091077886], [-1.352827165908624, 54.86943707777237], [-1.352791381443891, 54.86934369482159], [-1.352744991762707, 54.86925207198048], [-1.35268944970089, 54.869165690113746], [-1.352684688394353, 54.86915973149728], [-1.352674152584837, 54.86913144674293], [-1.35262155503528, 54.869028477859366], [-1.35252825503528, 54.86886927785936], [-1.352462308595381, 54.868770668204796], [-1.352393908595381, 54.8686804682048], [-1.352316595090447, 54.868590202473136], [-1.35220440630611, 54.86847397559484], [-1.35209484277922, 54.868291087783625], [-1.35201975415776, 54.86818266895585], [-1.35192975415776, 54.86806946895585], [-1.35187441828984, 54.86800560568962], [-1.351813888237029, 54.86794664224535], [-1.351720588237029, 54.86786314224535], [-1.351698871529005, 54.867844262240354], [-1.351666521622328, 54.86781694521513], [-1.351563502701727, 54.86765307461031], [-1.351561106025021, 54.86764928116888], [-1.351504406025021, 54.86755998116888], [-1.351433545674461, 54.867462015404136], [-1.351183752855814, 54.867157313685716], [-1.35102163533825, 54.86694128051374], [-1.350993980060905, 54.86690609622795], [-1.350920580060905, 54.866816896227945], [-1.350882575892141, 54.866773340679124], [-1.350495990021366, 54.86635531559597], [-1.350315983712761, 54.86614654539269], [-1.350134542609072, 54.865904923774195], [-1.350063203387122, 54.86582014517418], [-1.349888103387122, 54.86563404517418], [-1.34986762042921, 54.86561290758782], [-1.34971922042921, 54.86546420758781], [-1.349620399978015, 54.86537742976179], [-1.349415399978015, 54.865220029761794], [-1.349338021037837, 54.865166217667166], [-1.349246204851128, 54.865108587874225], [-1.349200638942773, 54.865067444953006], [-1.349124814541411, 54.865011005270034], [-1.349043999936804, 54.86496197693805], [-1.348929358282115, 54.864899640143975], [-1.34872250545357, 54.86474225884393], [-1.348699152982282, 54.86472502072636], [-1.348635597189631, 54.86467951569944], [-1.348583964794693, 54.864601971844316], [-1.348534240482049, 54.86453372600387], [-1.348478935941199, 54.86446991840427], [-1.348411136731544, 54.864398063349036], [-1.348397651446719, 54.864379479438796], [-1.348336687002651, 54.86418914767757], [-1.348455475656424, 54.864008475392964], [-1.348502172635921, 54.86392983877672], [-1.348541490000081, 54.86384726474821], [-1.348573098885679, 54.86376144398347], [-1.348596734905714, 54.863673094315295], [-1.348612200360823, 54.86358295472906], [-1.348619365892911, 54.86349177918158], [-1.34861823468476, 54.86340516317768], [-1.348646361395096, 54.86337933447941], [-1.348670163346683, 54.86335392967461], [-1.348779103795149, 54.863291199799455], [-1.348860045126387, 54.86323925554093], [-1.348935622136232, 54.863179775958905], [-1.349005135759634, 54.86311331122196], [-1.349067943016075, 54.86304047610931], [-1.349123462956955, 54.862961944324276], [-1.349171182039195, 54.86287844226271], [-1.349210658875356, 54.86279074229405], [-1.349268458875356, 54.862643842294055], [-1.34929960098717, 54.862551800731985], [-1.349321663218083, 54.86245717125326], [-1.349334437267975, 54.86236084730024], [-1.349337802530907, 54.86226373831362], [-1.349331727233815, 54.86216676114599], [-1.349312527233815, 54.86199476114599], [-1.349293429877483, 54.861882313192105], [-1.349261652015175, 54.86177277133335], [-1.34921760705309, 54.8616675606273], [-1.34877420705309, 54.8607578606273], [-1.348762375321654, 54.8607343752891], [-1.348591375321654, 54.860405775289095], [-1.34853103839049, 54.86030481344338], [-1.34845926449308, 54.860211634329815], [-1.34838456449308, 54.86012563432982], [-1.348326242298643, 54.8600639813581], [-1.34828709707791, 54.86002907209809], [-1.348260147851136, 54.85988245503259], [-1.348289923998158, 54.859684815265], [-1.3483420595927, 54.859488618721436], [-1.348366144038133, 54.859368995147584], [-1.34837547942158, 54.8592473287572], [-1.34837727942158, 54.859131428757195], [-1.348375720620032, 54.85905796952772], [-1.348362420620032, 54.85882876952772], [-1.348355371831361, 54.858754866179034], [-1.348310871831361, 54.85842026617903], [-1.348284317951339, 54.85828881446229], [-1.348257817951339, 54.85819171446229], [-1.348233212182581, 54.8581141348006], [-1.348198912182581, 54.858019534800604], [-1.34816158240241, 54.85793030241352], [-1.348115806252018, 54.857845093989944], [-1.34803029563144, 54.85770288113968], [-1.347928656593684, 54.857485788049324], [-1.347858274616422, 54.857359967011575], [-1.347792974616422, 54.857260767011574], [-1.347769711231588, 54.857226958192236], [-1.347590338127382, 54.85697739934754], [-1.347325601770083, 54.856517646641564], [-1.347077147628418, 54.85594464485331], [-1.346985808712338, 54.85570195735328], [-1.346926143596436, 54.855572331595035], [-1.346674281142831, 54.85511433754546], [-1.346504102384779, 54.85478795934547], [-1.346463115263121, 54.854716665580455], [-1.346283915263121, 54.854432665580454], [-1.346224176641303, 54.8543480438077], [-1.346060876641303, 54.854140443807694], [-1.345988785857335, 54.85405843791856], [-1.345779861031244, 54.853845448407135], [-1.34564951944771, 54.85369438113011], [-1.34531604984614, 54.85326024325372], [-1.3453068186555, 54.85324841021322], [-1.344733154666586, 54.85252432658726], [-1.344598675878645, 54.8523378590465], [-1.344543744914218, 54.85226839579104], [-1.344165024101898, 54.85183079497457], [-1.343896270012744, 54.85149140130548], [-1.343877724427862, 54.851468674207794], [-1.343773724427862, 54.85134497420779], [-1.343690836430932, 54.85125764842789], [-1.343513666184928, 54.85109219055383], [-1.342876387760137, 54.85036071153339], [-1.342857341867016, 54.85033946988556], [-1.342621510560742, 54.850083881323954], [-1.342483667120658, 54.84988671681113], [-1.342435500149696, 54.84982334961771], [-1.341447400149696, 54.84862554961771], [-1.341434496071858, 54.84861022238877], [-1.340974496071858, 54.84807482238877], [-1.340934011670303, 54.848030468936535], [-1.339861432894098, 54.84692401820602], [-1.339378798009869, 54.8464050156942], [-1.339352186976188, 54.846377476258944], [-1.338927586976188, 54.84595457625895], [-1.338907564872729, 54.84593518264047], [-1.338467774848479, 54.84552092054456], [-1.33810015309336, 54.84516221138885], [-1.337781730628836, 54.84480247818759], [-1.337620903484746, 54.84459155734288], [-1.337595173562376, 54.84455922133525], [-1.337406252020599, 54.84433161058233], [-1.337233484755751, 54.84410134637174], [-1.337191999214228, 54.84404970967186], [-1.336993299214228, 54.843818509671856], [-1.336950756254294, 54.84377205231959], [-1.336641456254294, 54.8434549523196], [-1.336631521357395, 54.843444909778995], [-1.336576766636178, 54.84339033818394], [-1.336220439770011, 54.843024937951675], [-1.336189031130227, 54.842994116370726], [-1.335408431130227, 54.84226111637073], [-1.33535276999512, 54.84221258953111], [-1.335293679621787, 54.842168302468615], [-1.335121179621787, 54.84204870246861], [-1.335070533657479, 54.84201580692896], [-1.334927133657479, 54.84192870692897], [-1.334904224713758, 54.84191520587801], [-1.334250224713758, 54.84154140587801], [-1.334209068474838, 54.84151914355345], [-1.333951168474838, 54.84138734355344], [-1.333877513902886, 54.84135339563248], [-1.333758513902886, 54.84130429563248], [-1.333685644697351, 54.84127749015473], [-1.333045944697351, 54.84106999015473], [-1.33298476745913, 54.841052278259006], [-1.33286216745913, 54.84102097825901], [-1.332809037310807, 54.84100966603224], [-1.332771285492662, 54.84093087014579], [-1.332722018855574, 54.840849106384425], [-1.332665180458612, 54.840772412767784], [-1.332642280458612, 54.84074441276778], [-1.332559539011522, 54.84065496946698], [-1.332466533771853, 54.84057625303591], [-1.332435605571499, 54.84055315730188], [-1.332418247775256, 54.840509319028584], [-1.332401647775256, 54.84047321902858], [-1.332357313879639, 54.84038787539293], [-1.332304986843536, 54.84030718517209], [-1.332245150641298, 54.84023189467236], [-1.33217835869978, 54.84016270025788], [-1.33211405869978, 54.84010220025788], [-1.332061027507891, 54.840058054492765], [-1.331824248313256, 54.83973406533074], [-1.331789134147622, 54.839620315339054], [-1.331751834147622, 54.83952211533905], [-1.331716958431083, 54.839441224287], [-1.331670258431083, 54.839344824287004], [-1.331630891031159, 54.8392715033506], [-1.331567391031159, 54.839164203350606], [-1.331533465109959, 54.839110805770446], [-1.331457365109959, 54.83899900577044], [-1.331394648662979, 54.83891642297396], [-1.331307648662979, 54.83881342297396], [-1.331277577879212, 54.83877941857202], [-1.331224077879212, 54.838721618572016], [-1.331152463183998, 54.83865162870393], [-1.331032763183998, 54.83854582870393], [-1.330934434922639, 54.83846928076856], [-1.330523234922639, 54.83818848076856], [-1.330454875730568, 54.838145735267084], [-1.330429278713963, 54.83813113041413], [-1.330409262299498, 54.83789035325462], [-1.330396961774754, 54.83779648339422], [-1.330375839455819, 54.83770419741889], [-1.330346084658945, 54.83761432247431], [-1.330307964072019, 54.83752766409645], [-1.330261819364283, 54.83744499899167], [-1.330208064123994, 54.8373670680752], [-1.330147180151504, 54.83729456983043], [-1.330079713140943, 54.837228154048525], [-1.330006267789251, 54.83716841600441], [-1.329927502376361, 54.83711589112142], [-1.329844122865139, 54.837071050172405], [-1.329756876573937, 54.837034295060214], [-1.32966654547849, 54.837005955215545], [-1.329573939203182, 54.83698628464428], [-1.329506406137544, 54.836975251299194], [-1.329472554382094, 54.83695183830119], [-1.329388191176544, 54.83690481840034], [-1.32929968547894, 54.83686615623515], [-1.329207862872335, 54.83683621244711], [-1.329113579879978, 54.83681526635253], [-1.327359179879978, 54.83651356635254], [-1.327296439991203, 54.836505790283496], [-1.327292474103366, 54.83650018871033], [-1.327280189375308, 54.836475514031704], [-1.327236315819864, 54.83639654642396], [-1.327185494870164, 54.8363218603944], [-1.32712814126439, 54.83625206543867], [-1.327064723052239, 54.8361877311375], [-1.326995757775275, 54.83612938250844], [-1.326933657775275, 54.83608148250844], [-1.326856758871192, 54.83602772640436], [-1.326775160321956, 54.835981414020075], [-1.326689580452663, 54.83594295305094], [-1.326673321182458, 54.83593741092639], [-1.326671937640743, 54.83593617606846], [-1.326630413535497, 54.83585234098381], [-1.326572795028749, 54.83576188827826], [-1.326444995028749, 54.835583188278264], [-1.326443890886359, 54.835581647468125], [-1.326148999198176, 54.8351709542989], [-1.326110871158486, 54.83509840784611], [-1.32605561196975, 54.83501482049766], [-1.3258344805312, 54.83471422957283], [-1.325977512284781, 54.8345765448007], [-1.326037842426713, 54.83451315524553], [-1.326169542426713, 54.834362055245535], [-1.326243878990925, 54.83426546369998], [-1.326405078990925, 54.83402726369997], [-1.326451201688048, 54.83395218289862], [-1.326578001688048, 54.83372378289862], [-1.326636810780048, 54.833597989032306], [-1.326692110780048, 54.833454489032306], [-1.32672310021136, 54.833360438664705], [-1.326744635852913, 54.83326378447369], [-1.326756506530157, 54.83316547423251], [-1.326764706530157, 54.83304957423251], [-1.326765196797876, 54.832915735543715], [-1.326761196797876, 54.832852635543716], [-1.32675788042648, 54.832812891023806], [-1.32675148042648, 54.8327510910238], [-1.326733481212971, 54.83263940531393], [-1.326702982756114, 54.832530467195674], [-1.326660375365078, 54.83242567082309], [-1.326650360786195, 54.83240454965008], [-1.326639037427894, 54.83236061863851], [-1.326610256323546, 54.83227896214612], [-1.32656455480209, 54.83216525836082], [-1.32652725480209, 54.83207245836081], [-1.326515379989907, 54.83204417604995], [-1.326411479989906, 54.83180697604995], [-1.326368668383077, 54.83172078131468], [-1.326317769171047, 54.831639101229705], [-1.32625925380095, 54.83156269234587], [-1.32619265380095, 54.83148389234587], [-1.326145340290712, 54.8314317515858], [-1.326085940290712, 54.831370751585794], [-1.326042885607763, 54.83132910856676], [-1.325917016496215, 54.83121446034501], [-1.325854380672468, 54.831156430096534], [-1.32582307107885, 54.83112360635044], [-1.325794633919343, 54.831059992589005], [-1.325755058471411, 54.83098102199761], [-1.325708668582533, 54.83090585186661], [-1.325658968582533, 54.83083275186661], [-1.325599132447532, 54.830753511256574], [-1.325531732818239, 54.830680595364605], [-1.325468432818239, 54.830618595364605], [-1.325361123811662, 54.8305273735187], [-1.325268923811662, 54.830459573518695], [-1.325260318532681, 54.83045331582051], [-1.325040318532681, 54.83029511582052], [-1.325034089911757, 54.83029067292472], [-1.324955290355528, 54.830234918521725], [-1.324886899567034, 54.83018222928704], [-1.324885843305909, 54.83018141664948], [-1.324787443305909, 54.83010581664948], [-1.324769995011492, 54.83009271150338], [-1.324652287160042, 54.83000629553343], [-1.324576852947419, 54.82994981511918], [-1.324563561523752, 54.829940033444856], [-1.324485861523752, 54.82988383344486], [-1.324463619351985, 54.8298682018596], [-1.324376346634015, 54.82980862302671], [-1.324322462121955, 54.82976809769423], [-1.324319943983565, 54.82976621005515], [-1.324238281799186, 54.82970519517229], [-1.324201899571976, 54.82967579108822], [-1.32415710199652, 54.829636202533166], [-1.324124383657692, 54.82960678651114], [-1.324073136414699, 54.82955307012862], [-1.324030010369712, 54.82950107017923], [-1.323925935751162, 54.829366410024626], [-1.323913710855816, 54.82934952175325], [-1.323884954281404, 54.829301707567396], [-1.323873295011696, 54.82928280013737], [-1.323820895011696, 54.82919990013737], [-1.323782224618923, 54.82914481900729], [-1.323759518282291, 54.8290857517496], [-1.323712940971343, 54.828994037216994], [-1.323657188440573, 54.828907592687386], [-1.323581188440573, 54.82880209268738], [-1.32356989846289, 54.8287867313063], [-1.323514908636685, 54.828713386462866], [-1.32341612865614, 54.828563590131886], [-1.323398425385002, 54.82853764002291], [-1.323246325385002, 54.82832204002291], [-1.323238459542966, 54.82831104873213], [-1.323179655289837, 54.82823004132673], [-1.323127757399243, 54.82814798248812], [-1.323084157083491, 54.82808458174313], [-1.322992381988602, 54.82796154991302], [-1.322936820688179, 54.82788450170277], [-1.322896872862707, 54.82782534232764], [-1.322839964739946, 54.827738531882886], [-1.322797101102429, 54.82766983438888], [-1.322708382381912, 54.82750359678632], [-1.322681695967507, 54.82745022395751], [-1.322650111071063, 54.82738672169203], [-1.322602069997532, 54.827270576714916], [-1.32259987879488, 54.827265321629575], [-1.322563615001513, 54.827179043724335], [-1.32252818258246, 54.82707297072299], [-1.32250763259756, 54.82701705196931], [-1.322485792018457, 54.82696268123189], [-1.322470125444303, 54.82691932924908], [-1.322455464421218, 54.82686777333733], [-1.322416179877141, 54.82675549386955], [-1.322383979877141, 54.82667849386955], [-1.322357166135771, 54.82661977437644], [-1.322324066135771, 54.826553074376434], [-1.322294541405149, 54.826497974312105], [-1.322262417365138, 54.82644227826958], [-1.322233980450252, 54.82638668730815], [-1.322165811650026, 54.82627277370086], [-1.322140000388752, 54.82623550203674], [-1.322117905085123, 54.82619669684517], [-1.322078536905194, 54.826133196672465], [-1.322031759217051, 54.826063685182014], [-1.32196538366452, 54.82595357317127], [-1.321873292341488, 54.82579732943611], [-1.321855941054511, 54.82576897885689], [-1.321791541054511, 54.825667578856894], [-1.321779753616285, 54.82564945505644], [-1.321723553616285, 54.825565055056444], [-1.321667689784483, 54.82548917016053], [-1.321647025966285, 54.825463706767536], [-1.321643564600508, 54.82545651510782], [-1.321613875426019, 54.82539958317709], [-1.321574575426019, 54.82532978317708], [-1.321524373829023, 54.82524972185732], [-1.321493550076077, 54.82520536894324], [-1.321438750076077, 54.825126668943234], [-1.32143351864854, 54.82511922831507], [-1.32133391864854, 54.82497892831507], [-1.321318570022554, 54.82495789337476], [-1.321217342557571, 54.82482289059802], [-1.321132204075842, 54.82470809603615], [-1.321083730494891, 54.82464776503136], [-1.320970730494891, 54.82451776503136], [-1.320963240331194, 54.82450924609893], [-1.320855679018912, 54.824388301581884], [-1.320852774150521, 54.82438501663726], [-1.320848006073538, 54.82437764969634], [-1.320798743183718, 54.82430820663305], [-1.320746943183719, 54.82424140663304], [-1.320729528513158, 54.82422019496989], [-1.320707854421405, 54.82417651758972], [-1.320672061186209, 54.824109678232745], [-1.320662380238908, 54.824091243996484], [-1.320668913399166, 54.8240168038164], [-1.320671013399167, 54.823941303816405], [-1.320670538203787, 54.823871992774926], [-1.320670521271317, 54.823871585186204], [-1.320681403602625, 54.823799784935304], [-1.320686667501898, 54.82370506195683], [-1.320683782283992, 54.82363185297805], [-1.320684277568043, 54.823628448392554], [-1.320703926393868, 54.82358763654829], [-1.320737253754222, 54.8234968979474], [-1.320761664370309, 54.82340336544791], [-1.320784464370309, 54.82329476544791], [-1.320797478247556, 54.823218041032014], [-1.320804486524314, 54.823140536960814], [-1.320810386524314, 54.82302553696081], [-1.320811557201789, 54.822991198994956], [-1.320812189836254, 54.822953768122424], [-1.320818072191813, 54.82288392360183], [-1.320821470915063, 54.82281606714697], [-1.320822770915063, 54.822735167146966], [-1.320821768272371, 54.82267918200675], [-1.320830984292575, 54.82258930103551], [-1.320832560925778, 54.822572534415485], [-1.320838360925778, 54.82250473441549], [-1.320841212591433, 54.822379823846944], [-1.320837412591433, 54.82228412384694], [-1.320835963983694, 54.82225696413506], [-1.320832012422963, 54.82219797297843], [-1.32083144826506, 54.8221658629911], [-1.320831784905546, 54.82210459442256], [-1.320826541666683, 54.82199668410004], [-1.320822270190835, 54.82195519625484], [-1.320822196803498, 54.82192617156308], [-1.320815776482625, 54.82181553740382], [-1.32079742134004, 54.82170786180518], [-1.320786347055127, 54.821618487217215], [-1.320770747055127, 54.821528987217214], [-1.32075479336762, 54.82145439893187], [-1.320733200978563, 54.82138124360951], [-1.320716059357274, 54.8213303965531], [-1.320703972962909, 54.82128591862183], [-1.320700953790812, 54.82127478542473], [-1.320685056878883, 54.8212096837854], [-1.320682014455434, 54.821197553970336], [-1.320657914455434, 54.821103953970336], [-1.320653657605512, 54.821087969806214], [-1.320632357605512, 54.82101056980622], [-1.320608382873068, 54.820935229829324], [-1.320588119173587, 54.82087930599202], [-1.320524493004384, 54.820703270573674], [-1.32050523045082, 54.82064279689954], [-1.320466556201318, 54.82054093789078], [-1.32041670990889, 54.820428526552135], [-1.320390830405039, 54.82036737293002], [-1.320370119430888, 54.820321663464725], [-1.320315219430888, 54.82020816346472], [-1.320307851830979, 54.82019324946106], [-1.320270757076035, 54.82011970648285], [-1.320242873213668, 54.82005859435117], [-1.320229271807312, 54.820029992785976], [-1.320183671807312, 54.81993789278597], [-1.320174582798951, 54.81991998965804], [-1.320106882798951, 54.81978988965804], [-1.3200937296501, 54.819765447567974], [-1.319923954611288, 54.81946018947134], [-1.319842662337614, 54.81931184088979], [-1.319836237019941, 54.81930029706675], [-1.319729737019941, 54.81911189706675], [-1.319707077961541, 54.819073808560674], [-1.319486139652123, 54.818720485761546], [-1.319395580389072, 54.81857337596302], [-1.319390875578262, 54.81856580891795], [-1.319236275578262, 54.81831960891795], [-1.319207357234495, 54.81827612096984], [-1.319055464368608, 54.818060152957784], [-1.318936102093461, 54.817889169218155], [-1.318750316193312, 54.81762236913469], [-1.318654336692772, 54.81748373207836], [-1.318605204618018, 54.817406944372564], [-1.318528747890955, 54.81728109196608], [-1.318526289580541, 54.81727706685998], [-1.318414789580541, 54.817095466859975], [-1.318405166489823, 54.81708010765858], [-1.318310133328714, 54.8169314390816], [-1.318249088824168, 54.81683244041343], [-1.318234200404107, 54.8168090285033], [-1.318153300404107, 54.8166856285033], [-1.318147130887243, 54.81667633143018], [-1.318013315408441, 54.81647710147326], [-1.317912461031845, 54.81632086298249], [-1.3178920843632, 54.816290527669736], [-1.317807682039186, 54.81616970516481], [-1.317738528397789, 54.816068318083374], [-1.317720657026554, 54.816042970161234], [-1.317678084642434, 54.815984533196364], [-1.317432707059218, 54.81560632530282], [-1.317400551454212, 54.81555970907002], [-1.317237507886245, 54.81533710393697], [-1.317121307886245, 54.81517870393697], [-1.317100924625329, 54.81515187768656], [-1.316953724625329, 54.814964777686555], [-1.316934908794038, 54.8149415829713], [-1.316845008794038, 54.8148340829713], [-1.31683477121649, 54.81482203595444], [-1.31649947121649, 54.814433735954445], [-1.31649078979862, 54.81442381524114], [-1.31620018979862, 54.81409611524114], [-1.316174705188748, 54.81406844357042], [-1.315914005188748, 54.81379584357042], [-1.315907612717341, 54.813789220600064], [-1.315681719608341, 54.81355732767409], [-1.315459926346195, 54.81332963459118], [-1.315414288405661, 54.813285660785375], [-1.315319288405661, 54.81319976078537], [-1.315295700032544, 54.81317909489254], [-1.315225564324712, 54.81311956641041], [-1.315161723816058, 54.81306346156924], [-1.314950368931719, 54.812872882957414], [-1.314765069777551, 54.81270433905046], [-1.314721005723305, 54.81266653755084], [-1.314601305723305, 54.81256973755084], [-1.314596159722666, 54.81256560405507], [-1.314532973598686, 54.81251519233064], [-1.314360658065904, 54.81236996034546], [-1.314318597657662, 54.812336403869935], [-1.314119142508574, 54.812185875309225], [-1.314000470247255, 54.81209250046138], [-1.313951207430576, 54.81204935087468], [-1.313853320708414, 54.81194251514067], [-1.313786274047916, 54.8118479851017], [-1.313660541035806, 54.81166847625956], [-1.313624467554911, 54.811608535730095], [-1.31360716721339, 54.81157439409426], [-1.313588606215594, 54.81152380725639], [-1.313594316143431, 54.81150149909988], [-1.313625945372409, 54.811464942094005], [-1.313674871290257, 54.81139786828197], [-1.313718064795892, 54.81132696720462], [-1.313743864795892, 54.811280367204624], [-1.313804971436754, 54.811148075942924], [-1.313829271436754, 54.81108347594292], [-1.313863395818888, 54.810974122273755], [-1.313884789926157, 54.81086158343339], [-1.313917089926157, 54.81061558343339], [-1.313924160398713, 54.81053903888628], [-1.313955960398713, 54.809947038886285], [-1.313956971228907, 54.80986411931794], [-1.31395110833103, 54.809781401103386], [-1.31393620833103, 54.80964920110338], [-1.31392083725215, 54.80955418255857], [-1.31386903725215, 54.809309382558574], [-1.313858055666927, 54.80926297740104], [-1.313701641336626, 54.808665918222324], [-1.3136697105379953, 54.808524198277155], [-1.314318970311433, 54.808524198277155], [-1.3149409859324805, 54.80816487350967], [-1.3136206786335973, 54.80740216097138], [-1.313580451726431, 54.80694495447571], [-1.313570151901645, 54.80686498130169], [-1.31355344226994, 54.80678609795008], [-1.31351544226994, 54.80663669795008], [-1.313487445354549, 54.80654519789703], [-1.313450831230432, 54.80645679262064], [-1.313366731230432, 54.806278392620634], [-1.313348082829694, 54.806240890944196], [-1.31328159976192, 54.80611393457749], [-1.313169463968275, 54.80588974401317], [-1.313088301732287, 54.80567738376196], [-1.313078652909956, 54.80564960013726], [-1.315563001553528, 54.80564960013726], [-1.316807032795623, 54.804930950602284], [-1.3174290484166704, 54.80529027536977], [-1.3174290484166704, 54.806008924904745], [-1.3180510640377179, 54.80636824967223], [-1.3217831577640027, 54.80636824967223], [-1.3230271890060976, 54.80564960013726], [-1.323649204627145, 54.806008924904745], [-1.323649204627145, 54.80672757443972], [-1.32489323586924, 54.807446223974694], [-1.32489323586924, 54.809602172579616], [-1.326137267111335, 54.81032082211459], [-1.3255152514902875, 54.81068014688208], [-1.3242712202481925, 54.81068014688208], [-1.323649204627145, 54.811039471649565], [-1.3255152514902875, 54.812117445952026], [-1.3267592827323824, 54.812117445952026], [-1.3286253295955248, 54.811039471649565], [-1.3286253295955248, 54.809602172579616], [-1.3292473452165723, 54.80924284781213], [-1.3311133920797147, 54.81032082211459], [-1.3311133920797147, 54.811039471649565], [-1.332979438942857, 54.812117445952026], [-1.334223470184952, 54.812117445952026], [-1.3348454858059995, 54.81247677071951], [-1.3348454858059995, 54.81319542025449], [-1.335467501427047, 54.813554745021975], [-1.3391995951533318, 54.813554745021975], [-1.3404436263954267, 54.812836095487], [-1.3416876576375216, 54.812836095487], [-1.3429316888796166, 54.813554745021975], [-1.3441757201217115, 54.812836095487], [-1.3454197513638064, 54.812836095487], [-1.346041766984854, 54.81319542025449], [-1.346041766984854, 54.81391406978946], [-1.3479078138479963, 54.81499204409192], [-1.3485298294690438, 54.814632719324436], [-1.3485298294690438, 54.81391406978946], [-1.3491518450900912, 54.813554745021975], [-1.3503958763321862, 54.813554745021975], [-1.3510178919532336, 54.81319542025449], [-1.3510178919532336, 54.81247677071951], [-1.351639907574281, 54.812117445952026], [-1.352883938816376, 54.812117445952026], [-1.3535059544374235, 54.81175812118454], [-1.3522619231953286, 54.811039471649565], [-1.3522619231953286, 54.81032082211459], [-1.352883938816376, 54.8099614973471], [-1.354127970058471, 54.8099614973471], [-1.3547499856795184, 54.809602172579616], [-1.3547499856795184, 54.80888352304464], [-1.3559940169216134, 54.80816487350967], [-1.3559940169216134, 54.807446223974694], [-1.3547499856795184, 54.80672757443972], [-1.3559940169216134, 54.806008924904745], [-1.355372001300566, 54.80564960013726], [-1.354127970058471, 54.80564960013726], [-1.3535059544374235, 54.80529027536977], [-1.354127970058471, 54.804930950602284], [-1.3566160325426608, 54.804930950602284], [-1.3572380481637083, 54.80529027536977], [-1.3572380481637083, 54.806008924904745], [-1.3578600637847558, 54.80636824967223], [-1.3591040950268507, 54.80636824967223], [-1.3597261106478982, 54.80672757443972], [-1.3597261106478982, 54.809602172579616], [-1.3603481262689456, 54.8099614973471], [-1.3628361887531355, 54.8099614973471], [-1.363458204374183, 54.81032082211459], [-1.362214173132088, 54.811039471649565], [-1.362214173132088, 54.81175812118454], [-1.3628361887531355, 54.812117445952026], [-1.364702235616278, 54.811039471649565], [-1.364702235616278, 54.81032082211459], [-1.3653242512373254, 54.8099614973471], [-1.3690563449636102, 54.8099614973471], [-1.370300376205705, 54.80924284781213], [-1.3790085949003696, 54.80924284781213], [-1.3796306105214171, 54.809602172579616], [-1.3796306105214171, 54.81032082211459], [-1.380874641763512, 54.811039471649565], [-1.380874641763512, 54.81175812118454], [-1.3827406886266544, 54.812836095487], [-1.3852287511108443, 54.812836095487], [-1.3864727823529392, 54.812117445952026], [-1.3877168135950342, 54.812117445952026], [-1.3883388292160816, 54.81247677071951], [-1.3883388292160816, 54.81319542025449], [-1.390204876079224, 54.81427339455695], [-1.3989130947738886, 54.81427339455695], [-1.4001571260159835, 54.813554745021975], [-1.4026451885001734, 54.813554745021975], [-1.4032672041212209, 54.81319542025449], [-1.4032672041212209, 54.81247677071951], [-1.4038892197422683, 54.812117445952026], [-1.4051332509843633, 54.812117445952026], [-1.4057552666054107, 54.81175812118454], [-1.4045112353633158, 54.811039471649565], [-1.4045112353633158, 54.81032082211459], [-1.4032672041212209, 54.809602172579616], [-1.4032672041212209, 54.80888352304464], [-1.4038892197422683, 54.808524198277155], [-1.4051332509843633, 54.808524198277155], [-1.4069992978475057, 54.809602172579616], [-1.4069992978475057, 54.811039471649565], [-1.4076213134685531, 54.81139879641705], [-1.408865344710648, 54.81139879641705], [-1.4094873603316955, 54.811039471649565], [-1.4094873603316955, 54.81032082211459], [-1.410109375952743, 54.8099614973471], [-1.4125974384369329, 54.8099614973471], [-1.4132194540579803, 54.81032082211459], [-1.4132194540579803, 54.811039471649565], [-1.4119754228158854, 54.81175812118454], [-1.4138414696790278, 54.812836095487], [-1.4200616258895025, 54.812836095487], [-1.4213056571315974, 54.812117445952026], [-1.4225496883736923, 54.812117445952026], [-1.4231717039947398, 54.81247677071951], [-1.4231717039947398, 54.81391406978946], [-1.4225496883736923, 54.81427339455695], [-1.4213056571315974, 54.81427339455695], [-1.4163295321632177, 54.817147992696846], [-1.4150855009211227, 54.817147992696846], [-1.4143079813948134, 54.81678866792936], [-1.4138414696790278, 54.81777681103995], [-1.4144634853000753, 54.81822596699931], [-1.4150855009211227, 54.818585291766794], [-1.4163295321632177, 54.818585291766794], [-1.4213056571315974, 54.8157106936269], [-1.4225496883736923, 54.8157106936269], [-1.4231717039947398, 54.816070018394385], [-1.4231717039947398, 54.81678866792936], [-1.4219276727526449, 54.81750731746433], [-1.4225496883736923, 54.81786664223182], [-1.4250377508578822, 54.81786664223182], [-1.4262817820999771, 54.817147992696846], [-1.4281478289631195, 54.81822596699931], [-1.4256597664789297, 54.819663266069256], [-1.4256597664789297, 54.82038191560423], [-1.4250377508578822, 54.82074124037172], [-1.4237937196157873, 54.82074124037172], [-1.4225496883736923, 54.82002259083674], [-1.42068364151055, 54.821100565139204], [-1.42068364151055, 54.8239751632791], [-1.4213056571315974, 54.82433448804659], [-1.430013875826262, 54.82433448804659], [-1.4312579070683569, 54.82505313758156], [-1.4349900007946417, 54.82505313758156], [-1.4356120164156891, 54.824693812814075], [-1.4356120164156891, 54.8239751632791], [-1.4362340320367366, 54.823615838511614], [-1.4374780632788315, 54.823615838511614], [-1.4387220945209265, 54.82289718897664], [-1.4399661257630214, 54.82289718897664], [-1.4412101570051163, 54.823615838511614], [-1.4424541882472113, 54.823615838511614], [-1.4436982194893062, 54.82433448804659], [-1.4449422507314011, 54.82433448804659], [-1.446186281973496, 54.823615838511614], [-1.447430313215591, 54.823615838511614], [-1.4480523288366385, 54.82325651374413], [-1.447430313215591, 54.82289718897664], [-1.446186281973496, 54.82289718897664], [-1.4455642663524486, 54.82253786420915], [-1.446186281973496, 54.822178539441666], [-1.448674344457686, 54.822178539441666], [-1.4492963600787334, 54.82181921467418], [-1.4492963600787334, 54.82038191560423], [-1.4499183756997809, 54.82002259083674], [-1.4536504694260657, 54.82002259083674], [-1.4561385319102556, 54.82145988990669], [-1.4573825631523505, 54.82145988990669], [-1.458004578773398, 54.82181921467418], [-1.456760547531303, 54.82253786420915], [-1.456760547531303, 54.8239751632791], [-1.458004578773398, 54.824693812814075], [-1.458004578773398, 54.826849761419], [-1.4586265943944454, 54.827209086186485], [-1.4592486100154929, 54.826849761419], [-1.4592486100154929, 54.8239751632791], [-1.4604926412575878, 54.82325651374413], [-1.4592486100154929, 54.82253786420915], [-1.4611146568786353, 54.82145988990669], [-1.4623586881207302, 54.82145988990669], [-1.4629807037417777, 54.82181921467418], [-1.4623586881207302, 54.822178539441666], [-1.4611146568786353, 54.822178539441666], [-1.4604926412575878, 54.82253786420915], [-1.4611146568786353, 54.82289718897664], [-1.46484675060492, 54.82289718897664], [-1.466090781847015, 54.822178539441666], [-1.46733481308911, 54.822178539441666], [-1.468578844331205, 54.82289718897664], [-1.4710669068153948, 54.82289718897664], [-1.4716889224364422, 54.82253786420915], [-1.4716889224364422, 54.82181921467418], [-1.4723109380574897, 54.82145988990669], [-1.4735549692995846, 54.82145988990669], [-1.4760430317837745, 54.82289718897664], [-1.4772870630258694, 54.82289718897664], [-1.477909078646917, 54.82253786420915], [-1.477909078646917, 54.82181921467418], [-1.476665047404822, 54.821100565139204], [-1.4772870630258694, 54.82074124037172], [-1.4785310942679644, 54.82074124037172], [-1.4797751255100593, 54.82145988990669], [-1.4822631879942492, 54.82145988990669], [-1.483507219236344, 54.822178539441666], [-1.484751250478439, 54.822178539441666], [-1.487239312962629, 54.82074124037172], [-1.4884833442047238, 54.82074124037172], [-1.4891053598257713, 54.821100565139204], [-1.4878613285836764, 54.82181921467418], [-1.4878613285836764, 54.82325651374413], [-1.487239312962629, 54.823615838511614], [-1.484751250478439, 54.823615838511614], [-1.4841292348573916, 54.8239751632791], [-1.4841292348573916, 54.824693812814075], [-1.484751250478439, 54.82505313758156], [-1.487239312962629, 54.82505313758156], [-1.4884833442047238, 54.82577178711654], [-1.4897273754468188, 54.82577178711654], [-1.4903493910678662, 54.82541246234905], [-1.4903493910678662, 54.824693812814075], [-1.4909714066889137, 54.82433448804659], [-1.4922154379310086, 54.82433448804659], [-1.4934594691731036, 54.823615838511614], [-1.494081484794151, 54.8239751632791], [-1.492837453552056, 54.824693812814075], [-1.492837453552056, 54.826131111884024], [-1.4934594691731036, 54.82649043665151], [-1.4984355941414833, 54.82649043665151], [-1.4990576097625308, 54.826849761419], [-1.4990576097625308, 54.82828706048895], [-1.4978135785204358, 54.82900571002392], [-1.4978135785204358, 54.829724359558895], [-1.4990576097625308, 54.83044300909387], [-1.4978135785204358, 54.831161658628844], [-1.4978135785204358, 54.83188030816382], [-1.496569547278341, 54.83259895769879], [-1.496569547278341, 54.83403625676874], [-1.4984355941414833, 54.8351142310712], [-1.4996796253835782, 54.8351142310712], [-1.5003016410046257, 54.834754906303715], [-1.5003016410046257, 54.83403625676874], [-1.4996796253835782, 54.833676932001254], [-1.4984355941414833, 54.833676932001254], [-1.4978135785204358, 54.83331760723377], [-1.4990576097625308, 54.83259895769879], [-1.4990576097625308, 54.83188030816382], [-1.4996796253835782, 54.83152098339633], [-1.5009236566256732, 54.832239632931305], [-1.502167687867768, 54.832239632931305], [-1.5027897034888156, 54.83259895769879], [-1.5027897034888156, 54.83403625676874], [-1.5040337347309105, 54.834754906303715], [-1.5040337347309105, 54.83547355583869], [-1.504655750351958, 54.835832880606176], [-1.5083878440782428, 54.835832880606176], [-1.5096318753203377, 54.8351142310712], [-1.5114979221834801, 54.83619220537366], [-1.5114979221834801, 54.83906680351356], [-1.512741953425575, 54.839785453048535], [-1.512741953425575, 54.84194140165346], [-1.51398598466767, 54.84266005118843], [-1.51398598466767, 54.843378700723406], [-1.5146080002887174, 54.84373802549089], [-1.5158520315308124, 54.84373802549089], [-1.5170960627729073, 54.84301937595592], [-1.5183400940150023, 54.84301937595592], [-1.5189621096360497, 54.84266005118843], [-1.5189621096360497, 54.84194140165346], [-1.5195841252570972, 54.84158207688597], [-1.522072187741287, 54.84158207688597], [-1.5226942033623345, 54.84194140165346], [-1.5226942033623345, 54.84266005118843], [-1.5214501721202396, 54.843378700723406], [-1.522072187741287, 54.84373802549089], [-1.523316218983382, 54.84373802549089], [-1.524560250225477, 54.84445667502587], [-1.5258042814675719, 54.84445667502587], [-1.5264262970886193, 54.844815999793354], [-1.5264262970886193, 54.84553464932833], [-1.5282923439517617, 54.84661262363079], [-1.5307804064359516, 54.84661262363079], [-1.532646453299094, 54.84769059793325], [-1.532646453299094, 54.848409247468226], [-1.531402422056999, 54.8491278970032], [-1.531402422056999, 54.85128384560812], [-1.5320244376780465, 54.85164317037561], [-1.5332684689201415, 54.85164317037561], [-1.5351345157832839, 54.85056519607315], [-1.5351345157832839, 54.849846546538174], [-1.5370005626464263, 54.84876857223571], [-1.5376225782674737, 54.8491278970032], [-1.5376225782674737, 54.85128384560812], [-1.5388666095095687, 54.8520024951431], [-1.5388666095095687, 54.85415844374802], [-1.5382445938885212, 54.85451776851551], [-1.5370005626464263, 54.85451776851551], [-1.5363785470253788, 54.854877093282994], [-1.5370005626464263, 54.85523641805048], [-1.5382445938885212, 54.85523641805048], [-1.5388666095095687, 54.85559574281797], [-1.5388666095095687, 54.85631439235294], [-1.5376225782674737, 54.85703304188792], [-1.5376225782674737, 54.85775169142289], [-1.5382445938885212, 54.85811101619038], [-1.5394886251306161, 54.85811101619038], [-1.5401106407516636, 54.85775169142289], [-1.5401106407516636, 54.85703304188792], [-1.540732656372711, 54.85667371712043], [-1.541976687614806, 54.85667371712043], [-1.5425987032358535, 54.85703304188792], [-1.5425987032358535, 54.859907640027814], [-1.5413546719937585, 54.86062628956279], [-1.5444647500989959, 54.86242291340022], [-1.5457087813410908, 54.86242291340022], [-1.5463307969621383, 54.86278223816771], [-1.5463307969621383, 54.863500887702685], [-1.5457087813410908, 54.86386021247017], [-1.5444647500989959, 54.86386021247017], [-1.5438427344779484, 54.86421953723766], [-1.5438427344779484, 54.867094135377556], [-1.543220718856901, 54.86745346014504], [-1.541976687614806, 54.86745346014504], [-1.5413546719937585, 54.86781278491253], [-1.5425987032358535, 54.868531434447505], [-1.5425987032358535, 54.86996873351745], [-1.5413546719937585, 54.87068738305243], [-1.543220718856901, 54.87176535735489], [-1.5444647500989959, 54.87176535735489], [-1.5463307969621383, 54.87284333165735], [-1.5463307969621383, 54.8742806307273], [-1.5457087813410908, 54.874639955494786], [-1.5444647500989959, 54.874639955494786], [-1.5438427344779484, 54.87499928026227], [-1.5444647500989959, 54.87535860502976], [-1.5494408750673756, 54.87535860502976], [-1.5506849063094705, 54.876077254564734], [-1.5519289375515655, 54.87535860502976], [-1.5531729687936604, 54.876077254564734], [-1.5544170000357553, 54.87535860502976], [-1.5562830468988977, 54.87643657933222], [-1.5550390156568028, 54.877155228867196], [-1.5550390156568028, 54.87787387840217], [-1.5537949844147079, 54.878592527937144], [-1.5537949844147079, 54.87931117747212], [-1.552550953172613, 54.88002982700709], [-1.552550953172613, 54.88074847654207], [-1.5537949844147079, 54.88146712607704]]]}}, {"type": "Feature", "properties": {"band_id": "under_30", "order": 3}, "geometry": {"type": "Polygon", "coordinates": [[[-1.4953240738250315, 54.88246296730358], [-1.4962267747614533, 54.88246296730358], [-1.497129475697875, 54.88194194936659], [-1.4980321766342968, 54.88194194936659], [-1.4984835271025077, 54.88220245833509], [-1.4984835271025077, 54.882723476272076], [-1.4980321766342968, 54.88298398524057], [-1.497129475697875, 54.88298398524057], [-1.4966781252296641, 54.883244494209066], [-1.4966781252296641, 54.884286530083045], [-1.4962267747614533, 54.88454703905154], [-1.4953240738250315, 54.88454703905154], [-1.4948727233568206, 54.884807548020035], [-1.4953240738250315, 54.88506805698853], [-1.4962267747614533, 54.88506805698853], [-1.497580826166086, 54.885849583894014], [-1.4966781252296641, 54.886370601831004], [-1.4966781252296641, 54.886891619767994], [-1.4962267747614533, 54.88715212873649], [-1.4953240738250315, 54.88715212873649], [-1.4948727233568206, 54.88741263770498], [-1.4948727233568206, 54.88793365564197], [-1.4962267747614533, 54.88871518254746], [-1.497129475697875, 54.88871518254746], [-1.497580826166086, 54.88897569151595], [-1.4962267747614533, 54.88975721842144], [-1.4956625866761897, 54.88949670945294], [-1.4948727233568206, 54.89001772738993], [-1.4953240738250315, 54.89027823635843], [-1.4962267747614533, 54.89027823635843], [-1.497580826166086, 54.89105976326391], [-1.497129475697875, 54.891320272232406], [-1.4962267747614533, 54.891320272232406], [-1.4953240738250315, 54.891841290169396], [-1.4944213728886098, 54.891320272232406], [-1.493518671952188, 54.891841290169396], [-1.4926159710157663, 54.891320272232406], [-1.4917132700793445, 54.891320272232406], [-1.4908105691429228, 54.891841290169396], [-1.489907868206501, 54.891841290169396], [-1.4894565177382901, 54.89210179913789], [-1.4894565177382901, 54.89262281707488], [-1.4890051672700793, 54.892883326043375], [-1.4885538168018684, 54.89262281707488], [-1.4881024663336575, 54.89190641741152], [-1.4876511158654466, 54.8915807812009], [-1.4876511158654466, 54.89105976326391], [-1.4881024663336575, 54.890799254295416], [-1.4890051672700793, 54.890799254295416], [-1.4894565177382901, 54.89053874532692], [-1.4890051672700793, 54.89027823635843], [-1.4871997653972358, 54.89027823635843], [-1.4867484149290249, 54.89053874532692], [-1.4867484149290249, 54.89210179913789], [-1.4853943635243922, 54.8929484532855], [-1.4844916625879705, 54.89386023467523], [-1.4849430130561814, 54.89418587088585], [-1.4835889616515487, 54.89496739779133], [-1.4830247735662851, 54.89470688882284], [-1.481445046927547, 54.89522790675983], [-1.4796396450547036, 54.89626994263381], [-1.4795268074376509, 54.8967909605708], [-1.4781727560330182, 54.897637614718406], [-1.4777214055648074, 54.898354014381766], [-1.4772700550965965, 54.898679650592385], [-1.4768187046283856, 54.899396050255746], [-1.4763673541601747, 54.899721686466364], [-1.4751261403725948, 54.900959104066715], [-1.475013302755542, 54.901480122003704], [-1.4745619522873312, 54.90180575821432], [-1.474223439436173, 54.902522157877684], [-1.4749004651384894, 54.90304317581467], [-1.475464653223753, 54.90278266684618], [-1.4781727560330182, 54.90278266684618], [-1.4808808588422835, 54.90121961303521], [-1.4817835597787052, 54.90121961303521], [-1.4822349102469161, 54.900959104066715], [-1.4822349102469161, 54.899917068192735], [-1.482686260715127, 54.89965655922424], [-1.4831376111833379, 54.899917068192735], [-1.4831376111833379, 54.900959104066715], [-1.4835889616515487, 54.90121961303521], [-1.4849430130561814, 54.900438086129725], [-1.4849430130561814, 54.899396050255746], [-1.486297064460814, 54.89861452335026], [-1.4871997653972358, 54.89913554128725], [-1.4881024663336575, 54.89913554128725], [-1.4890051672700793, 54.89861452335026], [-1.489907868206501, 54.89861452335026], [-1.4908105691429228, 54.89809350541327], [-1.4921646205475554, 54.898875032318756], [-1.4921646205475554, 54.899396050255746], [-1.4912619196111336, 54.899917068192735], [-1.4912619196111336, 54.900959104066715], [-1.4917132700793445, 54.90121961303521], [-1.4953240738250315, 54.90121961303521], [-1.4957754242932424, 54.901480122003704], [-1.4957754242932424, 54.902001139940694], [-1.4948727233568206, 54.902522157877684], [-1.4957754242932424, 54.90304317581467], [-1.4953240738250315, 54.90330368478317], [-1.493518671952188, 54.90330368478317], [-1.4930673214839771, 54.90356419375166], [-1.4930673214839771, 54.90408521168865], [-1.4926159710157663, 54.90434572065715], [-1.4917132700793445, 54.90434572065715], [-1.4908105691429228, 54.90382470272016], [-1.4903592186747119, 54.90408521168865], [-1.4903592186747119, 54.90460622962564], [-1.4912619196111336, 54.90512724756263], [-1.4904720562917646, 54.90721131931059], [-1.4903592186747119, 54.90773233724758], [-1.4903592186747119, 54.90825335518457], [-1.4894565177382901, 54.90877437312156], [-1.4917132700793445, 54.910076917964034], [-1.4926159710157663, 54.909555900027044], [-1.4930673214839771, 54.90981640899554], [-1.4917132700793445, 54.91059793590102], [-1.489907868206501, 54.91059793590102], [-1.4890051672700793, 54.910076917964034], [-1.4881024663336575, 54.910076917964034], [-1.4876511158654466, 54.91033742693253], [-1.4876511158654466, 54.91137946280651], [-1.4885538168018684, 54.9119004807435], [-1.4881024663336575, 54.91216098971199], [-1.4871997653972358, 54.911639971775], [-1.486297064460814, 54.911639971775], [-1.4849430130561814, 54.91085844486952], [-1.4849430130561814, 54.90825335518457], [-1.4844916625879705, 54.907992846216075], [-1.4835889616515487, 54.907992846216075], [-1.482686260715127, 54.908513864153065], [-1.4817835597787052, 54.907992846216075], [-1.4799781579058617, 54.909034882090054], [-1.4781727560330182, 54.907992846216075], [-1.4772700550965965, 54.907992846216075], [-1.4768187046283856, 54.90825335518457], [-1.4768187046283856, 54.90877437312156], [-1.4763673541601747, 54.909034882090054], [-1.475464653223753, 54.909034882090054], [-1.4741106018191203, 54.90825335518457], [-1.4741106018191203, 54.90773233724758], [-1.4732079008826986, 54.90721131931059], [-1.4732079008826986, 54.90616928343661], [-1.4727565504144877, 54.90590877446812], [-1.471853849478066, 54.906429792405106], [-1.4709511485416442, 54.906429792405106], [-1.4704997980734333, 54.9066903013736], [-1.4704997980734333, 54.90825335518457], [-1.4709511485416442, 54.908513864153065], [-1.471402499009855, 54.90825335518457], [-1.471402499009855, 54.90773233724758], [-1.471853849478066, 54.907471828279085], [-1.4723051999462768, 54.90773233724758], [-1.4723051999462768, 54.90877437312156], [-1.471853849478066, 54.909034882090054], [-1.4709511485416442, 54.909034882090054], [-1.4700484476052225, 54.909555900027044], [-1.4695970971370116, 54.90929539105855], [-1.4695970971370116, 54.90877437312156], [-1.4686943962005898, 54.90825335518457], [-1.4686943962005898, 54.90773233724758], [-1.4673403447959572, 54.906950810342096], [-1.4655349429231137, 54.906950810342096], [-1.4650835924549028, 54.90721131931059], [-1.4650835924549028, 54.90773233724758], [-1.4659862933913246, 54.90825335518457], [-1.464632241986692, 54.909034882090054], [-1.4628268401138484, 54.909034882090054], [-1.4623754896456376, 54.90929539105855], [-1.4623754896456376, 54.91033742693253], [-1.4632781905820593, 54.91085844486952], [-1.4632781905820593, 54.91137946280651], [-1.4637295410502702, 54.911639971775], [-1.464632241986692, 54.91111895383801], [-1.4655349429231137, 54.91111895383801], [-1.4664376438595355, 54.91059793590102], [-1.4673403447959572, 54.91059793590102], [-1.467791695264168, 54.91085844486952], [-1.467791695264168, 54.91137946280651], [-1.4686943962005898, 54.9119004807435], [-1.4686943962005898, 54.91346353455447], [-1.4691457466688007, 54.91372404352296], [-1.4695970971370116, 54.91346353455447], [-1.4695970971370116, 54.91242149868049], [-1.4700484476052225, 54.91216098971199], [-1.4704997980734333, 54.91242149868049], [-1.4704997980734333, 54.91294251661748], [-1.471853849478066, 54.91372404352296], [-1.4736592513509095, 54.91372404352296], [-1.4741106018191203, 54.913984552491456], [-1.4741106018191203, 54.914505570428446], [-1.4745619522873312, 54.91476607939694], [-1.475464653223753, 54.91476607939694], [-1.4763673541601747, 54.91424506145995], [-1.4772700550965965, 54.91424506145995], [-1.47907545696944, 54.91528709733393], [-1.4799781579058617, 54.91476607939694], [-1.4831376111833379, 54.916589642176405], [-1.4831376111833379, 54.917110660113394], [-1.4822349102469161, 54.917631678050384], [-1.4822349102469161, 54.918152695987374], [-1.4817835597787052, 54.91841320495587], [-1.4808808588422835, 54.91789218701888], [-1.4804295083740726, 54.918152695987374], [-1.4804295083740726, 54.91919473186135], [-1.4808808588422835, 54.91945524082985], [-1.4817835597787052, 54.91893422289286], [-1.482686260715127, 54.91893422289286], [-1.4831376111833379, 54.91919473186135], [-1.4831376111833379, 54.91971574979834], [-1.4835889616515487, 54.91997625876684], [-1.4844916625879705, 54.91945524082985], [-1.4853943635243922, 54.91945524082985], [-1.4858457139926031, 54.91971574979834], [-1.4858457139926031, 54.92075778567232], [-1.4853943635243922, 54.92101829464082], [-1.4844916625879705, 54.92101829464082], [-1.4840403121197596, 54.92127880360931], [-1.4840403121197596, 54.9217998215463], [-1.4835889616515487, 54.922060330514796], [-1.47907545696944, 54.922060330514796], [-1.478624106501229, 54.92232083948329], [-1.47907545696944, 54.922581348451786], [-1.4799781579058617, 54.922581348451786], [-1.4804295083740726, 54.92284185742028], [-1.4804295083740726, 54.92336287535727], [-1.4808808588422835, 54.923623384325765], [-1.482686260715127, 54.923623384325765], [-1.4831376111833379, 54.92388389329426], [-1.482686260715127, 54.92420952950488], [-1.4830247735662851, 54.92492592916824], [-1.4835889616515487, 54.924665420199744], [-1.4840403121197596, 54.92492592916824], [-1.4840403121197596, 54.92544694710523], [-1.4844916625879705, 54.925707456073724], [-1.4858457139926031, 54.92492592916824], [-1.4858457139926031, 54.92440491123125], [-1.486297064460814, 54.924144402262755], [-1.4867484149290249, 54.92440491123125], [-1.4867484149290249, 54.92492592916824], [-1.4876511158654466, 54.92544694710523], [-1.4871997653972358, 54.925707456073724], [-1.4853943635243922, 54.925707456073724], [-1.4849430130561814, 54.92596796504222], [-1.4849430130561814, 54.9270100009162], [-1.4844916625879705, 54.92727050988469], [-1.482686260715127, 54.92727050988469], [-1.4822349102469161, 54.9270100009162], [-1.4822349102469161, 54.92648898297921], [-1.4817835597787052, 54.92622847401071], [-1.4808808588422835, 54.92622847401071], [-1.4804295083740726, 54.92648898297921], [-1.4804295083740726, 54.92753101885319], [-1.4822349102469161, 54.92857305472717], [-1.4822349102469161, 54.92909407266416], [-1.4840403121197596, 54.930136108538136], [-1.4840403121197596, 54.930657126475126], [-1.4831376111833379, 54.931178144412115], [-1.4831376111833379, 54.931699162349105], [-1.482686260715127, 54.9319596713176], [-1.4808808588422835, 54.9319596713176], [-1.47907545696944, 54.93091763544362], [-1.4781727560330182, 54.93091763544362], [-1.4772700550965965, 54.93039661750663], [-1.4768187046283856, 54.930657126475126], [-1.4768187046283856, 54.931178144412115], [-1.4777214055648074, 54.931699162349105], [-1.4777214055648074, 54.932220180286095], [-1.4781727560330182, 54.93248068925459], [-1.47907545696944, 54.9319596713176], [-1.4804295083740726, 54.932741198223084], [-1.47907545696944, 54.93352272512857], [-1.4781727560330182, 54.93300170719158], [-1.4772700550965965, 54.93300170719158], [-1.4763673541601747, 54.93352272512857], [-1.475464653223753, 54.93352272512857], [-1.475013302755542, 54.93378323409706], [-1.475013302755542, 54.93430425203405], [-1.4741106018191203, 54.93482526997104], [-1.4741106018191203, 54.93586730584502], [-1.4727565504144877, 54.93664883275051], [-1.4723051999462768, 54.93638832378201], [-1.4723051999462768, 54.93534628790803], [-1.471402499009855, 54.93482526997104], [-1.471402499009855, 54.93430425203405], [-1.4704997980734333, 54.93378323409706], [-1.4704997980734333, 54.933262216160074], [-1.4695970971370116, 54.932741198223084], [-1.4695970971370116, 54.932220180286095], [-1.4686943962005898, 54.931699162349105], [-1.4686943962005898, 54.930657126475126], [-1.468243045732379, 54.93039661750663], [-1.4668889943277463, 54.931178144412115], [-1.4668889943277463, 54.931699162349105], [-1.467791695264168, 54.932220180286095], [-1.467791695264168, 54.93378323409706], [-1.468243045732379, 54.93404374306556], [-1.4691457466688007, 54.93352272512857], [-1.4695970971370116, 54.93378323409706], [-1.4695970971370116, 54.93430425203405], [-1.4704997980734333, 54.93482526997104], [-1.4704997980734333, 54.93534628790803], [-1.4695970971370116, 54.93586730584502], [-1.4695970971370116, 54.93638832378201], [-1.4704997980734333, 54.936909341719], [-1.4704997980734333, 54.93795137759298], [-1.4700484476052225, 54.938211886561476], [-1.4691457466688007, 54.938211886561476], [-1.467791695264168, 54.93899341346696], [-1.4686943962005898, 54.93951443140395], [-1.4673403447959572, 54.940295958309434], [-1.4659862933913246, 54.93951443140395], [-1.4686943962005898, 54.93795137759298], [-1.468243045732379, 54.937690868624486], [-1.4673403447959572, 54.937690868624486], [-1.4668889943277463, 54.93743035965599], [-1.4668889943277463, 54.936909341719], [-1.467791695264168, 54.93638832378201], [-1.4673403447959572, 54.93612781481352], [-1.4664376438595355, 54.93612781481352], [-1.4655349429231137, 54.93664883275051], [-1.464632241986692, 54.93664883275051], [-1.4637295410502702, 54.937169850687496], [-1.4628268401138484, 54.937169850687496], [-1.4619241391774267, 54.937690868624486], [-1.461021438241005, 54.937690868624486], [-1.460570087772794, 54.93795137759298], [-1.460570087772794, 54.93847239552997], [-1.4601187373045832, 54.938732904498465], [-1.4592160363681614, 54.938732904498465], [-1.4578619849635288, 54.93795137759298], [-1.4578619849635288, 54.93743035965599], [-1.4587646858999506, 54.936909341719], [-1.4587646858999506, 54.93638832378201], [-1.4596673868363723, 54.93586730584502], [-1.4596673868363723, 54.93534628790803], [-1.4587646858999506, 54.93482526997104], [-1.4592160363681614, 54.93456476100255], [-1.4601187373045832, 54.93508577893954], [-1.461021438241005, 54.93508577893954], [-1.4614727887092158, 54.93482526997104], [-1.4614727887092158, 54.93430425203405], [-1.4601187373045832, 54.93352272512857], [-1.4592160363681614, 54.93352272512857], [-1.4583133354317397, 54.93300170719158], [-1.457410634495318, 54.93300170719158], [-1.4565079335588962, 54.93352272512857], [-1.4556052326224744, 54.93352272512857], [-1.4547025316860527, 54.93300170719158], [-1.453799830749631, 54.93300170719158], [-1.4524457793449983, 54.93378323409706], [-1.4524457793449983, 54.93534628790803], [-1.4542511812178418, 54.93638832378201], [-1.4542511812178418, 54.936909341719], [-1.4551538821542636, 54.93743035965599], [-1.4551538821542636, 54.93847239552997], [-1.4542511812178418, 54.93899341346696], [-1.4542511812178418, 54.94055646727793], [-1.4547025316860527, 54.940816976246424], [-1.4551538821542636, 54.94055646727793], [-1.4551538821542636, 54.94003544934094], [-1.4565079335588962, 54.939253922435455], [-1.457410634495318, 54.939253922435455], [-1.4578619849635288, 54.93951443140395], [-1.4578619849635288, 54.94055646727793], [-1.4583133354317397, 54.940816976246424], [-1.4592160363681614, 54.940816976246424], [-1.4601187373045832, 54.941337994183414], [-1.461021438241005, 54.941337994183414], [-1.4619241391774267, 54.940816976246424], [-1.4628268401138484, 54.941337994183414], [-1.4637295410502702, 54.941337994183414], [-1.4650835924549028, 54.9421195210889], [-1.464632241986692, 54.94238003005739], [-1.4637295410502702, 54.94238003005739], [-1.4628268401138484, 54.9418590121204], [-1.4619241391774267, 54.94238003005739], [-1.461021438241005, 54.94238003005739], [-1.460570087772794, 54.94264053902589], [-1.460570087772794, 54.94316155696288], [-1.4601187373045832, 54.94342206593137], [-1.4592160363681614, 54.94342206593137], [-1.4587646858999506, 54.94368257489987], [-1.4587646858999506, 54.94420359283686], [-1.4619241391774267, 54.94602715561632], [-1.4628268401138484, 54.94602715561632], [-1.4632781905820593, 54.946287664584816], [-1.4628268401138484, 54.94654817355331], [-1.4619241391774267, 54.94654817355331], [-1.4614727887092158, 54.946808682521805], [-1.4623754896456376, 54.947329700458795], [-1.4614727887092158, 54.947850718395784], [-1.4623754896456376, 54.948371736332774], [-1.4614727887092158, 54.948892754269764], [-1.4614727887092158, 54.94993479014374], [-1.461021438241005, 54.95019529911224], [-1.4601187373045832, 54.95019529911224], [-1.4596673868363723, 54.95045580808073], [-1.4596673868363723, 54.95097682601772], [-1.4592160363681614, 54.95123733498622], [-1.4583133354317397, 54.95123733498622], [-1.457410634495318, 54.95175835292321], [-1.4565079335588962, 54.95175835292321], [-1.4560565830906853, 54.9520188618917], [-1.4560565830906853, 54.95253987982869], [-1.4547025316860527, 54.953321406734176], [-1.4528971298132092, 54.953321406734176], [-1.450189027003944, 54.954884460545145], [-1.4492863260675222, 54.954884460545145], [-1.4483836251311004, 54.954363442608155], [-1.4474809241946787, 54.954363442608155], [-1.4470295737264678, 54.95410293363966], [-1.4470295737264678, 54.95358191570267], [-1.446578223258257, 54.953321406734176], [-1.4447728213854134, 54.953321406734176], [-1.4443214709172025, 54.95358191570267], [-1.4443214709172025, 54.95462395157665], [-1.4447728213854134, 54.954884460545145], [-1.4456755223218352, 54.954363442608155], [-1.4479322746628895, 54.95566598745063], [-1.4479322746628895, 54.95618700538762], [-1.4483836251311004, 54.956447514356114], [-1.4492863260675222, 54.956447514356114], [-1.449737676535733, 54.95618700538762], [-1.449737676535733, 54.95566598745063], [-1.450189027003944, 54.955405478482135], [-1.4528971298132092, 54.955405478482135], [-1.45334848028142, 54.95566598745063], [-1.4519944288767874, 54.956447514356114], [-1.450189027003944, 54.956447514356114], [-1.449737676535733, 54.95670802332461], [-1.450189027003944, 54.956968532293104], [-1.4510917279403657, 54.956968532293104], [-1.4515430784085765, 54.9572290412616], [-1.4510917279403657, 54.95748955023009], [-1.4483836251311004, 54.95748955023009], [-1.4479322746628895, 54.95775005919859], [-1.4479322746628895, 54.95879209507257], [-1.449737676535733, 54.95983413094655], [-1.4483836251311004, 54.96061565785203], [-1.4474809241946787, 54.96061565785203], [-1.446578223258257, 54.96113667578902], [-1.446126872790046, 54.960876166820526], [-1.446126872790046, 54.96035514888354], [-1.4456755223218352, 54.96009463991504], [-1.4452241718536243, 54.96035514888354], [-1.4452241718536243, 54.961918202694505], [-1.4443214709172025, 54.962439220631495], [-1.4443214709172025, 54.963481256505474], [-1.4438701204489917, 54.96374176547397], [-1.44296741951257, 54.96322074753698], [-1.4420647185761482, 54.96322074753698], [-1.4416133681079373, 54.963481256505474], [-1.442516069044359, 54.964002274442464], [-1.4420647185761482, 54.96426278341096], [-1.4411620176397264, 54.96374176547397], [-1.4402593167033046, 54.96426278341096], [-1.439356615766883, 54.96374176547397], [-1.438905265298672, 54.964002274442464], [-1.438905265298672, 54.964523292379454], [-1.4384539148304611, 54.96478380134795], [-1.4375512138940394, 54.96478380134795], [-1.4370998634258285, 54.96504431031644], [-1.4370998634258285, 54.96660736412741], [-1.4366485129576176, 54.96686787309591], [-1.435294461552985, 54.96608634619042], [-1.435294461552985, 54.96556532825343], [-1.4348431110847741, 54.96530481928494], [-1.4339404101483524, 54.96530481928494], [-1.4321350082755089, 54.96634685515892], [-1.4312323073390871, 54.96634685515892], [-1.4303296064026654, 54.96582583722193], [-1.4294269054662436, 54.96582583722193], [-1.4285242045298219, 54.96634685515892], [-1.4276215035934001, 54.96634685515892], [-1.4271701531251892, 54.96660736412741], [-1.4271701531251892, 54.96764940000139], [-1.4267188026569784, 54.96790990896989], [-1.4258161017205566, 54.96790990896989], [-1.4253647512523457, 54.96817041793838], [-1.4253647512523457, 54.96973347174935], [-1.4249134007841349, 54.969993980717845], [-1.4231079989112914, 54.968951944843866], [-1.4226566484430805, 54.96921245381236], [-1.4226566484430805, 54.96973347174935], [-1.4222052979748696, 54.969993980717845], [-1.4213025970384479, 54.969993980717845], [-1.420851246570237, 54.97025448968634], [-1.4213025970384479, 54.970514998654835], [-1.4222052979748696, 54.970514998654835], [-1.4226566484430805, 54.97077550762333], [-1.4226566484430805, 54.97181754349731], [-1.4217539475066587, 54.9723385614343], [-1.4217539475066587, 54.97338059730828], [-1.4213025970384479, 54.97364110627677], [-1.420399896102026, 54.97364110627677], [-1.4194971951656044, 54.97312008833978], [-1.4185944942291826, 54.97312008833978], [-1.4181431437609717, 54.97338059730828], [-1.4181431437609717, 54.97390161524527], [-1.4176917932927608, 54.97416212421376], [-1.4158863914199173, 54.97416212421376], [-1.4154350409517065, 54.97442263318226], [-1.4163377418881282, 54.97494365111925], [-1.4158863914199173, 54.97520416008774], [-1.4149836904834956, 54.97520416008774], [-1.4140809895470738, 54.97572517802473], [-1.413178288610652, 54.97572517802473], [-1.4127269381424412, 54.975985686993226], [-1.413629639078863, 54.976506704930216], [-1.413629639078863, 54.977027722867206], [-1.413178288610652, 54.9772882318357], [-1.4127269381424412, 54.977027722867206], [-1.4127269381424412, 54.976506704930216], [-1.4113728867378086, 54.97572517802473], [-1.4104701858013868, 54.97572517802473], [-1.410018835333176, 54.97546466905624], [-1.410018835333176, 54.97494365111925], [-1.4077620829921216, 54.97364110627677], [-1.4073107325239107, 54.97390161524527], [-1.4073107325239107, 54.97442263318226], [-1.4068593820556998, 54.97468314215075], [-1.4050539801828563, 54.97364110627677], [-1.4041512792464346, 54.97364110627677], [-1.4032485783100128, 54.97312008833978], [-1.402345877373591, 54.97364110627677], [-1.3969296717550606, 54.97364110627677], [-1.3960269708186388, 54.97312008833978], [-1.395124269882217, 54.97364110627677], [-1.3946729194140062, 54.97338059730828], [-1.3946729194140062, 54.97285957937129], [-1.3942215689457953, 54.972599070402794], [-1.3933188680093735, 54.972599070402794], [-1.39151346613653, 54.971557034528814], [-1.3906107652001083, 54.971557034528814], [-1.3897080642636865, 54.972078052465804], [-1.388354012859054, 54.97129652556032], [-1.388354012859054, 54.97077550762333], [-1.3888053633272648, 54.970514998654835], [-1.3897080642636865, 54.971036016591825], [-1.3901594147318974, 54.97077550762333], [-1.3901594147318974, 54.96973347174935], [-1.391964816604741, 54.96869143587537], [-1.3910621156683192, 54.96817041793838], [-1.3910621156683192, 54.96764940000139], [-1.391964816604741, 54.9671283820644], [-1.391964816604741, 54.96660736412741], [-1.39151346613653, 54.96634685515892], [-1.3897080642636865, 54.96634685515892], [-1.388354012859054, 54.96556532825343], [-1.3892567137954757, 54.96504431031644], [-1.3888053633272648, 54.96478380134795], [-1.387902662390843, 54.96478380134795], [-1.3865486109862104, 54.964002274442464], [-1.3865486109862104, 54.962960238568485], [-1.387902662390843, 54.962178711663], [-1.3888053633272648, 54.962178711663], [-1.3892567137954757, 54.961918202694505], [-1.387902662390843, 54.96113667578902], [-1.3869999614544213, 54.96113667578902], [-1.3865486109862104, 54.960876166820526], [-1.3865486109862104, 54.96035514888354], [-1.3851945595815778, 54.95957362197805], [-1.384291858645156, 54.95957362197805], [-1.3833891577087343, 54.96009463991504], [-1.3815837558358908, 54.96009463991504], [-1.380681054899469, 54.95957362197805], [-1.3797783539630473, 54.95957362197805], [-1.3793270034948364, 54.95931311300956], [-1.3793270034948364, 54.95879209507257], [-1.3788756530266255, 54.95853158610407], [-1.3779729520902038, 54.95853158610407], [-1.377070251153782, 54.95905260404106], [-1.3761675502173603, 54.95905260404106], [-1.3752648492809385, 54.95957362197805], [-1.3743621483445168, 54.95957362197805], [-1.3739107978763059, 54.95983413094655], [-1.3739107978763059, 54.96035514888354], [-1.3743621483445168, 54.96061565785203], [-1.3752648492809385, 54.96061565785203], [-1.3757161997491494, 54.960876166820526], [-1.3757161997491494, 54.961397184757516], [-1.3761675502173603, 54.96165769372601], [-1.377070251153782, 54.96165769372601], [-1.3784243025584146, 54.962439220631495], [-1.3784243025584146, 54.964523292379454], [-1.377070251153782, 54.96530481928494], [-1.3752648492809385, 54.96530481928494], [-1.3743621483445168, 54.96582583722193], [-1.373459447408095, 54.96582583722193], [-1.3730080969398841, 54.96608634619042], [-1.3730080969398841, 54.96660736412741], [-1.3721053960034624, 54.9671283820644], [-1.3725567464716733, 54.9673888910329], [-1.373459447408095, 54.9673888910329], [-1.3739107978763059, 54.96764940000139], [-1.3739107978763059, 54.96921245381236], [-1.373459447408095, 54.969472962780856], [-1.3716540455352515, 54.968430926906876], [-1.3707513445988297, 54.968430926906876], [-1.3702999941306189, 54.96869143587537], [-1.3702999941306189, 54.96921245381236], [-1.3721053960034624, 54.97025448968634], [-1.3721053960034624, 54.97129652556032], [-1.3702999941306189, 54.9723385614343], [-1.3721053960034624, 54.97338059730828], [-1.3721053960034624, 54.973828020164184], [-1.372084254687913, 54.97381631728452], [-1.371624341811617, 54.97353836069948], [-1.371551718386614, 54.97349847990405], [-1.371476042816581, 54.97346474790436], [-1.371292642816581, 54.97339194790436], [-1.371186137671997, 54.97335645105404], [-1.371076324927752, 54.97333311581444], [-1.370945524927752, 54.97331291581444], [-1.370926327091792, 54.97331108659365], [-1.370898081810793, 54.97329847594427], [-1.370817094670697, 54.973266470066], [-1.370733630109157, 54.973241631385044], [-1.370569330109157, 54.973200431385045], [-1.370494492884432, 54.973184680041555], [-1.370058392884432, 54.97311018004156], [-1.370055365250297, 54.9731096676065], [-1.369922965250297, 54.9730874676065], [-1.369834493500936, 54.97307666068808], [-1.369745410906533, 54.97307377428976], [-1.369656425142776, 54.9730788313412], [-1.369568243116123, 54.97309179166898], [-1.3695139682151, 54.973104791335146], [-1.369461908074044, 54.973095165965084], [-1.36932701501609, 54.97307960111559], [-1.36922481501609, 54.973074801115594], [-1.369130383317754, 54.97307482955549], [-1.369058256989239, 54.97308168535915], [-1.369041616316366, 54.973079651811894], [-1.36896473485387, 54.97307621881839], [-1.368829758424976, 54.97307539074214], [-1.368810654165519, 54.97306825848528], [-1.368788458748868, 54.973060269186554], [-1.36876951812491, 54.97305370275477], [-1.368735133681891, 54.972988737561174], [-1.368682465867615, 54.97290879656226], [-1.368561465867615, 54.97274299656225], [-1.368484137270339, 54.97264952020959], [-1.368396058432981, 54.972566095639635], [-1.368150158432981, 54.972359995639636], [-1.368062018604229, 54.97229402884557], [-1.36796716150892, 54.972238150595764], [-1.36773106150892, 54.972116050595766], [-1.367642044742659, 54.97207540561871], [-1.367549481555573, 54.972043655733174], [-1.367313281555573, 54.97197535573317], [-1.367207409071604, 54.97195088717849], [-1.367099506738089, 54.9719380505336], [-1.366990848632659, 54.971936997369674], [-1.366882717756867, 54.97194774012214], [-1.366759817756867, 54.97196674012214], [-1.366651429127515, 54.97198970741463], [-1.366345029127515, 54.97207260741463], [-1.366223826599534, 54.97211389210901], [-1.366034805520532, 54.972192112905006], [-1.365983201980441, 54.97218512708465], [-1.365877801980441, 54.97217732708465], [-1.365777982906864, 54.97217493850186], [-1.365733326104297, 54.97217833737905], [-1.365679449501092, 54.97215765158596], [-1.365626045681158, 54.97214330621355], [-1.365532238254834, 54.97210223869301], [-1.365515191816073, 54.97209602718047], [-1.365491821578782, 54.97205611652712], [-1.365436636948962, 54.9719794989359], [-1.365293136948962, 54.9717988989359], [-1.365236157110012, 54.971733260024116], [-1.365173692542565, 54.971672817103936], [-1.365106215176969, 54.97161802683181], [-1.365034234816113, 54.97156930315751], [-1.364882434816113, 54.97147590315751], [-1.364759631053895, 54.9714116231218], [-1.364626927445904, 54.97135349413432], [-1.364504094248898, 54.9712728769015], [-1.364428936833763, 54.97122812598411], [-1.364037036833763, 54.97101742598411], [-1.363933829636283, 54.97096929959603], [-1.363825820050429, 54.97093321907214], [-1.363714408730993, 54.97090965230013], [-1.363507408730993, 54.97087805230013], [-1.363490856957876, 54.97087566700132], [-1.363279748467073, 54.970847043578104], [-1.363223747717879, 54.970835437789034], [-1.363100525672817, 54.9708074454603], [-1.362996173677673, 54.97078948856151], [-1.362890507955967, 54.97078266621872], [-1.362784713209486, 54.970787054922596], [-1.362679975586616, 54.97080260546793], [-1.362586611120535, 54.97082677678257], [-1.36254499335424, 54.970825862388956], [-1.362447942384638, 54.97082881474855], [-1.362444454174768, 54.97082433759208], [-1.362436470166201, 54.97081607486885], [-1.362452020518219, 54.97078346964246], [-1.362485486718211, 54.97069075751044], [-1.362509663061314, 54.970595201085224], [-1.362524314661638, 54.97049772874774], [-1.36252557909359, 54.97047275692919], [-1.362551612877879, 54.97039520083393], [-1.362563812877879, 54.970350700833926], [-1.362584739730733, 54.97025690367827], [-1.362596566143903, 54.970161530854405], [-1.362599182890532, 54.97006546321044], [-1.36259256580277, 54.969969588011715], [-1.362576775994977, 54.969874790746196], [-1.362551959299284, 54.96978194694621], [-1.362518344918713, 54.969691914102214], [-1.362487744918713, 54.96962061410221], [-1.362438608303351, 54.969521610179044], [-1.362378845949908, 54.96942863359659], [-1.362309187926277, 54.96934282017389], [-1.362186987926277, 54.9692082201739], [-1.362121674042706, 54.969142650017375], [-1.362050577914483, 54.96908339894679], [-1.362027781647964, 54.96906772972385], [-1.362001463021684, 54.96903363322396], [-1.361929710618708, 54.968958352623496], [-1.361850527800077, 54.96889093113305], [-1.361764770973595, 54.9688320979549], [-1.361642570973595, 54.9687572979549], [-1.361530148869545, 54.968697956719026], [-1.361428482957837, 54.96865230297], [-1.361279924265295, 54.96856171006856], [-1.361202758324644, 54.968498687271946], [-1.361155694487626, 54.96846367203355], [-1.361162123734628, 54.96844348627106], [-1.361182975437948, 54.96834404857197], [-1.361193629649341, 54.96824300829629], [-1.361193976389119, 54.96814140844736], [-1.361184012078006, 54.96804029780482], [-1.361163839574095, 54.96794072009839], [-1.361133667111074, 54.96784370323385], [-1.361093806148705, 54.96775024868227], [-1.361079838298306, 54.96772162491003], [-1.36106329316429, 54.96768507854733], [-1.36101880536448, 54.96759833223929], [-1.360966082222916, 54.967516330064726], [-1.360905624824883, 54.96743985137937], [-1.360900811888989, 54.9674348525748], [-1.360878201418324, 54.96740327530752], [-1.360819353100029, 54.96733502467698], [-1.360754599372796, 54.967272349100035], [-1.360683038427426, 54.96720907489809], [-1.360673434097914, 54.9671816601379], [-1.360631072805776, 54.96709099491316], [-1.360579861829126, 54.96700501760266], [-1.360520314028587, 54.966924589240115], [-1.360455214028587, 54.96684528924011], [-1.360383558336016, 54.966766892750655], [-1.360303992065237, 54.96669653824553], [-1.360259392065237, 54.96666113824553], [-1.360182235477573, 54.966605662190155], [-1.360100161336087, 54.96655776055094], [-1.360007580934314, 54.96650947163672], [-1.359918634801893, 54.966456981452744], [-1.35981604245843, 54.966404168164715], [-1.35966214245843, 54.96633586816471], [-1.359565014183312, 54.96629868025741], [-1.359464548758932, 54.96627178154403], [-1.359365963765288, 54.96625611925738], [-1.359354125495967, 54.966241299375774], [-1.359307325495967, 54.96618809937577], [-1.35923609785893, 54.96611501513774], [-1.359157792426218, 54.96604957095286], [-1.359073224724022, 54.965992448401515], [-1.358994438402437, 54.96595022487218], [-1.358994423573033, 54.96593579035075], [-1.358984539902627, 54.96583731796426], [-1.358964971041928, 54.965740304781995], [-1.358935908658102, 54.96564570099937], [-1.358897637402604, 54.965554433212915], [-1.358850532123163, 54.965467395344774], [-1.358795054192336, 54.965385439887164], [-1.358731746988598, 54.96530936955263], [-1.35866123057422, 54.9652399294119], [-1.358630493507557, 54.96521513951808], [-1.35861181184407, 54.965191190101756], [-1.35855558273243, 54.96513027065097], [-1.35846288988104, 54.96503784569799], [-1.358418544222566, 54.964990763646796], [-1.358356222084573, 54.96493011102076], [-1.358288865986584, 54.96487510242151], [-1.358216985328617, 54.964826153867506], [-1.358121685328618, 54.964767153867506], [-1.358044779077138, 54.964724109140754], [-1.357988197154078, 54.9646986984635], [-1.357975939375124, 54.96469004240206], [-1.357852557243694, 54.96461562196922], [-1.357795557243694, 54.964586621969225], [-1.357777914713441, 54.96457881803851], [-1.35776502652969, 54.96452299673358], [-1.357733598059519, 54.96442981164315], [-1.357693168613142, 54.964340164168675], [-1.357651168613142, 54.964258064168675], [-1.357605503841565, 54.9641781082268], [-1.357552678329426, 54.964102691456304], [-1.357547492648864, 54.96409657384235], [-1.357546809881627, 54.96408868108242], [-1.357527807376119, 54.963988800958006], [-1.357498761234514, 54.963891366589706], [-1.357459971710683, 54.963797385169684], [-1.357411839777149, 54.96370782819651], [-1.357354862980183, 54.963623621432674], [-1.357289630296595, 54.96354563533481], [-1.357236430296595, 54.963488235334815], [-1.357169058840632, 54.963422100797146], [-1.357139163228172, 54.96339784162361], [-1.357140146860061, 54.963359000760036], [-1.357133429356317, 54.96326363271237], [-1.357117635376206, 54.96316934199404], [-1.357092909279695, 54.96307699044006], [-1.357059477067989, 54.96298742216111], [-1.357017644317835, 54.96290145582825], [-1.35696779338849, 54.96281987719002], [-1.356936990655952, 54.962778863740475], [-1.356924847157098, 54.96275359657886], [-1.356911893845221, 54.962732311927624], [-1.356889399669258, 54.96265425984718], [-1.356865813045651, 54.96253684756941], [-1.356864114431369, 54.96252857314545], [-1.356837714431369, 54.96240267314545], [-1.356810379965977, 54.96229988025983], [-1.356772282015456, 54.96220057217104], [-1.356723851602884, 54.96210587240615], [-1.356665636648174, 54.96201685235571], [-1.356598295769144, 54.96193451915254], [-1.356508395769144, 54.96183581915254], [-1.356424238941124, 54.96175369158322], [-1.356300038941124, 54.96164599158322], [-1.356293530412833, 54.96164081007448], [-1.356320975267512, 54.96161469955528], [-1.356386029594605, 54.96154669589694], [-1.356444403154105, 54.961472877941326], [-1.356495578956903, 54.961393899461804], [-1.356539103761278, 54.96131045993625], [-1.356574592087057, 54.96122329835209], [-1.356601729629646, 54.961133186661385], [-1.356620276043688, 54.961040922943994], [-1.356630067071699, 54.96094732433936], [-1.356631015998823, 54.9608532198094], [-1.35662530861323, 54.960785483773556], [-1.356635095264936, 54.96075017659036], [-1.356651902416568, 54.960653634318746], [-1.356659179636408, 54.960555910562036], [-1.35665685704211, 54.96045794375077], [-1.356644956937294, 54.96036067464951], [-1.356623593597363, 54.96026503732279], [-1.356592972172133, 54.9601719501654], [-1.356582562114399, 54.96014485549459], [-1.356582417835011, 54.96013272155315], [-1.356572833248706, 54.96004101178101], [-1.356554841911877, 54.95995057473992], [-1.356528596796705, 54.95986217937505], [-1.356502196796705, 54.95978627937505], [-1.356467922389982, 54.95970068020963], [-1.35642590931612, 54.959618601870815], [-1.35637651476826, 54.95954074218472], [-1.35627708125948, 54.95939891391711], [-1.356247329542412, 54.95928236310053], [-1.356233919193554, 54.95923477107508], [-1.356142164455502, 54.95893750144195], [-1.356083950145986, 54.95874114983277], [-1.356054826990312, 54.95865689808836], [-1.356018316540156, 54.958575574649785], [-1.355887516540156, 54.958315874649784], [-1.355841502562845, 54.958234270561576], [-1.355788053978606, 54.95815733057092], [-1.355623553978606, 54.95794273057092], [-1.355554894321733, 54.95786234515722], [-1.355218494321733, 54.957508245157214], [-1.355146091221521, 54.95743928983272], [-1.354988665181243, 54.95730370388395], [-1.355068783542734, 54.957263592063015], [-1.355169890430423, 54.957205359965236], [-1.355263526315711, 54.95713574745963], [-1.355526487527048, 54.95691530802312], [-1.355681446067911, 54.95680226562945], [-1.355881965666494, 54.95668588754741], [-1.355963862540774, 54.956632852531854], [-1.356040201154079, 54.95657208883373], [-1.356110254777247, 54.95650417491194], [-1.356173356513033, 54.95642975729419], [-1.356228905644845, 54.95634954442212], [-1.356276373355455, 54.9562642999071], [-1.356339873355455, 54.956135899907096], [-1.356363917308637, 54.956083537306945], [-1.356449417308637, 54.955882237306945], [-1.356481038334209, 54.95579727877409], [-1.35650483565959, 54.95570980575615], [-1.356520613722129, 54.95562053709253], [-1.356528242860208, 54.95553020637895], [-1.356527660378779, 54.95543955593892], [-1.356516660378779, 54.95522725593892], [-1.35651501322915, 54.95520176904183], [-1.356500230179894, 54.95501092723401], [-1.356749233015492, 54.954887806433476], [-1.356832267970146, 54.95484171877764], [-1.356910556579384, 54.95478796220242], [-1.35698339276797, 54.9547270215317], [-1.357050119635371, 54.95465944638181], [-1.357110135380263, 54.95458584620464], [-1.357122604224584, 54.95456718632777], [-1.357177235620113, 54.95451656262389], [-1.357199954434277, 54.95450145536171], [-1.357210490108144, 54.95449281998266], [-1.357272919295819, 54.95447034563999], [-1.357366832311773, 54.95442499309951], [-1.357455511200881, 54.95437010628762], [-1.357528611200881, 54.95431940628762], [-1.357610825629108, 54.954255810917914], [-1.357685994763806, 54.95418402523379], [-1.357753306508972, 54.954104824777865], [-1.357812033656562, 54.95401906519886], [-1.357886633656562, 54.95389696519886], [-1.357930355512751, 54.95381751787364], [-1.357953755512751, 54.95377001787364], [-1.357993539704329, 54.95367785901474], [-1.35802388426422, 54.953582175971015], [-1.358044483439512, 54.95348393284836], [-1.358055129672149, 54.953384119548126], [-1.358055715690296, 54.953283741792845], [-1.358046235589212, 54.953183810992506], [-1.358026784890748, 54.953085334053576], [-1.358001984890748, 54.952986234053576], [-1.357964089185621, 54.952867028561606], [-1.357932648051199, 54.9527860578485], [-1.357930575764023, 54.95276204584196], [-1.357913822705148, 54.95266987707796], [-1.357888518360076, 54.952579680425245], [-1.357769364227922, 54.9522205685009], [-1.357683269850889, 54.95193948199425], [-1.357571581658315, 54.95154608594129], [-1.357568474316374, 54.95153536898444], [-1.357421935656355, 54.95104031330081], [-1.357392900251244, 54.950882950431655], [-1.357364898726395, 54.95076908106461], [-1.357326198726395, 54.95064388106461], [-1.357307802416306, 54.95059377072969], [-1.357353764631364, 54.950540098111006], [-1.357404118495944, 54.95046981540709], [-1.357478618495944, 54.95035571540709], [-1.357487119432158, 54.95034246929451], [-1.357536058598324, 54.950264875891925], [-1.357563072542176, 54.950247504567294], [-1.35765213895025, 54.95018304465424], [-1.357733590715862, 54.95010919673405], [-1.357812704088426, 54.95002911594253], [-1.35785990954574, 54.950007464522066], [-1.357936948898941, 54.94996347989161], [-1.358047348898942, 54.94989377989161], [-1.358126543450891, 54.94983824919297], [-1.358200002714345, 54.94977532724003], [-1.358267039445901, 54.94970560269506], [-1.358327026487737, 54.94962972786154], [-1.358379402634949, 54.9495484125816], [-1.358423677885868, 54.949462417595086], [-1.358459438026238, 54.949372547422556], [-1.358461571156749, 54.949366326287056], [-1.358506633642435, 54.949325919377415], [-1.358568149584634, 54.949259818671976], [-1.358684049584634, 54.949123418671974], [-1.358750671524612, 54.94903548061809], [-1.358870172514898, 54.94898648742097], [-1.358957603425361, 54.94897463006811], [-1.359063394286358, 54.94894830717699], [-1.359117137874424, 54.94892851007964], [-1.359171226039018, 54.94893381846715], [-1.359257011329417, 54.94893852932726], [-1.359342884373759, 54.94893585940078], [-1.359428211316632, 54.948925828395254], [-1.359585611316632, 54.948900428395255], [-1.35970505790454, 54.94887356140627], [-1.35997825790454, 54.94879426140627], [-1.360066748384168, 54.94876402290818], [-1.36015202730174, 54.94872565054874], [-1.360233348898942, 54.94867947989161], [-1.360343748898942, 54.94860977989161], [-1.360436406145641, 54.948543616480116], [-1.360520942016738, 54.948467349522105], [-1.360716942016738, 54.948269149522105], [-1.360780590247842, 54.94819834090482], [-1.360837215944692, 54.94812180014403], [-1.360942115944692, 54.94796490014403], [-1.360988934656884, 54.94788751354954], [-1.361028569633245, 54.94780621320841], [-1.361060696632843, 54.947721664212466], [-1.36106396198636, 54.947709986208466], [-1.361072204075438, 54.9476942872249], [-1.361111545232068, 54.94759474016267], [-1.361140020870951, 54.947491558370714], [-1.361140078916515, 54.94749120361187], [-1.361174749541014, 54.947438472617144], [-1.361221886167425, 54.94734779637224], [-1.361259521992443, 54.9472527827542], [-1.361261794265164, 54.947246061899286], [-1.361407035737428, 54.94717269709823], [-1.361693565476898, 54.94704190027135], [-1.361766734397137, 54.947004800618664], [-1.361836616117193, 54.946961828298264], [-1.361902740327841, 54.9469132725171], [-1.362127140327841, 54.9467338725171], [-1.362145898345488, 54.94671849960713], [-1.362263962607914, 54.94661932398062], [-1.362347709559119, 54.946583655186046], [-1.362581450723479, 54.946501038244506], [-1.362694190895942, 54.94645323749683], [-1.362773539779512, 54.94640743088164], [-1.36285130282273, 54.9463799896892], [-1.362958228377258, 54.946327205818264], [-1.363236505808, 54.94616853448753], [-1.36324938354317, 54.9461632671239], [-1.363316480470339, 54.946132892112544], [-1.363381159741871, 54.94609766100719], [-1.363736359741871, 54.94588686100719], [-1.36381929898832, 54.945831882180215], [-1.36389636363143, 54.94576893274972], [-1.36408376363143, 54.94559963274972], [-1.364147359098307, 54.94553679367047], [-1.364280059098307, 54.94539339367047], [-1.364340845998079, 54.94532114217067], [-1.364487245998079, 54.94512944217067], [-1.364508402277189, 54.945100689825296], [-1.364666502277189, 54.944877589825296], [-1.364741225568383, 54.94475413739338], [-1.364837725568383, 54.94456513739338], [-1.364846402269949, 54.94454772759719], [-1.364915602269949, 54.94440542759719], [-1.364960385915388, 54.9442977995365], [-1.365183785915388, 54.9436580995365], [-1.365205766112726, 54.94358669492028], [-1.365222353972189, 54.94351384856683], [-1.365246042735929, 54.943388326659694], [-1.365335093882022, 54.943164089436394], [-1.365364340900162, 54.94307961838405], [-1.365504650368489, 54.94260703332785], [-1.365523739149972, 54.94258356429933], [-1.365644150051749, 54.94245451668246], [-1.365717461234149, 54.942366305153804], [-1.366154661234149, 54.941774205153806], [-1.366160612390989, 54.94176605984376], [-1.366629104660264, 54.94111800050987], [-1.367126295187172, 54.940433239912736], [-1.367181810804424, 54.940347970071485], [-1.367228374131607, 54.940257500263556], [-1.367336874131607, 54.94001740026356], [-1.36735542243352, 54.93997360848105], [-1.367554370230882, 54.939470940377966], [-1.367649151314507, 54.93923166175274], [-1.368053705534615, 54.93825653155128], [-1.368458239467845, 54.93729225759892], [-1.36848466560212, 54.93722198063503], [-1.368505744489756, 54.93714991904524], [-1.368569544489756, 54.93689691904524], [-1.368591908984665, 54.936778567247515], [-1.368633408984664, 54.93645226724752], [-1.368635001711076, 54.936439040868365], [-1.368724437172196, 54.93565222846013], [-1.368853837172196, 54.93451062846013], [-1.368860021215006, 54.93441690867588], [-1.368857385194648, 54.93432302208609], [-1.368845952365145, 54.93422979692449], [-1.368825823582806, 54.934138055589926], [-1.36879717641651, 54.93404860739146], [-1.36849441287928, 54.93323667752452], [-1.368501148321325, 54.9331666503143], [-1.368500732768701, 54.93306664919364], [-1.368490331492155, 54.93296718960253], [-1.36847004850858, 54.93286926617635], [-1.368470026456839, 54.93286919595665], [-1.368465485453788, 54.93283198313555], [-1.368458685453788, 54.932792783135554], [-1.368437286958119, 54.93269738828046], [-1.368406675559581, 54.93260453885248], [-1.368367143844186, 54.932515122313326], [-1.368319069658992, 54.9324299933129], [-1.368269969658992, 54.9323521933129], [-1.368209546983544, 54.93226671733323], [-1.367870246983544, 54.93183641733322], [-1.367846004682076, 54.9318068536136], [-1.367492904682075, 54.93139265361361], [-1.367477023763644, 54.93137447378455], [-1.367402823763644, 54.93129157378455], [-1.367346746263427, 54.93123378264347], [-1.367286200641325, 54.93118069093355], [-1.366843400641325, 54.93082289093355], [-1.36676635510037, 54.9307664954254], [-1.36667725510037, 54.9307075954254], [-1.366615334756718, 54.93066981621462], [-1.366569734756719, 54.93064421621462], [-1.366514921782683, 54.93061680893247], [-1.366432792849156, 54.930566356151544], [-1.366394442105979, 54.93054533873639], [-1.36639500804904, 54.930501435703455], [-1.366396778215309, 54.93044201799006], [-1.366484106031475, 54.930404454995525], [-1.36657254443724, 54.93035528219891], [-1.366613628972379, 54.9303266481035], [-1.366658318240583, 54.93030935081739], [-1.366711718240583, 54.93028605081739], [-1.366809494881372, 54.93023685218052], [-1.366892004664954, 54.93018330064478], [-1.366954784988066, 54.93015099238479], [-1.367109584988066, 54.93006119238479], [-1.367189230621416, 54.93000979598848], [-1.367263652091059, 54.92995108941882], [-1.367332180718865, 54.92988560015531], [-1.367394200773984, 54.92981391662004], [-1.367524200773984, 54.92964841662004], [-1.367572870683473, 54.92958084266659], [-1.367615749378378, 54.92950945347415], [-1.367638924032706, 54.92946239291925], [-1.367707816091439, 54.929412271569056], [-1.367777683100686, 54.92935073270412], [-1.367841523963278, 54.92928296268759], [-1.367898785279109, 54.929209548979145], [-1.367948970682422, 54.92913112796046], [-1.367991645144516, 54.9290483794187], [-1.368026438744767, 54.92896202065389], [-1.368032838744767, 54.92894372065389], [-1.368043403662683, 54.92891179919169], [-1.368065803662683, 54.92884009919169], [-1.368089347555206, 54.92875028181244], [-1.368104459233725, 54.928658667874295], [-1.368111008413259, 54.92856604722466], [-1.368108938630211, 54.92847321839031], [-1.368098267729167, 54.92838098169283], [-1.36807908770905, 54.92829013234876], [-1.36806498770905, 54.928235932348755], [-1.368038275675159, 54.92814950394203], [-1.368003862440477, 54.92806584312969], [-1.367962029622346, 54.927985634541805], [-1.367913119555544, 54.927909534557514], [-1.367650877597885, 54.92753945304483], [-1.36761042875662, 54.92747341111854], [-1.367473220025007, 54.92719334541747], [-1.367423456114213, 54.92710371377973], [-1.367364776796434, 54.92701964824001], [-1.367297798807573, 54.92694203235046], [-1.367223226104866, 54.926871681875596], [-1.367200560557146, 54.92685431845312], [-1.367101273888497, 54.926609533661555], [-1.367068749736009, 54.926539897671496], [-1.367095789810199, 54.926465760351526], [-1.367119950590704, 54.9263724171428], [-1.367135009433609, 54.926277180967006], [-1.367140826341401, 54.9261809372061], [-1.367137347236045, 54.92608458060925], [-1.367124604461732, 54.92598900697464], [-1.367102716484187, 54.92589510482148], [-1.367071886789323, 54.92580374712971], [-1.367036086789323, 54.92571244712971], [-1.36700159514991, 54.925634446452236], [-1.366960582603012, 54.925559668448294], [-1.366913347464827, 54.92548865703655], [-1.366876847464827, 54.92543855703656], [-1.366811101626787, 54.925357555738834], [-1.366737274604891, 54.92528384484215], [-1.36665616991218, 54.92521822659565], [-1.366568670269859, 54.925161415170344], [-1.366542365689682, 54.92514622536787], [-1.366121730499786, 54.92455819805937], [-1.366088689451584, 54.92451458144275], [-1.365308889451584, 54.92354168144275], [-1.365252505682871, 54.9234772010492], [-1.364460641269017, 54.92264630378723], [-1.364456680704858, 54.92261137615004], [-1.364436774651808, 54.92251748744049], [-1.364407959623497, 54.92242593944831], [-1.364341578823979, 54.922245736466685], [-1.364195639234336, 54.921810204621096], [-1.364187632142345, 54.92176793735555], [-1.36418930554084, 54.92171036779899], [-1.364238364452032, 54.92145798946783], [-1.364387191353311, 54.92071166193275], [-1.364401499478767, 54.9206159801144], [-1.364430399478767, 54.920328080114395], [-1.364432065296281, 54.92030979832835], [-1.364448865296281, 54.92010459832835], [-1.364452161890135, 54.920014269692], [-1.364447288665275, 54.91992401238339], [-1.364434285436581, 54.919834563816494], [-1.364413258442124, 54.91974665479772], [-1.364384379475183, 54.9196610035552], [-1.364347884480675, 54.91957830987072], [-1.364072784480675, 54.91902420987072], [-1.364064057505567, 54.91900704895981], [-1.363910004349109, 54.91871119901797], [-1.363723017297988, 54.91831361254271], [-1.363664223034825, 54.918206212373555], [-1.363592744065966, 54.9181068025213], [-1.363555844065966, 54.918061602521306], [-1.363487598222665, 54.9179861853696], [-1.363412044518872, 54.91791809073146], [-1.36332996457593, 54.9178580230624], [-1.363242207530703, 54.91780660377698], [-1.363088407530703, 54.91772670377698], [-1.363065097683968, 54.91771497779615], [-1.362921097683968, 54.91764487779615], [-1.362839928266797, 54.917609715463584], [-1.3627865504635222, 54.917592008510375], [-1.3635297371074557, 54.917306041839765], [-1.366237839916721, 54.917306041839765], [-1.3668020280019846, 54.917631678050384], [-1.3674790859222412, 54.9180793762207], [-1.367479053704301, 54.917110660113394], [-1.3692844555771444, 54.91346353455447], [-1.371089857449988, 54.9119004807435], [-1.373459447408095, 54.9105328086589], [-1.3788756530266255, 54.9105328086589], [-1.3824864567723125, 54.91001179072191], [-1.3797783539630473, 54.91014204520616], [-1.3716540455352515, 54.91014204520616], [-1.368607429874828, 54.91242149868049], [-1.3671405408531427, 54.913268152828095], [-1.364996626129141, 54.915547606302425], [-1.3644324380438775, 54.915873242513044], [-1.362389467320962, 54.91665934589711], [-1.362387694467771, 54.91665456274375], [-1.362343694332071, 54.916564647616006], [-1.361779494332071, 54.91554444761601], [-1.361729177219904, 54.91546294218767], [-1.361671292820766, 54.91538662480458], [-1.36160637222093, 54.915316195674656], [-1.361535011063435, 54.9152523009814], [-1.361457864083091, 54.915195526955216], [-1.361457021375079, 54.9151950234061], [-1.361444511511988, 54.9151476769515], [-1.361359911511988, 54.9148793769515], [-1.3613345264709, 54.91480833399372], [-1.361303857857696, 54.91473940694297], [-1.361238857857696, 54.91460700694297], [-1.361173011688007, 54.91449264206096], [-1.361101411688007, 54.91438534206095], [-1.361013990281932, 54.914272655207306], [-1.360953128953005, 54.914204808056276], [-1.360879637983346, 54.914089994092585], [-1.360819049244815, 54.914005381747835], [-1.360733349244815, 54.91389798174784], [-1.360712483224528, 54.913872693925086], [-1.360525339356473, 54.91365331860505], [-1.360519832457358, 54.91364118271139], [-1.360477093395152, 54.913557649504625], [-1.360426713031446, 54.91347848989988], [-1.36036913493633, 54.91340440085189], [-1.360304866051769, 54.913336034672035], [-1.360197266051769, 54.91323183467204], [-1.360133929289625, 54.91317550027141], [-1.360066049171896, 54.91312473217365], [-1.359994113424701, 54.91307989515313], [-1.359818113424701, 54.91298029515313], [-1.359703338398425, 54.91292468763787], [-1.359599127447735, 54.91288217337926], [-1.359596164045859, 54.91284958653348], [-1.359575749073456, 54.91274661244682], [-1.359531749073456, 54.91257301244682], [-1.359501164960965, 54.91247414180744], [-1.359460525932926, 54.91237896165894], [-1.359410267265487, 54.91228849145602], [-1.359350927268742, 54.91220370020614], [-1.358900890905868, 54.91162668221753], [-1.358539588709845, 54.91115091489533], [-1.358497068469113, 54.91109867463422], [-1.358383768469113, 54.91096867463422], [-1.358381904529422, 54.910966649999786], [-1.358374570607277, 54.91091490824965], [-1.358351851870746, 54.910821027497406], [-1.358320181700949, 54.910729776541366], [-1.35827985557223, 54.910642006728935], [-1.35822615557223, 54.910538606728934], [-1.358176360321758, 54.910453308471915], [-1.358118393393608, 54.91037333850968], [-1.35805282027601, 54.91029947697796], [-1.357980280658307, 54.91023244442256], [-1.357901482190558, 54.91017289477017], [-1.357817193580152, 54.91012140894905], [-1.357728237092797, 54.910078489221924], [-1.357611437092797, 54.91002908922192], [-1.357507713903608, 54.90999181485846], [-1.357023329009407, 54.90984734435437], [-1.356774094766916, 54.909747921100006], [-1.356678683488008, 54.90969492360982], [-1.356599896622665, 54.90962677548043], [-1.356520065786006, 54.90956450123145], [-1.356118865786006, 54.90928300123145], [-1.356096573127413, 54.909267804304406], [-1.355598388484359, 54.908937946096486], [-1.35559679063942, 54.90893252776982], [-1.355559549304191, 54.90884082986903], [-1.355546249304191, 54.90881222986903], [-1.355501125533463, 54.9087263554797], [-1.35544789337928, 54.90864525737128], [-1.35538705378631, 54.90856969872284], [-1.355319179289523, 54.908500390583974], [-1.355239429757831, 54.908426493638885], [-1.355133372804372, 54.908301332909005], [-1.354746167650666, 54.907696828076645], [-1.354745453440245, 54.9076957146731], [-1.354394253440244, 54.9071490146731], [-1.35434255117424, 54.907075943952826], [-1.354284521864152, 54.90700778932244], [-1.354220630467188, 54.90694509686782], [-1.354220102222497, 54.90694466408953], [-1.354242598254758, 54.90693405191667], [-1.354393198254758, 54.90685205191667], [-1.354456976924239, 54.90681419336836], [-1.354493531434085, 54.90679061905001], [-1.35485279757839, 54.90669547742285], [-1.354915627539019, 54.90667661274541], [-1.355244571824426, 54.90656596167272], [-1.355426246518566, 54.90650906858876], [-1.355583728337188, 54.90646916408019], [-1.355675857558572, 54.90644103314414], [-1.355764852679271, 54.906404168371154], [-1.355849887900836, 54.90635891183472], [-1.355930174169285, 54.90630568347673], [-1.356004966496853, 54.90624497721072], [-1.356073570874837, 54.906177356338816], [-1.356135350713405, 54.90610344832475], [-1.356189732748599, 54.906023938971565], [-1.356236212361739, 54.90593956605791], [-1.356274358261848, 54.90585111249212], [-1.356303816487664, 54.90575939904748], [-1.356324313692097, 54.90566527674616], [-1.356335659678657, 54.905569618962446], [-1.356337749166312, 54.905473313318595], [-1.356330562766407, 54.90537725344845], [-1.356314167162574, 54.90528233070528], [-1.356288714491965, 54.905189425890796], [-1.356254440933552, 54.90509940108205], [-1.356211664516583, 54.90501309163212], [-1.35616078216955, 54.90493129841873], [-1.355802139074864, 54.90441230376867], [-1.356572387416462, 54.904044310168054], [-1.356639410492882, 54.90400911356631], [-1.356703578951091, 54.90396894762903], [-1.35678199922678, 54.903915626150365], [-1.357205627392123, 54.90371876214673], [-1.357212574046001, 54.90371550150327], [-1.357685074046001, 54.90349150150327], [-1.357755886753341, 54.903454394423115], [-1.357844586753342, 54.903403294423114], [-1.35792065453451, 54.903354774462024], [-1.357992039459618, 54.90329959578477], [-1.358058160420112, 54.90323820757304], [-1.358118479158715, 54.903171109557206], [-1.3581725046511, 54.90309884794825], [-1.358225304651099, 54.90302114794825], [-1.358273154033887, 54.90294330598776], [-1.358313698482978, 54.902861421423324], [-1.358346599495433, 54.902776177903775], [-1.358403271476934, 54.90260666852447], [-1.358467530802805, 54.90249673792515], [-1.358734464148938, 54.90228472889614], [-1.358844873362856, 54.902219884698766], [-1.359101105149071, 54.902129337522105], [-1.359423729454977, 54.902075422082675], [-1.359453507952074, 54.90206998110645], [-1.359728707952074, 54.90201538110645], [-1.359828317438399, 54.90199023850971], [-1.359924821695055, 54.901955008857655], [-1.360017202196822, 54.901910063971066], [-1.360104483941413, 54.90185587820727], [-1.360730606297911, 54.90142108442489], [-1.360814008062578, 54.90138640058775], [-1.360897309669948, 54.901342131374484], [-1.360976069181971, 54.90129020969983], [-1.361049585723968, 54.901231097610655], [-1.361117205078037, 54.90116532114079], [-1.361411105078037, 54.90085112114079], [-1.361435464868199, 54.90082411046075], [-1.361625864868199, 54.90060511046075], [-1.36168482251146, 54.900530393506024], [-1.361736409851854, 54.90045040992437], [-1.361780159578903, 54.900365884257226], [-1.361815675380147, 54.90027758219108], [-1.361877775380147, 54.90009908219108], [-1.361906959691241, 54.89999850615266], [-1.361925465619925, 54.899895429510686], [-1.361933090206801, 54.89979098273384], [-1.361929749831016, 54.89968631131746], [-1.361915481127352, 54.89958256322054], [-1.361843813902277, 54.89920802133407], [-1.361888620074027, 54.899196560172854], [-1.361980978062595, 54.89916297892427], [-1.362069593904933, 54.89912049444715], [-1.362153611775971, 54.89906951704378], [-1.362232220256457, 54.899010539038514], [-1.362304660169403, 54.89894413002315], [-1.362370231911983, 54.89887093135592], [-1.36242830221209, 54.89879164996748], [-1.362478310244286, 54.89870705153354], [-1.362519773046081, 54.89861795308026], [-1.362552290182246, 54.89852521509363], [-1.362575547612089, 54.89842973320914], [-1.362589320722369, 54.898332429562025], [-1.362593476496543, 54.898234243881554], [-1.362587974799398, 54.8981361244154], [-1.362572868764664, 54.898039018771776], [-1.362548304281868, 54.89794386476769], [-1.362141304281869, 54.89663646476769], [-1.362137179707141, 54.89662352570314], [-1.361363207674929, 54.894251312684915], [-1.361590260169066, 54.893930018851066], [-1.361645140492552, 54.89384322353588], [-1.361690830180437, 54.893751257623364], [-1.361726847422324, 54.8936550909195], [-1.361752812406431, 54.8935557375288], [-1.361768451324819, 54.89345424516024], [-1.361773599260768, 54.89335168407893], [-1.361768201927867, 54.89324913581984], [-1.361752316242487, 54.89314768178274], [-1.361470316242487, 54.891802781782744], [-1.361446233018889, 54.89171021517962], [-1.361413416260969, 54.891620372884056], [-1.361029519577718, 54.89070742796715], [-1.360954252196915, 54.88967517727104], [-1.3609401744587, 54.8895657699946], [-1.360914132104275, 54.88945857890062], [-1.360876442020522, 54.8893549083048], [-1.360755045411504, 54.88907085832486], [-1.360763083979346, 54.88902527618375], [-1.360770590802463, 54.8889283046785], [-1.360768641671293, 54.88883106257799], [-1.360757255024276, 54.8887344697755], [-1.360736538577104, 54.88863944002205], [-1.360706688303745, 54.888546872282504], [-1.360667986582569, 54.8884576422315], [-1.360279886582568, 54.8876701422315], [-1.360251014830801, 54.8876158365842], [-1.359822168041807, 54.88686580521137], [-1.358971299629155, 54.88537939367883], [-1.358970242708608, 54.88535845717647], [-1.358956161459697, 54.88526320329818], [-1.35893298421813, 54.88516974529491], [-1.358900925873625, 54.885078949670294], [-1.358860283657781, 54.88499165824349], [-1.358632283657781, 54.88455785824349], [-1.358623765284517, 54.88454199920087], [-1.358476965284517, 54.88427449920087], [-1.358440042766853, 54.88421261557525], [-1.357927671057206, 54.88342021635069], [-1.35741556838265, 54.88261313696061], [-1.357338253480734, 54.88250731683494], [-1.356454653480734, 54.881450916834936], [-1.35643576521122, 54.881428987515775], [-1.355745783151616, 54.88065097566877], [-1.355473116648383, 54.88033953899856], [-1.355751397065591, 54.880110191474984], [-1.355830348705574, 54.880037676907804], [-1.355901084352423, 54.879957127592625], [-1.355962791131613, 54.87986946917996], [-1.35602686969493, 54.8797672040988], [-1.356068152995975, 54.879722341320786], [-1.356138152650723, 54.879637316124864], [-1.356198377928806, 54.87954510901296], [-1.356248098343638, 54.87944683838685], [-1.356286710824592, 54.87934369619412], [-1.356296419323008, 54.87931265427077], [-1.356323300714201, 54.87927910377181], [-1.356381914068342, 54.87918688081128], [-1.356430115051532, 54.879088813156315], [-1.356467328115124, 54.87898607179351], [-1.356497328115124, 54.878886571793515], [-1.356521820914867, 54.8787871916188], [-1.356526455233898, 54.87875412436283], [-1.356526917425067, 54.878753013813075], [-1.356555375124625, 54.87866007913079], [-1.3565746763769, 54.87856482075848], [-1.356584638848833, 54.878468138573], [-1.356587013950137, 54.87842425083151], [-1.356603247077455, 54.87835204625653], [-1.35661877385942, 54.87826526839896], [-1.356626597756015, 54.878177460289066], [-1.356633497756015, 54.878023460289064], [-1.356633023703742, 54.8779243822951], [-1.356622747470173, 54.87782583752031], [-1.356568547470173, 54.87747543752031], [-1.356563745816181, 54.87744709755345], [-1.356522010066855, 54.8772205837903], [-1.356501628955316, 54.877069452666596], [-1.356483335282453, 54.876971181759515], [-1.356455322204358, 54.87687522813998], [-1.356438511690777, 54.876833630000306], [-1.35644824993934, 54.876779811529424], [-1.356448704607707, 54.876773880396065], [-1.356510992112381, 54.876616789886725], [-1.35653260723039, 54.87655675275862], [-1.35657970723039, 54.87641155275862], [-1.356602875184734, 54.87632792887626], [-1.356618706378638, 54.876242611345184], [-1.356627081607841, 54.87615624258147], [-1.356636481607841, 54.87597994258147], [-1.35663723162237, 54.87589014444596], [-1.356629922759213, 54.87580064110423], [-1.356614613958998, 54.87571215433517], [-1.356591428675987, 54.87562539771977], [-1.356431128675987, 54.87511809771977], [-1.356405145273013, 54.87504568919401], [-1.356373672534833, 54.87497549233807], [-1.356239272534833, 54.87470419233807], [-1.356190002926823, 54.87461619323831], [-1.356132120201858, 54.87453360434086], [-1.356119623980923, 54.874517561068636], [-1.356116757828609, 54.874473853925615], [-1.356101733777503, 54.874380688887626], [-1.356077994555731, 54.874289354908385], [-1.356045751571662, 54.87420066535774], [-1.35600529196346, 54.87411541005574], [-1.355940491963461, 54.87399401005574], [-1.35587223727695, 54.87388394724014], [-1.355736562449603, 54.87369386156166], [-1.355663734993217, 54.873557504840356], [-1.355635567953678, 54.87347093565716], [-1.35558369577702, 54.873252277085406], [-1.355554317802107, 54.87315206307827], [-1.355514648813882, 54.873055459330885], [-1.355465121438867, 54.87296351939528], [-1.355415621438867, 54.87288211939528], [-1.355364389341554, 54.872805976170014], [-1.355306392367113, 54.87273485043976], [-1.355242118996138, 54.872669341262295], [-1.355172110572288, 54.872610000389884], [-1.355096956742813, 54.87255732762212], [-1.355062756742813, 54.87253562762211], [-1.354986158090934, 54.872491645426905], [-1.354947310286289, 54.87247369393116], [-1.35493469641438, 54.87243986102502], [-1.354906077907797, 54.872371049815705], [-1.354872414269, 54.87230456101312], [-1.354692014269, 54.87197896101312], [-1.354671608029922, 54.8719438329464], [-1.354589108029922, 54.8718082329464], [-1.354543407760296, 54.87173965189727], [-1.354222573196291, 54.87129870661841], [-1.354157378697391, 54.871197825853905], [-1.354121240666653, 54.871145620218186], [-1.353592840666653, 54.87043182021819], [-1.353515305905887, 54.870339322740556], [-1.353427192196872, 54.87025684003462], [-1.353171936908548, 54.87004530123389], [-1.353156668459287, 54.87001494349579], [-1.353074125140532, 54.86984579468708], [-1.353042885191722, 54.86976738310825], [-1.353002460608079, 54.86967874075402], [-1.352953602150193, 54.86959445276544], [-1.352896773563686, 54.869515319171555], [-1.352832514243559, 54.869442091077886], [-1.352827165908624, 54.86943707777237], [-1.352791381443891, 54.86934369482159], [-1.352744991762707, 54.86925207198048], [-1.35268944970089, 54.869165690113746], [-1.352684688394353, 54.86915973149728], [-1.352674152584837, 54.86913144674293], [-1.35262155503528, 54.869028477859366], [-1.35252825503528, 54.86886927785936], [-1.352462308595381, 54.868770668204796], [-1.352393908595381, 54.8686804682048], [-1.352316595090447, 54.868590202473136], [-1.35220440630611, 54.86847397559484], [-1.35209484277922, 54.868291087783625], [-1.35201975415776, 54.86818266895585], [-1.35192975415776, 54.86806946895585], [-1.35187441828984, 54.86800560568962], [-1.351813888237029, 54.86794664224535], [-1.351720588237029, 54.86786314224535], [-1.351698871529005, 54.867844262240354], [-1.351666521622328, 54.86781694521513], [-1.351563502701727, 54.86765307461031], [-1.351561106025021, 54.86764928116888], [-1.351504406025021, 54.86755998116888], [-1.351433545674461, 54.867462015404136], [-1.351183752855814, 54.867157313685716], [-1.35102163533825, 54.86694128051374], [-1.350993980060905, 54.86690609622795], [-1.350920580060905, 54.866816896227945], [-1.350882575892141, 54.866773340679124], [-1.350495990021366, 54.86635531559597], [-1.350315983712761, 54.86614654539269], [-1.350134542609072, 54.865904923774195], [-1.350063203387122, 54.86582014517418], [-1.349888103387122, 54.86563404517418], [-1.34986762042921, 54.86561290758782], [-1.34971922042921, 54.86546420758781], [-1.349620399978015, 54.86537742976179], [-1.349415399978015, 54.865220029761794], [-1.349338021037837, 54.865166217667166], [-1.349246204851128, 54.865108587874225], [-1.349200638942773, 54.865067444953006], [-1.349124814541411, 54.865011005270034], [-1.349043999936804, 54.86496197693805], [-1.348929358282115, 54.864899640143975], [-1.34872250545357, 54.86474225884393], [-1.348699152982282, 54.86472502072636], [-1.348635597189631, 54.86467951569944], [-1.348583964794693, 54.864601971844316], [-1.348534240482049, 54.86453372600387], [-1.348478935941199, 54.86446991840427], [-1.348411136731544, 54.864398063349036], [-1.348397651446719, 54.864379479438796], [-1.348336687002651, 54.86418914767757], [-1.348455475656424, 54.864008475392964], [-1.348502172635921, 54.86392983877672], [-1.348541490000081, 54.86384726474821], [-1.348573098885679, 54.86376144398347], [-1.348596734905714, 54.863673094315295], [-1.348612200360823, 54.86358295472906], [-1.348619365892911, 54.86349177918158], [-1.34861823468476, 54.86340516317768], [-1.348646361395096, 54.86337933447941], [-1.348670163346683, 54.86335392967461], [-1.348779103795149, 54.863291199799455], [-1.348860045126387, 54.86323925554093], [-1.348935622136232, 54.863179775958905], [-1.349005135759634, 54.86311331122196], [-1.349067943016075, 54.86304047610931], [-1.349123462956955, 54.862961944324276], [-1.349171182039195, 54.86287844226271], [-1.349210658875356, 54.86279074229405], [-1.349268458875356, 54.862643842294055], [-1.34929960098717, 54.862551800731985], [-1.349321663218083, 54.86245717125326], [-1.349334437267975, 54.86236084730024], [-1.349337802530907, 54.86226373831362], [-1.349331727233815, 54.86216676114599], [-1.349312527233815, 54.86199476114599], [-1.349293429877483, 54.861882313192105], [-1.349261652015175, 54.86177277133335], [-1.34921760705309, 54.8616675606273], [-1.34877420705309, 54.8607578606273], [-1.348762375321654, 54.8607343752891], [-1.348591375321654, 54.860405775289095], [-1.34853103839049, 54.86030481344338], [-1.34845926449308, 54.860211634329815], [-1.34838456449308, 54.86012563432982], [-1.348326242298643, 54.8600639813581], [-1.34828709707791, 54.86002907209809], [-1.348260147851136, 54.85988245503259], [-1.348289923998158, 54.859684815265], [-1.3483420595927, 54.859488618721436], [-1.348366144038133, 54.859368995147584], [-1.34837547942158, 54.8592473287572], [-1.34837727942158, 54.859131428757195], [-1.348375720620032, 54.85905796952772], [-1.348362420620032, 54.85882876952772], [-1.348355371831361, 54.858754866179034], [-1.348310871831361, 54.85842026617903], [-1.348284317951339, 54.85828881446229], [-1.348257817951339, 54.85819171446229], [-1.348233212182581, 54.8581141348006], [-1.348198912182581, 54.858019534800604], [-1.34816158240241, 54.85793030241352], [-1.348115806252018, 54.857845093989944], [-1.34803029563144, 54.85770288113968], [-1.347928656593684, 54.857485788049324], [-1.347858274616422, 54.857359967011575], [-1.347792974616422, 54.857260767011574], [-1.347769711231588, 54.857226958192236], [-1.347590338127382, 54.85697739934754], [-1.347325601770083, 54.856517646641564], [-1.347077147628418, 54.85594464485331], [-1.346985808712338, 54.85570195735328], [-1.346926143596436, 54.855572331595035], [-1.346674281142831, 54.85511433754546], [-1.346504102384779, 54.85478795934547], [-1.346463115263121, 54.854716665580455], [-1.346283915263121, 54.854432665580454], [-1.346224176641303, 54.8543480438077], [-1.346060876641303, 54.854140443807694], [-1.345988785857335, 54.85405843791856], [-1.345779861031244, 54.853845448407135], [-1.34564951944771, 54.85369438113011], [-1.34531604984614, 54.85326024325372], [-1.3453068186555, 54.85324841021322], [-1.344733154666586, 54.85252432658726], [-1.344598675878645, 54.8523378590465], [-1.344543744914218, 54.85226839579104], [-1.344165024101898, 54.85183079497457], [-1.343896270012744, 54.85149140130548], [-1.343877724427862, 54.851468674207794], [-1.343773724427862, 54.85134497420779], [-1.343690836430932, 54.85125764842789], [-1.343513666184928, 54.85109219055383], [-1.342876387760137, 54.85036071153339], [-1.342857341867016, 54.85033946988556], [-1.342621510560742, 54.850083881323954], [-1.342483667120658, 54.84988671681113], [-1.342435500149696, 54.84982334961771], [-1.341447400149696, 54.84862554961771], [-1.341434496071858, 54.84861022238877], [-1.340974496071858, 54.84807482238877], [-1.340934011670303, 54.848030468936535], [-1.339861432894098, 54.84692401820602], [-1.339378798009869, 54.8464050156942], [-1.339352186976188, 54.846377476258944], [-1.338927586976188, 54.84595457625895], [-1.338907564872729, 54.84593518264047], [-1.338467774848479, 54.84552092054456], [-1.33810015309336, 54.84516221138885], [-1.337781730628836, 54.84480247818759], [-1.337620903484746, 54.84459155734288], [-1.337595173562376, 54.84455922133525], [-1.337406252020599, 54.84433161058233], [-1.337233484755751, 54.84410134637174], [-1.337191999214228, 54.84404970967186], [-1.336993299214228, 54.843818509671856], [-1.336950756254294, 54.84377205231959], [-1.336641456254294, 54.8434549523196], [-1.336631521357395, 54.843444909778995], [-1.336576766636178, 54.84339033818394], [-1.336220439770011, 54.843024937951675], [-1.336189031130227, 54.842994116370726], [-1.335408431130227, 54.84226111637073], [-1.33535276999512, 54.84221258953111], [-1.335293679621787, 54.842168302468615], [-1.335121179621787, 54.84204870246861], [-1.335070533657479, 54.84201580692896], [-1.334927133657479, 54.84192870692897], [-1.334904224713758, 54.84191520587801], [-1.334250224713758, 54.84154140587801], [-1.334209068474838, 54.84151914355345], [-1.333951168474838, 54.84138734355344], [-1.333877513902886, 54.84135339563248], [-1.333758513902886, 54.84130429563248], [-1.333685644697351, 54.84127749015473], [-1.333045944697351, 54.84106999015473], [-1.33298476745913, 54.841052278259006], [-1.33286216745913, 54.84102097825901], [-1.332809037310807, 54.84100966603224], [-1.332771285492662, 54.84093087014579], [-1.332722018855574, 54.840849106384425], [-1.332665180458612, 54.840772412767784], [-1.332642280458612, 54.84074441276778], [-1.332559539011522, 54.84065496946698], [-1.332466533771853, 54.84057625303591], [-1.332435605571499, 54.84055315730188], [-1.332418247775256, 54.840509319028584], [-1.332401647775256, 54.84047321902858], [-1.332357313879639, 54.84038787539293], [-1.332304986843536, 54.84030718517209], [-1.332245150641298, 54.84023189467236], [-1.33217835869978, 54.84016270025788], [-1.33211405869978, 54.84010220025788], [-1.332061027507891, 54.840058054492765], [-1.331824248313256, 54.83973406533074], [-1.331789134147622, 54.839620315339054], [-1.331751834147622, 54.83952211533905], [-1.331716958431083, 54.839441224287], [-1.331670258431083, 54.839344824287004], [-1.331630891031159, 54.8392715033506], [-1.331567391031159, 54.839164203350606], [-1.331533465109959, 54.839110805770446], [-1.331457365109959, 54.83899900577044], [-1.3314437704361421, 54.83898110478537], [-1.3319352043326944, 54.83869746059645], [-1.3328379052691162, 54.83921847853344], [-1.333740606205538, 54.83921847853344], [-1.3341919566737488, 54.839478987501934], [-1.3341919566737488, 54.840000005438924], [-1.3346433071419597, 54.84026051440742], [-1.3400595127604902, 54.84026051440742], [-1.3418649146333337, 54.83921847853344], [-1.3427676155697554, 54.83921847853344], [-1.3432189660379663, 54.838957969564945], [-1.3432189660379663, 54.838436951627955], [-1.3436703165061772, 54.83817644265946], [-1.3463784193154424, 54.83817644265946], [-1.347732470720075, 54.838957969564945], [-1.347732470720075, 54.840000005438924], [-1.3486351716564968, 54.84052102337591], [-1.3486351716564968, 54.84208407718688], [-1.3495378725929186, 54.84260509512387], [-1.3495378725929186, 54.84364713099785], [-1.3504405735293403, 54.84416814893484], [-1.3504405735293403, 54.84468916687183], [-1.3508919239975512, 54.844949675840326], [-1.3526973258703947, 54.844949675840326], [-1.3545027277432382, 54.845991711714305], [-1.35540542867966, 54.845991711714305], [-1.3572108305525035, 54.847033747588284], [-1.358564881957136, 54.8462522206828], [-1.3581135314889252, 54.845991711714305], [-1.3572108305525035, 54.845991711714305], [-1.3567594800842926, 54.84573120274581], [-1.3567594800842926, 54.84416814893484], [-1.3558567791478708, 54.84364713099785], [-1.3567594800842926, 54.84312611306086], [-1.3567594800842926, 54.84260509512387], [-1.3572108305525035, 54.84234458615538], [-1.3617243352346122, 54.84234458615538], [-1.362175685702823, 54.84208407718688], [-1.3603702838299796, 54.8410420413129], [-1.3608216342981905, 54.84078153234441], [-1.3617243352346122, 54.84078153234441], [-1.362627036171034, 54.84026051440742], [-1.3644324380438775, 54.84026051440742], [-1.3653351389802992, 54.83973949647043], [-1.366237839916721, 54.83973949647043], [-1.3671405408531427, 54.83921847853344], [-1.3680432417895645, 54.83973949647043], [-1.3689459427259862, 54.83973949647043], [-1.369848643662408, 54.84026051440742], [-1.3707513445988297, 54.84026051440742], [-1.3725567464716733, 54.8413025502814], [-1.373459447408095, 54.8413025502814], [-1.3739107978763059, 54.84156305924989], [-1.3739107978763059, 54.84260509512387], [-1.3743621483445168, 54.84286560409237], [-1.3752648492809385, 54.84286560409237], [-1.3761675502173603, 54.84234458615538], [-1.3766189006855711, 54.84260509512387], [-1.3766189006855711, 54.84312611306086], [-1.377070251153782, 54.84338662202936], [-1.3788756530266255, 54.84338662202936], [-1.3793270034948364, 54.84364713099785], [-1.3793270034948364, 54.84416814893484], [-1.3784243025584146, 54.84468916687183], [-1.3784243025584146, 54.84573120274581], [-1.3775216016219929, 54.8462522206828], [-1.3775216016219929, 54.84677323861979], [-1.3784243025584146, 54.84729425655678], [-1.3766189006855711, 54.84833629243076], [-1.3766189006855711, 54.84885731036775], [-1.377070251153782, 54.84911781933624], [-1.3779729520902038, 54.84911781933624], [-1.3784243025584146, 54.84885731036775], [-1.3784243025584146, 54.84833629243076], [-1.3788756530266255, 54.848075783462264], [-1.3797783539630473, 54.848075783462264], [-1.38113240536768, 54.84729425655678], [-1.38113240536768, 54.84677323861979], [-1.3820351063041016, 54.8462522206828], [-1.3820351063041016, 54.84573120274581], [-1.38113240536768, 54.84521018480882], [-1.3820351063041016, 54.84468916687183], [-1.3820351063041016, 54.84416814893484], [-1.38113240536768, 54.84364713099785], [-1.3824864567723125, 54.84286560409237], [-1.3833891577087343, 54.84286560409237], [-1.384291858645156, 54.84338662202936], [-1.3851945595815778, 54.84338662202936], [-1.3860972605179995, 54.84286560409237], [-1.3865486109862104, 54.84312611306086], [-1.3865486109862104, 54.84364713099785], [-1.3856459100497887, 54.84416814893484], [-1.3856459100497887, 54.84468916687183], [-1.384743209113367, 54.84521018480882], [-1.3856459100497887, 54.84573120274581], [-1.3820351063041016, 54.84781527449377], [-1.3820351063041016, 54.84833629243076], [-1.38113240536768, 54.84885731036775], [-1.38113240536768, 54.84937832830474], [-1.3833891577087343, 54.85068087314721], [-1.384291858645156, 54.85015985521022], [-1.3851945595815778, 54.85015985521022], [-1.3860972605179995, 54.84963883727323], [-1.3869999614544213, 54.84963883727323], [-1.3874513119226322, 54.84989934624173], [-1.3874513119226322, 54.85042036417872], [-1.387902662390843, 54.85068087314721], [-1.3888053633272648, 54.85068087314721], [-1.39151346613653, 54.85224392695818], [-1.3924161670729518, 54.85224392695818], [-1.3933188680093735, 54.85276494489517], [-1.398735073627904, 54.85276494489517], [-1.4005404755007476, 54.85380698076915], [-1.4014431764371693, 54.85380698076915], [-1.402345877373591, 54.85328596283216], [-1.4050539801828563, 54.85328596283216], [-1.405956681119278, 54.85276494489517], [-1.4077620829921216, 54.85380698076915], [-1.4086647839285433, 54.85380698076915], [-1.4091161343967542, 54.854067489737645], [-1.4091161343967542, 54.854588507674634], [-1.409567484864965, 54.85484901664313], [-1.4104701858013868, 54.85484901664313], [-1.4113728867378086, 54.85432799870614], [-1.4149836904834956, 54.85432799870614], [-1.4158863914199173, 54.85484901664313], [-1.4163377418881282, 54.854588507674634], [-1.4163377418881282, 54.854067489737645], [-1.416789092356339, 54.85380698076915], [-1.4194971951656044, 54.85380698076915], [-1.4199485456338152, 54.854067489737645], [-1.4199485456338152, 54.854588507674634], [-1.420399896102026, 54.85484901664313], [-1.4222052979748696, 54.85484901664313], [-1.4240106998477131, 54.85380698076915], [-1.424462050315924, 54.854067489737645], [-1.424462050315924, 54.854588507674634], [-1.4249134007841349, 54.85484901664313], [-1.4253647512523457, 54.854588507674634], [-1.4253647512523457, 54.854067489737645], [-1.4258161017205566, 54.85380698076915], [-1.4267188026569784, 54.85380698076915], [-1.4271701531251892, 54.854067489737645], [-1.4271701531251892, 54.854588507674634], [-1.4298782559344545, 54.8561515614856], [-1.4298782559344545, 54.85667257942259], [-1.4312323073390871, 54.85745410632808], [-1.4348431110847741, 54.85745410632808], [-1.435294461552985, 54.85771461529657], [-1.435294461552985, 54.85875665117055], [-1.4366485129576176, 54.859538178076036], [-1.4375512138940394, 54.859538178076036], [-1.4380025643622503, 54.85927766910754], [-1.4380025643622503, 54.85875665117055], [-1.4384539148304611, 54.85849614220206], [-1.439356615766883, 54.85901716013905], [-1.4402593167033046, 54.85901716013905], [-1.4407106671715155, 54.85927766910754], [-1.4407106671715155, 54.8613617408555], [-1.4416133681079373, 54.86188275879249], [-1.4416133681079373, 54.86240377672948], [-1.4420647185761482, 54.862664285697974], [-1.442516069044359, 54.86240377672948], [-1.442516069044359, 54.86188275879249], [-1.44296741951257, 54.861622249823995], [-1.4434187699807808, 54.86188275879249], [-1.4434187699807808, 54.86344581260346], [-1.4456755223218352, 54.86474835744593], [-1.446126872790046, 54.86448784847744], [-1.446126872790046, 54.86240377672948], [-1.4452241718536243, 54.86188275879249], [-1.4452241718536243, 54.8613617408555], [-1.446126872790046, 54.86084072291851], [-1.446126872790046, 54.86031970498152], [-1.4447728213854134, 54.859538178076036], [-1.44296741951257, 54.859538178076036], [-1.442516069044359, 54.85927766910754], [-1.44296741951257, 54.85901716013905], [-1.446578223258257, 54.85901716013905], [-1.4483836251311004, 54.85797512426507], [-1.4510917279403657, 54.85797512426507], [-1.4515430784085765, 54.85771461529657], [-1.4515430784085765, 54.85719359735958], [-1.4524457793449983, 54.85667257942259], [-1.4515430784085765, 54.8561515614856], [-1.4519944288767874, 54.85589105251711], [-1.4547025316860527, 54.85589105251711], [-1.4551538821542636, 54.8561515614856], [-1.4551538821542636, 54.85667257942259], [-1.456959284027107, 54.85771461529657], [-1.456959284027107, 54.85823563323356], [-1.4565079335588962, 54.85849614220206], [-1.453799830749631, 54.85849614220206], [-1.45334848028142, 54.85875665117055], [-1.4542511812178418, 54.85927766910754], [-1.453799830749631, 54.859538178076036], [-1.4519944288767874, 54.859538178076036], [-1.4515430784085765, 54.85979868704453], [-1.4515430784085765, 54.86188275879249], [-1.4524457793449983, 54.86240377672948], [-1.4524457793449983, 54.86344581260346], [-1.4551538821542636, 54.86500886641443], [-1.4551538821542636, 54.86552988435142], [-1.4560565830906853, 54.86605090228841], [-1.4560565830906853, 54.8665719202254], [-1.456959284027107, 54.867092938162386], [-1.456959284027107, 54.867613956099376], [-1.457410634495318, 54.86787446506787], [-1.4583133354317397, 54.86787446506787], [-1.4592160363681614, 54.86839548300486], [-1.460570087772794, 54.867613956099376], [-1.460570087772794, 54.867092938162386], [-1.4614727887092158, 54.8665719202254], [-1.4614727887092158, 54.86605090228841], [-1.4628268401138484, 54.86526937538292], [-1.4637295410502702, 54.86579039331991], [-1.464632241986692, 54.86526937538292], [-1.4655349429231137, 54.86526937538292], [-1.4659862933913246, 54.86552988435142], [-1.4655349429231137, 54.86579039331991], [-1.464632241986692, 54.86579039331991], [-1.464180891518481, 54.86605090228841], [-1.464180891518481, 54.867613956099376], [-1.464632241986692, 54.86787446506787], [-1.4664376438595355, 54.86787446506787], [-1.468243045732379, 54.86683242919389], [-1.4709511485416442, 54.86683242919389], [-1.471402499009855, 54.867092938162386], [-1.471402499009855, 54.868134974036366], [-1.471853849478066, 54.86839548300486], [-1.4727565504144877, 54.86787446506787], [-1.4736592513509095, 54.86787446506787], [-1.475464653223753, 54.86683242919389], [-1.4768187046283856, 54.867613956099376], [-1.4759160036919639, 54.868134974036366], [-1.4759160036919639, 54.868655991973355], [-1.4763673541601747, 54.86891650094185], [-1.47907545696944, 54.86891650094185], [-1.4795268074376509, 54.869177009910345], [-1.4781727560330182, 54.86995853681583], [-1.4772700550965965, 54.86995853681583], [-1.4759160036919639, 54.870740063721314], [-1.4763673541601747, 54.87100057268981], [-1.4772700550965965, 54.87100057268981], [-1.4777214055648074, 54.871261081658304], [-1.4777214055648074, 54.87230311753228], [-1.4772700550965965, 54.87256362650078], [-1.4763673541601747, 54.87256362650078], [-1.475464653223753, 54.87204260856379], [-1.4741106018191203, 54.87282413546927], [-1.4759160036919639, 54.87386617134325], [-1.475013302755542, 54.87438718928024], [-1.475464653223753, 54.87464769824874], [-1.4772700550965965, 54.87464769824874], [-1.4777214055648074, 54.87438718928024], [-1.4777214055648074, 54.87386617134325], [-1.4781727560330182, 54.87360566237476], [-1.478624106501229, 54.87386617134325], [-1.478624106501229, 54.87438718928024], [-1.47907545696944, 54.87464769824874], [-1.4799781579058617, 54.87464769824874], [-1.4808808588422835, 54.87412668031175], [-1.482686260715127, 54.87412668031175], [-1.4831376111833379, 54.87438718928024], [-1.4831376111833379, 54.87490820721723], [-1.4822349102469161, 54.87542922515422], [-1.4835889616515487, 54.876210752059706], [-1.4844916625879705, 54.875689734122716], [-1.4853943635243922, 54.875689734122716], [-1.4858457139926031, 54.87542922515422], [-1.4858457139926031, 54.87490820721723], [-1.4876511158654466, 54.87386617134325], [-1.4876511158654466, 54.87334515340626], [-1.4881024663336575, 54.87308464443777], [-1.4894565177382901, 54.87386617134325], [-1.4894565177382901, 54.87542922515422], [-1.489907868206501, 54.875689734122716], [-1.4908105691429228, 54.875689734122716], [-1.4912619196111336, 54.87595024309121], [-1.4908105691429228, 54.876210752059706], [-1.489907868206501, 54.876210752059706], [-1.4894565177382901, 54.8764712610282], [-1.4894565177382901, 54.87699227896519], [-1.4881024663336575, 54.877773805870675], [-1.4871997653972358, 54.877773805870675], [-1.486297064460814, 54.878294823807664], [-1.4858457139926031, 54.87803431483917], [-1.4858457139926031, 54.87751329690218], [-1.4853943635243922, 54.877252787933685], [-1.4844916625879705, 54.877252787933685], [-1.4840403121197596, 54.87751329690218], [-1.4840403121197596, 54.87855533277616], [-1.4831376111833379, 54.87907635071315], [-1.4831376111833379, 54.87959736865014], [-1.4840403121197596, 54.88011838658713], [-1.482686260715127, 54.88089991349261], [-1.4817835597787052, 54.88089991349261], [-1.4813322093104944, 54.88116042246111], [-1.482686260715127, 54.88194194936659], [-1.4844916625879705, 54.88194194936659], [-1.4853943635243922, 54.8814209314296], [-1.4867484149290249, 54.88220245833509], [-1.486297064460814, 54.88246296730358], [-1.4853943635243922, 54.88194194936659], [-1.4822349102469161, 54.883765512146056], [-1.4822349102469161, 54.884286530083045], [-1.4817835597787052, 54.88454703905154], [-1.4808808588422835, 54.88454703905154], [-1.4804295083740726, 54.884807548020035], [-1.4813322093104944, 54.885328565957025], [-1.4795268074376509, 54.886370601831004], [-1.4795268074376509, 54.886891619767994], [-1.4799781579058617, 54.88715212873649], [-1.4808808588422835, 54.88715212873649], [-1.4822349102469161, 54.886370601831004], [-1.4822349102469161, 54.885849583894014], [-1.4835889616515487, 54.88506805698853], [-1.4844916625879705, 54.88506805698853], [-1.4853943635243922, 54.88454703905154], [-1.486297064460814, 54.88454703905154], [-1.4871997653972358, 54.88506805698853], [-1.4890051672700793, 54.88506805698853], [-1.4917132700793445, 54.88350500317756], [-1.4926159710157663, 54.88350500317756], [-1.493518671952188, 54.88402602111455], [-1.493970022420399, 54.883765512146056], [-1.493970022420399, 54.883244494209066], [-1.4953240738250315, 54.88246296730358]]]}}, {"type": "Feature", "properties": {"band_id": "under_10", "order": 4}, "geometry": {"type": "MultiPolygon", "coordinates": [[[[-1.3625831983517855, 54.89688971772193], [-1.3626611092186067, 54.89684480273718], [-1.3626611092186067, 54.896575312828645], [-1.362816930952249, 54.896485482859134], [-1.362816930952249, 54.89630582292011], [-1.3629727526858915, 54.8962159929506], [-1.3629727526858915, 54.89612616298109], [-1.3631285744195338, 54.89603633301158], [-1.3631285744195338, 54.89594650304207], [-1.3632843961531762, 54.89585667307256], [-1.3632843961531762, 54.89576684310305], [-1.3634402178868186, 54.895677013133536], [-1.3634402178868186, 54.895587183164025], [-1.3635181287536398, 54.89554226817927], [-1.364453059155494, 54.89554226817927], [-1.3646088808891363, 54.89563209814878], [-1.3647647026227787, 54.89563209814878], [-1.364920524356421, 54.89554226817927], [-1.3650763460900635, 54.89554226817927], [-1.365310078690527, 54.895407523225], [-1.365310078690527, 54.89531769325549], [-1.3652321678237058, 54.89527277827074], [-1.3646088808891363, 54.89527277827074], [-1.364453059155494, 54.89536260824025], [-1.3636739504872821, 54.89536260824025], [-1.3635181287536398, 54.89527277827074], [-1.3633623070199974, 54.89527277827074], [-1.3632843961531762, 54.89522786328598], [-1.3632843961531762, 54.89504820334696], [-1.3628948418190703, 54.89482362842318], [-1.362739020085428, 54.89482362842318], [-1.3626611092186067, 54.89486854340794], [-1.362816930952249, 54.89495837337745], [-1.362816930952249, 54.895407523225], [-1.3626611092186067, 54.895497353194514], [-1.3626611092186067, 54.895587183164025], [-1.3625831983517855, 54.89563209814878], [-1.3624273766181432, 54.89563209814878], [-1.3622715548845008, 54.89572192811829], [-1.3618430192292994, 54.89572192811829], [-1.3614033924956015, 54.89437447857563], [-1.361492446216289, 54.89437447857563], [-1.3615703570831101, 54.89432956359087], [-1.361492446216289, 54.89428464860612], [-1.3613776817150443, 54.894295675407285], [-1.361363207674929, 54.894251312684915], [-1.361590260169066, 54.893930018851066], [-1.361645140492552, 54.89384322353588], [-1.361690830180437, 54.893751257623364], [-1.361726847422324, 54.8936550909195], [-1.361752812406431, 54.8935557375288], [-1.361768451324819, 54.89345424516024], [-1.361773599260768, 54.89335168407893], [-1.361768201927867, 54.89324913581984], [-1.361752316242487, 54.89314768178274], [-1.361480739202293, 54.891852490430416], [-1.3616482679499313, 54.891949069398834], [-1.361959911417216, 54.891949069398834], [-1.362349465751322, 54.89217364432261], [-1.362349465751322, 54.89226347429212], [-1.3624273766181432, 54.89230838927688], [-1.3625831983517855, 54.89230838927688], [-1.3626611092186067, 54.89226347429212], [-1.3626611092186067, 54.89199398438359], [-1.362816930952249, 54.89190415441408], [-1.362816930952249, 54.89181432444457], [-1.3629727526858915, 54.891724494475056], [-1.3629727526858915, 54.8912753446275], [-1.3632843961531762, 54.89109568468848], [-1.3632843961531762, 54.89100585471897], [-1.3638297722209245, 54.89069144982568], [-1.3641414156882092, 54.89069144982568], [-1.3643751482886728, 54.890556704871415], [-1.3643751482886728, 54.89019738499337], [-1.3642972374218516, 54.890152470008616], [-1.3628948418190703, 54.890152470008616], [-1.362349465751322, 54.88983806511533], [-1.362349465751322, 54.889568575206795], [-1.3625052874849644, 54.889478745237284], [-1.3625052874849644, 54.88938891526777], [-1.362739020085428, 54.88925417031351], [-1.3630506635527126, 54.88925417031351], [-1.363206485286355, 54.889164340343996], [-1.3633623070199974, 54.889164340343996], [-1.3635181287536398, 54.889074510374485], [-1.3636739504872821, 54.889074510374485], [-1.3639076830877457, 54.88893976542022], [-1.3639076830877457, 54.88840078560315], [-1.3642972374218516, 54.888176210679376], [-1.364453059155494, 54.888176210679376], [-1.3645309700223152, 54.88813129569462], [-1.3645309700223152, 54.8879516357556], [-1.3646088808891363, 54.88790672077084], [-1.364920524356421, 54.88790672077084], [-1.3650763460900635, 54.88781689080133], [-1.3660112764919177, 54.88781689080133], [-1.3664008308260236, 54.88804146572511], [-1.3664008308260236, 54.88831095563364], [-1.36616709822556, 54.88844570058791], [-1.365699633024633, 54.88844570058791], [-1.3656217221578117, 54.888490615572664], [-1.365699633024633, 54.88853553055742], [-1.3664787416928448, 54.88853553055742], [-1.3667124742933083, 54.88840078560315], [-1.3667124742933083, 54.88831095563364], [-1.366556652559666, 54.88822112566413], [-1.366556652559666, 54.88804146572511], [-1.3667124742933083, 54.8879516357556], [-1.3666345634264871, 54.88790672077084], [-1.3664787416928448, 54.88790672077084], [-1.3660891873587389, 54.887682145847066], [-1.3660891873587389, 54.887592315877555], [-1.3659333656250965, 54.887502485908044], [-1.3659333656250965, 54.88741265593853], [-1.3657775438914541, 54.88732282596902], [-1.3657775438914541, 54.88723299599951], [-1.3654659004241694, 54.88705333606049], [-1.3654659004241694, 54.88696350609098], [-1.3653879895573482, 54.88691859110622], [-1.3652321678237058, 54.88691859110622], [-1.3651542569568846, 54.88687367612147], [-1.3651542569568846, 54.886694016182446], [-1.3648426134896, 54.886514356243424], [-1.3649984352232423, 54.88642452627391], [-1.364920524356421, 54.88637961128916], [-1.3647647026227787, 54.88637961128916], [-1.3646867917559575, 54.8863346963044], [-1.3646867917559575, 54.88624486633489], [-1.3647647026227787, 54.886199951350136], [-1.364920524356421, 54.886199951350136], [-1.3650763460900635, 54.88628978131965], [-1.3652321678237058, 54.88628978131965], [-1.3653879895573482, 54.88637961128916], [-1.3655438112909906, 54.88637961128916], [-1.3658554547582753, 54.88655927122818], [-1.3660112764919177, 54.88655927122818], [-1.36616709822556, 54.88664910119769], [-1.3663229199592024, 54.88664910119769], [-1.3667903851601295, 54.88691859110622], [-1.3669462068937719, 54.88691859110622], [-1.3671020286274143, 54.887008421075734], [-1.3672578503610566, 54.88691859110622], [-1.3675694938283414, 54.88691859110622], [-1.3676474046951625, 54.88687367612147], [-1.3676474046951625, 54.88678384615196], [-1.3675694938283414, 54.8867389311672], [-1.367413672094699, 54.8867389311672], [-1.3673357612278778, 54.886694016182446], [-1.3674915829615202, 54.886604186212935], [-1.3671799394942354, 54.88642452627391], [-1.3673357612278778, 54.8863346963044], [-1.3672578503610566, 54.88628978131965], [-1.3671020286274143, 54.88628978131965], [-1.367024117760593, 54.88624486633489], [-1.367024117760593, 54.88615503636538], [-1.3671020286274143, 54.886110121380625], [-1.3672578503610566, 54.886110121380625], [-1.367413672094699, 54.886020291411114], [-1.3675694938283414, 54.886020291411114], [-1.3676474046951625, 54.88597537642636], [-1.3676474046951625, 54.88588554645685], [-1.3677253155619837, 54.88584063147209], [-1.3680369590292685, 54.88584063147209], [-1.368270691629732, 54.88597537642636], [-1.368270691629732, 54.88615503636538], [-1.3681927807629108, 54.886199951350136], [-1.3680369590292685, 54.886199951350136], [-1.3679590481624473, 54.88615503636538], [-1.3679590481624473, 54.88606520639587], [-1.367881137295626, 54.886020291411114], [-1.3677253155619837, 54.886020291411114], [-1.3674915829615202, 54.88615503636538], [-1.3680369590292685, 54.88646944125867], [-1.368660245963838, 54.886110121380625], [-1.3688160676974803, 54.886199951350136], [-1.3694393546320498, 54.886199951350136], [-1.3697509980993345, 54.88637961128916], [-1.369906819832977, 54.88637961128916], [-1.3702184633002616, 54.88655927122818], [-1.3706859285011888, 54.88655927122818], [-1.3709196611016523, 54.886694016182446], [-1.3709196611016523, 54.88678384615196], [-1.371231304568937, 54.88696350609098], [-1.371231304568937, 54.88705333606049], [-1.3713092154357582, 54.887098251045245], [-1.3714650371694006, 54.887098251045245], [-1.371620858903043, 54.887188081014756], [-1.3717766806366853, 54.887188081014756], [-1.3721662349707913, 54.88741265593853], [-1.372010413237149, 54.887502485908044], [-1.37208832410397, 54.8875474008928], [-1.3725557893048972, 54.8875474008928], [-1.3726337001717184, 54.887592315877555], [-1.3726337001717184, 54.88777197581658], [-1.3727116110385396, 54.88781689080133], [-1.372867432772182, 54.88781689080133], [-1.3731011653726455, 54.887682145847066], [-1.3731011653726455, 54.887592315877555], [-1.3732569871062879, 54.887502485908044], [-1.3732569871062879, 54.88741265593853], [-1.373334897973109, 54.88736774095378], [-1.3734907197067514, 54.88736774095378], [-1.3736465414403938, 54.88727791098427], [-1.3739581849076785, 54.88727791098427], [-1.3742698283749633, 54.887098251045245], [-1.3744256501086056, 54.887098251045245], [-1.374581471842248, 54.887188081014756], [-1.3747372935758904, 54.887188081014756], [-1.3748152044427115, 54.88723299599951], [-1.3748152044427115, 54.887592315877555], [-1.3748931153095327, 54.88763723086231], [-1.3752047587768175, 54.88763723086231], [-1.3752826696436387, 54.887592315877555], [-1.3752826696436387, 54.887502485908044], [-1.3752047587768175, 54.88745757092329], [-1.375048937043175, 54.88745757092329], [-1.374971026176354, 54.88741265593853], [-1.374971026176354, 54.88714316603], [-1.375048937043175, 54.887098251045245], [-1.3755164022441022, 54.887098251045245], [-1.3755943131109234, 54.88714316603], [-1.3755943131109234, 54.88723299599951], [-1.3756722239777446, 54.88727791098427], [-1.3759838674450293, 54.88727791098427], [-1.3762176000454929, 54.88741265593853], [-1.3762176000454929, 54.887502485908044], [-1.3763734217791352, 54.887592315877555], [-1.3762176000454929, 54.887682145847066], [-1.3762176000454929, 54.88777197581658], [-1.3760617783118505, 54.88786180578609], [-1.3761396891786717, 54.88790672077084], [-1.3764513326459564, 54.88790672077084], [-1.37668506524642, 54.88804146572511], [-1.37668506524642, 54.88831095563364], [-1.3766071543795988, 54.8883558706184], [-1.3761396891786717, 54.8883558706184], [-1.3759059565782081, 54.88822112566413], [-1.3759059565782081, 54.88813129569462], [-1.375828045711387, 54.888086380709865], [-1.3753605805104598, 54.888086380709865], [-1.3752826696436387, 54.88813129569462], [-1.3753605805104598, 54.888176210679376], [-1.3756722239777446, 54.888176210679376], [-1.3757501348445658, 54.88822112566413], [-1.3757501348445658, 54.88831095563364], [-1.3759059565782081, 54.88840078560315], [-1.3759059565782081, 54.888670275511686], [-1.3760617783118505, 54.8887601054812], [-1.3756722239777446, 54.888984680404974], [-1.3755164022441022, 54.888984680404974], [-1.3753605805104598, 54.889074510374485], [-1.3752047587768175, 54.888984680404974], [-1.375048937043175, 54.888984680404974], [-1.374971026176354, 54.88902959538973], [-1.374971026176354, 54.88929908529826], [-1.3752047587768175, 54.88943383025253], [-1.3756722239777446, 54.88943383025253], [-1.375828045711387, 54.88952366022204], [-1.3761396891786717, 54.88952366022204], [-1.3764513326459564, 54.88970332016106], [-1.3767629761132412, 54.88970332016106], [-1.3768408869800624, 54.88974823514582], [-1.3768408869800624, 54.88983806511533], [-1.3769187978468835, 54.88988298010008], [-1.3778537282487378, 54.88988298010008], [-1.377931639115559, 54.88992789508484], [-1.377931639115559, 54.89001772505435], [-1.3782432825828437, 54.89019738499337], [-1.3782432825828437, 54.89028721496288], [-1.378788658650592, 54.89060161985617], [-1.3791003021178767, 54.89060161985617], [-1.379178212984698, 54.890646534840926], [-1.379178212984698, 54.89073636481044], [-1.3793340347183403, 54.89082619477995], [-1.3793340347183403, 54.89091602474946], [-1.3794898564519826, 54.89100585471897], [-1.3794898564519826, 54.89109568468848], [-1.3797235890524462, 54.89123042964275], [-1.380113143386552, 54.89100585471897], [-1.380113143386552, 54.89082619477995], [-1.380035232519731, 54.89078127979519], [-1.3798794107860886, 54.89078127979519], [-1.3794898564519826, 54.890556704871415], [-1.3794898564519826, 54.89037704493239], [-1.3797235890524462, 54.89024229997813], [-1.3803468759870157, 54.89024229997813], [-1.3804247868538368, 54.89028721496288], [-1.3804247868538368, 54.89037704493239], [-1.380502697720658, 54.89042195991715], [-1.3809701629215851, 54.89042195991715], [-1.3810480737884063, 54.89037704493239], [-1.3810480737884063, 54.89019738499337], [-1.3812038955220487, 54.89010755502386], [-1.3812038955220487, 54.89001772505435], [-1.3814376281225123, 54.88988298010008], [-1.3815934498561546, 54.889972810069594], [-1.3820609150570817, 54.889972810069594], [-1.382216736790724, 54.88988298010008], [-1.3823725585243665, 54.88988298010008], [-1.3826842019916512, 54.88970332016106], [-1.3828400237252936, 54.88970332016106], [-1.3829179345921148, 54.88974823514582], [-1.3829179345921148, 54.88983806511533], [-1.3833074889262207, 54.890062640039105], [-1.383463310659863, 54.890062640039105], [-1.3836191323935054, 54.889972810069594], [-1.3837749541271478, 54.889972810069594], [-1.3840086867276113, 54.88983806511533], [-1.3840086867276113, 54.889658405176306], [-1.3839307758607902, 54.88961349019155], [-1.3837749541271478, 54.88970332016106], [-1.3831516671925783, 54.88970332016106], [-1.3829179345921148, 54.889568575206795], [-1.3829179345921148, 54.88902959538973], [-1.3828400237252936, 54.888984680404974], [-1.3827621128584724, 54.88902959538973], [-1.3827621128584724, 54.88911942535924], [-1.3825283802580088, 54.88925417031351], [-1.3820609150570817, 54.88925417031351], [-1.3818271824566182, 54.88911942535924], [-1.3818271824566182, 54.88902959538973], [-1.381749271589797, 54.888984680404974], [-1.3815934498561546, 54.888984680404974], [-1.381359717255691, 54.88884993545071], [-1.3815155389893334, 54.8887601054812], [-1.381359717255691, 54.888670275511686], [-1.3815934498561546, 54.88853553055742], [-1.381749271589797, 54.88862536052693], [-1.3819050933234394, 54.88862536052693], [-1.3819830041902605, 54.888670275511686], [-1.3819830041902605, 54.8887601054812], [-1.3818271824566182, 54.88884993545071], [-1.3819050933234394, 54.88889485043546], [-1.3820609150570817, 54.88889485043546], [-1.382138825923903, 54.88884993545071], [-1.382138825923903, 54.888670275511686], [-1.382216736790724, 54.88862536052693], [-1.3823725585243665, 54.88862536052693], [-1.3825283802580088, 54.88871519049644], [-1.3826842019916512, 54.88871519049644], [-1.3829179345921148, 54.88884993545071], [-1.3829179345921148, 54.88893976542022], [-1.382995845458936, 54.888984680404974], [-1.3830737563257571, 54.88893976542022], [-1.3830737563257571, 54.88884993545071], [-1.3831516671925783, 54.88880502046595], [-1.3836191323935054, 54.88880502046595], [-1.3840086867276113, 54.88902959538973], [-1.3840086867276113, 54.88911942535924], [-1.3840865975944325, 54.889164340343996], [-1.3843982410617173, 54.889164340343996], [-1.384709884529002, 54.888984680404974], [-1.3848657062626444, 54.888984680404974], [-1.3854889931972139, 54.88934400028302], [-1.3858006366644986, 54.889164340343996], [-1.385956458398141, 54.889164340343996], [-1.3861901909986045, 54.88902959538973], [-1.3861901909986045, 54.88893976542022], [-1.3862681018654257, 54.88889485043546], [-1.3865797453327104, 54.88889485043546], [-1.3867355670663528, 54.88880502046595], [-1.3870472105336376, 54.88880502046595], [-1.387280943134101, 54.88893976542022], [-1.387280943134101, 54.88902959538973], [-1.3874367648677435, 54.88911942535924], [-1.3874367648677435, 54.88938891526777], [-1.3875925866013858, 54.889478745237284], [-1.3875925866013858, 54.889568575206795], [-1.3877484083350282, 54.889658405176306], [-1.3877484083350282, 54.88974823514582], [-1.3879821409354918, 54.88988298010008], [-1.3884496061364189, 54.88988298010008], [-1.3886054278700612, 54.88979315013057], [-1.3887612496037036, 54.88988298010008], [-1.3892287148046307, 54.88988298010008], [-1.390163645206485, 54.88934400028302], [-1.3904752886737697, 54.88934400028302], [-1.390631110407412, 54.88943383025253], [-1.3907869321410544, 54.88943383025253], [-1.3910985756083392, 54.88925417031351], [-1.3912543973419815, 54.88925417031351], [-1.391410219075624, 54.889164340343996], [-1.3915660408092663, 54.889164340343996], [-1.3917997734097298, 54.88929908529826], [-1.3917997734097298, 54.88938891526777], [-1.391877684276551, 54.88943383025253], [-1.3921893277438357, 54.88925417031351], [-1.3925009712111205, 54.88925417031351], [-1.3928905255452264, 54.889478745237284], [-1.3928905255452264, 54.889658405176306], [-1.3930463472788688, 54.88974823514582], [-1.3930463472788688, 54.88992789508484], [-1.39312425814569, 54.889972810069594], [-1.3932800798793323, 54.88988298010008], [-1.3934359016129747, 54.88988298010008], [-1.3935138124797959, 54.88983806511533], [-1.3935138124797959, 54.88974823514582], [-1.3932021690125111, 54.889568575206795], [-1.3932021690125111, 54.889478745237284], [-1.3932800798793323, 54.88943383025253], [-1.393591723346617, 54.88943383025253], [-1.3937475450802594, 54.88952366022204], [-1.3940591885475442, 54.88952366022204], [-1.3942929211480077, 54.889658405176306], [-1.3942929211480077, 54.88983806511533], [-1.3942150102811866, 54.88988298010008], [-1.3940591885475442, 54.88988298010008], [-1.393981277680723, 54.88992789508484], [-1.393981277680723, 54.89019738499337], [-1.3940591885475442, 54.89024229997813], [-1.3942150102811866, 54.89024229997813], [-1.394370832014829, 54.890152470008616], [-1.3945266537484713, 54.890152470008616], [-1.3946824754821137, 54.890062640039105], [-1.394838297215756, 54.890152470008616], [-1.3949941189493984, 54.890152470008616], [-1.3950720298162196, 54.89019738499337], [-1.3950720298162196, 54.890466874901904], [-1.394838297215756, 54.89060161985617], [-1.3946824754821137, 54.89060161985617], [-1.3946045646152925, 54.890646534840926], [-1.3949162080825772, 54.89082619477995], [-1.3949162080825772, 54.89109568468848], [-1.3949941189493984, 54.891140599673236], [-1.3954615841503255, 54.891140599673236], [-1.3955394950171467, 54.89109568468848], [-1.3955394950171467, 54.89100585471897], [-1.3957732276176102, 54.8908711097647], [-1.3962406928185374, 54.8908711097647], [-1.396552336285822, 54.891050769703725], [-1.3966302471526433, 54.89100585471897], [-1.3966302471526433, 54.89091602474946], [-1.3967081580194645, 54.8908711097647], [-1.3968639797531068, 54.890960939734214], [-1.3970198014867492, 54.890960939734214], [-1.3970977123535704, 54.89091602474946], [-1.3967860688862856, 54.89073636481044], [-1.3967860688862856, 54.890646534840926], [-1.3970198014867492, 54.89051178988666], [-1.3974872666876763, 54.89051178988666], [-1.3975651775544975, 54.890556704871415], [-1.3975651775544975, 54.89082619477995], [-1.3974093558208551, 54.89091602474946], [-1.3974093558208551, 54.89100585471897], [-1.3974872666876763, 54.891050769703725], [-1.3981105536222458, 54.891050769703725], [-1.3982663753558882, 54.891140599673236], [-1.3984221970895305, 54.891140599673236], [-1.3985001079563517, 54.89109568468848], [-1.3985001079563517, 54.89100585471897], [-1.398655929689994, 54.89091602474946], [-1.398655929689994, 54.89082619477995], [-1.3988896622904576, 54.89069144982568], [-1.3992013057577424, 54.89069144982568], [-1.3999804144259542, 54.891140599673236], [-1.400292057893239, 54.891140599673236], [-1.4003699687600601, 54.89109568468848], [-1.4003699687600601, 54.89091602474946], [-1.4005257904937025, 54.89082619477995], [-1.4005257904937025, 54.890646534840926], [-1.4006816122273449, 54.890556704871415], [-1.4006816122273449, 54.89037704493239], [-1.4009153448278084, 54.89024229997813], [-1.4013828100287355, 54.89024229997813], [-1.4014607208955567, 54.89019738499337], [-1.4014607208955567, 54.89001772505435], [-1.4017723643628415, 54.88983806511533], [-1.4017723643628415, 54.88974823514582], [-1.401616542629199, 54.889658405176306], [-1.401616542629199, 54.889568575206795], [-1.4016944534960203, 54.88952366022204], [-1.4023177404305898, 54.88952366022204], [-1.402395651297411, 54.889568575206795], [-1.402395651297411, 54.889658405176306], [-1.4024735621642321, 54.88970332016106], [-1.4027852056315169, 54.88970332016106], [-1.402863116498338, 54.889658405176306], [-1.402863116498338, 54.889568575206795], [-1.4029410273651592, 54.88952366022204], [-1.4030968490988016, 54.88952366022204], [-1.4031747599656228, 54.889568575206795], [-1.4031747599656228, 54.889658405176306], [-1.4033305816992652, 54.88974823514582], [-1.4033305816992652, 54.88992789508484], [-1.4030968490988016, 54.890062640039105], [-1.4027852056315169, 54.890062640039105], [-1.4027072947646957, 54.89010755502386], [-1.4029410273651592, 54.89024229997813], [-1.4030968490988016, 54.89024229997813], [-1.4031747599656228, 54.89028721496288], [-1.4031747599656228, 54.89037704493239], [-1.403252670832444, 54.89042195991715], [-1.4034084925660864, 54.89042195991715], [-1.40364222516655, 54.890556704871415], [-1.40364222516655, 54.890646534840926], [-1.4033305816992652, 54.89082619477995], [-1.4034084925660864, 54.8908711097647], [-1.4035643142997287, 54.8908711097647], [-1.40364222516655, 54.89091602474946], [-1.40364222516655, 54.8912753446275], [-1.4035643142997287, 54.89132025961226], [-1.4034084925660864, 54.89132025961226], [-1.4033305816992652, 54.89136517459701], [-1.4034084925660864, 54.89141008958177], [-1.4038759577670135, 54.89141008958177], [-1.4039538686338346, 54.891455004566524], [-1.4039538686338346, 54.89181432444457], [-1.4038759577670135, 54.89185923942932], [-1.403720136033371, 54.89185923942932], [-1.40364222516655, 54.89190415441408], [-1.4039538686338346, 54.8920838143531], [-1.4039538686338346, 54.89226347429212], [-1.4037980469001923, 54.89235330426163], [-1.4038759577670135, 54.89239821924639], [-1.4041876012342982, 54.89239821924639], [-1.4042655121011194, 54.892443134231144], [-1.4042655121011194, 54.892622794170165], [-1.4043434229679406, 54.89266770915492], [-1.4044213338347618, 54.892622794170165], [-1.4044213338347618, 54.892443134231144], [-1.404499244701583, 54.89239821924639], [-1.4048108881688677, 54.89239821924639], [-1.4048887990356889, 54.892443134231144], [-1.4047329773020465, 54.892532964200655], [-1.4047329773020465, 54.892622794170165], [-1.4046550664352253, 54.89266770915492], [-1.404499244701583, 54.89266770915492], [-1.4044213338347618, 54.892712624139676], [-1.4044213338347618, 54.89307194401772], [-1.4045771555684041, 54.89316177398723], [-1.4045771555684041, 54.89334143392625], [-1.4046550664352253, 54.89338634891101], [-1.40496670990251, 54.89338634891101], [-1.4050446207693312, 54.89343126389576], [-1.4050446207693312, 54.893521093865274], [-1.4052783533697948, 54.89365583881954], [-1.4055899968370795, 54.89365583881954], [-1.405745818570722, 54.89356600885003], [-1.4059016403043643, 54.89356600885003], [-1.4061353729048278, 54.893700753804296], [-1.4061353729048278, 54.89388041374332], [-1.406213283771649, 54.89392532872807], [-1.4063691055052914, 54.89392532872807], [-1.4064470163721126, 54.89397024371283], [-1.4064470163721126, 54.89406007368234], [-1.4068365707062185, 54.89428464860612], [-1.4071482141735032, 54.894104988667095], [-1.4076156793744303, 54.894104988667095], [-1.4077715011080727, 54.894194818636606], [-1.407927322841715, 54.894194818636606], [-1.4080052337085363, 54.89414990365185], [-1.4080052337085363, 54.89397024371283], [-1.4080831445753574, 54.89392532872807], [-1.4082389663089998, 54.89392532872807], [-1.4083947880426422, 54.89383549875856], [-1.4090180749772117, 54.89383549875856], [-1.409173896710854, 54.89392532872807], [-1.4093297184444964, 54.89392532872807], [-1.4094076293113176, 54.89397024371283], [-1.4094076293113176, 54.89432956359087], [-1.4092518075776752, 54.89441939356038], [-1.4092518075776752, 54.894688883468916], [-1.4090959858440328, 54.89477871343843], [-1.4090959858440328, 54.89486854340794], [-1.4089401641103905, 54.89495837337745], [-1.4090180749772117, 54.895003288362204], [-1.4097971836454235, 54.895003288362204], [-1.4098750945122447, 54.89504820334696], [-1.4098750945122447, 54.89513803331647], [-1.4099530053790659, 54.895182948301226], [-1.4102646488463506, 54.895182948301226], [-1.410420470579993, 54.89527277827074], [-1.4105762923136353, 54.89527277827074], [-1.410810024914099, 54.895407523225], [-1.410810024914099, 54.895587183164025], [-1.41088793578092, 54.89563209814878], [-1.4110437575145625, 54.89563209814878], [-1.4111216683813836, 54.895677013133536], [-1.4111216683813836, 54.89576684310305], [-1.4111995792482048, 54.8958117580878], [-1.4115112227154896, 54.8958117580878], [-1.4117449553159531, 54.89594650304207], [-1.4117449553159531, 54.89603633301158], [-1.4115891335823108, 54.89612616298109], [-1.4119007770495955, 54.89630582292011], [-1.4117449553159531, 54.89639565288962], [-1.4119007770495955, 54.896485482859134], [-1.4119007770495955, 54.896665142798156], [-1.4120565987832379, 54.89675497276767], [-1.4120565987832379, 54.89684480273718], [-1.4122124205168802, 54.89693463270669], [-1.4122124205168802, 54.89711429264571], [-1.412134509650059, 54.897159207630466], [-1.4119786879164167, 54.897159207630466], [-1.4119007770495955, 54.89720412261522], [-1.4119786879164167, 54.89724903759998], [-1.4122903313837014, 54.89724903759998], [-1.4123682422505226, 54.89729395258473], [-1.4123682422505226, 54.89738378255424], [-1.4122903313837014, 54.897428697539], [-1.412134509650059, 54.897428697539], [-1.4119007770495955, 54.897563442493265], [-1.4119786879164167, 54.89760835747802], [-1.412134509650059, 54.89760835747802], [-1.4122124205168802, 54.897653272462776], [-1.4122124205168802, 54.89774310243229], [-1.412134509650059, 54.89778801741704], [-1.4119786879164167, 54.89778801741704], [-1.4119007770495955, 54.8978329324018], [-1.4119007770495955, 54.89792276237131], [-1.411667044449132, 54.898057507325575], [-1.4115112227154896, 54.898057507325575], [-1.4114333118486684, 54.89810242231033], [-1.4114333118486684, 54.89819225227984], [-1.4113554009818472, 54.8982371672646], [-1.4111995792482048, 54.8982371672646], [-1.4107321140472777, 54.89850665717313], [-1.4105762923136353, 54.89850665717313], [-1.4104983814468142, 54.898551572157885], [-1.4104983814468142, 54.898641402127396], [-1.4106542031804565, 54.89873123209691], [-1.4106542031804565, 54.89882106206642], [-1.410810024914099, 54.89891089203593], [-1.410810024914099, 54.89900072200544], [-1.4106542031804565, 54.89909055197495], [-1.4106542031804565, 54.89918038194446], [-1.4107321140472777, 54.89922529692922], [-1.41088793578092, 54.89922529692922], [-1.4110437575145625, 54.899135466959706], [-1.4111995792482048, 54.899135466959706], [-1.411277490115026, 54.89909055197495], [-1.411277490115026, 54.89900072200544], [-1.4113554009818472, 54.898955807020684], [-1.412134509650059, 54.898955807020684], [-1.4122903313837014, 54.89886597705117], [-1.413848548720125, 54.89886597705117], [-1.4140043704537675, 54.89877614708166], [-1.4140822813205887, 54.89882106206642], [-1.4140822813205887, 54.89900072200544], [-1.4143939247878734, 54.89918038194446], [-1.4143939247878734, 54.89927021191397], [-1.4141601921874098, 54.89940495686824], [-1.4139264595869463, 54.89927021191397], [-1.4139264595869463, 54.89918038194446], [-1.4140822813205887, 54.89909055197495], [-1.4140043704537675, 54.899045636990195], [-1.413848548720125, 54.899045636990195], [-1.413770637853304, 54.89909055197495], [-1.413770637853304, 54.89918038194446], [-1.4136148161196616, 54.89927021191397], [-1.4136148161196616, 54.89989902170055], [-1.4135369052528404, 54.899943936685304], [-1.413381083519198, 54.899943936685304], [-1.4133031726523768, 54.89998885167006], [-1.4133031726523768, 54.90007868163957], [-1.4132252617855556, 54.900123596624326], [-1.4130694400519133, 54.900123596624326], [-1.412913618318271, 54.900033766654815], [-1.4122903313837014, 54.900033766654815], [-1.4122124205168802, 54.90007868163957], [-1.4122124205168802, 54.90025834157859], [-1.4120565987832379, 54.9003481715481], [-1.4122124205168802, 54.900438001517614], [-1.4122124205168802, 54.900617661456636], [-1.4123682422505226, 54.90070749142615], [-1.4122124205168802, 54.90079732139566], [-1.4122903313837014, 54.90084223638041], [-1.4127577965846285, 54.90084223638041], [-1.4130694400519133, 54.90066257644139], [-1.4135369052528404, 54.90066257644139], [-1.4136927269864827, 54.90057274647188], [-1.413848548720125, 54.90057274647188], [-1.4140043704537675, 54.90048291650237], [-1.4141601921874098, 54.90048291650237], [-1.4145497465215158, 54.90070749142615], [-1.4145497465215158, 54.90079732139566], [-1.4141601921874098, 54.901021896319435], [-1.4140043704537675, 54.901021896319435], [-1.413848548720125, 54.900932066349924], [-1.413770637853304, 54.90097698133468], [-1.413770637853304, 54.9011566412737], [-1.413381083519198, 54.90138121619748], [-1.4132252617855556, 54.90138121619748], [-1.4130694400519133, 54.90129138622797], [-1.412913618318271, 54.90129138622797], [-1.4126798857178073, 54.901426131182234], [-1.4127577965846285, 54.90147104616699], [-1.412913618318271, 54.90147104616699], [-1.4130694400519133, 54.9015608761365], [-1.4132252617855556, 54.9015608761365], [-1.4133031726523768, 54.901605791121256], [-1.4133031726523768, 54.90178545106028], [-1.413381083519198, 54.90183036604503], [-1.4135369052528404, 54.90183036604503], [-1.4136148161196616, 54.90178545106028], [-1.4136148161196616, 54.901605791121256], [-1.413848548720125, 54.90147104616699], [-1.4141601921874098, 54.90165070610601], [-1.4143160139210522, 54.90165070610601], [-1.4144718356546946, 54.9015608761365], [-1.4154067660565488, 54.9015608761365], [-1.4155625877901912, 54.90165070610601], [-1.415874231257476, 54.90165070610601], [-1.4161079638579395, 54.90178545106028], [-1.4157963203906547, 54.9019651109993], [-1.415874231257476, 54.902010025984055], [-1.4160300529911183, 54.902010025984055], [-1.4162637855915818, 54.90214477093832], [-1.4162637855915818, 54.90223460090783], [-1.4160300529911183, 54.9023693458621], [-1.415874231257476, 54.9023693458621], [-1.4157184095238335, 54.90227951589259], [-1.4155625877901912, 54.90227951589259], [-1.4151730334560852, 54.902504090816365], [-1.4152509443229064, 54.90254900580112], [-1.4155625877901912, 54.90254900580112], [-1.4157184095238335, 54.90263883577063], [-1.4160300529911183, 54.90263883577063], [-1.4161858747247607, 54.90254900580112], [-1.4166533399256878, 54.90254900580112], [-1.4168870725261513, 54.902683750755386], [-1.4168870725261513, 54.90295324066392], [-1.4173545377270784, 54.90322273057245], [-1.4173545377270784, 54.90331256054196], [-1.4176661811943632, 54.903492220480985], [-1.4174324485938996, 54.90362696543525], [-1.4172766268602572, 54.90362696543525], [-1.4171208051266149, 54.90371679540476], [-1.4168091616593301, 54.90371679540476], [-1.416731250792509, 54.90376171038952], [-1.4168870725261513, 54.90385154035903], [-1.4168870725261513, 54.90394137032854], [-1.4170428942597937, 54.90403120029805], [-1.4165754290588666, 54.90430069020658], [-1.4165754290588666, 54.904390520176094], [-1.4166533399256878, 54.90443543516085], [-1.4171208051266149, 54.90443543516085], [-1.4175103594607208, 54.904660010084626], [-1.4173545377270784, 54.90474984005414], [-1.4173545377270784, 54.90492949999316], [-1.417588270327542, 54.905064244947425], [-1.4178999137948267, 54.905064244947425], [-1.418055735528469, 54.905154074916936], [-1.4183673789957538, 54.905154074916936], [-1.4185232007293962, 54.905064244947425], [-1.4186790224630386, 54.905064244947425], [-1.418834844196681, 54.905154074916936], [-1.4189906659303233, 54.905154074916936], [-1.4192243985307869, 54.9052888198712], [-1.4192243985307869, 54.905558309779735], [-1.4190685767971445, 54.905648139749246], [-1.4190685767971445, 54.90573796971876], [-1.418834844196681, 54.90587271467302], [-1.4186790224630386, 54.90587271467302], [-1.4186011115962174, 54.90591762965778], [-1.4186790224630386, 54.905962544642534], [-1.418834844196681, 54.905962544642534], [-1.4189127550635021, 54.90600745962729], [-1.4189127550635021, 54.906456609474844], [-1.4186790224630386, 54.90659135442911], [-1.4183673789957538, 54.90659135442911], [-1.4182894681289326, 54.906636269413866], [-1.4182894681289326, 54.90681592935289], [-1.4183673789957538, 54.90686084433764], [-1.4186790224630386, 54.90686084433764], [-1.418834844196681, 54.906950674307154], [-1.4189906659303233, 54.90686084433764], [-1.4194581311312504, 54.90686084433764], [-1.4198476854653563, 54.90708541926142], [-1.4198476854653563, 54.90717524923093], [-1.419691863731714, 54.90726507920044], [-1.4198476854653563, 54.90735490916995], [-1.419691863731714, 54.907444739139464], [-1.419691863731714, 54.907714229048], [-1.4196139528648928, 54.90775914403275], [-1.4194581311312504, 54.90775914403275], [-1.419302309397608, 54.90784897400226], [-1.4189906659303233, 54.90784897400226], [-1.4189127550635021, 54.90780405901751], [-1.4189127550635021, 54.907624399078486], [-1.418834844196681, 54.90757948409373], [-1.4185232007293962, 54.90757948409373], [-1.418445289862575, 54.907624399078486], [-1.4186011115962174, 54.907714229048], [-1.4185232007293962, 54.90775914403275], [-1.4182115572621115, 54.90775914403275], [-1.4181336463952903, 54.90780405901751], [-1.4183673789957538, 54.907938803971774], [-1.418834844196681, 54.907938803971774], [-1.4189906659303233, 54.908028633941285], [-1.4199255963321775, 54.908028633941285], [-1.4200035071989987, 54.90807354892604], [-1.4200035071989987, 54.90825320886506], [-1.4199255963321775, 54.90829812384982], [-1.4196139528648928, 54.90829812384982], [-1.4194581311312504, 54.90838795381933], [-1.419302309397608, 54.90838795381933], [-1.4192243985307869, 54.908432868804084], [-1.4196139528648928, 54.90865744372786], [-1.4197697745985352, 54.90865744372786], [-1.4199255963321775, 54.90874727369737], [-1.4208605267340317, 54.90874727369737], [-1.421016348467674, 54.90883710366688], [-1.4212500810681377, 54.90897184862115], [-1.4212500810681377, 54.90906167859066], [-1.421016348467674, 54.90919642354493], [-1.4207047050003894, 54.90919642354493], [-1.420548883266747, 54.90928625351444], [-1.4202372397994623, 54.90928625351444], [-1.420159328932641, 54.90933116849919], [-1.4203151506662834, 54.909420998468704], [-1.4203151506662834, 54.90969048837724], [-1.42008141806582, 54.9098252333315], [-1.4197697745985352, 54.9098252333315], [-1.4195360419980716, 54.90969048837724], [-1.4195360419980716, 54.909510828438215], [-1.4194581311312504, 54.90946591345346], [-1.419302309397608, 54.90946591345346], [-1.4191464876639657, 54.90937608348395], [-1.4189906659303233, 54.90937608348395], [-1.4189127550635021, 54.90933116849919], [-1.4190685767971445, 54.90924133852968], [-1.4190685767971445, 54.90915150856017], [-1.4189127550635021, 54.90906167859066], [-1.4189127550635021, 54.90897184862115], [-1.418834844196681, 54.908926933636394], [-1.4183673789957538, 54.908926933636394], [-1.4182894681289326, 54.90897184862115], [-1.418445289862575, 54.90906167859066], [-1.418445289862575, 54.909420998468704], [-1.4183673789957538, 54.90946591345346], [-1.4178999137948267, 54.90946591345346], [-1.4175103594607208, 54.90969048837724], [-1.4175103594607208, 54.90978031834675], [-1.4170428942597937, 54.91004980825528], [-1.4171208051266149, 54.910094723240036], [-1.417588270327542, 54.910094723240036], [-1.4177440920611843, 54.91018455320955], [-1.4182115572621115, 54.91018455320955], [-1.4182894681289326, 54.9102294681943], [-1.4182894681289326, 54.91031929816381], [-1.4181336463952903, 54.910409128133324], [-1.4181336463952903, 54.91085827798088], [-1.4182115572621115, 54.910903192965634], [-1.4183673789957538, 54.910903192965634], [-1.4186011115962174, 54.9110379379199], [-1.4186011115962174, 54.91121759785892], [-1.4187569333298597, 54.91130742782843], [-1.4187569333298597, 54.911397257797944], [-1.4189127550635021, 54.911487087767455], [-1.4189127550635021, 54.91166674770648], [-1.4187569333298597, 54.91175657767599], [-1.4190685767971445, 54.91193623761501], [-1.4190685767971445, 54.91220572752354], [-1.4191464876639657, 54.9122506425083], [-1.419302309397608, 54.9122506425083], [-1.4194581311312504, 54.91216081253879], [-1.4196139528648928, 54.91216081253879], [-1.4200035071989987, 54.912385387462564], [-1.4198476854653563, 54.912475217432075], [-1.4198476854653563, 54.912565047401586], [-1.419691863731714, 54.9126548773711], [-1.419691863731714, 54.91274470734061], [-1.4197697745985352, 54.91278962232536], [-1.42008141806582, 54.91278962232536], [-1.4203151506662834, 54.91292436727963], [-1.4202372397994623, 54.912969282264385], [-1.4196139528648928, 54.912969282264385], [-1.4194581311312504, 54.913059112233896], [-1.419302309397608, 54.913059112233896], [-1.4192243985307869, 54.91310402721865], [-1.419302309397608, 54.91314894220341], [-1.4194581311312504, 54.91314894220341], [-1.4195360419980716, 54.91319385718816], [-1.4195360419980716, 54.913373517127184], [-1.4194581311312504, 54.91341843211194], [-1.4191464876639657, 54.91341843211194], [-1.4189127550635021, 54.913553177066206], [-1.4189127550635021, 54.913643007035716], [-1.4186011115962174, 54.91382266697474], [-1.4187569333298597, 54.91391249694425], [-1.4185232007293962, 54.914047241898515], [-1.4183673789957538, 54.914047241898515], [-1.4181336463952903, 54.91391249694425], [-1.4183673789957538, 54.91377775198998], [-1.4185232007293962, 54.91377775198998], [-1.4186011115962174, 54.91373283700523], [-1.4185232007293962, 54.91368792202047], [-1.418055735528469, 54.91368792202047], [-1.417977824661648, 54.91373283700523], [-1.417977824661648, 54.91382266697474], [-1.4178999137948267, 54.913867581959494], [-1.4172766268602572, 54.913867581959494], [-1.4169649833929725, 54.91368792202047], [-1.4166533399256878, 54.91368792202047], [-1.4165754290588666, 54.91373283700523], [-1.416731250792509, 54.91382266697474], [-1.4165754290588666, 54.91391249694425], [-1.4166533399256878, 54.913957411929005], [-1.4169649833929725, 54.913957411929005], [-1.417198715993436, 54.91409215688327], [-1.417198715993436, 54.91418198685278], [-1.4173545377270784, 54.91427181682229], [-1.417198715993436, 54.914361646791804], [-1.417198715993436, 54.914451476761315], [-1.4168091616593301, 54.91467605168509], [-1.4164975181920454, 54.91467605168509], [-1.4161079638579395, 54.91490062660887], [-1.4161079638579395, 54.9151701165174], [-1.415874231257476, 54.91530486147167], [-1.4157184095238335, 54.91530486147167], [-1.4155625877901912, 54.91521503150216], [-1.4154067660565488, 54.91530486147167], [-1.4151730334560852, 54.9151701165174], [-1.4151730334560852, 54.91499045657838], [-1.4152509443229064, 54.914945541593625], [-1.4157184095238335, 54.914945541593625], [-1.4157963203906547, 54.91490062660887], [-1.4157963203906547, 54.91481079663936], [-1.4153288551897276, 54.914541306730825], [-1.4153288551897276, 54.914451476761315], [-1.4151730334560852, 54.914361646791804], [-1.4153288551897276, 54.91427181682229], [-1.4153288551897276, 54.91418198685278], [-1.415095122589264, 54.914047241898515], [-1.4150172117224429, 54.91409215688327], [-1.4150172117224429, 54.914361646791804], [-1.4149393008556217, 54.91440656177656], [-1.4147834791219793, 54.91440656177656], [-1.4147055682551581, 54.914451476761315], [-1.4147055682551581, 54.914541306730825], [-1.4144718356546946, 54.91467605168509], [-1.4140043704537675, 54.91467605168509], [-1.4139264595869463, 54.91472096666985], [-1.4139264595869463, 54.91481079663936], [-1.413848548720125, 54.914855711624114], [-1.4130694400519133, 54.914855711624114], [-1.4126798857178073, 54.914631136700336], [-1.4128357074514497, 54.914541306730825], [-1.4128357074514497, 54.914361646791804], [-1.412991529185092, 54.91427181682229], [-1.412991529185092, 54.91409215688327], [-1.4131473509187344, 54.91400232691376], [-1.4131473509187344, 54.91382266697474], [-1.4133031726523768, 54.91373283700523], [-1.4133031726523768, 54.913553177066206], [-1.4134589943860192, 54.913463347096695], [-1.4134589943860192, 54.91328368715767], [-1.4135369052528404, 54.91323877217292], [-1.4140043704537675, 54.91350826208145], [-1.4143160139210522, 54.91350826208145], [-1.4144718356546946, 54.91359809205096], [-1.414627657388337, 54.91359809205096], [-1.4150172117224429, 54.91382266697474], [-1.4150172117224429, 54.91391249694425], [-1.415095122589264, 54.913957411929005], [-1.4151730334560852, 54.91391249694425], [-1.4151730334560852, 54.913643007035716], [-1.4155625877901912, 54.91341843211194], [-1.4160300529911183, 54.91341843211194], [-1.4161079638579395, 54.913373517127184], [-1.415952142124297, 54.91328368715767], [-1.415952142124297, 54.91319385718816], [-1.415874231257476, 54.91314894220341], [-1.4154067660565488, 54.91314894220341], [-1.4149393008556217, 54.912879452294874], [-1.414627657388337, 54.912879452294874], [-1.4144718356546946, 54.91278962232536], [-1.4136927269864827, 54.91278962232536], [-1.4134589943860192, 54.9126548773711], [-1.4134589943860192, 54.912565047401586], [-1.412913618318271, 54.9122506425083], [-1.4127577965846285, 54.91234047247781], [-1.4124461531173438, 54.91234047247781], [-1.412134509650059, 54.91216081253879], [-1.4118228661827743, 54.91216081253879], [-1.4117449553159531, 54.91220572752354], [-1.4117449553159531, 54.91283453731012], [-1.411667044449132, 54.912879452294874], [-1.4113554009818472, 54.912879452294874], [-1.4111995792482048, 54.912969282264385], [-1.4107321140472777, 54.912969282264385], [-1.4106542031804565, 54.91292436727963], [-1.4106542031804565, 54.912565047401586], [-1.4104983814468142, 54.912475217432075], [-1.4104983814468142, 54.91229555749305], [-1.4103425597131718, 54.91220572752354], [-1.4103425597131718, 54.91202606758452], [-1.4101867379795294, 54.91193623761501], [-1.4101867379795294, 54.91175657767599], [-1.410030916245887, 54.91166674770648], [-1.410030916245887, 54.911576917736966], [-1.4099530053790659, 54.91153200275221], [-1.4097971836454235, 54.91153200275221], [-1.4096413619117811, 54.91162183272172], [-1.409173896710854, 54.91162183272172], [-1.4090180749772117, 54.91171166269123], [-1.4088622532435693, 54.91171166269123], [-1.408706431509927, 54.91162183272172], [-1.4083947880426422, 54.91162183272172], [-1.4081610554421786, 54.91175657767599], [-1.4081610554421786, 54.91193623761501], [-1.4080831445753574, 54.911981152599765], [-1.4077715011080727, 54.91180149266074], [-1.4076935902412515, 54.9118464076455], [-1.4076935902412515, 54.91193623761501], [-1.4078494119748939, 54.91202606758452], [-1.4078494119748939, 54.91220572752354], [-1.4080052337085363, 54.91229555749305], [-1.4080052337085363, 54.912475217432075], [-1.4081610554421786, 54.912565047401586], [-1.4081610554421786, 54.91328368715767], [-1.407927322841715, 54.91341843211194], [-1.4077715011080727, 54.91342966085813], [-1.4076741125245462, 54.913373517127184], [-1.4063106723551755, 54.913373517127184], [-1.406213283771649, 54.91342966085813], [-1.40496670990251, 54.91342966085813], [-1.4048887990356889, 54.913373517127184], [-1.4050446207693312, 54.91328368715767], [-1.4050446207693312, 54.91274470734061], [-1.4048108881688677, 54.91260996238634], [-1.4047329773020465, 54.9126548773711], [-1.4047329773020465, 54.91274470734061], [-1.4044213338347618, 54.91292436727963], [-1.4044213338347618, 54.91319385718816], [-1.4045771555684041, 54.91328368715767], [-1.4045771555684041, 54.913373517127184], [-1.404499244701583, 54.91342966085813], [-1.4022593072804739, 54.91382266697474], [-1.4021619186969474, 54.91387881070568], [-1.4013243768786197, 54.91427181682229], [-1.4004478796268813, 54.91477711040079], [-1.4000778030094807, 54.9151701165174], [-1.3999804144259542, 54.915226260248346], [-1.3996103378085536, 54.915349776456424], [-1.3995908600918483, 54.915439606425934], [-1.3995129492250271, 54.91548452141069], [-1.3993571274913847, 54.91548452141069], [-1.3991233948909212, 54.915619266364956], [-1.3991233948909212, 54.91588875627349], [-1.3987338405568153, 54.916124559943455], [-1.3986754074066994, 54.91615824618202], [-1.398655929689994, 54.91624807615153], [-1.3983442862227093, 54.916427736090554], [-1.3983442862227093, 54.916517566060065], [-1.3982663753558882, 54.91656248104482], [-1.3981105536222458, 54.91657370979101], [-1.3942150102811866, 54.91657370979101], [-1.39411762169766, 54.916517566060065], [-1.3937475450802594, 54.916124559943455], [-1.393650156496733, 54.91606841621251], [-1.3932800798793323, 54.915226260248346], [-1.3931826912958059, 54.9151701165174], [-1.3931826912958059, 54.91481079663936], [-1.3932800798793323, 54.914754652908414], [-1.3932800798793323, 54.91432796055324], [-1.3931826912958059, 54.91427181682229], [-1.3928710478285211, 54.912475217432075], [-1.3925009712111205, 54.912082211315465], [-1.392403582627594, 54.91202606758452], [-1.3915660408092663, 54.91163306146791], [-1.3914686522257398, 54.911576917736966], [-1.390163645206485, 54.911183911620356], [-1.3900662566229585, 54.91112776788941], [-1.3892287148046307, 54.9107347617728], [-1.3883522175528924, 54.9102294681943], [-1.3865797453327104, 54.90983646207769], [-1.386482356749184, 54.90978031834675], [-1.3807559080378269, 54.90978031834675], [-1.3806585194543004, 54.90983646207769], [-1.3798794107860886, 54.90983646207769], [-1.379782022202562, 54.90978031834675], [-1.3793535124350456, 54.90978031834675], [-1.379256123851519, 54.90983646207769], [-1.3784185820331913, 54.9102294681943], [-1.3783211934496649, 54.91028561192525], [-1.376295510912314, 54.91028561192525], [-1.3761981223287876, 54.9102294681943], [-1.3739581849076785, 54.90983646207769], [-1.373860796324152, 54.90978031834675], [-1.3721857126874966, 54.90978031834675], [-1.37208832410397, 54.90983646207769], [-1.3707833170847152, 54.9102294681943], [-1.3706859285011888, 54.91028561192525], [-1.3703158518837881, 54.91067861804186], [-1.3702184633002616, 54.9107347617728], [-1.369848386682861, 54.91112776788941], [-1.3689718894311227, 54.91163306146791], [-1.368601812813722, 54.91202606758452], [-1.3685044242301956, 54.912082211315465], [-1.368134347612795, 54.912475217432075], [-1.3680369590292685, 54.91253136116302], [-1.3676668824118678, 54.91292436727963], [-1.3675694938283414, 54.91298051101057], [-1.3667319520100136, 54.913373517127184], [-1.3666345634264871, 54.91342966085813], [-1.3646088808891363, 54.91342966085813], [-1.3645114923056099, 54.913373517127184], [-1.3645114923056099, 54.91328368715767], [-1.3646088808891363, 54.91323877217292], [-1.3645114923056099, 54.91310402721865], [-1.3640829825380933, 54.913373517127184], [-1.3639855939545669, 54.91342966085813], [-1.3639855939545669, 54.913856353213305], [-1.3640829825380933, 54.91391249694425], [-1.364453059155494, 54.91520380275597], [-1.3645504477390205, 54.91525994648691], [-1.3645504477390205, 54.915619266364956], [-1.364453059155494, 54.9156754100959], [-1.3631480521362391, 54.915978586243], [-1.3630506635527126, 54.916023501227755], [-1.3629727526858915, 54.915978586243], [-1.3629727526858915, 54.91579892630398], [-1.3628948418190703, 54.91575401131922], [-1.362816930952249, 54.91579892630398], [-1.362816930952249, 54.91588875627349], [-1.362739020085428, 54.915933671258244], [-1.3625831983517855, 54.915933671258244], [-1.3624273766181432, 54.916023501227755], [-1.3621157331508584, 54.916023501227755], [-1.3620616631885012, 54.916054672123856], [-1.361779494332071, 54.91554444761601], [-1.361729177219904, 54.91546294218767], [-1.361671292820766, 54.91538662480458], [-1.36160637222093, 54.915316195674656], [-1.361535011063435, 54.9152523009814], [-1.361457864083091, 54.915195526955216], [-1.361457021375079, 54.9151950234061], [-1.361444511511988, 54.9151476769515], [-1.361359911511988, 54.9148793769515], [-1.3613345264709, 54.91480833399372], [-1.361303857857696, 54.91473940694297], [-1.361238857857696, 54.91460700694297], [-1.361173011688007, 54.91449264206096], [-1.361101411688007, 54.91438534206095], [-1.361013990281932, 54.914272655207306], [-1.360953128953005, 54.914204808056276], [-1.360879637983346, 54.914089994092585], [-1.360819049244815, 54.914005381747835], [-1.360733349244815, 54.91389798174784], [-1.360712483224528, 54.913872693925086], [-1.360525339356473, 54.91365331860505], [-1.360519832457358, 54.91364118271139], [-1.360477093395152, 54.913557649504625], [-1.360426713031446, 54.91347848989988], [-1.36036913493633, 54.91340440085189], [-1.360304866051769, 54.913336034672035], [-1.360197266051769, 54.91323183467204], [-1.360133929289625, 54.91317550027141], [-1.360066049171896, 54.91312473217365], [-1.359994113424701, 54.91307989515313], [-1.359818113424701, 54.91298029515313], [-1.359703338398425, 54.91292468763787], [-1.359599127447735, 54.91288217337926], [-1.359596164045859, 54.91284958653348], [-1.359575749073456, 54.91274661244682], [-1.359531749073456, 54.91257301244682], [-1.359501164960965, 54.91247414180744], [-1.359460525932926, 54.91237896165894], [-1.359410267265487, 54.91228849145602], [-1.359350927268742, 54.91220370020614], [-1.358900890905868, 54.91162668221753], [-1.358539588709845, 54.91115091489533], [-1.358497068469113, 54.91109867463422], [-1.358383768469113, 54.91096867463422], [-1.358381904529422, 54.910966649999786], [-1.358374570607277, 54.91091490824965], [-1.358351851870746, 54.910821027497406], [-1.358320181700949, 54.910729776541366], [-1.35827985557223, 54.910642006728935], [-1.35822615557223, 54.910538606728934], [-1.358176360321758, 54.910453308471915], [-1.358118393393608, 54.91037333850968], [-1.35805282027601, 54.91029947697796], [-1.357980280658307, 54.91023244442256], [-1.357901482190558, 54.91017289477017], [-1.357817193580152, 54.91012140894905], [-1.357728237092797, 54.910078489221924], [-1.357611437092797, 54.91002908922192], [-1.357507713903608, 54.90999181485846], [-1.357023329009407, 54.90984734435437], [-1.356774094766916, 54.909747921100006], [-1.356678683488008, 54.90969492360982], [-1.356599896622665, 54.90962677548043], [-1.356520065786006, 54.90956450123145], [-1.356118865786006, 54.90928300123145], [-1.356096573127413, 54.909267804304406], [-1.355598388484359, 54.908937946096486], [-1.35559679063942, 54.90893252776982], [-1.355559549304191, 54.90884082986903], [-1.355546249304191, 54.90881222986903], [-1.355501125533463, 54.9087263554797], [-1.35544789337928, 54.90864525737128], [-1.35538705378631, 54.90856969872284], [-1.355319179289523, 54.908500390583974], [-1.355239429757831, 54.908426493638885], [-1.355133372804372, 54.908301332909005], [-1.3550258442701306, 54.908133459320695], [-1.3550258442701306, 54.90807354892604], [-1.355181666003773, 54.90798371895653], [-1.355181666003773, 54.90789388898702], [-1.3554153986042365, 54.90775914403275], [-1.355571220337879, 54.90775914403275], [-1.3558828638051637, 54.90757948409373], [-1.3561945072724484, 54.90757948409373], [-1.3563503290060908, 54.90748965412422], [-1.3568177942070179, 54.90748965412422], [-1.3569736159406602, 54.90757948409373], [-1.357285259407945, 54.90757948409373], [-1.3574410811415873, 54.90766931406324], [-1.3575969028752297, 54.90766931406324], [-1.358142278942978, 54.90798371895653], [-1.3579864572093356, 54.90807354892604], [-1.3579864572093356, 54.90816337889555], [-1.3580643680761568, 54.90820829388031], [-1.3586876550107263, 54.90820829388031], [-1.3588434767443687, 54.90829812384982], [-1.3591551202116534, 54.90829812384982], [-1.3597004962794017, 54.908612528743106], [-1.3597004962794017, 54.90879218868213], [-1.359778407146223, 54.90883710366688], [-1.3600900506135076, 54.90883710366688], [-1.3601679614803288, 54.90879218868213], [-1.3601679614803288, 54.908612528743106], [-1.3600121397466864, 54.908522698773595], [-1.3600121397466864, 54.90816337889555], [-1.359856318013044, 54.90807354892604], [-1.359856318013044, 54.90798371895653], [-1.3597004962794017, 54.90789388898702], [-1.3597004962794017, 54.90780405901751], [-1.3595446745457593, 54.907714229048], [-1.3595446745457593, 54.90681592935289], [-1.359388852812117, 54.90672609938338], [-1.359388852812117, 54.90627694953582], [-1.3592330310784746, 54.90618711956631], [-1.3592330310784746, 54.90573796971876], [-1.3590772093448322, 54.905648139749246], [-1.3590772093448322, 54.90510915993218], [-1.3592330310784746, 54.90501932996267], [-1.3592330310784746, 54.90492949999316], [-1.359388852812117, 54.90483967002365], [-1.359388852812117, 54.90474984005414], [-1.3593109419452958, 54.90470492506938], [-1.358999298478011, 54.90470492506938], [-1.3589213876111899, 54.90474984005414], [-1.3590772093448322, 54.90483967002365], [-1.358999298478011, 54.9048845850084], [-1.3588434767443687, 54.9048845850084], [-1.3586876550107263, 54.904974414977914], [-1.358531833277084, 54.904974414977914], [-1.3583760115434416, 54.905064244947425], [-1.3575969028752297, 54.905064244947425], [-1.3575189920084085, 54.90501932996267], [-1.3575189920084085, 54.90492949999316], [-1.3574410811415873, 54.9048845850084], [-1.3566619724733755, 54.9048845850084], [-1.3563503290060908, 54.90470492506938], [-1.3561945072724484, 54.90470492506938], [-1.356038685538806, 54.90461509509987], [-1.355969740759545, 54.904654841207645], [-1.355802139074864, 54.90441230376867], [-1.3558243403807637, 54.90440169687989], [-1.3558828638051637, 54.90443543516085], [-1.3559607746719848, 54.904390520176094], [-1.3559607746719848, 54.904336514076675], [-1.356572387416462, 54.904044310168054], [-1.356639410492882, 54.90400911356631], [-1.356703578951091, 54.90396894762903], [-1.35678199922678, 54.903915626150365], [-1.357205627392123, 54.90371876214673], [-1.357212574046001, 54.90371550150327], [-1.357685074046001, 54.90349150150327], [-1.357755886753341, 54.903454394423115], [-1.357844586753342, 54.903403294423114], [-1.35792065453451, 54.903354774462024], [-1.357992039459618, 54.90329959578477], [-1.358058160420112, 54.90323820757304], [-1.358118479158715, 54.903171109557206], [-1.3581725046511, 54.90309884794825], [-1.358225304651099, 54.90302114794825], [-1.358273154033887, 54.90294330598776], [-1.358313698482978, 54.902861421423324], [-1.358346599495433, 54.902776177903775], [-1.358403271476934, 54.90260666852447], [-1.358467530802805, 54.90249673792515], [-1.358734464148938, 54.90228472889614], [-1.358844873362856, 54.902219884698766], [-1.359101105149071, 54.902129337522105], [-1.359423729454977, 54.902075422082675], [-1.359453507952074, 54.90206998110645], [-1.359728707952074, 54.90201538110645], [-1.359828317438399, 54.90199023850971], [-1.359924821695055, 54.901955008857655], [-1.360017202196822, 54.901910063971066], [-1.360104483941413, 54.90185587820727], [-1.360730606297911, 54.90142108442489], [-1.360814008062578, 54.90138640058775], [-1.360897309669948, 54.901342131374484], [-1.360976069181971, 54.90129020969983], [-1.361049585723968, 54.901231097610655], [-1.361117205078037, 54.90116532114079], [-1.361411105078037, 54.90085112114079], [-1.361435464868199, 54.90082411046075], [-1.361625864868199, 54.90060511046075], [-1.36168482251146, 54.900530393506024], [-1.361736409851854, 54.90045040992437], [-1.361780159578903, 54.900365884257226], [-1.361815675380147, 54.90027758219108], [-1.361877775380147, 54.90009908219108], [-1.361906959691241, 54.89999850615266], [-1.361925465619925, 54.899895429510686], [-1.361933090206801, 54.89979098273384], [-1.361929749831016, 54.89968631131746], [-1.361915481127352, 54.89958256322054], [-1.361843813902277, 54.89920802133407], [-1.361888620074027, 54.899196560172854], [-1.361980978062595, 54.89916297892427], [-1.362069593904933, 54.89912049444715], [-1.362153611775971, 54.89906951704378], [-1.362232220256457, 54.899010539038514], [-1.362304660169403, 54.89894413002315], [-1.362370231911983, 54.89887093135592], [-1.36242830221209, 54.89879164996748], [-1.362478310244286, 54.89870705153354], [-1.362519773046081, 54.89861795308026], [-1.362552290182246, 54.89852521509363], [-1.362575547612089, 54.89842973320914], [-1.362589320722369, 54.898332429562025], [-1.362593476496543, 54.898234243881554], [-1.362587974799398, 54.8981361244154], [-1.362572868764664, 54.898039018771776], [-1.362548304281868, 54.89794386476769], [-1.362220143162378, 54.89688971772193], [-1.3625831983517855, 54.89688971772193]]], [[[-1.361492446216289, 54.891140599673236], [-1.3617261788167525, 54.8912753446275], [-1.3617261788167525, 54.891544834536035], [-1.3616482679499313, 54.89158974952079], [-1.361492446216289, 54.89158974952079], [-1.3614179231775658, 54.89163271145004], [-1.361413416260969, 54.891620372884056], [-1.361211669867582, 54.891140599673236], [-1.361492446216289, 54.891140599673236]]], [[[-1.3636739504872821, 54.91817942049602], [-1.3637518613541033, 54.91795484557224], [-1.3638297722209245, 54.917898701841295], [-1.364453059155494, 54.917898701841295], [-1.3645504477390205, 54.91795484557224], [-1.364978957506537, 54.91804467554175], [-1.3650763460900635, 54.917999760556995], [-1.3652321678237058, 54.917909930587484], [-1.3657580661747488, 54.917505695724685], [-1.3658554547582753, 54.91744955199374], [-1.36616709822556, 54.91744955199374], [-1.3662644868090865, 54.917505695724685], [-1.3666345634264871, 54.918797001536404], [-1.3667319520100136, 54.91885314526735], [-1.3676279269784573, 54.9193022951149], [-1.3677253155619837, 54.91924615138396], [-1.3680953921793844, 54.91885314526735], [-1.3681927807629108, 54.918797001536404], [-1.3672578503610566, 54.91837030918123], [-1.3671604617775301, 54.91831416545028], [-1.3671604617775301, 54.91705654587713], [-1.3672578503610566, 54.917000402146186], [-1.3680953921793844, 54.916607396029576], [-1.3681927807629108, 54.91655125229863], [-1.3690303225812386, 54.91615824618202], [-1.369127711164765, 54.91610210245108], [-1.369127711164765, 54.915226260248346], [-1.3690303225812386, 54.9151701165174], [-1.3690303225812386, 54.91391249694425], [-1.369127711164765, 54.913856353213305], [-1.3693419660485233, 54.913463347096695], [-1.3694393546320498, 54.91340720336575], [-1.3698094312494504, 54.91301419724914], [-1.369906819832977, 54.912958053518196], [-1.3702768964503775, 54.912565047401586], [-1.370374285033904, 54.91250890367064], [-1.3707443616513046, 54.91166674770648], [-1.3708417502348311, 54.91161060397553], [-1.3716792920531589, 54.91121759785892], [-1.3717766806366853, 54.91116145412798], [-1.3730816876559402, 54.91076844801137], [-1.3731790762394667, 54.91071230428042], [-1.3747372935758904, 54.91071230428042], [-1.3748346821594168, 54.91076844801137], [-1.3783796265997807, 54.91076844801137], [-1.3784770151833072, 54.91071230428042], [-1.3819635264735552, 54.91031929816381], [-1.3820609150570817, 54.91026315443287], [-1.3868913887999952, 54.91026315443287], [-1.3869887773835217, 54.91031929816381], [-1.3882937844027765, 54.91071230428042], [-1.3891702816545148, 54.91121759785892], [-1.3904752886737697, 54.91161060397553], [-1.3905726772572962, 54.91166674770648], [-1.3909427538746968, 54.91205975382309], [-1.3910401424582233, 54.91211589755403], [-1.391410219075624, 54.91250890367064], [-1.3915076076591504, 54.912565047401586], [-1.391877684276551, 54.913856353213305], [-1.3919750728600775, 54.91391249694425], [-1.3923451494774781, 54.91610210245108], [-1.3924425380610046, 54.91615824618202], [-1.3928126146784052, 54.91655125229863], [-1.3929100032619317, 54.916607396029576], [-1.3932216467292164, 54.91705654587713], [-1.3945266537484713, 54.91744955199374], [-1.3946240423319978, 54.917505695724685], [-1.3967665911695804, 54.917505695724685], [-1.3968639797531068, 54.91744955199374], [-1.399103917174216, 54.91705654587713], [-1.3992013057577424, 54.917000402146186], [-1.3995129492250271, 54.917000402146186], [-1.3996687709586695, 54.917011630892375], [-1.3997466818254907, 54.91705654587713], [-1.3995908600918483, 54.91714637584664], [-1.3995908600918483, 54.91723620581615], [-1.399435038358206, 54.91732603578566], [-1.399435038358206, 54.917415865755174], [-1.3995129492250271, 54.91746078073993], [-1.3996687709586695, 54.91746078073993], [-1.3997466818254907, 54.917505695724685], [-1.3997466818254907, 54.917595525694196], [-1.3999804144259542, 54.91773027064846], [-1.4001362361595966, 54.91773027064846], [-1.4002141470264178, 54.91777518563322], [-1.4002141470264178, 54.91804467554175], [-1.4000583252927754, 54.91813450551126], [-1.4000583252927754, 54.91822433548077], [-1.3999804144259542, 54.91826925046553], [-1.3996687709586695, 54.91826925046553], [-1.3995129492250271, 54.91835908043504], [-1.3992013057577424, 54.91835908043504], [-1.3988896622904576, 54.91817942049602], [-1.3982663753558882, 54.91817942049602], [-1.398188464489067, 54.91822433548077], [-1.3982663753558882, 54.91826925046553], [-1.398578018823173, 54.91826925046553], [-1.398655929689994, 54.91831416545028], [-1.398655929689994, 54.918493825389305], [-1.3988896622904576, 54.91862857034357], [-1.3990454840241, 54.91862857034357], [-1.3991233948909212, 54.91867348532833], [-1.3991233948909212, 54.91894297523686], [-1.3987338405568153, 54.91916755016064], [-1.398578018823173, 54.919077720191126], [-1.3984221970895305, 54.91916755016064], [-1.3982663753558882, 54.91916755016064], [-1.398188464489067, 54.91921246514539], [-1.398188464489067, 54.919392125084414], [-1.3982663753558882, 54.91943704006917], [-1.3984221970895305, 54.91943704006917], [-1.398655929689994, 54.919571785023436], [-1.3984221970895305, 54.9197065299777], [-1.397798910154961, 54.9197065299777], [-1.3976430884213187, 54.91961670000819], [-1.3974872666876763, 54.9197065299777], [-1.397331444954034, 54.9197065299777], [-1.3971756232203916, 54.91979635994721], [-1.3970198014867492, 54.91979635994721], [-1.3968639797531068, 54.9197065299777], [-1.3967081580194645, 54.91979635994721], [-1.396552336285822, 54.91979635994721], [-1.396474425419001, 54.91984127493197], [-1.396474425419001, 54.92002093487099], [-1.3962406928185374, 54.92015567982526], [-1.3959290493512526, 54.92015567982526], [-1.395695316750789, 54.92002093487099], [-1.395695316750789, 54.91993110490148], [-1.3956174058839679, 54.919886189916724], [-1.3954615841503255, 54.919886189916724], [-1.395227851549862, 54.91975144496246], [-1.395227851549862, 54.919392125084414], [-1.3951499406830408, 54.91934721009966], [-1.3946824754821137, 54.91934721009966], [-1.3946045646152925, 54.919392125084414], [-1.3946824754821137, 54.91943704006917], [-1.3949941189493984, 54.91943704006917], [-1.3950720298162196, 54.919481955053925], [-1.3950720298162196, 54.91966161499295], [-1.394838297215756, 54.91979635994721], [-1.3946824754821137, 54.9197065299777], [-1.3945266537484713, 54.9197065299777], [-1.39444874288165, 54.91975144496246], [-1.39444874288165, 54.91984127493197], [-1.3946045646152925, 54.91993110490148], [-1.3946045646152925, 54.92002093487099], [-1.3946824754821137, 54.920065849855746], [-1.3951499406830408, 54.920065849855746], [-1.395227851549862, 54.9201107648405], [-1.395227851549862, 54.92073957462708], [-1.3949941189493984, 54.920874319581344], [-1.394838297215756, 54.920874319581344], [-1.3946824754821137, 54.92078448961183], [-1.394370832014829, 54.92078448961183], [-1.3942929211480077, 54.92082940459659], [-1.3945266537484713, 54.920964149550855], [-1.3949941189493984, 54.920964149550855], [-1.3951499406830408, 54.921053979520366], [-1.3954615841503255, 54.921053979520366], [-1.395695316750789, 54.92118872447463], [-1.395695316750789, 54.92127855444414], [-1.3954615841503255, 54.92141329939841], [-1.3949941189493984, 54.92141329939841], [-1.394838297215756, 54.92150312936792], [-1.3937475450802594, 54.92150312936792], [-1.3936696342134383, 54.921548044352676], [-1.3939033668139018, 54.92168278930694], [-1.3942150102811866, 54.92168278930694], [-1.394370832014829, 54.92177261927645], [-1.3945266537484713, 54.92177261927645], [-1.3946045646152925, 54.92181753426121], [-1.3946045646152925, 54.92190736423072], [-1.3945266537484713, 54.921952279215475], [-1.394370832014829, 54.921862449245964], [-1.3942150102811866, 54.921952279215475], [-1.3940591885475442, 54.921952279215475], [-1.3939033668139018, 54.922042109184986], [-1.393591723346617, 54.922042109184986], [-1.3934359016129747, 54.921952279215475], [-1.3932800798793323, 54.921952279215475], [-1.39312425814569, 54.921862449245964], [-1.3928126146784052, 54.921862449245964], [-1.3925788820779417, 54.9217277042917], [-1.3925788820779417, 54.921548044352676], [-1.3925009712111205, 54.92150312936792], [-1.3923451494774781, 54.92150312936792], [-1.3921893277438357, 54.92159295933743], [-1.391877684276551, 54.92159295933743], [-1.3916439516760875, 54.921458214383165], [-1.3916439516760875, 54.92127855444414], [-1.3917997734097298, 54.92118872447463], [-1.3917997734097298, 54.92109889450512], [-1.3917218625429086, 54.921053979520366], [-1.391410219075624, 54.921053979520366], [-1.3913323082088027, 54.92109889450512], [-1.3913323082088027, 54.92181753426121], [-1.3912543973419815, 54.921862449245964], [-1.3910985756083392, 54.921862449245964], [-1.3909427538746968, 54.921952279215475], [-1.390631110407412, 54.921952279215475], [-1.3905531995405909, 54.92199719420023], [-1.3905531995405909, 54.92208702416974], [-1.3907090212742332, 54.92217685413925], [-1.3907090212742332, 54.92226668410876], [-1.3908648430078756, 54.922356514078274], [-1.3907090212742332, 54.922446344047785], [-1.3907090212742332, 54.922536174017296], [-1.3905531995405909, 54.92262600398681], [-1.3905531995405909, 54.92280566392583], [-1.3903973778069485, 54.92289549389534], [-1.3903973778069485, 54.92298532386485], [-1.3903194669401273, 54.923030238849606], [-1.390163645206485, 54.923030238849606], [-1.3899299126060214, 54.92316498380387], [-1.3899299126060214, 54.92325481377338], [-1.389774090872379, 54.923344643742894], [-1.389774090872379, 54.923434473712405], [-1.3898520017392002, 54.92347938869716], [-1.3900078234728426, 54.92347938869716], [-1.3902415560733061, 54.92361413365143], [-1.390163645206485, 54.92365904863618], [-1.3900078234728426, 54.92365904863618], [-1.3899299126060214, 54.92370396362094], [-1.3899299126060214, 54.92379379359045], [-1.3896961800055578, 54.923928538544715], [-1.3895403582719155, 54.923928538544715], [-1.3894624474050943, 54.92388362355996], [-1.3894624474050943, 54.92370396362094], [-1.3890728930709884, 54.92347938869716], [-1.3889949822041672, 54.923524303681916], [-1.3889949822041672, 54.92361413365143], [-1.3891508039378095, 54.92370396362094], [-1.3888391604705248, 54.92388362355996], [-1.3888391604705248, 54.92397345352947], [-1.3891508039378095, 54.92415311346849], [-1.3891508039378095, 54.924242943438], [-1.388917071337346, 54.92437768839227], [-1.3887612496037036, 54.92437768839227], [-1.3886833387368824, 54.924422603377025], [-1.3887612496037036, 54.92446751836178], [-1.388917071337346, 54.92446751836178], [-1.3889949822041672, 54.924512433346536], [-1.3889949822041672, 54.92469209328556], [-1.388917071337346, 54.92473700827031], [-1.3887612496037036, 54.92473700827031], [-1.3886833387368824, 54.92469209328556], [-1.3886833387368824, 54.924512433346536], [-1.3886054278700612, 54.92446751836178], [-1.3884496061364189, 54.92446751836178], [-1.3883716952695977, 54.924512433346536], [-1.3883716952695977, 54.9250514131636], [-1.3881379626691341, 54.92518615811787], [-1.3878263192018494, 54.92518615811787], [-1.3877484083350282, 54.92514124313311], [-1.3877484083350282, 54.9250514131636], [-1.387670497468207, 54.925006498178846], [-1.3875925866013858, 54.9250514131636], [-1.3875925866013858, 54.92514124313311], [-1.3875146757345647, 54.92518615811787], [-1.3873588540009223, 54.92518615811787], [-1.3869692996668164, 54.92496158319409], [-1.3869692996668164, 54.92487175322458], [-1.386813477933174, 54.92478192325507], [-1.386813477933174, 54.924512433346536], [-1.3866576561995316, 54.924422603377025], [-1.3866576561995316, 54.924242943438], [-1.3865797453327104, 54.92419802845325], [-1.3865018344658893, 54.924242943438], [-1.3865018344658893, 54.924422603377025], [-1.3862681018654257, 54.92455734833129], [-1.385956458398141, 54.92455734833129], [-1.3857227257976774, 54.924422603377025], [-1.3858785475313198, 54.924332773407514], [-1.3858785475313198, 54.92397345352947], [-1.3858006366644986, 54.923928538544715], [-1.3843982410617173, 54.923928538544715], [-1.384320330194896, 54.92388362355996], [-1.384320330194896, 54.923524303681916], [-1.3844761519285385, 54.923434473712405], [-1.3844761519285385, 54.92325481377338], [-1.3846319736621808, 54.92316498380387], [-1.3846319736621808, 54.92307515383436], [-1.3845540627953596, 54.923030238849606], [-1.384242419328075, 54.92320989878863], [-1.3839307758607902, 54.92320989878863], [-1.3836970432603266, 54.92307515383436], [-1.3836970432603266, 54.92280566392583], [-1.3839307758607902, 54.92267091897156], [-1.3840865975944325, 54.92267091897156], [-1.3841645084612537, 54.92262600398681], [-1.3841645084612537, 54.922536174017296], [-1.3840086867276113, 54.922446344047785], [-1.3840086867276113, 54.922356514078274], [-1.383852864993969, 54.92226668410876], [-1.383852864993969, 54.92208702416974], [-1.3836191323935054, 54.921952279215475], [-1.3835412215266842, 54.92199719420023], [-1.3835412215266842, 54.92208702416974], [-1.3833853997930419, 54.92217685413925], [-1.3833853997930419, 54.92226668410876], [-1.383463310659863, 54.92231159909352], [-1.3836191323935054, 54.92231159909352], [-1.3836970432603266, 54.922356514078274], [-1.3836970432603266, 54.922446344047785], [-1.3836191323935054, 54.92249125903254], [-1.383463310659863, 54.92240142906303], [-1.3833074889262207, 54.92240142906303], [-1.3831516671925783, 54.92249125903254], [-1.382995845458936, 54.92249125903254], [-1.3829179345921148, 54.922536174017296], [-1.3829179345921148, 54.92262600398681], [-1.3828400237252936, 54.92267091897156], [-1.3825283802580088, 54.92267091897156], [-1.3823725585243665, 54.92276074894107], [-1.3820609150570817, 54.92276074894107], [-1.3819830041902605, 54.92280566392583], [-1.3819830041902605, 54.92289549389534], [-1.3819050933234394, 54.922940408880095], [-1.3815934498561546, 54.922940408880095], [-1.3814376281225123, 54.923030238849606], [-1.3811259846552275, 54.923030238849606], [-1.3810480737884063, 54.92307515383436], [-1.3810480737884063, 54.92325481377338], [-1.380892252054764, 54.923344643742894], [-1.380892252054764, 54.923524303681916], [-1.3809701629215851, 54.92356921866667], [-1.3812818063888699, 54.92356921866667], [-1.381359717255691, 54.92361413365143], [-1.381359717255691, 54.92379379359045], [-1.3814376281225123, 54.923838708575204], [-1.3815934498561546, 54.92374887860569], [-1.381749271589797, 54.92374887860569], [-1.3819830041902605, 54.92388362355996], [-1.3819830041902605, 54.92397345352947], [-1.3820609150570817, 54.924018368514226], [-1.382216736790724, 54.923928538544715], [-1.3825283802580088, 54.92410819848374], [-1.3826842019916512, 54.924018368514226], [-1.3828400237252936, 54.924018368514226], [-1.3829179345921148, 54.92406328349898], [-1.3829179345921148, 54.92415311346849], [-1.3828400237252936, 54.92419802845325], [-1.3826842019916512, 54.92419802845325], [-1.38260629112483, 54.924242943438], [-1.38260629112483, 54.924422603377025], [-1.3824504693911877, 54.924512433346536], [-1.3824504693911877, 54.924602263316046], [-1.3823725585243665, 54.9246471783008], [-1.382216736790724, 54.9246471783008], [-1.382138825923903, 54.924602263316046], [-1.382138825923903, 54.924332773407514], [-1.3820609150570817, 54.92428785842276], [-1.3811259846552275, 54.92428785842276], [-1.3810480737884063, 54.924332773407514], [-1.3810480737884063, 54.924512433346536], [-1.380892252054764, 54.924602263316046], [-1.3810480737884063, 54.92469209328556], [-1.3810480737884063, 54.92478192325507], [-1.3811259846552275, 54.924826838239824], [-1.3812818063888699, 54.924826838239824], [-1.381359717255691, 54.92487175322458], [-1.381359717255691, 54.92496158319409], [-1.3811259846552275, 54.925096328148356], [-1.3801910542533733, 54.925096328148356], [-1.380113143386552, 54.9250514131636], [-1.380113143386552, 54.92496158319409], [-1.3801910542533733, 54.924916668209335], [-1.380502697720658, 54.924916668209335], [-1.3805806085874792, 54.92487175322458], [-1.3804247868538368, 54.92478192325507], [-1.3804247868538368, 54.92469209328556], [-1.380113143386552, 54.924512433346536], [-1.380113143386552, 54.924242943438], [-1.380035232519731, 54.92419802845325], [-1.3798014999192674, 54.924332773407514], [-1.3799573216529097, 54.924422603377025], [-1.3799573216529097, 54.924602263316046], [-1.3798794107860886, 54.9246471783008], [-1.3795677673188038, 54.9246471783008], [-1.3794898564519826, 54.924602263316046], [-1.3794898564519826, 54.924422603377025], [-1.379645678185625, 54.924332773407514], [-1.379645678185625, 54.924242943438], [-1.3797235890524462, 54.92419802845325], [-1.3798794107860886, 54.92419802845325], [-1.3799573216529097, 54.92415311346849], [-1.3798794107860886, 54.92410819848374], [-1.3797235890524462, 54.92410819848374], [-1.3795677673188038, 54.924018368514226], [-1.3794119455851614, 54.924018368514226], [-1.3790223912510555, 54.92379379359045], [-1.3790223912510555, 54.92370396362094], [-1.379178212984698, 54.92361413365143], [-1.379178212984698, 54.923524303681916], [-1.3791003021178767, 54.92347938869716], [-1.378788658650592, 54.92347938869716], [-1.3785549260501284, 54.923344643742894], [-1.3785549260501284, 54.92316498380387], [-1.3784770151833072, 54.92312006881912], [-1.378399104316486, 54.92316498380387], [-1.378399104316486, 54.923344643742894], [-1.3781653717160225, 54.92347938869716], [-1.3780095499823801, 54.92347938869716], [-1.3778537282487378, 54.92356921866667], [-1.3773862630478106, 54.92356921866667], [-1.3772304413141683, 54.92347938869716], [-1.377074619580526, 54.92347938869716], [-1.3769967087137047, 54.923434473712405], [-1.3769967087137047, 54.923344643742894], [-1.37668506524642, 54.92316498380387], [-1.37668506524642, 54.92298532386485], [-1.3766071543795988, 54.922940408880095], [-1.3764513326459564, 54.922940408880095], [-1.376295510912314, 54.923030238849606], [-1.375828045711387, 54.923030238849606], [-1.3757501348445658, 54.92298532386485], [-1.3757501348445658, 54.92289549389534], [-1.3756722239777446, 54.922850578910584], [-1.3753605805104598, 54.922850578910584], [-1.3752826696436387, 54.92280566392583], [-1.3752826696436387, 54.922536174017296], [-1.3752047587768175, 54.92249125903254], [-1.3751268479099963, 54.922536174017296], [-1.3751268479099963, 54.92280566392583], [-1.375048937043175, 54.922850578910584], [-1.3748931153095327, 54.922850578910584], [-1.3748152044427115, 54.92289549389534], [-1.3748152044427115, 54.92298532386485], [-1.374971026176354, 54.92307515383436], [-1.374971026176354, 54.92316498380387], [-1.3747372935758904, 54.92329972875814], [-1.3744256501086056, 54.92329972875814], [-1.3743477392417844, 54.92325481377338], [-1.3743477392417844, 54.92280566392583], [-1.3742698283749633, 54.92276074894107], [-1.3739581849076785, 54.92276074894107], [-1.3738023631740361, 54.92267091897156], [-1.3736465414403938, 54.92267091897156], [-1.3734907197067514, 54.92258108900205], [-1.3727116110385396, 54.92258108900205], [-1.3725557893048972, 54.92249125903254], [-1.3722441458376125, 54.92249125903254], [-1.3721662349707913, 54.922536174017296], [-1.3721662349707913, 54.92262600398681], [-1.37208832410397, 54.92267091897156], [-1.3717766806366853, 54.92267091897156], [-1.371620858903043, 54.92276074894107], [-1.3713092154357582, 54.92258108900205], [-1.371231304568937, 54.92262600398681], [-1.371231304568937, 54.92280566392583], [-1.3711533937021159, 54.922850578910584], [-1.3709975719684735, 54.922850578910584], [-1.3708417502348311, 54.92276074894107], [-1.3705301067675464, 54.92276074894107], [-1.3702963741670828, 54.92262600398681], [-1.3702963741670828, 54.922446344047785], [-1.3706080176343676, 54.92226668410876], [-1.3706080176343676, 54.92217685413925], [-1.3705301067675464, 54.9221319391545], [-1.370374285033904, 54.92222176912401], [-1.369906819832977, 54.92222176912401], [-1.3697509980993345, 54.92231159909352], [-1.3695951763656922, 54.92231159909352], [-1.369517265498871, 54.922356514078274], [-1.3698289089661557, 54.922536174017296], [-1.3698289089661557, 54.92280566392583], [-1.3694393546320498, 54.923030238849606], [-1.3692835328984074, 54.923030238849606], [-1.3690498002979439, 54.92289549389534], [-1.3690498002979439, 54.92280566392583], [-1.3689718894311227, 54.92276074894107], [-1.3688160676974803, 54.92276074894107], [-1.3687381568306591, 54.92280566392583], [-1.3687381568306591, 54.92289549389534], [-1.368660245963838, 54.922940408880095], [-1.3685044242301956, 54.922940408880095], [-1.3684265133633744, 54.92298532386485], [-1.3685044242301956, 54.923030238849606], [-1.368660245963838, 54.923030238849606], [-1.3687381568306591, 54.92307515383436], [-1.3687381568306591, 54.92316498380387], [-1.368660245963838, 54.92320989878863], [-1.3685044242301956, 54.92320989878863], [-1.3684265133633744, 54.92316498380387], [-1.3684265133633744, 54.92307515383436], [-1.3683486024965532, 54.923030238849606], [-1.3681927807629108, 54.92312006881912], [-1.3672578503610566, 54.92312006881912], [-1.3671799394942354, 54.92307515383436], [-1.3671799394942354, 54.92280566392583], [-1.3672578503610566, 54.92276074894107], [-1.367413672094699, 54.92276074894107], [-1.3674915829615202, 54.92271583395632], [-1.3674915829615202, 54.92262600398681], [-1.3673357612278778, 54.922536174017296], [-1.3673357612278778, 54.922446344047785], [-1.3672578503610566, 54.92240142906303], [-1.3671020286274143, 54.92240142906303], [-1.367024117760593, 54.922356514078274], [-1.367024117760593, 54.92217685413925], [-1.3667124742933083, 54.92199719420023], [-1.3667124742933083, 54.92190736423072], [-1.3668682960269507, 54.92181753426121], [-1.3667903851601295, 54.92177261927645], [-1.3666345634264871, 54.92177261927645], [-1.36616709822556, 54.922042109184986], [-1.3660112764919177, 54.922042109184986], [-1.3659333656250965, 54.92208702416974], [-1.3659333656250965, 54.922356514078274], [-1.3655438112909906, 54.92258108900205], [-1.3653879895573482, 54.92258108900205], [-1.3651542569568846, 54.922446344047785], [-1.3651542569568846, 54.922356514078274], [-1.3649984352232423, 54.92226668410876], [-1.3649984352232423, 54.921368384413654], [-1.3651542569568846, 54.92127855444414], [-1.3651542569568846, 54.92118872447463], [-1.3647647026227787, 54.920964149550855], [-1.3646867917559575, 54.92100906453561], [-1.3646867917559575, 54.921458214383165], [-1.3645309700223152, 54.921548044352676], [-1.3645309700223152, 54.92163787432219], [-1.364453059155494, 54.92168278930694], [-1.3641946664241846, 54.92168278930694], [-1.36422958987008, 54.92150312936792], [-1.3642972374218516, 54.92150312936792], [-1.3643751482886728, 54.921458214383165], [-1.3642524275289956, 54.921387466857496], [-1.364387191353311, 54.92071166193275], [-1.364401499478767, 54.9206159801144], [-1.364430399478767, 54.920328080114395], [-1.364432065296281, 54.92030979832835], [-1.364448865296281, 54.92010459832835], [-1.364452161890135, 54.920014269692], [-1.364447288665275, 54.91992401238339], [-1.364434285436581, 54.919834563816494], [-1.364413258442124, 54.91974665479772], [-1.364384379475183, 54.9196610035552], [-1.364347884480675, 54.91957830987072], [-1.364072784480675, 54.91902420987072], [-1.364064057505567, 54.91900704895981], [-1.363910004349109, 54.91871119901797], [-1.363723017297988, 54.91831361254271], [-1.363664223034825, 54.918206212373555], [-1.3636449587895136, 54.91817942049602], [-1.3636739504872821, 54.91817942049602]]]]}}]}